strain	submitting_lab	originating_lab
B/Nanchang/8/1995	other_database_import	
B/Chiba/447/1998	other_database_import	
B/Nanchang/15/1997	other_database_import	
B/Nanchang/5/1997	other_database_import	
B/Nanchang/2/1997	other_database_import	
B/Nanchang/4/1997	other_database_import	
B/Sichuan/53/1996-egg	who_chinese_national_influenza_center	who_chinese_national_influenza_center
B/Guangzhou/7/1997	other_database_import	
B/Beijing/243/1997	other_database_import	
B/Henan/22/1997	other_database_import	
B/Sichuan/281/1996	other_database_import	
B/Shandong/7/1997	other_database_import	erasmus_medical_center
B/Aichi/20/1999	other_database_import	
B/Sichuan/207/1999-egg	who_chinese_national_influenza_center	who_chinese_national_influenza_center
B/Bangkok/34/1999	other_database_import	
B/Bangkok/54/1999	other_database_import	
B/Malaysia/15048/1998	other_database_import	
B/Taiwan/1484/2001	other_database_import	
B/Oman/16296/2001	other_database_import	
B/Malaysia/83077/2001	other_database_import	
B/Nanchang/3/1995	other_database_import	
B/Bangkok/SI80/2014	other_database_import	
B/Gyeongnam/204/2008	other_database_import	
B/Singapore/35/2006	centers_for_disease_control_and_prevention	
B/Pennsylvania/2/2007-egg	centers_for_disease_control_and_prevention	
B/Jordan/358/2006	centers_for_disease_control_and_prevention	
B/Kolkata/515/2006	other_database_import	
B/Kolkata/1857/2008	other_database_import	
B/Kolkata/2065/2008	other_database_import	
B/Newcastle/12/2005	other_database_import	
B/Trieste/27/2002	other_database_import	
B/Madagascar/67860/2002-egg	who_collaborating_centre_for_reference_and_research_on_influenza	crick_worldwide_influenza_centre
B/Singapore/1/2002	who_collaborating_centre_for_reference_and_research_on_influenza	singapore_general_hospital
B/Brisbane/32/2002-egg	who_collaborating_centre_for_reference_and_research_on_influenza	queensland_health_forensic_and_scientific_services_
B/Brisbane/32/2002	other_database_import	queensland_health_forensic_and_scientific_services_
B/Brisbane/28/2002-egg	who_collaborating_centre_for_reference_and_research_on_influenza	queensland_health_forensic_and_scientific_services_
B/Indonesia/8654/2002	who_collaborating_centre_for_reference_and_research_on_influenza	u.s._namru_2___indonesia
B/Malaysia/46/2002	who_collaborating_centre_for_reference_and_research_on_influenza	institut_penyelidikan_perubatan
B/Malaysia/22059/2002	who_collaborating_centre_for_reference_and_research_on_influenza	institut_penyelidikan_perubatan
B/Philippines/SA59/2002	other_database_import	
B/Yamagata/115/2003	other_database_import	
B/Israel/95/2003	other_database_import	
B/Argentina/66/2002	who_collaborating_centre_for_reference_and_research_on_influenza	who_collaborating_centre_for_reference_and_research_on_influenza
B/Christchurch/118/2002	other_database_import	
B/Iowa/3/2002-egg		seasonal_vic
B/Taiwan/2643/2002-egg	other_database_import	
B/Brisbane/52/2002	other_database_import	
B/Johannesburg/8/2002	who_collaborating_centre_for_reference_and_research_on_influenza	national_institute_for_communicable_disease
B/Sydney/202/2002	other_database_import	
B/Townsville/5/2002	other_database_import	
B/Brisbane/24/2002-egg	other_database_import	
B/Brisbane/27/2002-egg	other_database_import	
B/Brisbane/26/2002-egg	who_collaborating_centre_for_reference_and_research_on_influenza	queensland_health_forensic_and_scientific_services_
B/Brisbane/4/2002	other_database_import	
B/Brisbane/8/2002	other_database_import	
B/Brisbane/30/2002-egg	other_database_import	
B/Brisbane/25/2002-egg	other_database_import	
B/Bangkok/62/2002	who_collaborating_centre_for_reference_and_research_on_influenza	who_national_influenza_centre,_national_institute_of_medical_research_(nimr)
B/Thailand/SA7/2002	other_database_import	
B/Houston/B75/2002	other_database_import	
B/Thailand/SA32/2002	other_database_import	
B/Bangkok/217/2002	who_collaborating_centre_for_reference_and_research_on_influenza	who_national_influenza_centre,_national_institute_of_medical_research_(nimr)
B/Chanthaburi/328/2002	who_collaborating_centre_for_reference_and_research_on_influenza	who_national_influenza_centre,_national_institute_of_medical_research_(nimr)
B/Thailand/SA1/2002	other_database_import	
B/Taiwan/3246/2002-egg	other_database_import	
B/NewYork/1/2002	other_database_import	
B/Auckland/35/2002	other_database_import	
B/LosAngeles/1/2002	other_database_import	
B/NewYork/1053/2002	other_database_import	
B/Houston/B70/2002	other_database_import	
B/NewYork/1051/2002	other_database_import	
B/NewYork/1049/2002	other_database_import	
B/Maryland/1/2002	other_database_import	
B/Dunedin/1/2002	other_database_import	
B/Wellington/2/2002	other_database_import	
B/Christchurch/111/2002	other_database_import	
B/Philippines/SA65/2002	other_database_import	
B/Philippines/SA46/2002	other_database_import	
B/Philippines/SA51/2002	other_database_import	
B/Philippines/SA47/2002	other_database_import	
B/Tehran/80/2002	other_database_import	
B/Barcelona/215/2003	other_database_import	
B/Finland/227/2003	other_database_import	
B/Netherlands/138/2003	erasmus_medical_center	erasmus_medical_center
B/Rome/3/2003	other_database_import	
B/Genoa/2059/2003	other_database_import	
B/Netherlands/1/2003	erasmus_medical_center	erasmus_medical_center
B/Parma/1/2003	other_database_import	
B/Perugia/4/2003	other_database_import	
B/Victoria/149/2002	other_database_import	
B/Finland/235/2003	other_database_import	
B/Finland/220/2003	other_database_import	
B/Moscow/3/2003	other_database_import	
B/Finland/244/2003	other_database_import	
B/Finland/204/2003	other_database_import	
B/Victoria/133/2002	other_database_import	
B/Sydney/45/2002	other_database_import	
B/Sydney/204/2002	other_database_import	
B/Sydney/203/2002	other_database_import	
B/Victoria/127/2002	other_database_import	
B/Sydney/64/2002	other_database_import	
B/Texas/3/2006	other_database_import	
B/Nepal/1106/2005	other_database_import	
B/Houston/B77/2002	other_database_import	
B/Houston/B74/2002	other_database_import	
B/Houston/B71/2002	other_database_import	
B/Waikato/1/2002	who_collaborating_centre_for_reference_and_research_on_influenza	institute_of_environmental_science_and_research_(esr)
B/Christchurch/136/2002	who_collaborating_centre_for_reference_and_research_on_influenza	canterbury_health_services
B/Taiwan/76/2003	other_database_import	
B/Taiwan/937/2003	other_database_import	
B/Houston/B88/2003	other_database_import	
B/Hawaii/NHRC0001/2003	other_database_import	
B/Victoria/500/2002	other_database_import	
B/NewYork/1050/2002	other_database_import	
B/HongKong/1351/2002	other_database_import	centers_for_disease_control_and_prevention
B/Hunan-Lusong/1459/2006	who_chinese_national_influenza_center	who_chinese_national_influenza_center
B/Jeju/303/2003	other_database_import	
B/HongKong/553a/2003	other_database_import	
B/Singapore/505/2010	who_collaborating_centre_for_reference_and_research_on_influenza	ministry_of_health,_singapore
B/Philippines/6075/2009	who_collaborating_centre_for_reference_and_research_on_influenza	research_institute_of_tropical_medicine
B/Philippines/6363/2009	who_collaborating_centre_for_reference_and_research_on_influenza	research_institute_of_tropical_medicine
B/Nongkhai/332/2009	who_collaborating_centre_for_reference_and_research_on_influenza	who_national_influenza_centre,_national_institute_of_medical_research_(nimr)
B/Singapore/19/2009	centers_for_disease_control_and_prevention	singapore_general_hospital
B/Singapore/616/2008	who_collaborating_centre_for_reference_and_research_on_influenza	singapore_general_hospital
B/HongKong/235/2009	national_institute_for_medical_research	government_virus_unit
B/Singapore/616/2008-egg	who_collaborating_centre_for_reference_and_research_on_influenza	singapore_general_hospital
B/Malaysia/947/2009	who_collaborating_centre_for_reference_and_research_on_influenza	institut_penyelidikan_perubatan
B/Singapore/DSO_0100/2009	other_database_import	
B/Songkhla/164/2010	who_collaborating_centre_for_reference_and_research_on_influenza	who_national_influenza_centre,_national_institute_of_medical_research_(nimr)
B/Thailand/CU-B2390/2010	other_database_import	
B/Songkhla/236/2010	who_collaborating_centre_for_reference_and_research_on_influenza	who_national_influenza_centre,_national_institute_of_medical_research_(nimr)
B/Vietnam/132/2009	centers_for_disease_control_and_prevention	national_institute_of_hygiene_and_epidemiology
B/Vietnam/244/2009	centers_for_disease_control_and_prevention	national_institute_of_hygiene_and_epidemiology
B/Singapore/DSO_0005/2009	other_database_import	
B/Singapore/DSO_0070/2009	other_database_import	
B/Singapore/DSO_0003/2009	other_database_import	
B/Lao/225/2009	centers_for_disease_control_and_prevention	national_center_for_laboratory_and_epidemiology
B/Vietnam/101/2010	centers_for_disease_control_and_prevention	national_institute_of_hygiene_and_epidemiology
B/Vietnam/532/2009	centers_for_disease_control_and_prevention	national_institute_of_hygiene_and_epidemiology
B/Saskatchewan/RV3845/2010	centers_for_disease_control_and_prevention	national_microbiology_laboratory,_health_canada
B/Vietnam/66/2011	centers_for_disease_control_and_prevention	national_institute_of_hygiene_and_epidemiology
B/Hanoi/EL467/2011	who_collaborating_centre_for_reference_and_research_on_influenza	national_institute_of_hygiene_and_epidemiology
B/Kumamoto/4/2010	national_institute_of_infectious_diseases_(niid)	kumamoto_prefectural_institute_of_public_health_and_environmental_science
B/Vietnam/85/2011	centers_for_disease_control_and_prevention	national_institute_of_hygiene_and_epidemiology
B/Taiwan/318/2011-egg		seasonal_vic
B/Cambodia/2/2011	who_collaborating_centre_for_reference_and_research_on_influenza	institute_pasteur_du_cambodia
B/Kumamoto-C/30/2011	national_institute_of_infectious_diseases_(niid)	kumamoto_city_environmental__research_center
B/Cambodia/7/2011	who_collaborating_centre_for_reference_and_research_on_influenza	institute_pasteur_du_cambodia
B/Cambodia/1412/2011-egg	centers_for_disease_control_and_prevention	national_public_health_laboratory
B/Cambodia/1412/2011	centers_for_disease_control_and_prevention	national_public_health_laboratory
B/Nepal/1090/2005	other_database_import	
B/Nepal/1092/2005	other_database_import	
B/Nepal/1087/2005	other_database_import	
B/Malaysia/29570/2004	other_database_import	
B/Wellington/18/2005	other_database_import	
B/Townsville/8/2005	other_database_import	
B/Victoria/514/2005	other_database_import	
B/HongKong/809/2006	centers_for_disease_control_and_prevention	
B/Auckland/126/2005	other_database_import	
B/Wellington/94/2005	other_database_import	
B/Nepal/1114/2005	other_database_import	
B/Malaysia/20/2004	who_collaborating_centre_for_reference_and_research_on_influenza	institut_penyelidikan_perubatan
B/Malaysia/1523/2004	who_collaborating_centre_for_reference_and_research_on_influenza	institut_penyelidikan_perubatan
B/Taiwan/70/2005	other_database_import	
B/Malaysia/30589/2005	other_database_import	
B/Wenzhou/166/2005	zhejiang_provincial_center_for_disease_control_and_prevention	zhejiang_provincial_center_for_disease_control_and_prevention
B/Guangxi-Binyang/21/2006	who_chinese_national_influenza_center	who_chinese_national_influenza_center
B/Taiwan/103/2005	other_database_import	
B/Malaysia/30474/2004	other_database_import	
B/Hawaii/3/2007-egg	centers_for_disease_control_and_prevention	
B/Malaysia/30238/2004	other_database_import	
B/Malaysia/30743/2005	other_database_import	
B/Malaysia/31529/2005	other_database_import	
B/HongKong/310/2004	other_database_import	
B/Malaysia/30552/2004	other_database_import	
B/HongKong/310/2004-egg		seasonal_vic
B/Malaysia/31752/2005	other_database_import	
B/Malaysia/2276/2004	who_collaborating_centre_for_reference_and_research_on_influenza	institut_penyelidikan_perubatan
B/Indonesia/6920/2005	who_collaborating_centre_for_reference_and_research_on_influenza	ministry_of_health,_nihrd
B/Singapore/18/2004	who_collaborating_centre_for_reference_and_research_on_influenza	singapore_general_hospital
B/Nepal/1136/2005	other_database_import	
B/Nepal/1139/2005	other_database_import	
B/Nepal/1122/2005	other_database_import	
B/Nepal/1132/2005	other_database_import	
B/Malaysia/2506/2004-egg	other_database_import	
B/Nepal/1079/2005	other_database_import	
B/Nepal/1101/2005	other_database_import	
B/Nepal/1103/2005	other_database_import	
B/Nepal/1080/2005	other_database_import	
B/Nepal/1078/2005	other_database_import	
B/Nepal/1131/2005	other_database_import	
B/Nepal/1104/2005	other_database_import	
B/Nepal/1118/2005	other_database_import	
B/Nepal/1108/2005	other_database_import	
B/Nepal/1088/2005	other_database_import	
B/Nepal/1137/2005	other_database_import	
B/Nepal/1331/2005-egg		seasonal_vic
B/Nepal/1331/2005	other_database_import	
B/Taiwan/642/2005	other_database_import	
B/Taiwan/70878/2005	other_database_import	
B/Taiwan/2170/2004	other_database_import	
B/Taiwan/74/2004	other_database_import	
B/Taiwan/417/2005-egg	other_database_import	
B/Taiwan/417/2005	other_database_import	
B/Taiwan/72266/2004	other_database_import	
B/Brisbane/60/2005	other_database_import	
B/Guangxi-Xinning/4/2006	who_chinese_national_influenza_center	who_chinese_national_influenza_center
B/Taiwan/117/2005	other_database_import	
B/Taiwan/70949/2005	other_database_import	
B/Taiwan/70149/2005	other_database_import	
B/Taiwan/872/2005	other_database_import	
B/Taiwan/597/2005	other_database_import	
B/Taiwan/523/2005	other_database_import	
B/Taiwan/39/2004	other_database_import	
B/Taiwan/90680/2005	other_database_import	
B/Taiwan/70007/2005	other_database_import	
B/Taiwan/166/2005	other_database_import	
B/Taiwan/70061/2006	other_database_import	
B/Taiwan/219/2005	other_database_import	
B/Taiwan/94/2005	other_database_import	
B/Taiwan/204/2005	other_database_import	
B/India/33242/2006	centers_for_disease_control_and_prevention	
B/Jordan/359/2006	centers_for_disease_control_and_prevention	
B/India/33215/2006	centers_for_disease_control_and_prevention	
B/India/1487/2008	centers_for_disease_control_and_prevention	
B/India/6613/2010	centers_for_disease_control_and_prevention	national_institute_of_virology
B/Malaysia/33951/2006	other_database_import	
B/Malaysia/174/2006	who_collaborating_centre_for_reference_and_research_on_influenza	institut_penyelidikan_perubatan
B/Malaysia/172/2006	who_collaborating_centre_for_reference_and_research_on_influenza	institut_penyelidikan_perubatan
B/Malaysia/33937/2006	other_database_import	
B/Taiwan/2219/2006	other_database_import	
B/Wenzhou/226/2006	zhejiang_provincial_center_for_disease_control_and_prevention	zhejiang_provincial_center_for_disease_control_and_prevention
B/Taiwan/44/2006	other_database_import	
B/Malaysia/33772/2005	other_database_import	
B/Malaysia/34094/2006	other_database_import	
B/Malaysia/33922/2006	other_database_import	
B/Malaysia/34079/2006	other_database_import	
B/Malaysia/33271/2005	other_database_import	
B/Malaysia/33021/2005	other_database_import	
B/Malaysia/1723975/2007	other_database_import	
B/Malaysia/137/2006	who_collaborating_centre_for_reference_and_research_on_influenza	institut_penyelidikan_perubatan
B/Malaysia/33808/2006	other_database_import	
B/Taiwan/70690/2006	other_database_import	
B/TianjinJinnan/174/2007	centers_for_disease_control_and_prevention	
B/Chita/3/2008	centers_for_disease_control_and_prevention	
B/Fujian/Gulou1272/2008-egg	centers_for_disease_control_and_prevention	
B/Jilin-Chaoyang/1126/2007	who_chinese_national_influenza_center	who_chinese_national_influenza_center
B/Myanmar/M022/2007	niigata_university	
B/Hubei/Songzi33/2007	centers_for_disease_control_and_prevention	
B/HubeiWujiagang/1172/2006-egg	centers_for_disease_control_and_prevention	
B/Thailand/762/2007	centers_for_disease_control_and_prevention	
B/Yunnan/Malipo32/2006	centers_for_disease_control_and_prevention	
B/Hubei/Jiangan180/2007	centers_for_disease_control_and_prevention	
B/Yunnan/Yingjiang31/2006	centers_for_disease_control_and_prevention	
B/JiangxiYuanzhou/13/2008-egg	centers_for_disease_control_and_prevention	
B/HubeiJiangan/1121/2008-egg	centers_for_disease_control_and_prevention	
B/Taiwan/740/2007	centers_for_disease_control_and_prevention	
B/JiangxiDonghu/1792/2007-egg	centers_for_disease_control_and_prevention	
B/Jiangxi/Donghu13/2008-egg	centers_for_disease_control_and_prevention	
B/Jiangxi/Donghu13/2008	centers_for_disease_control_and_prevention	
B/ShaanxiWeicheng/159/2007	centers_for_disease_control_and_prevention	
B/Guangdong/150/2011	other_database_import	
B/Guangdong/136/2011	other_database_import	
B/HongKong/750/2008	centers_for_disease_control_and_prevention	
B/HongKong/1265/2008	centers_for_disease_control_and_prevention	
B/Tianjin/Nankai194/2007	centers_for_disease_control_and_prevention	
B/Taiwan/48/2008	who_collaborating_centre_for_reference_and_research_on_influenza	center_for_disease_control
B/HubeiJiangan/1105/2008	centers_for_disease_control_and_prevention	
B/Hubei-jiangan/162/2009	national_institute_of_infectious_diseases_(niid)	
B/Moscow/25/2008	centers_for_disease_control_and_prevention	
B/HubeiJiangan/1183/2009	centers_for_disease_control_and_prevention	who_chinese_national_influenza_center
B/Guangdong/GZ088/2009	other_database_import	
B/Guangdong/GZ078/2009	other_database_import	
B/Guangdong/GZ067/2009	other_database_import	
B/JiangxiDonghu/1120/2009-egg		seasonal_vic
B/Guangdong/GZ116/2009	other_database_import	
B/TianjinNinghe/32/2008	centers_for_disease_control_and_prevention	
B/Tianjin-Nankai/1224/2007	who_chinese_national_influenza_center	who_chinese_national_influenza_center
B/Gansu/Chengguan1253/2008	centers_for_disease_control_and_prevention	
B/HongKong/230/2009-egg	centers_for_disease_control_and_prevention	government_virus_unit
B/HongKong/230/2009	centers_for_disease_control_and_prevention	government_virus_unit
B/Fujian/Siming1173/2007	centers_for_disease_control_and_prevention	
B/ShaanxiBeilin/1453/2006	centers_for_disease_control_and_prevention	
B/ShanxiTaigu/15/2008	centers_for_disease_control_and_prevention	
B/Jilin/Chaoyang1245/2007	centers_for_disease_control_and_prevention	
B/JilinChaoyang/1156/2007-egg	centers_for_disease_control_and_prevention	
B/Jilin/Chaoyang1242/2007	centers_for_disease_control_and_prevention	
B/Sydney/3/2009	who_collaborating_centre_for_reference_and_research_on_influenza	clinical_virology_unit,_cdim
B/HubeiXiling/35/2009-egg	centers_for_disease_control_and_prevention	who_chinese_national_influenza_center
B/Hubei-xiling/37/2009-egg		seasonal_vic
B/Guangdong/GZ090/2009	other_database_import	
B/Guangdong/GZ059/2009	other_database_import	
B/HubeiSongzi/326/2008	centers_for_disease_control_and_prevention	
B/JiangxiXiushui/312/2009-egg		seasonal_vic
B/Hubei/Songzi51/2008	centers_for_disease_control_and_prevention	
B/YunnanMengzi/1483/2008	centers_for_disease_control_and_prevention	
B/Yunnan-mengzi/1479/2008	national_institute_of_infectious_diseases_(niid)	
B/Yunnan-mengzi/1490/2008	national_institute_of_infectious_diseases_(niid)	
B/Yunnan-Mengzi/1491/2008	centers_for_disease_control_and_prevention	
B/Gyeonggi/82/2010	other_database_import	
B/Wakayama/41/2010	national_institute_of_infectious_diseases_(niid)	wakayama_prefectural_research_center_of_environment_and_public_health
B/Irkutsk/2/2010	national_institute_for_medical_research	russian_academy_of_medical_sciences
B/Ulaanbaatar/954/2010	national_institute_of_infectious_diseases_(niid)	national_center_for_communicable_diseases
B/Ulaanbaatar/956/2010	national_institute_of_infectious_diseases_(niid)	national_center_for_communicable_diseases
B/Guangdong/162/2011	other_database_import	
B/Fujian-Gulou/1168/2012-egg	who_chinese_national_influenza_center	who_chinese_national_influenza_center
B/Guangdong-Luohu/1351/2011-egg	centers_for_disease_control_and_prevention	who_chinese_national_influenza_center
B/JiangxiDonghu/1260/2011-egg		seasonal_vic
B/Austria/69/2012	medical_university_vienna	department_of_virology,_medical_university_vienna
B/Fujian-Gulou/1112/2012-egg	who_chinese_national_influenza_center	who_chinese_national_influenza_center
B/Macau/200181/2012	who_collaborating_centre_for_reference_and_research_on_influenza	laboratorio_de_saude_publico
B/Jiangsu-Pingjiang/1603/2011	centers_for_disease_control_and_prevention	who_chinese_national_influenza_center
B/Macau/200200/2012	who_collaborating_centre_for_reference_and_research_on_influenza	laboratorio_de_saude_publico
B/Hebei-Cixian/183/2012	who_chinese_national_influenza_center	who_chinese_national_influenza_center
B/Hunan-Suxian/56/2011-egg	who_chinese_national_influenza_center	who_chinese_national_influenza_center
B/Liaoning-Xishi/1135/2012	who_chinese_national_influenza_center	who_chinese_national_influenza_center
B/Shanghai-Jingan/1392/2011-egg	centers_for_disease_control_and_prevention	who_chinese_national_influenza_center
B/JiangxiDonghu/156/2012-egg		seasonal_vic
B/JiangxiDonghu/1363/2011-egg		seasonal_vic
B/Jiangxi-Donghu/1413/2011-egg		seasonal_vic
B/Madagascar/1706/2012	crick_worldwide_influenza_centre	institut_pasteur_de_madagascar
B/Shanghai-Songjiang/1204/2011-egg	who_chinese_national_influenza_center	who_chinese_national_influenza_center
B/Jiangxi-Donghu/1413/2011	who_chinese_national_influenza_center	who_chinese_national_influenza_center
B/StPetersburg/44/2012-egg	centers_for_disease_control_and_prevention	russian_academy_of_medical_sciences
B/StPetersburg/RII44/2012	other_database_import	
B/Beijing/FL94/2012	other_database_import	
B/Chongqing-Yuzhong/1651/2011-egg	centers_for_disease_control_and_prevention	who_chinese_national_influenza_center
B/Jiangsu-Chongchuan/11052/2013-egg	centers_for_disease_control_and_prevention	who_chinese_national_influenza_center
B/Shizuoka/111/2013	national_institute_of_infectious_diseases_(niid)	shizuoka_institute_of_environment_and_hygiene
B/Lao/O040/2012	national_institute_of_infectious_diseases_(niid)	ministry_of_health_laos
B/Lao/I038/2013	national_institute_of_infectious_diseases_(niid)	ministry_of_health_laos
B/StPetersburg/24C2/2012	crick_worldwide_influenza_centre	who_national_influenza_centre_russian_federation
B/StPetersburg/27/2012	national_institute_for_medical_research	who_national_influenza_centre_russian_federation
B/Anhui-Baohe/1421/2011	centers_for_disease_control_and_prevention	who_chinese_national_influenza_center
B/ChongqingYuzhong/1342/2010-egg	centers_for_disease_control_and_prevention	who_chinese_national_influenza_center
B/Chongqing-Yuzhong/1384/2010-egg	centers_for_disease_control_and_prevention	who_chinese_national_influenza_center
B/JiangxiDonghu/1515/2010-egg		seasonal_vic
B/Hubei-Fancheng/2277/2011	centers_for_disease_control_and_prevention	who_chinese_national_influenza_center
B/Guangdong/165/2011	other_database_import	
B/Shanghai-Xuhui/1374/2011-egg	who_chinese_national_influenza_center	who_chinese_national_influenza_center
B/Shanghai-Songjiang/176/2011-egg	who_chinese_national_influenza_center	who_chinese_national_influenza_center
B/Shanghai-Songjiang/176/2011	who_chinese_national_influenza_center	who_chinese_national_influenza_center
B/Hunan-Hecheng/1104/2011	who_chinese_national_influenza_center	who_chinese_national_influenza_center
B/Jiangxi-Donghu/1439/2011	who_chinese_national_influenza_center	who_chinese_national_influenza_center
B/Hubei-Fancheng/33/2011	who_chinese_national_influenza_center	who_chinese_national_influenza_center
B/Shanghai-Luwan/1135/2011-egg	who_chinese_national_influenza_center	who_chinese_national_influenza_center
B/Jiangsu-Canglang/1132/2012-egg	centers_for_disease_control_and_prevention	who_chinese_national_influenza_center
B/Shaanxi-Weibin/192/2012	who_chinese_national_influenza_center	who_chinese_national_influenza_center
B/Beijing-Chaoyang/1147/2012	centers_for_disease_control_and_prevention	who_chinese_national_influenza_center
B/Hubei-Jiangan/12/2012	centers_for_disease_control_and_prevention	who_chinese_national_influenza_center
B/Hunan-Lusong/1609/2011	who_chinese_national_influenza_center	who_chinese_national_influenza_center
B/Beijing/FL92/2013	other_database_import	
B/HongKong/3514/2012	national_institute_for_medical_research	public_health_laboratory_services_branch,_centre_for_health_protection
B/HubeiWujiagang/154/2012-egg	who_chinese_national_influenza_center	who_chinese_national_influenza_center
B/NewHampshire/4/2012	centers_for_disease_control_and_prevention	new_hampshire_public_health_laboratories
B/HongKong/3534/2012	crick_worldwide_influenza_centre	public_health_laboratory_services_branch,_centre_for_health_protection
B/Guangdong-Yuncheng/1147/2012-egg	who_chinese_national_influenza_center	who_chinese_national_influenza_center
B/Macau/600042/2012	who_collaborating_centre_for_reference_and_research_on_influenza	laboratorio_de_saude_publico
B/Macau/200143/2012	who_collaborating_centre_for_reference_and_research_on_influenza	laboratorio_de_saude_publico
B/Guangdong/159/2011	other_database_import	
B/HongKong/591/2011-egg	national_institute_for_medical_research	government_virus_unit
B/HongKong/591/2011	crick_worldwide_influenza_centre	government_virus_unit
B/HongKong/3496/2012	crick_worldwide_influenza_centre	government_virus_unit
B/NewYork/1366/2012	other_database_import	
B/Guangdong-Huicheng/1255/2011	centers_for_disease_control_and_prevention	who_chinese_national_influenza_center
B/Guangdong/135/2011	other_database_import	
B/Guangdong/152/2011	other_database_import	
B/Fujian-Gulou/1107/2012-egg	who_chinese_national_influenza_center	who_chinese_national_influenza_center
B/Heilongjiang-Aihui/1234/2016-egg	who_chinese_national_influenza_center	who_chinese_national_influenza_center
B/Genoa/1603/2003	other_database_import	
B/HongKong/1351/2002-egg	who_collaborating_centre_for_reference_and_research_on_influenza	centers_for_disease_control_and_prevention
B/Paraguay/636/2003	other_database_import	
B/Auckland/1/2003	other_database_import	
B/Taiwan/121/2005	other_database_import	
B/NewYork/1057/2003	other_database_import	
B/NewYork/1056/2003	other_database_import	
B/NewYork/1055/2003	other_database_import	
B/Geneva/5079/2003	other_database_import	
B/Finland/203/2003	other_database_import	
B/Parma/1/2004	other_database_import	
B/Parma/3/2004	other_database_import	
B/Parma/4/2004	other_database_import	
B/Parma/2/2004	other_database_import	
B/Finland/193/2003	other_database_import	
B/Finland/164/2003	other_database_import	
B/Finland/190/2003	other_database_import	
B/Finland/191/2003	other_database_import	
B/NewYork/1058/2003	other_database_import	
B/SouthCarolina/4/2003	other_database_import	
B/Houston/B84/2003	other_database_import	
B/Houston/B81/2003	other_database_import	
B/NewYork/1394/2003	other_database_import	
B/Houston/B87/2003	other_database_import	
B/Temple/B17/2003	other_database_import	
B/NewYork/1059/2003	other_database_import	
B/Parma/2/2003	other_database_import	
B/Missouri/NHRC0001/2003	other_database_import	
B/Temple/B30/2003	other_database_import	
B/Houston/B86/2003	other_database_import	
B/Netherlands/2/2006	erasmus_medical_center	erasmus_medical_center
B/Memphis/13/2003	other_database_import	
B/Temple/B19/2003	other_database_import	
B/Taiwan/61/2004	other_database_import	
B/Hawaii/11/2004-egg		seasonal_vic
B/Philippines/1506/2006	who_collaborating_centre_for_reference_and_research_on_influenza	research_institute_of_tropical_medicine
B/Hawaii/20e/2004-egg	other_database_import	
B/Hawaii/33/2004	other_database_import	
B/Hawaii/13/2004-egg		seasonal_vic
B/Hawaii/13e/2004-egg	other_database_import	
B/Taiwan/71207/2004	other_database_import	
B/Taiwan/75/2004	other_database_import	
B/Taiwan/110/2005	other_database_import	
B/Myanmar/M052/2005	niigata_university	
B/Myanmar/M020/2005	niigata_university	
B/Myanmar/M024/2005	niigata_university	
B/Myanmar/M015/2005	niigata_university	
B/California/NHRC0004/2003	other_database_import	
B/Houston/B79/2003	other_database_import	
B/NewYork/1075/2005	other_database_import	
B/Arizona/162/2005	other_database_import	
B/Arizona/146/2005	other_database_import	
B/California/NHRC0004/2006	other_database_import	
B/California/NHRC0006/2006	other_database_import	
B/Brisbane/43/2005	other_database_import	
B/Brisbane/11/2005	other_database_import	
B/Victoria/505/2005	other_database_import	monash_medical_centre
B/Victoria/308/2005	other_database_import	
B/Sydney/18/2005	other_database_import	
B/Sydney/12/2005	other_database_import	
B/Victoria/505/2005-egg	who_collaborating_centre_for_reference_and_research_on_influenza	monash_medical_centre
B/Ohio/1e/2005-egg	other_database_import	
B/Arizona/164/2005	other_database_import	
B/Arizona/163/2005	other_database_import	
B/Arizona/59/2005	other_database_import	
B/Mexico/2322/2006-egg	centers_for_disease_control_and_prevention	
B/Arizona/140/2005	other_database_import	
B/Arizona/48/2005	other_database_import	
B/Arizona/148/2005	other_database_import	
B/Victoria/307/2005	other_database_import	
B/Sydney/19/2005	other_database_import	
B/Bangladesh/7991/2006	centers_for_disease_control_and_prevention	
B/Georgia/6/2006-egg	centers_for_disease_control_and_prevention	
B/Georgia/11/2006-egg	centers_for_disease_control_and_prevention	
B/Oregon/1/2006	other_database_import	
B/FujianGulou/1532/2007	centers_for_disease_control_and_prevention	
B/Alaska/1/2008	centers_for_disease_control_and_prevention	
B/Philippines/4605/2007	who_collaborating_centre_for_reference_and_research_on_influenza	research_institute_of_tropical_medicine
B/Wellington/21/2005	who_collaborating_centre_for_reference_and_research_on_influenza	institute_of_environmental_science_and_research_(esr)
B/Netherlands/76/2006	erasmus_medical_center	erasmus_medical_center
B/Tula/3/2007	who_collaborating_centre_for_reference_and_research_on_influenza	centers_for_disease_control_and_prevention
B/Victoria/207/2007	other_database_import	
B/Victoria/210/2007	other_database_import	victorian_infectious_diseases_reference_laboratory_
B/Brisbane/7/2007	other_database_import	
B/Brisbane/20/2007	other_database_import	
B/Sydney/505/2007	other_database_import	
B/Sydney/504/2007	other_database_import	
B/Brisbane/15/2007	other_database_import	
B/Victoria/217/2007	other_database_import	
B/Sydney/300/2007	other_database_import	
B/Brisbane/10/2007	other_database_import	
B/Brisbane/11/2007	other_database_import	
B/Brisbane/22/2007	other_database_import	
B/Thailand/3622/2008	centers_for_disease_control_and_prevention	
B/Thailand/3365/2008	centers_for_disease_control_and_prevention	
B/Sabac/190/2009	national_institute_for_medical_research	institute_of_immunology_and_virology_torlak
B/Sabac/189/2009	national_institute_for_medical_research	institute_of_immunology_and_virology_torlak
B/Zrenjanin/579/2009	national_institute_for_medical_research	institute_of_immunology_and_virology_torlak
B/Sydney/27/2008	other_database_import	
B/Perth/93/2008	who_collaborating_centre_for_reference_and_research_on_influenza	pathwest_qe_ii_medical_centre
B/Alaska/1/2009	centers_for_disease_control_and_prevention	alaska_state_virology_lab
B/Alaska/9/2008	centers_for_disease_control_and_prevention	
B/Alaska/6/2008	centers_for_disease_control_and_prevention	
B/Iwate/8/2009	national_institute_of_infectious_diseases_(niid)	
B/Townsville/101/2008	other_database_import	
B/Sydney/548/2008	other_database_import	
B/Mississippi/6/2008	centers_for_disease_control_and_prevention	
B/Japan/307/2008	other_database_import	
B/Brisbane/4/2007	other_database_import	
B/Osaka/16/2007-egg	centers_for_disease_control_and_prevention	
B/Osaka/16/2007	centers_for_disease_control_and_prevention	
B/HongKong/1362/2007	centers_for_disease_control_and_prevention	
B/HongKong/83/2008	centers_for_disease_control_and_prevention	
B/HongKong/120/2008	centers_for_disease_control_and_prevention	
B/HongKong/65/2008	centers_for_disease_control_and_prevention	
B/HongKong/90/2008-egg	centers_for_disease_control_and_prevention	centers_for_disease_control_and_prevention
B/HongKong/1338/2007	centers_for_disease_control_and_prevention	
B/Guangdong/GZ072/2009	other_database_import	
B/HongKong/39/2008	centers_for_disease_control_and_prevention	
B/HongKong/1327/2007	centers_for_disease_control_and_prevention	
B/Brisbane/2/2007	other_database_import	queensland_health_scientific_services
B/Japan/367/2008	other_database_import	
B/Japan/342/2008	other_database_import	
B/Japan/321/2008	other_database_import	
B/Japan/317/2008	other_database_import	
B/Japan/354/2008	other_database_import	
B/Japan/306/2008	other_database_import	
B/Japan/345/2008	other_database_import	
B/Japan/395/2008	other_database_import	
B/Japan/336/2008	other_database_import	
B/Japan/355/2008	other_database_import	
B/Japan/344/2008	other_database_import	
B/Japan/359/2008	other_database_import	
B/Japan/350/2008	other_database_import	
B/Japan/303/2008	other_database_import	
B/Japan/298/2008	other_database_import	
B/Japan/299/2008	other_database_import	
B/Auckland/21/2005	other_database_import	
B/Otago/13/2005	other_database_import	
B/California/NHRC0001/2006	other_database_import	
B/Victoria/303/2006	other_database_import	
B/NewYork/1108/2007	other_database_import	
B/NewYork/1111/2007	other_database_import	
B/NewYork/1127/2007	other_database_import	
B/Waikato/105/2005	other_database_import	
B/NewYork/1091/2006	other_database_import	
B/Mississippi/UR06-0348/2007	other_database_import	
B/Santiago/8707/2007	centers_for_disease_control_and_prevention	
B/Bolivia/150/2007	centers_for_disease_control_and_prevention	
B/NewYork/1103/2007	other_database_import	
B/MinasGerais/114/2008	other_database_import	
B/RioGrandedoSul/47/2008	other_database_import	
B/RioGrandedoSul/55/2008	other_database_import	
B/RioGrandedoSul/157/2008	other_database_import	
B/RioGrandedoSul/347/2007	other_database_import	
B/RioGrandedoSul/44/2008	other_database_import	
B/RioGrandedoSul/161/2008	other_database_import	
B/RioGrandedoSul/56/2008	other_database_import	
B/RioGrandedoSul/48/2008	other_database_import	
B/Parana/295/2008	other_database_import	
B/SantaCatarina/150/2008	other_database_import	
B/Waikato/28/2005	who_collaborating_centre_for_reference_and_research_on_influenza	institute_of_environmental_science_and_research_(esr)
B/Texas/NHRC0001/2006	other_database_import	
B/Michigan/4/2006-egg		seasonal_vic
B/Catalonia/S427/2007	hospital_clinic	barcelona,_facultad_de_medicina
B/Catalonia/S523/2007	hospital_clinic	barcelona,_facultad_de_medicina
B/Catalonia/S522/2007	hospital_clinic	barcelona,_facultad_de_medicina
B/Parana/292/2008	other_database_import	
B/Brazil/3636/2008	centers_for_disease_control_and_prevention	
B/Minnesota/7/2008	centers_for_disease_control_and_prevention	
B/Brazil/2937/2008-egg	centers_for_disease_control_and_prevention	
B/Brazil/2937/2008	centers_for_disease_control_and_prevention	
B/Bolivia/71/2010	centers_for_disease_control_and_prevention	instituto_nacional_de_laboratoriosde_salud_(inlasa)
B/Bolivia/1500/2010	centers_for_disease_control_and_prevention	cenetrop
B/Antofagasta/15020/2010	centers_for_disease_control_and_prevention	instituto_de_salud_publica_de_chile_
B/Bolivia/1495/2010	centers_for_disease_control_and_prevention	
B/Bolivia/1470/2010-egg	centers_for_disease_control_and_prevention	cenetrop
B/Peru/8510/2010	centers_for_disease_control_and_prevention	us_namru_6
B/Bolivia/1526/2010-egg	centers_for_disease_control_and_prevention	cenetrop
B/Bolivia/1526/2010	centers_for_disease_control_and_prevention	cenetrop
B/Argentina/158/2010	centers_for_disease_control_and_prevention	national_institute_for_medical_research
B/Argentina/159/2010	centers_for_disease_control_and_prevention	instituto_nacional_de_enfermedades_infecciosas
B/Bolivia/104/2010-egg	centers_for_disease_control_and_prevention	instituto_nacional_de_laboratoriosde_salud_(inlasa)
B/Bolivia/104/2010	centers_for_disease_control_and_prevention	instituto_nacional_de_laboratoriosde_salud_(inlasa)
B/Bolivia/93/2010	centers_for_disease_control_and_prevention	instituto_nacional_de_laboratoriosde_salud_(inlasa)
B/Argentina/211/2010	centers_for_disease_control_and_prevention	instituto_nacional_de_enfermedades_infecciosas
B/Argentina/R98/2010	national_institute_for_medical_research	instituto_nacional_de_enfermedades_infecciosas
B/RioGrandedoSul/316/2008	other_database_import	
B/RioGrandedoSul/312/2008	other_database_import	
B/Brazil/4659/2008	centers_for_disease_control_and_prevention	
B/MinasGerais/117/2008	other_database_import	
B/Uruguay/35/2008-egg	centers_for_disease_control_and_prevention	
B/Uruguay/35/2008	centers_for_disease_control_and_prevention	
B/Parana/290/2008	other_database_import	
B/Uruguay/4/2008-egg	centers_for_disease_control_and_prevention	
B/Uruguay/2/2008-egg	centers_for_disease_control_and_prevention	
B/Uruguay/12/2008-egg	centers_for_disease_control_and_prevention	
B/Uruguay/12/2008	centers_for_disease_control_and_prevention	
B/DominicanRepublic/1078/2009	centers_for_disease_control_and_prevention	laboratorio_de_investigacion_/_centro_de_educacion_medica_y_amistad_dominico_japones_(cemadoja)
B/Parana/294/2008	other_database_import	
B/Florida/19/2008	centers_for_disease_control_and_prevention	
B/Maryland/6/2009	centers_for_disease_control_and_prevention	maryland_department_of_health_and_mental_hygiene
B/Florida/14/2008	centers_for_disease_control_and_prevention	
B/Oregon/3/2009-egg	centers_for_disease_control_and_prevention	laboratorio_de_investigacion_/_centro_de_educacion_medica_y_amistad_dominico_japones_(cemadoja)
B/Santiago/18086/2011	centers_for_disease_control_and_prevention	instituto_de_salud_publica_de_chile_
B/Brazil/2319/2011	centers_for_disease_control_and_prevention	instituto_adolfo_lutz
B/Ohio/2/2009	centers_for_disease_control_and_prevention	ohio_department_of_health_laboratories
B/Montana/1/2009-egg	centers_for_disease_control_and_prevention	montana_public_health_laboratory
B/Honduras/6031/2010	centers_for_disease_control_and_prevention	laboratorio_nacional_de_virologia
B/Minnesota/3/2009	centers_for_disease_control_and_prevention	minnesota_department_of_health
B/Virginia/1/2008	centers_for_disease_control_and_prevention	
B/Tennessee/2/2009	centers_for_disease_control_and_prevention	tennessee_department_of_health_laboratory_nashville
B/Guatemala/713/2010-egg	centers_for_disease_control_and_prevention	laboratorio_nacional_de_salud_guatemala
B/Guatemala/713/2010	centers_for_disease_control_and_prevention	laboratorio_nacional_de_salud_guatemala
B/Ohio/2/2009-egg	centers_for_disease_control_and_prevention	ohio_department_of_health_laboratories
B/Florida/16/2008	centers_for_disease_control_and_prevention	
B/Honduras/6031/2010-egg	centers_for_disease_control_and_prevention	laboratorio_nacional_de_virologia
B/Guatemala/235/2010-egg	centers_for_disease_control_and_prevention	laboratorio_nacional_de_salud_guatemala
B/Santiago/6025/2011-egg	centers_for_disease_control_and_prevention	instituto_de_salud_publica_de_chile_
B/Mexico/3087/2011-egg	centers_for_disease_control_and_prevention	laboratorio_de_virus_respiratorio
B/ElSalvador/1369/2010	centers_for_disease_control_and_prevention	contiguo_a_hospital_rosales
B/Georgia/7/2010	centers_for_disease_control_and_prevention	georgia_public_health_laboratory
B/Virginia/4/2011	centers_for_disease_control_and_prevention	virginia_division_of_consolidated_laboratories
B/Lorraine/1412/2011	national_institute_for_medical_research	institut_pasteur
B/Nicaragua/AGB2-15/2012	other_database_import	
B/Nicaragua/AGB2-24/2012	other_database_import	
B/Bolivia/812/2011	centers_for_disease_control_and_prevention	cenetrop
B/DominicanRepublic/5486/2011-egg	centers_for_disease_control_and_prevention	laboratorio_de_investigacion_/_centro_de_educacion_medica_y_amistad_dominico_japones_(cemadoja)
B/DominicanRepublic/5508/2011	centers_for_disease_control_and_prevention	laboratorio_de_investigacion_/_centro_de_educacion_medica_y_amistad_dominico_japones_(cemadoja)
B/Georgia/7/2010-egg	centers_for_disease_control_and_prevention	georgia_public_health_laboratory
B/Tennessee/F2028/2011	other_database_import	
B/Townsville/1/2011	other_database_import	
B/Mississippi/8/2010-egg	centers_for_disease_control_and_prevention	mississippi_public_health_laboratory
B/NewYork/1311/2011	other_database_import	
B/Santiago/14210/2011	centers_for_disease_control_and_prevention	instituto_de_salud_publica_de_chile_
B/Michigan/9/2011-egg	centers_for_disease_control_and_prevention	michigan_department_of_community_health
B/Denmark/23/2012	crick_worldwide_influenza_centre	statens_serum_institute
B/Mali-PERCH/4/2013	kemri_wellcome_trust_research_programme_(kwtrp)	kemri_wellcome_trust_research_programme_(kwtrp)
B/Mali-PERCH/1/2013	kemri_wellcome_trust_research_programme_(kwtrp)	kemri_wellcome_trust_research_programme_(kwtrp)
B/Mali-PERCH/5/2013	kemri_wellcome_trust_research_programme_(kwtrp)	kemri_wellcome_trust_research_programme_(kwtrp)
B/Mali-PERCH/3/2013	kemri_wellcome_trust_research_programme_(kwtrp)	kemri_wellcome_trust_research_programme_(kwtrp)
B/NewYork/1/2011	centers_for_disease_control_and_prevention	new_york_state_department_of_health
B/NewYork/1300/2011	other_database_import	
B/Massachusetts/1/2011	centers_for_disease_control_and_prevention	massachusetts_department_of_public_health
B/Virginia/3/2011	centers_for_disease_control_and_prevention	virginia_division_of_consolidated_laboratories
B/Cameroon/13V-16387GVFI/2011	crick_worldwide_influenza_centre	centre_pasteur_du_cameroun
B/AbongMbang/11V-17461GVFI/2011	national_institute_for_medical_research	centre_pasteur_du_cameroun
B/Yaounde/11V-18591/2011	crick_worldwide_influenza_centre	centre_pasteur_du_cameroun
B/Yaounde/11V-20231/2011	crick_worldwide_influenza_centre	centre_pasteur_du_cameroun
B/Taiwan/371/2011-egg		seasonal_vic
B/Perth/20/2012	who_collaborating_centre_for_reference_and_research_on_influenza	pathwest_qe_ii_medical_centre
B/Perth/19/2012	who_collaborating_centre_for_reference_and_research_on_influenza	pathwest_qe_ii_medical_centre
B/Southaustralia/1/2012	who_collaborating_centre_for_reference_and_research_on_influenza	institute_of_medical_and_veterinary_science_(imvs)
B/Southaustralia/10/2011	who_collaborating_centre_for_reference_and_research_on_influenza	institute_of_medical_and_veterinary_science_(imvs)
B/Victoria/845/2011	who_collaborating_centre_for_reference_and_research_on_influenza	austin_health
B/SouthAustralia/316/2011	who_collaborating_centre_for_reference_and_research_on_influenza	institute_of_medical_and_veterinary_science_(imvs)
B/Southaustralia/23/2011	who_collaborating_centre_for_reference_and_research_on_influenza	institute_of_medical_and_veterinary_science_(imvs)
B/NewYork/1297/2011	other_database_import	
B/Georgia/28/2010-egg	centers_for_disease_control_and_prevention	georgia_public_health_laboratory
B/Mississippi/2/2010	centers_for_disease_control_and_prevention	mississippi_public_health_laboratory
B/Idaho/1/2011	centers_for_disease_control_and_prevention	state_of_idaho_bureau_of_laboratories
B/Nebraska/4/2011-egg	centers_for_disease_control_and_prevention	nebraska_public_health_lab
B/Texas/3/2010	centers_for_disease_control_and_prevention	texas_department_of_state_health_services_laboratory_services
B/Paraguay/241/2011	centers_for_disease_control_and_prevention	central_laboratory_of_public_health
B/Wisconsin/6/2011	centers_for_disease_control_and_prevention	wisconsin_state_laboratory_of_hygiene
B/Nagano/3463/2012	national_institute_of_infectious_diseases_(niid)	nagano_environmental_conservation_research_institute
B/Nagano/3460/2012	national_institute_of_infectious_diseases_(niid)	nagano_environmental_conservation_research_institute
B/Nagano/3462/2012	national_institute_of_infectious_diseases_(niid)	nagano_environmental_conservation_research_institute
B/NorthCarolina/13/2010	centers_for_disease_control_and_prevention	north_carolina_state_laboratory_of_public_health
B/NorthCarolina/12/2010	centers_for_disease_control_and_prevention	north_carolina_state_laboratory_of_public_health
B/Washington/1/2011	centers_for_disease_control_and_prevention	washington_state_public_health_laboratory
B/SouthDakota/1/2010	centers_for_disease_control_and_prevention	south_dakota_public_health_lab
B/NorthDakota/2/2011-egg	centers_for_disease_control_and_prevention	north_dakota_department_of_health
B/Michigan/6/2011	centers_for_disease_control_and_prevention	michigan_department_of_community_health
B/NewYork/1247/2011	other_database_import	
B/California/2/2011-egg	centers_for_disease_control_and_prevention	naval_health_research_center
B/California/2/2011	centers_for_disease_control_and_prevention	naval_health_research_center
B/Santiago/14666/2011	centers_for_disease_control_and_prevention	instituto_de_salud_publica_de_chile_
B/Gambia/G0068640/2012	national_institute_for_medical_research	
B/Dakar/15/2013	national_institute_for_medical_research	institut_pasteur_de_dakar
B/Dakar/8/2013	national_institute_for_medical_research	institut_pasteur_de_dakar
B/Gambia-PERCH/1/2012	kemri_wellcome_trust_research_programme_(kwtrp)	kemri_wellcome_trust_research_programme_(kwtrp)
B/Dakar/12/2013	national_institute_for_medical_research	institut_pasteur_de_dakar
B/NewYork/1081/2005	other_database_import	
B/NewYork/1084/2005	other_database_import	
B/Ohio/1/2005-egg	who_collaborating_centre_for_reference_and_research_on_influenza	cincinnati_children's_hospital
B/Illinois/13/2005-egg		seasonal_vic
B/NewYork/1076/2005	other_database_import	
B/Illinois/47/2005-egg	other_database_import	
B/Michigan/20/2005	other_database_import	
B/NewYork/1079/2005	other_database_import	
B/NewYork/1083/2005	other_database_import	
B/NewYork/1073/2005	other_database_import	
B/SouthCarolina/NHRC0001/2004	other_database_import	
B/Perth/38/2006	who_collaborating_centre_for_reference_and_research_on_influenza	pathwest_qe_ii_medical_centre
B/MinasGerais/4/2007	other_database_import	
B/Guyane/15/2007	centers_for_disease_control_and_prevention	
B/Vietnam/178/2007	centers_for_disease_control_and_prevention	
B/Johannesburg/508/2006	who_collaborating_centre_for_reference_and_research_on_influenza	national_institute_for_communicable_disease
B/Florida/2/2006	other_database_import	
B/Philippines/7363/2008	who_collaborating_centre_for_reference_and_research_on_influenza	research_institute_of_tropical_medicine
B/Oklahoma/WRAIR1587P/2009	other_database_import	
B/Brisbane/23/2006	other_database_import	
B/Waikato/1/2007	other_database_import	institute_of_environmental_science_&_research
B/Texas/39/2006-egg	centers_for_disease_control_and_prevention	
B/Thailand/CU-243/2006	other_database_import	
B/Thailand/CU-364/2008	other_database_import	
B/Thailand/522/2008	who_collaborating_centre_for_reference_and_research_on_influenza	who_national_influenza_centre,_national_institute_of_medical_research_(nimr)
B/Florida/UR06-0003/2006	other_database_import	
B/Florida/UR06-0006/2006	other_database_import	
B/Iquique/8171/2007	centers_for_disease_control_and_prevention	
B/Japan/312/2008	other_database_import	
B/Nigeria/3994/2007	centers_for_disease_control_and_prevention	
B/Egypt/3101/2007	centers_for_disease_control_and_prevention	
B/Egypt/4179/2007	centers_for_disease_control_and_prevention	
B/Egypt/4129/2007	centers_for_disease_control_and_prevention	
B/Egypt/237/2007	centers_for_disease_control_and_prevention	
B/Egypt/370/2008	other_database_import	
B/Singapore/7/2008	centers_for_disease_control_and_prevention	
B/Singapore/22/2007	centers_for_disease_control_and_prevention	
B/HongKong/121/2007-egg	centers_for_disease_control_and_prevention	
B/HongKong/121/2007	centers_for_disease_control_and_prevention	
B/Singapore/46/2007	centers_for_disease_control_and_prevention	
B/Singapore/50/2007	centers_for_disease_control_and_prevention	
B/Singapore/42/2007	centers_for_disease_control_and_prevention	
B/Singapore/39/2007	centers_for_disease_control_and_prevention	
B/Brisbane/44/2006	other_database_import	
B/Guyane/25/2006	centers_for_disease_control_and_prevention	
B/NewYork/1090/2006	other_database_import	
B/NorthCarolina/13/2006	centers_for_disease_control_and_prevention	
B/Mississippi/UR06-0340/2007	other_database_import	
B/Oklahoma/2/2006	centers_for_disease_control_and_prevention	
B/Mississippi/4/2006-egg	centers_for_disease_control_and_prevention	
B/Ohio/UR06-0428/2007	other_database_import	
B/NewYork/1125/2007	other_database_import	
B/Idaho/1/2006-egg	centers_for_disease_control_and_prevention	
B/Pennsylvania/8/2007	centers_for_disease_control_and_prevention	
B/Santiago/6495/2007	centers_for_disease_control_and_prevention	
B/NewJersey/2/2007-egg	centers_for_disease_control_and_prevention	
B/Pennsylvania/5/2007-egg	centers_for_disease_control_and_prevention	
B/NewYork/1105/2007	other_database_import	
B/Pennsylvania/6/2007-egg	centers_for_disease_control_and_prevention	
B/NewYork/1100/2007	other_database_import	
B/Gyeonggi/83/2006	other_database_import	
B/Taiwan/14/2007-egg	other_database_import	
B/Taiwan/1838/2006-egg	other_database_import	
B/Taiwan/1336/2006	other_database_import	
B/Taiwan/70167/2007	other_database_import	
B/Taiwan/3561/2007	other_database_import	
B/Taiwan/1917/2006	other_database_import	
B/Taiwan/2589/2007	other_database_import	
B/Taiwan/7508/2006	other_database_import	
B/Taiwan/70028/2007	other_database_import	
B/Taiwan/3290/2006-egg	other_database_import	
B/Taiwan/40/2007-egg	other_database_import	
B/Taiwan/2894/2006-egg	other_database_import	
B/Taiwan/2755/2006-egg	other_database_import	
B/Taiwan/99/2007-egg	other_database_import	
B/Taiwan/37/2007-egg	other_database_import	
B/Taiwan/156/2006	other_database_import	
B/Taiwan/45/2007-egg	other_database_import	
B/Taiwan/3729/2006	other_database_import	
B/Taiwan/1734/2006-egg	other_database_import	
B/Taiwan/3808/2006	other_database_import	
B/Taiwan/7505/2006	other_database_import	
B/Taiwan/70546/2007	other_database_import	
B/Bangladesh/3204/2007-egg	centers_for_disease_control_and_prevention	
B/Bangladesh/5278/2006-egg	centers_for_disease_control_and_prevention	
B/Bangladesh/3461/2007-egg	centers_for_disease_control_and_prevention	
B/Bangladesh/4008/2008-egg	centers_for_disease_control_and_prevention	
B/Bangladesh/4008/2008	centers_for_disease_control_and_prevention	
B/Bangladesh/9015/2008-egg	centers_for_disease_control_and_prevention	
B/Bangladesh/9016/2008	centers_for_disease_control_and_prevention	
B/Bangladesh/5521/2008-egg	centers_for_disease_control_and_prevention	
B/Bangladesh/3266/2008	centers_for_disease_control_and_prevention	
B/Bangladesh/8023/2008-egg	centers_for_disease_control_and_prevention	
B/Bangladesh/8023/2008	centers_for_disease_control_and_prevention	
B/Bangladesh/3720/2008	centers_for_disease_control_and_prevention	
B/Bangladesh/3010/2008	centers_for_disease_control_and_prevention	
B/Bangladesh/1010/2008	centers_for_disease_control_and_prevention	
B/Brisbane/63/2006	other_database_import	
B/Catalonia/S378/2007	hospital_clinic	barcelona,_facultad_de_medicina
B/Johannesburg/150/2007	centers_for_disease_control_and_prevention	national_institute_for_communicable_disease
B/Johannesburg/20/2008	who_collaborating_centre_for_reference_and_research_on_influenza	national_institute_for_communicable_disease
B/Johannesburg/18/2007	centers_for_disease_control_and_prevention	
B/Sydney/88/2006	who_collaborating_centre_for_reference_and_research_on_influenza	clinical_virology_unit,_cdim
B/Brisbane/17/2006	other_database_import	
B/Sydney/70/2006	other_database_import	
B/Thailand/416/2007	centers_for_disease_control_and_prevention	
B/Thailand/1406/2007	centers_for_disease_control_and_prevention	
B/Thailand/400/2007	centers_for_disease_control_and_prevention	
B/Brisbane/2/2006	other_database_import	
B/Brisbane/10/2006	other_database_import	
B/Victoria/500/2006	other_database_import	
B/Kenya/1413/2008	centers_for_disease_control_and_prevention	
B/Tennessee/UR06-0319/2007	other_database_import	
B/Illinois/NHRC0001/2006	other_database_import	
B/NewYork/1095/2006	other_database_import	
B/NewJersey/1/2006	other_database_import	
B/NewYork/1096/2006	other_database_import	
B/Seoul/4887/2007	other_database_import	
B/Gangwon/253/2008	other_database_import	
B/Guyane/6/2007	centers_for_disease_control_and_prevention	
B/Brisbane/9/2006	other_database_import	
B/Argentina/593/2006	centers_for_disease_control_and_prevention	
B/Argentina/540/2006	centers_for_disease_control_and_prevention	
B/NizhnyNovgorod/25/2006	centers_for_disease_control_and_prevention	
B/Brisbane/8/2006	other_database_import	
B/Bangladesh/2909/2006	centers_for_disease_control_and_prevention	
B/Venezuela/5636/2006	centers_for_disease_control_and_prevention	
B/Sydney/207/2006	other_database_import	
B/Mississippi/UR06-0550/2007	other_database_import	
B/Tennessee/UR06-0451/2007	other_database_import	
B/Tennessee/UR06-0433/2007	other_database_import	
B/Tennessee/UR06-0431/2007	other_database_import	
B/Tennessee/UR06-0261/2007	other_database_import	
B/NewYork/1092/2006	other_database_import	
B/NewYork/1089/2006	other_database_import	
B/Victoria/326/2006	other_database_import	
B/Brisbane/16/2006	other_database_import	
B/Catalonia/S448/2007	hospital_clinic	barcelona,_facultad_de_medicina
B/Brisbane/7/2006	other_database_import	
B/Victoria/309/2006	other_database_import	
B/Kazakhstan/1946/2007	centers_for_disease_control_and_prevention	
B/Odessa/394/2007	centers_for_disease_control_and_prevention	
B/Victoria/330/2006	other_database_import	
B/Hiroshima/320/2007-egg	centers_for_disease_control_and_prevention	
B/Cambodia/692/2007-egg	centers_for_disease_control_and_prevention	
B/Cambodia/662/2007-egg	centers_for_disease_control_and_prevention	
B/Cambodia/311/2007-egg	centers_for_disease_control_and_prevention	
B/Tennessee/UR06-0079/2007	other_database_import	
B/Dnipropetrovsk/413/2007	centers_for_disease_control_and_prevention	
B/Ecuador/7937/2007-egg	centers_for_disease_control_and_prevention	
B/Egypt/916/2007	centers_for_disease_control_and_prevention	
B/Victoria/304/2006	other_database_import	royal_chidrens_hospital
B/Tennessee/UR06-0559/2007	other_database_import	
B/Tennessee/UR06-0105/2007	other_database_import	
B/Victoria/318/2006	other_database_import	
B/Ecuador/2216/2008	centers_for_disease_control_and_prevention	
B/Uruguay/6/2008	centers_for_disease_control_and_prevention	
B/CostaRica/123/2008	centers_for_disease_control_and_prevention	
B/Christchurch/4/2006	other_database_import	
B/Victoria/304/2006-egg	national_institute_for_medical_research	royal_chidrens_hospital
B/Victoria/333/2006	other_database_import	
B/Malaysia/416/2008	who_collaborating_centre_for_reference_and_research_on_influenza	institut_penyelidikan_perubatan
B/Singapore/56/2007	centers_for_disease_control_and_prevention	
B/Myanmar/M044/2007	other_database_import	
B/Myanmar/M182/2007	niigata_university	
B/Thailand/373/2008	centers_for_disease_control_and_prevention	
B/Thailand/89/2007	centers_for_disease_control_and_prevention	
B/Myanmar/M108/2007	niigata_university	
B/Myanmar/M254/2007	niigata_university	
B/Thailand/810/2007	centers_for_disease_control_and_prevention	
B/Afghanistan/345/2008	centers_for_disease_control_and_prevention	
B/Brisbane/5/2007	other_database_import	
B/Brisbane/6/2007	other_database_import	queensland_health_scientific_services
B/ChongqingYuzhong/131/2006-egg	centers_for_disease_control_and_prevention	
B/Astrakhan/88/2007	centers_for_disease_control_and_prevention	
B/Khabarovsk/6/2007	centers_for_disease_control_and_prevention	
B/Khabarovsk/26/2007	centers_for_disease_control_and_prevention	
B/Victoria/500/2007	other_database_import	monash_medical_centre
B/Mexico/3554/2006	centers_for_disease_control_and_prevention	
B/Christchurch/16/2007	other_database_import	
B/Dniprodzerzhynsk/328/2007	centers_for_disease_control_and_prevention	
B/Ulaanbaatar/1924/2007	other_database_import	
B/Syria/1112/2006	centers_for_disease_control_and_prevention	
B/Sukhbaatar/2488/2007	other_database_import	
B/Kazakhstan/1695/2007	centers_for_disease_control_and_prevention	
B/Ulaanbaatar/2202/2007	other_database_import	
B/Ulaanbaatar/2232/2007	other_database_import	
B/Ulaanbaatar/2263/2007	other_database_import	
B/Afghanistan/142/2007	centers_for_disease_control_and_prevention	
B/Afghanistan/2914/2007	centers_for_disease_control_and_prevention	
B/Nepal/116/2007	centers_for_disease_control_and_prevention	
B/India/2888/2008	centers_for_disease_control_and_prevention	
B/Kiev/40/2008	centers_for_disease_control_and_prevention	
B/Catalonia/S56/2008	hospital_clinic	barcelona,_facultad_de_medicina
B/Catalonia/S98/2008	hospital_clinic	barcelona,_facultad_de_medicina
B/Catalonia/S93/2008	hospital_clinic	barcelona,_facultad_de_medicina
B/Kolkata/N-2000/2009	other_database_import	
B/Norway/998/2020	norwegian_institute_of_public_health	molde_hospital,_laboratory_for_medical_microbiology
B/Kolkata/N-67/2009	other_database_import	
B/Singapore/15/2009	who_collaborating_centre_for_reference_and_research_on_influenza	national_university_hospital
B/Singapore/23/2009	centers_for_disease_control_and_prevention	singapore_general_hospital
B/Malaysia/5693/2009	who_collaborating_centre_for_reference_and_research_on_influenza	institut_penyelidikan_perubatan
B/Bangladesh/4091/2009	centers_for_disease_control_and_prevention	institute_of_epidemiology_disease_control_and_research_(iedcr)_&_bangladesh_national_influenza_centre_(nic)
B/Washington/2/2009-egg	centers_for_disease_control_and_prevention	washington_state_public_health_laboratory
B/Washington/2/2009	centers_for_disease_control_and_prevention	washington_state_public_health_laboratory
B/Uganda/514/2009	centers_for_disease_control_and_prevention	uganda_virus_research_institute_(uvri),_national_influenza_center
B/Canarias/RR6762/2010	national_institute_for_medical_research	instituto_de_salud_carlos_iii
B/Shizuoka/57/2011	centers_for_disease_control_and_prevention	national_institute_of_infectious_diseases_(niid)
B/Victoria/800/2010	who_collaborating_centre_for_reference_and_research_on_influenza	austin_health
B/India/5949/2010	centers_for_disease_control_and_prevention	national_institute_of_virology
B/Valladolid/57/2010	crick_worldwide_influenza_centre	universidad_de_valladolid
B/Srilanka/1/2010	who_collaborating_centre_for_reference_and_research_on_influenza	medical_research_institute
B/NewHampshire/1/2011	centers_for_disease_control_and_prevention	new_hampshire_public_health_laboratories
B/Ireland/132/2010	crick_worldwide_influenza_centre	national_virus_reference_laboratory
B/Denmark/16/2011	crick_worldwide_influenza_centre	statens_serum_institute
B/Malaysia/565/2010	who_collaborating_centre_for_reference_and_research_on_influenza	institut_penyelidikan_perubatan
B/NewYork/1278/2011	other_database_import	
B/India/2019/2010	centers_for_disease_control_and_prevention	national_institute_of_virology
B/Suriname/2381/2010	centers_for_disease_control_and_prevention	caribbean_epidemiology_center
B/Kolkata/2044/2008	other_database_import	
B/Kolkata/1880/2008	other_database_import	
B/Kolkata/194/2010	other_database_import	
B/Kolkata/222/2010	other_database_import	
B/Omsk/RII4/2011	other_database_import	
B/Taiwan/112/2011-egg	centers_for_disease_control_and_prevention	adimmune_corporation
B/Kochi/48/2011	national_institute_of_infectious_diseases_(niid)	kochi_public_health_and_sanitation_institute_
B/Qatar/2311001017/2011	national_institute_for_medical_research	supreme_health_council
B/Bulgaria/35/2011-egg	national_institute_for_medical_research	national_centre_of_infectious_and_
B/Akita/1/2011	national_institute_of_infectious_diseases_(niid)	akita_research_center_for_public_health_and_environment
B/Ontario/RV2893/2009	centers_for_disease_control_and_prevention	national_microbiology_laboratory,_health_canada
B/Lusaka/63/2011	crick_worldwide_influenza_centre	university_teaching_hospital
B/Finland/235/2012	national_institute_for_health_and_welfare	national_institute_for_health_and_welfare
B/Bangladesh/8275/2010	centers_for_disease_control_and_prevention	institute_of_epidemiology_disease_control_and_research_(iedcr)_&_bangladesh_national_influenza_centre_(nic)
B/Bangladesh/9003/2010	centers_for_disease_control_and_prevention	institute_of_epidemiology_disease_control_and_research_(iedcr)_&_bangladesh_national_influenza_centre_(nic)
B/Bangladesh/8008/2010	centers_for_disease_control_and_prevention	institute_of_epidemiology_disease_control_and_research_(iedcr)_&_bangladesh_national_influenza_centre_(nic)
B/Bangladesh/3527/2010	centers_for_disease_control_and_prevention	institute_of_epidemiology_disease_control_and_research_(iedcr)_&_bangladesh_national_influenza_centre_(nic)
B/Christchurch/2/2010	other_database_import	institute_of_environmental_science_and_research
B/Christchurch/2/2010-egg	who_collaborating_centre_for_reference_and_research_on_influenza	institute_of_environmental_science_and_research
B/Nepal/188/2010	centers_for_disease_control_and_prevention	thailand_moph_u.s._cdc_collaboration_(ieip)
B/Bangladesh/1005/2010	centers_for_disease_control_and_prevention	institute_of_epidemiology_disease_control_and_research_(iedcr)_&_bangladesh_national_influenza_centre_(nic)
B/Bangladesh/6166/2010-egg	centers_for_disease_control_and_prevention	institute_of_epidemiology_disease_control_and_research_(iedcr)_&_bangladesh_national_influenza_centre_(nic)
B/Bangladesh/6167/2010-egg	centers_for_disease_control_and_prevention	institute_of_epidemiology_disease_control_and_research_(iedcr)_&_bangladesh_national_influenza_centre_(nic)
B/Thailand/CU-B2432/2010	other_database_import	
B/Cambodia/41/2011	who_collaborating_centre_for_reference_and_research_on_influenza	institute_pasteur_du_cambodia
B/Akita/1/2010	national_institute_of_infectious_diseases_(niid)	akita_research_center_for_public_health_and_environment
B/Brazil/9442/2011	centers_for_disease_control_and_prevention	instituto_adolfo_lutz
B/NewYork/1240/2010	other_database_import	
B/Thailand/CU-H1896/2010	other_database_import	
B/Chanthaburi/218/2010	who_collaborating_centre_for_reference_and_research_on_influenza	who_national_influenza_centre,_national_institute_of_medical_research_(nimr)
B/Thailand/CU-B2320/2010	other_database_import	
B/ChiangRai/369/2010	centers_for_disease_control_and_prevention	who_national_influenza_centre,_national_institute_of_medical_research_(nimr)
B/India/9882/2008	centers_for_disease_control_and_prevention	
B/Bangladesh/5816/2010-egg	centers_for_disease_control_and_prevention	institute_of_epidemiology_disease_control_and_research_(iedcr)_&_bangladesh_national_influenza_centre_(nic)
B/Bangladesh/9751/2009	centers_for_disease_control_and_prevention	institute_of_epidemiology_disease_control_and_research_(iedcr)_&_bangladesh_national_influenza_centre_(nic)
B/Bangladesh/2009/2010-egg	centers_for_disease_control_and_prevention	institute_of_epidemiology_disease_control_and_research_(iedcr)_&_bangladesh_national_influenza_centre_(nic)
B/Bangladesh/7055/2009	centers_for_disease_control_and_prevention	institute_of_epidemiology_disease_control_and_research_(iedcr)_&_bangladesh_national_influenza_centre_(nic)
B/Bangladesh/5945/2009-egg	centers_for_disease_control_and_prevention	institute_of_epidemiology_disease_control_and_research_(iedcr)_&_bangladesh_national_influenza_centre_(nic)
B/Bangladesh/3217/2009	centers_for_disease_control_and_prevention	institute_of_epidemiology_disease_control_and_research_(iedcr)_&_bangladesh_national_influenza_centre_(nic)
B/Bangladesh/6/2009	centers_for_disease_control_and_prevention	institute_of_epidemiology_disease_control_and_research_(iedcr)_&_bangladesh_national_influenza_centre_(nic)
B/Bangladesh/5014/2010-egg	centers_for_disease_control_and_prevention	institute_of_epidemiology_disease_control_and_research_(iedcr)_&_bangladesh_national_influenza_centre_(nic)
B/Bangladesh/9628/2010-egg	centers_for_disease_control_and_prevention	institute_of_epidemiology_disease_control_and_research_(iedcr)_&_bangladesh_national_influenza_centre_(nic)
B/Bangladesh/9628/2010	centers_for_disease_control_and_prevention	institute_of_epidemiology_disease_control_and_research_(iedcr)_&_bangladesh_national_influenza_centre_(nic)
B/Michigan/3/2008	centers_for_disease_control_and_prevention	
B/Tajikistan/457/2010	national_institute_for_medical_research	
B/Moscow/8/2010	centers_for_disease_control_and_prevention	ivanovsky_research_institute_of_virology_rams
B/Iraq/177/2009	national_institute_for_medical_research	ministry_of_health,_national_influenza_center
B/Norway/459/2010	national_institute_for_medical_research	who_national_influenza_centre
B/Ankara/TR-10/2011	crick_worldwide_influenza_centre	refik_saydam_national_public_health_agency
B/Srilanka/2/2011	who_collaborating_centre_for_reference_and_research_on_influenza	medical_research_institute
B/Srilanka/16/2011	who_collaborating_centre_for_reference_and_research_on_influenza	medical_research_institute
B/Srilanka/1/2011	who_collaborating_centre_for_reference_and_research_on_influenza	medical_research_institute
B/Srilanka/4/2011	who_collaborating_centre_for_reference_and_research_on_influenza	medical_research_institute
B/Srilanka/12/2011	who_collaborating_centre_for_reference_and_research_on_influenza	medical_research_institute
B/Srilanka/10/2011	who_collaborating_centre_for_reference_and_research_on_influenza	medical_research_institute
B/Tanger/63/2010	national_institute_of_hygiene	institut_national_d_hygiene,_ministere_de_la_sante_sante
B/Tanger/146/2011	national_institute_of_hygiene	institut_national_d_hygiene,_ministere_de_la_sante_sante
B/Milan/22/2010	national_institute_for_medical_research	istituto_superiore_di_sanità
B/Managua/125002/2010	other_database_import	
B/Managua/446803/2010	other_database_import	
B/Florida/4/2010-egg	centers_for_disease_control_and_prevention	florida_department_of_health_jacksonville
B/Managua/448505/2010	other_database_import	
B/Lyon/74/2011	crick_worldwide_influenza_centre	crr_virus_influenza_region_sud
B/NewCaledonia/15/2010-egg	who_collaborating_centre_for_reference_and_research_on_influenza	institut_pasteur_new_caledonia
B/Managua/494204/2010	other_database_import	
B/LaRioja/RR6969/2010	crick_worldwide_influenza_centre	universidad_de_valladolid
B/Managua/477201/2010	other_database_import	
B/Milan/21/2010	national_institute_for_medical_research	istituto_superiore_di_sanità
B/Milan/34/2010	national_institute_for_medical_research	istituto_superiore_di_sanità
B/Managua/545402/2010	other_database_import	
B/Ecuador/3159/2010	centers_for_disease_control_and_prevention	"instituto_nacional_de_higiene_y_medicina_tropical_""leopoldo_izquieta_perez"""
B/Marrakech/418/2011	national_institute_of_hygiene	institut_national_d_hygiene,_ministere_de_la_sante_sante
B/Catalonia/S3650/2011	hospital_clinic	barcelona,_facultad_de_medicina
B/Canarias/RR6754/2010	national_institute_for_medical_research	instituto_de_salud_carlos_iii
B/Milan/11/2010	national_institute_for_medical_research	istituto_superiore_di_sanità
B/Connecticut/1/2010	centers_for_disease_control_and_prevention	connecticut_department._of_public_health
B/Paris/1260/2011	crick_worldwide_influenza_centre	institut_pasteur
B/Lisbon/15/2010	crick_worldwide_influenza_centre	instituto_nacional_de_saude
B/Lisbon/9/2010	insa_national_institute_of_health_portugal	instituto_nacional_de_saude
B/India/4157/2008	centers_for_disease_control_and_prevention	
B/Bangladesh/4588/2010	centers_for_disease_control_and_prevention	institute_of_epidemiology_disease_control_and_research_(iedcr)_&_bangladesh_national_influenza_centre_(nic)
B/Kagoshima/15/2009	national_institute_of_infectious_diseases_(niid)	
B/Shizuoka/36/2009	national_institute_of_infectious_diseases_(niid)	
B/HongKong/270/2010	national_institute_for_medical_research	government_virus_unit
B/Taiwan/10/2010-egg		seasonal_vic
B/ShanghaiFengxian/1255/2009	centers_for_disease_control_and_prevention	who_chinese_national_influenza_center
B/Shanghai-Pudongxin/1465/2009	centers_for_disease_control_and_prevention	who_chinese_national_influenza_center
B/Tennessee/2/2010	centers_for_disease_control_and_prevention	tennessee_department_of_health_laboratory_nashville
B/HeilongjiangXiangfang/1197/2010-egg	centers_for_disease_control_and_prevention	who_chinese_national_influenza_center
B/Heilongjiang-Xiangfang/1132/2010-egg	centers_for_disease_control_and_prevention	who_chinese_national_influenza_center
B/Heilongjiang-Hulan/115/2010-egg	centers_for_disease_control_and_prevention	who_chinese_national_influenza_center
B/Heilongjiang-Hulan/116/2010-egg	centers_for_disease_control_and_prevention	who_chinese_national_influenza_center
B/Ekaterinburg/1/2010	national_institute_for_medical_research	russian_academy_of_medical_sciences
B/Guangdong/GZ068/2009	other_database_import	
B/Guangdong/GZ453/2009	other_database_import	
B/Guangdong/GZ099/2009	other_database_import	
B/Taiwan/71/2010-egg		seasonal_vic
B/Guangdong/GZ039/2010	other_database_import	
B/Guangdong/GZ118/2009	other_database_import	
B/Hawaii/6/2010	centers_for_disease_control_and_prevention	state_of_hawaii_department_of_health
B/Hawaii/9/2010-egg	centers_for_disease_control_and_prevention	state_of_hawaii_department_of_health
B/Hawaii/9/2010	centers_for_disease_control_and_prevention	state_of_hawaii_department_of_health
B/Shanxi-Zuoquan/311/2009	centers_for_disease_control_and_prevention	who_chinese_national_influenza_center
B/Brazil/4331/2011	centers_for_disease_control_and_prevention	instituto_adolfo_lutz
B/Kawasaki/3/2010	national_institute_of_infectious_diseases_(niid)	kawasaki_city_institute_of_public_health_
B/Hawaii/16/2010-egg	centers_for_disease_control_and_prevention	state_of_hawaii_department_of_health
B/Hawaii/16/2010	centers_for_disease_control_and_prevention	state_of_hawaii_department_of_health
B/Lao/I583/2010	national_institute_of_infectious_diseases_(niid)	ministry_of_health_laos
B/Srilanka/7/2011	who_collaborating_centre_for_reference_and_research_on_influenza	medical_research_institute
B/Mie/4/2010-egg		seasonal_vic
B/Mie/6/2010-egg	centers_for_disease_control_and_prevention	national_institute_of_infectious_diseases_(niid)
B/Mie/4/2010	national_institute_of_infectious_diseases_(niid)	mie_prefecture_health_and_environment_research_institute
B/Mie/6/2010	national_institute_of_infectious_diseases_(niid)	national_institute_of_infectious_diseases_(niid)
B/Moscow/19/2010	centers_for_disease_control_and_prevention	russian_academy_of_medical_sciences
B/Tokyo/14255/2010	national_institute_of_infectious_diseases_(niid)	tokyo_metropolitan_institute_of_public_health
B/Taiwan/11/2010-egg	centers_for_disease_control_and_prevention	center_for_disease_control
B/Sapporo/6/2010	national_institute_of_infectious_diseases_(niid)	sapporo_city_institute_of_public_health
B/Moscow/2/2010	centers_for_disease_control_and_prevention	ivanovsky_research_institute_of_virology_rams
B/Sapporo/5/2010	national_institute_of_infectious_diseases_(niid)	sapporo_city_institute_of_public_health
B/Moscow/18/2010	national_institute_for_medical_research	russian_academy_of_medical_sciences
B/Fukushima/1/2010	national_institute_of_infectious_diseases_(niid)	fukushima_prefectural_institute_of_public_health
B/Moscow/1/2010	national_institute_for_medical_research	russian_academy_of_medical_sciences
B/Fukui/3/2010	national_institute_of_infectious_diseases_(niid)	fukui_prefectural_institute_of_public_health
B/Kyrgyzstan/1/2011	centers_for_disease_control_and_prevention	national_virology_laboratory,_center_microbiological_investigations
B/Stavropol/RII7/2011	other_database_import	
B/Montana/1/2011	centers_for_disease_control_and_prevention	montana_public_health_laboratory
B/Astrakhan/3/2011	national_institute_for_medical_research	who_national_influenza_centre_russian_federation
B/Moscow/4/2010	centers_for_disease_control_and_prevention	ivanovsky_research_institute_of_virology_rams
B/Arkhangelsk/RII1/2010	other_database_import	
B/Moscow/5/2010	centers_for_disease_control_and_prevention	ivanovsky_research_institute_of_virology_rams
B/Murmansk/3/2011-egg	national_institute_for_medical_research	who_national_influenza_centre_russian_federation
B/Murmansk/2/2010-egg	national_institute_for_medical_research	russian_academy_of_medical_sciences
B/Murmansk/4/2011-egg	centers_for_disease_control_and_prevention	russian_academy_of_medical_sciences
B/Moscow/9/2010	national_institute_for_medical_research	russian_academy_of_medical_sciences
B/Voronezh/20/2011	crick_worldwide_influenza_centre	who_national_influenza_centre_russian_federation
B/Voronezh/14/2011	centers_for_disease_control_and_prevention	russian_academy_of_medical_sciences
B/Voronezh/RII1/2011	other_database_import	
B/Guangdong/GZ455/2009	other_database_import	
B/Taiwan/16/2010	national_institute_of_infectious_diseases_(niid)	center_for_disease_control
B/JiangxiDonghu/1368/2010-egg		seasonal_vic
B/JiangxiDonghu/1262/2010-egg		seasonal_vic
B/HongKong/514/2009	national_institute_for_medical_research	government_virus_unit
B/Micronesia/5613/2010	centers_for_disease_control_and_prevention	state_of_hawaii_department_of_health
B/Kyoto/10K317/2011	other_database_import	
B/Kobe/582/2011	national_institute_of_infectious_diseases_(niid)	kobe_institute_of_health
B/Niigata/10F497/2011	other_database_import	
B/Hunan-Yuhua/1930/2010-egg	who_chinese_national_influenza_center	who_chinese_national_influenza_center
B/Guangdong/GZ050/2010	other_database_import	
B/Stockholm/4/2010	swedish_institute_for_infectious_disease_control	swedish_institute_for_infectious_disease_control
B/Panama/307237/2010	centers_for_disease_control_and_prevention	instituto_conmemorativo_gorgas_de_estudios_de_la_salud
B/Panama/307237/2010-egg	centers_for_disease_control_and_prevention	instituto_conmemorativo_gorgas_de_estudios_de_la_salud
B/Guangdong/GZ472/2009	other_database_import	
B/Taiwan/9/2010-egg		seasonal_vic
B/Chongqing-Yuzhong/172/2010	centers_for_disease_control_and_prevention	who_chinese_national_influenza_center
B/Shanghai-Baoshan/152/2011	who_chinese_national_influenza_center	who_chinese_national_influenza_center
B/Hiroshima/9/2010	national_institute_of_infectious_diseases_(niid)	center_for_public_health_and_environment,_hiroshima_prefectural_technology_research_institute
B/Niigata/866/2010	national_institute_of_infectious_diseases_(niid)	niigata_prefectural_institute_of_public_health_and_environmental_sciences
B/Hiroshima/9/2010-egg	centers_for_disease_control_and_prevention	center_for_public_health_and_environment,_hiroshima_prefectural_technology_research_institute
B/Nebraska/1/2010-egg	centers_for_disease_control_and_prevention	nebraska_public_health_lab
B/Guangdong/GZ031/2010	other_database_import	
B/Hiroshima-C/11/2010	national_institute_of_infectious_diseases_(niid)	hiroshima_city_institute_of_public_health
B/Lao/I775/2011	national_institute_of_infectious_diseases_(niid)	ministry_of_health_laos
B/Thailand/820/2010-egg	centers_for_disease_control_and_prevention	thailand_moph_u.s._cdc_collaboration_(ieip)
B/Thailand/820/2010	centers_for_disease_control_and_prevention	thailand_moph_u.s._cdc_collaboration_(ieip)
B/Novosibirsk/5/2011	other_database_import	
B/Ekaterinburg/RII9/2011	other_database_import	
B/Guangdong/169/2010	other_database_import	
B/Guangdong/210/2010	other_database_import	
B/Guangdong/275/2010	other_database_import	
B/Guangdong/278/2010	other_database_import	
B/Iowa/1/2010-egg	centers_for_disease_control_and_prevention	iowa_state_hygienic_laboratory
B/Iowa/1/2010	centers_for_disease_control_and_prevention	iowa_state_hygienic_laboratory
B/Nigeria/5451/2011	centers_for_disease_control_and_prevention	national_influenza_reference_laboratory
B/Cameroon/11V-12080GVFI/2011	crick_worldwide_influenza_centre	centre_pasteur_du_cameroun
B/Yaounde/11V-19101/2011	national_institute_for_medical_research	centre_pasteur_du_cameroun
B/Guangdong/GZ096/2010	other_database_import	
B/Shanghai-Hongkou/1255/2011	who_chinese_national_influenza_center	who_chinese_national_influenza_center
B/Jiangsu-Chongchuan/12314/2013-egg	who_chinese_national_influenza_center	who_chinese_national_influenza_center
B/Jiangsu-Tianning/1795/2013-egg	centers_for_disease_control_and_prevention	who_chinese_national_influenza_center
B/Jiangsu-Chongchuan/12487/2013-egg	who_chinese_national_influenza_center	who_chinese_national_influenza_center
B/Jiangsu-Chongchuan/12552/2013-egg	who_chinese_national_influenza_center	who_chinese_national_influenza_center
B/Kyoto/10K164/2011	other_database_import	
B/Guangdong/GZ028/2010	other_database_import	
B/Fujian-Cangshan/192/2011-egg	who_chinese_national_influenza_center	who_chinese_national_influenza_center
B/Fujian-Gulou/1174/2011-egg	who_chinese_national_influenza_center	who_chinese_national_influenza_center
B/Poitiers/267/2011	crick_worldwide_influenza_centre	crr_virus_influenza_region_sud
B/Sydney/509/2010	other_database_import	childrens_hospital_westmead
B/Tochigi/19/2011	national_institute_of_infectious_diseases_(niid)	tochigi_prefectural_institute_of_public_health_and_environmental_science
B/Saitama/67/2011	national_institute_of_infectious_diseases_(niid)	saitama_institute_of_public_health
B/Yamagata/284/2011	national_institute_of_infectious_diseases_(niid)	yamagata_prefectural_institute_of_public_health
B/Fukui/2/2011	national_institute_of_infectious_diseases_(niid)	fukui_prefectural_institute_of_public_health
B/Riyadh/1/2010	other_database_import	
B/Wellington/1/2011	who_collaborating_centre_for_reference_and_research_on_influenza	institute_of_environmental_science_and_research
B/Wellington/8/2011	other_database_import	
B/Oman/3047/2010	centers_for_disease_control_and_prevention	central_public_health_laboratory,_ministry_of_health
B/Peru/6810/2010	centers_for_disease_control_and_prevention	us_namru_6
B/Peru/7510/2010	centers_for_disease_control_and_prevention	us_namru_6
B/Argentina/330/2010	centers_for_disease_control_and_prevention	instituto_nacional_de_enfermedades_infecciosas
B/Santiago/14887/2010	centers_for_disease_control_and_prevention	instituto_de_salud_publica_de_chile_
B/Geneva/4201882/2011	crick_worldwide_influenza_centre	hopital_cantonal_universitaire_de_geneves
B/Brisbane/40/2010-egg	who_collaborating_centre_for_reference_and_research_on_influenza	queensland_health_scientific_services
B/Brisbane/40/2010	other_database_import	queensland_health_scientific_services
B/Catalonia/S3680/2011	hospital_clinic	barcelona,_facultad_de_medicina
B/Sale/355/2011	national_institute_of_hygiene	institut_national_d_hygiene,_ministere_de_la_sante_sante
B/HongKong/2225/2010-egg	who_collaborating_centre_for_reference_and_research_on_influenza	government_virus_unit
B/Israel/4-11/2011	crick_worldwide_influenza_centre	central_virology_laboratory_israel_(nic)
B/Catalonia/S3130/2010	hospital_clinic	barcelona,_facultad_de_medicina
B/Sydney/506/2010	other_database_import	
B/Bolivia/1490/2010	centers_for_disease_control_and_prevention	
B/Victoria/512/2010-egg	who_collaborating_centre_for_reference_and_research_on_influenza	monash_medical_centre
B/Victoria/512/2010	who_collaborating_centre_for_reference_and_research_on_influenza	monash_medical_centre
B/Lisbon/36/2010	crick_worldwide_influenza_centre	instituto_nacional_de_saude
B/Paraguay/3081/2010	centers_for_disease_control_and_prevention	central_laboratory_of_public_health
B/Peru/3384/2012	centers_for_disease_control_and_prevention	namru_6
B/Peru/2097/2011	centers_for_disease_control_and_prevention	namru_6
B/Uruguay/517/2010	centers_for_disease_control_and_prevention	departamento_de_laboratorio_de_salud_publica
B/Guangdong/GZ055/2010	other_database_import	
B/Uruguay/1039/2010	centers_for_disease_control_and_prevention	departamento_de_laboratorio_de_salud_publica
B/NewYork/1303/2011	other_database_import	
B/Alabama/3/2010-egg	centers_for_disease_control_and_prevention	adph_bureau_of_clinical_laboratories
B/Alabama/3/2010	centers_for_disease_control_and_prevention	adph_bureau_of_clinical_laboratories
B/Guangdong/GZ029/2010	other_database_import	
B/Brisbane/60-2/2010	other_database_import	
B/Brisbane/60-1/2010	other_database_import	
B/Sydney/509/2010-egg	who_collaborating_centre_for_reference_and_research_on_influenza	childrens_hospital_westmead
B/Brisbane/13/2011	other_database_import	
B/Brisbane/15/2011	who_collaborating_centre_for_reference_and_research_on_influenza	queensland_health_scientific_services
B/Fiji/16/2011	who_collaborating_centre_for_reference_and_research_on_influenza	national_centre_for_scientific_services_for_virology__and_vector_borne_diseases
B/Sydney/206/2011	other_database_import	
B/Osaka/23/2011	national_institute_of_infectious_diseases_(niid)	osaka_prefectural_institute_of_public_health
B/Brisbane/117/2011	other_database_import	
B/Brisbane/20/2011	who_collaborating_centre_for_reference_and_research_on_influenza	queensland_health_scientific_services
B/Brisbane/40/2011	who_collaborating_centre_for_reference_and_research_on_influenza	queensland_health_scientific_services
B/Sydney/2/2010	other_database_import	
B/Perth/362/2010	who_collaborating_centre_for_reference_and_research_on_influenza	pathwest_qe_ii_medical_centre
B/Perth/227/2010	who_collaborating_centre_for_reference_and_research_on_influenza	pathwest_qe_ii_medical_centre
B/Sydney/201/2010	other_database_import	
B/Brisbane/41/2010-egg	who_collaborating_centre_for_reference_and_research_on_influenza	queensland_health_scientific_services
B/Brisbane/41/2010	other_database_import	queensland_health_scientific_services
B/Brisbane/9/2010	other_database_import	
B/Brisbane/20/2010	who_collaborating_centre_for_reference_and_research_on_influenza	queensland_health_scientific_services
B/Brisbane/25/2010	other_database_import	
B/Khmilnyk/4638/2011	national_institute_for_medical_research	institute_of_epidemiology_and_infectious_diseases_ams_of_ukraine
B/Khmilnyk/4322/2010	national_institute_for_medical_research	institute_of_epidemiology_and_infectious_diseases_ams_of_ukraine
B/Crimea/4980/2011	crick_worldwide_influenza_centre	institute_of_epidemiology_and_infectious_diseases_ams_of_ukraine
B/Serbia/2689/2011	crick_worldwide_influenza_centre	institute_of_immunology_and_virology_torlak
B/NewYork/1299/2011	other_database_import	
B/Sydney/508/2010-egg	who_collaborating_centre_for_reference_and_research_on_influenza	childrens_hospital_westmead
B/Sydney/508/2010	who_collaborating_centre_for_reference_and_research_on_influenza	childrens_hospital_westmead
B/Perth/501/2010	who_collaborating_centre_for_reference_and_research_on_influenza	princess_margaret_hospital_for_children
B/Dnipropetrovsk/4719/2011	crick_worldwide_influenza_centre	institute_of_epidemiology_and_infectious_diseases_ams_of_ukraine
B/Kharkiv/4260/2010	crick_worldwide_influenza_centre	institute_of_epidemiology_and_infectious_diseases_ams_of_ukraine
B/StPetersburg/5/2011-egg	centers_for_disease_control_and_prevention	russian_academy_of_medical_sciences
B/Massachusetts/1/2010	centers_for_disease_control_and_prevention	massachusetts_department_of_public_health
B/Guangdong/GZ034/2010	other_database_import	
B/HongKong/259/2010-egg	centers_for_disease_control_and_prevention	government_virus_unit
B/Daegu/1724/2010	centers_for_disease_control_and_prevention	national_institute_of_health
B/Texas/6/2010	centers_for_disease_control_and_prevention	texas_department_of_state_health_services_laboratory_services
B/Philippines/8/2010	centers_for_disease_control_and_prevention	thailand_moph_u.s._cdc_collaboration_(ieip)
B/Singapore/525/2010	who_collaborating_centre_for_reference_and_research_on_influenza	ministry_of_health,_singapore
B/Zaporizhia/210/2010	centers_for_disease_control_and_prevention	institute_of_epidemiology_and_infectious_diseases_ams_of_ukraine
B/Victoria/509/2010	other_database_import	
B/Sydney/204/2010	other_database_import	
B/Sydney/6/2010	other_database_import	
B/Brisbane/2/2010	who_collaborating_centre_for_reference_and_research_on_influenza	queensland_health_scientific_services
B/Victoria/506/2010-egg	who_collaborating_centre_for_reference_and_research_on_influenza	monash_medical_centre
B/Brisbane/8/2010	other_database_import	
B/Victoria/506/2010	who_collaborating_centre_for_reference_and_research_on_influenza	monash_medical_centre
B/Saitama/3/2010	national_institute_of_infectious_diseases_(niid)	saitama_institute_of_public_health
B/Lao/I724/2010	national_institute_of_infectious_diseases_(niid)	ministry_of_health_laos
B/Guangdong/GZ069/2010	other_database_import	
B/Thailand/CU-B2372/2010	other_database_import	
B/Massachusetts/1/2010-egg	centers_for_disease_control_and_prevention	massachusetts_department_of_public_health
B/Guangdong/GZ025/2010	other_database_import	
B/Lyon/CHU/1521-egg	national_institute_for_medical_research	crr_virus_influenza_region_sud
B/Lyon/CHU/1573-egg	national_institute_for_medical_research	crr_virus_influenza_region_sud
B/Lyon/CHU/1573	crick_worldwide_influenza_centre	crr_virus_influenza_region_sud
B/Lyon/CHU/1288-egg	national_institute_for_medical_research	crr_virus_influenza_region_sud
B/Lyon/CHU/1643-egg	national_institute_for_medical_research	crr_virus_influenza_region_sud
B/Lyon/CHU/1521	national_institute_for_medical_research	crr_virus_influenza_region_sud
B/Lyon/CHU/1476	crick_worldwide_influenza_centre	crr_virus_influenza_region_sud
B/Lyon/CHU/1288	crick_worldwide_influenza_centre	crr_virus_influenza_region_sud
B/Lyon/CHU/1476-egg	national_institute_for_medical_research	crr_virus_influenza_region_sud
B/Lyon/CHU/1643	national_institute_for_medical_research	crr_virus_influenza_region_sud
B/Okayama/1/2010	national_institute_of_infectious_diseases_(niid)	okayama_prefectural_institute_for_environmental_science_and_public_health
B/Kitakyushu/1/2011	national_institute_of_infectious_diseases_(niid)	kitakyusyu_city_institute_of_enviromental_sciences
B/Philippines/1505/2011	who_collaborating_centre_for_reference_and_research_on_influenza	research_institute_of_tropical_medicine
B/Guangdong/GZ083/2010	other_database_import	
B/HongKong/1863/2010-egg	centers_for_disease_control_and_prevention	government_virus_unit
B/HongKong/1863/2010	centers_for_disease_control_and_prevention	government_virus_unit
B/Kazakhstan/2078/2011	crick_worldwide_influenza_centre	national_reference_laboratory
B/Kazakhstan/2114/2011	national_institute_for_medical_research	national_reference_laboratory
B/StPetersburg/93/2011-egg	national_institute_for_medical_research	russian_academy_of_medical_sciences
B/Kanagawa/3/2010	national_institute_of_infectious_diseases_(niid)	kanagawa_prefectural_institute_of_public_health
B/Daegu/1614/2010	who_collaborating_centre_for_reference_and_research_on_influenza	
B/Hiroshima/8/2010	national_institute_of_infectious_diseases_(niid)	center_for_public_health_and_environment,_hiroshima_prefectural_technology_research_institute
B/Guangdong/GZ113/2010	other_database_import	
B/Guangdong/GZ123/2010	other_database_import	
B/Philippines/2533/2011	who_collaborating_centre_for_reference_and_research_on_influenza	research_institute_of_tropical_medicine
B/Philippines/2146/2010	who_collaborating_centre_for_reference_and_research_on_influenza	research_institute_of_tropical_medicine
B/Hiroshima-C/21/2010	national_institute_of_infectious_diseases_(niid)	hiroshima_city_institute_of_public_health
B/Guatemala/571/2010-egg	centers_for_disease_control_and_prevention	laboratorio_nacional_de_salud_guatemala
B/Guatemala/1317/2009-egg	centers_for_disease_control_and_prevention	laboratorio_nacional_de_salud_guatemala
B/Guatemala/1317/2009	centers_for_disease_control_and_prevention	laboratorio_nacional_de_salud_guatemala
B/Ghana/FS/10-4716/2010	national_institute_for_medical_research	university_of_ghana
B/Ghana/FS-1282/2009	national_institute_for_medical_research	university_of_ghana
B/Perth/210/2008-egg	who_collaborating_centre_for_reference_and_research_on_influenza	princess_margaret_hospital_for_children
B/Florida/18/2008	centers_for_disease_control_and_prevention	
B/Florida/28/2008-egg	centers_for_disease_control_and_prevention	
B/Florida/25/2008	centers_for_disease_control_and_prevention	
B/DominicanRepublic/978/2009-egg	centers_for_disease_control_and_prevention	laboratorio_de_investigacion_/_centro_de_educacion_medica_y_amistad_dominico_japones_(cemadoja)
B/DominicanRepublic/978/2009	centers_for_disease_control_and_prevention	laboratorio_de_investigacion_/_centro_de_educacion_medica_y_amistad_dominico_japones_(cemadoja)
B/Madagascar/4540/2009	national_institute_for_medical_research	institut_pasteur_de_madagascar
B/Madagascar/6028/2009	national_institute_for_medical_research	institut_pasteur_de_madagascar
B/Madagascar/4550/2009	national_institute_for_medical_research	institut_pasteur_de_madagascar
B/Madagascar/4867/2009	national_institute_for_medical_research	institut_pasteur_de_madagascar
B/Madagascar/2766/2010	national_institute_for_medical_research	institut_pasteur_de_madagascar
B/Madagascar/7279/2009	national_institute_for_medical_research	institut_pasteur_de_madagascar
B/Madagascar/5618/2009	national_institute_for_medical_research	institut_pasteur_de_madagascar
B/Madagascar/4254/2009	national_institute_for_medical_research	institut_pasteur_de_madagascar
B/Madagascar/6103/2009	national_institute_for_medical_research	institut_pasteur_de_madagascar
B/Madagascar/4554/2009	national_institute_for_medical_research	institut_pasteur_de_madagascar
B/Madagascar/4551/2009	national_institute_for_medical_research	institut_pasteur_de_madagascar
B/Madagascar/7135/2009	national_institute_for_medical_research	institut_pasteur_de_madagascar
B/Madagascar/7002/2009	national_institute_for_medical_research	institut_pasteur_de_madagascar
B/Madagascar/5866/2009	national_institute_for_medical_research	institut_pasteur_de_madagascar
B/Madagascar/6945/2009	national_institute_for_medical_research	institut_pasteur_de_madagascar
B/Madagascar/5680/2009	national_institute_for_medical_research	institut_pasteur_de_madagascar
B/India/8783/2008	centers_for_disease_control_and_prevention	
B/Toyama/109/2009	national_institute_of_infectious_diseases_(niid)	
B/Netherlands/437/2009	erasmus_medical_center	erasmus_medical_center
B/Netherlands/396/2009	erasmus_medical_center	erasmus_medical_center
B/Netherlands/385/2009	erasmus_medical_center	erasmus_medical_center
B/Norway/1474/2009	national_institute_for_medical_research	who_national_influenza_centre
B/Pennsylvania/4/2008-egg	centers_for_disease_control_and_prevention	
B/Pennsylvania/4/2008	centers_for_disease_control_and_prevention	
B/Washington/3/2009-egg	centers_for_disease_control_and_prevention	washington_state_public_health_laboratory
B/Washington/7/2009	centers_for_disease_control_and_prevention	seattle_&_king_county_public_health_lab
B/Ohio/1/2009	centers_for_disease_control_and_prevention	ohio_department_of_health_laboratories
B/Alaska/2/2009-egg	centers_for_disease_control_and_prevention	alaska_state_virology_lab
B/Stockholm/8/2009	swedish_institute_for_infectious_disease_control	swedish_institute_for_infectious_disease_control
A/Nairobi/9/2009	who_collaborating_centre_for_reference_and_research_on_influenza	ari_unit,_kenya_medical_research_institute_(kemri___nic),_centre_for_virus_research_annex,_p.o_box_54628
B/Kenya/2067/2010	centers_for_disease_control_and_prevention	cdc_kenya
B/Kenya/2050/2010	centers_for_disease_control_and_prevention	cdc_kenya
B/Georgia/42/2010-egg	centers_for_disease_control_and_prevention	georgia_public_health_laboratory
B/Kenya/6296/2010-egg	centers_for_disease_control_and_prevention	cdc_kenya
B/Auckland/48/2008	other_database_import	
B/Auckland/91/2008	other_database_import	
B/Johannesburg/102/2010	who_collaborating_centre_for_reference_and_research_on_influenza	national_institute_for_communicable_disease
B/Johannesburg/103/2010	national_institute_for_medical_research	sandringham,_national_institute_for_communicable_d
B/Niger/372/2010	crick_worldwide_influenza_centre	centre_de_recherche_medicale_et_sanitaire_(cermes)
B/Nigeria/958/2009	centers_for_disease_control_and_prevention	cdc_gap_nigeria
B/Ghana/516/2011	crick_worldwide_influenza_centre	university_of_ghana
B/Texas/25/2008	centers_for_disease_control_and_prevention	
B/Iowa/1/2009-egg	centers_for_disease_control_and_prevention	iowa_state_hygienic_laboratory
B/Texas/42/2008	centers_for_disease_control_and_prevention	
B/Pennsylvania/3/2008-egg	centers_for_disease_control_and_prevention	
B/Texas/4/2009	centers_for_disease_control_and_prevention	texas_childrens_hospital
B/Stockholm/1/2009	swedish_institute_for_infectious_disease_control	swedish_institute_for_infectious_disease_control
B/Kaliningrad/21/2009	centers_for_disease_control_and_prevention	russian_academy_of_medical_sciences
B/Texas/8/2009	centers_for_disease_control_and_prevention	southeast_texas_forensic_center
B/Japan/914/2009	other_database_import	
B/Sydney/4/2009	other_database_import	clinical_virology_unit,_cdim
B/NewYork/1213/2009	other_database_import	
B/Brisbane/46/2008-egg	who_collaborating_centre_for_reference_and_research_on_influenza	queensland_health_scientific_services
B/Montana/1/2009	centers_for_disease_control_and_prevention	montana_public_health_laboratory
B/Texas/27/2008	centers_for_disease_control_and_prevention	
B/Hawaii/1/2009-egg	centers_for_disease_control_and_prevention	state_of_hawaii_department_of_health
B/Hawaii/1/2009	centers_for_disease_control_and_prevention	state_of_hawaii_department_of_health
B/Texas/23/2008	centers_for_disease_control_and_prevention	
B/Texas/22/2008	centers_for_disease_control_and_prevention	
B/Texas/24/2008	centers_for_disease_control_and_prevention	
B/Hiroshima/3/2009	national_institute_of_infectious_diseases_(niid)	
B/Johannesburg/97/2010	who_collaborating_centre_for_reference_and_research_on_influenza	national_institute_for_communicable_disease
B/Sydney/1/2009	other_database_import	
B/Yamaguchi/4/2009	national_institute_of_infectious_diseases_(niid)	
B/Texas/23/2008-egg	centers_for_disease_control_and_prevention	
B/Fukui/48/2009	national_institute_of_infectious_diseases_(niid)	
B/Texas/34/2008	centers_for_disease_control_and_prevention	
B/Fukuoka/1/2009	national_institute_of_infectious_diseases_(niid)	
B/Stockholm/2/2009	swedish_institute_for_infectious_disease_control	swedish_institute_for_infectious_disease_control
B/Catalonia/S614/2009	hospital_clinic	barcelona,_facultad_de_medicina
B/Catalonia/S831/2009	hospital_clinic	barcelona,_facultad_de_medicina
B/Catalonia/S823/2009	hospital_clinic	barcelona,_facultad_de_medicina
B/Catalonia/S742/2009	hospital_clinic	barcelona,_facultad_de_medicina
B/Catalonia/S740/2009	hospital_clinic	barcelona,_facultad_de_medicina
B/Texas/1/2010	centers_for_disease_control_and_prevention	texas_department_of_state_health_services_laboratory_services
B/Kyrgyzstan/126/2010	centers_for_disease_control_and_prevention	national_virology_laboratory,_center_microbiological_investigations
B/Kyrgyzstan/330/2010	centers_for_disease_control_and_prevention	
B/Egypt/46/2010-egg	national_institute_for_medical_research	vacsera
B/Uganda/2719/2011	centers_for_disease_control_and_prevention	uganda_virus_research_institute_(uvri),_national_influenza_center
B/Egypt/66/2010-egg	national_institute_for_medical_research	vacsera
B/Egypt/65/2010-egg	national_institute_for_medical_research	vacsera
B/Stockholm/5/2010	swedish_institute_for_infectious_disease_control	swedish_institute_for_infectious_disease_control
B/Norway/201188/2011	crick_worldwide_influenza_centre	who_national_influenza_centre
B/Norway/1188/2011	national_institute_for_medical_research	who_national_influenza_centre
B/Lebanon/10L-47/2011	other_database_import	
B/Lebanon/10L-37/2011	other_database_import	
B/Srilanka/15/2011	who_collaborating_centre_for_reference_and_research_on_influenza	medical_research_institute
B/Texas/3/2011	centers_for_disease_control_and_prevention	texas_department_of_state_health_services_laboratory_services
B/Brunei/1/2010	who_collaborating_centre_for_reference_and_research_on_influenza	qasya_diagnostic_services_sdn_bhd
B/Shanghai-Luwan/1216/2011-egg	who_chinese_national_influenza_center	who_chinese_national_influenza_center
B/Aichi/64/2011	national_institute_of_infectious_diseases_(niid)	aichi_prefectural_institute_of_public_health
B/Saitama/26/2011	national_institute_of_infectious_diseases_(niid)	saitama_institute_of_public_health
B/Yokohama/35/2012	national_institute_of_infectious_diseases_(niid)	yokohama_city_institute_of_public_health.
B/Toyama/13/2012	national_institute_of_infectious_diseases_(niid)	toyama_institute_of_health
B/Saga/1023/2012	national_institute_of_infectious_diseases_(niid)	saga_prefectural_institute_of_public_health_and_pharmaceutical_research
B/Singapore/18/2012	who_collaborating_centre_for_reference_and_research_on_influenza	ministry_of_health,_singapore
B/Malaysia/U440/2012	other_database_import	
B/Gunma/18/2012	national_institute_of_infectious_diseases_(niid)	gunma_prefectural_institute_of_public_health_and_environmental_sciences
B/Taiwan/978/2012-egg		seasonal_vic
B/Malaysia/221/2012	who_collaborating_centre_for_reference_and_research_on_influenza	institut_penyelidikan_perubatan
B/Taiwan/1557/2011-egg		seasonal_vic
B/Malaysia/U33/2012	other_database_import	
B/Fukushima/45/2011	national_institute_of_infectious_diseases_(niid)	fukushima_prefectural_institute_of_public_health
B/RhodeIsland/2/2012	centers_for_disease_control_and_prevention	rhode_island_department_of_health
B/Brisbane/45/2008	other_database_import	
B/Auckland/17/2008	who_collaborating_centre_for_reference_and_research_on_influenza	auckland_healthcare
B/Hawaii/6/2008	centers_for_disease_control_and_prevention	
B/Japan/703/2009	other_database_import	
B/Washington/1/2009-egg	centers_for_disease_control_and_prevention	washington_state_public_health_laboratory
B/Washington/1/2009	centers_for_disease_control_and_prevention	washington_state_public_health_laboratory
B/Brisbane/55/2008	other_database_import	
B/Massachusetts/3/2009	centers_for_disease_control_and_prevention	massachusetts_department_of_public_health
B/Stockholm/3/2009	swedish_institute_for_infectious_disease_control	swedish_institute_for_infectious_disease_control
B/England/393/2007-egg	crick_worldwide_influenza_centre	microbiology_services_colindale,_public_health_england
B/England/393/2008-egg	national_institute_for_medical_research	health_protection_agency
B/NewYork/1210/2009	other_database_import	
B/Auckland/23/2008	other_database_import	
B/Hawaii/2/2009	centers_for_disease_control_and_prevention	state_of_hawaii_department_of_health
B/Japan/728/2009	other_database_import	
B/Japan/700/2009	other_database_import	
B/Philippines/8/2009	who_collaborating_centre_for_reference_and_research_on_influenza	research_institute_of_tropical_medicine
B/Hawaii/6/2008-egg	centers_for_disease_control_and_prevention	
B/NewYork/1206/2009	other_database_import	
B/Japan/688/2009	other_database_import	
B/Japan/683/2009	other_database_import	
B/Japan/706/2009	other_database_import	
B/Japan/711/2009	other_database_import	
B/Sydney/84/2008	other_database_import	
B/Chanthaburi/329/2009	who_collaborating_centre_for_reference_and_research_on_influenza	who_national_influenza_centre,_national_institute_of_medical_research_(nimr)
B/Stockholm/5/2009	swedish_institute_for_infectious_disease_control	swedish_institute_for_infectious_disease_control
B/StPetersburg/34/2009-egg	centers_for_disease_control_and_prevention	russian_academy_of_medical_sciences
B/Bayern/36/2008	national_institute_of_infectious_diseases_(niid)	
B/NewYork/1214/2009	other_database_import	
B/Norway/1064/2009	national_institute_for_medical_research	who_national_influenza_centre
B/StPetersburg/107/2009	centers_for_disease_control_and_prevention	russian_academy_of_medical_sciences
B/SouthCarolina/2/2010	centers_for_disease_control_and_prevention	south_carolina_department_of_health
B/Michigan/1/2009	centers_for_disease_control_and_prevention	michigan_department_of_community_health
B/Montana/2/2009	centers_for_disease_control_and_prevention	montana_public_health_laboratory
B/Kiev/69/2009	centers_for_disease_control_and_prevention	institute_of_epidemiology_and_infectious_diseases_ams_of_ukraine
B/Washington/6/2009	centers_for_disease_control_and_prevention	seattle_&_king_county_public_health_lab
B/Michigan/1/2009-egg	centers_for_disease_control_and_prevention	michigan_department_of_community_health
B/Townsville/5/2008	other_database_import	
B/CoteDIvoire/GR1655/2010	crick_worldwide_influenza_centre	pasteur_institut_of_côte_d'ivoire
B/Cameroon/10v-2035/2010	national_institute_for_medical_research	centre_pasteur_du_cameroun
B/Nigeria/3043/2010	centers_for_disease_control_and_prevention	cdc_gap_nigeria
B/Cameroon/LEID/11/10/1182/2010	national_institute_for_medical_research	centre_pasteur_du_cameroun
B/Cameroon/10v-744/2010	national_institute_for_medical_research	centre_pasteur_du_cameroun
B/Cameroon/10v-4954/2010	crick_worldwide_influenza_centre	centre_pasteur_du_cameroun
B/Cameroon/10v-901/2010	national_institute_for_medical_research	centre_pasteur_du_cameroun
B/Brisbane/33/2008-egg	centers_for_disease_control_and_prevention	queensland_health_scientific_services
B/Brisbane/33/2008	who_collaborating_centre_for_reference_and_research_on_influenza	queensland_health_scientific_services
B/Goa/V20/2012	other_database_import	
B/Delhi/V17/2012	other_database_import	
B/Haryana/V16/2012	other_database_import	
B/Chattisgarh/V25/2012	other_database_import	
B/Uttarakhand/V27/2012	other_database_import	
B/Delhi/V18/2012	other_database_import	
B/Chattisgarh/V29/2012	other_database_import	
B/Delhi/V24/2012	other_database_import	
B/Goa/V23/2012	other_database_import	
B/Singapore/15/2011	who_collaborating_centre_for_reference_and_research_on_influenza	ministry_of_health,_singapore
B/Jilin-Chuanying/1417/2012-egg	centers_for_disease_control_and_prevention	who_chinese_national_influenza_center
B/Stockholm/3/2012	swedish_institute_for_infectious_disease_control	
B/Victoria/501/2011	other_database_import	
B/JiangxiDonghu/1134/2012-egg		seasonal_vic
B/Hunan-Yuhua/1316/2011	who_chinese_national_influenza_center	who_chinese_national_influenza_center
B/Jiangsu-Hailing/1740/2012-egg	centers_for_disease_control_and_prevention	who_chinese_national_influenza_center
B/Fujian-Gulou/1218/2012-egg	who_chinese_national_influenza_center	who_chinese_national_influenza_center
B/Thailand/CU-B3153/2010	other_database_import	
B/Madagascar/7766/2010	crick_worldwide_influenza_centre	institut_pasteur_de_madagascar
B/Songkhla/43/2011	who_collaborating_centre_for_reference_and_research_on_influenza	who_national_influenza_centre,_national_institute_of_medical_research_(nimr)
B/Philippines/3971/2011	who_collaborating_centre_for_reference_and_research_on_influenza	research_institute_of_tropical_medicine
B/Lao/I874/2011	national_institute_of_infectious_diseases_(niid)	ministry_of_health_laos
B/Thailand/CU-H3052/2011	other_database_import	
B/Madagascar/8699/2011	crick_worldwide_influenza_centre	institut_pasteur_de_madagascar
B/Nongkhai/46/2012	who_collaborating_centre_for_reference_and_research_on_influenza	who_national_influenza_centre,_national_institute_of_medical_research_(nimr)
B/Lao/I969/2011	national_institute_of_infectious_diseases_(niid)	ministry_of_health_laos
B/Lao/I862/2011	national_institute_of_infectious_diseases_(niid)	ministry_of_health_laos
B/Thailand/CU-B5734/2011	other_database_import	
B/Bangkok/29/2012	who_collaborating_centre_for_reference_and_research_on_influenza	who_national_influenza_centre,_national_institute_of_medical_research_(nimr)
B/Bangkok/SI14/2012	other_database_import	
B/Sweden/3/2011	national_institute_for_medical_research	swedish_institute_for_infectious_disease_control
B/Osaka-C/1034/2011	national_institute_of_infectious_diseases_(niid)	osaka_city_institute_of_public_health_and_environmental_sciences
B/Lao/I987/2011	national_institute_of_infectious_diseases_(niid)	ministry_of_health_laos
B/Lao/I075/2013	national_institute_of_infectious_diseases_(niid)	ministry_of_health_laos
B/Lao/992/2012	centers_for_disease_control_and_prevention	national_center_for_laboratory_and_epidemiology
B/Lao/I114/2013	national_institute_of_infectious_diseases_(niid)	ministry_of_health_laos
B/Lao/51/2013	centers_for_disease_control_and_prevention	national_center_for_laboratory_and_epidemiology
B/Lao/I301/2013	national_institute_of_infectious_diseases_(niid)	ministry_of_health_laos
B/Texas/26/2008-egg	centers_for_disease_control_and_prevention	
B/Texas/26/2008	centers_for_disease_control_and_prevention	
B/Victoria/513/2008	other_database_import	
B/StPetersburg/54/2009	centers_for_disease_control_and_prevention	russian_academy_of_medical_sciences
B/Netherlands/524/2009	erasmus_medical_center	erasmus_medical_center
B/Gunma/40/2010	national_institute_of_infectious_diseases_(niid)	gunma_prefectural_institute_of_public_health_and_environmental_sciences
B/Washington/5/2009-egg	centers_for_disease_control_and_prevention	seattle_&_king_county_public_health_lab
B/Georgia/2/2008	centers_for_disease_control_and_prevention	
B/Illinois/1/2009	centers_for_disease_control_and_prevention	illinois_department_of_public_health_chicago
B/Illinois/1/2009-egg	centers_for_disease_control_and_prevention	illinois_department_of_public_health_chicago
B/Brisbane/60/2008-egg	national_institute_for_biological_standards_and_control_(nibsc)	who_centre_for_reference_&_research_on_influenza
B/Johannesburg/20/2010	who_collaborating_centre_for_reference_and_research_on_influenza	national_institute_for_communicable_disease
B/Johannesburg/107/2010	national_institute_for_medical_research	sandringham,_national_institute_for_communicable_d
B/Johannesburg/57/2010	who_collaborating_centre_for_reference_and_research_on_influenza	national_institute_for_communicable_disease
B/Johannesburg/57/2010-egg	who_collaborating_centre_for_reference_and_research_on_influenza	national_institute_for_communicable_disease
B/Brisbane/1/2009	who_collaborating_centre_for_reference_and_research_on_influenza	queensland_health_scientific_services
B/Wisconsin/3/2009-egg	centers_for_disease_control_and_prevention	wisconsin_state_laboratory_of_hygiene
B/Fiji/1/2009	who_collaborating_centre_for_reference_and_research_on_influenza	national_centre_for_scientific_services_for_virology__and_vector_borne_diseases
B/Cambodia/6785/2009	centers_for_disease_control_and_prevention	namru_2,_cambodia
B/Thailand/CU-B2271/2010	other_database_import	
B/Cambodia/5/2009	who_collaborating_centre_for_reference_and_research_on_influenza	institute_pasteur_du_cambodia
B/Cambodia/6535/2009-egg	centers_for_disease_control_and_prevention	namru_2,_cambodia
B/Cambodia/6535/2009	centers_for_disease_control_and_prevention	namru_2,_cambodia
B/Cambodia/6877/2009	centers_for_disease_control_and_prevention	namru_2,_cambodia
B/Cambodia/6877/2009-egg	centers_for_disease_control_and_prevention	namru_2,_cambodia
B/SouthAustralia/201/2008	who_collaborating_centre_for_reference_and_research_on_influenza	institute_of_medical_and_veterinary_science_(imvs)
B/Brisbane/60/2008	who_collaborating_centre_for_reference_and_research_on_influenza	who_centre_for_reference_&_research_on_influenza
B/Brisbane/165/2008	other_database_import	
B/Wellington/30/2008	other_database_import	institute_of_environmental_science_&_research
B/Auckland/124/2008	other_database_import	
B/Victoria/210/2008	other_database_import	victorian_infectious_diseases_reference_laboratory_
B/Brisbane/138/2008	other_database_import	
B/Perth/137/2008	who_collaborating_centre_for_reference_and_research_on_influenza	pathwest_qe_ii_medical_centre
B/NewHampshire/1/2009	centers_for_disease_control_and_prevention	new_hampshire_public_health_laboratories
B/Wisconsin/3/2009	centers_for_disease_control_and_prevention	wisconsin_state_laboratory_of_hygiene
B/Sydney/2/2009	other_database_import	
B/Mexico/1195/2012	centers_for_disease_control_and_prevention	laboratorio_de_virus_respiratorio
B/Bangladesh/8008/2011	centers_for_disease_control_and_prevention	institute_of_epidemiology_disease_control_and_research_(iedcr)_&_bangladesh_national_influenza_centre_(nic)
B/Shanghai-Luwan/1169/2011-egg	who_chinese_national_influenza_center	who_chinese_national_influenza_center
B/Chongqing-Wanzhou/1162/2011	who_chinese_national_influenza_center	who_chinese_national_influenza_center
B/Qatar/2310012781/2010	national_institute_for_medical_research	supreme_health_council
B/Stockholm/9/2010	swedish_institute_for_infectious_disease_control	swedish_institute_for_infectious_disease_control
B/Stockholm/13/2011-egg	national_institute_for_medical_research	swedish_institute_for_infectious_disease_control
B/Stockholm/13/2011	swedish_institute_for_infectious_disease_control	swedish_institute_for_infectious_disease_control
B/Lebanon/10L-25/2011	other_database_import	
B/Bhutan/1164/2010	centers_for_disease_control_and_prevention	thailand_moph_u.s._cdc_collaboration_(ieip)
B/Taiwan/190/2011-egg		seasonal_vic
B/Lebanon/10L-32/2011	other_database_import	
B/Nevada/3/2011-egg	centers_for_disease_control_and_prevention	nevada_state_health_laboratory
B/Nevada/3/2011	centers_for_disease_control_and_prevention	nevada_state_health_laboratory
B/Tehran/5277/2010	crick_worldwide_influenza_centre	tehran_university_of_medical_sciences
B/Karlstad/2/2010	swedish_institute_for_infectious_disease_control	
B/Denmark/24/2011	crick_worldwide_influenza_centre	statens_serum_institute
B/Lebanon/10L-39/2011	other_database_import	
B/Brisbane/60-5/2010	other_database_import	
B/Bangladesh/1585/2011	centers_for_disease_control_and_prevention	institute_of_epidemiology_disease_control_and_research_(iedcr)_&_bangladesh_national_influenza_centre_(nic)
B/Niigata/755/2009	national_institute_of_infectious_diseases_(niid)	
B/Fukuoka-C/1/2009	national_institute_of_infectious_diseases_(niid)	
B/Aichi/30/2009	national_institute_of_infectious_diseases_(niid)	
B/Saga/26/2009	national_institute_of_infectious_diseases_(niid)	
B/Bangladesh/4622/2011	centers_for_disease_control_and_prevention	institute_of_epidemiology_disease_control_and_research_(iedcr)_&_bangladesh_national_influenza_centre_(nic)
B/Bangladesh/8322/2011	centers_for_disease_control_and_prevention	institute_of_epidemiology_disease_control_and_research_(iedcr)_&_bangladesh_national_influenza_centre_(nic)
B/Bangladesh/9234/2011	centers_for_disease_control_and_prevention	institute_of_epidemiology_disease_control_and_research_(iedcr)_&_bangladesh_national_influenza_centre_(nic)
B/Bangladesh/4013/2011	centers_for_disease_control_and_prevention	institute_of_epidemiology_disease_control_and_research_(iedcr)_&_bangladesh_national_influenza_centre_(nic)
B/Shanghai-Xuhui/1172/2014-egg	centers_for_disease_control_and_prevention	shanghai_municipal_center_for_disease_control_and_prevention
B/Shanghai-Xuhui/136/2014	shanghai_municipal_center_for_disease_control_and_prevention	shanghai_municipal_center_for_disease_control_and_prevention
B/Victoria/48/2011	other_database_import	
B/SouthAuckland/12/2011	other_database_import	
B/Christchurch/33/2011	other_database_import	
B/Newfoundland/RV0032/2012	centers_for_disease_control_and_prevention	national_microbiology_laboratory,_health_canada
B/Tak/57/2012	centers_for_disease_control_and_prevention	who_national_influenza_centre,_national_institute_of_medical_research_(nimr)
B/Qatar/2311005072/2011	crick_worldwide_influenza_centre	supreme_health_council
B/Nepal/128/2010	centers_for_disease_control_and_prevention	thailand_moph_u.s._cdc_collaboration_(ieip)
B/Kenya/KCH112391/2012		import_from_public_domain
B/Dakar/4/2012	crick_worldwide_influenza_centre	institut_pasteur_de_dakar
B/Dakar/9/2012	crick_worldwide_influenza_centre	institut_pasteur_de_dakar
B/Dakar/3/2012	crick_worldwide_influenza_centre	institut_pasteur_de_dakar
B/Sydney/20/2012	who_collaborating_centre_for_reference_and_research_on_influenza	westmead_hospital
B/Bangladesh/5549/2011	centers_for_disease_control_and_prevention	institute_of_epidemiology_disease_control_and_research_(iedcr)_&_bangladesh_national_influenza_centre_(nic)
B/Brisbane/31/2010	other_database_import	
B/Kenya/4401/2011	centers_for_disease_control_and_prevention	cdc_kenya
B/Victoria/520/2011	other_database_import	
B/Malta/MV636714/2011-egg	national_institute_for_medical_research	mater_dei_hospital
B/Malta/MV636714/2011	national_institute_for_medical_research	mater_dei_hospital
B/India/9356/2010	centers_for_disease_control_and_prevention	national_institute_of_virology
B/Ghana/735/2011	crick_worldwide_influenza_centre	university_of_ghana
B/HongKong/2226/2010-egg	who_collaborating_centre_for_reference_and_research_on_influenza	government_virus_unit
B/Wisconsin/2/2011-egg	centers_for_disease_control_and_prevention	wisconsin_state_laboratory_of_hygiene
B/Kenya/KCH107275/2011		import_from_public_domain
B/Kenya/4964/2011	centers_for_disease_control_and_prevention	cdc_kenya
B/Kenya/2581/2011	centers_for_disease_control_and_prevention	cdc_kenya
B/Kenya-PERCH/4/2013	kemri_wellcome_trust_research_programme_(kwtrp)	kemri_wellcome_trust_research_programme_(kwtrp)
B/HongKong/767/2011	crick_worldwide_influenza_centre	government_virus_unit
B/Vilnius/704/2011	crick_worldwide_influenza_centre	lithuanian_aids_center_laboratory
B/RiodeJaneiro/697/2011	other_database_import	
B/RiodeJaneiro/693/2011	other_database_import	
B/RiodeJaneiro/695/2011	other_database_import	
B/RiodeJaneiro/676/2011	other_database_import	
B/RiodeJaneiro/677/2011	other_database_import	
B/RiodeJaneiro/674/2011	other_database_import	
B/RiodeJaneiro/671/2011	other_database_import	
B/RiodeJaneiro/672/2011	other_database_import	
B/Bolivia/753/2012	centers_for_disease_control_and_prevention	instituto_nacional_de_laboratoriosde_salud_(inlasa)
B/Bolivia/2142/2012	centers_for_disease_control_and_prevention	cenetrop
B/Bolivia/2376/2012	centers_for_disease_control_and_prevention	cenetrop
B/Brazil/944/2012	centers_for_disease_control_and_prevention	instituto_adolfo_lutz
B/Santiago/32756/2012-egg	centers_for_disease_control_and_prevention	instituto_de_salud_publica_de_chile_
B/Kolkata/202/2010	other_database_import	
B/Kolkata/273/2010	other_database_import	
B/Victoria/804/2012	who_collaborating_centre_for_reference_and_research_on_influenza	austin_health
B/Fiji/4/2011	who_collaborating_centre_for_reference_and_research_on_influenza	national_centre_for_scientific_services_for_virology__and_vector_borne_diseases
B/Malta/MV457/2011-egg	crick_worldwide_influenza_centre	mater_dei_hospital
B/Maevatanana/5151/2012	national_institute_for_medical_research	institut_pasteur_de_madagascar
B/Maevatanana/4280/2012	national_institute_for_medical_research	institut_pasteur_de_madagascar
B/Antsirabe/4171/2012	national_institute_for_medical_research	institut_pasteur_de_madagascar
B/Moramanga/3812/2012	national_institute_for_medical_research	institut_pasteur_de_madagascar
B/Madagascar/2856/2012	crick_worldwide_influenza_centre	institut_pasteur_de_madagascar
B/Catalonia/S4785/2012	hospital_clinic	barcelona,_facultad_de_medicina
B/Nevada/3/2012	centers_for_disease_control_and_prevention	southern_nevada_public_health_lab
B/Shizuoka/65/2012	national_institute_of_infectious_diseases_(niid)	shizuoka_institute_of_environment_and_hygiene
B/Oman/65/2012	centers_for_disease_control_and_prevention	central_public_health_laboratory,_ministry_of_health
B/Bahrain/10/2012	centers_for_disease_control_and_prevention	ministry_of_health_bahrain
B/Bahrain/15/2012	centers_for_disease_control_and_prevention	ministry_of_health_bahrain
B/Catalonia/S4116/2011	hospital_clinic	hospital_clinic
B/India/5526/2012	centers_for_disease_control_and_prevention	national_institute_of_virology
B/Morocco/940/2012	national_institute_of_hygiene	institut_national_d_hygiene,_ministere_de_la_sante_sante
B/Norway/2429/2011	crick_worldwide_influenza_centre	norwegian_institute_of_public_health
B/Ukraine/104/2012	national_institute_for_medical_research	institute_of_epidemiology_and_infectious_diseases_ams_of_ukraine
B/Victoria/802/2013	who_collaborating_centre_for_reference_and_research_on_influenza	austin_health
B/Bangkok/SI11/2011	other_database_import	
B/Fukuoka-C/1/2013	national_institute_of_infectious_diseases_(niid)	fukuoka_city_institute_for_hygiene_and_the_environment
B/Lao/I892/2012	national_institute_of_infectious_diseases_(niid)	ministry_of_health_laos
B/Lorraine/1023/2012	crick_worldwide_influenza_centre	crr_virus_influenza_region_sud
B/Kenya/KCH116437/2012		import_from_public_domain
B/Kaliningrad/6/2012	centers_for_disease_control_and_prevention	russian_academy_of_medical_sciences
A/Kaliningrad/RII03/2012	other_database_import	
B/Kaliningrad/RII06/2012	other_database_import	
B/FrenchGuiana/8157/2013	centers_for_disease_control_and_prevention	national_influenza_center_french_guiana_and_french_indies
B/Bangladesh/6704/2012	centers_for_disease_control_and_prevention	institute_of_epidemiology_disease_control_and_research_(iedcr)_&_bangladesh_national_influenza_centre_(nic)
B/Kawasaki/1/2012	national_institute_of_infectious_diseases_(niid)	kawasaki_city_institute_of_public_health_
B/Niigata/138/2012	national_institute_of_infectious_diseases_(niid)	niigata_prefectural_institute_of_public_health_and_environmental_sciences
B/Kumamoto/4/2012	national_institute_of_infectious_diseases_(niid)	kumamoto_prefectural_institute_of_public_health_and_environmental_science
B/Chiba/22/2011	national_institute_of_infectious_diseases_(niid)	chiba_prefectural_institute_of_public_health
B/Chiba/19/2011	national_institute_of_infectious_diseases_(niid)	chiba_prefectural_institute_of_public_health
B/Fukuoka-C/1/2012	national_institute_of_infectious_diseases_(niid)	fukuoka_city_institute_for_hygiene_and_the_environment
B/Yamagata/251/2012	national_institute_of_infectious_diseases_(niid)	yamagata_prefectural_institute_of_public_health
B/Finland/293/2012	national_institute_for_health_and_welfare	national_institute_for_health_and_welfare
B/India/2229/2011	centers_for_disease_control_and_prevention	national_institute_of_virology
B/Victoria/18/2012-egg	who_collaborating_centre_for_reference_and_research_on_influenza	victorian_infectious_diseases_reference_laboratory_
B/Victoria/18/2012	who_collaborating_centre_for_reference_and_research_on_influenza	victorian_infectious_diseases_reference_laboratory_
B/NewYork/1361/2012	other_database_import	
B/Argentina/872/2012	centers_for_disease_control_and_prevention	instituto_nacional_de_enfermedades_infecciosas
B/Uganda/4820/2016	centers_for_disease_control_and_prevention	uganda_virus_research_institute_(uvri),_national_influenza_center
B/England/22/2013	national_institute_for_medical_research	health_protection_agency
B/Jordan/30250/2013	national_institute_for_medical_research	laboratory_directorate
B/Sweden/1/2013	swedish_institute_for_infectious_disease_control	
B/Jordan/20440/2012	crick_worldwide_influenza_centre	laboratory_directorate
B/Jordan/30242/2013	national_institute_for_medical_research	laboratory_directorate
B/Jordan/30014/2012	crick_worldwide_influenza_centre	laboratory_directorate
B/Jordan/30278/2013	national_institute_for_medical_research	laboratory_directorate
B/Jordan/30244/2013	national_institute_for_medical_research	laboratory_directorate
B/Jordan/30306/2013	national_institute_for_medical_research	laboratory_directorate
B/Jordan/30100/2013	national_institute_for_medical_research	laboratory_directorate
B/Jordan/30187/2013	national_institute_for_medical_research	laboratory_directorate
B/Kobe/251/2013	national_institute_of_infectious_diseases_(niid)	kobe_institute_of_health
B/Shiga/2/2013	national_institute_of_infectious_diseases_(niid)	shiga_prefectural_institute_of_public_health
B/Philippines/15/2012	who_collaborating_centre_for_reference_and_research_on_influenza	research_institute_of_tropical_medicine
B/Khabarovsk/14/2014	national_institute_for_medical_research	who_national_influenza_centre_russian_federation
B/Moscow/12/2014	national_institute_for_medical_research	ivanovsky_research_institute_of_virology_rams
B/Moscow/2/2014	national_institute_for_medical_research	ivanovsky_research_institute_of_virology_rams
B/Bangkok/SI27/2012	other_database_import	
B/Estonia/77361/2013	national_institute_for_medical_research	health_protection_inspectorate
B/Bangkok/282/2012	centers_for_disease_control_and_prevention	who_national_influenza_centre,_national_institute_of_medical_research_(nimr)
B/Srilanka/2/2013	who_collaborating_centre_for_reference_and_research_on_influenza	medical_research_institute
B/Victoria/830/2013	who_collaborating_centre_for_reference_and_research_on_influenza	austin_health
B/Malaysia/U2343/2013	other_database_import	
B/Nicaragua/AGB2-28/2012	other_database_import	
B/Nicaragua/AGB2-27/2012	other_database_import	
B/Taraz/83/2013	national_institute_for_medical_research	national_reference_laboratory
B/Pennsylvania/5/2012-egg	centers_for_disease_control_and_prevention	pennsylvania_department_of_health
B/Pennsylvania/5/2012	centers_for_disease_control_and_prevention	pennsylvania_department_of_health
B/India/4969/2011	centers_for_disease_control_and_prevention	national_institute_of_virology
B/Ulaanbaatar/153/2012	national_institute_of_infectious_diseases_(niid)	national_center_for_communicable_diseases
B/Johannesburg/3952/2012-egg	national_institute_for_medical_research	sandringham,_national_institute_for_communicable_d
B/SouthAfrica/2/2012	kemri_wellcome_trust_research_programme_(kwtrp)	kemri_wellcome_trust_research_programme_(kwtrp)
B/Hungary/5/2013-egg	national_institute_for_medical_research	central_veterinary_institute_budapest
B/Lisbon/8/2012	crick_worldwide_influenza_centre	instituto_nacional_de_saude
B/Johannesburg/3958/2012-egg	national_institute_for_medical_research	sandringham,_national_institute_for_communicable_d
B/Johannesburg/3462/2012-egg	crick_worldwide_influenza_centre	sandringham,_national_institute_for_communicable_d
B/Caen/1623/2012	institut_pasteur	institut_pasteur
B/Johannesburg/3964/2012-egg	national_institute_for_medical_research	sandringham,_national_institute_for_communicable_d
B/Catalonia/2078138NS/2013	hospital_cl?nic_de_barcelona	hospital_clínic
B/Austria/58/2013	medical_university_vienna	department_of_virology,_medical_university_vienna
B/Auckland/527/2013	who_collaborating_centre_for_reference_and_research_on_influenza	institute_of_environmental_science_and_research_(esr)
B/Santiago/49517/2013	centers_for_disease_control_and_prevention	instituto_de_salud_publica_de_chile_
B/Santiago/49303/2012	centers_for_disease_control_and_prevention	instituto_de_salud_publica_de_chile_
B/Santiago/34960/2012	centers_for_disease_control_and_prevention	instituto_de_salud_publica_de_chile_
B/Utah/2/2013	centers_for_disease_control_and_prevention	utah_department_of_health
B/Brisbane/13/2013	who_collaborating_centre_for_reference_and_research_on_influenza	queensland_health_forensic_and_scientific_services_
B/Minnesota/3/2013	centers_for_disease_control_and_prevention	minnesota_department_of_health
B/Washington/8/2012	centers_for_disease_control_and_prevention	washington_state_public_health_laboratory
B/India/5875/2011	centers_for_disease_control_and_prevention	national_institute_of_virology
B/Gifu/5/2012	national_institute_of_infectious_diseases_(niid)	gifu_prefectural_institute_of_health_and_environmental_sciences
B/Peru/978/2012	centers_for_disease_control_and_prevention	namru_6
B/England/626/2012	crick_worldwide_influenza_centre	health_protection_agency
B/Argentina/35/2012	centers_for_disease_control_and_prevention	instituto_nacional_de_enfermedades_infecciosas
B/Formosa/V2367/2012	crick_worldwide_influenza_centre	instituto_nacional_de_enfermedades_infecciosas
B/Florida/33/2012	centers_for_disease_control_and_prevention	florida_department_of_health_jacksonville
B/Lao/I278/2014	national_institute_of_infectious_diseases_(niid)	ministry_of_health_laos
B/Lao/I120/2014	national_institute_of_infectious_diseases_(niid)	ministry_of_health_laos
B/Lao/I1019/2013	national_institute_of_infectious_diseases_(niid)	ministry_of_health_laos
B/Lao/I136/2014	national_institute_of_infectious_diseases_(niid)	ministry_of_health_laos
B/Lao/I143/2014	national_institute_of_infectious_diseases_(niid)	ministry_of_health_laos
B/Texas/9/2012	centers_for_disease_control_and_prevention	texas_department_of_state_health_services_laboratory_services
B/Peru/1634/2012	centers_for_disease_control_and_prevention	namru_6
B/Iowa/9/2012	centers_for_disease_control_and_prevention	iowa_state_hygienic_laboratory
B/StPetersburg/46/2012-egg	centers_for_disease_control_and_prevention	russian_academy_of_medical_sciences
B/FrenchGuiana/1021/2013	centers_for_disease_control_and_prevention	national_influenza_center_french_guiana_and_french_indies
B/Utah/8/2012-egg	centers_for_disease_control_and_prevention	utah_department_of_health
B/Hawaii/2/2014	centers_for_disease_control_and_prevention	state_of_hawaii_department_of_health
B/Perth/105/2013	who_collaborating_centre_for_reference_and_research_on_influenza	pathwest_qe_ii_medical_centre
B/Venezuela/82/2012	centers_for_disease_control_and_prevention	"instituto_nacional_de_higiene_""rafael_rangel"""
B/Utah/8/2012	centers_for_disease_control_and_prevention	utah_department_of_health
B/Moscow/63/2013	centers_for_disease_control_and_prevention	ivanovsky_research_institute_of_virology_rams
B/Bayern/1/2013	crick_worldwide_influenza_centre	robert_koch_institute
B/Austria/141/2013	medical_university_vienna	department_of_virology,_medical_university_vienna
B/Brazil/6828/2013	centers_for_disease_control_and_prevention	instituto_adolfo_lutz
B/Paraguay/672/2014	centers_for_disease_control_and_prevention	central_laboratory_of_public_health
B/Paraguay/59/2014	centers_for_disease_control_and_prevention	central_laboratory_of_public_health
B/Brazil/3742/2013	centers_for_disease_control_and_prevention	instituto_adolfo_lutz
B/Brazil/3452/2013	centers_for_disease_control_and_prevention	instituto_adolfo_lutz
B/Brazil/7795/2013	centers_for_disease_control_and_prevention	instituto_adolfo_lutz
B/Brazil/4861/2013	centers_for_disease_control_and_prevention	instituto_adolfo_lutz
B/Santiago/4267/2014	instituto_de_salud_publica_de_chile	instituto_de_salud_publica_de_chile_
B/India/6245/2011	centers_for_disease_control_and_prevention	national_institute_of_virology
B/Burgos/95/2012	crick_worldwide_influenza_centre	universidad_de_valladolid
B/Townsville/2/2013	who_collaborating_centre_for_reference_and_research_on_influenza	queensland_health_scientific_services
B/StPetersburg/18/2012	crick_worldwide_influenza_centre	who_national_influenza_centre_russian_federation
B/StPetersburg/RII18/2012	other_database_import	
B/Andalucia/359/2012-egg	national_institute_for_medical_research	instituto_de_salud_carlos_iii
B/Andalucia/359/2012	instituto_de_salud_carlos_iii	instituto_de_salud_carlos_iii
B/Malaysia/U355/2012	other_database_import	
B/Ozurgeti/542/2013	national_institute_for_medical_research	national_centre_for_disease_control_and_public_health
B/Tbilisi/524/2013	national_institute_for_medical_research	national_centre_for_disease_control_and_public_health
B/Kutaisi/384/2013	national_institute_for_medical_research	national_centre_for_disease_control_and_public_health
B/Vietnam/61/2012	centers_for_disease_control_and_prevention	national_institute_of_hygiene_and_epidemiology
B/India/8575/2011	centers_for_disease_control_and_prevention	national_institute_of_virology
B/Indonesia/Nihrdi-Mks1003/2013	centers_for_disease_control_and_prevention	ministry_of_health,_nihrd
B/Indonesia/Nihrd-Mtr1658/2013	centers_for_disease_control_and_prevention	ministry_of_health,_nihrd
B/Taiwan/12/2013	national_institute_of_infectious_diseases_(niid)	center_for_disease_control
B/Hawaii/16/2014	centers_for_disease_control_and_prevention	state_of_hawaii_department_of_health
B/Macau/610434/2013	who_collaborating_centre_for_reference_and_research_on_influenza	laboratorio_de_saude_publico
B/Singapore/KK492/2013	who_collaborating_centre_for_reference_and_research_on_influenza	ministry_of_health,_singapore
B/Shanghai-Huangpu/1347/2013	shanghai_municipal_center_for_disease_control_and_prevention	shanghai_municipal_center_for_disease_control_and_prevention
B/Malaysia/6/2014	who_collaborating_centre_for_reference_and_research_on_influenza	institut_penyelidikan_perubatan
B/HongKong/74/2013	centers_for_disease_control_and_prevention	government_virus_unit
B/Sydney/1/2013	who_collaborating_centre_for_reference_and_research_on_influenza	clinical_virology_unit,_cdim
B/Indonesia/Nihrd-Buas704/2013	centers_for_disease_control_and_prevention	ministry_of_health,_nihrd
B/Perth/503/2014	who_collaborating_centre_for_reference_and_research_on_influenza	pathwest_qe_ii_medical_centre
B/Taiwan/190/2014	national_institute_of_infectious_diseases_(niid)	center_for_disease_control
B/Victoria/510/2014	who_collaborating_centre_for_reference_and_research_on_influenza	monash_medical_centre
B/Aichi/5/2015	national_institute_of_infectious_diseases_(niid)	aichi_prefectural_institute_of_public_health
B/Singapore/GP488/2015	ministry_of_health,_singapore	ministry_of_health,_singapore
B/Nonthaburi/373/2014	centers_for_disease_control_and_prevention	who_national_influenza_centre,_national_institute_of_medical_research_(nimr)
B/Bangkok/22/2015	who_collaborating_centre_for_reference_and_research_on_influenza	who_national_influenza_centre,_national_institute_of_medical_research_(nimr)
B/Sweden/8/2016	swedish_institute_for_infectious_disease_control	
B/Cambodia/Z1212502/2015	who_collaborating_centre_for_reference_and_research_on_influenza	institute_pasteur_du_cambodia
B/HongKong/3546/2012	crick_worldwide_influenza_centre	government_virus_unit
B/NewJersey/1/2012-egg	national_institute_for_medical_research	centers_for_disease_control_and_prevention
B/NewJersey/1/2012	crick_worldwide_influenza_centre	centers_for_disease_control_and_prevention
B/NewYork/1354/2012	other_database_import	
B/Newcastle/32/2012	who_collaborating_centre_for_reference_and_research_on_influenza	john_hunter_hospital
B/Jordan/30465/2012	crick_worldwide_influenza_centre	laboratory_directorate
B/England/537/2012	crick_worldwide_influenza_centre	health_protection_agency
B/Bangladesh/1005/2012	centers_for_disease_control_and_prevention	institute_of_epidemiology_disease_control_and_research_(iedcr)_&_bangladesh_national_influenza_centre_(nic)
B/Brisbane/140/2012	who_collaborating_centre_for_reference_and_research_on_influenza	queensland_health_scientific_services
B/SouthAustralia/36/2012-egg	who_collaborating_centre_for_reference_and_research_on_influenza	institute_of_medical_and_veterinary_science_(imvs)
B/Kraljevo/899/2013	national_institute_for_medical_research	institute_of_immunology_and_virology_torlak
B/SouthAustralia/71/2012	who_collaborating_centre_for_reference_and_research_on_influenza	institute_of_medical_and_veterinary_science_(imvs)
B/SouthAustralia/73/2012-egg	who_collaborating_centre_for_reference_and_research_on_influenza	institute_of_medical_and_veterinary_science_(imvs)
B/AthensGR/98/2012	national_institute_for_medical_research	hellenic_pasteur_institute
B/Ethiopia/116/2012	centers_for_disease_control_and_prevention	ethiopian_health_and_nutrition_research_institute_(ehnri)
B/India/316/2012	centers_for_disease_control_and_prevention	national_institute_of_virology
B/Boston/YGB_01025/2013	other_database_import	
B/Argentina/871/2012	centers_for_disease_control_and_prevention	instituto_nacional_de_enfermedades_infecciosas
B/Argentina/44/2012	centers_for_disease_control_and_prevention	instituto_nacional_de_enfermedades_infecciosas
B/BuenosAires/770/2012	crick_worldwide_influenza_centre	instituto_nacional_de_enfermedades_infecciosas
B/NewHampshire/6/2012	centers_for_disease_control_and_prevention	new_hampshire_public_health_laboratories
B/Brazil/6004/2013	centers_for_disease_control_and_prevention	instituto_adolfo_lutz
B/Tucuman/A458/2012	crick_worldwide_influenza_centre	instituto_nacional_de_enfermedades_infecciosas
B/Argentina/9410/2012	centers_for_disease_control_and_prevention	cemic_university_hospital
B/Slovenia/84/2013	national_institute_for_medical_research	laboratory_for_virology,_national_institute_of_public_health
B/Boston/YGB_01045/2013	other_database_import	
B/Boston/YGB_01019/2013	other_database_import	
B/Massachusetts/4/2013	centers_for_disease_control_and_prevention	massachusetts_department_of_public_health
B/Nigeria/7903/2012	centers_for_disease_control_and_prevention	national_influenza_reference_laboratory
B/England/373/2014	national_institute_for_medical_research	health_protection_agency
B/Malaysia/U3527/2014	other_database_import	
B/Malaysia/U3510/2014	other_database_import	
B/Cameroon/7386/2013	national_institute_for_medical_research	centre_pasteur_du_cameroun
B/Cameroon/14V-5327GVFI/2014	crick_worldwide_influenza_centre	centre_pasteur_du_cameroun
B/Norway/1570/2015	norwegian_institute_of_public_health	health_forde,_department_of_microbiology
B/Liaoning-Heping/1380/2014	who_chinese_national_influenza_center	who_chinese_national_influenza_center
B/Cameroon/14V-7878/2014	national_institute_for_medical_research	centre_pasteur_du_cameroun
B/Cameroon/14V-7839/2014	national_institute_for_medical_research	centre_pasteur_du_cameroun
B/Cameroon/2052/2014	national_institute_for_medical_research	centre_pasteur_du_cameroun
B/Cameroon/2293/2014	national_institute_for_medical_research	centre_pasteur_du_cameroun
B/Ghana/1118/2013	centers_for_disease_control_and_prevention	national_institute_for_medical_research
B/Ghana/DILI-14-1032/2014	national_institute_for_medical_research	university_of_ghana
B/Ghana/FS-14-1049/2014	national_institute_for_medical_research	university_of_ghana
B/BadenWurttemberg/3/2014	national_institute_for_medical_research	robert_koch_institute
B/HongKong/3513/2014	who_chinese_national_influenza_center	who_chinese_national_influenza_center
B/Tanzania/1905/2014	centers_for_disease_control_and_prevention	national_influenza_lab
B/Newcastle/28/2015	who_collaborating_centre_for_reference_and_research_on_influenza	john_hunter_hospital
B/Ethiopia/948/2013	centers_for_disease_control_and_prevention	ethiopian_health_and_nutrition_research_institute_(ehnri)
B/Cameroon/4314/2014	national_institute_for_medical_research	centre_pasteur_du_cameroun
B/Cameroon/4736/2014	national_institute_for_medical_research	centre_pasteur_du_cameroun
B/Cameroon/14V-5328GVFI/2014	national_institute_for_medical_research	centre_pasteur_du_cameroun
B/Cameroon/14V-5846GVFI/2014	national_institute_for_medical_research	centre_pasteur_du_cameroun
B/Cameroon/4681/2014	national_institute_for_medical_research	centre_pasteur_du_cameroun
B/Cameroon/14V-8586/2014	national_institute_for_medical_research	centre_pasteur_du_cameroun
B/Cameroon/14V-8639/2014	national_institute_for_medical_research	centre_pasteur_du_cameroun
B/NorthCarolina/10/2013	centers_for_disease_control_and_prevention	north_carolina_state_laboratory_of_public_health
B/Canberra/1/2013	who_collaborating_centre_for_reference_and_research_on_influenza	canberra_hospital
B/India/2024/2012	centers_for_disease_control_and_prevention	all_india_institute_of_medical_sciences
B/Vitebsk/1624/2013	national_institute_for_medical_research	laboratory_of_influenza_and_ili_
B/Moscow/33/2013	national_institute_for_medical_research	ivanovsky_research_institute_of_virology_rams
B/Switzerland/16034436/2015	crick_worldwide_influenza_centre	hopital_cantonal_universitaire_de_geneves
B/Bahrain/113/2016	centers_for_disease_control_and_prevention	ministry_of_health_bahrain
B/Bahrain/921/2015	centers_for_disease_control_and_prevention	ministry_of_health_bahrain
B/Krasnoyarsk/1/2015	crick_worldwide_influenza_centre	who_national_influenza_centre_russian_federation
B/Nepal/383/2016	centers_for_disease_control_and_prevention	national_public_health_laboratory
B/Nepal/582/2016	centers_for_disease_control_and_prevention	national_public_health_laboratory
B/Nepal/FLU-NPBH-02948/2016	usamc_armed_forces_medical_research_institute_of_medial_sciences	usamc_afrims_department_of_virology
B/SouthAfrica/662/2014	national_institute_for_medical_research	sandringham,_national_institute_for_communicable_d
B/Tokat/143/2014	national_institute_for_medical_research	refik_saydam_national_public_health_agency
B/Cankiri/348/2014	national_institute_for_medical_research	refik_saydam_national_public_health_agency
B/Cankiri/226/2014	national_institute_for_medical_research	refik_saydam_national_public_health_agency
B/Japan/3942/2013	centers_for_disease_control_and_prevention	u.s._air_force_school_of_aerospace_medicine
B/Centre/1496/2013	national_institute_for_medical_research	institut_pasteur
B/Nagano/2029/2013	national_institute_of_infectious_diseases_(niid)	nagano_environmental_conservation_research_institute
B/Nagano/2016/2013	national_institute_of_infectious_diseases_(niid)	nagano_environmental_conservation_research_institute
B/Seoul/16/2013	centers_for_disease_control_and_prevention	national_institute_of_health
B/Aichi/55/2013	national_institute_of_infectious_diseases_(niid)	aichi_prefectural_institute_of_public_health
B/Malaysia/U2230/2013	other_database_import	
B/Bangladesh/3849/2012	centers_for_disease_control_and_prevention	institute_of_epidemiology_disease_control_and_research_(iedcr)_&_bangladesh_national_influenza_centre_(nic)
B/Bangladesh/8009/2013	centers_for_disease_control_and_prevention	institute_of_epidemiology_disease_control_and_research_(iedcr)_&_bangladesh_national_influenza_centre_(nic)
B/Bangladesh/8010/2013	centers_for_disease_control_and_prevention	institute_of_epidemiology_disease_control_and_research_(iedcr)_&_bangladesh_national_influenza_centre_(nic)
B/Sakai/19/2013	national_institute_of_infectious_diseases_(niid)	sakai_city_institute_of_public_health
B/Fukui/2/2014	national_institute_of_infectious_diseases_(niid)	fukui_prefectural_institute_of_public_health
B/Bangladesh/3006/2013	centers_for_disease_control_and_prevention	institute_of_epidemiology_disease_control_and_research_(iedcr)_&_bangladesh_national_influenza_centre_(nic)
B/Bangladesh/2429/2014	centers_for_disease_control_and_prevention	institute_of_epidemiology_disease_control_and_research_(iedcr)_&_bangladesh_national_influenza_centre_(nic)
B/Bangladesh/6365/2013	centers_for_disease_control_and_prevention	institute_of_epidemiology_disease_control_and_research_(iedcr)_&_bangladesh_national_influenza_centre_(nic)
B/Bangladesh/2006/2013	centers_for_disease_control_and_prevention	institute_of_epidemiology_disease_control_and_research_(iedcr)_&_bangladesh_national_influenza_centre_(nic)
B/Singapore/TT001/2014	who_collaborating_centre_for_reference_and_research_on_influenza	ministry_of_health,_singapore
B/Bangladesh/6784/2014	centers_for_disease_control_and_prevention	institute_of_epidemiology_disease_control_and_research_(iedcr)_&_bangladesh_national_influenza_centre_(nic)
B/Bangladesh/214/2014	centers_for_disease_control_and_prevention	institute_of_epidemiology_disease_control_and_research_(iedcr)_&_bangladesh_national_influenza_centre_(nic)
B/Bangladesh/4180/2013	centers_for_disease_control_and_prevention	institute_of_epidemiology_disease_control_and_research_(iedcr)_&_bangladesh_national_influenza_centre_(nic)
B/Bangladesh/1835/2013	centers_for_disease_control_and_prevention	institute_of_epidemiology_disease_control_and_research_(iedcr)_&_bangladesh_national_influenza_centre_(nic)
B/Lisbon/1/2014	insa_national_institute_of_health_portugal	instituto_nacional_de_saude
B/Malaysia/2/2014	who_collaborating_centre_for_reference_and_research_on_influenza	institut_penyelidikan_perubatan
B/Bangladesh/5253/2013	centers_for_disease_control_and_prevention	institute_of_epidemiology_disease_control_and_research_(iedcr)_&_bangladesh_national_influenza_centre_(nic)
B/Tomsk/1/2014	national_institute_for_medical_research	ivanovsky_research_institute_of_virology_rams
B/Bangladesh/2015/2014	centers_for_disease_control_and_prevention	institute_of_epidemiology_disease_control_and_research_(iedcr)_&_bangladesh_national_influenza_centre_(nic)
B/Chiangrai/273/2014	who_collaborating_centre_for_reference_and_research_on_influenza	who_national_influenza_centre,_national_institute_of_medical_research_(nimr)
B/Bangladesh/2002/2014	centers_for_disease_control_and_prevention	institute_of_epidemiology_disease_control_and_research_(iedcr)_&_bangladesh_national_influenza_centre_(nic)
B/Bangladesh/7751/2014	centers_for_disease_control_and_prevention	institute_of_epidemiology_disease_control_and_research_(iedcr)_&_bangladesh_national_influenza_centre_(nic)
B/Bangladesh/3009/2013	centers_for_disease_control_and_prevention	institute_of_epidemiology_disease_control_and_research_(iedcr)_&_bangladesh_national_influenza_centre_(nic)
B/Bangladesh/12/2013	centers_for_disease_control_and_prevention	institute_of_epidemiology_disease_control_and_research_(iedcr)_&_bangladesh_national_influenza_centre_(nic)
B/Bangladesh/2004/2014	centers_for_disease_control_and_prevention	institute_of_epidemiology_disease_control_and_research_(iedcr)_&_bangladesh_national_influenza_centre_(nic)
B/Bangladesh/2012/2013	centers_for_disease_control_and_prevention	institute_of_epidemiology_disease_control_and_research_(iedcr)_&_bangladesh_national_influenza_centre_(nic)
B/Bangladesh/4345/2014	centers_for_disease_control_and_prevention	institute_of_epidemiology_disease_control_and_research_(iedcr)_&_bangladesh_national_influenza_centre_(nic)
B/Bangladesh/1730/2014	centers_for_disease_control_and_prevention	institute_of_epidemiology_disease_control_and_research_(iedcr)_&_bangladesh_national_influenza_centre_(nic)
B/Bangladesh/7691/2014	centers_for_disease_control_and_prevention	institute_of_epidemiology_disease_control_and_research_(iedcr)_&_bangladesh_national_influenza_centre_(nic)
B/Samara/RII13/2013	who_national_influenza_centre_russian_federation	who_national_influenza_centre_russian_federation
B/Bangladesh/3249/2012	centers_for_disease_control_and_prevention	institute_of_epidemiology_disease_control_and_research_(iedcr)_&_bangladesh_national_influenza_centre_(nic)
B/Lisbon/50/2013	insa_national_institute_of_health_portugal	instituto_nacional_de_saude
B/Lisbon/13/2013	national_institute_for_medical_research	instituto_nacional_de_saude
B/Samara/7/2013	centers_for_disease_control_and_prevention	russian_academy_of_medical_sciences
B/Andalucia/358/2012	instituto_de_salud_carlos_iii	servicio_de_microbiología_hospital_virgen_de_las_nieves
B/CoteDIvoire/2091/2013	national_institute_for_medical_research	pasteur_institut_of_côte_d'ivoire
B/Andalucia/358/2012-egg	national_institute_for_medical_research	servicio_de_microbiología_hospital_virgen_de_las_nieves
B/Gambia/G0137636/2013	national_institute_for_medical_research	
B/Gambia-PERCH/2/2013	kemri_wellcome_trust_research_programme_(kwtrp)	kemri_wellcome_trust_research_programme_(kwtrp)
B/Gambia/G0139336/2013	national_institute_for_medical_research	
B/Belgium/14G0509/2014	national_institute_for_medical_research	scientific_institute_of_public_health
B/Ghana/DILI-14-0878/2014	national_institute_for_medical_research	university_of_ghana
B/Gambia-PERCH/3/2013	kemri_wellcome_trust_research_programme_(kwtrp)	kemri_wellcome_trust_research_programme_(kwtrp)
B/Taiwan/113/2015	national_institute_of_infectious_diseases_(niid)	center_for_disease_control
B/Ghana/DILI-15-093/2015	crick_worldwide_influenza_centre	university_of_ghana
B/Ghana/DILI-15-174/2015	crick_worldwide_influenza_centre	university_of_ghana
B/Dakar/21/2013	national_institute_for_medical_research	institut_pasteur_de_dakar
B/Niakhar/1770/2013	centers_for_disease_control_and_prevention	institut_pasteur_de_dakar
B/Niakhar/1903/2013	centers_for_disease_control_and_prevention	institut_pasteur_de_dakar
B/Ghana/DILI-0572/2014	national_institute_for_medical_research	university_of_ghana
B/Ghana/DILI-14-0572/2014	national_institute_for_medical_research	university_of_ghana
B/Ghana/DILI-0531/2014	national_institute_for_medical_research	university_of_ghana
B/Melilla/1343/2014	instituto_de_salud_carlos_iii	instituto_de_salud_carlos_iii
B/Melilla/1283/2014	instituto_de_salud_carlos_iii	instituto_de_salud_carlos_iii
B/England/199/2014	national_institute_for_medical_research	health_protection_agency
B/Melilla/395/2014	instituto_de_salud_carlos_iii	instituto_de_salud_carlos_iii
B/Niakhar/1733/2013	centers_for_disease_control_and_prevention	institut_pasteur_de_dakar
B/Aichi/49/2014	national_institute_of_infectious_diseases_(niid)	aichi_prefectural_institute_of_public_health
B/Chiba/22/2014	national_institute_of_infectious_diseases_(niid)	chiba_prefectural_institute_of_public_health
B/Tasmania/1/2014	who_collaborating_centre_for_reference_and_research_on_influenza	royal_hobart_hospital
B/Chiba-C/21/2014	national_institute_of_infectious_diseases_(niid)	chiba_city_institute_of_health_and_environment
B/Saitama/12/2014	national_institute_of_infectious_diseases_(niid)	saitama_institute_of_public_health
B/Yamagata/23/2014	national_institute_of_infectious_diseases_(niid)	yamagata_prefectural_institute_of_public_health
B/Gunma/30/2014	national_institute_of_infectious_diseases_(niid)	gunma_prefectural_institute_of_public_health_and_environmental_sciences
B/Niigata-C/3/2014	national_institute_of_infectious_diseases_(niid)	niigata_city_institute_of_public_health_and_environment
B/Kochi/103/2014	national_institute_of_infectious_diseases_(niid)	kochi_public_health_and_sanitation_institute_
B/Nagano-C/3/2014	national_institute_of_infectious_diseases_(niid)	nagano_city_health_center
B/Yokohama/31/2013	national_institute_of_infectious_diseases_(niid)	yokohama_city_institute_of_public_health.
B/Tokyo/33418/2013	national_institute_of_infectious_diseases_(niid)	tokyo_metropolitan_institute_of_public_health
B/Ishikawa/56/2014	national_institute_of_infectious_diseases_(niid)	ishikawa_prefectural_institute_of_public_health_and_environmental_science
B/Norway/970/2014	national_institute_for_medical_research	who_national_influenza_centre
B/Brisbane/3/2014	who_collaborating_centre_for_reference_and_research_on_influenza	queensland_health_scientific_services
B/India/315/2012	centers_for_disease_control_and_prevention	national_institute_of_virology
B/India/4352/2014	centers_for_disease_control_and_prevention	national_institute_of_virology
B/Bangladesh/8007/2012	centers_for_disease_control_and_prevention	institute_of_epidemiology_disease_control_and_research_(iedcr)_&_bangladesh_national_influenza_centre_(nic)
B/Samara/11/2013	national_institute_for_medical_research	who_national_influenza_centre_russian_federation
B/Ishikawa/76/2013	national_institute_of_infectious_diseases_(niid)	ishikawa_prefectural_institute_of_public_health_and_environmental_science
B/Bangladesh/7075/2012	centers_for_disease_control_and_prevention	institute_of_epidemiology_disease_control_and_research_(iedcr)_&_bangladesh_national_influenza_centre_(nic)
B/Bangladesh/7824/2012	centers_for_disease_control_and_prevention	institute_of_epidemiology_disease_control_and_research_(iedcr)_&_bangladesh_national_influenza_centre_(nic)
B/Bangladesh/3008/2013	centers_for_disease_control_and_prevention	institute_of_epidemiology_disease_control_and_research_(iedcr)_&_bangladesh_national_influenza_centre_(nic)
B/Malaysia/U1331/2012	other_database_import	
B/StPetersburg/RII144/2013	who_national_influenza_centre_russian_federation	who_national_influenza_centre_russian_federation
B/StPetersburg/144/2013	national_institute_for_medical_research	who_national_influenza_centre_russian_federation
B/Malaysia/U3503/2014	other_database_import	
B/Townsville/5/2013	who_collaborating_centre_for_reference_and_research_on_influenza	queensland_health_scientific_services
B/Perth/8/2013	who_collaborating_centre_for_reference_and_research_on_influenza	pathwest_qe_ii_medical_centre
B/Austria/721922/2013	national_institute_for_medical_research	university_of_vienna
B/Bangkok/SI78/2014	other_database_import	
B/Malaysia/U3331/2014	other_database_import	
B/Yunnan-Gucheng/1948/2014	national_institute_for_medical_research	who_chinese_national_influenza_center
B/HongKong/3221/2014	national_institute_for_medical_research	government_virus_unit
B/HongKong/445/2013	national_institute_for_medical_research	government_virus_unit
B/HongKong/3587/2014	who_chinese_national_influenza_center	who_chinese_national_influenza_center
B/HongKong/3298/2014	national_institute_for_medical_research	government_virus_unit
B/Philippines/4/2014	who_collaborating_centre_for_reference_and_research_on_influenza	research_institute_of_tropical_medicine
B/Malaysia/U3587/2014	other_database_import	
B/Jiangxi-Xunyang/1689/2014	who_chinese_national_influenza_center	who_chinese_national_influenza_center
B/Ulsan/1695/2013	centers_for_disease_control_and_prevention	national_institute_of_health
B/Heilongjiang-Aihui/1697/2014	who_chinese_national_influenza_center	who_chinese_national_influenza_center
B/Fujian-Meilie/1877/2014	who_chinese_national_influenza_center	who_chinese_national_influenza_center
B/Fujian-Yongan/518/2014	who_chinese_national_influenza_center	who_chinese_national_influenza_center
B/Kumamoto-C/3/2014	national_institute_of_infectious_diseases_(niid)	kumamoto_city_environmental__research_center
B/Macau/610803/2013	who_collaborating_centre_for_reference_and_research_on_influenza	laboratorio_de_saude_publico
B/Guangdong-Xiangzhou/11050/2013	who_chinese_national_influenza_center	who_chinese_national_influenza_center
B/Guangdong-Zhongshan/1465/2014-egg	centers_for_disease_control_and_prevention	who_chinese_national_influenza_center
B/HongKong/3343/2014	centers_for_disease_control_and_prevention	government_virus_unit
B/Hunan-Lengshuitan/11179/2013	who_chinese_national_influenza_center	who_chinese_national_influenza_center
B/Macau/610712/2013	who_collaborating_centre_for_reference_and_research_on_influenza	laboratorio_de_saude_publico
B/Taiwan/22/2013	centers_for_disease_control_and_prevention	adimmune_corporation
B/Alberta/RV2320/2013	centers_for_disease_control_and_prevention	national_microbiology_laboratory,_health_canada
B/Malaysia/U2305/2013	other_database_import	
B/Tottori/37/2013	national_institute_of_infectious_diseases_(niid)	tottori_prefectural_institute_of_public_health_and_environmental_science
B/Kyoto-C/12/2014	national_institute_of_infectious_diseases_(niid)	kyoto_city_institute_of_health_and_environmental_sciences
B/Kyoto/13SK056/2014	niigata_university	
B/Osaka-C/43/2014	national_institute_of_infectious_diseases_(niid)	osaka_city_institute_of_public_health_and_environmental_sciences
B/Shiga/14/2014	national_institute_of_infectious_diseases_(niid)	shiga_prefectural_institute_of_public_health
B/Sydney/19/2014	who_collaborating_centre_for_reference_and_research_on_influenza	clinical_virology_unit,_cdim
B/Malaysia/U1827/2013	other_database_import	
B/Moscow/44/2013	national_institute_for_medical_research	ivanovsky_research_institute_of_virology_rams
B/HongKong/439/2013	national_institute_for_medical_research	government_virus_unit
B/Taiwan/132/2014	national_institute_of_infectious_diseases_(niid)	center_for_disease_control
B/Taiwan/63/2014	national_institute_of_infectious_diseases_(niid)	center_for_disease_control
B/Tochigi/5/2013	national_institute_of_infectious_diseases_(niid)	tochigi_prefectural_institute_of_public_health_and_environmental_science
B/Ulaanbaatar/1708/2014	who_collaborating_centre_for_reference_and_research_on_influenza	national_center_for_communicable_diseases
B/Sainshand/1750/2014	who_collaborating_centre_for_reference_and_research_on_influenza	national_influenza_center
B/Khentii/1137/2014	who_collaborating_centre_for_reference_and_research_on_influenza	national_center_for_communicable_diseases
B/Ulaanbaatar/1113/2014	who_collaborating_centre_for_reference_and_research_on_influenza	national_influenza_center
B/HongKong/223/2013	centers_for_disease_control_and_prevention	government_virus_unit
B/Tokyo/30018/2013	national_institute_of_infectious_diseases_(niid)	tokyo_metropolitan_institute_of_public_health
B/Taiwan/11/2013	national_institute_of_infectious_diseases_(niid)	center_for_disease_control
B/Korea/2934/2014	centers_for_disease_control_and_prevention	u.s._air_force_school_of_aerospace_medicine
B/Bilthoven/4311400416/2014	national_institute_for_public_health_and_the_environment_(rivm)	national_institute_for_public_health_and_the_environment_(rivm)
B/Brisbane/1/2013	who_collaborating_centre_for_reference_and_research_on_influenza	queensland_health_scientific_services
B/Nagasaki/13I003/2014	niigata_university	
B/Gwangju/1701/2013	centers_for_disease_control_and_prevention	national_institute_of_health
B/Tochigi/14215/2014	national_institute_of_infectious_diseases_(niid)	tochigi_prefectural_institute_of_public_health_and_environmental_science
B/Brisbane/63/2014-egg	who_collaborating_centre_for_reference_and_research_on_influenza	queensland_health_scientific_services
B/Brisbane/63/2014	who_collaborating_centre_for_reference_and_research_on_influenza	queensland_health_scientific_services
B/Brisbane/18/2013-egg	who_collaborating_centre_for_reference_and_research_on_influenza	queensland_health_scientific_services
B/Brisbane/18/2013	who_collaborating_centre_for_reference_and_research_on_influenza	queensland_health_scientific_services
B/Macau/611766/2013	who_collaborating_centre_for_reference_and_research_on_influenza	laboratorio_de_saude_publico
B/Okayama/8/2014	national_institute_of_infectious_diseases_(niid)	okayama_prefectural_institute_for_environmental_science_and_public_health
B/Taiwan/452/2014	national_institute_of_infectious_diseases_(niid)	center_for_disease_control
B/Taiwan/126/2014	national_institute_of_infectious_diseases_(niid)	center_for_disease_control
B/Darkhan/1484/2014	national_centre_for_disease_control_(ncdc)	national_center_for_communicable_diseases
A/Darkhan/1484/2014	who_collaborating_centre_for_reference_and_research_on_influenza	national_center_for_communicable_diseases
B/NewCaledonia/5/2014	who_collaborating_centre_for_reference_and_research_on_influenza	institut_pasteur_new_caledonia
B/NewCaledonia/21/2015	who_collaborating_centre_for_reference_and_research_on_influenza	institut_pasteur_new_caledonia
B/NewCaledonia/27/2015-egg	who_collaborating_centre_for_reference_and_research_on_influenza	institut_pasteur_new_caledonia
B/NewCaledonia/27/2015	who_collaborating_centre_for_reference_and_research_on_influenza	institut_pasteur_new_caledonia
B/Malaysia/U83/2012	other_database_import	
B/Austria/72/2012	medical_university_vienna	department_of_virology,_medical_university_vienna
B/Malaysia/U837/2012	other_database_import	
B/Crete/141/2012	crick_worldwide_influenza_centre	hellenic_pasteur_institute
B/England/507/2012	crick_worldwide_influenza_centre	health_protection_agency
B/Sukhbaatar/1604/2012	centers_for_disease_control_and_prevention	national_center_for_communicable_diseases
B/Ulaanbaatar/71/2012	national_institute_of_infectious_diseases_(niid)	national_center_for_communicable_diseases
B/Ulaanbaatar/63/2012	national_institute_of_infectious_diseases_(niid)	national_center_for_communicable_diseases
B/Fiji/1/2013	who_collaborating_centre_for_reference_and_research_on_influenza	national_centre_for_scientific_services_for_virology__and_vector_borne_diseases
B/Kenya-PERCH/3/2011	kemri_wellcome_trust_research_programme_(kwtrp)	kemri_wellcome_trust_research_programme_(kwtrp)
B/Kenya-PERCH/1/2012	kemri_wellcome_trust_research_programme_(kwtrp)	kemri_wellcome_trust_research_programme_(kwtrp)
B/Ireland/87829/2012	national_institute_for_medical_research	national_virus_reference_laboratory
B/Kenya/1577/2012	centers_for_disease_control_and_prevention	cdc_kenya
B/Brisbane/1/2012	who_collaborating_centre_for_reference_and_research_on_influenza	queensland_health_scientific_services
B/Massachusetts/1/2013	centers_for_disease_control_and_prevention	massachusetts_department_of_public_health
B/Tochigi/1/2012	national_institute_of_infectious_diseases_(niid)	tochigi_prefectural_institute_of_public_health_and_environmental_science
B/Boston/YGB_02022/2013	other_database_import	
B/Mauritius/614/2012	national_institute_for_medical_research	central_health_laboratory
B/Bolivia/3136/2012	centers_for_disease_control_and_prevention	instituto_nacional_de_laboratoriosde_salud_(inlasa)
B/Santiago/84220/2013	centers_for_disease_control_and_prevention	instituto_de_salud_publica_de_chile_
B/Montana/5/2012-egg	centers_for_disease_control_and_prevention	montana_laboratory_services_bureau
B/Montana/5/2012	centers_for_disease_control_and_prevention	montana_laboratory_services_bureau
B/Florence/3/2013	national_institute_for_medical_research	istituto_superiore_di_sanità
B/Jiangsu-Canglang/193/2012-egg	who_chinese_national_influenza_center	who_chinese_national_influenza_center
B/Pakistan/1009/2012	centers_for_disease_control_and_prevention	national_institute_of_health
B/Tehran/1236/2012-egg	national_institute_for_medical_research	tehran_university_of_medical_sciences
B/Tehran/1236/2012	national_institute_for_medical_research	tehran_university_of_medical_sciences
B/Shanghai-Jiading/163/2012-egg	who_chinese_national_influenza_center	who_chinese_national_influenza_center
B/Guangdong-Zhongshan/1138/2012-egg	who_chinese_national_influenza_center	who_chinese_national_influenza_center
B/Niigata/41/2012	national_institute_of_infectious_diseases_(niid)	niigata_prefectural_institute_of_public_health_and_environmental_sciences
B/Ibaraki/14/2012	national_institute_of_infectious_diseases_(niid)	ibaraki_prefectural_institute_of_public_health
B/Kobe/297/2012	national_institute_of_infectious_diseases_(niid)	kobe_institute_of_health
B/Sydney/230/2012	who_collaborating_centre_for_reference_and_research_on_influenza	prince_of_wales_hospital
B/SouthAuckland/8/2013	who_collaborating_centre_for_reference_and_research_on_influenza	institute_of_environmental_science_&_research
B/Southauckland/9/2013	who_collaborating_centre_for_reference_and_research_on_influenza	institute_of_environmental_science_&_research
B/Kobe/63/2012	national_institute_of_infectious_diseases_(niid)	kobe_institute_of_health
B/Novosibirsk/74/2012	other_database_import	
B/Jiangsu-Qingpu/1256/2013-egg	centers_for_disease_control_and_prevention	who_chinese_national_influenza_center
B/Shanghai-Zhabei/1217/2012	shanghai_municipal_center_for_disease_control_and_prevention	shanghai_municipal_center_for_disease_control_and_prevention
B/HongKong/3525/2012	centers_for_disease_control_and_prevention	public_health_laboratory_services_branch,_centre_for_health_protection
B/Pennsylvania/6/2012-egg	centers_for_disease_control_and_prevention	pennsylvania_department_of_health
B/Pennsylvania/6/2012	centers_for_disease_control_and_prevention	pennsylvania_department_of_health
B/Jiangsu-Tianning/1502/2012-egg	centers_for_disease_control_and_prevention	who_chinese_national_influenza_center
B/Shanghai-Changning/1159/2012	shanghai_municipal_center_for_disease_control_and_prevention	shanghai_municipal_center_for_disease_control_and_prevention
B/Canberra/2/2013	who_collaborating_centre_for_reference_and_research_on_influenza	canberra_hospital
B/ElSalvador/2256/2013-egg	centers_for_disease_control_and_prevention	contiguo_a_hospital_rosales
B/ElSalvador/2256/2013	centers_for_disease_control_and_prevention	contiguo_a_hospital_rosales
B/Victoria/800/2012	who_collaborating_centre_for_reference_and_research_on_influenza	austin_health
B/Shanghai-Jinshan/1127/2012	shanghai_municipal_center_for_disease_control_and_prevention	shanghai_municipal_center_for_disease_control_and_prevention
B/Shanghai-Yangpu/1198/2012	shanghai_municipal_center_for_disease_control_and_prevention	shanghai_municipal_center_for_disease_control_and_prevention
B/Peru/6253/2012	centers_for_disease_control_and_prevention	namru_6
B/HongKong/6/2013	crick_worldwide_influenza_centre	government_virus_unit
B/HongKong/5/2013	centers_for_disease_control_and_prevention	government_virus_unit
B/Mie/5/2012	national_institute_of_infectious_diseases_(niid)	mie_prefecture_health_and_environment_research_institute
B/Mie/5/2012-egg		seasonal_vic
B/Yamagata/3/2012	national_institute_of_infectious_diseases_(niid)	yamagata_prefectural_institute_of_public_health
B/Shanghai-Yangpu/131/2012	shanghai_municipal_center_for_disease_control_and_prevention	shanghai_municipal_center_for_disease_control_and_prevention
B/Ireland/125/2013	crick_worldwide_influenza_centre	national_virus_reference_laboratory
B/Sydney/500/2013	who_collaborating_centre_for_reference_and_research_on_influenza	prince_of_wales_hospital
B/Southaustralia/5/2013	who_collaborating_centre_for_reference_and_research_on_influenza	institute_of_medical_and_veterinary_science_(imvs)
B/Southaustralia/3/2013	who_collaborating_centre_for_reference_and_research_on_influenza	institute_of_medical_and_veterinary_science_(imvs)
B/Brisbane/12/2012-egg	centers_for_disease_control_and_prevention	who_collaborating_centre_for_reference_and_research_on_influenza
B/Darwin/44/2012	who_collaborating_centre_for_reference_and_research_on_influenza	royal_darwin_hospital
B/Alicesprings/11/2012	who_collaborating_centre_for_reference_and_research_on_influenza	institute_of_medical_and_veterinary_science_(imvs)
B/Lisbon/3/2012	crick_worldwide_influenza_centre	instituto_nacional_de_saude
B/Darwin/8/2012	who_collaborating_centre_for_reference_and_research_on_influenza	royal_darwin_hospital
B/Townsville/12/2012	who_collaborating_centre_for_reference_and_research_on_influenza	queensland_health_scientific_services
B/SouthAustralia/72/2012	who_collaborating_centre_for_reference_and_research_on_influenza	institute_of_medical_and_veterinary_science_(imvs)
B/Townsville/33/2012	who_collaborating_centre_for_reference_and_research_on_influenza	queensland_health_scientific_services
B/Darwin/19/2012	who_collaborating_centre_for_reference_and_research_on_influenza	royal_darwin_hospital
B/Brisbane/28/2012	who_collaborating_centre_for_reference_and_research_on_influenza	queensland_health_scientific_services
B/Southaustralia/16/2012	who_collaborating_centre_for_reference_and_research_on_influenza	institute_of_medical_and_veterinary_science_(imvs)
B/Brisbane/111/2012-egg	who_collaborating_centre_for_reference_and_research_on_influenza	queensland_health_scientific_services
B/Chiba-C/40/2013	national_institute_of_infectious_diseases_(niid)	chiba_city_institute_of_health_and_environment
B/Valparaiso/1032/2013-egg	centers_for_disease_control_and_prevention	instituto_de_salud_publica_de_chile_
B/Santiago/476/2014	instituto_de_salud_publica_de_chile	instituto_de_salud_publica_de_chile_
B/Santiago/36883/2013	centers_for_disease_control_and_prevention	instituto_de_salud_publica_de_chile_
B/PuertoMontt/4169/2014	instituto_de_salud_publica_de_chile	instituto_de_salud_publica_de_chile_
B/StPetersburg/121/2013	centers_for_disease_control_and_prevention	russian_academy_of_medical_sciences
B/Boston/YGB_01031/2013	other_database_import	
B/Southaustralia/10/2013	who_collaborating_centre_for_reference_and_research_on_influenza	institute_of_medical_and_veterinary_science_(imvs)
B/HongKong/20/2013	national_institute_for_medical_research	government_virus_unit
B/Hawaii/12/2012-egg	centers_for_disease_control_and_prevention	state_of_hawaii_department_of_health
B/Hawaii/12/2012	centers_for_disease_control_and_prevention	state_of_hawaii_department_of_health
B/Texas/20/2012	centers_for_disease_control_and_prevention	houston_department_of_health_and_human_services
B/Brazil/5137/2014	centers_for_disease_control_and_prevention	instituto_adolfo_lutz
B/Peru/206/2013	centers_for_disease_control_and_prevention	us_namru_6
B/Uruguay/177/2013	centers_for_disease_control_and_prevention	departamento_de_laboratorio_de_salud_publica
B/Hawaii/9/2012-egg	centers_for_disease_control_and_prevention	state_of_hawaii_department_of_health
B/Hawaii/9/2012	centers_for_disease_control_and_prevention	state_of_hawaii_department_of_health
B/Texas/6/2013	centers_for_disease_control_and_prevention	texas_department_of_state_health_services_laboratory_services
B/Victoria/813/2013	who_collaborating_centre_for_reference_and_research_on_influenza	austin_health
B/Santiago/3300/2014	instituto_de_salud_publica_de_chile	instituto_de_salud_publica_de_chile_
B/Santiago/77512/2013-egg	centers_for_disease_control_and_prevention	instituto_de_salud_publica_de_chile_
B/Concepcion/263/2014	instituto_de_salud_publica_de_chile	instituto_de_salud_publica_de_chile_
B/Concepcion/264/2014	centers_for_disease_control_and_prevention	instituto_de_salud_publica_de_chile_
B/Natal/124182/2013	centers_for_disease_control_and_prevention	national_influenza_center
B/Honduras/3845/2014	centers_for_disease_control_and_prevention	laboratorio_nacional_de_virologia
B/Santiago/53953/2014	instituto_de_salud_publica_de_chile	instituto_de_salud_publica_de_chile_
B/Santiago/69223/2014	centers_for_disease_control_and_prevention	instituto_de_salud_publica_de_chile_
B/Florida/43/2014-egg	centers_for_disease_control_and_prevention	florida_department_of_health_jacksonville
B/Wisconsin/9/2014	centers_for_disease_control_and_prevention	wisconsin_state_laboratory_of_hygiene
B/Florida/43/2014	centers_for_disease_control_and_prevention	florida_department_of_health_jacksonville
B/Maryland/14/2015-egg	centers_for_disease_control_and_prevention	maryland_department_of_health_and_mental_hygiene
B/Maryland/14/2015	centers_for_disease_control_and_prevention	maryland_department_of_health_and_mental_hygiene
B/Linares/260/2012-egg	centers_for_disease_control_and_prevention	instituto_de_salud_publica_de_chile_
B/Peru/7084/2013	centers_for_disease_control_and_prevention	namru_6
B/Vietnam/11702/2014	national_institute_of_infectious_diseases_(niid)	pasteur_institute,_influenza_laboratory
B/Vietnam/1/2014	who_collaborating_centre_for_reference_and_research_on_influenza	pasteur_institute_of_ho_chi_minh_
B/Iowa/4/2013	centers_for_disease_control_and_prevention	iowa_state_hygienic_laboratory
B/Panama/310638/2012	centers_for_disease_control_and_prevention	instituto_conmemorativo_gorgas_de_estudios_de_la_salud
B/Iceland/77/2014	national_institute_for_medical_research	landspitali___university_hospital_
B/Austria/723800/2013	national_institute_for_medical_research	university_of_vienna
B/Norway/2090/2013	norwegian_institute_of_public_health	who_national_influenza_centre
B/Hanoi/ELI13129/2013	who_collaborating_centre_for_reference_and_research_on_influenza	national_institute_of_hygiene_and_epidemiology
B/Bangkok/SI54/2012	other_database_import	
B/Paris/958/2013	institut_pasteur	institut_pasteur
B/Malmo/3/2012	swedish_institute_for_infectious_disease_control	
B/Hungary/26/2013-egg	national_institute_for_medical_research	central_veterinary_institute_budapest
B/Hungary/23/2013-egg	national_institute_for_medical_research	central_veterinary_institute_budapest
B/Hungary/7/2013-egg	national_institute_for_medical_research	central_veterinary_institute_budapest
B/Vietnam/423/2013	centers_for_disease_control_and_prevention	national_institute_of_hygiene_and_epidemiology
B/Taiwan/13/2013	national_institute_of_infectious_diseases_(niid)	center_for_disease_control
B/Southaustralia/20/2014	who_collaborating_centre_for_reference_and_research_on_influenza	institute_of_medical_and_veterinary_science_(imvs)
B/Hawaii/24/2014-egg	crick_worldwide_influenza_centre	state_of_hawaii_department_of_health
B/Hawaii/24/2014	centers_for_disease_control_and_prevention	state_of_hawaii_department_of_health
B/Nevada/6/2014	centers_for_disease_control_and_prevention	nevada_state_health_laboratory
B/California/2/2014	centers_for_disease_control_and_prevention	california_department_of_health_services
B/Oregon/1/2014	centers_for_disease_control_and_prevention	oregon_public_health_laboratory
B/Alaska/2/2014	centers_for_disease_control_and_prevention	alaska_state_virology_lab
B/BuenosAires/10986152/2014	national_institute_for_medical_research	instituto_nacional_de_enfermedades_infecciosas
B/Moscow/113/2015	crick_worldwide_influenza_centre	ivanovsky_research_institute_of_virology_rams
B/Argentina/154/2014	centers_for_disease_control_and_prevention	instituto_nacional_de_enfermedades_infecciosas
B/Yaroslavl/4/2015	centers_for_disease_control_and_prevention	ivanovsky_research_institute_of_virology_rams
B/BuenosAires/10987831/2014	national_institute_for_medical_research	instituto_nacional_de_enfermedades_infecciosas
B/California/32/2014	centers_for_disease_control_and_prevention	california_department_of_health_services
B/Ryazan/1/2015	centers_for_disease_control_and_prevention	russian_academy_of_medical_sciences
B/Ryazan/2/2015	crick_worldwide_influenza_centre	who_national_influenza_centre_russian_federation
B/Idaho/2/2014	centers_for_disease_control_and_prevention	state_of_idaho_bureau_of_laboratories
B/NewZealand/442/2014	centers_for_disease_control_and_prevention	institute_of_environmental_science_&_research
B/Lao/I080/2014	national_institute_of_infectious_diseases_(niid)	ministry_of_health_laos
B/Vietnam/5258/2015	centers_for_disease_control_and_prevention	national_institute_of_hygiene_and_epidemiology
B/Taiwan/113/2014	national_institute_of_infectious_diseases_(niid)	center_for_disease_control
B/Victoria/204/2014	who_collaborating_centre_for_reference_and_research_on_influenza	royal_chidrens_hospital
B/Canberra/13/2014	who_collaborating_centre_for_reference_and_research_on_influenza	canberra_hospital
B/Canberra/19/2014	who_collaborating_centre_for_reference_and_research_on_influenza	canberra_hospital
B/HongKong/1372/2015	centers_for_disease_control_and_prevention	government_virus_unit
B/NewCaledonia/6/2014-egg	who_collaborating_centre_for_reference_and_research_on_influenza	institut_pasteur_new_caledonia
B/Finland/507/2015	crick_worldwide_influenza_centre	national_institute_for_health_and_welfare
B/Perth/201/2015	who_collaborating_centre_for_reference_and_research_on_influenza	pathwest_qe_ii_medical_centre
B/Darwin/87/2015	who_collaborating_centre_for_reference_and_research_on_influenza	royal_darwin_hospital
B/Perth/33/2015	who_collaborating_centre_for_reference_and_research_on_influenza	pathwest_qe_ii_medical_centre
B/Darwin/9/2015	who_collaborating_centre_for_reference_and_research_on_influenza	royal_darwin_hospital
B/Catalonia/NSVH56617/2016	hospital_universitari_vall_d'hebron	
B/Vietnam/6033/2016	centers_for_disease_control_and_prevention	national_institute_of_hygiene_and_epidemiology
B/Lao/F0721/2016	national_institute_of_infectious_diseases_(niid)	ministry_of_health_laos
B/Newcastle/39/2014	who_collaborating_centre_for_reference_and_research_on_influenza	john_hunter_hospital
B/Newcastle/41/2014	who_collaborating_centre_for_reference_and_research_on_influenza	john_hunter_hospital
B/NewCaledonia/6/2014	who_collaborating_centre_for_reference_and_research_on_influenza	institut_pasteur_new_caledonia
B/England/235/2015	microbiology_services_colindale,_public_health_england	microbiology_services_colindale,_public_health_england
B/Townsville/9/2014	who_collaborating_centre_for_reference_and_research_on_influenza	queensland_health_forensic_and_scientific_services_
B/Victoria/502/2015-egg	who_collaborating_centre_for_reference_and_research_on_influenza	who_collaborating_centre_for_reference_and_research_on_influenza
B/Victoria/502/2015	crick_worldwide_influenza_centre	who_collaborating_centre_for_reference_and_research_on_influenza
B/Sydney/31/2014	who_collaborating_centre_for_reference_and_research_on_influenza	clinical_virology_unit,_cdim
B/Brisbane/62/2014	who_collaborating_centre_for_reference_and_research_on_influenza	queensland_health_scientific_services
B/England/236/2015	microbiology_services_colindale,_public_health_england	microbiology_services_colindale,_public_health_england
B/Brisbane/15/2015	who_collaborating_centre_for_reference_and_research_on_influenza	queensland_health_scientific_services
B/Brisbane/78/2014	who_collaborating_centre_for_reference_and_research_on_influenza	queensland_health_forensic_and_scientific_services_
B/Brisbane/74/2014	who_collaborating_centre_for_reference_and_research_on_influenza	queensland_health_scientific_services
B/Brisbane/71/2014	who_collaborating_centre_for_reference_and_research_on_influenza	queensland_health_scientific_services
B/Brisbane/70/2014	who_collaborating_centre_for_reference_and_research_on_influenza	queensland_health_scientific_services
B/NewMexico/2/2014	centers_for_disease_control_and_prevention	new_mexico_department_of_health
B/Paraguay/41/2014	centers_for_disease_control_and_prevention	central_laboratory_of_public_health
B/Bolivia/787/2014	centers_for_disease_control_and_prevention	cenetrop
B/Paraguay/4674/2014	centers_for_disease_control_and_prevention	central_laboratory_of_public_health
B/Paraguay/9900/2014	centers_for_disease_control_and_prevention	central_laboratory_of_public_health
B/Asturias/1826/2015	instituto_de_salud_carlos_iii	servicio_de_microbiología_hospital_central_universitario_de_asturias
B/Paraguay/6708/2015	centers_for_disease_control_and_prevention	central_laboratory_of_public_health
B/Santiago/51747/2015	instituto_de_salud_publica_de_chile	instituto_de_salud_publica_de_chile_
B/Linares/79278/2015	centers_for_disease_control_and_prevention	instituto_de_salud_publica_de_chile_
B/Valparaiso/81181/2015	centers_for_disease_control_and_prevention	instituto_de_salud_publica_de_chile_
B/Talca/80905/2015	centers_for_disease_control_and_prevention	instituto_de_salud_publica_de_chile_
B/Iquique/72678/2015	instituto_de_salud_publica_de_chile	instituto_de_salud_publica_de_chile_
B/Idaho/2/2012	centers_for_disease_control_and_prevention	state_of_idaho_bureau_of_laboratories
B/Mexico/3158/2013-egg	centers_for_disease_control_and_prevention	laboratorio_de_virus_respiratorio
B/Texas/2/2013-egg	national_institute_for_biological_standards_and_control_(nibsc)	centers_for_disease_control_and_prevention
B/Texas/2/2013	centers_for_disease_control_and_prevention	centers_for_disease_control_and_prevention
B/Zamora/102/2013	national_institute_for_medical_research	universidad_de_valladolid
B/Vietnam/13VB-9/2013	niigata_university	
B/Aichi/62/2013	national_institute_of_infectious_diseases_(niid)	aichi_prefectural_institute_of_public_health
B/Iceland/66/2014	national_institute_for_medical_research	landspitali___university_hospital_
B/Iceland/63/2014	national_institute_for_medical_research	landspitali___university_hospital_
B/Hanoi/ELI13169/2013	who_collaborating_centre_for_reference_and_research_on_influenza	national_institute_of_hygiene_and_epidemiology
B/Brandenburg/2/2014	national_institute_for_medical_research	robert_koch_institute
B/Sachsen/1/2014	national_institute_for_medical_research	robert_koch_institute
B/Hanoi/ELI13162/2013	who_collaborating_centre_for_reference_and_research_on_influenza	national_institute_of_hygiene_and_epidemiology
B/Hanoi/ELI13175/2013	who_collaborating_centre_for_reference_and_research_on_influenza	national_institute_of_hygiene_and_epidemiology
B/Alaska/1/2013	centers_for_disease_control_and_prevention	alaska_state_virology_lab
B/NewJersey/2/2013	centers_for_disease_control_and_prevention	new_jersey_department_of_health_&_senior_services
B/Brazil/1036/2013	centers_for_disease_control_and_prevention	instituto_adolfo_lutz
B/Boston/YGB_01056/2013	other_database_import	
B/Alaska/5/2013	centers_for_disease_control_and_prevention	alaska_state_virology_lab
B/Boston/YGB_01007/2013	other_database_import	
B/Brazil/260/2013	centers_for_disease_control_and_prevention	oswaldo_cruz_institute___fiocruz___laboratory_of_respiratory_viruses_and_measles_(lvrs)
B/Brazil/2920/2014	centers_for_disease_control_and_prevention	instituto_adolfo_lutz
B/NewYork/3/2013	centers_for_disease_control_and_prevention	new_york_city_department_of_health
B/Brazil/389/2013	centers_for_disease_control_and_prevention	oswaldo_cruz_institute___fiocruz___laboratory_of_respiratory_viruses_and_measles_(lvrs)
B/Florida/8/2013	centers_for_disease_control_and_prevention	florida_department_of_health_jacksonville
B/BuenosAires/10978573/2014	national_institute_for_medical_research	instituto_nacional_de_enfermedades_infecciosas
B/Mexico/2816/2014	centers_for_disease_control_and_prevention	laboratorio_de_virus_respiratorio
B/Ohio/4/2014	centers_for_disease_control_and_prevention	ohio_department_of_health_laboratories
B/Colombia/4924/2015	centers_for_disease_control_and_prevention	instituto_nacional_de_salud_de_columbia
B/Berlin/1/2014	national_institute_for_medical_research	robert_koch_institute
B/Acre/130605-IEC/2014	centers_for_disease_control_and_prevention	national_influenza_center
B/Washington/3/2014	centers_for_disease_control_and_prevention	washington_state_public_health_laboratory
B/Texas/7/2014	centers_for_disease_control_and_prevention	baylor_college_of_medicine
B/Nevada/4/2014	centers_for_disease_control_and_prevention	southern_nevada_public_health_lab
B/Montana/1/2014	centers_for_disease_control_and_prevention	montana_laboratory_services_bureau
B/Texas/23/2014	centers_for_disease_control_and_prevention	texas_department_of_state_health_services_laboratory_services
B/Montana/1/2014-egg	centers_for_disease_control_and_prevention	montana_laboratory_services_bureau
B/Washington/3/2014-egg	centers_for_disease_control_and_prevention	washington_state_public_health_laboratory
B/Bangladesh/11007/2015	centers_for_disease_control_and_prevention	institute_of_epidemiology_disease_control_and_research_(iedcr)_&_bangladesh_national_influenza_centre_(nic)
B/Bangladesh/11005/2015	centers_for_disease_control_and_prevention	institute_of_epidemiology_disease_control_and_research_(iedcr)_&_bangladesh_national_influenza_centre_(nic)
B/Bangladesh/11002/2015	centers_for_disease_control_and_prevention	institute_of_epidemiology_disease_control_and_research_(iedcr)_&_bangladesh_national_influenza_centre_(nic)
B/JiangxiDonghu/1197/2012-egg		seasonal_vic
B/Kansas/4/2015	centers_for_disease_control_and_prevention	kansas_department_of_health_and_environment
B/Colorado/3/2014	centers_for_disease_control_and_prevention	colorado_department_of_health_lab
B/Massachusetts/1/2015	centers_for_disease_control_and_prevention	massachusetts_department_of_public_health
B/NewJersey/3/2015	centers_for_disease_control_and_prevention	new_jersey_department_of_health_&_senior_services
B/SouthAfrica/R1588/2015	crick_worldwide_influenza_centre	sandringham,_national_institute_for_communicable_d
B/Fukushima/34/2015	national_institute_of_infectious_diseases_(niid)	fukushima_prefectural_institute_of_public_health
B/Hawaii/14/2015-egg	centers_for_disease_control_and_prevention	state_of_hawaii_department_of_health
B/Hawaii/14/2015	centers_for_disease_control_and_prevention	state_of_hawaii_department_of_health
B/Kentucky/40/2015	centers_for_disease_control_and_prevention	kentucky_division_of_laboratory_services
B/Kentucky/29/2015	centers_for_disease_control_and_prevention	kentucky_division_of_laboratory_services
B/Texas/19/2014	centers_for_disease_control_and_prevention	texas_department_of_state_health_services_laboratory_services
B/California/2/2015	centers_for_disease_control_and_prevention	california_department_of_health_services
B/Florida/39/2015	centers_for_disease_control_and_prevention	florida_department_of_health_tampa
B/Texas/22/2015	centers_for_disease_control_and_prevention	texas_department_of_state_health_services_laboratory_services
B/Wisconsin/45/2015	centers_for_disease_control_and_prevention	wisconsin_state_laboratory_of_hygiene
B/Mexico/1157/2015	centers_for_disease_control_and_prevention	laboratorio_de_virus_respiratorio
B/Texas/42/2014	centers_for_disease_control_and_prevention	texas_department_of_state_health_services_laboratory_services
B/Sakai/3/2015	national_institute_of_infectious_diseases_(niid)	sakai_city_institute_of_public_health
B/Stockholm/6/2014	swedish_institute_for_infectious_disease_control	
B/Egypt/105/2016-egg	crick_worldwide_influenza_centre	vacsera
B/Egypt/6082/2016	crick_worldwide_influenza_centre	ministry_of_health_and_population
B/Alaska/21/2015	centers_for_disease_control_and_prevention	alaska_state_virology_lab
B/Missouri/1/2015-egg	centers_for_disease_control_and_prevention	missouri_department._of_health_&_senior_services
B/Missouri/1/2015	centers_for_disease_control_and_prevention	missouri_department._of_health_&_senior_services
B/NewMexico/5/2014	centers_for_disease_control_and_prevention	new_mexico_department_of_health
B/Brazil/87066/2015	centers_for_disease_control_and_prevention	instituto_adolfo_lutz
B/California/4/2015	centers_for_disease_control_and_prevention	california_department_of_health_services
B/Uruguay/98/2015	centers_for_disease_control_and_prevention	departamento_de_laboratorio_de_salud_publica
B/PaisVasco/1726/2015	instituto_de_salud_carlos_iii	servicio_de_microbiología_hospital_donostia
B/Lubica/78/2016	crick_worldwide_influenza_centre	national_public_health_institute_of_slovakia
B/Brazil/36/2016	centers_for_disease_control_and_prevention	oswaldo_cruz_institute___fiocruz___laboratory_of_respiratory_viruses_and_measles_(lvrs)
B/Brazil/596/2015	centers_for_disease_control_and_prevention	oswaldo_cruz_institute___fiocruz___laboratory_of_respiratory_viruses_and_measles_(lvrs)
B/Shanghai-Pudongxin/1523/2016-egg	who_chinese_national_influenza_center	who_chinese_national_influenza_center
B/Shenzhen/2018-31882/2015	who_chinese_national_influenza_center	who_chinese_national_influenza_center
B/Tokyo/EH8/2016	national_institute_of_infectious_diseases_(niid)	national_institute_of_infectious_diseases_(niid)
B/Henan-Ruyang/1664/2015	who_chinese_national_influenza_center	who_chinese_national_influenza_center
B/Jiangsu-Haizhou/1277/2016-egg	who_chinese_national_influenza_center	who_chinese_national_influenza_center
B/Shaanxi-Weicheng/1633/2015	who_chinese_national_influenza_center	who_chinese_national_influenza_center
B/Shanghai-Pudongxin/11845/2015	who_chinese_national_influenza_center	who_chinese_national_influenza_center
B/Shanghai-Pudongxin/11802/2015	who_chinese_national_influenza_center	who_chinese_national_influenza_center
B/Shanghai-Pudongxin/11739/2015	who_chinese_national_influenza_center	who_chinese_national_influenza_center
B/Jiangsu-Haizhou/123/2017-egg	who_chinese_national_influenza_center	who_chinese_national_influenza_center
B/Yunnan-Zhaoyang/11160/2016	centers_for_disease_control_and_prevention	who_chinese_national_influenza_center
B/Jiangsu-Haizhou/11031/2015-egg	who_chinese_national_influenza_center	who_chinese_national_influenza_center
B/Sichuan-Dongqu/1304/2016-egg	who_chinese_national_influenza_center	who_chinese_national_influenza_center
B/Henan-Zhaoling/1617/2015	who_chinese_national_influenza_center	who_chinese_national_influenza_center
B/Guangxi-Xixiangtang/1265/2016-egg	who_chinese_national_influenza_center	who_chinese_national_influenza_center
B/Shandong-Mudan/1203/2016-egg	who_chinese_national_influenza_center	who_chinese_national_influenza_center
B/Beijing-Huairou/12530/2015	who_chinese_national_influenza_center	who_chinese_national_influenza_center
B/Jiangsu-Fengxian/513/2016-egg	who_chinese_national_influenza_center	who_chinese_national_influenza_center
B/Henan-Zhongyuan/1625/2015	who_chinese_national_influenza_center	who_chinese_national_influenza_center
B/Shanghai-Fengxian/1265/2016-egg	who_chinese_national_influenza_center	who_chinese_national_influenza_center
B/Shanghai-Fengxian/1283/2016-egg	who_chinese_national_influenza_center	who_chinese_national_influenza_center
B/Hunan-Wuling/1809/2016-egg	who_chinese_national_influenza_center	who_chinese_national_influenza_center
B/HeilongjiangXiAn/1700/2015	who_chinese_national_influenza_center	who_chinese_national_influenza_center
B/Beijing-Huairou/12305/2015	who_chinese_national_influenza_center	who_chinese_national_influenza_center
B/Zhejiang-Dinghai/1466/2016-egg	centers_for_disease_control_and_prevention	who_chinese_national_influenza_center
B/Hunan-Yuhua/517/2016-egg	who_chinese_national_influenza_center	who_chinese_national_influenza_center
B/Hunan-Wuling/1725/2016-egg	who_chinese_national_influenza_center	who_chinese_national_influenza_center
B/Peru/5216/2016	centers_for_disease_control_and_prevention	us_namru_6
B/Bolivia/1724/2017	centers_for_disease_control_and_prevention	instituto_nacional_de_laboratoriosde_salud_(inlasa)
B/Santiago/78311/2015	instituto_de_salud_publica_de_chile	instituto_de_salud_publica_de_chile_
B/Iquique/77562/2015	instituto_de_salud_publica_de_chile	instituto_de_salud_publica_de_chile_
B/Santiago/48343/2016	instituto_de_salud_publica_de_chile	instituto_de_salud_publica_de_chile_
B/Peru/85/2016	centers_for_disease_control_and_prevention	us_namru_6
B/Peru/9216/2016	centers_for_disease_control_and_prevention	us_namru_6
B/Louisiana/7/2017	centers_for_disease_control_and_prevention	louisiana_department_of_health_and_hospitals
B/Denmark/2/2015	statens_serum_institute	
B/Norway/2179/2015	crick_worldwide_influenza_centre	who_national_influenza_centre
B/Lisbon/153/2015	insa_national_institute_of_health_portugal	instituto_nacional_de_saude
B/Brisbane/73/2015	who_collaborating_centre_for_reference_and_research_on_influenza	queensland_health_scientific_services
B/Singapore/KK830/2015	ministry_of_health,_singapore	ministry_of_health,_singapore
B/Santiago/21423/2016	centers_for_disease_control_and_prevention	instituto_de_salud_publica_de_chile_
B/Peru/1016/2016	centers_for_disease_control_and_prevention	us_namru_6
B/Coyhaique/81401/2015	centers_for_disease_control_and_prevention	instituto_de_salud_publica_de_chile_
B/Paraguay/8037/2017	centers_for_disease_control_and_prevention	central_laboratory_of_public_health
B/PuertoMontt/80125/2015	centers_for_disease_control_and_prevention	instituto_de_salud_publica_de_chile_
B/Concepcion/81218/2015	centers_for_disease_control_and_prevention	instituto_de_salud_publica_de_chile_
B/Hawaii/33/2015	centers_for_disease_control_and_prevention	state_of_hawaii_department_of_health
B/Connecticut/61/2015-egg	centers_for_disease_control_and_prevention	connecticut_department._of_public_health
B/Connecticut/61/2015	centers_for_disease_control_and_prevention	connecticut_department._of_public_health
B/Israel/Q-501/2015	crick_worldwide_influenza_centre	central_virology_laboratory_israel_(nic)
B/Neimenggu-Huimin/11363/2016-egg	who_chinese_national_influenza_center	who_chinese_national_influenza_center
B/Victoria/849/2015-egg	who_collaborating_centre_for_reference_and_research_on_influenza	austin_health
B/Victoria/849/2015	who_collaborating_centre_for_reference_and_research_on_influenza	austin_health
B/Kawasaki/18/2015	national_institute_of_infectious_diseases_(niid)	kawasaki_city_institute_of_public_health_
B/Wakayama-C/56/2015	national_institute_of_infectious_diseases_(niid)	wakayama_city_institute_of_public_health
B/Yokohama/27/2015	national_institute_of_infectious_diseases_(niid)	yokohama_city_institute_of_public_health.
B/Hokkaido/14H062/2015	niigata_university	niigata_university
B/Hamamatu-C/15083/2015	national_institute_of_infectious_diseases_(niid)	hamamatsu_city_health_environment_research_center
B/Yokohama/20/2015	national_institute_of_infectious_diseases_(niid)	yokohama_city_institute_of_public_health.
B/Hokkaido/14H091/2015	niigata_university	niigata_university
B/Lorraine/1445/2016	institut_pasteur	
B/Hamamatu-C/15102/2015	national_institute_of_infectious_diseases_(niid)	hamamatsu_city_health_environment_research_center
B/Kanagawa/18/2015	national_institute_of_infectious_diseases_(niid)	kanagawa_prefectural_institute_of_public_health
B/Hokkaido/14H089/2015	niigata_university	niigata_university
B/Fukui/7/2015	national_institute_of_infectious_diseases_(niid)	fukui_prefectural_institute_of_public_health
B/Perth/139/2016	who_collaborating_centre_for_reference_and_research_on_influenza	pathwest_qe_ii_medical_centre
B/NordPasDeCalais/338/2016	institut_pasteur	
B/South-Africa/R4607/2016	crick_worldwide_influenza_centre	sandringham,_national_institute_for_communicable_d
B/Belgium/2015G0764/2015	crick_worldwide_influenza_centre	scientific_institute_of_public_health
B/Netherlands/2307/2016	national_institute_for_public_health_and_the_environment_(rivm)	national_institute_for_public_health_and_the_environment_(rivm)
B/Jordan/4380/2016	crick_worldwide_influenza_centre	laboratory_directorate
B/Israel/Q-476/2015	crick_worldwide_influenza_centre	central_virology_laboratory_israel_(nic)
B/Israel/A-6501/2015	crick_worldwide_influenza_centre	central_virology_laboratory_israel_(nic)
B/Israel/A-6460/2015	crick_worldwide_influenza_centre	central_virology_laboratory_israel_(nic)
B/Israel/A-6494/2015	crick_worldwide_influenza_centre	central_virology_laboratory_israel_(nic)
B/Massachusetts/2/2016	centers_for_disease_control_and_prevention	massachusetts_department_of_public_health
B/Israel/Q-503/2015	crick_worldwide_influenza_centre	central_virology_laboratory_israel_(nic)
B/Israel/Q-567/2015	crick_worldwide_influenza_centre	central_virology_laboratory_israel_(nic)
B/Israel/Q-578/2015	crick_worldwide_influenza_centre	central_virology_laboratory_israel_(nic)
B/Florida/78/2015-egg	who_collaborating_centre_for_reference_and_research_on_influenza	florida_department_of_health_jacksonville
B/Florida/78/2015	centers_for_disease_control_and_prevention	florida_department_of_health_jacksonville
B/Florida/79/2015	centers_for_disease_control_and_prevention	florida_department_of_health_jacksonville
B/Florida/79/2015-egg	centers_for_disease_control_and_prevention	florida_department_of_health_jacksonville
B/Santiago/34852/2015-egg	centers_for_disease_control_and_prevention	instituto_de_salud_publica_de_chile_
B/Argentina/11461/2015	centers_for_disease_control_and_prevention	cemic_university_hospital
B/Santiago/34852/2015	instituto_de_salud_publica_de_chile	instituto_de_salud_publica_de_chile_
B/Singapore/GP895/2015-egg	who_collaborating_centre_for_reference_and_research_on_influenza	ministry_of_health,_singapore
B/Singapore/GP895/2015	ministry_of_health,_singapore	ministry_of_health,_singapore
B/Brazil/80287/2015	centers_for_disease_control_and_prevention	instituto_adolfo_lutz
B/Paraiba/147759-IEC/2017	evandro_chagas_institute	evandro_chagas_institute
B/Pernambuco/145850-IEC/2017	centers_for_disease_control_and_prevention	national_influenza_center
B/Brazil/83320/2015	centers_for_disease_control_and_prevention	instituto_adolfo_lutz
B/Acre/141222-IEC/2016	centers_for_disease_control_and_prevention	national_influenza_center
B/Brazil/85943/2015	centers_for_disease_control_and_prevention	instituto_adolfo_lutz
B/Kanagawa/AC35/2016	national_institute_of_infectious_diseases_(niid)	national_institute_of_infectious_diseases_(niid)
B/Singapore/INFTT-16-0481/2016-egg	who_collaborating_centre_for_reference_and_research_on_influenza	ministry_of_health,_singapore
B/Singapore/INFTT-16-0481/2016	ministry_of_health,_singapore	ministry_of_health,_singapore
B/Netherlands/363/2016	national_institute_for_public_health_and_the_environment_(rivm)	national_institute_for_public_health_and_the_environment_(rivm)
B/Perth/7/2016	who_collaborating_centre_for_reference_and_research_on_influenza	pathwest_qe_ii_medical_centre
B/Nepal/598/2016	centers_for_disease_control_and_prevention	national_public_health_laboratory
B/Singapore/INFKK-16-0548/2016-egg	who_collaborating_centre_for_reference_and_research_on_influenza	ministry_of_health,_singapore
B/Singapore/INFKK-16-0548/2016	ministry_of_health,_singapore	ministry_of_health,_singapore
B/NewZealand/651/2016	centers_for_disease_control_and_prevention	institute_of_environmental_science_&_research
B/Malaysia/854/2016	who_collaborating_centre_for_reference_and_research_on_influenza	institut_penyelidikan_perubatan
B/Brisbane/4/2015	who_collaborating_centre_for_reference_and_research_on_influenza	queensland_health_scientific_services
B/Indiana/25/2015	centers_for_disease_control_and_prevention	indiana_state_department_of_health_laboratories
B/Bahrain/1569/2015	centers_for_disease_control_and_prevention	ministry_of_health_bahrain
B/Wellington/3/2015	who_collaborating_centre_for_reference_and_research_on_influenza	institute_of_environmental_science_&_research
B/Oman/6335/2015	crick_worldwide_influenza_centre	central_public_health_laboratory,_ministry_of_health
B/Uganda/269/2016	centers_for_disease_control_and_prevention	uganda_virus_research_institute_(uvri),_national_influenza_center
B/Wellington/38/2015	who_collaborating_centre_for_reference_and_research_on_influenza	institute_of_environmental_science_&_research
B/SriLanka/31/2015	who_collaborating_centre_for_reference_and_research_on_influenza	medical_research_institute
B/Utah/62/2016	centers_for_disease_control_and_prevention	utah_department_of_health
B/Beijing-Xicheng/12806/2015	who_chinese_national_influenza_center	who_chinese_national_influenza_center
B/Florida/66/2016	centers_for_disease_control_and_prevention	florida_department_of_health_jacksonville
B/Colombia/7057/2015	centers_for_disease_control_and_prevention	instituto_nacional_de_salud_de_columbia
B/Nicaragua/681321/2016	centers_for_disease_control_and_prevention	laboratorio_de_virologia,_direccion_de_microbiologia
B/Managua/671403/2016	centers_for_disease_control_and_prevention	laboratorio_de_virologia,_direccion_de_microbiologia
B/Florida/84/2015-egg	centers_for_disease_control_and_prevention	florida_department_of_health_tampa
B/Florida/84/2015	centers_for_disease_control_and_prevention	florida_department_of_health_tampa
B/Colombia/85/2016	centers_for_disease_control_and_prevention	instituto_nacional_de_salud_de_columbia
B/Florida/29/2016	centers_for_disease_control_and_prevention	florida_department_of_health_tampa
B/Colombia/8952/2016	centers_for_disease_control_and_prevention	instituto_nacional_de_salud_de_columbia
B/Nevada/18/2015	centers_for_disease_control_and_prevention	southern_nevada_public_health_lab
B/Wellington/42/2017	who_collaborating_centre_for_reference_and_research_on_influenza	institute_of_environmental_science_&_research
B/Nevada/14/2015	centers_for_disease_control_and_prevention	southern_nevada_public_health_lab
B/Idaho/21/2015-egg	centers_for_disease_control_and_prevention	state_of_idaho_bureau_of_laboratories
B/Idaho/21/2015	centers_for_disease_control_and_prevention	state_of_idaho_bureau_of_laboratories
B/Connecticut/16/2016	centers_for_disease_control_and_prevention	connecticut_department._of_public_health
B/Connecticut/11/2016	other_database_import	connecticut_department._of_public_health
B/Santiago/21344b/2017	instituto_de_salud_publica_de_chile	instituto_de_salud_publica_de_chile_
B/Santiago/80937/2018	instituto_de_salud_publica_de_chile	instituto_de_salud_publica_de_chile
B/Pennsylvania/60/2016-egg	centers_for_disease_control_and_prevention	pennsylvania_department_of_health
B/Pennsylvania/60/2016	other_database_import	pennsylvania_department_of_health
B/NorthDakota/7/2015	centers_for_disease_control_and_prevention	north_dakota_department_of_health
B/Indiana/25/2015-egg	crick_worldwide_influenza_centre	indiana_state_department_of_health_laboratories
B/Idaho/25/2015	centers_for_disease_control_and_prevention	state_of_idaho_bureau_of_laboratories
B/Colorado/3/2015	centers_for_disease_control_and_prevention	colorado_department_of_health_lab
B/Idaho/25/2015-egg	centers_for_disease_control_and_prevention	state_of_idaho_bureau_of_laboratories
B/Singapore/KK1033/2015	ministry_of_health,_singapore	ministry_of_health,_singapore
B/Kyoto/15K053/2016	niigata_university	niigata_university
B/California/125/2015	centers_for_disease_control_and_prevention	california_department_of_health_services
B/California/104/2015	centers_for_disease_control_and_prevention	california_department_of_health_services
B/California/104/2015-egg	centers_for_disease_control_and_prevention	california_department_of_health_services
B/HongKong/222/2017	crick_worldwide_influenza_centre	government_virus_unit
B/Lao/2152/2017	centers_for_disease_control_and_prevention	national_center_for_laboratory_and_epidemiology
B/Lao/2106/2017	centers_for_disease_control_and_prevention	national_center_for_laboratory_and_epidemiology
B/Hubei-Shashi/394/2016-egg	who_chinese_national_influenza_center	who_chinese_national_influenza_center
B/Mie/13/2015	national_institute_of_infectious_diseases_(niid)	mie_prefecture_health_and_environment_research_institute
B/Yunnan-Mengzi/1977/2015	who_chinese_national_influenza_center	who_chinese_national_influenza_center
B/SouthAfrica/2875/2016	centers_for_disease_control_and_prevention	national_institute_for_communicable_disease
B/Ehime/25/2016	national_institute_of_infectious_diseases_(niid)	ehime_prefecture_institute_of_public_health_and_environmental_science
B/SouthAfrica/5994/2015	centers_for_disease_control_and_prevention	national_institute_for_communicable_disease
B/Brisbane/312/2015	who_collaborating_centre_for_reference_and_research_on_influenza	queensland_health_scientific_services
B/Petropavlovsk/416/2016	centers_for_disease_control_and_prevention	cdc_central_asia_office
B/Washington/78/2015	centers_for_disease_control_and_prevention	washington_state_public_health_laboratory
B/Wisconsin/29/2016	centers_for_disease_control_and_prevention	wisconsin_state_laboratory_of_hygiene
B/Sydney/183/2015	who_collaborating_centre_for_reference_and_research_on_influenza	clinical_virology_unit,_cdim
B/Nevada/19/2016	other_database_import	nevada_state_health_laboratory
B/Washington/45/2016	centers_for_disease_control_and_prevention	washington_state_public_health_laboratory
B/Indiana/8/2016-egg	centers_for_disease_control_and_prevention	indiana_state_department_of_health_laboratories
B/Indiana/8/2016	centers_for_disease_control_and_prevention	indiana_state_department_of_health_laboratories
B/Guangxi-Xixiangtang/1136/2017-egg	who_chinese_national_influenza_center	who_chinese_national_influenza_center
B/Guangdong-Duanzhou/1386/2016-egg	who_chinese_national_influenza_center	who_chinese_national_influenza_center
B/Cambodia/1287/2015	centers_for_disease_control_and_prevention	national_public_health_laboratory
B/Paris/2172/2016	institut_pasteur	
B/Victoria/1009/2015	who_collaborating_centre_for_reference_and_research_on_influenza	institute_of_medical_and_veterinary_science_(imvs)
B/Brisbane/46/2015	who_collaborating_centre_for_reference_and_research_on_influenza	queensland_health_scientific_services
B/Anhui-Shushan/3184/2016-egg	who_chinese_national_influenza_center	who_chinese_national_influenza_center
B/Anhui-Shushan/3184/2016	who_chinese_national_influenza_center	who_chinese_national_influenza_center
B/Shanghai-Songjiang/1141/2016-egg	who_chinese_national_influenza_center	who_chinese_national_influenza_center
B/Townsville/7/2016	who_collaborating_centre_for_reference_and_research_on_influenza	queensland_health_scientific_services
B/Kentucky/25/2015-egg	centers_for_disease_control_and_prevention	kentucky_division_of_laboratory_services
B/Kentucky/25/2015	centers_for_disease_control_and_prevention	kentucky_division_of_laboratory_services
B/HongKong/1835/2015	centers_for_disease_control_and_prevention	government_virus_unit
B/England/472/2015	microbiology_services_colindale,_public_health_england	microbiology_services_colindale,_public_health_england
B/Connecticut/18/2017	centers_for_disease_control_and_prevention	connecticut_department._of_public_health
B/Brisbane/314/2015	who_collaborating_centre_for_reference_and_research_on_influenza	queensland_health_scientific_services
B/Ceara/145411-IEC/2017	centers_for_disease_control_and_prevention	national_influenza_center
B/Bolivia/1463/2017	centers_for_disease_control_and_prevention	instituto_nacional_de_laboratoriosde_salud_(inlasa)
B/Bolivia/1884/2017	centers_for_disease_control_and_prevention	instituto_nacional_de_laboratoriosde_salud_(inlasa)
B/Shenzhen/2018-28115/2016	who_chinese_national_influenza_center	who_chinese_national_influenza_center
B/Shaanxi-Beilin/12235/2015	who_chinese_national_influenza_center	who_chinese_national_influenza_center
B/Jilin-Nanguan/1223/2016-egg	centers_for_disease_control_and_prevention	who_chinese_national_influenza_center
B/Liaoning-Lianshan/1209/2016-egg	who_chinese_national_influenza_center	who_chinese_national_influenza_center
B/Liaoning-Lianshan/1170/2016-egg	who_chinese_national_influenza_center	who_chinese_national_influenza_center
B/HubeiWujiagang/1127/2017-egg	who_chinese_national_influenza_center	who_chinese_national_influenza_center
B/Jilin-Chaoyang/1436/2016-egg	who_chinese_national_influenza_center	who_chinese_national_influenza_center
B/Anhui-Yingjiang/11004/2016	who_chinese_national_influenza_center	who_chinese_national_influenza_center
B/Singapore/GP1744/2015	ministry_of_health,_singapore	ministry_of_health,_singapore
B/Taiwan/362/2015	national_institute_of_infectious_diseases_(niid)	center_for_disease_control
B/Toyama/36/2015	national_institute_of_infectious_diseases_(niid)	toyama_institute_of_health
B/Indonesia/Nihrd-Bjm593/2017	centers_for_disease_control_and_prevention	ministry_of_health,_nihrd
B/Indonesia/Nihrd-Bjm583/2017	centers_for_disease_control_and_prevention	ministry_of_health,_nihrd
B/Yunnan-Guandu/1834/2018	who_chinese_national_influenza_center	who_chinese_national_influenza_center
B/Darwin/6/2018	who_collaborating_centre_for_reference_and_research_on_influenza	royal_darwin_hospital
B/Guizhou-Kaili/8103/2017	who_chinese_national_influenza_center	who_chinese_national_influenza_center
B/Singapore/Infkk-16-0575/2016-egg	centers_for_disease_control_and_prevention	who_collaborating_centre_for_reference_and_research_on_influenza
B/Singapore/INFKK-16-0575/2016-egg	who_collaborating_centre_for_reference_and_research_on_influenza	ministry_of_health,_singapore
B/Singapore/INFKK-16-0575/2016	ministry_of_health,_singapore	ministry_of_health,_singapore
B/Taldykorgan/ZVL707/2016	national_centre_of_expertise_in_astana	csee
B/Altai/1/2017	state_research_center_of_virology_and_biotechnology_(vector)	
B/Karaganda/72/2017	centers_for_disease_control_and_prevention	cdc_central_asia_office
B/Kazakhstan/6160/2016	centers_for_disease_control_and_prevention	cdc_central_asia_office
B/Kazakhstan/4941/2016	crick_worldwide_influenza_centre	national_reference_laboratory
B/Almaty/323/2018	scientific_practical_centre_for_sanitary_epidemiological_expertise_and_monitoring	scientific_practical_centre_for_sanitary_epidemiological_expertise_and_monitoring
B/Kazakhstan/54/2017-egg	centers_for_disease_control_and_prevention	csee
B/Kazakhstan/54/2017	centers_for_disease_control_and_prevention	csee
B/Lao/F3996/2016	national_institute_of_infectious_diseases_(niid)	national_center_for_laboratory_and_epidemiology
B/Singapore/KK841/2015	ministry_of_health,_singapore	ministry_of_health,_singapore
B/Singapore/KK851/2015	ministry_of_health,_singapore	ministry_of_health,_singapore
B/Mali/11/2017	centers_for_disease_control_and_prevention	nic_lab_cvd_mali
B/Brisbane/1/2016	who_collaborating_centre_for_reference_and_research_on_influenza	queensland_health_scientific_services
B/Christchurch/521/2015	who_collaborating_centre_for_reference_and_research_on_influenza	canterbury_health_services
B/Pakistan/52/2017	centers_for_disease_control_and_prevention	national_institute_of_health
B/Lao/F3348/2016	national_institute_of_infectious_diseases_(niid)	ministry_of_health_laos
B/Lao/F3232/2016	national_institute_of_infectious_diseases_(niid)	ministry_of_health_laos
B/Mali/83/2017	centers_for_disease_control_and_prevention	nic_lab_cvd_mali
B/Portugal/SU144/2017	crick_worldwide_influenza_centre	instituto_nacional_de_saude_(insa)
B/Lisbon/niSU094_17-18/2017	crick_worldwide_influenza_centre	instituto_nacional_de_saude_(insa)
B/Ulaanbaatar/1865/2016	centers_for_disease_control_and_prevention	national_center_for_communicable_diseases
B/Shenzhen/2018-30561/2016	who_chinese_national_influenza_center	who_chinese_national_influenza_center
B/Shenzhen/2018-31880/2016	who_chinese_national_influenza_center	who_chinese_national_influenza_center
B/Brazil/6128/2017	centers_for_disease_control_and_prevention	instituto_adolfo_lutz
B/Sydney/12/2016	who_collaborating_centre_for_reference_and_research_on_influenza	westmead_hospital
B/Shanghai-Huangpu/1753/2018-egg	who_chinese_national_influenza_center	who_chinese_national_influenza_center
B/Hunan-Louxin/511/2016-egg	who_chinese_national_influenza_center	who_chinese_national_influenza_center
B/Hunan-Yueyanglou/1244/2016-egg	who_chinese_national_influenza_center	who_chinese_national_influenza_center
B/Sichuan-Gaoxin/1234/2016-egg	who_chinese_national_influenza_center	who_chinese_national_influenza_center
B/Fujian-Gulou/1499/2016-egg	who_chinese_national_influenza_center	who_chinese_national_influenza_center
B/Sapporo/23/2015	centers_for_disease_control_and_prevention	sapporo_city_institute_of_public_health
B/Liaoning-Zhanqian/1311/2016	who_chinese_national_influenza_center	who_chinese_national_influenza_center
B/Guangdong-Zhongshan/1255/2016-egg	who_chinese_national_influenza_center	who_chinese_national_influenza_center
B/Jiangsu-Guangling/1589/2016-egg	who_chinese_national_influenza_center	who_chinese_national_influenza_center
B/Bangladesh/3076/2016	centers_for_disease_control_and_prevention	institute_of_epidemiology_disease_control_and_research_(iedcr)_&_bangladesh_national_influenza_centre_(nic)
B/Bangladesh/5017/2016	centers_for_disease_control_and_prevention	institute_of_epidemiology_disease_control_and_research_(iedcr)_&_bangladesh_national_influenza_centre_(nic)
B/Bangladesh/4027/2016	centers_for_disease_control_and_prevention	institute_of_epidemiology_disease_control_and_research_(iedcr)_&_bangladesh_national_influenza_centre_(nic)
B/Bangladesh/8008/2017	centers_for_disease_control_and_prevention	institute_of_epidemiology_disease_control_and_research_(iedcr)_&_bangladesh_national_influenza_centre_(nic)
B/Bangladesh/8018/2016	centers_for_disease_control_and_prevention	institute_of_epidemiology_disease_control_and_research_(iedcr)_&_bangladesh_national_influenza_centre_(nic)
B/Kanagawa/IC7/2016	national_institute_of_infectious_diseases_(niid)	national_institute_of_infectious_diseases_(niid)
B/Hawaii/55/2017-egg	centers_for_disease_control_and_prevention	state_of_hawaii_department_of_health
B/Hawaii/55/2017	centers_for_disease_control_and_prevention	state_of_hawaii_department_of_health
B/Brisbane/46/2015-egg	who_collaborating_centre_for_reference_and_research_on_influenza	queensland_health_scientific_services
B/Singapore/GP1876/2015	ministry_of_health,_singapore	ministry_of_health,_singapore
B/Singapore/GP1771/2015	ministry_of_health,_singapore	ministry_of_health,_singapore
B/Singapore/GP1957/2015	ministry_of_health,_singapore	ministry_of_health,_singapore
B/Christchurch/530/2015	who_collaborating_centre_for_reference_and_research_on_influenza	canterbury_health_services
B/Singapore/INFGP-16-0616/2016	ministry_of_health,_singapore	ministry_of_health,_singapore
B/Shanghai-Changning/1202/2016-egg	who_chinese_national_influenza_center	who_chinese_national_influenza_center
B/NewCaledonia/6/2016	who_collaborating_centre_for_reference_and_research_on_influenza	institut_pasteur_new_caledonia
B/Taiwan/6047/2016	taiwan_cdc	centers_for_disease_control
B/Zhejiang-Nanhu/1282/2016-egg	who_chinese_national_influenza_center	who_chinese_national_influenza_center
B/Fujian-Xiangcheng/2244/2016-egg	who_chinese_national_influenza_center	who_chinese_national_influenza_center
B/Guangxi-Xixiangtang/11017/2016-egg	who_chinese_national_influenza_center	who_chinese_national_influenza_center
B/Guangxi-Yuzhou/1773/2017-egg	who_chinese_national_influenza_center	who_chinese_national_influenza_center
B/Guangxi-Yuzhou/1773/2017	who_chinese_national_influenza_center	who_chinese_national_influenza_center
B/Guangxi-Longan/1493/2017-egg	who_chinese_national_influenza_center	who_chinese_national_influenza_center
B/Guangxi-Youjiang/124/2017	who_chinese_national_influenza_center	who_chinese_national_influenza_center
B/Guangxi-Longan/1201/2018-egg	who_chinese_national_influenza_center	who_chinese_national_influenza_center
B/Guangdong-Yuncheng/82/2018	who_chinese_national_influenza_center	who_chinese_national_influenza_center
B/Bucharest/194978/2016	crick_worldwide_influenza_centre	cantacuzino_institute
B/Oman/7822/2015	crick_worldwide_influenza_centre	central_public_health_laboratory,_ministry_of_health
B/Ireland/71062/2015	crick_worldwide_influenza_centre	national_virus_reference_laboratory
B/Oman/6383/2015	crick_worldwide_influenza_centre	central_public_health_laboratory,_ministry_of_health
B/Lyon/2585/2015	crick_worldwide_influenza_centre	crr_virus_influenza_region_sud
B/Marseille/2643/2015	crick_worldwide_influenza_centre	crr_virus_influenza_region_sud
B/Marseille/2645/2015	crick_worldwide_influenza_centre	crr_virus_influenza_region_sud
B/Ankara/3346/2016	crick_worldwide_influenza_centre	refik_saydam_national_public_health_agency
B/England/926/2016	crick_worldwide_influenza_centre	microbiology_services_colindale,_public_health_england
B/Oman/1830/2016	crick_worldwide_influenza_centre	central_public_health_laboratory,_ministry_of_health
B/Switzerland/15976202/2015	crick_worldwide_influenza_centre	hopital_cantonal_universitaire_de_geneves
B/Iran/56446/2016-egg	crick_worldwide_influenza_centre	tehran_university_of_medical_sciences
B/StPetersburg/35/2016	crick_worldwide_influenza_centre	who_national_influenza_centre_russian_federation
B/Chanthaburi/598/2015	centers_for_disease_control_and_prevention	who_national_influenza_centre,_national_institute_of_medical_research_(nimr)
B/Estonia/97395/2015	crick_worldwide_influenza_centre	health_protection_inspectorate
B/Michigan/18/2016-egg	centers_for_disease_control_and_prevention	michigan_department_of_community_health
B/Michigan/18/2016	centers_for_disease_control_and_prevention	michigan_department_of_community_health
B/Christchurch/503/2015	who_collaborating_centre_for_reference_and_research_on_influenza	canterbury_health_services
B/Victoria/861/2015-egg	who_collaborating_centre_for_reference_and_research_on_influenza	austin_health
B/Guangdong-Zhenjiang/1960/2017-egg	who_chinese_national_influenza_center	who_chinese_national_influenza_center
B/SriLanka/14/2017-egg	who_collaborating_centre_for_reference_and_research_on_influenza	medical_research_institute
B/SriLanka/17/2017-egg	who_collaborating_centre_for_reference_and_research_on_influenza	medical_research_institute
B/SriLanka/14/2017	who_collaborating_centre_for_reference_and_research_on_influenza	medical_research_institute
B/SriLanka/17/2017	who_collaborating_centre_for_reference_and_research_on_influenza	medical_research_institute
B/Fujian-Xianyou/1203/2016-egg	who_chinese_national_influenza_center	who_chinese_national_influenza_center
B/Malaysia/RP3698/2018	who_collaborating_centre_for_reference_and_research_on_influenza	institut_penyelidikan_perubatan
B/Malaysia/RP1674/2018	who_collaborating_centre_for_reference_and_research_on_influenza	institut_penyelidikan_perubatan
B/Perth/11/2017	who_collaborating_centre_for_reference_and_research_on_influenza	pathwest_qe_ii_medical_centre
B/HongKong/728/2017	centers_for_disease_control_and_prevention	government_virus_unit
B/Norway/1540/2018	crick_worldwide_influenza_centre	st._olavs_hospital_hf,_dept._of_medical_microbiology
B/Brisbane/23/2018	who_collaborating_centre_for_reference_and_research_on_influenza	queensland_health_scientific_services
B/Darwin/130/2017	who_collaborating_centre_for_reference_and_research_on_influenza	royal_darwin_hospital
B/Darwin/109/2017-egg	who_collaborating_centre_for_reference_and_research_on_influenza	royal_darwin_hospital
B/Darwin/109/2017	who_collaborating_centre_for_reference_and_research_on_influenza	royal_darwin_hospital
B/Darwin/108/2017	who_collaborating_centre_for_reference_and_research_on_influenza	royal_darwin_hospital
B/Heilongjiang-Fujin/37/2016-egg	who_chinese_national_influenza_center	who_chinese_national_influenza_center
B/Neimenggu-Wulanhaote/1781/2016-egg	who_chinese_national_influenza_center	who_chinese_national_influenza_center
B/Neimenggu-Wulanhaote/1781/2016	who_chinese_national_influenza_center	who_chinese_national_influenza_center
B/Sichuan-Gaoxin/1232/2016-egg	who_chinese_national_influenza_center	who_chinese_national_influenza_center
B/Nepal/FLU-NPBH-03006/2016	usamc_armed_forces_medical_research_institute_of_medial_sciences	usamc_afrims_department_of_virology
B/Bangladesh/451/2016	centers_for_disease_control_and_prevention	institute_of_epidemiology_disease_control_and_research_(iedcr)_&_bangladesh_national_influenza_centre_(nic)
B/Singapore/TT0739/2017	ministry_of_health,_singapore	ministry_of_health,_singapore
B/Nepal/FLU-NPWR-02707/2016	usamc_armed_forces_medical_research_institute_of_medial_sciences	usamc_afrims_department_of_virology
B/Bangladesh/8002/2017	centers_for_disease_control_and_prevention	institute_of_epidemiology_disease_control_and_research_(iedcr)_&_bangladesh_national_influenza_centre_(nic)
B/Singapore/GP0531/2017	ministry_of_health,_singapore	ministry_of_health,_singapore
B/Fujian-Licheng/1352/2018	who_chinese_national_influenza_center	who_chinese_national_influenza_center
B/HongKong/5016/2017	centers_for_disease_control_and_prevention	government_virus_unit
B/Indonesia/KPG0556/2019	who_collaborating_centre_for_reference_and_research_on_influenza	ministry_of_health,_nihrd
B/Malaysia/RP1657/2018	who_collaborating_centre_for_reference_and_research_on_influenza	institut_penyelidikan_perubatan
B/Malaysia/RP1676/2018	who_collaborating_centre_for_reference_and_research_on_influenza	institut_penyelidikan_perubatan
B/Timor-Leste/61/2018	who_collaborating_centre_for_reference_and_research_on_influenza	laboratório_nacional_da_saúde
B/Timor-Leste/68/2018	who_collaborating_centre_for_reference_and_research_on_influenza	laboratório_nacional_da_saúde
B/TimorLeste/41/2018	who_collaborating_centre_for_reference_and_research_on_influenza	laboratório_nacional_da_saúde
B/Timor-Leste/66/2018	who_collaborating_centre_for_reference_and_research_on_influenza	laboratório_nacional_da_saúde
B/Timor-Leste/63/2018	who_collaborating_centre_for_reference_and_research_on_influenza	laboratório_nacional_da_saúde
B/TimorLeste/52/2018	who_collaborating_centre_for_reference_and_research_on_influenza	laboratório_nacional_da_saúde
B/TimorLeste/40/2018	who_collaborating_centre_for_reference_and_research_on_influenza	laboratório_nacional_da_saúde
B/Singapore/INFKK-16-0305/2016	ministry_of_health,_singapore	ministry_of_health,_singapore
B/HongKong/7/2017	centers_for_disease_control_and_prevention	government_virus_unit
B/Kochi/106/2017	national_institute_of_infectious_diseases_(niid)	kochi_public_health_and_sanitation_institute_
B/Philippines/875/2017	centers_for_disease_control_and_prevention	center_for_medical_microbiology
B/Saga/187/2016	national_institute_of_infectious_diseases_(niid)	saga_prefectural_institute_of_public_health_and_pharmaceutical_research
B/Liaoning-Mingshan/154/2018-egg	who_chinese_national_influenza_center	who_chinese_national_influenza_center
B/Jiangsu-Hailing/11678/2018-egg	who_chinese_national_influenza_center	who_chinese_national_influenza_center
B/Jiangsu-Hailing/11700/2018-egg	who_chinese_national_influenza_center	who_chinese_national_influenza_center
B/Jiangsu-Hailing/11686/2018-egg	who_chinese_national_influenza_center	who_chinese_national_influenza_center
B/Jiangsu-Hailing/11708/2018-egg	who_chinese_national_influenza_center	who_chinese_national_influenza_center
B/Jiangsu-Hailing/11715/2018-egg	who_chinese_national_influenza_center	who_chinese_national_influenza_center
B/Kanagawa/AC30/2016	national_institute_of_infectious_diseases_(niid)	national_institute_of_infectious_diseases_(niid)
B/Kanagawa/IC33/2016	national_institute_of_infectious_diseases_(niid)	national_institute_of_infectious_diseases_(niid)
B/Saitama/23/2016	national_institute_of_infectious_diseases_(niid)	saitama_institute_of_public_health
B/Yokohama/31/2016	national_institute_of_infectious_diseases_(niid)	yokohama_city_institute_of_public_health.
B/Sendai/6/2016	national_institute_of_infectious_diseases_(niid)	sendai_city_institute_of_public_health
B/Nagano-C/9/2016	national_institute_of_infectious_diseases_(niid)	nagano_city_health_center
B/Wakayama/5/2016	national_institute_of_infectious_diseases_(niid)	wakayama_prefectural_research_center_of_environment_and_public_health
B/Taiwan/150/2016	national_institute_of_infectious_diseases_(niid)	center_for_disease_control
B/Kumamoto/1/2016	national_institute_of_infectious_diseases_(niid)	kumamoto_prefectural_institute_of_public_health_and_environmental_science
B/Shanghai-Jinshan/1222/2016-egg	who_chinese_national_influenza_center	who_chinese_national_influenza_center
B/Singapore/KK1070/2015	ministry_of_health,_singapore	ministry_of_health,_singapore
B/Gunma/15G090/2016	niigata_university	niigata_university
B/Anhui-Jiujiang/325/2016-egg	who_chinese_national_influenza_center	who_chinese_national_influenza_center
B/Shanghai-Baoshan/1325/2017	who_chinese_national_influenza_center	who_chinese_national_influenza_center
B/Bolivia/1180/2017	centers_for_disease_control_and_prevention	instituto_nacional_de_laboratoriosde_salud_(inlasa)
B/Zhejiang-Lucheng/1434/2017	who_chinese_national_influenza_center	who_chinese_national_influenza_center
B/Shenzhen/2018-06349/2017	who_chinese_national_influenza_center	who_chinese_national_influenza_center
B/Shenzhen/2018-06351/2017	who_chinese_national_influenza_center	who_chinese_national_influenza_center
B/Shenzhen/2018-06348/2017	who_chinese_national_influenza_center	who_chinese_national_influenza_center
B/Fujian-Fuan/2283/2016-egg	who_chinese_national_influenza_center	who_chinese_national_influenza_center
B/Jiangsu-Tinghu/1822/2016-egg	who_chinese_national_influenza_center	who_chinese_national_influenza_center
B/Jiangsu-Gusu/11636/2016-egg	who_chinese_national_influenza_center	who_chinese_national_influenza_center
B/Jiangsu-Tinghu/1519/2017-egg	who_chinese_national_influenza_center	who_chinese_national_influenza_center
B/Guangxi-Yuzhou/1785/2017-egg	who_chinese_national_influenza_center	who_chinese_national_influenza_center
B/Shanghai-Baoshan/1325/2017-egg	who_chinese_national_influenza_center	who_chinese_national_influenza_center
B/Shanghai-Baoan/1325/2017-egg	centers_for_disease_control_and_prevention	who_chinese_national_influenza_center
B/Hunan-Yuhua/1647/2016-egg	who_chinese_national_influenza_center	who_chinese_national_influenza_center
B/Beijing-Xicheng/313/2015	who_chinese_national_influenza_center	who_chinese_national_influenza_center
B/Shanghai-Jingan/1725/2017-egg	who_chinese_national_influenza_center	who_chinese_national_influenza_center
B/Anhui-Huashan/1426/2016-egg	who_chinese_national_influenza_center	who_chinese_national_influenza_center
B/Neimenggu-Wulanhaote/11/2017	who_chinese_national_influenza_center	who_chinese_national_influenza_center
B/Okinawa/16T022/2017	niigata_university	niigata_university
B/Fujian-Cangshan/77/2016-egg	who_chinese_national_influenza_center	who_chinese_national_influenza_center
B/Neimenggu-Hailaer/1228/2016-egg	who_chinese_national_influenza_center	who_chinese_national_influenza_center
B/Fujian-Gulou/1654/2016-egg	who_chinese_national_influenza_center	who_chinese_national_influenza_center
B/Hunan-Tianyuan/11311/2016-egg	who_chinese_national_influenza_center	who_chinese_national_influenza_center
B/Liaoning-Xigang/1558/2016-egg	who_chinese_national_influenza_center	who_chinese_national_influenza_center
B/Jiangsu-Qingpu/1932/2017-egg	who_chinese_national_influenza_center	who_chinese_national_influenza_center
B/Heilongjiang-Daowai/1265/2016-egg	who_chinese_national_influenza_center	who_chinese_national_influenza_center
B/Heilongjiang-Nangang/1239/2016-egg	who_chinese_national_influenza_center	who_chinese_national_influenza_center
B/Heilongjiang-Nangang/1224/2016-egg	who_chinese_national_influenza_center	who_chinese_national_influenza_center
B/Heilongjiang-Daoli/1268/2016-egg	who_chinese_national_influenza_center	who_chinese_national_influenza_center
B/Dakar/11/2017	crick_worldwide_influenza_centre	institut_pasteur_de_dakar__
B/Bangladesh/4010/2017	centers_for_disease_control_and_prevention	institute_of_epidemiology_disease_control_and_research_(iedcr)_&_bangladesh_national_influenza_centre_(nic)
B/Bangladesh/702014/2017	centers_for_disease_control_and_prevention	institute_of_epidemiology_disease_control_and_research_(iedcr)_&_bangladesh_national_influenza_centre_(nic)
B/Jordan/20228/2018	crick_worldwide_influenza_centre	laboratory_directorate
B/Bangladesh/655/2017	centers_for_disease_control_and_prevention	institute_of_epidemiology_disease_control_and_research_(iedcr)_&_bangladesh_national_influenza_centre_(nic)
B/Bangladesh/3028/2017	centers_for_disease_control_and_prevention	institute_of_epidemiology_disease_control_and_research_(iedcr)_&_bangladesh_national_influenza_centre_(nic)
B/Bangladesh/3015/2017	centers_for_disease_control_and_prevention	institute_of_epidemiology_disease_control_and_research_(iedcr)_&_bangladesh_national_influenza_centre_(nic)
B/Bangladesh/299/2019	centers_for_disease_control_and_prevention	institute_of_epidemiology_disease_control_and_research_(iedcr)_&_bangladesh_national_influenza_centre_(nic)
B/Bangladesh/309/2019	centers_for_disease_control_and_prevention	institute_of_epidemiology_disease_control_and_research_(iedcr)_&_bangladesh_national_influenza_centre_(nic)
B/Bangladesh/304/2019	centers_for_disease_control_and_prevention	institute_of_epidemiology_disease_control_and_research_(iedcr)_&_bangladesh_national_influenza_centre_(nic)
B/Bangladesh/1623/2019	centers_for_disease_control_and_prevention	institute_of_epidemiology_disease_control_and_research_(iedcr)_&_bangladesh_national_influenza_centre_(nic)
B/Singapore/EN761/2015	ministry_of_health,_singapore	ministry_of_health,_singapore
B/Lao/1241/2016	centers_for_disease_control_and_prevention	national_center_for_laboratory_and_epidemiology
B/Singapore/INFGP-16-0299/2016	ministry_of_health,_singapore	ministry_of_health,_singapore
B/Singapore/INFEN-16-0031/2016	ministry_of_health,_singapore	ministry_of_health,_singapore
B/Sweden/1/2017	swedish_institute_for_infectious_disease_control	
B/Timor-Leste/64/2018	who_collaborating_centre_for_reference_and_research_on_influenza	laboratório_nacional_da_saúde
B/TimorLeste/4/2018	who_collaborating_centre_for_reference_and_research_on_influenza	laboratório_nacional_da_saúde
B/Timor-Leste/21/2018	who_collaborating_centre_for_reference_and_research_on_influenza	laboratório_nacional_da_saúde
B/Kazakhstan/128/2017-egg	centers_for_disease_control_and_prevention	csee
B/Kazakhstan/128/2017	centers_for_disease_control_and_prevention	csee
B/Zhejiang-Wuxin/113/2018-egg	who_collaborating_centre_for_reference_and_research_on_influenza	who_chinese_national_influenza_center
B/Shanghai-Songjiang/1159/2018	who_chinese_national_influenza_center	who_chinese_national_influenza_center
B/Hebei-Cixian/149/2018-egg	who_collaborating_centre_for_reference_and_research_on_influenza	beijing_centers_for_diseases_prevention_and_control
B/Sichuan-Jinjiang/8276/2017	who_chinese_national_influenza_center	who_chinese_national_influenza_center
B/Fujian-Tongan/1517/2017-egg	who_chinese_national_influenza_center	who_chinese_national_influenza_center
B/Singapore/GP2419/2017	ministry_of_health,_singapore	ministry_of_health,_singapore
B/Quinghai-Gangcha/1209/2018	centers_for_disease_control_and_prevention	who_chinese_national_influenza_center
B/Nagasaki/635/2018-egg		seasonal_vic
B/Nagasaki/635/2018	national_institute_of_infectious_diseases_(niid)	nagasaki_prefectural_institute_for_environment_research_and_public_health
B/Milan/95/2016	istituto_superiore_di_sanit?	university_of_milan
B/Newcastle/2/2016	who_collaborating_centre_for_reference_and_research_on_influenza	john_hunter_hospital
B/Afghanistan/4283/2016	centers_for_disease_control_and_prevention	national_public_health_laboratory
B/Singapore/EN632/2015	ministry_of_health,_singapore	ministry_of_health,_singapore
B/Lao/406/2016	centers_for_disease_control_and_prevention	national_center_for_laboratory_and_epidemiology
B/Iran/48810/2016	crick_worldwide_influenza_centre	tehran_university_of_medical_sciences
B/Bahrain/275/2016	centers_for_disease_control_and_prevention	ministry_of_health_bahrain
B/Stockholm/13/2016	swedish_institute_for_infectious_disease_control	
B/Bahrain/680/2016	centers_for_disease_control_and_prevention	ministry_of_health_bahrain
B/Afghanistan/5120/2016	centers_for_disease_control_and_prevention	national_public_health_laboratory
B/Jordan/IIIj-15-4527-01NT/2016	crick_worldwide_influenza_centre	laboratory_directorate
B/Lao/F712/2015	national_institute_of_infectious_diseases_(niid)	ministry_of_health_laos
B/Lebanon/2601/2017	crick_worldwide_influenza_centre	rafic_hariri_university_hospital_4th_floor_dna/research_lab
B/Hyogo/1059/2017	national_institute_of_infectious_diseases_(niid)	hyogo_prefectural_institute_of_public_health_and_consumer_sciences
B/Bahrain/599/2016	centers_for_disease_control_and_prevention	ministry_of_health_bahrain
B/Israel/Q-540/2015	crick_worldwide_influenza_centre	central_virology_laboratory_israel_(nic)
B/Afghanistan/4661/2016	centers_for_disease_control_and_prevention	national_public_health_laboratory
B/Townsville/8/2016	who_collaborating_centre_for_reference_and_research_on_influenza	queensland_health_scientific_services
B/Shanghai-Putuo/1473/2017	who_chinese_national_influenza_center	who_chinese_national_influenza_center
B/Shanghai-Chongming/1638/2017-egg	who_chinese_national_influenza_center	who_chinese_national_influenza_center
B/Shanghai-Baoshan/1864/2017	who_chinese_national_influenza_center	who_chinese_national_influenza_center
B/Zhejiang-Xiacheng/1233/2017-egg	who_chinese_national_influenza_center	who_chinese_national_influenza_center
B/Shenzhen/2018-28601/2018-egg	who_chinese_national_influenza_center	who_chinese_national_influenza_center
B/Shanghai-Changning/39/2017-egg	who_chinese_national_influenza_center	who_chinese_national_influenza_center
B/Shanghai-Changning/1405/2017-egg	who_chinese_national_influenza_center	who_chinese_national_influenza_center
B/Jiangsu-Gaoyou/1585/2017-egg	who_chinese_national_influenza_center	who_chinese_national_influenza_center
B/Anhui-Dangtu/1136/2017-egg	who_chinese_national_influenza_center	who_chinese_national_influenza_center
B/Jiangsu-Liangxi/1933/2017-egg	who_chinese_national_influenza_center	who_chinese_national_influenza_center
B/Shanghai-Songjiang/1173/2017-egg	centers_for_disease_control_and_prevention	who_chinese_national_influenza_center
B/Shanghai-Songjiang/1173/2017	who_chinese_national_influenza_center	who_chinese_national_influenza_center
B/Shanghai-Putuo/1407/2017-egg	who_chinese_national_influenza_center	who_chinese_national_influenza_center
B/Shanghai-Baoshan/1441/2017-egg	who_chinese_national_influenza_center	who_chinese_national_influenza_center
B/Shanghai-Baoshan/1864/2017-egg	who_chinese_national_influenza_center	who_chinese_national_influenza_center
B/Zhejiang-Xiacheng/1233/2017	who_chinese_national_influenza_center	who_chinese_national_influenza_center
B/Zhejiang-Wuxin/1401/2017	who_chinese_national_influenza_center	who_chinese_national_influenza_center
B/Hunan-Yuhua/11919/2017-egg	who_chinese_national_influenza_center	who_chinese_national_influenza_center
B/Guizhou-Douyun/11123/2018	who_chinese_national_influenza_center	who_chinese_national_influenza_center
B/Shaanxi-Qindou/34/2016-egg	who_chinese_national_influenza_center	who_chinese_national_influenza_center
B/Shaanxi-Weicheng/1234/2016-egg	who_chinese_national_influenza_center	who_chinese_national_influenza_center
B/Wakayama-C/68/2015	national_institute_of_infectious_diseases_(niid)	wakayama_city_institute_of_public_health
B/Singapore/KK858/2015	ministry_of_health,_singapore	ministry_of_health,_singapore
B/Cameroon/2620/2018	crick_worldwide_influenza_centre	centre_pasteur_du_cameroun
B/Pennsylvania/19/2016-egg	centers_for_disease_control_and_prevention	pennsylvania_department_of_health
B/Pennsylvania/19/2016	centers_for_disease_control_and_prevention	pennsylvania_department_of_health
B/Lautaro/45995/2016	centers_for_disease_control_and_prevention	instituto_de_salud_publica_de_chile_
B/StPetersburg/293/2016	centers_for_disease_control_and_prevention	russian_academy_of_medical_sciences
B/StPetersburg/293/2016-egg	who_collaborating_centre_for_reference_and_research_on_influenza	russian_academy_of_medical_sciences
B/Wellington/14/2015	who_collaborating_centre_for_reference_and_research_on_influenza	institute_of_environmental_science_&_research
B/NewCaledonia/118/2015	who_collaborating_centre_for_reference_and_research_on_influenza	institut_pasteur_new_caledonia
B/Macau/611377/2016	who_chinese_national_influenza_center	who_chinese_national_influenza_center
B/Lao/F4083/2016	national_institute_of_infectious_diseases_(niid)	national_center_for_laboratory_and_epidemiology
B/Victoria/513/2017	who_collaborating_centre_for_reference_and_research_on_influenza	monash_medical_centre
B/England/959/2016	microbiology_services_colindale,_public_health_england	microbiology_services_colindale,_public_health_england
B/Fiji/11/2016	who_collaborating_centre_for_reference_and_research_on_influenza	national_centre_for_scientific_services_for_virology__and_vector_borne_diseases
B/Hunan-Jishou/1814/2016-egg	who_chinese_national_influenza_center	who_chinese_national_influenza_center
B/Lyon/CHU62R80/2017	crick_worldwide_influenza_centre	cnr_influenza_france_sud
B/Qatar/47-VI-17-0044392/2017	crick_worldwide_influenza_centre	supreme_health_council
B/Beijing-Xicheng/1121/2018-egg	who_chinese_national_influenza_center	who_chinese_national_influenza_center
B/Beijing-Xicheng/1121/2018	who_chinese_national_influenza_center	who_chinese_national_influenza_center
B/Sichuan-Dongxin/1297/2017-egg	who_chinese_national_influenza_center	who_chinese_national_influenza_center
B/Zhejiang-Haishu/1806/2017-egg	who_chinese_national_influenza_center	who_chinese_national_influenza_center
B/Shanghai-Jingan/1237/2017-egg	who_chinese_national_influenza_center	who_chinese_national_influenza_center
B/Fujian-Gulou/1994/2017-egg	who_chinese_national_influenza_center	who_chinese_national_influenza_center
B/Shanghai-Pudongxin/1547/2017-egg	who_chinese_national_influenza_center	who_chinese_national_influenza_center
B/Shenzhen/2018-28141/2017	who_chinese_national_influenza_center	who_chinese_national_influenza_center
B/Shenzhen/2018-22499/2017	who_chinese_national_influenza_center	who_chinese_national_influenza_center
B/Shenzhen/2018-22498/2017	who_chinese_national_influenza_center	who_chinese_national_influenza_center
B/Brisbane/8/2016	who_collaborating_centre_for_reference_and_research_on_influenza	queensland_health_scientific_services
B/Jiangsu-Chongchuan/11803/2017-egg	who_chinese_national_influenza_center	who_chinese_national_influenza_center
B/Jiangsu-Chongchuan/11602/2017-egg	who_chinese_national_influenza_center	who_chinese_national_influenza_center
B/Jiangsu-Chongchuan/11563/2018-egg	who_chinese_national_influenza_center	who_chinese_national_influenza_center
B/Jiangsu-Chongchuan/12290/2020-egg	who_chinese_national_influenza_center	who_chinese_national_influenza_center
B/Jiangsu-Chongchuan/12292/2020-egg	who_chinese_national_influenza_center	who_chinese_national_influenza_center
B/Jiangsu-Chongchuan/11616/2018-egg	who_chinese_national_influenza_center	who_chinese_national_influenza_center
B/Jiangsu-Chongchuan/11613/2018-egg	who_chinese_national_influenza_center	who_chinese_national_influenza_center
B/Jiangsu-Chongchuan/11618/2018-egg	who_chinese_national_influenza_center	who_chinese_national_influenza_center
B/Jiangsu-Chongchuan/11647/2018-egg	who_chinese_national_influenza_center	who_chinese_national_influenza_center
B/Jiangsu-Chongchuan/11552/2018-egg	who_chinese_national_influenza_center	who_chinese_national_influenza_center
B/Jiangsu-Chongchuan/11089/2018-egg	who_chinese_national_influenza_center	who_chinese_national_influenza_center
B/Quebec/RV2066/2017	public_health_agency_of_canada_(phac)	
B/Nakhonsithammarat/8/2017	who_collaborating_centre_for_reference_and_research_on_influenza	who_national_influenza_centre,_national_institute_of_medical_research_(nimr)
B/Singapore/EN0958/2017-egg	centers_for_disease_control_and_prevention	ministry_of_health,_singapore
B/Singapore/EN0958/2017	ministry_of_health,_singapore	ministry_of_health,_singapore
B/Zhejiang-Jiaojiang/1309/2016-egg	who_chinese_national_influenza_center	who_chinese_national_influenza_center
B/Taiwan/605/2016	national_institute_of_infectious_diseases_(niid)	center_for_disease_control
B/Shanghai-Jiading/1236/2016-egg	who_chinese_national_influenza_center	who_chinese_national_influenza_center
B/Hunan-Kaifu/1216/2016-egg	who_chinese_national_influenza_center	who_chinese_national_influenza_center
B/Yunnan-Eryuan/314/2016	who_chinese_national_influenza_center	who_chinese_national_influenza_center
B/Jiangsu-Beitang/1454/2016-egg	who_chinese_national_influenza_center	who_chinese_national_influenza_center
B/Lao/3156/2016	centers_for_disease_control_and_prevention	national_center_for_laboratory_and_epidemiology
B/Shenzhen/2018-28139/2017	who_chinese_national_influenza_center	who_chinese_national_influenza_center
B/Bangladesh/1/2016	centers_for_disease_control_and_prevention	institute_of_epidemiology_disease_control_and_research_(iedcr)_&_bangladesh_national_influenza_centre_(nic)
B/Bangladesh/4024/2016	centers_for_disease_control_and_prevention	institute_of_epidemiology_disease_control_and_research_(iedcr)_&_bangladesh_national_influenza_centre_(nic)
B/Heilongjiang-Saertu/1289/2016-egg	who_chinese_national_influenza_center	who_chinese_national_influenza_center
B/Bangladesh/984/2016	centers_for_disease_control_and_prevention	institute_of_epidemiology_disease_control_and_research_(iedcr)_&_bangladesh_national_influenza_centre_(nic)
B/Bangladesh/3004/2017	centers_for_disease_control_and_prevention	institute_of_epidemiology_disease_control_and_research_(iedcr)_&_bangladesh_national_influenza_centre_(nic)
B/Bangladesh/8/2016	centers_for_disease_control_and_prevention	institute_of_epidemiology_disease_control_and_research_(iedcr)_&_bangladesh_national_influenza_centre_(nic)
B/Shanghai-Yangpu/1192/2016-egg	who_chinese_national_influenza_center	who_chinese_national_influenza_center
B/SouthAfrica/3179/2016	centers_for_disease_control_and_prevention	national_institute_for_communicable_disease
B/SouthAustralia/7/2017	who_collaborating_centre_for_reference_and_research_on_influenza	institute_of_medical_and_veterinary_science_(imvs)
B/Lao/276/2017	centers_for_disease_control_and_prevention	national_center_for_laboratory_and_epidemiology
B/Lao/186/2017	centers_for_disease_control_and_prevention	national_center_for_laboratory_and_epidemiology
B/Shandong-Decheng/1446/2016-egg	who_chinese_national_influenza_center	who_chinese_national_influenza_center
B/Karlstad/1/2016	swedish_institute_for_infectious_disease_control	
B/Indonesia/Nihrd-Bkl649/2017	centers_for_disease_control_and_prevention	ministry_of_health,_nihrd
B/Osaka-C/12/2018	national_institute_of_infectious_diseases_(niid)	osaka_city_institute_of_public_health_and_environmental_sciences
B/Osaka/17/2018	national_institute_of_infectious_diseases_(niid)	osaka_prefectural_institute_of_public_health
B/Osaka/11/2018	national_institute_of_infectious_diseases_(niid)	osaka_prefectural_institute_of_public_health
B/Quebec/RV2022/2016	centers_for_disease_control_and_prevention	national_microbiology_laboratory,_health_canada
B/Shizuoka/48/2017	national_institute_of_infectious_diseases_(niid)	shizuoka_institute_of_environment_and_hygiene
B/Hebei-Cixian/149/2018	who_chinese_national_influenza_center	beijing_centers_for_diseases_prevention_and_control
B/Hawaii/26/2018-egg	centers_for_disease_control_and_prevention	state_of_hawaii_department_of_health
B/Hawaii/26/2018	centers_for_disease_control_and_prevention	state_of_hawaii_department_of_health
B/Togo/146/2017	centers_for_disease_control_and_prevention	institute_national_d'hygiene
B/Togo/4/2017	centers_for_disease_control_and_prevention	institute_national_d'hygiene
B/Togo/200/2017	centers_for_disease_control_and_prevention	institute_national_d'hygiene
B/Stockholm/10/2017	public_health_agency_of_sweden	
B/Guangdong-Duanzhou/1377/2018-egg	who_chinese_national_influenza_center	who_chinese_national_influenza_center
B/Guangxi-Longan/1152/2018	who_chinese_national_influenza_center	who_chinese_national_influenza_center
B/Dnipro/367/2017	centers_for_disease_control_and_prevention	institute_of_epidemiology_and_infectious_diseases_ams_of_ukraine
B/StPetersburg/RII-358/2018	centers_for_disease_control_and_prevention	russian_academy_of_medical_sciences
B/Macau/605339/2017	who_chinese_national_influenza_center	who_chinese_national_influenza_center
B/Ukraine/7991/2018	crick_worldwide_influenza_centre	ministry_of_health_of_ukraine
B/StPetersburg/RII-2855S/2018	who_national_influenza_centre_russian_federation	
B/Moscow/99/2017	centers_for_disease_control_and_prevention	ivanovsky_research_institute_of_virology_rams
B/Kharkiv/383/2017	centers_for_disease_control_and_prevention	institute_of_epidemiology_and_infectious_diseases_ams_of_ukraine
B/Ukraine/7755/2017	crick_worldwide_influenza_centre	ministry_of_health_of_ukraine
B/Ulaabaatar/1616/2017	centers_for_disease_control_and_prevention	national_center_for_communicable_diseases
B/Ulaabaatar/1767/2017	centers_for_disease_control_and_prevention	national_center_for_communicable_diseases
B/Ulaabaatar/1591/2017	centers_for_disease_control_and_prevention	national_center_for_communicable_diseases
B/Ulaabaatar/1868/2017	centers_for_disease_control_and_prevention	national_center_for_communicable_diseases
B/Moscow/77/2018	who_national_influenza_centre_russian_federation	ivanovsky_research_institute_of_virology_rams
B/Yekaterinburg/29/2017	crick_worldwide_influenza_centre	state_research_center_of_virology_and_biotechnology_(vector)
B/Bulgaria/516/2017	crick_worldwide_influenza_centre	national_centre_of_infectious_and_
B/StPetersburg/238/2017-egg	crick_worldwide_influenza_centre	who_national_influenza_centre_russian_federation
B/Moscow/92/2017	crick_worldwide_influenza_centre	ivanovsky_research_institute_of_virology_rams
B/StPetersburg/287/2017	crick_worldwide_influenza_centre	who_national_influenza_centre_russian_federation
B/Odesa/171/2017	crick_worldwide_influenza_centre	institute_of_epidemiology_and_infectious_diseases_ams_of_ukraine
B/Moscow/23/2018	who_national_influenza_centre_russian_federation	
B/Moscow/28/2018	crick_worldwide_influenza_centre	ivanovsky_research_institute_of_virology_rams
B/Khakassia/A1/2017	state_research_center_of_virology_and_biotechnology_(vector)	state_research_center_of_virology_and_biotechnology_(vector)
B/Kharkiv/191/2017	crick_worldwide_influenza_centre	institute_of_epidemiology_and_infectious_diseases_ams_of_ukraine
B/Yakutia/725/2017	state_research_center_of_virology_and_biotechnology_(vector)	
B/Yaroslavl/88/2017	crick_worldwide_influenza_centre	ivanovsky_research_institute_of_virology_rams
B/StPetersburg/283/2017	crick_worldwide_influenza_centre	who_national_influenza_centre_russian_federation
B/Kyiv/197/2017	crick_worldwide_influenza_centre	institute_of_epidemiology_and_infectious_diseases_ams_of_ukraine
B/StPetersburg/RII-1/2018	who_national_influenza_centre_russian_federation	russian_academy_of_medical_sciences
B/Dnipro/389/2017	centers_for_disease_control_and_prevention	institute_of_epidemiology_and_infectious_diseases_ams_of_ukraine
B/Dnipro/383/2017	centers_for_disease_control_and_prevention	institute_of_epidemiology_and_infectious_diseases_ams_of_ukraine
B/Ulaabaatar/1834/2017	centers_for_disease_control_and_prevention	national_center_for_communicable_diseases
B/Ulaanbaatar/1767/2017	centers_for_disease_control_and_prevention	national_center_for_communicable_diseases
B/Choibalsan/1738/2017	centers_for_disease_control_and_prevention	national_center_for_communicable_diseases
B/Choibalsan/1748/2017	centers_for_disease_control_and_prevention	national_center_for_communicable_diseases
B/Yaroslavl/4/2017	centers_for_disease_control_and_prevention	ivanovsky_research_institute_of_virology_rams
B/Dnipro/391/2017	centers_for_disease_control_and_prevention	institute_of_epidemiology_and_infectious_diseases_ams_of_ukraine
B/Dnipro/323/2017	crick_worldwide_influenza_centre	institute_of_epidemiology_and_infectious_diseases_ams_of_ukraine
B/Ukraine/7951/2018	crick_worldwide_influenza_centre	ministry_of_health_of_ukraine
B/Hungary/167/2018	crick_worldwide_influenza_centre	national_public_health_institute
B/Dnipro/398/2018	crick_worldwide_influenza_centre	institute_of_epidemiology_and_infectious_diseases_ams_of_ukraine
B/Dnipro/321/2017	crick_worldwide_influenza_centre	institute_of_epidemiology_and_infectious_diseases_ams_of_ukraine
B/Dnipro/5/2018	centers_for_disease_control_and_prevention	institute_of_epidemiology_and_infectious_diseases_ams_of_ukraine
B/Dnipro/347/2017	crick_worldwide_influenza_centre	institute_of_epidemiology_and_infectious_diseases_ams_of_ukraine
B/Ukraine/7808/2017	crick_worldwide_influenza_centre	ministry_of_health_of_ukraine
B/Pernambuco/147092-IEC/2017	evandro_chagas_institute	national_influenza_center
B/SouthAustralia/156/2015	who_collaborating_centre_for_reference_and_research_on_influenza	institute_of_medical_and_veterinary_science_(imvs)
B/Victoria/861/2015	who_collaborating_centre_for_reference_and_research_on_influenza	austin_health
B/SouthAustralia/6/2016	who_collaborating_centre_for_reference_and_research_on_influenza	institute_of_medical_and_veterinary_science_(imvs)
B/Jiangsu-Guangling/1464/2016-egg	who_chinese_national_influenza_center	who_chinese_national_influenza_center
B/Heilongjiang-Gongnong/1251/2016-egg	who_chinese_national_influenza_center	who_chinese_national_influenza_center
B/Peru/63716/2016	centers_for_disease_control_and_prevention	us_namru_6
B/Taiwan/6071/2016	taiwan_cdc	centers_for_disease_control
B/Fiji/10/2016	who_collaborating_centre_for_reference_and_research_on_influenza	national_centre_for_scientific_services_for_virology__and_vector_borne_diseases
B/Illinois/8/2016	centers_for_disease_control_and_prevention	illinois_department_of_public_health_chicago
B/Lao/F0107/2017	national_institute_of_infectious_diseases_(niid)	national_center_for_laboratory_and_epidemiology
B/Jiangsu-Tinghu/1944/2016-egg	who_chinese_national_influenza_center	who_chinese_national_influenza_center
B/Malaysia/RP2906/2018	who_collaborating_centre_for_reference_and_research_on_influenza	institut_penyelidikan_perubatan
B/Zhejiang-Yongkang/110/2018-egg	who_chinese_national_influenza_center	who_chinese_national_influenza_center
B/Lao/F1473/2017	national_institute_of_infectious_diseases_(niid)	national_center_for_laboratory_and_epidemiology
B/Jiangsu-Qingjiangpu/11028/2018-egg	who_chinese_national_influenza_center	who_chinese_national_influenza_center
B/Zhejiang-Jiaojiang/11018/2019-egg	who_chinese_national_influenza_center	who_chinese_national_influenza_center
B/Yunnan-Qilin/1962/2021-egg	who_chinese_national_influenza_center	who_chinese_national_influenza_center
B/Zhejiang-Yongkang/1370/2021-egg	who_chinese_national_influenza_center	who_chinese_national_influenza_center
B/Hunan-Kaifu/1276/2021-egg	who_chinese_national_influenza_center	who_chinese_national_influenza_center
B/BritishColumbia/RV2477/2015	centers_for_disease_control_and_prevention	national_microbiology_laboratory,_health_canada
B/Yasothon/432/2016	who_collaborating_centre_for_reference_and_research_on_influenza	who_national_influenza_centre,_national_institute_of_medical_research_(nimr)
B/Lao/F0620/2016	national_institute_of_infectious_diseases_(niid)	ministry_of_health_laos
B/Canberra/3/2016	who_collaborating_centre_for_reference_and_research_on_influenza	canberra_hospital
B/Tokyo/EH23/2016	national_institute_of_infectious_diseases_(niid)	national_institute_of_infectious_diseases_(niid)
B/Zhejiang-Nanhu/1253/2016-egg	who_chinese_national_influenza_center	who_chinese_national_influenza_center
B/Ohio/4/2016	centers_for_disease_control_and_prevention	ohio_department_of_health_laboratories
B/Singapore/INFKK-16-0370/2016	ministry_of_health,_singapore	ministry_of_health,_singapore
B/Shaanxi-Qindou/38/2016-egg	who_chinese_national_influenza_center	who_chinese_national_influenza_center
B/Shanghai-Jinshan/1223/2016-egg	who_chinese_national_influenza_center	who_chinese_national_influenza_center
B/Mozambique/181/2016	centers_for_disease_control_and_prevention	laboratório_de_isolamento_viral
B/Fujian-Zhangping/32/2016-egg	who_chinese_national_influenza_center	who_chinese_national_influenza_center
B/Myanmar/16M124/2016	niigata_university	niigata_university
B/Guangdong-Duanzhou/1308/2016-egg	who_chinese_national_influenza_center	who_chinese_national_influenza_center
B/Shanghai-Baoshan/1441/2017	who_chinese_national_influenza_center	who_chinese_national_influenza_center
B/Yunnan-Wenshan/1936/2016	who_chinese_national_influenza_center	who_chinese_national_influenza_center
B/Lao/3949/2017	centers_for_disease_control_and_prevention	national_center_for_laboratory_and_epidemiology
B/Hunan-Suxian/1467/2016-egg	who_chinese_national_influenza_center	who_chinese_national_influenza_center
B/Lakes/1/2017	who_collaborating_centre_for_reference_and_research_on_influenza	institute_of_environmental_science_&_research
B/Lakes/2/2017	who_collaborating_centre_for_reference_and_research_on_influenza	institute_of_environmental_science_&_research
B/Indonesia/BKL0931/2019	who_collaborating_centre_for_reference_and_research_on_influenza	ministry_of_health,_nihrd
B/Perth/67/2017	who_collaborating_centre_for_reference_and_research_on_influenza	pathwest_qe_ii_medical_centre
B/Singapore/EN0223/2019	ministry_of_health,_singapore	ministry_of_health,_singapore
B/Guangdong-Yuexiu/11064/2018	who_chinese_national_influenza_center	who_chinese_national_influenza_center
B/Yamagata/116/2017	national_institute_of_infectious_diseases_(niid)	yamagata_prefectural_institute_of_public_health
B/Miyazaki/20/2017	national_institute_of_infectious_diseases_(niid)	miyazaki_prefectural_institute_for_public_health_and_environment
B/Saga/73/2017	national_institute_of_infectious_diseases_(niid)	saga_prefectural_institute_of_public_health_and_pharmaceutical_research
B/Kagoshima/4067/2017	national_institute_of_infectious_diseases_(niid)	kagoshima_prefectural_institute_for_environmental_research_and_public_health
B/Kanagawa/ZC1622/2017-egg		seasonal_vic
B/Kanagawa/ZC1622/2017	national_institute_of_infectious_diseases_(niid)	national_institute_of_infectious_diseases_(niid)
B/Kanagawa/ZC1620/2017	national_institute_of_infectious_diseases_(niid)	national_institute_of_infectious_diseases_(niid)
B/Kanagawa/AC1633/2017	national_institute_of_infectious_diseases_(niid)	national_institute_of_infectious_diseases_(niid)
B/Kanagawa/AC1631/2017	national_institute_of_infectious_diseases_(niid)	national_institute_of_infectious_diseases_(niid)
B/Kanagawa/AC1631/2017-egg		seasonal_vic
B/Kanagawa/ZC1620/2017-egg		seasonal_vic
B/Kanagawa/ZC1621/2017-egg		seasonal_vic
B/Kanagawa/AC1633/2017-egg		seasonal_vic
B/Kanagawa/ZC1621/2017	national_institute_of_infectious_diseases_(niid)	national_institute_of_infectious_diseases_(niid)
B/Wakayama-C/66/2015	national_institute_of_infectious_diseases_(niid)	wakayama_city_institute_of_public_health
B/Singapore/KK875/2015	ministry_of_health,_singapore	ministry_of_health,_singapore
B/Wakayama-C/70/2015	national_institute_of_infectious_diseases_(niid)	wakayama_city_institute_of_public_health
B/Pennsylvania/41/2016	centers_for_disease_control_and_prevention	upmc_clb_dept_of_microbiology
B/Austria/911908/2016	medical_university_vienna	department_of_virology,_medical_university_vienna
B/Bretagne/2597/2015	crick_worldwide_influenza_centre	institut_pasteur
B/Morocco/316/2016	national_institute_of_hygiene	institut_national_d_hygiene,_ministere_de_la_sante_sante
B/Paraguay/9867/2016	centers_for_disease_control_and_prevention	central_laboratory_of_public_health
B/Shenzhen/2018-31891/2016	who_chinese_national_influenza_center	who_chinese_national_influenza_center
B/Shenzhen/2018-31890/2016	who_chinese_national_influenza_center	who_chinese_national_influenza_center
B/Cameroon/10372/2016	crick_worldwide_influenza_centre	centre_pasteur_du_cameroun
B/Bahrain/204/2017	centers_for_disease_control_and_prevention	ministry_of_health_bahrain
B/Pennsylvania/9/2017	other_database_import	pennsylvania_department_of_health
B/Wisconsin/10/2017	centers_for_disease_control_and_prevention	wisconsin_state_laboratory_of_hygiene
B/Arizona/56/2017	centers_for_disease_control_and_prevention	arizona_department_of_health_services
B/Bretagne/2531/2015	institut_pasteur	institut_pasteur
B/Kazakhstan/4911/2016	crick_worldwide_influenza_centre	national_reference_laboratory
B/Kazakhstan/21/2018	centers_for_disease_control_and_prevention	csee
B/Kazakhstan/366/2018	centers_for_disease_control_and_prevention	csee
B/Kazakhstan/7522/2017	crick_worldwide_influenza_centre	national_reference_laboratory
B/Algeria/24/2016	crick_worldwide_influenza_centre	institut_pasteur_d'algerie
B/England/939/2016	crick_worldwide_influenza_centre	health_protection_agency
B/Valparaiso/62554/2016	instituto_de_salud_publica_de_chile	instituto_de_salud_publica_de_chile_
B/Santiago/27247/2016	centers_for_disease_control_and_prevention	instituto_de_salud_publica_de_chile_
B/Mali/95/2018	centers_for_disease_control_and_prevention	nic_lab_cvd_mali
B/Qatar/47-VI-17-0001088/2017	crick_worldwide_influenza_centre	supreme_health_council
B/Qatar/11-VI-17-0001490/2017	crick_worldwide_influenza_centre	supreme_health_council
B/Dakar/9/2017	crick_worldwide_influenza_centre	institut_pasteur_de_dakar__
B/Bangladesh/8001/2017	centers_for_disease_control_and_prevention	institute_of_epidemiology_disease_control_and_research_(iedcr)_&_bangladesh_national_influenza_centre_(nic)
B/Egypt/174/2017	crick_worldwide_influenza_centre	ministry_of_health_and_population
B/Fujian-Siming/1524/2017-egg	who_chinese_national_influenza_center	who_chinese_national_influenza_center
B/Florida/65/2016	centers_for_disease_control_and_prevention	florida_department_of_health_tampa
B/Paraguay/7857/2016	centers_for_disease_control_and_prevention	central_laboratory_of_public_health
B/Cambodia/A1110503/2016	who_collaborating_centre_for_reference_and_research_on_influenza	institute_pasteur_du_cambodia
B/Arizona/70/2017	centers_for_disease_control_and_prevention	arizona_department_of_health_services
B/Florida/13/2017	centers_for_disease_control_and_prevention	florida_department_of_health_tampa
B/Rancagua/48541/2016	instituto_de_salud_publica_de_chile	instituto_de_salud_publica_de_chile_
B/BurkinaFaso/2101/2017	centers_for_disease_control_and_prevention	irss
B/England/71160415/2017	microbiology_services_colindale,_public_health_england	microbiology_services_colindale,_public_health_england
B/Cameroon/10149/2016	crick_worldwide_influenza_centre	centre_pasteur_du_cameroun
B/Cameroon/9431/2016	crick_worldwide_influenza_centre	centre_pasteur_du_cameroun
B/Santiago/44313/2016	centers_for_disease_control_and_prevention	instituto_de_salud_publica_de_chile_
B/Linares/45438/2016	centers_for_disease_control_and_prevention	instituto_de_salud_publica_de_chile_
B/Algeria/18/2016	crick_worldwide_influenza_centre	institut_pasteur_d'algerie
B/Santiago/49630/2016	instituto_de_salud_publica_de_chile	instituto_de_salud_publica_de_chile_
B/Algeria/98/2016	crick_worldwide_influenza_centre	institut_pasteur_d'algerie
B/Martinique/518/2016	centers_for_disease_control_and_prevention	national_influenza_center_french_guiana_and_french_indies
B/Esteli/193/2017	centers_for_disease_control_and_prevention	laboratorio_de_virologia,_direccion_de_microbiologia
B/Mali/25/2018	centers_for_disease_control_and_prevention	nic_lab_cvd_mali
B/Dakar/13/2017	crick_worldwide_influenza_centre	institut_pasteur_de_dakar__
B/Norway/1205/2018	crick_worldwide_influenza_centre	who_national_influenza_centre
B/Sichuan-Yucheng/1384/2016-egg	who_chinese_national_influenza_center	who_chinese_national_influenza_center
B/Shenzhen/2018-28129/2016	who_chinese_national_influenza_center	who_chinese_national_influenza_center
B/Shenzhen/2018-28124/2016	who_chinese_national_influenza_center	who_chinese_national_influenza_center
B/DominicanRepublic/9935/2016	centers_for_disease_control_and_prevention	laboratorio_de_investigacion_/_centro_de_educacion_medica_y_amistad_dominico_japones_(cemadoja)
B/Alabama/2/2017-egg	who_collaborating_centre_for_reference_and_research_on_influenza	adph_bureau_of_clinical_laboratories
B/Alabama/2/2017	other_database_import	adph_bureau_of_clinical_laboratories
B/NewJersey/9/2017-egg	centers_for_disease_control_and_prevention	new_jersey_department_of_health_&_senior_services
B/NewJersey/9/2017	centers_for_disease_control_and_prevention	new_jersey_department_of_health_&_senior_services
B/Maryland/15/2016-egg	who_collaborating_centre_for_reference_and_research_on_influenza	maryland_department_of_health_and_mental_hygiene
B/Maryland/15/2016	centers_for_disease_control_and_prevention	maryland_department_of_health_and_mental_hygiene
B/NewYork/52/2016	who_collaborating_centre_for_reference_and_research_on_influenza	new_york_state_department_of_health
B/Iowa/14/2017-egg	who_collaborating_centre_for_reference_and_research_on_influenza	iowa_state_hygienic_laboratory
B/Iowa/14/2017	centers_for_disease_control_and_prevention	iowa_state_hygienic_laboratory
B/Colorado/6/2017-egg	national_institute_for_biological_standards_and_control_(nibsc)	colorado_department_of_health_lab
B/Singapore/KK0148/2018-egg	who_collaborating_centre_for_reference_and_research_on_influenza	ministry_of_health,_singapore
B/Quebec/RV0938/2018	public_health_agency_of_canada_(phac)	
B/Honduras/2976/2018	centers_for_disease_control_and_prevention	laboratorio_nacional_de_virologia
B/Alaska/17/2018	centers_for_disease_control_and_prevention	alaska_state_virology_lab
B/Honduras/2870/2018	centers_for_disease_control_and_prevention	laboratorio_nacional_de_virologia
B/Finland/843/2018	crick_worldwide_influenza_centre	national_institute_for_health_and_welfare
B/Colorado/6/2017	who_chinese_national_influenza_center	colorado_department_of_health_lab
B/Suriname/2336/2017	centers_for_disease_control_and_prevention	institute_for_biomedical_sciences
B/Guyane/316/2018	centers_for_disease_control_and_prevention	national_influenza_center_french_guiana_and_french_indies
B/Suriname/281/2018	centers_for_disease_control_and_prevention	institute_for_biomedical_sciences
B/Switzerland/23074139/2018	swiss_national_reference_centre_for_influenza	swiss_national_reference_centre_for_influenza
B/Wellington/1/2018	who_collaborating_centre_for_reference_and_research_on_influenza	institute_of_environmental_science_&_research
B/Wellington/2/2018	who_collaborating_centre_for_reference_and_research_on_influenza	institute_of_environmental_science_and_research
B/Norway/2513/2018	crick_worldwide_influenza_centre	oslo_university_hospital,_ulleval_hospital,_dept._of_microbiology
B/Michigan/UOMMH24033/2019	university_of_michigan	university_of_michigan_clinical_microbiology_laboratory
B/Peru/754617/2017	centers_for_disease_control_and_prevention	us_namru_6
B/NorthCarolina/12/2018	centers_for_disease_control_and_prevention	north_carolina_state_laboratory_of_public_health
B/Kentucky/7/2018	centers_for_disease_control_and_prevention	kentucky_division_of_laboratory_services
B/Wisconsin/194/2018	centers_for_disease_control_and_prevention	marshfield_clinic_research_foundation
B/Arizona/22/2018	centers_for_disease_control_and_prevention	arizona_department_of_health_services
B/Quebec/RV1877/2018	public_health_agency_of_canada_(phac)	
B/Paris/986/2018	institut_pasteur	institut_pasteur
B/Argentina/58/2018	centers_for_disease_control_and_prevention	instituto_nacional_de_enfermedades_infecciosas
B/BuenosAires/1693016/2017	crick_worldwide_influenza_centre	instituto_nacional_de_enfermedades_infecciosas
B/Paraguay/620/2018	centers_for_disease_control_and_prevention	central_laboratory_of_public_health
B/Brazil/2486/2018	centers_for_disease_control_and_prevention	instituto_adolfo_lutz
B/Brazil/4835/2018	centers_for_disease_control_and_prevention	instituto_adolfo_lutz
B/SantaCatarina/709/2019	centers_for_disease_control_and_prevention	instituto_oswaldo_cruz_fiocruz___laboratory_of_respiratory_viruses_and_measles_(lvrs)
B/Paraguay/8729/2018	centers_for_disease_control_and_prevention	central_laboratory_of_public_health
B/Pernambuco/155042-IEC/2018	evandro_chagas_institute	national_influenza_center
B/Paraguay/8730/2018	centers_for_disease_control_and_prevention	central_laboratory_of_public_health
B/Paraguay/5924/2018	centers_for_disease_control_and_prevention	central_laboratory_of_public_health
B/Argentina/258/2018	centers_for_disease_control_and_prevention	instituto_nacional_de_enfermedades_infecciosas
B/Bolivia/350/2018	centers_for_disease_control_and_prevention	cenetrop
B/Bolivia/326/2018	centers_for_disease_control_and_prevention	cenetrop
B/Galicia/2465/2017-egg	crick_worldwide_influenza_centre	servicio_de_microbiología_hospital_meixoeiro
B/Galicia/2465/2017	crick_worldwide_influenza_centre	servicio_de_microbiología_hospital_meixoeiro
B/Spain/107764/2017	crick_worldwide_influenza_centre	universidad_de_valladolid
B/Valladolid/196/2017	crick_worldwide_influenza_centre	universidad_de_valladolid
B/Trinidad/2285/2017	centers_for_disease_control_and_prevention	caribbean_epidemiology_center
B/NewYork/6/2018	centers_for_disease_control_and_prevention	new_york_state_department_of_health
B/Tokushima/19/2018	who_chinese_national_influenza_center	tokushima_prefectural_centre_for_public_health_and_environmental_sciences
B/Aichi/117/2018	national_institute_of_infectious_diseases_(niid)	aichi_prefectural_institute_of_public_health
B/Ehime/28/2018	national_institute_of_infectious_diseases_(niid)	ehime_prefecture_institute_of_public_health_and_environmental_science
B/Jamaica/868/2017	centers_for_disease_control_and_prevention	university_of_the_west_indies
B/Poland/31395/2017	crick_worldwide_influenza_centre	national_institute_of_public_health___national_institute_of_hygiene
B/NordrheinWestfalen/33/2018	robert_koch_institute_nationales_referenzzentrum_f?r_influenza	robert_koch_institute_nationales_referenzzentrum_für_influenza
B/Kazakhstan/346/2018	centers_for_disease_control_and_prevention	csee
B/Peru/7917/2017	centers_for_disease_control_and_prevention	us_namru_6
B/Santiago/51375/2018	centers_for_disease_control_and_prevention	instituto_de_salud_publica_de_chile_
B/Peru/6917/2017	centers_for_disease_control_and_prevention	us_namru_6
B/Argentina/13339/2017	centers_for_disease_control_and_prevention	cemic_university_hospital
B/England/80380717/2018	microbiology_services_colindale,_public_health_england	microbiology_services_colindale,_public_health_england
B/Neuquen/28066/2017	crick_worldwide_influenza_centre	instituto_nacional_de_enfermedades_infecciosas
B/Acre/159666-IEC/2019	evandro_chagas_institute	evandro_chagas_institute
B/Acre/159870-IEC/2019	evandro_chagas_institute	evandro_chagas_institute
B/Paris/457/2018	institut_pasteur	
B/MinasGerais/202012687/2019	centers_for_disease_control_and_prevention	instituto_oswaldo_cruz_fiocruz___laboratory_of_respiratory_viruses_and_measles_(lvrs)
B/Bolivia/1256/2019	centers_for_disease_control_and_prevention	instituto_nacional_de_laboratoriosde_salud_(inlasa)
B/Bolivia/417/2020	centers_for_disease_control_and_prevention	instituto_nacional_de_laboratoriosde_salud_(inlasa)
B/Washington/S27736/2019		the_brotman_baty_institute_for_precision_medicine
B/Washington/S28497/2020		the_brotman_baty_institute_for_precision_medicine
B/Iquique/89162/2019	instituto_de_salud_publica_de_chile	instituto_de_salud_publica_de_chile
B/Santiago/57035/2019	instituto_de_salud_publica_de_chile	instituto_de_salud_publica_de_chile
B/Santiago/76566/2019	instituto_de_salud_publica_de_chile	instituto_de_salud_publica_de_chile
B/Iquique/75434/2019	instituto_de_salud_publica_de_chile	instituto_de_salud_publica_de_chile
B/VinaDelMar/87872/2019	instituto_de_salud_publica_de_chile	instituto_de_salud_publica_de_chile
B/Chile/8427/2019	centers_for_disease_control_and_prevention	instituto_de_salud_publica_de_chile
B/PuertoMontt/95747/2019	instituto_de_salud_publica_de_chile	instituto_de_salud_publica_de_chile
B/PuertoMontt/82661/2019	instituto_de_salud_publica_de_chile	instituto_de_salud_publica_de_chile
B/Mozambique/687/2018	centers_for_disease_control_and_prevention	laboratório_de_isolamento_viral
B/Zambia/1-420/2018	crick_worldwide_influenza_centre	university_teaching_hospital
B/Zambia/1-405/2018	crick_worldwide_influenza_centre	university_teaching_hospital
B/Newcastle/62/2018-egg	who_collaborating_centre_for_reference_and_research_on_influenza	john_hunter_hospital
B/Newcastle/62/2018	who_collaborating_centre_for_reference_and_research_on_influenza	john_hunter_hospital
B/Mozambique/668/2018	centers_for_disease_control_and_prevention	laboratório_de_isolamento_viral
B/Mozambique/244/2019	centers_for_disease_control_and_prevention	laboratório_de_isolamento_viral
B/Antananarivo/3780/2019	crick_worldwide_influenza_centre	institut_pasteur_de_madagascar
B/LaReunion/447/2021	cnr_virus_des_infections_respiratoires___france_sud	cnr_virus_des_infections_respiratoires___france_sud
B/Quebec/RV1694/2017	public_health_agency_of_canada_(phac)	
B/Brazil/2199/2018	centers_for_disease_control_and_prevention	instituto_adolfo_lutz
B/DominicanRepublic/34/2018	centers_for_disease_control_and_prevention	laboratorio_nacional_de_salud_publica_dr._defillo
B/ElSalvador/690/2018-egg	centers_for_disease_control_and_prevention	contiguo_a_hospital_rosales
B/ElSalvador/690/2018	centers_for_disease_control_and_prevention	contiguo_a_hospital_rosales
B/Guatemala/60/2019	centers_for_disease_control_and_prevention	laboratorio_nacional_de_salud_guatemala
B/Georgia/8/2019	centers_for_disease_control_and_prevention	georgia_public_health_laboratory
B/Michigan/29/2019	centers_for_disease_control_and_prevention	university_of_michigan_sph_epid
B/Maryland/5/2018	centers_for_disease_control_and_prevention	maryland_department_of_health_and_mental_hygiene
B/RibeiraoPreto/1178602-IAL/2019	centers_for_disease_control_and_prevention	instituto_adolfo_lutz
B/Osaka/65/2018	national_institute_of_infectious_diseases_(niid)	osaka_prefectural_institute_of_public_health
B/Saitama/98/2018	national_institute_of_infectious_diseases_(niid)	saitama_institute_of_public_health
B/Para/155347-IEC/2018	evandro_chagas_institute	national_influenza_center
B/Guyane/705/2019	centers_for_disease_control_and_prevention	national_influenza_center_french_guiana_and_french_indies
B/Guyane/336/2020	centers_for_disease_control_and_prevention	national_influenza_center_french_guiana_and_french_indies
B/Guyane/354/2020	centers_for_disease_control_and_prevention	national_influenza_center_french_guiana_and_french_indies
B/Argentina/9/2018	centers_for_disease_control_and_prevention	instituto_nacional_de_enfermedades_infecciosas
B/ElSalvador/697/2018-egg	centers_for_disease_control_and_prevention	contiguo_a_hospital_rosales
B/ElSalvador/697/2018	centers_for_disease_control_and_prevention	contiguo_a_hospital_rosales
B/India/1623/2019	centers_for_disease_control_and_prevention	national_institute_of_virology
B/Roraima/155065-IEC/2018	evandro_chagas_institute	national_influenza_center
B/RioDeJaneiro/1152/2019	centers_for_disease_control_and_prevention	instituto_oswaldo_cruz_fiocruz___laboratory_of_respiratory_viruses_and_measles_(lvrs)
B/Acre/158941-IEC/2019	evandro_chagas_institute	evandro_chagas_institute
B/Norway/2409/2017-egg	centers_for_disease_control_and_prevention	who_national_influenza_centre
B/Norway/2409/2017	crick_worldwide_influenza_centre	who_national_influenza_centre
B/NewJersey/8/2017	centers_for_disease_control_and_prevention	new_jersey_department_of_health_&_senior_services
B/Paraguay/7301/2018	centers_for_disease_control_and_prevention	central_laboratory_of_public_health
B/Niedersachsen/71/2018	robert_koch_institute_nationales_referenzzentrum_f?r_influenza	robert_koch_institute_nationales_referenzzentrum_für_influenza
B/Santiago/47361/2018-egg	centers_for_disease_control_and_prevention	instituto_de_salud_publica_de_chile_
B/Santiago/47361/2018	centers_for_disease_control_and_prevention	instituto_de_salud_publica_de_chile_
B/Brisbane/39/2018	who_collaborating_centre_for_reference_and_research_on_influenza	queensland_health_scientific_services
B/Singapore/KK0686/2018-egg	who_collaborating_centre_for_reference_and_research_on_influenza	ministry_of_health,_singapore
B/Belgium/G0188/2018	crick_worldwide_influenza_centre	sciensano_(scientific_institute_of_public_health)
B/Belgium/G0181/2018	scientific_institute_of_public_health_(wiv_isp)	sciensano_(scientific_institute_of_public_health)
B/Bangladesh/1128/2019	centers_for_disease_control_and_prevention	institute_of_epidemiology_disease_control_and_research_(iedcr)_&_bangladesh_national_influenza_centre_(nic)
B/Malaysia/RP1204/2019	who_collaborating_centre_for_reference_and_research_on_influenza	institut_penyelidikan_perubatan
B/Taiwan/7385/2018	centers_for_disease_control_and_prevention	adimmune_corporation
B/Singapore/KK0992/2018	ministry_of_health,_singapore	ministry_of_health,_singapore
B/HongKong/1395/2018	crick_worldwide_influenza_centre	hong_kong_department_of_health
B/Malaysia/RP3730/2018	who_collaborating_centre_for_reference_and_research_on_influenza	institut_penyelidikan_perubatan
B/Singapore/GP1959/2018	ministry_of_health,_singapore	ministry_of_health,_singapore
B/SriLanka/26/2018	who_collaborating_centre_for_reference_and_research_on_influenza	medical_research_institute
B/SriLanka/21/2018	who_collaborating_centre_for_reference_and_research_on_influenza	medical_research_institute
B/SriLanka/19/2018	who_collaborating_centre_for_reference_and_research_on_influenza	medical_research_institute
B/SriLanka/34/2018	who_collaborating_centre_for_reference_and_research_on_influenza	medical_research_institute
B/SriLanka/14/2018-egg	who_collaborating_centre_for_reference_and_research_on_influenza	medical_research_institute
B/SriLanka/14/2018	who_collaborating_centre_for_reference_and_research_on_influenza	medical_research_institute
B/SriLanka/28/2018	who_collaborating_centre_for_reference_and_research_on_influenza	medical_research_institute
B/SriLanka/33/2018	who_collaborating_centre_for_reference_and_research_on_influenza	medical_research_institute
B/SriLanka/25/2018	who_collaborating_centre_for_reference_and_research_on_influenza	medical_research_institute
B/SriLanka/23/2018	who_collaborating_centre_for_reference_and_research_on_influenza	medical_research_institute
B/SriLanka/38/2018-egg	who_collaborating_centre_for_reference_and_research_on_influenza	medical_research_institute
B/SriLanka/38/2018	who_collaborating_centre_for_reference_and_research_on_influenza	medical_research_institute
B/Madrid/2179/2018	crick_worldwide_influenza_centre	servicio_de_microbiología_hospital_ramón_y_cajal
B/Austria/1039884/2018	medical_university_vienna	department_of_virology,_medical_university_vienna
B/CastillaLaMancha/2439/2017	crick_worldwide_influenza_centre	instituto_de_salud_carlos_iii
B/Singapore/KK0234/2018-egg	who_collaborating_centre_for_reference_and_research_on_influenza	ministry_of_health,_singapore
B/Singapore/KK0248/2018	who_collaborating_centre_for_reference_and_research_on_influenza	ministry_of_health,_singapore
B/Singapore/KK0248/2018-egg	who_collaborating_centre_for_reference_and_research_on_influenza	ministry_of_health,_singapore
B/Singapore/KK0234/2018	who_collaborating_centre_for_reference_and_research_on_influenza	ministry_of_health,_singapore
B/HongKong/1298/2018	crick_worldwide_influenza_centre	government_virus_unit
B/Delaware/2/2018	centers_for_disease_control_and_prevention	delaware_public_health_lab
B/Vermont/5/2018	centers_for_disease_control_and_prevention	vermont_department_of_health_laboratory
B/Delaware/19/2018	centers_for_disease_control_and_prevention	delaware_public_health_lab
B/SouthAfrica/VW0613/2018	centers_for_disease_control_and_prevention	national_institute_for_communicable_disease
B/Philippines/5/2018	who_collaborating_centre_for_reference_and_research_on_influenza	research_institute_of_tropical_medicine
B/Nagano/2085/2019	national_institute_of_infectious_diseases_(niid)	nagano_environmental_conservation_research_institute
B/Perth/16/2019	who_collaborating_centre_for_reference_and_research_on_influenza	pathwest_qe_ii_medical_centre
B/Kochi/3/2019	national_institute_of_infectious_diseases_(niid)	kochi_public_health_and_sanitation_institute_
B/TimorLeste/1/2019	who_collaborating_centre_for_reference_and_research_on_influenza	laboratório_nacional_da_saúde
B/Fujian-Huli/364/2018	who_chinese_national_influenza_center	who_chinese_national_influenza_center
B/Pennsylvania/10/2019	centers_for_disease_control_and_prevention	pennsylvania_department_of_health
B/Fujian-Huli/364/2018-egg	who_chinese_national_influenza_center	who_chinese_national_influenza_center
B/Fujian-Huli/368/2018-egg	who_chinese_national_influenza_center	who_chinese_national_influenza_center
B/TimorLeste/5/2019	who_collaborating_centre_for_reference_and_research_on_influenza	laboratório_nacional_da_saúde
B/Montana/37/2018	centers_for_disease_control_and_prevention	montana_laboratory_services_bureau
B/Montana/34/2018	centers_for_disease_control_and_prevention	montana_laboratory_services_bureau
B/Montana/34/2018-egg	centers_for_disease_control_and_prevention	montana_laboratory_services_bureau
B/Jiangxi-Donghu/321/2018	who_chinese_national_influenza_center	who_chinese_national_influenza_center
B/Jiangxi-Donghu/322/2018	who_chinese_national_influenza_center	who_chinese_national_influenza_center
B/Jiangxi-Qingshanhu/310/2018	who_chinese_national_influenza_center	who_chinese_national_influenza_center
B/Jiangxi-Qingshanhu/315/2018	who_chinese_national_influenza_center	who_chinese_national_influenza_center
B/Jiangxi-Qingshanhu/311/2018	who_chinese_national_influenza_center	who_chinese_national_influenza_center
B/Shanghai-Jiading/1313/2019-egg	who_chinese_national_influenza_center	who_chinese_national_influenza_center
B/Fujian-Tongan/1133/2019	who_chinese_national_influenza_center	who_chinese_national_influenza_center
B/Oman/1961/2018	centers_for_disease_control_and_prevention	central_public_health_laboratory,_ministry_of_health
B/Fukui/9/2018	national_institute_of_infectious_diseases_(niid)	fukui_prefectural_institute_of_public_health
B/NewZealand/1230/2016	centers_for_disease_control_and_prevention	institute_of_environmental_science_&_research
B/India/8943/2016	centers_for_disease_control_and_prevention	national_institute_of_virology
B/Yamagata/203/2016	national_institute_of_infectious_diseases_(niid)	yamagata_prefectural_institute_of_public_health
B/Jiangxi-Donghu/15/2017	who_chinese_national_influenza_center	who_chinese_national_influenza_center
B/Guangxi-Longan/1221/2018-egg	who_chinese_national_influenza_center	who_chinese_national_influenza_center
B/Guangdong-Zhenjiang/152/2018-egg	who_chinese_national_influenza_center	who_chinese_national_influenza_center
B/Singapore/GP0756/2017	ministry_of_health,_singapore	ministry_of_health,_singapore
B/Singapore/GP0109/2017	ministry_of_health,_singapore	ministry_of_health,_singapore
B/Fukui/11/2017	national_institute_of_infectious_diseases_(niid)	fukui_prefectural_institute_of_public_health
B/Kanagawa/IC1647/2017-egg		seasonal_vic
B/Kanagawa/IC1647/2017	national_institute_of_infectious_diseases_(niid)	national_institute_of_infectious_diseases_(niid)
B/Saitama-C/19/2017	national_institute_of_infectious_diseases_(niid)	saitama_city_institute_of_health__science_and_research
B/Sendai/4/2017	national_institute_of_infectious_diseases_(niid)	sendai_city_institute_of_public_health
B/Congo/148/2017	centers_for_disease_control_and_prevention	inrb_service_de_virologie
B/Congo/94/2017	centers_for_disease_control_and_prevention	inrb_service_de_virologie
B/Congo/95/2017	centers_for_disease_control_and_prevention	inrb_service_de_virologie
B/Guangdong-Dongwanbendi/1421/2017-egg	who_chinese_national_influenza_center	who_chinese_national_influenza_center
B/Sydney/25/2017	who_collaborating_centre_for_reference_and_research_on_influenza	clinical_virology_unit,_cdim
B/Uganda/4816/2016	centers_for_disease_control_and_prevention	uganda_virus_research_institute_(uvri),_national_influenza_center
B/Tunisia/2205/2017	crick_worldwide_influenza_centre	national_influenza_centre_tunis,_unit_virology,_microbiology_laboratory,_charles_nicolle's_hospital
B/Uganda/4919/2016	centers_for_disease_control_and_prevention	uganda_virus_research_institute_(uvri),_national_influenza_center
B/Uganda/4893/2016	centers_for_disease_control_and_prevention	uganda_virus_research_institute_(uvri),_national_influenza_center
B/Uganda/4822/2016	centers_for_disease_control_and_prevention	uganda_virus_research_institute_(uvri),_national_influenza_center
B/Maldives/133/2017	centers_for_disease_control_and_prevention	ministry_of_health
B/Bucharest/931-C8857/2017	crick_worldwide_influenza_centre	cantacuzino_institute
B/Oman/1144/2018	centers_for_disease_control_and_prevention	central_public_health_laboratory,_ministry_of_health
B/England/54/2017	microbiology_services_colindale,_public_health_england	microbiology_services_colindale,_public_health_england
B/Lao/967/2017	centers_for_disease_control_and_prevention	national_center_for_laboratory_and_epidemiology
B/Sydney/8/2017	who_collaborating_centre_for_reference_and_research_on_influenza	clinical_virology_unit,_cdim
B/Kyrgyzstan/99/2017	centers_for_disease_control_and_prevention	national_virology_laboratory,_center_microbiological_investigations
B/Uganda/5523/2016	centers_for_disease_control_and_prevention	uganda_virus_research_institute_(uvri),_national_influenza_center
B/Indonesia/Nihrd-Lpg592/2017	centers_for_disease_control_and_prevention	ministry_of_health,_nihrd
B/Darwin/16/2016	who_collaborating_centre_for_reference_and_research_on_influenza	royal_darwin_hospital
B/Taiwan/694/2016	centers_for_disease_control_and_prevention	adimmune_corporation
B/Dakar/15/2017	crick_worldwide_influenza_centre	institut_pasteur_de_dakar__
B/Illinois/17/2017	other_database_import	indiana_state_department_of_health_laboratories
B/Uruguay/511/2017	centers_for_disease_control_and_prevention	departamento_de_laboratorio_de_salud_pública_(dlsp)
B/Bolivia/1123/2017	centers_for_disease_control_and_prevention	cenetrop
B/Arizona/61/2017	centers_for_disease_control_and_prevention	arizona_department_of_health_services
B/Illinois/12/2017	centers_for_disease_control_and_prevention	illinois_department_of_public_health_springfield
B/Shanghai-Songjiang/1151/2018-egg	who_chinese_national_influenza_center	who_chinese_national_influenza_center
B/Brisbane/11/2018	who_collaborating_centre_for_reference_and_research_on_influenza	queensland_health_scientific_services
B/Zhejiang-Dinghai/1466/2016	centers_for_disease_control_and_prevention	who_chinese_national_influenza_center
B/Mexico/589/2018	centers_for_disease_control_and_prevention	laboratorio_de_virus_respiratorio
B/Mexico/137/2018	centers_for_disease_control_and_prevention	laboratorio_de_virus_respiratorio
B/Kenya/110/2016	centers_for_disease_control_and_prevention	cdc_kenya
B/Arizona/24/2018	centers_for_disease_control_and_prevention	arizona_department_of_health_services
B/Lao/F4373/2016	national_institute_of_infectious_diseases_(niid)	national_center_for_laboratory_and_epidemiology
B/Pennsylvania/4/2017	other_database_import	pennsylvania_department_of_health
B/HongKong/283/2017	centers_for_disease_control_and_prevention	government_virus_unit
B/Brisbane/9/2017	who_collaborating_centre_for_reference_and_research_on_influenza	queensland_health_scientific_services
B/Mie/15/2017	national_institute_of_infectious_diseases_(niid)	mie_prefecture_health_and_environment_research_institute
B/Sagamihara/30/2017	national_institute_of_infectious_diseases_(niid)	sagamihara_city_laboratory_of_public_health
B/Kanagawa/ZC1619/2017	national_institute_of_infectious_diseases_(niid)	national_institute_of_infectious_diseases_(niid)
B/Kanagawa/ZC1619/2017-egg		seasonal_vic
B/Kanagawa/AC1637/2017	national_institute_of_infectious_diseases_(niid)	national_institute_of_infectious_diseases_(niid)
B/Kanagawa/IC1643/2017	national_institute_of_infectious_diseases_(niid)	national_institute_of_infectious_diseases_(niid)
B/Kanagawa/IC1643/2017-egg		seasonal_vic
B/Tochigi/17218/2017	national_institute_of_infectious_diseases_(niid)	tochigi_prefectural_institute_of_public_health_and_environmental_science
B/Kanagawa/ZC1618/2017	national_institute_of_infectious_diseases_(niid)	national_institute_of_infectious_diseases_(niid)
B/Kanagawa/ZC1618/2017-egg		seasonal_vic
B/Kanagawa/ZC1609/2017-egg		seasonal_vic
B/Kanagawa/ZC1609/2017	national_institute_of_infectious_diseases_(niid)	national_institute_of_infectious_diseases_(niid)
B/Yokohama/2/2017	national_institute_of_infectious_diseases_(niid)	yokohama_city_institute_of_public_health.
B/Kanagawa/AC1623/2017	national_institute_of_infectious_diseases_(niid)	national_institute_of_infectious_diseases_(niid)
B/Kawasaki/90/2016	national_institute_of_infectious_diseases_(niid)	kawasaki_city_institute_of_public_health_
B/Kanagawa/IC1638/2017-egg		seasonal_vic
B/Kanagawa/IC1638/2017	national_institute_of_infectious_diseases_(niid)	national_institute_of_infectious_diseases_(niid)
B/Ibaraki/1/2017	national_institute_of_infectious_diseases_(niid)	ibaraki_prefectural_institute_of_public_health
B/Osaka/11/2017	national_institute_of_infectious_diseases_(niid)	osaka_prefectural_institute_of_public_health
B/Nepal/FLU-NPBH-03515/2016	usamc_armed_forces_medical_research_institute_of_medial_sciences	usamc_afrims_department_of_virology
B/India/4678/2018	centers_for_disease_control_and_prevention	national_institute_of_virology
B/Alberta/RV1924/2017	public_health_agency_of_canada_(phac)	provincial_laboratory_of_public_health_for_southern_alberta
B/Nepal/FLU-NPBH-03186/2016	usamc_armed_forces_medical_research_institute_of_medial_sciences	usamc_afrims_department_of_virology
B/Minnesota/8/2017	centers_for_disease_control_and_prevention	minnesota_department_of_health
B/Tasmania/1000/2017	who_collaborating_centre_for_reference_and_research_on_influenza	institute_of_medical_and_veterinary_science_(imvs)
B/Austria/961549/2016	medical_university_vienna	department_of_virology,_medical_university_vienna
B/India/2250/2018	centers_for_disease_control_and_prevention	national_institute_of_virology
B/Bahrain/323/2018	centers_for_disease_control_and_prevention	ministry_of_health_bahrain
B/Bahrain/239/2019	centers_for_disease_control_and_prevention	ministry_of_health_bahrain
B/Cambodia/c1115381/2018	who_collaborating_centre_for_reference_and_research_on_influenza	institute_pasteur_du_cambodia
B/Maldives/929/2018	centers_for_disease_control_and_prevention	ministry_of_health
B/Maldives/945/2018	centers_for_disease_control_and_prevention	ministry_of_health
B/Maldives/992/2018	centers_for_disease_control_and_prevention	ministry_of_health
B/Kuwait/8938/2018	centers_for_disease_control_and_prevention	public_health_laboratory,_virology_unit
B/Kuwait/8794/2018	centers_for_disease_control_and_prevention	public_health_laboratory,_virology_unit
B/Tokyo/17797/2018	national_institute_of_infectious_diseases_(niid)	tokyo_metropolitan_institute_of_public_health
B/Bangladesh/9004/2018	centers_for_disease_control_and_prevention	institute_of_epidemiology_disease_control_and_research_(iedcr)_&_bangladesh_national_influenza_centre_(nic)
B/Victoria/700/2018	who_collaborating_centre_for_reference_and_research_on_influenza	monash_medical_centre
B/Hubei-Huangshigang/1420/2019-egg	who_chinese_national_influenza_center	who_chinese_national_influenza_center
B/Sweden/60/2018	public_health_agency_of_sweden	
B/Srinigar/AG_588/2020	cnr_virus_des_infections_respiratoires___france_sud	sher_i_kashmir_institute_of_medical_sciences
B/Oman/2132/2018	centers_for_disease_control_and_prevention	central_public_health_laboratory,_ministry_of_health
B/Maryland/29/2018	centers_for_disease_control_and_prevention	maryland_department_of_health_and_mental_hygiene
B/Maryland/28/2018	centers_for_disease_control_and_prevention	maryland_department_of_health_and_mental_hygiene
B/Maryland/27/2018-egg	centers_for_disease_control_and_prevention	maryland_department_of_health_and_mental_hygiene
B/Maryland/28/2018-egg	centers_for_disease_control_and_prevention	maryland_department_of_health_and_mental_hygiene
B/Maryland/29/2018-egg	centers_for_disease_control_and_prevention	maryland_department_of_health_and_mental_hygiene
B/Maryland/27/2018	centers_for_disease_control_and_prevention	maryland_department_of_health_and_mental_hygiene
B/Guangdong-Chikan/1337/2017-egg	who_chinese_national_influenza_center	who_chinese_national_influenza_center
B/India/2456/2018	centers_for_disease_control_and_prevention	national_institute_of_virology
B/India/7284/2017	centers_for_disease_control_and_prevention	national_institute_of_virology
B/Oman/2016/2018	centers_for_disease_control_and_prevention	central_public_health_laboratory,_ministry_of_health
B/SouthAuckland/8/2018	who_collaborating_centre_for_reference_and_research_on_influenza	institute_of_environmental_science_&_research
B/Sydney/16/2018	who_collaborating_centre_for_reference_and_research_on_influenza	clinical_virology_unit,_cdim
B/NewCaledonia/2/2018	who_collaborating_centre_for_reference_and_research_on_influenza	institut_pasteur_new_caledonia
B/NewCaledonia/31/2017	who_collaborating_centre_for_reference_and_research_on_influenza	institut_pasteur_new_caledonia
B/Victoria/877/2017-egg	who_collaborating_centre_for_reference_and_research_on_influenza	austin_health
B/Victoria/877/2017	who_collaborating_centre_for_reference_and_research_on_influenza	austin_health
B/NewCaledonia/26/2017	who_collaborating_centre_for_reference_and_research_on_influenza	institut_pasteur_new_caledonia
B/Victoria/533/2017	who_collaborating_centre_for_reference_and_research_on_influenza	monash_medical_centre
B/Victoria/593/2017	who_collaborating_centre_for_reference_and_research_on_influenza	monash_medical_centre
B/Victoria/531/2017	who_collaborating_centre_for_reference_and_research_on_influenza	monash_medical_centre
B/Perth/62/2017	who_collaborating_centre_for_reference_and_research_on_influenza	pathwest_qe_ii_medical_centre
B/Nagano/2102/2018	national_institute_of_infectious_diseases_(niid)	nagano_environmental_conservation_research_institute
B/Tokushima/5/2018	national_institute_of_infectious_diseases_(niid)	tokushima_prefectural_centre_for_public_health_and_environmental_sciences
B/Niigata/173/2018	national_institute_of_infectious_diseases_(niid)	niigata_prefectural_institute_of_public_health_and_environmental_sciences
B/Kagawa/18059/2018	national_institute_of_infectious_diseases_(niid)	kagawa_prefectural_research_institute_for_environmental_sciences_and_public_health
B/Toyama/5/2018	national_institute_of_infectious_diseases_(niid)	toyama_institute_of_health
B/Nagano/2131/2018	national_institute_of_infectious_diseases_(niid)	nagano_environmental_conservation_research_institute
A/Kanagawa/AC1738/2018	national_institute_of_infectious_diseases_(niid)	national_institute_of_infectious_diseases_(niid)
B/NewCaledonia/6/2018	who_collaborating_centre_for_reference_and_research_on_influenza	institut_pasteur_new_caledonia
B/NewCaledonia/8/2018	who_collaborating_centre_for_reference_and_research_on_influenza	institut_pasteur_new_caledonia
B/Alberta/RV1691/2018	public_health_agency_of_canada_(phac)	provincial_laboratory_of_public_health_for_southern_alberta
B/NewCaledonia/27/2017	who_collaborating_centre_for_reference_and_research_on_influenza	institut_pasteur_new_caledonia
B/NewCaledonia/3/2018	who_collaborating_centre_for_reference_and_research_on_influenza	institut_pasteur_new_caledonia
B/Victoria/859/2017-egg	who_collaborating_centre_for_reference_and_research_on_influenza	austin_health
B/Victoria/859/2017	who_collaborating_centre_for_reference_and_research_on_influenza	austin_health
B/NewCaledonia/7/2018	who_collaborating_centre_for_reference_and_research_on_influenza	institut_pasteur_new_caledonia
B/NewCaledonia/10/2018	who_collaborating_centre_for_reference_and_research_on_influenza	institut_pasteur_new_caledonia
B/NewCaledonia/22/2018	who_collaborating_centre_for_reference_and_research_on_influenza	institut_pasteur_new_caledonia
B/Sydney/700/2018	who_collaborating_centre_for_reference_and_research_on_influenza	childrens_hospital_westmead
B/NewCaledonia/17/2018	who_collaborating_centre_for_reference_and_research_on_influenza	institut_pasteur_new_caledonia
B/Nepal/FLU-NPST-00380/2016	usamc_armed_forces_medical_research_institute_of_medial_sciences	usamc_afrims_department_of_virology
B/Norway/2302/2017	crick_worldwide_influenza_centre	mikrobiologisk_laboratorium,_sykehuset_i_vestfold
B/India/9051/2016	centers_for_disease_control_and_prevention	national_institute_of_virology
B/Taranaki/1/2016	who_collaborating_centre_for_reference_and_research_on_influenza	institute_of_environmental_science_&_research
B/Kentucky/9/2017	other_database_import	kentucky_division_of_laboratory_services
B/Singapore/GP1312/2018	ministry_of_health,_singapore	ministry_of_health,_singapore
B/India/4710/2018	centers_for_disease_control_and_prevention	national_institute_of_virology
B/Perth/1027/2019	who_collaborating_centre_for_reference_and_research_on_influenza	institute_of_medical_and_veterinary_science_(imvs)
B/Oita/3/2018	national_institute_of_infectious_diseases_(niid)	oita_prefectural_institute_of_health_and_environment
B/Bangkok/147/2018-egg	who_collaborating_centre_for_reference_and_research_on_influenza	who_national_influenza_centre,_national_institute_of_medical_research_(nimr)
B/Bangkok/147/2018	who_collaborating_centre_for_reference_and_research_on_influenza	who_national_influenza_centre,_national_institute_of_medical_research_(nimr)
B/Singapore/KK0273/2019	ministry_of_health,_singapore	ministry_of_health,_singapore
B/Singapore/KK1692/2018	ministry_of_health,_singapore	ministry_of_health,_singapore
B/Shanxi-Chengqu/1562/2019-egg	who_chinese_national_influenza_center	who_chinese_national_influenza_center
B/Hainan-Meilan/1373/2019	who_chinese_national_influenza_center	who_chinese_national_influenza_center
B/Fujian-Xiangcheng/366/2019-egg	who_chinese_national_influenza_center	who_chinese_national_influenza_center
B/Liaoning-Xinlongtai/1205/2020-egg	who_chinese_national_influenza_center	who_chinese_national_influenza_center
B/Shanxi-Xinfu/1146/2019-egg	who_chinese_national_influenza_center	who_chinese_national_influenza_center
B/Neimenggu-Donghe/1229/2019	who_chinese_national_influenza_center	who_chinese_national_influenza_center
B/Shaanxi-Beilin/1248/2019-egg	who_chinese_national_influenza_center	who_chinese_national_influenza_center
B/Neimenggu-Donghe/1229/2019-egg	who_chinese_national_influenza_center	who_chinese_national_influenza_center
B/India/4709/2018	centers_for_disease_control_and_prevention	national_institute_of_virology
B/India/4711/2018	centers_for_disease_control_and_prevention	national_institute_of_virology
B/Singapore/KK0099/2019	ministry_of_health,_singapore	ministry_of_health,_singapore
B/Singapore/GP1447/2018	ministry_of_health,_singapore	ministry_of_health,_singapore
B/Malaysia/RP4021/2018	who_collaborating_centre_for_reference_and_research_on_influenza	institut_penyelidikan_perubatan
B/Victoria/2048/2018	who_collaborating_centre_for_reference_and_research_on_influenza	alfred_hospital
B/Wakayama/116/2018	national_institute_of_infectious_diseases_(niid)	wakayama_prefectural_research_center_of_environment_and_public_health
B/Malaysia/RP4382/2018	who_collaborating_centre_for_reference_and_research_on_influenza	institut_penyelidikan_perubatan
B/Fiji/2/2019	who_collaborating_centre_for_reference_and_research_on_influenza	national_centre_for_scientific_services_for_virology__and_vector_borne_diseases
B/Singapore/KK1097/2018	ministry_of_health,_singapore	ministry_of_health,_singapore
B/Hiroshima-C/7/2018	national_institute_of_infectious_diseases_(niid)	hiroshima_city_institute_of_public_health
B/Oman/5214/2018	crick_worldwide_influenza_centre	central_public_health_laboratory,_ministry_of_health
B/Niger/1061/2022	centers_for_disease_control_and_prevention	centre_de_recherche_medicale_et_sanitaire_(cermes)
B/Togo/879/2020	centers_for_disease_control_and_prevention	institute_national_d'hygiene
B/SouthAfrica/R13535/2021	crick_worldwide_influenza_centre	national_institute_for_communicable_disease
B/Zambia/106/2021	centers_for_disease_control_and_prevention	university_teaching_hospital,_moh_zambia
B/Dakar/7/2020	crick_worldwide_influenza_centre	institut_pasteur_de_dakar__
B/Dakar/9/2020	crick_worldwide_influenza_centre	institut_pasteur_de_dakar__
B/Catalonia/665953S/2021	hospital_cl?nic_de_barcelona	hospital_clínic
B/Ekaterinburg/RII-02/2021	centers_for_disease_control_and_prevention	russian_academy_of_medical_sciences
B/Paris/9878/2020	centers_for_disease_control_and_prevention	institut_pasteur
B/Paris/9878/2020-egg	who_collaborating_centre_for_reference_and_research_on_influenza	institut_pasteur
B/Rodez/131/2021	cnr_virus_des_infections_respiratoires___france_sud	cnr_virus_des_infections_respiratoires___france_sud
B/Rodez/129/2021	cnr_virus_des_infections_respiratoires___france_sud	cnr_virus_des_infections_respiratoires___france_sud
B/Niger/8336/2020	centers_for_disease_control_and_prevention	centre_de_recherche_medicale_et_sanitaire_(cermes)
B/Maryland/1/2021	centers_for_disease_control_and_prevention	maryland_department_of_health_and_mental_hygiene
B/Marseille/489/2021	cnr_virus_des_infections_respiratoires___france_sud	cnr_virus_des_infections_respiratoires___france_sud
B/Maryland/1/2021-egg	centers_for_disease_control_and_prevention	maryland_department_of_health_and_mental_hygiene
B/Togo/217/2023	centers_for_disease_control_and_prevention	institute_national_d'hygiene
B/Dakar/17/2022	crick_worldwide_influenza_centre	institut_pasteur_de_dakar__
B/Togo/82/2023	centers_for_disease_control_and_prevention	institute_national_d'hygiene
B/CoteDIvoire/3241/2023	centers_for_disease_control_and_prevention	pasteur_institut_of_côte_d'ivoire
B/CoteDIvoire/3295/2023	centers_for_disease_control_and_prevention	pasteur_institut_of_côte_d'ivoire
B/Dakar/5/2020	crick_worldwide_influenza_centre	institut_pasteur_de_dakar__
B/Niger/3464/2023	centers_for_disease_control_and_prevention	centre_de_recherche_medicale_et_sanitaire_(cermes)
B/Congo/1741/2022	centers_for_disease_control_and_prevention	inrb_service_de_virologie
B/Congo/1960/2022	centers_for_disease_control_and_prevention	inrb_service_de_virologie
B/Canberra/3/2022	who_collaborating_centre_for_reference_and_research_on_influenza	canberra_hospital
B/NewCaledonia/4/2023	who_collaborating_centre_for_reference_and_research_on_influenza	institut_pasteur_new_caledonia
B/Netherlands/10335/2023-egg	centers_for_disease_control_and_prevention	national_institute_for_public_health_and_the_environment_(rivm)
B/Netherlands/10335/2023	crick_worldwide_influenza_centre	national_institute_for_public_health_and_the_environment_(rivm)
B/CostaRica/INC-0363-802509/2023	inciensa,_investigacion_y_ensenanza_en_nutricion_y_salud	biología_molecular,_laboratorio_clínico,_hospital_dr._maximiliano_peralta_jimenez,_caja_costarricense_de_seguro_social_(ccss)
B/Madagascar/2785/2024	crick_worldwide_influenza_centre	institut_pasteur_de_madagascar
B/Cameroon/1010/2023	crick_worldwide_influenza_centre	centre_pasteur_du_cameroun
B/CoteDIvoire/165/2024	centers_for_disease_control_and_prevention	pasteur_institut_of_côte_d'ivoire
B/Bangladesh/2124/2021	centers_for_disease_control_and_prevention	institute_of_epidemiology_disease_control_and_research_(iedcr)_&_bangladesh_national_influenza_centre_(nic)
B/England/211560497/2021	microbiology_services_colindale,_public_health_england	microbiology_services_colindale,_public_health_england
B/Bangladesh/1008/2021	centers_for_disease_control_and_prevention	icddr,b_international_centre_for_diarrhoeal_disease_research,_bangladesh
B/SouthAfrica/8067/2021	who_collaborating_centre_for_reference_and_research_on_influenza	national_institute_for_communicable_disease
B/SouthAfrica/12652/2021	who_collaborating_centre_for_reference_and_research_on_influenza	national_institute_for_communicable_disease
B/Bahrain/3759/2021	centers_for_disease_control_and_prevention	ministry_of_health_bahrain
B/Zambia/1385/2022	centers_for_disease_control_and_prevention	university_teaching_hospital,_moh_zambia
B/SouthAfrica/9371/2021	centers_for_disease_control_and_prevention	national_institute_for_communicable_disease
A/SouthAfrica/PET19235/2021	university_of_the_witwatersrand	wits_vida
B/SouthAfrica/6149/2021	who_collaborating_centre_for_reference_and_research_on_influenza	national_institute_for_communicable_disease
B/SouthAfrica/R15975/2021	crick_worldwide_influenza_centre	national_institute_for_communicable_disease
B/SouthAfrica/10097/2021	centers_for_disease_control_and_prevention	national_institute_for_communicable_disease
B/SouthAuckland/1/2021	who_collaborating_centre_for_reference_and_research_on_influenza	institute_of_environmental_science_and_research_(esr)
B/SouthAfrica/8461/2021	centers_for_disease_control_and_prevention	national_institute_for_communicable_disease
B/SouthAfrica/6149/2021-egg	who_collaborating_centre_for_reference_and_research_on_influenza	national_institute_for_communicable_disease
B/SouthAfrica/5582/2021-egg	who_collaborating_centre_for_reference_and_research_on_influenza	national_institute_for_communicable_disease
B/SouthAfrica/5582/2021	who_collaborating_centre_for_reference_and_research_on_influenza	national_institute_for_communicable_disease
B/SouthAfrica/R11404/2022	who_collaborating_centre_for_reference_and_research_on_influenza	national_institute_for_communicable_disease
B/SouthAfrica/R13186/2021	crick_worldwide_influenza_centre	national_institute_for_communicable_disease
B/SouthAfrica/R11459/2022	who_collaborating_centre_for_reference_and_research_on_influenza	national_institute_for_communicable_disease
B/SouthAfrica/R6539/2022	centers_for_disease_control_and_prevention	national_institute_for_communicable_disease
B/Netherlands/10071/2023	national_institute_for_public_health_and_the_environment_(rivm)	national_institute_for_public_health_and_the_environment_(rivm)
B/Netherlands/1395/2022	erasmus_medical_center	erasmus_medical_center
B/SouthAfrica/R10090/2022	crick_worldwide_influenza_centre	national_institute_for_communicable_disease
B/SouthAfrica/R10432/2022	who_collaborating_centre_for_reference_and_research_on_influenza	national_institute_for_communicable_disease
B/Ethiopia/3006/2023	centers_for_disease_control_and_prevention	ethiopian_public_health_institute,_national_influenza_laboratory
B/Minnesota/1/2022	centers_for_disease_control_and_prevention	minnesota_department_of_health
B/India/Pun-NIV231466/2023	icmr_national_institute_of_virology	icmr_national_institute_of_virology
B/Bishkek/35/2022	crick_worldwide_influenza_centre	national_virology_laboratory,_center_microbiological_investigations
B/England/225020756/2022	uk_health_security_agency___colindale	uk_health_security_agency___colindale
B/Romania/1062/2023	national_institute_of_infectious_diseases_prof._dr._matei_bals	national_institute_for_infectious_diseases_“prof._dr._matei_balș”
B/Bahia/292945347/2023	laborat?rio_central_de_sa?de_publica_do_estado_da_bahia	laboratório_central_de_saúde_pública_professor_gonçalo_moniz,_lacen_ba
B/Singapore/KK0420/2023	ministry_of_health,_singapore	ministry_of_health,_singapore
B/Saransk/RII-MH129910S/2023	who_national_influenza_centre_russian_federation	research_institute_of_influenza,_ministry_of_healthcare_of_the_russian_federation
B/Chita/RII-MH128125S/2023	who_national_influenza_centre_russian_federation	research_institute_of_influenza,_ministry_of_healthcare_of_the_russian_federation
B/Luga/RII-12631S/2023	who_national_influenza_centre_russian_federation	research_institute_of_influenza,_ministry_of_healthcare_of_the_russian_federation
B/NordrheinWestfalen/8/2023	robert_koch_institute_nationales_referenzzentrum_f?r_influenza	robert_koch_institute_nationales_referenzzentrum_für_influenza
B/Paraiba/2023-010853-IEC/2023	evandro_chagas_institute	evandro_chagas_institute
B/England/224780207/2022	uk_health_security_agency___colindale	uk_health_security_agency___colindale
B/StPetersburg/RII-5085S/2022	who_national_influenza_centre_russian_federation	research_institute_of_influenza,_ministry_of_healthcare_of_the_russian_federation
B/StPetersburg/RII-93/2023	who_national_influenza_centre_russian_federation	research_institute_of_influenza,_ministry_of_healthcare_of_the_russian_federation
B/SriLanka/14/2024	who_collaborating_centre_for_reference_and_research_on_influenza	medical_research_institute
B/Netherlands/11887/2022	national_institute_for_public_health_and_the_environment_(rivm)	pamm
B/Singapore/SAR20040/2023	ministry_of_health,_singapore	ministry_of_health,_singapore
B/Novosibirsk/7622S/2023	who_national_influenza_centre_russian_federation	research_institute_of_experimental_and_clinical_medicine
B/France/ARA-HCL023029185901/2023	cnr_virus_des_infections_respiratoires,_france_sud	cnr_virus_des_infections_respiratoires___france_sud
B/Zhejiang-Haishu/1528/2023	who_chinese_national_influenza_center	who_chinese_national_influenza_center
B/Zhejiang-Haishu/1528/2023-egg	centers_for_disease_control_and_prevention	who_chinese_national_influenza_center
A/Pakistan/NIC/ICT/185/2025	national_institute_of_health_pakistan	national_institute_of_health
B/India/Pune-NIVCOV232709/2023	icmr_national_institute_of_virology	icmr_national_institute_of_virology
B/Bahrain/8826/2023	centers_for_disease_control_and_prevention	ministry_of_health_bahrain
B/Bangladesh/3032/2022	centers_for_disease_control_and_prevention	icddr,b_international_centre_for_diarrhoeal_disease_research,_bangladesh
B/Ceara/28/2023	oswaldo_cruz_foundation	uaps_carlos_ribeiro
B/France/ARA-HCL023023370101/2023	cnr_virus_des_infections_respiratoires,_france_sud	cnr_virus_des_infections_respiratoires___france_sud
B/Tunisia/2282/2023	crick_worldwide_influenza_centre	national_influenza_centre_tunis,_unit_virology,_microbiology_laboratory,_charles_nicolle's_hospital
B/Moscow/29/2022	d.i._ivanovsky_research_institute_of_virology_moph_of__rf,moscow	nrcem_gamaleya_
B/France/OCC-HCL023001145501/2022	cnr_virus_des_infections_respiratoires,_france_sud	cnr_virus_des_infections_respiratoires___france_sud
B/Colorado/1/2022	centers_for_disease_control_and_prevention	colorado_department_of_health_lab
B/Colorado/4/2022	centers_for_disease_control_and_prevention	colorado_department_of_health_lab
B/Khabarovsk/311/2023	who_national_influenza_centre_russian_federation	center_of_hygiene_and_epidemiology_in_khabarovsk_territory
B/Bangladesh/20/2023	centers_for_disease_control_and_prevention	icddr,b_international_centre_for_diarrhoeal_disease_research,_bangladesh
B/Tajikistan/918/2023	crick_worldwide_influenza_centre	"""vefa""_center"
B/Moscow/29/2022-egg	d.i._ivanovsky_research_institute_of_virology_moph_of__rf,moscow	nrcem_gamaleya_
B/Catalonia/NSVH101984602/2022	hospital_universitari_vall_d'hebron	hospital_universitari_vall_d'hebron
B/Catalonia/NSVH198258511/2022	hospital_universitari_vall_d'hebron	hospital_universitari_doctor_josep_trueta
B/Catalonia/NSVH102010765/2023	hospital_universitari_vall_d'hebron	hospital_universitari_vall_d'hebron
B/Jeju/1101/2023	korea_disease_control_and_prevention_agency_(kdca)	korea_disease_control_and_prevention_agency_(kdca)
B/AbuDhabi/16805/2023	centers_for_disease_control_and_prevention	shaikh_khalifa_medical_city
B/Bangladesh/1041/2021	centers_for_disease_control_and_prevention	icddr,b_international_centre_for_diarrhoeal_disease_research,_bangladesh
B/Ehime/114/2023	national_institute_of_infectious_diseases_(niid)	ehime_prefecture_institute_of_public_health_and_environmental_science
B/Hiroshima/1/2023	national_institute_of_infectious_diseases_(niid)	center_for_public_health_and_environment,_hiroshima_prefectural_technology_research_institute
B/Bahrain/7715/2021	centers_for_disease_control_and_prevention	ministry_of_health_bahrain
B/Berlin/2/2021	robert_koch_institute_nationales_referenzzentrum_f?r_influenza	robert_koch_institute_nationales_referenzzentrum_für_influenza
B/Bahrain/7711/2021	centers_for_disease_control_and_prevention	ministry_of_health_bahrain
B/Myanmar/I067/2021	national_institute_of_infectious_diseases_(niid)	national_health_laboratory
B/Slovenia/10026/2021	crick_worldwide_influenza_centre	laboratory_for_virology,_national_institute_of_public_health
B/Bahrain/5832/2021	centers_for_disease_control_and_prevention	ministry_of_health_bahrain
B/ZabaykalskyKrai/349V/2021	state_research_center_of_virology_and_biotechnology_(vector)	"fbuz_""center_of_hygiene_and_epidemiology""_in_zabaikalskom_krae_"
B/Bahrain/1305/2021	centers_for_disease_control_and_prevention	ministry_of_health_bahrain
B/Michigan/1/2021	centers_for_disease_control_and_prevention	michigan_department_of_community_health
B/Michigan/1/2021-egg	national_institute_for_biological_standards_and_control_(nibsc)	michigan_department_of_community_health
B/Bahrain/2852/2021	centers_for_disease_control_and_prevention	ministry_of_health_bahrain
B/Bahrain/7807/2021	centers_for_disease_control_and_prevention	ministry_of_health_bahrain
B/Austria/1359417/2021-egg	who_collaborating_centre_for_reference_and_research_on_influenza	seqirus_vaccines_limited,_uk
B/Austria/1359417/2021	who_collaborating_centre_for_reference_and_research_on_influenza	seqirus_vaccines_limited,_uk
B/Singapore/WUH1818/2021-egg	who_collaborating_centre_for_reference_and_research_on_influenza	ministry_of_health,_singapore
B/Singapore/WUH1818/2021	ministry_of_health,_singapore	ministry_of_health,_singapore
B/Singapore/WUH1312/2021-egg	who_collaborating_centre_for_reference_and_research_on_influenza	ministry_of_health,_singapore
B/Singapore/WUH1312/2021	ministry_of_health,_singapore	ministry_of_health,_singapore
B/Singapore/WUH0784/2021-egg	centers_for_disease_control_and_prevention	ministry_of_health,_singapore
B/Singapore/WUH0784/2021	centers_for_disease_control_and_prevention	ministry_of_health,_singapore
B/Singapore/WUH5122/2021-egg	who_collaborating_centre_for_reference_and_research_on_influenza	ministry_of_health,_singapore
B/Singapore/OHC2164/2021	ministry_of_health,_singapore	ministry_of_health,_singapore
B/Singapore/HAN8357/2021	ministry_of_health,_singapore	ministry_of_health,_singapore
B/Singapore/KK0010/2021	ministry_of_health,_singapore	ministry_of_health,_singapore
B/Singapore/SAR56916/2021	ministry_of_health,_singapore	ministry_of_health,_singapore
B/Singapore/SAR91249/2021	ministry_of_health,_singapore	ministry_of_health,_singapore
B/Singapore/SAR69625/2021	ministry_of_health,_singapore	ministry_of_health,_singapore
B/Singapore/SAR46131/2021	ministry_of_health,_singapore	ministry_of_health,_singapore
B/Singapore/SAR40163/2021	ministry_of_health,_singapore	ministry_of_health,_singapore
B/Singapore/SAR31385/2021	ministry_of_health,_singapore	ministry_of_health,_singapore
B/Singapore/HAN8938/2021	ministry_of_health,_singapore	ministry_of_health,_singapore
B/Singapore/HAN2995/2021	ministry_of_health,_singapore	ministry_of_health,_singapore
B/Singapore/WUH7658/2021	ministry_of_health,_singapore	ministry_of_health,_singapore
B/Singapore/WUH7669/2021	ministry_of_health,_singapore	ministry_of_health,_singapore
B/Singapore/WUH6524/2021	ministry_of_health,_singapore	ministry_of_health,_singapore
B/Singapore/WUH5128/2021	ministry_of_health,_singapore	ministry_of_health,_singapore
B/Singapore/WUH5122/2021	ministry_of_health,_singapore	ministry_of_health,_singapore
B/Singapore/WUH4618/2021-egg	national_institute_for_biological_standards_and_control_(nibsc)	ministry_of_health,_singapore
B/Singapore/WUH4618/2021	ministry_of_health,_singapore	ministry_of_health,_singapore
B/Singapore/WUH4590/2021	ministry_of_health,_singapore	ministry_of_health,_singapore
B/Singapore/WUH1816/2021	ministry_of_health,_singapore	ministry_of_health,_singapore
B/Singapore/WUH1644/2021	ministry_of_health,_singapore	ministry_of_health,_singapore
B/Netherlands/863/2022	erasmus_medical_center	erasmus_medical_center
B/Bangladesh/1984/2021	centers_for_disease_control_and_prevention	institute_of_epidemiology_disease_control_and_research_(iedcr)_&_bangladesh_national_influenza_centre_(nic)
B/StPetersburg/RII-4579S/2021	who_national_influenza_centre_russian_federation	research_institute_of_influenza,_ministry_of_healthcare_of_the_russian_federation
B/StPetersburg/RII-7762S/2021	who_national_influenza_centre_russian_federation	research_institute_of_influenza,_ministry_of_healthcare_of_the_russian_federation
B/Lao/F1936/2022	centers_for_disease_control_and_prevention	national_center_for_laboratory_and_epidemiology
B/Singapore/TT0044/2023	ministry_of_health,_singapore	ministry_of_health,_singapore
B/Sapporo/1/2023	national_institute_of_infectious_diseases_(niid)	sapporo_city_institute_of_public_health
B/Bangkok/6/2022	centers_for_disease_control_and_prevention	who_national_influenza_centre,_national_institute_of_medical_research_(nimr)
B/Chanthaburi/3975/2022	centers_for_disease_control_and_prevention	who_national_influenza_centre,_national_institute_of_medical_research_(nimr)
B/Lao/F1441/2022	national_institute_of_infectious_diseases_(niid)	national_center_for_laboratory_and_epidemiology
B/SuratThani/P3859/2022	thai_national_influenza_center	thai_national_influenza_center
B/Lao/2308/2022	centers_for_disease_control_and_prevention	national_center_for_laboratory_and_epidemiology
B/Lao/2452/2022	centers_for_disease_control_and_prevention	national_center_for_laboratory_and_epidemiology
B/Lao/2342/2022	centers_for_disease_control_and_prevention	national_center_for_laboratory_and_epidemiology
B/Darwin/7/2021	who_collaborating_centre_for_reference_and_research_on_influenza	royal_darwin_hospital
B/Bangladesh/1076/2021	centers_for_disease_control_and_prevention	institute_of_epidemiology_disease_control_and_research_(iedcr)_&_bangladesh_national_influenza_centre_(nic)
B/Bangladesh/4026/2021	centers_for_disease_control_and_prevention	icddr,b_international_centre_for_diarrhoeal_disease_research,_bangladesh
B/Bangladesh/32139/2021	centers_for_disease_control_and_prevention	institute_of_epidemiology_disease_control_and_research_(iedcr)_&_bangladesh_national_influenza_centre_(nic)
B/Darwin/4/2021-egg	who_collaborating_centre_for_reference_and_research_on_influenza	influenza_surveillance_centre_for_disease_control
B/Darwin/4/2021	who_collaborating_centre_for_reference_and_research_on_influenza	influenza_surveillance_centre_for_disease_control
B/Bangladesh/646/2021	centers_for_disease_control_and_prevention	institute_of_epidemiology_disease_control_and_research_(iedcr)_&_bangladesh_national_influenza_centre_(nic)
B/Bangladesh/2034/2021	centers_for_disease_control_and_prevention	icddr,b_international_centre_for_diarrhoeal_disease_research,_bangladesh
B/Bangladesh/3033/2021	centers_for_disease_control_and_prevention	icddr,b_international_centre_for_diarrhoeal_disease_research,_bangladesh
B/Bangladesh/1195/2021	centers_for_disease_control_and_prevention	institute_of_epidemiology_disease_control_and_research_(iedcr)_&_bangladesh_national_influenza_centre_(nic)
B/Moscow/22/2022	centers_for_disease_control_and_prevention	ivanovsky_research_institute_of_virology_rams
B/Moscow/1/2021	d.i._ivanovsky_research_institute_of_virology_moph_of__rf,moscow	nrcem_gamaleya_
B/Moscow/13/2022	crick_worldwide_influenza_centre	ivanovsky_research_institute_of_virology_rams
B/Moscow/18/2022	crick_worldwide_influenza_centre	ivanovsky_research_institute_of_virology_rams
B/Stockholm/2/2021	crick_worldwide_influenza_centre	klinisk_mikrobiologi,_karolinska_universitetslaboratoriet,_karolinska_universitetssjukhuset_solna
B/Bahrain/1425/2021	centers_for_disease_control_and_prevention	ministry_of_health_bahrain
B/Canterbury/1/2021	who_collaborating_centre_for_reference_and_research_on_influenza	institute_of_environmental_science_and_research_(esr)
B/Darwin/13/2022	who_collaborating_centre_for_reference_and_research_on_influenza	royal_darwin_hospital
B/TimorLeste/101/2022	who_collaborating_centre_for_reference_and_research_on_influenza	laboratório_nacional_da_saúde
B/TimorLeste/104/2022	who_collaborating_centre_for_reference_and_research_on_influenza	laboratório_nacional_da_saúde
B/Victoria/27/2022	who_collaborating_centre_for_reference_and_research_on_influenza	austin_health
B/Victoria/28/2022	who_collaborating_centre_for_reference_and_research_on_influenza	austin_health
B/Yunnan-Anning/11070/2023-egg	who_chinese_national_influenza_center	who_chinese_national_influenza_center
B/Yunnan-Anning/11070/2023	who_chinese_national_influenza_center	who_chinese_national_influenza_center
B/SaudiArabia/1194203376/2021	crick_worldwide_influenza_centre	ministry_of_health_riyadh
B/Bangladesh/1033/2021	centers_for_disease_control_and_prevention	icddr,b_international_centre_for_diarrhoeal_disease_research,_bangladesh
B/Kenya/KHDSS220814/2021		import_from_public_domain
B/Kenya/KCH172345/2021		import_from_public_domain
B/Abudhabi/5432/2024	sheikh_khalifa_medical_city_(skmc)	reference_laboratory_for_infectious_disease_(surveillance_lab)
B/Norway/21603/2022	norwegian_institute_of_public_health	norwegian_institute_of_public_health
B/Toliara/6207/2022	crick_worldwide_influenza_centre	institut_pasteur_de_madagascar
B/Madagascar/938/2023	centers_for_disease_control_and_prevention	institut_pasteur_de_madagascar
B/Antananarivo/2503/2023	crick_worldwide_influenza_centre	institut_pasteur_de_madagascar
B/Madagascar/1093/2023	centers_for_disease_control_and_prevention	institut_pasteur_de_madagascar
B/Madagascar/2448/2023	centers_for_disease_control_and_prevention	institut_pasteur_de_madagascar
B/Mahajanga/6504/2022	crick_worldwide_influenza_centre	institut_pasteur_de_madagascar
B/Antananarivo/6396/2022	crick_worldwide_influenza_centre	institut_pasteur_de_madagascar
B/Madagascar/1065/2023	centers_for_disease_control_and_prevention	institut_pasteur_de_madagascar
B/Poland/PL01/2022	crick_worldwide_influenza_centre	national_institute_of_public_health___national_institute_of_hygiene
B/Stockholm/5/2021	public_health_agency_of_sweden	klinisk_mikrobiologi,_karolinska_universitetslaboratoriet,_karolinska_universitetssjukhuset_solna
B/Darwin/18/2022	who_collaborating_centre_for_reference_and_research_on_influenza	royal_darwin_hospital
B/Bangladesh/8016/2022	centers_for_disease_control_and_prevention	icddr,b_international_centre_for_diarrhoeal_disease_research,_bangladesh
B/Abudhabi/5440/2024	sheikh_khalifa_medical_city_(skmc)	reference_laboratory_for_infectious_disease_(surveillance_lab)
B/AbuDhabi/11665/2023	centers_for_disease_control_and_prevention	shaikh_khalifa_medical_city
B/Malaysia/TIDREC_KBR-AUFI022/2022	university_of_malaya	hospital_raja_perempuan_zainab_ii
B/Santiago/29802/2023	instituto_de_salud_publica	instituto_de_salud_publica_de_chile
B/Chile/321/2022	centers_for_disease_control_and_prevention	instituto_de_salud_publica_de_chile
B/Chile/5793/2022	centers_for_disease_control_and_prevention	instituto_de_salud_publica_de_chile
B/Argentina/2423/2022	centers_for_disease_control_and_prevention	intituto_nacional_de_epidemiologia
B/Bolivia/76679VIR/2022	centers_for_disease_control_and_prevention	instituto_nacional_de_laboratoriosde_salud_(inlasa)
B/Argentina/2246/2022	centers_for_disease_control_and_prevention	intituto_nacional_de_epidemiologia
B/Colorado/11/2023	centers_for_disease_control_and_prevention	colorado_department_of_health_lab
B/Parana/22966/2022	instituto_oswaldo_cruz_fiocruz___laboratory_of_respiratory_viruses_and_measles_(lvrs)	laboratório_central_do_estado_do_paraná___lacen/pr
B/MatoGrossodoSul/IAL/C10291/2022	instituto_adolfo_lutz	instituto_adolfo_lutz___national_influenza_center
B/RioGrandedoSul/28773/2022	instituto_oswaldo_cruz_fiocruz___laboratory_of_respiratory_viruses_and_measles_(lvrs)	lacen/rs___laboratório_central_de_saúde_pública_do_rio_grande_do_sul
B/Argentina/4494/2022	crick_worldwide_influenza_centre	instituto_nacional_de_enfermedades_infecciosas
B/Uruguay/3800/2022	centers_for_disease_control_and_prevention	departamento_de_laboratorio_de_salud_pública_(dlsp)
B/RioGrandedoSul/28748/2022	instituto_oswaldo_cruz_fiocruz___laboratory_of_respiratory_viruses_and_measles_(lvrs)	lacen/rs___laboratório_central_de_saúde_pública_do_rio_grande_do_sul
B/Kenya/KHDSS220829/2021		import_from_public_domain
B/Bangladesh/3026/2021	centers_for_disease_control_and_prevention	icddr,b_international_centre_for_diarrhoeal_disease_research,_bangladesh
B/SaudiArabia/1157663012/2020	crick_worldwide_influenza_centre	ministry_of_health_riyadh
B/Philippines/1/2021	who_collaborating_centre_for_reference_and_research_on_influenza	research_institute_of_tropical_medicine
B/Sundsvall/1/2021	crick_worldwide_influenza_centre	sundsvalls_sjukhus,_laboratoriemedicin_västernorrland
B/Connecticut/1/2021-egg	national_institute_for_biological_standards_and_control_(nibsc)	connecticut_department._of_public_health
B/Connecticut/1/2021	centers_for_disease_control_and_prevention	connecticut_department._of_public_health
B/Victoria/2/2021	who_collaborating_centre_for_reference_and_research_on_influenza	alfred_hospital
B/Brazil/8406/2022	centers_for_disease_control_and_prevention	instituto_adolfo_lutz
B/Alagoas/27070/2022	instituto_oswaldo_cruz_fiocruz___laboratory_of_respiratory_viruses_and_measles_(lvrs)	laboratório_central_de_saúde_pública_de_alagoas,_lacen_al
B/Roraima/27060/2022	instituto_oswaldo_cruz_fiocruz___laboratory_of_respiratory_viruses_and_measles_(lvrs)	instituto_oswaldo_cruz_fiocruz___laboratory_of_respiratory_viruses_and_measles_(lvrs)
B/CostaRica/4328/2022	centers_for_disease_control_and_prevention	laboratorio_nacional_de_influenza
B/Colombia/4603/2022	centers_for_disease_control_and_prevention	instituto_nacional_de_salud_de_columbia
B/Bolzano/1/2021	istituto_superiore_di_sanit?_(iss)	laboratorio_aziendale_di_microbiologia_e_virologia/comprensorio_sanitario_di_bolzano
B/Haiti/165/2021	centers_for_disease_control_and_prevention	laboratoire_national_de_sante_publique
B/Haiti/150/2021	centers_for_disease_control_and_prevention	laboratoire_national_de_sante_publique
B/RhodeIsland/6/2021	centers_for_disease_control_and_prevention	rhode_island_department_of_health
B/Haiti/275/2021	centers_for_disease_control_and_prevention	laboratoire_national_de_sante_publique
B/RhodeIsland/2/2021	centers_for_disease_control_and_prevention	rhode_island_department_of_health
B/Massachusetts/1/2021-egg	centers_for_disease_control_and_prevention	massachusetts_department_of_public_health
B/Massachusetts/1/2021	centers_for_disease_control_and_prevention	massachusetts_department_of_public_health
B/Berlin/1/2021	robert_koch_institute_nationales_referenzzentrum_f?r_influenza	robert_koch_institute_nationales_referenzzentrum_für_influenza
B/Andalucia/PMC-00079/2023	fundacion_progreso_y_salud	servicio_de_microbiología_hospital_virgen_de_las_nieves
B/PuntaArenas/75532/2023	instituto_de_salud_publica_de_chile	instituto_de_salud_publica_de_chile
B/Iquique/68916/2023	instituto_de_salud_publica_de_chile	instituto_de_salud_publica_de_chile
B/Linares/67812/2023	instituto_de_salud_publica_de_chile	instituto_de_salud_publica_de_chile
B/Baleares/1123/2023	instituto_de_salud_carlos_iii	servicio_de_microbiología_hospital_universitario_son_espases
B/Norway/3943/2023	norwegian_institute_of_public_health	norwegian_institute_of_public_health
B/Pennsylvania/12/2023	centers_for_disease_control_and_prevention	pennsylvania_department_of_health
B/Catalonia/3514402NS/2023-egg	centers_for_disease_control_and_prevention	barcelona,_facultad_de_medicina
B/Catalonia/3514402NS/2023	crick_worldwide_influenza_centre	barcelona,_facultad_de_medicina
B/Qatar/16-VI-21-5291383/2021	crick_worldwide_influenza_centre	supreme_health_council
B/Netherlands/10414/2022	crick_worldwide_influenza_centre	olvg_lab_bv
B/Sydney/675/2023	who_collaborating_centre_for_reference_and_research_on_influenza	childrens_hospital_westmead
B/Perth/254/2023	who_collaborating_centre_for_reference_and_research_on_influenza	pathwest_qe_ii_medical_centre
B/Perth/466/2024	who_collaborating_centre_for_reference_and_research_on_influenza	pathwest_qe_ii_medical_centre
B/Shanghai-Huangpu/1955/2024-egg	who_chinese_national_influenza_center	who_chinese_national_influenza_center
B/Shanghai-Huangpu/1955/2024	who_chinese_national_influenza_center	who_chinese_national_influenza_center
B/Sydney/774/2023	who_collaborating_centre_for_reference_and_research_on_influenza	childrens_hospital_westmead
B/Malaysia/RP0423/2023	who_collaborating_centre_for_reference_and_research_on_influenza	institut_penyelidikan_perubatan
B/Kenya/AFI-EBS-458/2024	kenya_medical_research_institute_(kemri)	usamrd_a
B/Ghana/3973/2024	crick_worldwide_influenza_centre	university_of_ghana
B/Cameroon/12366/2023	crick_worldwide_influenza_centre	centre_pasteur_du_cameroun
B/Abudhabi/1065/2023	sheikh_khalifa_medical_city_(skmc)	reference_laboratory_for_infectious_disease_(surveillance_lab)
B/Malaysia/RP0102/2023	who_collaborating_centre_for_reference_and_research_on_influenza	institut_penyelidikan_perubatan
B/Shanghai-Changning/1481/2023	who_chinese_national_influenza_center	who_chinese_national_influenza_center
B/Romania/519831/2022	crick_worldwide_influenza_centre	cantacuzino_institute
B/Bishkek/2/2022	crick_worldwide_influenza_centre	national_virology_laboratory,_center_microbiological_investigations
B/StPetersburg/RII-144/2023	who_national_influenza_centre_russian_federation	research_institute_of_influenza,_ministry_of_healthcare_of_the_russian_federation
B/StPetersburg/RII-141V/2022	who_national_influenza_centre_russian_federation	research_institute_of_influenza,_ministry_of_healthcare_of_the_russian_federation
B/StPetersburg/RII-92/2023	who_national_influenza_centre_russian_federation	research_institute_of_influenza,_ministry_of_healthcare_of_the_russian_federation
B/Abudhabi/14282/2024	sheikh_khalifa_medical_city_(skmc)	reference_laboratory_for_infectious_disease_(surveillance_lab)
B/Baltimore/JH-619/2024	johns_hopkins_school_of_medicine	johns_hopkins_school_of_medicine
B/Kyzyl/RII-MH128621S/2022	who_national_influenza_centre_russian_federation	research_institute_of_influenza,_ministry_of_healthcare_of_the_russian_federation
B/Mauritius/P37214/2023	crick_worldwide_influenza_centre	ministry_of_health_and_wellness,_mauritius
B/Bangladesh/1230411006/2023	centers_for_disease_control_and_prevention	icddr,b_international_centre_for_diarrhoeal_disease_research,_bangladesh
B/Romania/201/2023	national_institute_of_infectious_diseases_prof._dr._matei_bals	national_institute_for_infectious_diseases_“prof._dr._matei_balș”
B/Utsunomiya/21/2023	national_institute_of_infectious_diseases_(niid)	utsunomiya_city_institute_of_public_health_and_environment_science
B/Malaysia/IMR-SARI0609/2023	institute_for_medical_research	hospital_wanita_dan_kanak_kanak_sabah
B/Shanghai-Changning/1481/2023-egg	who_chinese_national_influenza_center	who_chinese_national_influenza_center
B/NewYork/PV91171/2023	icahn_school_of_medicine_at_mount_sinai	icahn_school_of_medicine_at_mount_sinai
B/Singapore/GP11319/2023	ministry_of_health,_singapore	ministry_of_health,_singapore
B/Fujian-Xinluo/1894/2024-egg	who_chinese_national_influenza_center	who_chinese_national_influenza_center
B/Guangdong-Pengjiang/11021/2023	who_chinese_national_influenza_center	who_chinese_national_influenza_center
B/AlMusannah/72126243/2021	crick_worldwide_influenza_centre	central_public_health_laboratory,_ministry_of_health
B/Lisbon/5/2021	instituto_nacional_de_sa?de_dr._ricardo_jorge	instituto_nacional_de_saúde_dr._ricardo_jorge
B/Lisbon/4/2021	instituto_nacional_de_sa?de_dr._ricardo_jorge	instituto_nacional_de_saúde_dr._ricardo_jorge
B/Osaka/1/2023	centers_for_disease_control_and_prevention	osaka_city_institute_of_public_health_and_environmental_sciences
B/HongKong/6893/2022	crick_worldwide_influenza_centre	government_virus_unit
B/ChiangRai/P4150/2022	thai_national_influenza_center	thai_national_influenza_center
B/ChiangRai/P760/2023	thai_national_influenza_center	thai_national_influenza_center
B/Victoria/20/2022	who_collaborating_centre_for_reference_and_research_on_influenza	austin_health
B/Saitama/1/2022	national_institute_of_infectious_diseases_(niid)	saitama_institute_of_public_health
B/Guangxi-Xixiangtang/1935/2023-egg	who_chinese_national_influenza_center	who_chinese_national_influenza_center
B/Guangxi-Xixiangtang/1935/2023	who_chinese_national_influenza_center	who_chinese_national_influenza_center
B/Sydney/19/2022	who_collaborating_centre_for_reference_and_research_on_influenza	4cyte_pathology
B/Thailand/5/2022	who_collaborating_centre_for_reference_and_research_on_influenza	who_national_influenza_centre,_national_institute_of_medical_research_(nimr)
B/Victoria/12/2022	who_collaborating_centre_for_reference_and_research_on_influenza	who_collaborating_centre_for_reference_and_research_on_influenza
B/Darwin/10/2022	who_collaborating_centre_for_reference_and_research_on_influenza	royal_darwin_hospital
B/Victoria/11/2022	who_collaborating_centre_for_reference_and_research_on_influenza	who_collaborating_centre_for_reference_and_research_on_influenza
B/Singapore/GP8440/2022	ministry_of_health,_singapore	ministry_of_health,_singapore
B/Okinawa/221/2023	national_institute_of_infectious_diseases_(niid)	okinawa_prefectural_institute_of_health_and_environment
B/Sapporo/4/2023	national_institute_of_infectious_diseases_(niid)	sapporo_city_institute_of_public_health
B/Sapporo/3/2023	national_institute_of_infectious_diseases_(niid)	sapporo_city_institute_of_public_health
B/Singapore/KK0178/2023	ministry_of_health,_singapore	ministry_of_health,_singapore
B/Sichuan-Qingyang/1363/2023-egg	who_chinese_national_influenza_center	who_chinese_national_influenza_center
B/Lao/F4820/2022	national_institute_of_infectious_diseases_(niid)	national_center_for_laboratory_and_epidemiology
B/ChiangRai/P839/2023	thai_national_influenza_center	thai_national_influenza_center
B/Nepal/21FL2614/2021	centers_for_disease_control_and_prevention	national_public_health_laboratory
B/India/Aurangabad-NIVQC61/2021	icmr_national_institute_of_virology	icmr_national_institute_of_virology
B/Darwin/11/2021	who_collaborating_centre_for_reference_and_research_on_influenza	royal_darwin_hospital
B/Qatar/10-VI-21-6015657/2021	crick_worldwide_influenza_centre	supreme_health_council
B/AbuDhabi/3330615/2021	centers_for_disease_control_and_prevention	shaikh_khalifa_medical_city
B/Victoria/8/2023	who_collaborating_centre_for_reference_and_research_on_influenza	royal_chidrens_hospital
B/Sydney/15/2022	who_collaborating_centre_for_reference_and_research_on_influenza	childrens_hospital_westmead
B/Switzerland/11488/2021	swiss_national_reference_centre_for_influenza	hopital_cantonal_universitaire_de_geneves
B/India/Pune-NIVSARI4941/2021	icmr_national_institute_of_virology	icmr_national_institute_of_virology
B/England/215121917/2021	uk_health_security_agency___colindale	uk_health_security_agency___colindale
B/SouthAustralia/2/2022	who_collaborating_centre_for_reference_and_research_on_influenza	institute_of_medical_and_veterinary_science_(imvs)
B/Townsville/13/2023	who_collaborating_centre_for_reference_and_research_on_influenza	pathology_queensland_cairns_laboratory
B/PapuaNewGuinea/13/2023	who_collaborating_centre_for_reference_and_research_on_influenza	papua_new_guinea_institute_of_medical_research
B/Victoria/745/2023	who_collaborating_centre_for_reference_and_research_on_influenza	royal_melbourne_hospital
B/Guangdong-Duanzhou/1852/2023-egg	who_chinese_national_influenza_center	who_chinese_national_influenza_center
B/Yamanashi/24018/2024	national_institute_of_infectious_diseases_(niid)	yamanashi_institute_for_public_health
B/Singapore/GP0931/2024	ministry_of_health,_singapore	ministry_of_health,_singapore
B/Michigan/MIS-RR129345481/2024		university_of_michigan,_lauring_lab,_department_of_microbiology_and_immunology
B/Brisbane/127/2023	who_collaborating_centre_for_reference_and_research_on_influenza	queensland_children's_hospital
B/Gyeongnam/3849/2024	korea_disease_control_and_prevention_agency_(kdca)	korea_disease_control_and_prevention_agency_(kdca)
B/Fukui/10/2024	national_institute_of_infectious_diseases_(niid)	fukui_prefectural_institute_of_public_health
B/Gyeongbuk/862/2023	korea_disease_control_and_prevention_agency_(kdca)	korea_disease_control_and_prevention_agency_(kdca)
B/Chiba-C/7/2023	national_institute_of_infectious_diseases_(niid)	chiba_city_institute_of_health_and_environment
B/Newcastle/32/2023	who_collaborating_centre_for_reference_and_research_on_influenza	john_hunter_hospital
B/Ayutthaya/312/2023	centers_for_disease_control_and_prevention	who_national_influenza_centre,_national_institute_of_medical_research_(nimr)
B/Victoria/880/2023	who_collaborating_centre_for_reference_and_research_on_influenza	monash_medical_centre
B/ChiangRai/P5638/2023	thai_national_influenza_center	thai_national_influenza_center
B/Bhutan/1492/2024	centers_for_disease_control_and_prevention	royal_centre_for_disease_control
B/Manitoba/RV00905-25/2025	public_health_agency_of_canada_(phac)	cadham_provincial_laboratory
B/Bhutan/600/2024	centers_for_disease_control_and_prevention	royal_centre_for_disease_control
B/Bhutan/1487/2024	centers_for_disease_control_and_prevention	royal_centre_for_disease_control
B/Singapore/GP5102/2023	ministry_of_health,_singapore	ministry_of_health,_singapore
B/Jiangsu-Gaoyou/1700/2024-egg	who_chinese_national_influenza_center	who_chinese_national_influenza_center
B/Sydney/36/2023	who_collaborating_centre_for_reference_and_research_on_influenza	childrens_hospital_westmead
B/Queensland/IN000947/2025	public_and_environmental_health_reference_laboratories_(pehrl)	qld,_sullivan_nicolaides_pathology
B/Hungary/87/2024	national_public_health_center,_hungary	national_center_for_public_health_and_pharmacy
B/Iowa/48/2023	centers_for_disease_control_and_prevention	iowa_state_hygienic_laboratory
B/Shaanxi-Changan/1503/2023	who_chinese_national_influenza_center	who_chinese_national_influenza_center
B/Cambodia/i0326408/2024	who_collaborating_centre_for_reference_and_research_on_influenza	institute_pasteur_du_cambodia
B/SouthAfrica/R09638/2023	national_institute_for_communicable_diseases_(nicd)	national_institute_for_communicable_diseases_(nicd)
B/Victoria/569/2023	who_collaborating_centre_for_reference_and_research_on_influenza	monash_medical_centre
B/SouthAustralia/74/2023	who_collaborating_centre_for_reference_and_research_on_influenza	institute_of_medical_and_veterinary_science_(imvs)
B/Zhejiang-Gongshu/11117/2023	who_chinese_national_influenza_center	who_chinese_national_influenza_center
B/Guangdong-Dongwanbendi/2973/2023-egg	centers_for_disease_control_and_prevention	who_chinese_national_influenza_center
B/Guangdong-Dongwanbendi/2973/2023	centers_for_disease_control_and_prevention	who_chinese_national_influenza_center
B/PhraNakhonSiAyutthaya/P5465/2023	thai_national_influenza_center	thai_national_influenza_center
B/Tokyo/EIS10-686/2024	national_institute_of_infectious_diseases_(niid)	national_institute_of_infectious_diseases_(niid)
B/Singapore/SAR0994/2024	ministry_of_health,_singapore	ministry_of_health,_singapore
B/Singapore/SAR2370/2024	ministry_of_health,_singapore	ministry_of_health,_singapore
B/Singapore/GP10680/2024	ministry_of_health,_singapore	ministry_of_health,_singapore
B/Singapore/NTF0020/2024	ministry_of_health,_singapore	ministry_of_health,_singapore
B/Guangxi-Yuzhou/11259/2023	who_chinese_national_influenza_center	who_chinese_national_influenza_center
B/Maldives/1035/2024	centers_for_disease_control_and_prevention	ministry_of_health
B/HubeiWujiagang/11596/2023-egg	who_chinese_national_influenza_center	who_chinese_national_influenza_center
B/HubeiWujiagang/11596/2023	who_chinese_national_influenza_center	who_chinese_national_influenza_center
B/Shandong-Boshan/1321/2024-egg	centers_for_disease_control_and_prevention	who_chinese_national_influenza_center
B/Shandong-Boshan/1321/2024	centers_for_disease_control_and_prevention	who_chinese_national_influenza_center
B/Guangxi-Yuzhou/11259/2023-egg	who_chinese_national_influenza_center	who_chinese_national_influenza_center
B/Chiba-C/14/2024	national_institute_of_infectious_diseases_(niid)	chiba_city_institute_of_health_and_environment
B/Guangdong-Meijiang/1969/2023	who_chinese_national_influenza_center	who_chinese_national_influenza_center
B/Queensland/IN000956/2025	public_and_environmental_health_reference_laboratories_(pehrl)	mater_pathology
B/India/Mys-NIV24_2483/2024	who_collaborating_centre_for_reference_and_research_on_influenza	icmr_national_institute_of_virology
B/Canberra/23/2024	who_collaborating_centre_for_reference_and_research_on_influenza	canberra_hospital
B/Denmark/1867/2023	statens_serum_institute	statens_serum_institut_
B/ChiangRai/P256/2024	thai_national_influenza_center	thai_national_influenza_center
B/Switzerland/329/2024	crick_worldwide_influenza_centre	swiss_national_reference_centre_for_influenza
B/Switzerland/329/2024-egg	crick_worldwide_influenza_centre	swiss_national_reference_centre_for_influenza
B/IndiA/Udaipur-NIV_24_953/2024	icmr_national_institute_of_virology	icmr_national_institute_of_virology
B/Llanrug/3148/2024	public_health_wales_microbiology_cardiff	public_health_wales_microbiology_cardiff
B/AbuDhabi/12281/2024	centers_for_disease_control_and_prevention	shaikh_khalifa_medical_city
B/Bolivia/12211/2024	centers_for_disease_control_and_prevention	instituto_nacional_de_laboratoriosde_salud_(inlasa)
B/LaSerena/102905/2024	instituto_de_salud_pública_de_chile	instituto_de_salud_publica_de_chile
B/Santiago/103032/2024	instituto_de_salud_pública_de_chile	instituto_de_salud_publica_de_chile
B/Santiago/80665/2024	instituto_de_salud_pública_de_chile	instituto_de_salud_publica_de_chile
B/Linares/73798/2024	instituto_de_salud_pública_de_chile	instituto_de_salud_publica_de_chile
B/Valdivia/83353/2024	instituto_de_salud_pública_de_chile	instituto_de_salud_publica_de_chile
B/PuntaArenas/102011/2024	instituto_de_salud_pública_de_chile	instituto_de_salud_publica_de_chile
B/Tokyo/EIS11-284/2024	national_institute_of_infectious_diseases_(niid)	national_institute_of_infectious_diseases_(niid)
B/HongKong/6650/2024	centers_for_disease_control_and_prevention	government_virus_unit
B/Canberra/2/2025	who_collaborating_centre_for_reference_and_research_on_influenza	canberra_hospital
B/Queensland/IN000958/2025	public_and_environmental_health_reference_laboratories_(pehrl)	mater_pathology
B/Algeria/278/2025	crick_worldwide_influenza_centre	institut_pasteur_d'algerie
B/India/Pun-NIV24_3276/2024-egg		seasonal_vic
B/India/PUN-NIV24_3276/2024-egg	centers_for_disease_control_and_prevention	national_institute_of_virology
B/Samara/2/2025	who_national_influenza_centre_russian_federation	fbuz_gygiene_and_epidemiology_centre_samara_oblast
B/RhodeIsland/9/2025	centers_for_disease_control_and_prevention	rhode_island_department_of_health
B/StPetersburg/RII-MH225645S/2025	who_national_influenza_centre_russian_federation	research_institute_of_influenza,_ministry_of_healthcare_of_the_russian_federation
B/Brazil/SP-LEIAL4316/2025	instituto_adolfo_lutz	instituto_adolfo_lutz___national_influenza_center
B/Brazil/SP-LEIAL4317/2025	instituto_adolfo_lutz	instituto_adolfo_lutz___national_influenza_center
B/India/Kol-NIV24_3352/2024	who_collaborating_centre_for_reference_and_research_on_influenza	icmr_national_institute_of_virology
B/Queensland/IN000722/2024	public_and_environmental_health_reference_laboratories_(pehrl)	mater_pathology
B/France/NOR-IPP14509/2024	crick_worldwide_influenza_centre	institut_pasteur
B/Virginia/1/2025	centers_for_disease_control_and_prevention	virginia_division_of_consolidated_laboratories
B/Tak/F2995/2024	thai_national_influenza_center	thai_national_influenza_center
B/England/360194/2025	ukhsa_/_respiratory_virus_unit	uk_health_security_agency___colindale
B/Ulsan/556/2025	korea_disease_control_and_prevention_agency_(kdca)	korea_disease_control_and_prevention_agency_(kdca)
B/Ulsan/557/2025	korea_disease_control_and_prevention_agency_(kdca)	korea_disease_control_and_prevention_agency_(kdca)
B/Yokohama/5/2024	national_institute_of_infectious_diseases_(niid)	yokohama_city_institute_of_public_health.
B/Gifu/117/2024	national_institute_of_infectious_diseases_(niid)	gifu_prefectural_institute_of_health_and_environmental_sciences
B/India/Pun-NIVCOV242342/2024	icmr_national_institute_of_virology	icmr_national_institute_of_virology
B/SouthAfrica/NHLS-SU-CERI-K061914/2024	center_for_epidemic_response_and_innovation_(ceri)	pathcare
B/Henan-Huixian/2125/2024-egg	who_chinese_national_influenza_center	who_chinese_national_influenza_center
B/Gansu-Xifeng/1255/2024-egg	who_chinese_national_influenza_center	who_chinese_national_influenza_center
B/Podporozhye/RII-1421S/2025	who_national_influenza_centre_russian_federation	research_institute_of_influenza,_ministry_of_healthcare_of_the_russian_federation
B/Oman/CPHL_7242964/2024	ministry_of_health,_central_public_health_laboratory	central_public_health_laboratories_oman
B/Kenya/AFI-LKN-001/2025	kenya_medical_research_institute_(kemri)	usamrd_a
B/Victoria/63/2024	who_collaborating_centre_for_reference_and_research_on_influenza	monash_medical_centre
B/SriLanka/3/2025	who_collaborating_centre_for_reference_and_research_on_influenza	medical_research_institute
B/Maldives/1325/2024	centers_for_disease_control_and_prevention	ministry_of_health
B/Shanghai-Changning/149/2025	who_chinese_national_influenza_center	who_chinese_national_influenza_center
B/Maldives/1435/2024	centers_for_disease_control_and_prevention	ministry_of_health
B/France/PAC-RELAB-HCL025014293701/2025	cnr_virus_des_infections_respiratoires,_france_sud	cnr_virus_des_infections_respiratoires___france_sud
B/Para/8018-IEC/2025	evandro_chagas_institute	evandro_chagas_institute
B/Lisbon/36/2025	national_institute_for_health_dr._ricardo_jorge	national_institute_of_health_dr._ricardo_jorge,_infectious_diseases_department,_national_influenza_reference_laboratory
B/Denmark/41/2025	statens_serum_institute	statens_serum_institut
B/AbuDhabi/5104/2024	centers_for_disease_control_and_prevention	shaikh_khalifa_medical_city
B/Kenya/AFI-KOM-2075/2024	kenya_medical_research_institute_(kemri)	usamrd_a
B/SintMaarten/1372/2025	erasmus_medical_center	erasmus_medical_center
B/Abudhabi/5634/2024	sheikh_khalifa_medical_city_(skmc)	reference_laboratory_for_infectious_disease_(surveillance_lab)
A/Pakistan/NIC/ICT/313/2025	national_institute_of_health_pakistan	national_institute_of_health
B/SuratThani/F215/2025	thai_national_influenza_center	thai_national_influenza_center
B/SuratThani/F173/2025	thai_national_influenza_center	thai_national_influenza_center
B/Senegal/IPD-5102/2024	institut_pasteur_de_dakar	institut_pasteur_de_dakar
B/Dakar/13/2024	crick_worldwide_influenza_centre	institut_pasteur_de_dakar__
B/NizhnyNovgorod/RII-1/2025	who_national_influenza_centre_russian_federation	who_national_influenza_centre_russian_federation
B/Mayotte/HCL025021151701/2025	cnr_virus_des_infections_respiratoires,_france_sud	cnr_virus_des_infections_respiratoires___france_sud
B/StPetersburg/RII-23/2025	who_national_influenza_centre_russian_federation	who_national_influenza_centre_russian_federation
B/StPetersburg/RII-23/2025-egg	who_national_influenza_centre_russian_federation	who_national_influenza_centre_russian_federation
B/Stavropol/10/2025	who_national_influenza_centre_russian_federation	center_of_hygiene_and_epidemiology_in_stavropol_territory
B/Stavropol/13/2025	who_national_influenza_centre_russian_federation	center_of_hygiene_and_epidemiology_in_stavropol_territory
B/Stavropol/8/2025	who_national_influenza_centre_russian_federation	center_of_hygiene_and_epidemiology_in_stavropol_territory
B/Krasnodar/RII-MH222230S/2024	who_national_influenza_centre_russian_federation	research_institute_of_influenza,_ministry_of_healthcare_of_the_russian_federation
B/Kirovsk/RII-MH224516S/2025	who_national_influenza_centre_russian_federation	research_institute_of_influenza,_ministry_of_healthcare_of_the_russian_federation
B/StPetersburg/RII-MH225124S/2025	who_national_influenza_centre_russian_federation	research_institute_of_influenza,_ministry_of_healthcare_of_the_russian_federation
B/SouthAustralia/4/2025	who_collaborating_centre_for_reference_and_research_on_influenza	institute_of_medical_and_veterinary_science_(imvs)
B/Netherlands/10366/2025	national_institute_for_public_health_and_the_environment_(rivm)	streeklaboratorium_ggd_amsterdam
B/Queensland/IN000899/2025	public_and_environmental_health_reference_laboratories_(pehrl)	pathology_queensland
B/Queensland/IN000701/2024	public_and_environmental_health_reference_laboratories_(pehrl)	mater_pathology
B/Singapore/GP16268/2024	ministry_of_health,_singapore	ministry_of_health,_singapore
B/Niigata-C/24159/2024	national_institute_of_infectious_diseases_(niid)	niigata_city_institute_of_public_health_and_environment
B/Perth/491/2024	who_collaborating_centre_for_reference_and_research_on_influenza	pathwest_qe_ii_medical_centre
B/SouthAfrica/7918/2024	centers_for_disease_control_and_prevention	national_institute_for_communicable_disease
B/SouthAfrica/PATH-CERI-K062954/2024	center_for_epidemic_response_and_innovation_(ceri)	pathcare
B/SouthAfrica/PATH-CERI-K062629/2024	center_for_epidemic_response_and_innovation_(ceri)	pathcare
B/Madagascar/99/2025	institut_pasteur_de_madagascar	institut_pasteur_de_madagascar
B/Madagascar/112/2025	institut_pasteur_de_madagascar	institut_pasteur_de_madagascar
B/Queensland/IN000945/2025	public_and_environmental_health_reference_laboratories_(pehrl)	qld,_sullivan_nicolaides_pathology
B/Kaliningrad/RII-2/2025	who_national_influenza_centre_russian_federation	who_national_influenza_centre_russian_federation
B/StPetersburg/RII-32/2025	who_national_influenza_centre_russian_federation	who_national_influenza_centre_russian_federation
B/StPetersburg/RII-24/2025	who_national_influenza_centre_russian_federation	who_national_influenza_centre_russian_federation
B/StPetersburg/RII-24/2025-egg	who_national_influenza_centre_russian_federation	who_national_influenza_centre_russian_federation
B/Hubei-Xiaochang/2471/2024-egg	who_chinese_national_influenza_center	who_chinese_national_influenza_center
B/Hubei-Xiaochang/2471/2024	who_chinese_national_influenza_center	who_chinese_national_influenza_center
B/Guangdong-Maonan/11172/2024-egg	who_chinese_national_influenza_center	who_chinese_national_influenza_center
B/Guangdong-Maonan/11172/2024	who_chinese_national_influenza_center	who_chinese_national_influenza_center
B/Ukraine/3186/2025	public_health_center,_ministry_of_health_ukraine	public_health_center,_ministry_of_health_ukraine
B/StPetersburg/RII-MH225926S/2025	who_national_influenza_centre_russian_federation	research_institute_of_influenza,_ministry_of_healthcare_of_the_russian_federation
B/India/Del-NIV24_3291/2024	who_collaborating_centre_for_reference_and_research_on_influenza	icmr_national_institute_of_virology
B/Denmark/66/2025	statens_serum_institute	statens_serum_institut
B/StPetersburg/RII-MH225272S/2025	who_national_influenza_centre_russian_federation	research_institute_of_influenza,_ministry_of_healthcare_of_the_russian_federation
B/California/1/2021	centers_for_disease_control_and_prevention	california_department_of_health_services
B/Uganda/1856/2022	centers_for_disease_control_and_prevention	uganda_virus_research_institute_(uvri),_national_influenza_center
B/SriLanka/1/2022	who_collaborating_centre_for_reference_and_research_on_influenza	medical_research_institute
B/India/Pune-NIVCoV367947/2021	icmr_national_institute_of_virology	icmr_national_institute_of_virology
B/Sydney/11/2021	who_collaborating_centre_for_reference_and_research_on_influenza	prince_of_wales_hospital
B/England/214120822/2021	microbiology_services_colindale,_public_health_england	microbiology_services_colindale,_public_health_england
B/India/2163/2021	centers_for_disease_control_and_prevention	national_institute_of_virology
B/England/214800290/2021	uk_health_security_agency___colindale	uk_health_security_agency___colindale
B/Newcastle/1/2021	who_collaborating_centre_for_reference_and_research_on_influenza	john_hunter_hospital
B/NewYork/PV86741/2023	icahn_school_of_medicine_at_mount_sinai	icahn_school_of_medicine_at_mount_sinai
B/Santiago/9095/2023	instituto_de_salud_publica	instituto_de_salud_publica_de_chile
B/Ecuador/9756/2022	centers_for_disease_control_and_prevention	inspi
B/Ecuador/9746/2022	centers_for_disease_control_and_prevention	inspi
B/SaoPaulo/IAL/3571	instituto_adolfo_lutz	instituto_adolfo_lutz___national_influenza_center
B/DistritoFederal/21646392/2023	secretaria_de_saude_do_distrito_federal	laboratório_central_de_saúde_pública_do_distrito_federal
B/EspiritoSanto/2051/2023	instituto_oswaldo_cruz_fiocruz___laboratory_of_respiratory_viruses_and_measles_(lvrs)	lacen/es___laboratório_central_de_saúde_pública_do_espírito_santo
B/Maranhao/2023-009113-IEC/2023	evandro_chagas_institute	evandro_chagas_institute
B/SaoPaulo/IAL/C10311/2022	instituto_adolfo_lutz	instituto_adolfo_lutz___national_influenza_center
B/Santiago/133906/2022	instituto_de_salud_publica	instituto_de_salud_publica_de_chile
B/Maldives/1798/2021	centers_for_disease_control_and_prevention	ministry_of_health
B/Colombo/Flu19_031_2022/2022	apeksha_hospital,_genomics_laboratory,_national_cancer_institute_sri_lanka	clinical_virology_laboratory,_national_cancer_institute_sri_lanka
B/Qatar/10-VI-22-2092059/2022	crick_worldwide_influenza_centre	supreme_health_council
B/Colombo/Flu8_033_2022/2022	apeksha_hospital,_genomics_laboratory,_national_cancer_institute_sri_lanka	clinical_virology_laboratory,_national_cancer_institute_sri_lanka
B/England/230220197/2023	uk_health_security_agency___colindale	uk_health_security_agency___colindale
B/Denmark/19/2022	crick_worldwide_influenza_centre	statens_serum_institute
B/Chungbuk/814/2023	korea_disease_control_and_prevention_agency_(kdca)	korea_disease_control_and_prevention_agency_(kdca)
B/VelikyNovgorod/RII-MH132883S/2023	who_national_influenza_centre_russian_federation	research_institute_of_influenza,_ministry_of_healthcare_of_the_russian_federation
B/Washington/1/2022	centers_for_disease_control_and_prevention	washington_state_public_health_laboratory
B/Denmark/46/2022	statens_serum_institute	statens_serum_institut_
B/Kyiv/2021/2023	crick_worldwide_influenza_centre	ministry_of_health_of_ukraine
B/Norway/37836/2022	norwegian_institute_of_public_health	norwegian_institute_of_public_health
B/Darwin/16/2022	who_collaborating_centre_for_reference_and_research_on_influenza	royal_darwin_hospital
B/Perth/5/2022	who_collaborating_centre_for_reference_and_research_on_influenza	pathwest_qe_ii_medical_centre
B/Perth/6/2022	who_collaborating_centre_for_reference_and_research_on_influenza	pathwest_qe_ii_medical_centre
B/Darwin/410/2023	who_collaborating_centre_for_reference_and_research_on_influenza	royal_darwin_hospital
B/Perth/12/2022	who_collaborating_centre_for_reference_and_research_on_influenza	pathwest_qe_ii_medical_centre
B/Darwin/339/2023	who_collaborating_centre_for_reference_and_research_on_influenza	royal_darwin_hospital
B/Darwin/7/2023	who_collaborating_centre_for_reference_and_research_on_influenza	royal_darwin_hospital
B/NewZealand/2727/2022	centers_for_disease_control_and_prevention	institute_of_environmental_science_&_research
B/England/760778/2025	ukhsa_/_respiratory_virus_unit	uk_health_security_agency___colindale
A/Pakistan/NIC/ICT/159/2025	national_institute_of_health_pakistan	national_institute_of_health
A/Pakistan/ICT/1759	national_institute_of_health_pakistan	national_institute_of_health
B/Maine/1/2022	centers_for_disease_control_and_prevention	maine_health_and_environmental_testing_laboratory
B/Austria/1581829/2023	medical_university_vienna	medical_university_of_vienna
B/Victoria/3/2023-egg	who_collaborating_centre_for_reference_and_research_on_influenza	austin_health
B/Victoria/3/2023	who_collaborating_centre_for_reference_and_research_on_influenza	austin_health
B/Abudhabi/3278/2022	sheikh_khalifa_medical_city_(skmc)	reference_laboratory_for_infectious_disease_(surveillance_lab)
B/Abudhabi/5108/2022	sheikh_khalifa_medical_city_(skmc)	reference_laboratory_for_infectious_disease_(surveillance_lab)
B/Abudhabi/6967/2022	sheikh_khalifa_medical_city_(skmc)	reference_laboratory_for_infectious_disease_(surveillance_lab)
B/AbuDhabi/2653/2022	centers_for_disease_control_and_prevention	shaikh_khalifa_medical_city
B/Bangladesh/8009/2023	centers_for_disease_control_and_prevention	icddr,b_international_centre_for_diarrhoeal_disease_research,_bangladesh
B/Zambia/1705/2023	centers_for_disease_control_and_prevention	university_teaching_hospital,_moh_zambia
B/NewYork/PV86820/2023	icahn_school_of_medicine_at_mount_sinai	icahn_school_of_medicine_at_mount_sinai
B/Delaware/1/2022	centers_for_disease_control_and_prevention	delaware_public_health_lab
B/SantaCatarina/10749/2023	oswaldo_cruz_foundation	lacen/rs___laboratório_central_de_saúde_pública_do_rio_grande_do_sul
B/VinaDelMar/97941/2024	instituto_de_salud_pública_de_chile	instituto_de_salud_publica_de_chile
B/Netherlands/1599/2024	erasmus_medical_center	erasmus_medical_center
B/AbuDhabi/4140/2023	centers_for_disease_control_and_prevention	shaikh_khalifa_medical_city
B/PakdashtIran/23_27MehrB/2022	crick_worldwide_influenza_centre	tehran_university_of_medical_sciences
B/Kagawa/23200/2023	national_institute_of_infectious_diseases_(niid)	kagawa_prefectural_research_institute_for_environmental_sciences_and_public_health
B/SouthAustralia/8/2022-egg	who_collaborating_centre_for_reference_and_research_on_influenza	institute_of_medical_and_veterinary_science_(imvs)
B/SouthAustralia/8/2022	who_collaborating_centre_for_reference_and_research_on_influenza	institute_of_medical_and_veterinary_science_(imvs)
B/SriLanka/23/2024	who_collaborating_centre_for_reference_and_research_on_influenza	medical_research_institute
B/SriLanka/28/2024	who_collaborating_centre_for_reference_and_research_on_influenza	medical_research_institute
B/England/234960373/2023	ukhsa_/_respiratory_virus_unit	uk_health_security_agency___colindale
B/Togo/451/2024	centers_for_disease_control_and_prevention	institute_national_d'hygiene
B/Togo/554/2024	centers_for_disease_control_and_prevention	institute_national_d'hygiene
B/Qatar/32-VI-22-2088887/2022	crick_worldwide_influenza_centre	supreme_health_council
B/UlanUde/8/2023	who_national_influenza_centre_russian_federation	center_of_hygiene_and_epidemiology_in_republic_of_buryatia
B/Alagoas/5449/2023	instituto_oswaldo_cruz_fiocruz___laboratory_of_respiratory_viruses_and_measles_(lvrs)	laboratório_central_de_saúde_pública_de_alagoas,_lacen_al
B/Israel/R13022/2022	crick_worldwide_influenza_centre	central_virology_laboratory_israel_(nic)
B/Fukushima/3/2023	national_institute_of_infectious_diseases_(niid)	fukushima_prefectural_institute_of_public_health
B/Fukushima/2/2023	national_institute_of_infectious_diseases_(niid)	fukushima_prefectural_institute_of_public_health
B/Abudhabi/5257/2022	sheikh_khalifa_medical_city_(skmc)	reference_laboratory_for_infectious_disease_(surveillance_lab)
B/Syria/7369/2023	centers_for_disease_control_and_prevention	syria_public_health_laboratory
B/Alagoas/CEVI_2300129/2023	instituto_butantan	instituto_butantan
B/Alagoas/CEVI_2300579/2023	instituto_butantan	instituto_butantan
B/DistritoFederal/21872006/2023	secretaria_de_saude_do_distrito_federal	laboratório_central_de_saúde_pública_do_distrito_federal
B/Zhejiang-Yiwu/1366/2023-egg	who_chinese_national_influenza_center	who_chinese_national_influenza_center
B/Zhejiang-Yiwu/1366/2023	who_chinese_national_influenza_center	who_chinese_national_influenza_center
B/NewYorkCity/PV86768/2023		ceirs_data_processing_and_coordinating_center,_center_for_research_on_influenza_pathogenesis_(crip)
B/Bangladesh/3061/2023	centers_for_disease_control_and_prevention	icddr,b_international_centre_for_diarrhoeal_disease_research,_bangladesh
B/Michigan/UOM10051077438/2022	university_of_michigan	university_of_michigan_clinical_microbiology_laboratory
B/WestVirginia/3/2023	centers_for_disease_control_and_prevention	west_virginia_office_of_laboratory_services
B/Michigan/UOM10051468355/2023	university_of_michigan	university_of_michigan_clinical_microbiology_laboratory
B/Michigan/UOM10051125675/2022	university_of_michigan	university_of_michigan_clinical_microbiology_laboratory
B/Nebraska/8/2025	centers_for_disease_control_and_prevention	nebraska_public_health_lab
B/Iowa/34/2023	centers_for_disease_control_and_prevention	iowa_state_hygienic_laboratory
B/Santiago/47623/2024	centers_for_disease_control_and_prevention	instituto_de_salud_publica_de_chile
B/Louisiana/EVTL-100075/2023	lsu_health_shreveport	lsuhs_emerging_viral_threat_lab
B/Indiana/14/2024	centers_for_disease_control_and_prevention	indiana_state_department_of_health_laboratories
B/Luxembourg/LNS5346283/2023	laboratoire_national_de_sant?	laboratoire_national_de_santé_
B/Netherlands/11925/2022	national_institute_for_public_health_and_the_environment_(rivm)	academic_medical_center,_university_of_amsterdam
B/HongKong/7574/2023	centers_for_disease_control_and_prevention	government_virus_unit
B/Wisconsin/23/2023	centers_for_disease_control_and_prevention	wisconsin_state_laboratory_of_hygiene
B/Mayotte/HCL023058438701/2023	cnr_virus_des_infections_respiratoires,_france_sud	cnr_virus_des_infections_respiratoires___france_sud
B/NewYork/PV84868/2023	icahn_school_of_medicine_at_mount_sinai	icahn_school_of_medicine_at_mount_sinai
B/Gifu/1/2023	national_institute_of_infectious_diseases_(niid)	gifu_prefectural_institute_of_health_and_environmental_sciences
B/Akita/9/2024	national_institute_of_infectious_diseases_(niid)	akita_research_center_for_public_health_and_environment
B/Shimane/1/2024	national_institute_of_infectious_diseases_(niid)	shimane_prefectural_institute_of_public_health_and_environmental_science
B/Bahrain/6192/2023	centers_for_disease_control_and_prevention	ministry_of_health_bahrain
B/Bahrain/3693/2023	centers_for_disease_control_and_prevention	ministry_of_health_bahrain
B/Okinawa/326/2024	national_institute_of_infectious_diseases_(niid)	okinawa_prefectural_institute_of_health_and_environment
B/Osaka/86/2024	national_institute_of_infectious_diseases_(niid)	osaka_prefectural_institute_of_public_health
B/England/240700774/2024	ukhsa_/_respiratory_virus_unit	uk_health_security_agency___colindale
B/Wrexham/8303/2024	public_health_wales_microbiology_cardiff	public_health_wales_microbiology_cardiff
B/Tocantins/13172/2024	instituto_oswaldo_cruz_fiocruz___laboratory_of_respiratory_viruses_and_measles_(lvrs)	laboratory_of_respiratory_viruses_and_measles,_oswaldo_cruz_institution,_oswaldo_cruz_foundation_
B/Michigan/MISAPPHIREL364142804/2023	university_of_michigan	henry_ford_health_microbiology_laboratory
B/Miyagi/1/2023	national_institute_of_infectious_diseases_(niid)	miyagi_prefectural_institute_of_public_health_and_environment
B/Florida/14494/2023	u.s._air_force_school_of_aerospace_medicine	u.s._air_force_school_of_aerospace_medicine_
B/Guam/5545/2025	centers_for_disease_control_and_prevention	guam_department_of_public_health
B/England/660261/2025	ukhsa_/_respiratory_virus_unit	uk_health_security_agency___colindale
B/RhodeIsland/10/2025	centers_for_disease_control_and_prevention	rhode_island_department_of_health
B/RhodeIsland/13/2025	centers_for_disease_control_and_prevention	rhode_island_department_of_health
B/Greece/643/2022	crick_worldwide_influenza_centre	hellenic_pasteur_institute
B/Catalonia/2279261NS/2023-egg	centers_for_disease_control_and_prevention	national_institute_for_medical_research
B/Alabama/1/2023	centers_for_disease_control_and_prevention	adph_bureau_of_clinical_laboratories
B/England/231880437/2023	uk_health_security_agency___colindale	uk_health_security_agency___colindale
B/Mexico/5533/2024	centers_for_disease_control_and_prevention	laboratorio_de_virus_respiratorio
B/Colorado/ISC-1089/2024	centers_for_disease_control_and_prevention	colorado_department_of_health_lab
B/Missouri/6/2023	centers_for_disease_control_and_prevention	missouri_department._of_health_&_senior_services
B/Brazil/SP-IAL-LEIAL3883/2024	instituto_adolfo_lutz	instituto_adolfo_lutz___national_influenza_center
B/SouthAfrica/PATH-CERI-C066228/2025	center_for_epidemic_response_and_innovation_(ceri)	pathcare
B/NewYork/PX11426/2024	icahn_school_of_medicine_at_mount_sinai	icahn_school_of_medicine_at_mount_sinai
B/Saopaulo/CEVI_24002005/2024	instituto_butantan	instituto_butantan
B/MatoGrossodoSul/MS-FIOCRUZ-FMS524/2025	fundação_oswaldo_cruz_(fiocruz)	lacen/ms_laboratório_central_de_saúde_pública_de_mato_grosso_do_sul
B/Lisbon/158/2024	national_institute_for_health_dr._ricardo_jorge	national_institute_of_health_dr._ricardo_jorge,_infectious_diseases_department,_national_influenza_reference_laboratory
B/Massachusetts/ISC-1016/2024	centers_for_disease_control_and_prevention	massachusetts_department_of_public_health
B/Massachusetts/4/2025	centers_for_disease_control_and_prevention	massachusetts_department_of_public_health
B/RioGrandeDoNorte/4673-IEC/2025	evandro_chagas_institute	evandro_chagas_institute
B/VinaDelMar/88861/2024	instituto_de_salud_pública_de_chile	instituto_de_salud_publica_de_chile
B/Catalonia/2279261NS/2023	centers_for_disease_control_and_prevention	national_institute_for_medical_research
B/Talca/75546/2024	instituto_de_salud_pública_de_chile	instituto_de_salud_publica_de_chile
B/England/600411/2025	ukhsa_/_respiratory_virus_unit	uk_health_security_agency___colindale
B/NorthCarolina/14665/2024	u.s._air_force_school_of_aerospace_medicine	u.s._air_force_school_of_aerospace_medicine_
B/Pennsylvania/22/2024	centers_for_disease_control_and_prevention	pennsylvania_department_of_health
B/Wisconsin/3/2025	centers_for_disease_control_and_prevention	wisconsin_state_laboratory_of_hygiene
B/MatoGrossodoSul/MS-FIOCRUZ-FMS519/2025	fundação_oswaldo_cruz_(fiocruz)	lacen/ms_laboratório_central_de_saúde_pública_de_mato_grosso_do_sul
B/Queensland/IN000950/2025	public_and_environmental_health_reference_laboratories_(pehrl)	qld,_sullivan_nicolaides_pathology
B/Canarias/729/2025	instituto_de_salud_carlos_iii	servicio_de_microbiología_hospital_universitario_de_gran_canaria_doctor_negrín
B/Victoria/1/2025	who_collaborating_centre_for_reference_and_research_on_influenza	royal_melbourne_hospital
B/MatoGrossodoSul/MS-FIOCRUZ-FMS516/2025	fundação_oswaldo_cruz_(fiocruz)	lacen/ms_laboratório_central_de_saúde_pública_de_mato_grosso_do_sul
B/WestVirginia/9/2024	centers_for_disease_control_and_prevention	west_virginia_office_of_laboratory_services
B/Shanghai-Minxing/160/2025-egg	who_chinese_national_influenza_center	who_chinese_national_influenza_center
B/NewJersey/15479/2025	u.s._air_force_school_of_aerospace_medicine	u.s._air_force_school_of_aerospace_medicine_
B/Nevada/2/2025	centers_for_disease_control_and_prevention	southern_nevada_public_health_lab
B/Sweden/SE25-02266/2025	public_health_agency_of_sweden	public_health_agency_of_sweden
B/Burgos/175/2024	crick_worldwide_influenza_centre	universidad_de_valladolid
B/Netherlands/1149/2025	erasmus_medical_center	erasmus_medical_center
B/SuratThani/F662/2025	thai_national_influenza_center	thai_national_influenza_center
B/France/ARA-RELAB-HCL024194084701/2024	cnr_virus_des_infections_respiratoires,_france_sud	cnr_virus_des_infections_respiratoires___france_sud
B/Israel/R18759/2024	crick_worldwide_influenza_centre	central_virology_laboratory_israel_(nic)
B/England/380400/2025	ukhsa_/_respiratory_virus_unit	uk_health_security_agency___colindale
B/NewJersey/GKISBBBE04740/2025		concentric_by_ginkgo_bioworks
B/France/CVL-RELAB-IPP00956/2025	institut_pasteur_paris	institut_pasteur
B/France/PDL-IPP01797/2025	institut_pasteur_paris	institut_pasteur
B/France/PAC-RELAB-HCL025039374301/2025	cnr_virus_des_infections_respiratoires,_france_sud	cnr_virus_des_infections_respiratoires___france_sud
B/Queensland/IN000903/2025	public_and_environmental_health_reference_laboratories_(pehrl)	pathology_queensland
B/Salamanca/191/2024	crick_worldwide_influenza_centre	universidad_de_valladolid
B/England/4921174/2024	ukhsa_/_respiratory_virus_unit	uk_health_security_agency___colindale
B/Galicia/GA-CHUAC-137/2024	hospital_universitario_de_a_coruña	a_coruna_university_hospital_complex_(chuac)
B/Galicia/GA-CHUAC-275/2025	hospital_universitario_de_a_coruña	a_coruna_university_hospital_complex_(chuac)
B/Soria/149/2023	valladolid_national_influenza_centre	valladolid_national_influenza_centre
B/Sydney/692/2023	who_collaborating_centre_for_reference_and_research_on_influenza	childrens_hospital_westmead
B/Vietnam/PF124172/2024	bach_mai_hospital	bach_mai_hospital
B/Queensland/IN000948/2025	public_and_environmental_health_reference_laboratories_(pehrl)	qld,_sullivan_nicolaides_pathology
B/Washington/55/2024	centers_for_disease_control_and_prevention	washington_state_public_health_laboratory
B/Minnesota/ISC-1072/2024	centers_for_disease_control_and_prevention	minnesota_department_of_health
B/BayofPlenty/2/2024	who_collaborating_centre_for_reference_and_research_on_influenza	institute_of_environmental_science_and_research_(esr)
B/Pennsylvania/99/2024	centers_for_disease_control_and_prevention	children's_hospital_of_pittsburgh_upmc
B/Bangkok/P203/2025	thai_national_influenza_center	thai_national_influenza_center
B/Minnesota/ISC-1076/2024	centers_for_disease_control_and_prevention	minnesota_department_of_health
B/NewYork/PV152171/2024	icahn_school_of_medicine_at_mount_sinai	icahn_school_of_medicine_at_mount_sinai
B/Perth/469/2024	who_collaborating_centre_for_reference_and_research_on_influenza	pathwest_qe_ii_medical_centre
B/Michigan/UM-10056817588/2024		university_of_michigan,_lauring_lab,_department_of_microbiology_and_immunology
B/Lisbon/5/2024	national_institute_for_health_dr._ricardo_jorge	national_institute_of_health_dr._ricardo_jorge,_infectious_diseases_department,_national_influenza_reference_laboratory
B/Kentucky/2/2024	centers_for_disease_control_and_prevention	kentucky_division_of_laboratory_services
B/Peru/LIM-INS-394/2024	instituto_nacional_de_salud_peru	laboratorio_de_referencia_nacional_virus_respiratorios,_instituto_nacional_de_salud
B/Mayotte/HCL025013242101/2025	cnr_virus_des_infections_respiratoires,_france_sud	cnr_virus_des_infections_respiratoires___france_sud
B/Peru/ANC-INS-289/2024	instituto_nacional_de_salud_peru	laboratorio_de_referencia_nacional_virus_respiratorios,_instituto_nacional_de_salud
B/NewYork/PX14403/2025	icahn_school_of_medicine_at_mount_sinai	icahn_school_of_medicine_at_mount_sinai
B/StPetersburg/RII-37/2025	who_national_influenza_centre_russian_federation	who_national_influenza_centre_russian_federation
B/Victoria/68/2024	who_collaborating_centre_for_reference_and_research_on_influenza	alfred_hospital
B/Alabama/1/2025	centers_for_disease_control_and_prevention	adph_bureau_of_clinical_laboratories
B/England/220840496/2022	uk_health_security_agency___colindale	uk_health_security_agency___colindale
B/SouthSudan/982/2023	crick_worldwide_influenza_centre	national_public_health_laboratory
B/Pennsylvania/1/2021	centers_for_disease_control_and_prevention	pennsylvania_department_of_health
B/Bhutan/2232/2023	centers_for_disease_control_and_prevention	royal_centre_for_disease_control
B/Bhutan/2168/2023	centers_for_disease_control_and_prevention	royal_centre_for_disease_control
B/Bhutan/1471/2023	centers_for_disease_control_and_prevention	royal_centre_for_disease_control
B/NewYork/PV85802/2023	icahn_school_of_medicine_at_mount_sinai	icahn_school_of_medicine_at_mount_sinai
B/Colombia/923/2023	centers_for_disease_control_and_prevention	instituto_nacional_de_salud_de_columbia
B/Peru/472/2023	centers_for_disease_control_and_prevention	laboratorio_de_referencia_nacional_virus_respiratorios,_instituto_nacional_de_salud
B/India/1280/2022	centers_for_disease_control_and_prevention	national_institute_of_virology
B/Peru/UPCH_3837/2022	universidad_peruana_cayetano_heredia	instituto_de_medicine_tropical_alexander_von_humboldt___upch
B/Abudhabi/7149/2022	sheikh_khalifa_medical_city_(skmc)	reference_laboratory_for_infectious_disease_(surveillance_lab)
B/Bangladesh/3291/2023	centers_for_disease_control_and_prevention	institute_of_epidemiology_disease_control_and_research_(iedcr)_&_bangladesh_national_influenza_centre_(nic)
B/Ashgabat/4/2022	crick_worldwide_influenza_centre	turkmenistan_reference_laboratory
B/SaintLucia/8035/2023	centers_for_disease_control_and_prevention	caribbean_epidemiology_center
B/Maldives/828/2023	centers_for_disease_control_and_prevention	ministry_of_health
B/Maldives/830/2023	centers_for_disease_control_and_prevention	ministry_of_health
B/Maldives/1701/2021	centers_for_disease_control_and_prevention	ministry_of_health
B/Malaysia/RP2308/2022	who_collaborating_centre_for_reference_and_research_on_influenza	institut_penyelidikan_perubatan
B/Chanthaburi/P3914/2022	thai_national_influenza_center	thai_national_influenza_center
B/NakhonPhanom/P4101/2022	thai_national_influenza_center	thai_national_influenza_center
B/Cambodia/g1227371/2022	who_collaborating_centre_for_reference_and_research_on_influenza	institute_pasteur_du_cambodia
B/Cambodia/CCH220070/2022	national_institute_of_public_health	national_institute_of_public_health
B/Washington/H5LTCF/2022		import_from_public_domain
B/Bahrain/9509/2022	centers_for_disease_control_and_prevention	ministry_of_health_bahrain
B/India/5075/2022	centers_for_disease_control_and_prevention	national_institute_of_virology
B/Guangdong-Futian/1364/2023	who_chinese_national_influenza_center	who_chinese_national_influenza_center
B/India/Ker-NIV225096/2022	icmr_national_institute_of_virology	icmr_national_institute_of_virology
B/Abudhabi/231/2023	sheikh_khalifa_medical_city_(skmc)	reference_laboratory_for_infectious_disease_(surveillance_lab)
B/India/Pun-NIV226678/2022	icmr_national_institute_of_virology	icmr_national_institute_of_virology
B/India/1159/2022	centers_for_disease_control_and_prevention	national_institute_of_virology
B/Bhutan/790/2022	centers_for_disease_control_and_prevention	royal_centre_for_disease_control
B/Bhutan/751/2022	centers_for_disease_control_and_prevention	royal_centre_for_disease_control
B/Bhutan/FLU-BTC-01241/2022	usamc_armed_forces_medical_research_institute_of_medial_sciences	usamc_afrims_department_of_virology
B/Bhutan/1241/2022	centers_for_disease_control_and_prevention	royal_centre_for_disease_control
B/Bhutan/983/2022	centers_for_disease_control_and_prevention	royal_centre_for_disease_control
B/Bhutan/FLU-BTG-00983/2022	usamc_armed_forces_medical_research_institute_of_medial_sciences	usamc_afrims_department_of_virology
B/Bhutan/2038/2022	centers_for_disease_control_and_prevention	royal_centre_for_disease_control
B/Bhutan/1475/2023	centers_for_disease_control_and_prevention	royal_centre_for_disease_control
B/Bhutan/1175/2022	centers_for_disease_control_and_prevention	royal_centre_for_disease_control
B/Bhutan/FLU-BTE-01175/2022	usamc_armed_forces_medical_research_institute_of_medial_sciences	usamc_afrims_department_of_virology
B/Texas/ISC-1001/2024	centers_for_disease_control_and_prevention	texas_department_of_state_health_services_laboratory_services
B/Massachusetts/ISC-1017/2025	centers_for_disease_control_and_prevention	massachusetts_department_of_public_health
B/France/ARA-HCL022213131701/2022	cnr_virus_des_infections_respiratoires,_france_sud	cnr_virus_des_infections_respiratoires___france_sud
B/Mauritius/P49967/2023	crick_worldwide_influenza_centre	ministry_of_health_and_wellness,_mauritius
B/Bangladesh/3/2023	centers_for_disease_control_and_prevention	icddr,b_international_centre_for_diarrhoeal_disease_research,_bangladesh
B/Saskatchewan/RV02188/2024	public_health_agency_of_canada_(phac)	roy_romanow_provincial_laboratory_
B/Darwin/18/2024	who_collaborating_centre_for_reference_and_research_on_influenza	royal_darwin_hospital
B/Canberra/6/2025	who_collaborating_centre_for_reference_and_research_on_influenza	canberra_hospital
B/Bangkok/P251/2025	thai_national_influenza_center	thai_national_influenza_center
B/Sydney/13/2022	who_collaborating_centre_for_reference_and_research_on_influenza	who_collaborating_centre_for_reference_and_research_on_influenza
B/Sydney/16/2022	who_collaborating_centre_for_reference_and_research_on_influenza	4cyte_pathology
B/Bhutan/2074/2022	centers_for_disease_control_and_prevention	royal_centre_for_disease_control
B/Catalonia/NSVH199824601/2023	hospital_universitari_vall_d'hebron	hospital_universitari_vall_d'hebron
B/Manitoba/RV01606/2024	public_health_agency_of_canada_(phac)	cadham_provincial_laboratory
B/Abudhabi/4967/2024	sheikh_khalifa_medical_city_(skmc)	reference_laboratory_for_infectious_disease_(surveillance_lab)
B/Abudhabi/5807/2024	sheikh_khalifa_medical_city_(skmc)	reference_laboratory_for_infectious_disease_(surveillance_lab)
B/Nepal/S599/2023	national_institute_of_infectious_diseases_(niid)	national_public_health_laboratory
B/Sydney/730/2023	who_collaborating_centre_for_reference_and_research_on_influenza	childrens_hospital_westmead
B/Queensland/IN000898/2025	public_and_environmental_health_reference_laboratories_(pehrl)	pathology_queensland
B/HongKong/6026/2024	centers_for_disease_control_and_prevention	government_virus_unit
B/Bhutan/325/2023	centers_for_disease_control_and_prevention	royal_centre_for_disease_control
B/Darwin/2/2025	who_collaborating_centre_for_reference_and_research_on_influenza	royal_darwin_hospital
B/Perth/461/2024	who_collaborating_centre_for_reference_and_research_on_influenza	pathwest_qe_ii_medical_centre
B/Victoria/773/2023	who_collaborating_centre_for_reference_and_research_on_influenza	austin_health
B/Lisbon/62/2023	instituto_nacional_de_saude_dr._ricardo_jorge	national_institute_of_health_dr._ricardo_jorge,_infectious_diseases_department,_national_influenza_reference_laboratory
B/Norway/2194/2024	norwegian_institute_of_public_health	norwegian_institute_of_public_health
B/Maldives/1742/2023	centers_for_disease_control_and_prevention	ministry_of_health
B/NakhonPhanom/P4427/2023	thai_national_influenza_center	thai_national_influenza_center
B/Chanthaburi/P2939/2023	thai_national_influenza_center	thai_national_influenza_center
B/PhraNakhonSiAyutthaya/P5270/2023	thai_national_influenza_center	thai_national_influenza_center
B/Lao/5278/2023	centers_for_disease_control_and_prevention	national_center_for_laboratory_and_epidemiology
B/Lao/5019/2023	centers_for_disease_control_and_prevention	national_center_for_laboratory_and_epidemiology
B/Lao/4348/2023	centers_for_disease_control_and_prevention	national_center_for_laboratory_and_epidemiology
B/Greece/5509/2024-egg	crick_worldwide_influenza_centre	aristotelian_university_of_thessaloniki
B/Greece/5509/2024	crick_worldwide_influenza_centre	aristotelian_university_of_thessaloniki
B/India/Dib-NIV24_3337/2024	who_collaborating_centre_for_reference_and_research_on_influenza	icmr_national_institute_of_virology
B/Parana/11158/2024	instituto_oswaldo_cruz_fiocruz___laboratory_of_respiratory_viruses_and_measles_(lvrs)	laboratório_central_do_estado_do_paraná___lacen/pr
B/Bahia/99/2025	instituto_oswaldo_cruz_fiocruz___laboratory_of_respiratory_viruses_and_measles_(lvrs)	laboratório_central_de_saúde_pública_professor_gonçalo_moniz,_lacen_ba
B/Canberra/3/2025	who_collaborating_centre_for_reference_and_research_on_influenza	canberra_hospital
B/HongKong/21/2025	hong_kong_department_of_health	hong_kong_department_of_health
B/Bayern/11/2024	robert_koch_institute_nationales_referenzzentrum_für_influenza	robert_koch_institute_nationales_referenzzentrum_für_influenza
B/Singapore/TT0016/2024	ministry_of_health,_singapore	ministry_of_health,_singapore
B/SouthAfrica/R05447/2024	national_institute_for_communicable_diseases_(nicd)	national_institute_for_communicable_diseases_(nicd)
B/Zambia/144/2024	centers_for_disease_control_and_prevention	university_teaching_hospital,_moh_zambia
B/Netherlands/10087/2025	national_institute_for_public_health_and_the_environment_(rivm)	national_institute_for_public_health_and_the_environment_(rivm)
B/SouthAfrica/NHLS-UCT-CERI-K063099/2024	center_for_epidemic_response_and_innovation_(ceri)	national_health_laboratory_services,_university_of_cape_town
B/Tokyo/EIS11-453/2025	national_institute_of_infectious_diseases_(niid)	national_institute_of_infectious_diseases_(niid)
B/Galicia/GA-CHUAC-122/2024	hospital_universitario_de_a_coruña	a_coruna_university_hospital_complex_(chuac)
B/SouthAfrica/R06868/2024	national_institute_for_communicable_diseases_(nicd)	national_institute_for_communicable_diseases_(nicd)
A/Romania/584/2024	national_institute_of_infectious_diseases_prof._dr._matei_bals	national_institute_for_infectious_diseases_“prof._dr._matei_balș”
B/Bhutan/2199/2024	centers_for_disease_control_and_prevention	royal_centre_for_disease_control
B/Michigan/UOM10050726468/2022	university_of_michigan	university_of_michigan_clinical_microbiology_laboratory
B/India/Lucknow-NIV2315876/2023	icmr_national_institute_of_virology	icmr_national_institute_of_virology
B/India/Pune-NIVCOV232882/2023	icmr_national_institute_of_virology	icmr_national_institute_of_virology
B/Maldives/Male-NIV241383/2024	icmr_national_institute_of_virology	indira_gandhi_memorial_hospital
B/Maldives/Male-NIV241382/2024	icmr_national_institute_of_virology	indira_gandhi_memorial_hospital
B/Maldives/809/2024	centers_for_disease_control_and_prevention	ministry_of_health
B/SuratThani/P431/2024	thai_national_influenza_center	thai_national_influenza_center
B/Myanmar/24M255/2024	niigata_university	niigata_university
B/Bangkok/FRS22/2024	thai_national_influenza_center	thai_national_influenza_center
B/HongKong/3701/2024	centers_for_disease_control_and_prevention	government_virus_unit
B/NakhonPhanom/P376/2024	thai_national_influenza_center	thai_national_influenza_center
B/Berlin/1/2024	robert_koch_institute_nationales_referenzzentrum_fur_influenza	robert_koch_institute_nationales_referenzzentrum_für_influenza
B/Singapore/NUH0417/2024	ministry_of_health,_singapore	ministry_of_health,_singapore
B/Singapore/GP10595/2024	ministry_of_health,_singapore	ministry_of_health,_singapore
B/Shanghai-Songjiang/18/2025-egg	who_chinese_national_influenza_center	who_chinese_national_influenza_center
B/Shanghai-Songjiang/18/2025	who_chinese_national_influenza_center	who_chinese_national_influenza_center
B/India/Pun-Nivcov241324/2024	centers_for_disease_control_and_prevention	national_institute_of_virology
B/Bangladesh/2471/2023	centers_for_disease_control_and_prevention	institute_of_epidemiology_disease_control_and_research_(iedcr)_&_bangladesh_national_influenza_centre_(nic)
B/Tokyo/23150/2023	centers_for_disease_control_and_prevention	national_institute_of_infectious_diseases_(niid)
B/Shanghai-Huangpu/12755/2024-egg	who_chinese_national_influenza_center	who_chinese_national_influenza_center
B/Shanghai-Huangpu/12755/2024	who_chinese_national_influenza_center	who_chinese_national_influenza_center
B/India/Pun-Nivcov24_4405/2024-egg	centers_for_disease_control_and_prevention	national_institute_of_virology
B/Tasmania/11/2024	who_collaborating_centre_for_reference_and_research_on_influenza	institute_of_medical_and_veterinary_science_(imvs)
B/Victoria/138/2024	who_collaborating_centre_for_reference_and_research_on_influenza	monash_medical_centre
B/Gyeonggi/423/2025	korea_disease_control_and_prevention_agency_(kdca)	korea_disease_control_and_prevention_agency_(kdca)
B/Gyeonggi/425/2025	korea_disease_control_and_prevention_agency_(kdca)	korea_disease_control_and_prevention_agency_(kdca)
B/Malaysia/TIDREC_KLA-AUFI375/2025	university_of_malaya	tropical_infectious_diseases_research_and_education_centre_(tidrec),_universiti_malaya
B/SouthAustralia/3/2025	who_collaborating_centre_for_reference_and_research_on_influenza	institute_of_medical_and_veterinary_science_(imvs)
B/Cardiff/3908/2024	public_health_wales_microbiology_cardiff	public_health_wales_microbiology_cardiff
B/RiodeJaneiro/9962/2024	instituto_oswaldo_cruz_fiocruz___laboratory_of_respiratory_viruses_and_measles_(lvrs)	laboratório_central_de_saúde_pública_(lacen_rj)
B/England/240940478/2024	ukhsa_/_respiratory_virus_unit	uk_health_security_agency___colindale
B/EspiritoSanto/472/2025	instituto_oswaldo_cruz_fiocruz___laboratory_of_respiratory_viruses_and_measles_(lvrs)	lacen/es___laboratório_central_de_saúde_pública_do_espírito_santo
B/Guangdong-Dongwanbendi/21160/2023-egg	who_chinese_national_influenza_center	who_chinese_national_influenza_center
B/Hainan-Xiuying/1898/2023-egg	who_chinese_national_influenza_center	who_chinese_national_influenza_center
B/Shanghai-Songjiang/1839/2023-egg	who_chinese_national_influenza_center	who_chinese_national_influenza_center
B/Henan-Shihe/11032/2023-egg	who_chinese_national_influenza_center	who_chinese_national_influenza_center
B/Jilin-Nanguan/11178/2023	who_chinese_national_influenza_center	who_chinese_national_influenza_center
B/Jilin-Nanguan/15/2024-egg	who_chinese_national_influenza_center	who_chinese_national_influenza_center
B/Jilin-Nanguan/15/2024	who_chinese_national_influenza_center	who_chinese_national_influenza_center
B/Guangxi-Qingxiu/1797/2023-egg	who_chinese_national_influenza_center	who_chinese_national_influenza_center
B/Guangxi-Yuzhou/11063/2023-egg	who_chinese_national_influenza_center	who_chinese_national_influenza_center
B/NewYork/PX14342/2025	icahn_school_of_medicine_at_mount_sinai	icahn_school_of_medicine_at_mount_sinai
B/RiodeJaneiro/155/2025	instituto_oswaldo_cruz_fiocruz___laboratory_of_respiratory_viruses_and_measles_(lvrs)	university_of_são_paulo
B/Sydney/4/2024	who_collaborating_centre_for_reference_and_research_on_influenza	childrens_hospital_westmead
B/Hubei-Jiangan/82/2023	who_chinese_national_influenza_center	who_chinese_national_influenza_center
B/Saitama-C/29/2024	national_institute_of_infectious_diseases_(niid)	saitama_city_institute_of_health__science_and_research
B/HongKong/3/2025	hong_kong_department_of_health	hong_kong_department_of_health
B/HongKong/EPI1021/2025		university_of_hong_kong,_school_of_public_health,_who_collaborating_centre_for_infectious_disease_epidemiology_and_control
B/Shanghai-Jinshan/1864/2024-egg	who_chinese_national_influenza_center	who_chinese_national_influenza_center
B/Liaoning-Yinzhou/1221/2024-egg	centers_for_disease_control_and_prevention	who_chinese_national_influenza_center
B/Liaoning-Yinzhou/1221/2024	centers_for_disease_control_and_prevention	who_chinese_national_influenza_center
B/Neimenggu-Dongsheng/11259/2023	who_chinese_national_influenza_center	who_chinese_national_influenza_center
B/Victoria/98/2024	who_collaborating_centre_for_reference_and_research_on_influenza	4cyte_pathology
B/Hunan-Tianyuan/1355/2024	who_chinese_national_influenza_center	who_chinese_national_influenza_center
B/Hunan-Tianyuan/1355/2024-egg	who_chinese_national_influenza_center	who_chinese_national_influenza_center
B/Guangdong-Xiangqiao/1499/2024-egg	who_chinese_national_influenza_center	who_chinese_national_influenza_center
B/Sweden/SE25-01179/2025	public_health_agency_of_sweden	public_health_agency_of_sweden
B/Para/4051-IEC/2025	evandro_chagas_institute	evandro_chagas_institute
B/Para/8015-IEC/2025	evandro_chagas_institute	evandro_chagas_institute
B/Zhejiang-Kecheng/11059/2023	who_chinese_national_influenza_center	who_chinese_national_influenza_center
B/Shanxi-Jiexiu/2124/2024-egg	who_chinese_national_influenza_center	who_chinese_national_influenza_center
B/Shanxi-Jiexiu/257/2024	who_chinese_national_influenza_center	who_chinese_national_influenza_center
B/Heilongjiang-Daowai/18/2024-egg	who_chinese_national_influenza_center	who_chinese_national_influenza_center
B/Anhui-Huashan/1320/2024-egg	who_chinese_national_influenza_center	who_chinese_national_influenza_center
B/Ibaraki/1/2023	national_institute_of_infectious_diseases_(niid)	ibaraki_prefectural_institute_of_public_health
B/Guangdong-Pengjiang/11021/2023-egg	who_chinese_national_influenza_center	who_chinese_national_influenza_center
B/SriLanka/1/2025	who_collaborating_centre_for_reference_and_research_on_influenza	medical_research_institute
B/SriLanka/2/2025	who_collaborating_centre_for_reference_and_research_on_influenza	medical_research_institute
B/Guangdong-Zhenjiang/1296/2024-egg	who_chinese_national_influenza_center	who_chinese_national_influenza_center
B/Guangdong-Rongcheng/1526/2024-egg	who_chinese_national_influenza_center	who_chinese_national_influenza_center
B/Guangdong-Rongcheng/1526/2024	who_chinese_national_influenza_center	who_chinese_national_influenza_center
B/Guangxi-Fangcheng/11122/2023-egg	who_chinese_national_influenza_center	who_chinese_national_influenza_center
B/Guangdong-Jinping/8304/2023	who_chinese_national_influenza_center	who_chinese_national_influenza_center
B/Hubei-Zhuxi/252/2024	who_chinese_national_influenza_center	who_chinese_national_influenza_center
B/Hubei-Tianmen/317/2023-egg	who_chinese_national_influenza_center	who_chinese_national_influenza_center
B/Tianjin-Binhaixin/112/2024	who_chinese_national_influenza_center	who_chinese_national_influenza_center
B/Zhejiang-Haishu/1857/2024	who_chinese_national_influenza_center	who_chinese_national_influenza_center
B/Guangdong-Dongwanbendi/1862/2024-egg	who_chinese_national_influenza_center	who_chinese_national_influenza_center
B/Anhui-Xuanzhou/1439/2024-egg	who_chinese_national_influenza_center	who_chinese_national_influenza_center
B/Anhui-Tianjiaan/1245/2024-egg	who_chinese_national_influenza_center	who_chinese_national_influenza_center
B/Anhui-Tianjiaan/1245/2024	who_chinese_national_influenza_center	who_chinese_national_influenza_center
B/Fujian-Cangshan/1927/2023-egg	who_chinese_national_influenza_center	who_chinese_national_influenza_center
B/Guangdong-Yuancheng/1891/2023-egg	who_chinese_national_influenza_center	who_chinese_national_influenza_center
B/Brisbane/3/2024	who_collaborating_centre_for_reference_and_research_on_influenza	queensland_health_forensic_and_scientific_services_
B/Henan-Weibin/15/2024-egg	who_chinese_national_influenza_center	who_chinese_national_influenza_center
B/EspiritoSanto/466/2025	instituto_oswaldo_cruz_fiocruz___laboratory_of_respiratory_viruses_and_measles_(lvrs)	lacen/es___laboratório_central_de_saúde_pública_do_espírito_santo
B/Vietnam/4010/2024	centers_for_disease_control_and_prevention	pasteur_institute,_influenza_laboratory
B/Guangdong-Futian/11726/2024-egg	who_chinese_national_influenza_center	who_chinese_national_influenza_center
B/Hubei-Zengdou/1597/2024-egg	who_chinese_national_influenza_center	who_chinese_national_influenza_center
B/Hainan-Meilan/1100/2024-egg	who_chinese_national_influenza_center	who_chinese_national_influenza_center
B/Hainan-Meilan/1100/2024	who_chinese_national_influenza_center	who_chinese_national_influenza_center
B/China/329/2024		linyi_maternal_and_child_healthcare_hospital,_laboratory_of_birth_defects
B/StPetersburg/RII-MH188922S/2024	who_national_influenza_centre_russian_federation	research_institute_of_influenza,_ministry_of_healthcare_of_the_russian_federation
B/Guangxi-Yuzhou/2351/2023-egg	who_chinese_national_influenza_center	who_chinese_national_influenza_center
B/Guangxi-Yuzhou/2351/2023	who_chinese_national_influenza_center	who_chinese_national_influenza_center
B/Shanxi-Taiyuan/1151/2024	taiyuan_center_for_disease_control_and_prevention	taiyuan_center_for_disease_control_and_prevention
B/Sichuan-Huaying/246/2024-egg	who_chinese_national_influenza_center	who_chinese_national_influenza_center
B/Sichuan-Huaying/246/2024	who_chinese_national_influenza_center	who_chinese_national_influenza_center
B/Shanghai-Fengxian/1960/2023-egg	who_chinese_national_influenza_center	who_chinese_national_influenza_center
B/Shanghai-Fengxian/1960/2023	who_chinese_national_influenza_center	who_chinese_national_influenza_center
B/StPetersburg/RII-1816S/2025	who_national_influenza_centre_russian_federation	research_institute_of_influenza,_ministry_of_healthcare_of_the_russian_federation
B/StPetersburg/RII-MH225914S/2025	who_national_influenza_centre_russian_federation	research_institute_of_influenza,_ministry_of_healthcare_of_the_russian_federation
B/Parana/367/2025	instituto_oswaldo_cruz_fiocruz___laboratory_of_respiratory_viruses_and_measles_(lvrs)	laboratório_central_do_estado_do_paraná___lacen/pr
B/RioDeJaneiro/11694/2024	centers_for_disease_control_and_prevention	instituto_oswaldo_cruz_fiocruz___laboratory_of_respiratory_viruses_and_measles_(lvrs)
B/Queensland/IN000605/2024	public_and_environmental_health_reference_laboratories_(pehrl)	qld,_sullivan_nicolaides_pathology
B/Saopaulo/CEVI_24002025/2024	instituto_butantan	instituto_butantan
B/MatoGrossodoSul/MS-FIOCRUZ-FMS525/2025	fundação_oswaldo_cruz_(fiocruz)	lacen/ms_laboratório_central_de_saúde_pública_de_mato_grosso_do_sul
B/France/ARA-HCL025024743201/2025	cnr_virus_des_infections_respiratoires,_france_sud	cnr_virus_des_infections_respiratoires___france_sud
B/Croatia/HZJZ_8279/2025	croatian_institue_of_public_health	croatian_institute_of_public_health
B/Wisconsin/4/2025	centers_for_disease_control_and_prevention	wisconsin_state_laboratory_of_hygiene
B/France/ARA-HCL025038199102/2025	cnr_virus_des_infections_respiratoires,_france_sud	cnr_virus_des_infections_respiratoires___france_sud
B/Guangxi-Beiliu/2425/2023-egg	who_chinese_national_influenza_center	who_chinese_national_influenza_center
B/HongKong/62/2023	crick_worldwide_influenza_centre	government_virus_unit
B/Henan-Weibin/112/2024-egg	who_chinese_national_influenza_center	who_chinese_national_influenza_center
B/Hubei-Enshi/12402/2023-egg	who_chinese_national_influenza_center	who_chinese_national_influenza_center
B/Hubei-Enshi/12402/2023	who_chinese_national_influenza_center	who_chinese_national_influenza_center
B/Sichuan-Qingyang/11735/2023-egg	who_chinese_national_influenza_center	who_chinese_national_influenza_center
B/Hunan-Yuhu/19/2024-egg	who_chinese_national_influenza_center	who_chinese_national_influenza_center
B/Sendai/23/2024	national_institute_of_infectious_diseases_(niid)	sendai_city_institute_of_public_health
B/Fukuoka-C/1/2023	national_institute_of_infectious_diseases_(niid)	fukuoka_city_institute_for_hygiene_and_the_environment
B/Liaoning-Laobian/1103/2024-egg	who_chinese_national_influenza_center	who_chinese_national_influenza_center
B/Shanghai-Jingan/1672/2024-egg	who_chinese_national_influenza_center	who_chinese_national_influenza_center
B/Hunan-Yuhu/19/2024	who_chinese_national_influenza_center	who_chinese_national_influenza_center
B/Liaoning-Shuncheng/128/2024	who_chinese_national_influenza_center	who_chinese_national_influenza_center
B/Anhui-Guichi/1227/2024-egg	who_chinese_national_influenza_center	who_chinese_national_influenza_center
B/Sichuan-Dongpo/1177/2024-egg	who_chinese_national_influenza_center	who_chinese_national_influenza_center
B/Guangxi-Liunan/3105/2023-egg	who_chinese_national_influenza_center	who_chinese_national_influenza_center
B/Guangxi-Qinnan/5267/2024-egg	who_chinese_national_influenza_center	who_chinese_national_influenza_center
B/Guangxi-Qinnan/5267/2024	who_chinese_national_influenza_center	who_chinese_national_influenza_center
B/Gansu-Chengguan/123/2024-egg	who_chinese_national_influenza_center	who_chinese_national_influenza_center
B/Turkey/27255839/2024	crick_worldwide_influenza_centre	istanbul_university
B/Hainan-Qiongshan/1498/2023	who_chinese_national_influenza_center	who_chinese_national_influenza_center
B/Sichuan-Tongchuan/2371/2023	who_chinese_national_influenza_center	who_chinese_national_influenza_center
B/Guangxi-Qinnan/11128/2023-egg	who_chinese_national_influenza_center	who_chinese_national_influenza_center
B/Sichuan-Renshou/1177/2024-egg	who_chinese_national_influenza_center	who_chinese_national_influenza_center
B/Jiangsu-Zhangjiagang/328/2024-egg	who_chinese_national_influenza_center	who_chinese_national_influenza_center
B/Sichuan-Gaoxin/1104/2024-egg	who_chinese_national_influenza_center	who_chinese_national_influenza_center
B/Jilin-Chaoyang/123/2024-egg	who_chinese_national_influenza_center	who_chinese_national_influenza_center
B/Jilin-Chaoyang/123/2024	who_chinese_national_influenza_center	who_chinese_national_influenza_center
A/Pakistan/NIC/ICT/422/2025	national_institute_of_health_pakistan	national_institute_of_health
B/Heilongjiang-Daowai/1890/2023	who_chinese_national_influenza_center	who_chinese_national_influenza_center
B/Henan-Weibin/1134/2024-egg	who_chinese_national_influenza_center	who_chinese_national_influenza_center
B/Hubei-Huangshigang/177/2024	who_chinese_national_influenza_center	who_chinese_national_influenza_center
B/Guangdong-Xiangzhou/51/2024-egg	who_chinese_national_influenza_center	who_chinese_national_influenza_center
B/Guangdong-Xiangzhou/51/2024	who_chinese_national_influenza_center	who_chinese_national_influenza_center
B/Guangdong-Jinping/1342/2024-egg	who_chinese_national_influenza_center	who_chinese_national_influenza_center
B/Guangxi-Beiliu/2368/2023-egg	who_chinese_national_influenza_center	who_chinese_national_influenza_center
B/Perth/445/2024-egg	who_collaborating_centre_for_reference_and_research_on_influenza	pathwest_qe_ii_medical_centre
B/Perth/445/2024	who_collaborating_centre_for_reference_and_research_on_influenza	pathwest_qe_ii_medical_centre
B/Anhui-Yingjiang/12146/2023-egg	who_chinese_national_influenza_center	who_chinese_national_influenza_center
B/Anhui-Yingjiang/12146/2023	who_chinese_national_influenza_center	who_chinese_national_influenza_center
B/Henan-Changyuan/288/2024-egg	who_chinese_national_influenza_center	who_chinese_national_influenza_center
B/Fujian-Gulou/11090/2023-egg	who_chinese_national_influenza_center	who_chinese_national_influenza_center
B/Hunan-Heshan/2582/2023-egg	who_chinese_national_influenza_center	who_chinese_national_influenza_center
B/Guangxi-Yuzhou/2349/2024-egg	who_chinese_national_influenza_center	who_chinese_national_influenza_center
B/Guangxi-Yuzhou/2349/2024	who_chinese_national_influenza_center	who_chinese_national_influenza_center
B/Bahrain/5659/2024	centers_for_disease_control_and_prevention	ministry_of_health_bahrain
B/Singapore/KK1266/2024	ministry_of_health,_singapore	ministry_of_health,_singapore
B/Yunnan-Shuifu/2181/2024-egg	who_chinese_national_influenza_center	who_chinese_national_influenza_center
B/Hubei-Zengdou/2842/2024-egg	who_chinese_national_influenza_center	who_chinese_national_influenza_center
B/HongKong/3384/2024	centers_for_disease_control_and_prevention	government_virus_unit
B/Guangdong-Jiangcheng/10027/2024	who_chinese_national_influenza_center	who_chinese_national_influenza_center
B/Shanghai-Yangpu/2301/2024-egg	who_chinese_national_influenza_center	who_chinese_national_influenza_center
B/Shanghai-Yangpu/2301/2024	who_chinese_national_influenza_center	who_chinese_national_influenza_center
B/Guizhou-Bijiang/1901/2023-egg	who_chinese_national_influenza_center	who_chinese_national_influenza_center
A/Pakistan/NIC/ICT/131/2025	national_institute_of_health_pakistan	national_institute_of_health
B/Guangdong-Dongwanbendi/1797/2023-egg	who_chinese_national_influenza_center	who_chinese_national_influenza_center
B/Guangxi-Beiliu/2298/2023-egg	who_chinese_national_influenza_center	who_chinese_national_influenza_center
B/Guangxi-Beiliu/2298/2023	who_chinese_national_influenza_center	who_chinese_national_influenza_center
B/Chungnam/3944/2024	korea_disease_control_and_prevention_agency_(kdca)	korea_disease_control_and_prevention_agency_(kdca)
B/Beijing-Chaoyang/121/2024-egg	who_chinese_national_influenza_center	who_chinese_national_influenza_center
B/Guangxi-Liunan/3105/2023	who_chinese_national_influenza_center	who_chinese_national_influenza_center
B/Heilongjiang-Luobei/2115/2024	who_chinese_national_influenza_center	who_chinese_national_influenza_center
B/Shandong-Zhangdian/1260/2024	who_chinese_national_influenza_center	who_chinese_national_influenza_center
B/Victoria/45/2024-egg	who_collaborating_centre_for_reference_and_research_on_influenza	austin_health
B/Guangxi-Diecai/1258/2024-egg	who_chinese_national_influenza_center	who_chinese_national_influenza_center
B/Guangdong-Zhongshan/2420/2024-egg	who_chinese_national_influenza_center	who_chinese_national_influenza_center
B/Hubei-Huangshigang/299/2024-egg	who_chinese_national_influenza_center	who_chinese_national_influenza_center
B/Gyeonggi/3971/2024	korea_disease_control_and_prevention_agency_(kdca)	korea_disease_control_and_prevention_agency_(kdca)
B/Victoria/45/2024	who_collaborating_centre_for_reference_and_research_on_influenza	austin_health
B/Guangdong-Zhenjiang/1228/2024-egg	who_chinese_national_influenza_center	who_chinese_national_influenza_center
B/Guizhou-Kaili/1180/2024-egg	who_chinese_national_influenza_center	who_chinese_national_influenza_center
B/Beijing-Huairou/12187/2023	who_chinese_national_influenza_center	who_chinese_national_influenza_center
B/Guangdong-Dongwanbendi/1859/2023-egg	who_chinese_national_influenza_center	who_chinese_national_influenza_center
B/Anhui-Qiaocheng/512/2023-egg	who_chinese_national_influenza_center	who_chinese_national_influenza_center
B/Anhui-Qiaocheng/512/2023	who_chinese_national_influenza_center	who_chinese_national_influenza_center
B/Khovd/877/2024	national_institute_of_infectious_diseases_(niid)	national_center_for_communicable_diseases
B/Guangdong-Qingcheng/2539/2024-egg	who_chinese_national_influenza_center	who_chinese_national_influenza_center
B/Guangdong-Qingcheng/2539/2024	who_chinese_national_influenza_center	who_chinese_national_influenza_center
B/Guangdong-Qingcheng/2619/2024-egg	who_chinese_national_influenza_center	who_chinese_national_influenza_center
B/Guangdong-Qingcheng/2619/2024	who_chinese_national_influenza_center	who_chinese_national_influenza_center
B/Neimenggu-Zizhijining/115/2024-egg	who_chinese_national_influenza_center	who_chinese_national_influenza_center
B/Guangxi-Jiangzhou/11274/2023	who_chinese_national_influenza_center	who_chinese_national_influenza_center
B/Nagano/2119/2024	centers_for_disease_control_and_prevention	national_institute_of_infectious_diseases_(niid)
B/Victoria/32/2024	who_collaborating_centre_for_reference_and_research_on_influenza	monash_medical_centre
B/Guizhou-Douyun/1995/2023-egg	who_chinese_national_influenza_center	who_chinese_national_influenza_center
B/Hubei-Dongbao/289/2024-egg	who_chinese_national_influenza_center	who_chinese_national_influenza_center
B/Beijing-Chaoyang/12796/2023-egg	who_chinese_national_influenza_center	who_chinese_national_influenza_center
B/Beijing-Haidian/12389/2023	who_chinese_national_influenza_center	who_chinese_national_influenza_center
B/Beijing-Chaoyang/12796/2023	who_chinese_national_influenza_center	who_chinese_national_influenza_center
B/Beijing-Haidian/12389/2023-egg	who_chinese_national_influenza_center	who_chinese_national_influenza_center
B/Shandong-Zhangdian/1260/2024-egg	who_chinese_national_influenza_center	who_chinese_national_influenza_center
B/HongKong/199/2024	crick_worldwide_influenza_centre	government_virus_unit
B/Madagascar/2825/2024	crick_worldwide_influenza_centre	institut_pasteur_de_madagascar
B/Bangkok/P13/2025	thai_national_influenza_center	thai_national_influenza_center
B/ChiangRai/P1746/2024	thai_national_influenza_center	thai_national_influenza_center
B/Gyeonggi/560/2025	korea_disease_control_and_prevention_agency_(kdca)	korea_disease_control_and_prevention_agency_(kdca)
B/Ulsan/305/2025	korea_disease_control_and_prevention_agency_(kdca)	korea_disease_control_and_prevention_agency_(kdca)
B/Ulsan/307/2025	korea_disease_control_and_prevention_agency_(kdca)	korea_disease_control_and_prevention_agency_(kdca)
B/Victoria/44/2024-egg	who_collaborating_centre_for_reference_and_research_on_influenza	austin_health
B/Victoria/44/2024	who_collaborating_centre_for_reference_and_research_on_influenza	austin_health
B/Victoria/115/2024	who_collaborating_centre_for_reference_and_research_on_influenza	austin_health
B/Victoria/3/2025	who_collaborating_centre_for_reference_and_research_on_influenza	royal_chidrens_hospital
B/Hebei-Haigang/2211/2024	who_chinese_national_influenza_center	who_chinese_national_influenza_center
B/China/319/2024		linyi_maternal_and_child_healthcare_hospital,_laboratory_of_birth_defects
B/Guizhou-Douyun/1995/2023	who_chinese_national_influenza_center	who_chinese_national_influenza_center
B/Guangdong-Futian/11706/2024-egg	who_chinese_national_influenza_center	who_chinese_national_influenza_center
B/Gansu-Jinchuan/1113/2024-egg	who_chinese_national_influenza_center	who_chinese_national_influenza_center
B/Beijing-Haidian/1313/2024-egg	who_chinese_national_influenza_center	who_chinese_national_influenza_center
B/Neimenggu-Zizhierlianhaote/1103/2024	who_chinese_national_influenza_center	who_chinese_national_influenza_center
B/Chongqing-Yongchuan/1480/2024-egg	who_chinese_national_influenza_center	who_chinese_national_influenza_center
B/Guangdong-Futian/1520/2024	who_chinese_national_influenza_center	who_chinese_national_influenza_center
B/Hubei-Shishou/2323/2024-egg	who_chinese_national_influenza_center	who_chinese_national_influenza_center
B/Shanxi-Xinfu/2296/2024-egg	who_chinese_national_influenza_center	who_chinese_national_influenza_center
B/Shanxi-Xinfu/2296/2024	who_chinese_national_influenza_center	who_chinese_national_influenza_center
B/Ningxia-Huinong/1184/2024	who_chinese_national_influenza_center	who_chinese_national_influenza_center
B/HongKong/VB24089107/2024	hong_kong_department_of_health_,_public_health_laboratory_services_branch	hong_kong_department_of_health
B/Gansu-Jinchuan/1113/2024	who_chinese_national_influenza_center	who_chinese_national_influenza_center
B/Guangdong-Zhongshan/1875/2024-egg	who_chinese_national_influenza_center	who_chinese_national_influenza_center
B/Madagascar/94/2025	institut_pasteur_de_madagascar	institut_pasteur_de_madagascar
B/Madagascar/96/2025	institut_pasteur_de_madagascar	institut_pasteur_de_madagascar
B/Madagascar/148/2025	institut_pasteur_de_madagascar	institut_pasteur_de_madagascar
B/Madagascar/139/2025	institut_pasteur_de_madagascar	institut_pasteur_de_madagascar
B/Madagascar/82/2025	institut_pasteur_de_madagascar	institut_pasteur_de_madagascar
B/Madagascar/132/2025	institut_pasteur_de_madagascar	institut_pasteur_de_madagascar
B/Madagascar/140/2025	institut_pasteur_de_madagascar	institut_pasteur_de_madagascar
B/Madagascar/154/2025	institut_pasteur_de_madagascar	institut_pasteur_de_madagascar
B/Madagascar/134/2025	institut_pasteur_de_madagascar	institut_pasteur_de_madagascar
B/Madagascar/90/2025	institut_pasteur_de_madagascar	institut_pasteur_de_madagascar
B/Zhejiang-Wenling/2863/2024-egg	who_chinese_national_influenza_center	who_chinese_national_influenza_center
B/Sichuan-Longquanyi/32/2023	who_chinese_national_influenza_center	who_chinese_national_influenza_center
B/Anhui-Yingzhou/13529/2023	who_chinese_national_influenza_center	who_chinese_national_influenza_center
B/Guangdong-Sihui/2507/2023	who_chinese_national_influenza_center	who_chinese_national_influenza_center
B/Hunan-Kaifu/1284/2024-egg	who_chinese_national_influenza_center	who_chinese_national_influenza_center
B/Queensland/IN000946/2025	public_and_environmental_health_reference_laboratories_(pehrl)	qld,_sullivan_nicolaides_pathology
B/Guangdong-Yuncheng/11476/2023-egg	who_chinese_national_influenza_center	who_chinese_national_influenza_center
B/Guangdong-Dongwanbendi/1729/2023-egg	who_chinese_national_influenza_center	who_chinese_national_influenza_center
B/Hebei-Haigang/2211/2024-egg	who_chinese_national_influenza_center	who_chinese_national_influenza_center
B/Sichuan-Renshou/2370/2024-egg	who_chinese_national_influenza_center	who_chinese_national_influenza_center
B/Hubei-Duodao/1223/2024-egg	who_chinese_national_influenza_center	who_chinese_national_influenza_center
B/Hiroshima/66/2024	national_institute_of_infectious_diseases_(niid)	center_for_public_health_and_environment,_hiroshima_prefectural_technology_research_institute
B/Jeonbuk/3768/2024	korea_disease_control_and_prevention_agency_(kdca)	korea_disease_control_and_prevention_agency_(kdca)
B/Hubei-Huangshigang/299/2024	who_chinese_national_influenza_center	who_chinese_national_influenza_center
B/Tianjin-Jinnan/12/2024-egg	who_chinese_national_influenza_center	who_chinese_national_influenza_center
B/Guangxi-Beiliu/2368/2023	who_chinese_national_influenza_center	who_chinese_national_influenza_center
B/Liaoning-Huanggu/145/2024	who_chinese_national_influenza_center	who_chinese_national_influenza_center
B/Guangdong-Dongwanbendi/1859/2023	who_chinese_national_influenza_center	who_chinese_national_influenza_center
B/Henan-Beiguan/1941/2023-egg	who_chinese_national_influenza_center	who_chinese_national_influenza_center
B/Henan-Beiguan/1941/2023	who_chinese_national_influenza_center	who_chinese_national_influenza_center
B/Neimenggu-Zizhihaibowan/1369/2024-egg	who_chinese_national_influenza_center	who_chinese_national_influenza_center
B/Shanxi-Jiexiu/257/2024-egg	who_chinese_national_influenza_center	who_chinese_national_influenza_center
B/StPetersburg/RII-MH188895S/2024	who_national_influenza_centre_russian_federation	research_institute_of_influenza,_ministry_of_healthcare_of_the_russian_federation
B/StPetersburg/RII-MH188910S/2024	who_national_influenza_centre_russian_federation	research_institute_of_influenza,_ministry_of_healthcare_of_the_russian_federation
B/Henan-Chuanhui/1923/2023-egg	who_chinese_national_influenza_center	who_chinese_national_influenza_center
B/Henan-Chuanhui/1923/2023	who_chinese_national_influenza_center	who_chinese_national_influenza_center
B/Guangdong-Qingcheng/2209/2024-egg	who_chinese_national_influenza_center	who_chinese_national_influenza_center
B/Guangdong-Qingcheng/2209/2024	who_chinese_national_influenza_center	who_chinese_national_influenza_center
B/Victoria/41/2024	who_collaborating_centre_for_reference_and_research_on_influenza	royal_melbourne_hospital
B/Victoria/41/2024-egg	who_collaborating_centre_for_reference_and_research_on_influenza	royal_melbourne_hospital
B/Para/8017-IEC/2025	evandro_chagas_institute	evandro_chagas_institute
B/Para/8022-IEC/2025	evandro_chagas_institute	evandro_chagas_institute
B/Para/8020-IEC/2025	evandro_chagas_institute	evandro_chagas_institute
B/Para/8019-IEC/2025	evandro_chagas_institute	evandro_chagas_institute
B/Para/8002-IEC/2025	evandro_chagas_institute	evandro_chagas_institute
B/Guangdong-Zhongshan/1796/2023-egg	who_chinese_national_influenza_center	who_chinese_national_influenza_center
B/SouthAustralia/2/2024	who_collaborating_centre_for_reference_and_research_on_influenza	institute_of_medical_and_veterinary_science_(imvs)
B/Liaoning-Lianshan/184/2024-egg	who_chinese_national_influenza_center	who_chinese_national_influenza_center
B/Liaoning-Lianshan/184/2024	who_chinese_national_influenza_center	who_chinese_national_influenza_center
B/Brisbane/1/2025	who_collaborating_centre_for_reference_and_research_on_influenza	institute_of_medical_and_veterinary_science_(imvs)
B/NakhonPhanom/D117/2025	thai_national_influenza_center	thai_national_influenza_center
B/NakhonPhanom/F586/2025	thai_national_influenza_center	thai_national_influenza_center
B/Bangkok/P255/2025	thai_national_influenza_center	thai_national_influenza_center
B/Bangkok/P313/2025	thai_national_influenza_center	thai_national_influenza_center
B/Seoul/296/2025	korea_disease_control_and_prevention_agency_(kdca)	korea_disease_control_and_prevention_agency_(kdca)
B/NakhonPhanom/F310/2025	thai_national_influenza_center	thai_national_influenza_center
B/NakhonPhanom/F481/2025	thai_national_influenza_center	thai_national_influenza_center
B/NakhonPhanom/F721/2025	thai_national_influenza_center	thai_national_influenza_center
B/NakhonPhanom/F431/2025	thai_national_influenza_center	thai_national_influenza_center
B/NakhonPhanom/D76/2025	thai_national_influenza_center	thai_national_influenza_center
B/NakhonPhanom/F359/2025	thai_national_influenza_center	thai_national_influenza_center
B/NakhonPhanom/F478/2025	thai_national_influenza_center	thai_national_influenza_center
B/NakhonPhanom/F653/2025	thai_national_influenza_center	thai_national_influenza_center
B/NakhonPhanom/F543/2025	thai_national_influenza_center	thai_national_influenza_center
B/Sichuan-Dongqu/1303/2016-egg	who_chinese_national_influenza_center	who_chinese_national_influenza_center
B/Moscow/94/2016	crick_worldwide_influenza_centre	ivanovsky_research_institute_of_virology_rams
B/Bahrain/228/2016	centers_for_disease_control_and_prevention	ministry_of_health_bahrain
B/Singapore/INFGP-16-1101/2016-egg	who_collaborating_centre_for_reference_and_research_on_influenza	ministry_of_health,_singapore
B/Singapore/INFGP-16-1101/2016	ministry_of_health,_singapore	ministry_of_health,_singapore
B/Newcastle/4/2017	who_collaborating_centre_for_reference_and_research_on_influenza	john_hunter_hospital
B/Kanagawa/ZC1701/2017-egg		seasonal_vic
B/Kanagawa/ZC1701/2017	national_institute_of_infectious_diseases_(niid)	national_institute_of_infectious_diseases_(niid)
B/Brisbane/46/2017-egg	who_collaborating_centre_for_reference_and_research_on_influenza	queensland_health_scientific_services
B/Brisbane/46/2017	who_collaborating_centre_for_reference_and_research_on_influenza	queensland_health_scientific_services
B/Catalonia/NSVH100555576/2017	hospital_universitari_vall_d'hebron	hospital_universitari_vall_d'hebron
B/Singapore/KK0243/2017	ministry_of_health,_singapore	ministry_of_health,_singapore
B/Saitama/109/2016	national_institute_of_infectious_diseases_(niid)	saitama_institute_of_public_health
B/Shiga/2/2016	national_institute_of_infectious_diseases_(niid)	shiga_prefectural_institute_of_public_health
B/Heilongjiang-Xiangyang/1405/2016-egg	who_chinese_national_influenza_center	who_chinese_national_influenza_center
B/Shanghai-Jinshan/1236/2017	who_chinese_national_influenza_center	who_chinese_national_influenza_center
B/Zhejiang-Lucheng/1434/2017-egg	who_chinese_national_influenza_center	who_chinese_national_influenza_center
B/Liaoning-Mingshan/1345/2016-egg	who_chinese_national_influenza_center	who_chinese_national_influenza_center
B/Paris/1706/2016	institut_pasteur	
B/Congo/392/2017	centers_for_disease_control_and_prevention	inrb_service_de_virologie
B/England/61500295/2016	microbiology_services_colindale,_public_health_england	microbiology_services_colindale,_public_health_england
B/NewZealand/1475/2017	centers_for_disease_control_and_prevention	institute_of_environmental_science_&_research
B/Taiwan/697/2016	national_institute_of_infectious_diseases_(niid)	center_for_disease_control
B/Sichuan-Longquanyi/510/2017-egg	who_chinese_national_influenza_center	who_chinese_national_influenza_center
B/Kanagawa/IC1650/2017-egg		seasonal_vic
B/Kanagawa/IC1650/2017	national_institute_of_infectious_diseases_(niid)	national_institute_of_infectious_diseases_(niid)
B/Kanagawa/AC1639/2017	national_institute_of_infectious_diseases_(niid)	national_institute_of_infectious_diseases_(niid)
B/Kanagawa/AC1639/2017-egg		seasonal_vic
B/Tokyo/16959/2017	national_institute_of_infectious_diseases_(niid)	tokyo_metropolitan_institute_of_public_health
B/Kanagawa/IC1644/2017-egg		seasonal_vic
B/Kanagawa/IC1644/2017	national_institute_of_infectious_diseases_(niid)	national_institute_of_infectious_diseases_(niid)
B/Kanagawa/AC1635/2017-egg		seasonal_vic
B/Kanagawa/AC1635/2017	national_institute_of_infectious_diseases_(niid)	national_institute_of_infectious_diseases_(niid)
B/Kanagawa/IC1639/2017-egg		seasonal_vic
B/Kanagawa/IC1639/2017	national_institute_of_infectious_diseases_(niid)	national_institute_of_infectious_diseases_(niid)
B/Kanagawa/IC1637/2017-egg		seasonal_vic
B/Kanagawa/IC1637/2017	national_institute_of_infectious_diseases_(niid)	national_institute_of_infectious_diseases_(niid)
B/Kanagawa/AC1629/2017	national_institute_of_infectious_diseases_(niid)	national_institute_of_infectious_diseases_(niid)
B/Kanagawa/AC1629/2017-egg		seasonal_vic
B/Guangxi-Lingshan/359/2018	who_chinese_national_influenza_center	who_chinese_national_influenza_center
B/Irkutsk/5/2018	who_national_influenza_centre_russian_federation	center_for_hygiene_and_epidemiology_in_the_irkutsk_region_(rospotrebnadzor)
B/HongKong/269/2017-egg	centers_for_disease_control_and_prevention	government_virus_unit
B/HongKong/269/2017	centers_for_disease_control_and_prevention	government_virus_unit
B/HongKong/286/2017-egg	centers_for_disease_control_and_prevention	government_virus_unit
B/HongKong/286/2017	centers_for_disease_control_and_prevention	government_virus_unit
B/Perth/1036/2019	who_collaborating_centre_for_reference_and_research_on_influenza	institute_of_medical_and_veterinary_science_(imvs)
B/Louisiana/16/2019-egg	centers_for_disease_control_and_prevention	louisiana_department_of_health_and_hospitals
B/Louisiana/16/2019	centers_for_disease_control_and_prevention	louisiana_department_of_health_and_hospitals
B/SouthAuckland/18/2016	who_collaborating_centre_for_reference_and_research_on_influenza	institute_of_environmental_science_and_research
B/PaysDeLoire/2042/2016	institut_pasteur	
B/Fianarantsoa/2441/2017	centers_for_disease_control_and_prevention	institut_pasteur_de_madagascar
B/Maldives/1245/2017	centers_for_disease_control_and_prevention	ministry_of_health
B/Maldives/1291/2017	centers_for_disease_control_and_prevention	ministry_of_health
B/Florida/94/2016-egg	centers_for_disease_control_and_prevention	florida_department_of_health_tampa
B/Florida/94/2016	other_database_import	florida_department_of_health_tampa
B/Virginia/21/2016	centers_for_disease_control_and_prevention	university_of_virginia,_medical_labs/microbiology
B/BurkinaFaso/164/2017	centers_for_disease_control_and_prevention	irss
B/CoteDIvoire/76/2017	crick_worldwide_influenza_centre	pasteur_institut_of_côte_d'ivoire
B/CoteDIvoire/1238/2018	crick_worldwide_influenza_centre	pasteur_institut_of_côte_d'ivoire
B/Texas/43/2019-egg	centers_for_disease_control_and_prevention	texas_department_of_state_health_services_laboratory_services
B/Texas/43/2019	centers_for_disease_control_and_prevention	texas_department_of_state_health_services_laboratory_services
B/Qatar/13-VI-19-0063573/2019	crick_worldwide_influenza_centre	supreme_health_council
B/Nepal/20FL0829/2020	national_institute_of_infectious_diseases_(niid)	national_public_health_laboratory
B/Bangladesh/522/2020	centers_for_disease_control_and_prevention	institute_of_epidemiology_disease_control_and_research_(iedcr)_&_bangladesh_national_influenza_centre_(nic)
B/Bangladesh/524/2019	centers_for_disease_control_and_prevention	institute_of_epidemiology_disease_control_and_research_(iedcr)_&_bangladesh_national_influenza_centre_(nic)
B/Santiago/1228/2020	centers_for_disease_control_and_prevention	instituto_de_salud_publica_de_chile
B/Lisbon/36/2019	crick_worldwide_influenza_centre	instituto_nacional_de_saude_(insa)
B/Henan-Hubin/138/2020-egg	who_chinese_national_influenza_center	who_chinese_national_influenza_center
B/CoteDIvoire/948/2020-egg	who_collaborating_centre_for_reference_and_research_on_influenza	pasteur_institut_of_côte_d'ivoire
B/CoteDIvoire/948/2020	crick_worldwide_influenza_centre	pasteur_institut_of_côte_d'ivoire
B/Jiangxi-Linchuan/1197/2021-egg	who_chinese_national_influenza_center	who_chinese_national_influenza_center
B/Jiangxi-Yushui/378/2020	who_chinese_national_influenza_center	who_chinese_national_influenza_center
B/Jiangxi-Yushui/343/2020	who_chinese_national_influenza_center	who_chinese_national_influenza_center
B/Jiangsu-Qingjiangpu/194/2022-egg	who_chinese_national_influenza_center	who_chinese_national_influenza_center
B/Guangdong-Huicheng/131/2022	who_chinese_national_influenza_center	who_chinese_national_influenza_center
B/Jiangxi-Xihu/1218/2021-egg	who_chinese_national_influenza_center	who_chinese_national_influenza_center
B/Jiangxi-Xihu/1218/2021	who_chinese_national_influenza_center	who_chinese_national_influenza_center
B/Hubei-Chongyang/286/2021	who_chinese_national_influenza_center	who_chinese_national_influenza_center
B/Hubei-Chongyang/286/2021-egg	who_chinese_national_influenza_center	who_chinese_national_influenza_center
B/Hubei-Chongyang/215/2021-egg	who_chinese_national_influenza_center	who_chinese_national_influenza_center
B/Jiangxi-Donghu/12100/2020	who_chinese_national_influenza_center	who_chinese_national_influenza_center
B/Hubei-Xianan/545/2021	who_chinese_national_influenza_center	who_chinese_national_influenza_center
B/Hubei-Xianan/545/2021-egg	who_chinese_national_influenza_center	who_chinese_national_influenza_center
B/Fujian-Yanping/11232/2021-egg	who_chinese_national_influenza_center	who_chinese_national_influenza_center
B/Hunan-Tianyuan/386/2021-egg	who_chinese_national_influenza_center	who_chinese_national_influenza_center
B/Jiangsu-Sucheng/72/2022-egg	who_chinese_national_influenza_center	who_chinese_national_influenza_center
B/Shanghai-Changning/1249/2021-egg	who_chinese_national_influenza_center	who_chinese_national_influenza_center
B/Sichuan-Gaoxin/1591/2021	who_chinese_national_influenza_center	who_chinese_national_influenza_center
B/Sichuan-Gaoxin/1591/2021-egg	who_chinese_national_influenza_center	who_chinese_national_influenza_center
B/Chongqing-Qianjiang/1568/2021	who_chinese_national_influenza_center	who_chinese_national_influenza_center
B/Gansu-Linxia/1558/2021-egg	who_chinese_national_influenza_center	who_chinese_national_influenza_center
B/Jiangxi-Zhanggong/1346/2021	who_chinese_national_influenza_center	who_chinese_national_influenza_center
B/Zhejiang-Haishu/11380/2021	who_chinese_national_influenza_center	who_chinese_national_influenza_center
B/Shandong-Ningjin/31/2021-egg	who_chinese_national_influenza_center	who_chinese_national_influenza_center
B/Jiangxi-Zhushan/1161/2021-egg	who_chinese_national_influenza_center	who_chinese_national_influenza_center
B/Jiangxi-Zhushan/1161/2021	who_chinese_national_influenza_center	who_chinese_national_influenza_center
B/Hunan-Yuhua/1404/2021-egg	who_chinese_national_influenza_center	who_chinese_national_influenza_center
B/Zhejiang-Nanhu/1184/2021-egg	who_chinese_national_influenza_center	who_chinese_national_influenza_center
B/Zhejiang-Nanhu/1184/2021	who_chinese_national_influenza_center	who_chinese_national_influenza_center
B/Jiangxi-Zhushan/1104/2021-egg	who_chinese_national_influenza_center	who_chinese_national_influenza_center
B/Jiangxi-Xinzhou/1186/2021-egg	who_chinese_national_influenza_center	who_chinese_national_influenza_center
B/Jiangxi-Xinzhou/1186/2021	who_chinese_national_influenza_center	who_chinese_national_influenza_center
B/Jiangxi-Yushui/379/2020	who_chinese_national_influenza_center	who_chinese_national_influenza_center
B/Jiangxi-Yushui/11104/2020	who_chinese_national_influenza_center	who_chinese_national_influenza_center
B/Fujian-Jianou/324/2021-egg	who_chinese_national_influenza_center	who_chinese_national_influenza_center
B/Shandong-Ningjin/32/2021-egg	who_chinese_national_influenza_center	who_chinese_national_influenza_center
B/Shandong-Ningjin/310/2021-egg	who_chinese_national_influenza_center	who_chinese_national_influenza_center
B/Fujian-Sanyuan/2541/2021-egg	who_chinese_national_influenza_center	who_chinese_national_influenza_center
B/Fujian-Sanyuan/2541/2021	who_chinese_national_influenza_center	who_chinese_national_influenza_center
B/Guangdong-Duanzhou/149/2022-egg	who_chinese_national_influenza_center	who_chinese_national_influenza_center
B/Guangdong-Maonan/316/2021-egg		seasonal_vic
B/Hebei-Hanshan/1463/2023-egg	who_chinese_national_influenza_center	who_chinese_national_influenza_center
B/Fujian-Jianou/324/2021	who_chinese_national_influenza_center	who_chinese_national_influenza_center
B/Shandong-Ningjin/33/2021-egg	who_chinese_national_influenza_center	who_chinese_national_influenza_center
B/Shandong-Ningjin/33/2021	who_chinese_national_influenza_center	who_chinese_national_influenza_center
B/Shandong-Ningjin/32/2021	who_chinese_national_influenza_center	who_chinese_national_influenza_center
B/Guangdong-Futian/1748/2021-egg	who_chinese_national_influenza_center	who_chinese_national_influenza_center
B/Guangxi-Xixiangtang/141/2022-egg	who_chinese_national_influenza_center	who_chinese_national_influenza_center
B/Guangxi-Xixiangtang/141/2022	who_chinese_national_influenza_center	who_chinese_national_influenza_center
B/Guangxi-Xixiangtang/351/2021-egg	who_chinese_national_influenza_center	who_chinese_national_influenza_center
B/Guangxi-Xixiangtang/351/2021	who_chinese_national_influenza_center	who_chinese_national_influenza_center
B/Shandong-Ningjin/310/2021	who_chinese_national_influenza_center	who_chinese_national_influenza_center
B/Guangdong-Maonan/316/2021	who_chinese_national_influenza_center	who_chinese_national_influenza_center
B/Hebei-Hanshan/12084/2021	who_chinese_national_influenza_center	who_chinese_national_influenza_center
B/Shandong-Ningjin/31/2021	who_chinese_national_influenza_center	who_chinese_national_influenza_center
B/Jiangsu-Liyang/315/2021-egg	who_chinese_national_influenza_center	who_chinese_national_influenza_center
B/Jiangxi-Guixi/138/2021	who_chinese_national_influenza_center	who_chinese_national_influenza_center
B/Jiangxi-Donghu/1751/2021-egg	who_chinese_national_influenza_center	who_chinese_national_influenza_center
B/Jiangxi-Donghu/1751/2021	who_chinese_national_influenza_center	who_chinese_national_influenza_center
B/HubeiWujiagang/1299/2021	who_chinese_national_influenza_center	who_chinese_national_influenza_center
B/HubeiWujiagang/1299/2021-egg	who_chinese_national_influenza_center	who_chinese_national_influenza_center
B/Neimenggu-Dongsheng/1558/2021-egg	who_chinese_national_influenza_center	who_chinese_national_influenza_center
B/Xinjiang-Kashi/1172/2023	who_chinese_national_influenza_center	who_chinese_national_influenza_center
B/HubeiWujiagang/1411/2021-egg	who_chinese_national_influenza_center	who_chinese_national_influenza_center
B/HubeiWujiagang/1411/2021	who_chinese_national_influenza_center	who_chinese_national_influenza_center
B/HubeiWujiagang/1375/2021-egg	who_chinese_national_influenza_center	who_chinese_national_influenza_center
B/HubeiWujiagang/1375/2021	who_chinese_national_influenza_center	who_chinese_national_influenza_center
B/HubeiWujiagang/185/2021-egg	who_chinese_national_influenza_center	who_chinese_national_influenza_center
B/Hubei-Qiaokou/223/2021	who_chinese_national_influenza_center	who_chinese_national_influenza_center
B/HubeiWujiagang/185/2021	who_chinese_national_influenza_center	who_chinese_national_influenza_center
B/Hubei-Qiaokou/223/2021-egg	who_chinese_national_influenza_center	who_chinese_national_influenza_center
B/Guangdong-Pengjiang/1903/2021-egg	who_chinese_national_influenza_center	who_chinese_national_influenza_center
B/Guangdong-Chikan/1877/2021-egg	centers_for_disease_control_and_prevention	who_chinese_national_influenza_center
B/Guangdong-Chikan/1877/2021	centers_for_disease_control_and_prevention	who_chinese_national_influenza_center
B/Henan-Jiefang/1312/2021	who_chinese_national_influenza_center	who_chinese_national_influenza_center
B/Henan-Shanyang/311/2021-egg	who_chinese_national_influenza_center	who_chinese_national_influenza_center
B/Henan-Shanyang/37/2021	who_chinese_national_influenza_center	who_chinese_national_influenza_center
B/Henan-Shanyang/37/2021-egg	who_chinese_national_influenza_center	who_chinese_national_influenza_center
B/Henan-Shanyang/311/2021	who_chinese_national_influenza_center	who_chinese_national_influenza_center
B/Hunan-Yuhua/1170/2021	who_chinese_national_influenza_center	who_chinese_national_influenza_center
B/Hunan-Yuhua/1170/2021-egg	who_chinese_national_influenza_center	who_chinese_national_influenza_center
B/Guangdong-Zhenjiang/1193/2021-egg	who_chinese_national_influenza_center	who_chinese_national_influenza_center
B/Ningxia-Shapotou/1200/2021	who_chinese_national_influenza_center	who_chinese_national_influenza_center
B/Ningxia-Shapotou/1200/2021-egg	who_chinese_national_influenza_center	who_chinese_national_influenza_center
B/Guangdong-Zhenjiang/1173/2021	who_chinese_national_influenza_center	who_chinese_national_influenza_center
B/Ningxia-Shapotou/1174/2021-egg	who_chinese_national_influenza_center	who_chinese_national_influenza_center
B/Hunan-Yuhua/1334/2021-egg	who_chinese_national_influenza_center	who_chinese_national_influenza_center
B/Hunan-Yuhua/1334/2021	who_chinese_national_influenza_center	who_chinese_national_influenza_center
B/Ningxia-Shapotou/1226/2021-egg	who_chinese_national_influenza_center	who_chinese_national_influenza_center
B/Shandong-Huaiyin/19/2022-egg	who_chinese_national_influenza_center	who_chinese_national_influenza_center
B/Shandong-Kuiwen/361/2021-egg	who_chinese_national_influenza_center	who_chinese_national_influenza_center
B/Shandong-Kuiwen/361/2021	who_chinese_national_influenza_center	who_chinese_national_influenza_center
B/Sichuan-Jingyang/1119/2022-egg	who_chinese_national_influenza_center	who_chinese_national_influenza_center
B/Neimenggu-Xincheng/1358/2021-egg	who_chinese_national_influenza_center	who_chinese_national_influenza_center
B/Neimenggu-Dongsheng/1276/2021-egg	who_chinese_national_influenza_center	who_chinese_national_influenza_center
B/Neimenggu-Dongsheng/1233/2021-egg	who_chinese_national_influenza_center	who_chinese_national_influenza_center
B/Neimenggu-Dongsheng/1233/2021	who_chinese_national_influenza_center	who_chinese_national_influenza_center
B/Neimenggu-Xincheng/1370/2021	who_chinese_national_influenza_center	who_chinese_national_influenza_center
B/Neimenggu-Xincheng/1370/2021-egg	who_chinese_national_influenza_center	who_chinese_national_influenza_center
B/Hunan-Kaifu/162/2021-egg	who_chinese_national_influenza_center	who_chinese_national_influenza_center
B/Hunan-Kaifu/162/2021	who_chinese_national_influenza_center	who_chinese_national_influenza_center
B/Guangxi-Jiangzhou/110/2022	who_chinese_national_influenza_center	who_chinese_national_influenza_center
B/Jiangxi-Yuanzhou/12053/2020	who_chinese_national_influenza_center	who_chinese_national_influenza_center
B/Henan-Luolong/187/2021-egg	who_chinese_national_influenza_center	who_chinese_national_influenza_center
B/Hunan-Tianyuan/338/2021-egg	who_chinese_national_influenza_center	who_chinese_national_influenza_center
B/Hunan-Yuhua/194/2021	who_chinese_national_influenza_center	who_chinese_national_influenza_center
B/Jiangxi-Yuanzhou/12191/2020	who_chinese_national_influenza_center	who_chinese_national_influenza_center
B/Neimenggu-Donghe/1394/2021-egg	who_chinese_national_influenza_center	who_chinese_national_influenza_center
B/Neimenggu-Donghe/1394/2021	who_chinese_national_influenza_center	who_chinese_national_influenza_center
B/Hunan-Yanfeng/1309/2021-egg	who_chinese_national_influenza_center	who_chinese_national_influenza_center
B/Hunan-Yanfeng/1309/2021	who_chinese_national_influenza_center	who_chinese_national_influenza_center
B/Hainan-Wenchang/11200/2021-egg	who_chinese_national_influenza_center	who_chinese_national_influenza_center
B/Sichuan-Shunqing/1946/2021-egg	who_chinese_national_influenza_center	who_chinese_national_influenza_center
B/Hubei-Xianan/31/2021-egg	who_chinese_national_influenza_center	who_chinese_national_influenza_center
B/Shandong-Tianqiao/179/2021-egg	who_chinese_national_influenza_center	who_chinese_national_influenza_center
B/Guangdong-Chancheng/1180/2022-egg	who_chinese_national_influenza_center	who_chinese_national_influenza_center
B/Yunnan-Anning/1239/2022-egg	who_chinese_national_influenza_center	who_chinese_national_influenza_center
B/Jiangxi-Yushui/370/2020	who_chinese_national_influenza_center	who_chinese_national_influenza_center
B/Henan-Zhongyuan/1291/2021-egg	who_chinese_national_influenza_center	who_chinese_national_influenza_center
B/Henan-Zhongyuan/1291/2021	who_chinese_national_influenza_center	who_chinese_national_influenza_center
B/Hubei-Qiaokou/113/2021	who_chinese_national_influenza_center	who_chinese_national_influenza_center
B/Hubei-Qiaokou/21/2021-egg	who_chinese_national_influenza_center	who_chinese_national_influenza_center
B/Hubei-Qiaokou/113/2021-egg	who_chinese_national_influenza_center	who_chinese_national_influenza_center
B/Hubei-Qiaokou/124/2021-egg	who_chinese_national_influenza_center	who_chinese_national_influenza_center
B/Hubei-Qiaokou/124/2021	who_chinese_national_influenza_center	who_chinese_national_influenza_center
B/Hubei-Qiaokou/21/2021	who_chinese_national_influenza_center	who_chinese_national_influenza_center
B/Hubei-Xianan/180/2021-egg	who_chinese_national_influenza_center	who_chinese_national_influenza_center
B/Zhejiang-Yongkang/1370/2021	who_chinese_national_influenza_center	who_chinese_national_influenza_center
B/Sichuan-Fucheng/1868/2021-egg	who_chinese_national_influenza_center	who_chinese_national_influenza_center
B/Neimenggu-Donghe/1323/2021-egg	who_chinese_national_influenza_center	who_chinese_national_influenza_center
B/Neimenggu-Donghe/1330/2021-egg	who_chinese_national_influenza_center	who_chinese_national_influenza_center
B/Hunan-Kaifu/126/2021-egg	who_chinese_national_influenza_center	who_chinese_national_influenza_center
B/Hunan-Kaifu/126/2021	who_chinese_national_influenza_center	who_chinese_national_influenza_center
B/Sichuan-Gaoxin/1667/2021-egg	who_chinese_national_influenza_center	who_chinese_national_influenza_center
B/Qinghai-Yushu/194/2021-egg	who_chinese_national_influenza_center	who_chinese_national_influenza_center
B/Sichuan-Gaoxin/1701/2021-egg	who_chinese_national_influenza_center	who_chinese_national_influenza_center
B/Sichuan-Gaoxin/1701/2021	who_chinese_national_influenza_center	who_chinese_national_influenza_center
B/Jiangxi-Xihu/1356/2021-egg	who_chinese_national_influenza_center	who_chinese_national_influenza_center
B/Shandong-Linshu/312/2021-egg	who_chinese_national_influenza_center	who_chinese_national_influenza_center
B/Shandong-Linshu/312/2021	who_chinese_national_influenza_center	who_chinese_national_influenza_center
B/Hubei-Xianan/1346/2021-egg	who_chinese_national_influenza_center	who_chinese_national_influenza_center
B/Hubei-Jiangan/1224/2021-egg	who_chinese_national_influenza_center	who_chinese_national_influenza_center
B/Hubei-Jiangan/1224/2021	who_chinese_national_influenza_center	who_chinese_national_influenza_center
B/Hubei-Xianan/1164/2021	who_chinese_national_influenza_center	who_chinese_national_influenza_center
B/Hubei-Xianan/1164/2021-egg	who_chinese_national_influenza_center	who_chinese_national_influenza_center
B/Jiangsu-Xuzhougulou/1142/2022-egg	who_chinese_national_influenza_center	who_chinese_national_influenza_center
B/Hubei-Maojian/11690/2021	who_chinese_national_influenza_center	who_chinese_national_influenza_center
B/Sichuan-Shunqing/1169/2022	who_chinese_national_influenza_center	who_chinese_national_influenza_center
B/Hainan-Xiuying/1893/2021-egg	who_chinese_national_influenza_center	who_chinese_national_influenza_center
B/Hainan-Xiuying/1990/2021	who_chinese_national_influenza_center	who_chinese_national_influenza_center
B/Sichuan-Fucheng/1868/2021	who_chinese_national_influenza_center	who_chinese_national_influenza_center
B/Sichuan-Gaoxin/1534/2021-egg	who_chinese_national_influenza_center	who_chinese_national_influenza_center
B/Hubei-Xianan/31/2021	who_chinese_national_influenza_center	who_chinese_national_influenza_center
B/Hubei-Xianan/1346/2021	who_chinese_national_influenza_center	who_chinese_national_influenza_center
B/Sichuan-Qingyang/11361/2021-egg	who_chinese_national_influenza_center	who_chinese_national_influenza_center
B/Sichuan-Qingyang/11361/2021	who_chinese_national_influenza_center	who_chinese_national_influenza_center
B/Guangdong-Zhongshan/1225/2021-egg	who_chinese_national_influenza_center	who_chinese_national_influenza_center
B/Henan-Ruyang/1520/2021-egg	who_chinese_national_influenza_center	who_chinese_national_influenza_center
B/Hubei-Huangshigang/1974/2021-egg	who_chinese_national_influenza_center	who_chinese_national_influenza_center
B/Hubei-Qiaokou/1334/2021-egg	who_chinese_national_influenza_center	who_chinese_national_influenza_center
B/Hubei-Qiaokou/1334/2021	who_chinese_national_influenza_center	who_chinese_national_influenza_center
B/Hubei-Liangzihu/32/2021	who_chinese_national_influenza_center	who_chinese_national_influenza_center
B/Hubei-Liangzihu/32/2021-egg	who_chinese_national_influenza_center	who_chinese_national_influenza_center
B/Hubei-Echeng/1322/2021-egg	who_chinese_national_influenza_center	who_chinese_national_influenza_center
B/Hubei-Echeng/1322/2021	who_chinese_national_influenza_center	who_chinese_national_influenza_center
B/Henan-Beiguan/193/2022-egg	who_chinese_national_influenza_center	who_chinese_national_influenza_center
B/Henan-Jinshui/1318/2021-egg	who_chinese_national_influenza_center	who_chinese_national_influenza_center
B/Henan-Jinshui/1318/2021	who_chinese_national_influenza_center	who_chinese_national_influenza_center
B/Beijing-Chaoyang/164/2022-egg	who_chinese_national_influenza_center	who_chinese_national_influenza_center
B/Hebei-Cixian/1108/2022-egg	who_chinese_national_influenza_center	who_chinese_national_influenza_center
B/Henan-Weidong/1952/2023-egg	centers_for_disease_control_and_prevention	who_chinese_national_influenza_center
B/Henan-Weidong/1952/2023	who_chinese_national_influenza_center	who_chinese_national_influenza_center
B/Shandong-Bincheng/1830/2021-egg	who_chinese_national_influenza_center	who_chinese_national_influenza_center
B/Beijing-Chaoyang/1540/2022-egg	who_chinese_national_influenza_center	who_chinese_national_influenza_center
B/Beijing-Chaoyang/1540/2022	who_chinese_national_influenza_center	who_chinese_national_influenza_center
B/Liaoning-Huanggu/1276/2022-egg	who_chinese_national_influenza_center	who_chinese_national_influenza_center
B/Liaoning-Shuncheng/196/2022-egg	who_chinese_national_influenza_center	who_chinese_national_influenza_center
B/Liaoning-Shuncheng/196/2022	who_chinese_national_influenza_center	who_chinese_national_influenza_center
B/Shandong-Boshan/1114/2022-egg	who_chinese_national_influenza_center	who_chinese_national_influenza_center
B/Shandong-Boshan/1114/2022	who_chinese_national_influenza_center	who_chinese_national_influenza_center
B/Jiangxi-Yuanzhou/12059/2020	who_chinese_national_influenza_center	who_chinese_national_influenza_center
B/Guangdong-Dongwanbendi/545/2021-egg	who_chinese_national_influenza_center	who_chinese_national_influenza_center
B/Guangdong-Dongwanbendi/545/2021	who_chinese_national_influenza_center	who_chinese_national_influenza_center
B/Guangdong/1/2021		sun_yat_sen_university_of_medical_sciences
B/Henan-Luolong/1122/2021	who_chinese_national_influenza_center	who_chinese_national_influenza_center
B/Hunan-Kaifu/1433/2021-egg	who_chinese_national_influenza_center	who_chinese_national_influenza_center
B/Hunan-Kaifu/1433/2021	who_chinese_national_influenza_center	who_chinese_national_influenza_center
B/Hubei-Jiangan/1403/2021-egg	who_chinese_national_influenza_center	who_chinese_national_influenza_center
B/Hubei-Jiangan/1403/2021	who_chinese_national_influenza_center	who_chinese_national_influenza_center
B/Hunan-Zhengxiang/322/2021	who_chinese_national_influenza_center	who_chinese_national_influenza_center
B/Hunan-Zhengxiang/322/2021-egg	who_chinese_national_influenza_center	who_chinese_national_influenza_center
B/Hunan-Tianyuan/348/2021-egg	who_chinese_national_influenza_center	who_chinese_national_influenza_center
B/Fujian-Zhangpu/318/2021-egg	who_chinese_national_influenza_center	who_chinese_national_influenza_center
B/Fujian-Zhangpu/318/2021	who_chinese_national_influenza_center	who_chinese_national_influenza_center
B/Fujian-Zhangpu/34/2021-egg	who_chinese_national_influenza_center	who_chinese_national_influenza_center
B/Fujian-Zhangpu/34/2021	who_chinese_national_influenza_center	who_chinese_national_influenza_center
B/Henan-Luolong/169/2021-egg	who_chinese_national_influenza_center	who_chinese_national_influenza_center
B/Henan-Luolong/174/2021-egg	who_chinese_national_influenza_center	who_chinese_national_influenza_center
B/Hunan-Yuhua/194/2021-egg	who_chinese_national_influenza_center	who_chinese_national_influenza_center
B/Henan-Luolong/1122/2021-egg	who_chinese_national_influenza_center	who_chinese_national_influenza_center
B/Hunan-Tianyuan/1345/2021-egg	who_chinese_national_influenza_center	who_chinese_national_influenza_center
B/Guizhou-Huichuan/1251/2021	who_chinese_national_influenza_center	who_chinese_national_influenza_center
B/Guizhou-Douyun/1104/2021-egg	who_chinese_national_influenza_center	who_chinese_national_influenza_center
B/Guizhou-Huichuan/125/2021-egg	who_chinese_national_influenza_center	who_chinese_national_influenza_center
B/Henan-Jinshui/16/2021	who_chinese_national_influenza_center	who_chinese_national_influenza_center
B/Guizhou-Kaili/345/2020-egg	who_chinese_national_influenza_center	who_chinese_national_influenza_center
B/Guizhou-Huichuan/11042/2020	who_chinese_national_influenza_center	who_chinese_national_influenza_center
B/Guizhou-Huichuan/125/2021	who_chinese_national_influenza_center	who_chinese_national_influenza_center
B/Guizhou-Douyun/11113/2020-egg	who_chinese_national_influenza_center	who_chinese_national_influenza_center
B/Guizhou-Kaili/11089/2020	who_chinese_national_influenza_center	who_chinese_national_influenza_center
B/Guizhou-Kaili/11077/2020-egg	who_chinese_national_influenza_center	who_chinese_national_influenza_center
B/Guizhou-Kaili/11104/2020-egg	who_chinese_national_influenza_center	who_chinese_national_influenza_center
B/Guizhou-Huichuan/1158/2021	who_chinese_national_influenza_center	who_chinese_national_influenza_center
B/Guizhou-Huichuan/1175/2021	who_chinese_national_influenza_center	who_chinese_national_influenza_center
B/Guizhou-Huichuan/1175/2021-egg	who_chinese_national_influenza_center	who_chinese_national_influenza_center
B/Guizhou-Kaili/13/2021-egg	who_chinese_national_influenza_center	who_chinese_national_influenza_center
B/Guizhou-Douyun/120/2021	who_chinese_national_influenza_center	who_chinese_national_influenza_center
B/Sichuan-Qingyang/1885/2021	who_chinese_national_influenza_center	who_chinese_national_influenza_center
B/Guizhou-Douyun/16/2021-egg	who_chinese_national_influenza_center	who_chinese_national_influenza_center
B/Guizhou-Douyun/16/2021	who_chinese_national_influenza_center	who_chinese_national_influenza_center
B/Guizhou-Douyun/112/2021-egg	who_chinese_national_influenza_center	who_chinese_national_influenza_center
B/Guizhou-Douyun/112/2021	who_chinese_national_influenza_center	who_chinese_national_influenza_center
B/Guizhou-Kaili/347/2020-egg	who_chinese_national_influenza_center	who_chinese_national_influenza_center
B/Guizhou-Kaili/344/2020-egg	who_chinese_national_influenza_center	who_chinese_national_influenza_center
B/Guizhou-Kaili/348/2020-egg	who_chinese_national_influenza_center	who_chinese_national_influenza_center
B/Guizhou-Kaili/346/2020-egg	who_chinese_national_influenza_center	who_chinese_national_influenza_center
B/Guizhou-Majiang/31/2020	who_chinese_national_influenza_center	who_chinese_national_influenza_center
B/Guizhou-Douyun/142/2021-egg	who_chinese_national_influenza_center	who_chinese_national_influenza_center
B/Guizhou-Douyun/17/2021	who_chinese_national_influenza_center	who_chinese_national_influenza_center
B/Guizhou-Douyun/141/2021-egg	who_chinese_national_influenza_center	who_chinese_national_influenza_center
B/Guizhou-Douyun/11113/2020	who_chinese_national_influenza_center	who_chinese_national_influenza_center
B/Guangxi-Hengxian/315/2020	who_chinese_national_influenza_center	who_chinese_national_influenza_center
B/Guizhou-Douyun/11092/2020-egg	who_chinese_national_influenza_center	who_chinese_national_influenza_center
B/Guizhou-Kaili/17/2021-egg	who_chinese_national_influenza_center	who_chinese_national_influenza_center
B/Guizhou-Kaili/11098/2020-egg	who_chinese_national_influenza_center	who_chinese_national_influenza_center
B/Guizhou-Kaili/1212/2021	who_chinese_national_influenza_center	who_chinese_national_influenza_center
B/Hunan-Lusong/1232/2021-egg	who_chinese_national_influenza_center	who_chinese_national_influenza_center
B/Hunan-Lusong/1232/2021	who_chinese_national_influenza_center	who_chinese_national_influenza_center
B/Zhejiang-Yuecheng/1279/2021-egg	who_chinese_national_influenza_center	who_chinese_national_influenza_center
B/Guizhou-Kaili/11102/2020-egg	who_chinese_national_influenza_center	who_chinese_national_influenza_center
B/Guizhou-Kaili/11085/2020-egg	who_chinese_national_influenza_center	who_chinese_national_influenza_center
B/Guizhou-Kaili/11071/2020-egg	who_chinese_national_influenza_center	who_chinese_national_influenza_center
B/Guizhou-Kaili/11090/2020-egg	who_chinese_national_influenza_center	who_chinese_national_influenza_center
B/Guizhou-Douyun/317/2020-egg	who_chinese_national_influenza_center	who_chinese_national_influenza_center
B/Guizhou-Douyun/138/2021	who_chinese_national_influenza_center	who_chinese_national_influenza_center
B/Guizhou-Douyun/138/2021-egg	who_chinese_national_influenza_center	who_chinese_national_influenza_center
B/Guizhou-Douyun/120/2021-egg	who_chinese_national_influenza_center	who_chinese_national_influenza_center
B/Guizhou-Douyun/110/2021-egg	who_chinese_national_influenza_center	who_chinese_national_influenza_center
B/Sichuan-Qingyang/1885/2021-egg	who_chinese_national_influenza_center	who_chinese_national_influenza_center
B/Guangdong-Yuncheng/1502/2021-egg	who_chinese_national_influenza_center	who_chinese_national_influenza_center
B/Guizhou-Kaili/11089/2020-egg	who_chinese_national_influenza_center	who_chinese_national_influenza_center
B/Guizhou-Douyun/318/2020-egg	who_chinese_national_influenza_center	who_chinese_national_influenza_center
B/Guizhou-Douyun/11092/2020	who_chinese_national_influenza_center	who_chinese_national_influenza_center
B/Guizhou-Kaili/11069/2020-egg	who_chinese_national_influenza_center	who_chinese_national_influenza_center
B/Guizhou-Kaili/11079/2020-egg	who_chinese_national_influenza_center	who_chinese_national_influenza_center
B/Guizhou-Huichuan/1158/2021-egg	who_chinese_national_influenza_center	who_chinese_national_influenza_center
B/Guizhou-Huichuan/1251/2021-egg	who_chinese_national_influenza_center	who_chinese_national_influenza_center
B/Guizhou-Douyun/18/2021	who_chinese_national_influenza_center	who_chinese_national_influenza_center
B/Guizhou-Douyun/137/2021-egg	who_chinese_national_influenza_center	who_chinese_national_influenza_center
B/Guizhou-Douyun/18/2021-egg	who_chinese_national_influenza_center	who_chinese_national_influenza_center
B/Guizhou-Douyun/17/2021-egg	who_chinese_national_influenza_center	who_chinese_national_influenza_center
B/Hubei-Xiling/1280/2021-egg	who_chinese_national_influenza_center	who_chinese_national_influenza_center
B/Hubei-Xiling/1280/2021	who_chinese_national_influenza_center	who_chinese_national_influenza_center
B/Guizhou-Douyun/198/2021-egg	who_chinese_national_influenza_center	who_chinese_national_influenza_center
B/CoteDIvoire/1862/2019	centers_for_disease_control_and_prevention	pasteur_institut_of_côte_d'ivoire
B/CoteDIvoire/1920/2019	centers_for_disease_control_and_prevention	pasteur_institut_of_côte_d'ivoire
B/Riyadh/14/2021		king_saud_university
B/Nigeria/3624/2018	centers_for_disease_control_and_prevention	national_influenza_reference_laboratory
B/Sweden/18/2020	public_health_agency_of_sweden	public_health_agency_of_sweden
B/Eskilstuna/3/2020-egg	crick_worldwide_influenza_centre	unilabs_mikrobiologi/laboratoriemedicin,_mälarsjukhuset_
B/Slovenia/1584/2020-egg	centers_for_disease_control_and_prevention	laboratory_for_virology,_national_institute_of_public_health
B/Slovenia/1584/2020	centers_for_disease_control_and_prevention	laboratory_for_virology,_national_institute_of_public_health
B/Bekaa/BH_140_N/2020	cnr_virus_des_infections_respiratoires___france_sud	center_for_infectious_diseases_research_
B/Bekaa/BH_121_N/2019	cnr_virus_des_infections_respiratoires___france_sud	center_for_infectious_diseases_research_
B/Beirut/MG_143_N/2019	cnr_virus_des_infections_respiratoires___france_sud	center_for_infectious_diseases_research_
B/Beirut/AUB_1354_N/2020	cnr_virus_des_infections_respiratoires___france_sud	center_for_infectious_diseases_research_
B/Victoria/15/2020-egg	who_collaborating_centre_for_reference_and_research_on_influenza	alfred_hospital
B/Victoria/15/2020	who_collaborating_centre_for_reference_and_research_on_influenza	alfred_hospital
B/Fes/98/2019	crick_worldwide_influenza_centre	institut_national_d'hygi&egrave;ne
B/Milan/62/2020	crick_worldwide_influenza_centre	istituto_superiore_di_sanità_
B/Fes/121/2019	crick_worldwide_influenza_centre	institut_national_d'hygi&egrave;ne
B/Eskilstuna/3/2020	crick_worldwide_influenza_centre	unilabs_mikrobiologi/laboratoriemedicin,_mälarsjukhuset_
B/Luxembourg/LNS9258891/2020	laboratoire_national_de_sant?	laboratoire_national_de_santé_
B/Martinique/86/2020-egg	centers_for_disease_control_and_prevention	national_influenza_center_french_guiana_and_french_indies
B/Martinique/86/2020	centers_for_disease_control_and_prevention	national_influenza_center_french_guiana_and_french_indies
B/Niger/6387/2019	centers_for_disease_control_and_prevention	centre_de_recherche_medicale_et_sanitaire_(cermes)
B/Macedonia/421/2020	centers_for_disease_control_and_prevention	institute_of_public_health_(macedonia)
B/Macedonia/421/2020-egg	centers_for_disease_control_and_prevention	institute_of_public_health_(macedonia)
B/Sergipe/13457/2020	centers_for_disease_control_and_prevention	instituto_oswaldo_cruz_fiocruz___laboratory_of_respiratory_viruses_and_measles_(lvrs)
B/Brazil/8962/2020	centers_for_disease_control_and_prevention	instituto_adolfo_lutz
B/Brazil/76/2020	centers_for_disease_control_and_prevention	instituto_adolfo_lutz
B/Brazil/4567/2020	centers_for_disease_control_and_prevention	instituto_adolfo_lutz
B/Beirut/330/2020	crick_worldwide_influenza_centre	rafic_hariri_university_hospital_4th_floor_dna/research_lab
B/Bekaa/BH_133_N/2019	cnr_virus_des_infections_respiratoires___france_sud	center_for_infectious_diseases_research_
B/Bekaa/BH_128_N/2019	cnr_virus_des_infections_respiratoires___france_sud	center_for_infectious_diseases_research_
B/Lebanon/16/2020-egg	centers_for_disease_control_and_prevention	rafic_hariri_university_hospital_4th_floor_dna/research_lab
B/Lebanon/16/2020	centers_for_disease_control_and_prevention	rafic_hariri_university_hospital_4th_floor_dna/research_lab
B/Bekaa/BH_148_N/2020	cnr_virus_des_infections_respiratoires___france_sud	center_for_infectious_diseases_research_
B/Guyane/310/2020-egg	centers_for_disease_control_and_prevention	national_influenza_center_french_guiana_and_french_indies
B/Guyane/310/2020	centers_for_disease_control_and_prevention	national_influenza_center_french_guiana_and_french_indies
B/Oregon/11/2020-egg	centers_for_disease_control_and_prevention	oregon_public_health_laboratory
B/Oregon/11/2020	centers_for_disease_control_and_prevention	oregon_public_health_laboratory
B/Stockholm/10/2020	centers_for_disease_control_and_prevention	klinisk_mikrobiologi,_karolinska_universitetslaboratoriet,_karolinska_universitetssjukhuset_solna
B/Stockholm/10/2020-egg	centers_for_disease_control_and_prevention	klinisk_mikrobiologi,_karolinska_universitetslaboratoriet,_karolinska_universitetssjukhuset_solna
B/SouthAfrica/1921/2020-egg	centers_for_disease_control_and_prevention	national_institute_for_communicable_disease
B/SouthAfrica/1921/2020	who_collaborating_centre_for_reference_and_research_on_influenza	national_institute_for_communicable_disease
B/SouthAfrica/1740/2020	who_collaborating_centre_for_reference_and_research_on_influenza	national_institute_for_communicable_disease
B/SouthAfrica/1736/2020	who_collaborating_centre_for_reference_and_research_on_influenza	national_institute_for_communicable_disease
B/Nigeria/4480/2020	centers_for_disease_control_and_prevention	ncdc_public_health_reference_laboratory
B/Togo/42/2019	centers_for_disease_control_and_prevention	institute_national_d'hygiene
B/Togo/1231/2019	centers_for_disease_control_and_prevention	institute_national_d'hygiene
B/Togo/1190/2019	centers_for_disease_control_and_prevention	institute_national_d'hygiene
B/Ghana/3443/2019	crick_worldwide_influenza_centre	university_of_ghana
B/Ghana/1377/2024	centers_for_disease_control_and_prevention	noguchi_memorial_institute_for_medical_research_(nmimr)
B/Ghana/5172/2024	centers_for_disease_control_and_prevention	noguchi_memorial_institute_for_medical_research_(nmimr)
B/Togo/2557/2022	crick_worldwide_influenza_centre	institute_national_d'hygiene
B/Togo/2028/2022	centers_for_disease_control_and_prevention	institute_national_d'hygiene
B/Dakar/19/2022	crick_worldwide_influenza_centre	institut_pasteur_de_dakar__
B/Amapa/2023-004390-IEC/2023	evandro_chagas_institute	evandro_chagas_institute
B/Nigeria/4349/2019	centers_for_disease_control_and_prevention	ncdc_public_health_reference_laboratory
B/Singapore/GP2241/2019	ministry_of_health,_singapore	ministry_of_health,_singapore
B/Mali/84/2020	centers_for_disease_control_and_prevention	nic_lab_cvd_mali
B/Mali/132/2019	centers_for_disease_control_and_prevention	nic_lab_cvd_mali
B/Mali/20055/2020	centers_for_disease_control_and_prevention	nic_lab_cvd_mali
B/SouthAfrica/1920/2020	crick_worldwide_influenza_centre	national_institute_for_communicable_disease
B/Togo/1898/2019	centers_for_disease_control_and_prevention	institute_national_d'hygiene
B/Congo/9785/2019	centers_for_disease_control_and_prevention	inrb_service_de_virologie
B/Congo/2/2020	centers_for_disease_control_and_prevention	inrb_service_de_virologie
B/Congo/18/2020	centers_for_disease_control_and_prevention	inrb_service_de_virologie
B/Niger/7820/2020	centers_for_disease_control_and_prevention	centre_de_recherche_medicale_et_sanitaire_(cermes)
B/England/200120947/2019	microbiology_services_colindale,_public_health_england	microbiology_services_colindale,_public_health_england
B/SouthAfrica/1739/2020	crick_worldwide_influenza_centre	national_institute_for_communicable_disease
B/Niger/7633/2020	centers_for_disease_control_and_prevention	centre_de_recherche_medicale_et_sanitaire_(cermes)
B/Mali/52/2020	centers_for_disease_control_and_prevention	nic_lab_cvd_mali
B/Shanghai-Pudongxin/11420/2019	who_chinese_national_influenza_center	who_chinese_national_influenza_center
B/Lyon/1992/2019	cnr_virus_des_infections_respiratoires___france_sud	cnr_virus_des_infections_respiratoires___france_sud
B/Sichuan-Jingyang/12048/2019-egg	centers_for_disease_control_and_prevention	who_chinese_national_influenza_center
B/Sichuan-Jingyang/12048/2019	who_chinese_national_influenza_center	who_chinese_national_influenza_center
B/Niger/6134/2018-egg	centers_for_disease_control_and_prevention	centre_de_recherche_medicale_et_sanitaire_(cermes)
B/Niger/6134/2018	centers_for_disease_control_and_prevention	centre_de_recherche_medicale_et_sanitaire_(cermes)
B/RhodeIsland/1/2019-egg	centers_for_disease_control_and_prevention	rhode_island_department_of_health
B/RhodeIsland/1/2019	centers_for_disease_control_and_prevention	rhode_island_department_of_health
B/CoteDIvoire/1629/2018	crick_worldwide_influenza_centre	pasteur_institut_of_côte_d'ivoire
B/CoteDIvoire/1691/2018	crick_worldwide_influenza_centre	pasteur_institut_of_côte_d'ivoire
B/Anhui-Tianjiaan/1323/2019-egg	who_chinese_national_influenza_center	who_chinese_national_influenza_center
B/Anhui-Tianjiaan/1323/2019	who_chinese_national_influenza_center	who_chinese_national_influenza_center
B/Victoria/2110/2019-egg	who_collaborating_centre_for_reference_and_research_on_influenza	alfred_hospital
B/Victoria/2110/2019	who_collaborating_centre_for_reference_and_research_on_influenza	alfred_hospital
B/Stockholm/4/2019	public_health_agency_of_sweden	klinisk_mikrobiologi,_karolinska_universitetslaboratoriet,_karolinska_universitetssjukhuset_solna
B/Zhejiang-Haishu/11866/2019-egg	who_chinese_national_influenza_center	who_chinese_national_influenza_center
B/Shanghai-Huangpu/1675/2019-egg	who_chinese_national_influenza_center	who_chinese_national_influenza_center
B/Victoria/2113/2019-egg	who_collaborating_centre_for_reference_and_research_on_influenza	alfred_hospital
B/Victoria/2113/2019	who_collaborating_centre_for_reference_and_research_on_influenza	alfred_hospital
B/Mauritius/I-1862/2019	crick_worldwide_influenza_centre	central_health_laboratory
B/Qatar/10-VI-19-0048096/2019	crick_worldwide_influenza_centre	supreme_health_council
B/Riyadh/27/2021		king_saud_university
B/Bhutan/1132/2020	centers_for_disease_control_and_prevention	royal_centre_for_disease_control
B/Bangladesh/511/2019	centers_for_disease_control_and_prevention	institute_of_epidemiology_disease_control_and_research_(iedcr)_&_bangladesh_national_influenza_centre_(nic)
B/Singapore/KK2751/2019	ministry_of_health,_singapore	ministry_of_health,_singapore
B/India/4060/2020	centers_for_disease_control_and_prevention	national_institute_of_virology
B/Tianjin-Nankai/11093/2019-egg	who_chinese_national_influenza_center	who_chinese_national_influenza_center
B/Bhutan/675/2019	centers_for_disease_control_and_prevention	royal_centre_for_disease_control
B/Hebei-Ningjin/1220/2022-egg	who_chinese_national_influenza_center	who_chinese_national_influenza_center
B/Jiangxi-Zhanggong/328/2021	who_chinese_national_influenza_center	who_chinese_national_influenza_center
B/Shanghai-Huangpu/1922/2021-egg	who_chinese_national_influenza_center	who_chinese_national_influenza_center
B/Shanghai-Huangpu/1922/2021	who_chinese_national_influenza_center	who_chinese_national_influenza_center
B/Shanghai-Jingan/12767/2021-egg	who_chinese_national_influenza_center	who_chinese_national_influenza_center
B/Shanghai-Changning/1900/2021-egg	who_chinese_national_influenza_center	who_chinese_national_influenza_center
B/Shanghai-Fengxian/11002/2021-egg	who_chinese_national_influenza_center	who_chinese_national_influenza_center
B/Guizhou-Xixiu/1218/2021-egg	who_chinese_national_influenza_center	who_chinese_national_influenza_center
B/Henan-Longting/1572/2021-egg	who_chinese_national_influenza_center	who_chinese_national_influenza_center
B/Hebei-Luquan/11233/2021-egg	who_chinese_national_influenza_center	who_chinese_national_influenza_center
B/Shanxi-Chengqu/1113/2022-egg	who_chinese_national_influenza_center	who_chinese_national_influenza_center
B/Shanxi-Chengqu/1113/2022	who_chinese_national_influenza_center	who_chinese_national_influenza_center
B/Shanxi-Luzhou/1650/2021-egg	who_chinese_national_influenza_center	who_chinese_national_influenza_center
B/Shanxi-Chengqu/119/2022	who_chinese_national_influenza_center	who_chinese_national_influenza_center
B/Shanxi-Gaoping/322/2021-egg	who_chinese_national_influenza_center	who_chinese_national_influenza_center
B/Shanxi-Gaoping/322/2021	who_chinese_national_influenza_center	who_chinese_national_influenza_center
B/Gansu-Baiyin/1269/2021-egg	who_chinese_national_influenza_center	who_chinese_national_influenza_center
B/Gansu-Baiyin/1269/2021	who_chinese_national_influenza_center	who_chinese_national_influenza_center
B/Gansu-Baiyin/1281/2021-egg	who_chinese_national_influenza_center	who_chinese_national_influenza_center
B/Gansu-Baiyin/1281/2021	who_chinese_national_influenza_center	who_chinese_national_influenza_center
B/Zhejiang-Liandou/1146/2022-egg	who_chinese_national_influenza_center	who_chinese_national_influenza_center
B/Zhejiang-Liandou/114/2022-egg	who_chinese_national_influenza_center	who_chinese_national_influenza_center
B/Neimenggu-Keerqin/19/2022	who_chinese_national_influenza_center	who_chinese_national_influenza_center
B/Neimenggu-Keerqin/19/2022-egg	who_chinese_national_influenza_center	who_chinese_national_influenza_center
B/Neimenggu-Keerqin/16/2022-egg	who_chinese_national_influenza_center	who_chinese_national_influenza_center
B/Neimenggu-Keerqin/16/2022	who_chinese_national_influenza_center	who_chinese_national_influenza_center
B/Neimenggu-Keerqin/11348/2021-egg	who_chinese_national_influenza_center	who_chinese_national_influenza_center
B/Hunan-Yanfeng/1205/2021-egg	who_chinese_national_influenza_center	who_chinese_national_influenza_center
B/Hunan-Yanfeng/1205/2021	who_chinese_national_influenza_center	who_chinese_national_influenza_center
B/Guangxi-Youjiang/542/2021-egg	who_chinese_national_influenza_center	who_chinese_national_influenza_center
B/Guangxi-Youjiang/542/2021	who_chinese_national_influenza_center	who_chinese_national_influenza_center
B/Anhui-Yian/11321/2021-egg	who_chinese_national_influenza_center	who_chinese_national_influenza_center
B/Heilongjiang-Gongnong/1213/2022	who_chinese_national_influenza_center	who_chinese_national_influenza_center
B/Neimenggu-Xincheng/142/2022	who_chinese_national_influenza_center	who_chinese_national_influenza_center
B/Hainan-Xiuying/1931/2021-egg	who_chinese_national_influenza_center	who_chinese_national_influenza_center
B/Hainan-Meilan/32/2021-egg	who_chinese_national_influenza_center	who_chinese_national_influenza_center
B/Hainan-Meilan/32/2021	who_chinese_national_influenza_center	who_chinese_national_influenza_center
B/Hainan-Meilan/316/2021-egg	who_chinese_national_influenza_center	who_chinese_national_influenza_center
B/Hainan-Meilan/311/2021-egg	who_chinese_national_influenza_center	who_chinese_national_influenza_center
B/Hainan-Meilan/31/2021-egg	who_chinese_national_influenza_center	who_chinese_national_influenza_center
B/Jiangxi-Jizhou/167/2021	who_chinese_national_influenza_center	who_chinese_national_influenza_center
B/Hubei-Xiaonan/11859/2021-egg	who_chinese_national_influenza_center	who_chinese_national_influenza_center
B/Heilongjiang-Yimei/1603/2022	who_chinese_national_influenza_center	who_chinese_national_influenza_center
B/Neimenggu-Jining/111/2022-egg	who_chinese_national_influenza_center	who_chinese_national_influenza_center
B/Neimenggu-Jining/1772/2021-egg	who_chinese_national_influenza_center	who_chinese_national_influenza_center
B/Hubei-Jiangan/1555/2021	who_chinese_national_influenza_center	who_chinese_national_influenza_center
B/Hubei-Jingzhou/311/2021-egg	who_chinese_national_influenza_center	who_chinese_national_influenza_center
B/Hubei-Dongxihu/2144/2021-egg	who_chinese_national_influenza_center	who_chinese_national_influenza_center
B/Hubei-Qiaokou/1178/2021-egg	who_chinese_national_influenza_center	who_chinese_national_influenza_center
B/Shandong-Taierzhuang/320/2021-egg	who_chinese_national_influenza_center	who_chinese_national_influenza_center
B/Shandong-Taierzhuang/320/2021	who_chinese_national_influenza_center	who_chinese_national_influenza_center
B/Fujian-Jianou/31/2022-egg	who_chinese_national_influenza_center	who_chinese_national_influenza_center
B/Shanghai-Qingpu/1658/2021-egg	who_chinese_national_influenza_center	who_chinese_national_influenza_center
B/Hubei-Qiaokou/1425/2021-egg	who_chinese_national_influenza_center	who_chinese_national_influenza_center
B/Hubei-Qiaokou/1178/2021	who_chinese_national_influenza_center	who_chinese_national_influenza_center
B/Guangdong/266/2022		sun_yat_sen_university_of_medical_sciences
B/Hubei-Jiangan/1555/2021-egg	who_chinese_national_influenza_center	who_chinese_national_influenza_center
B/Fujian-Xiangcheng/138/2022	who_chinese_national_influenza_center	who_chinese_national_influenza_center
B/Beijing-Huairou/177/2022	who_chinese_national_influenza_center	who_chinese_national_influenza_center
B/Beijing-Huairou/177/2022-egg	who_chinese_national_influenza_center	who_chinese_national_influenza_center
B/Hebei-Shuangqiao/17/2022	who_chinese_national_influenza_center	who_chinese_national_influenza_center
B/Hubei-Dangyang/2305/2021-egg	who_chinese_national_influenza_center	who_chinese_national_influenza_center
B/Zhejiang-Longwan/1160/2022	who_chinese_national_influenza_center	who_chinese_national_influenza_center
B/Guangxi-Xinning/1940/2021	who_chinese_national_influenza_center	who_chinese_national_influenza_center
B/Guangxi-Xinning/1940/2021-egg	who_chinese_national_influenza_center	who_chinese_national_influenza_center
B/HubeiWujiagang/1782/2021-egg	who_chinese_national_influenza_center	who_chinese_national_influenza_center
B/Gansu-Wudou/1183/2021-egg	who_chinese_national_influenza_center	who_chinese_national_influenza_center
B/Shandong-Wulian/326/2021-egg	who_chinese_national_influenza_center	who_chinese_national_influenza_center
B/Gansu-Linxia/1558/2021	who_chinese_national_influenza_center	who_chinese_national_influenza_center
B/Hubei-Shishou/268/2021-egg	who_chinese_national_influenza_center	who_chinese_national_influenza_center
B/Hunan-Yuhu/1245/2021-egg	who_chinese_national_influenza_center	who_chinese_national_influenza_center
B/Hunan-Tianyuan/1288/2021-egg	who_chinese_national_influenza_center	who_chinese_national_influenza_center
B/Jiangxi-Zhushan/1203/2021-egg	who_chinese_national_influenza_center	who_chinese_national_influenza_center
B/Fujian-Xinluo/1753/2022-egg	who_chinese_national_influenza_center	who_chinese_national_influenza_center
B/Hebei-Chengde/11244/2021-egg	who_chinese_national_influenza_center	who_chinese_national_influenza_center
B/Hebei-Chengde/11244/2021	who_chinese_national_influenza_center	who_chinese_national_influenza_center
B/Hunan-Jishou/12710/2021-egg	who_chinese_national_influenza_center	who_chinese_national_influenza_center
B/Guangdong-Chancheng/1860/2021-egg	who_chinese_national_influenza_center	who_chinese_national_influenza_center
B/Hubei-Zengdou/37/2021	centers_for_disease_control_and_prevention	who_chinese_national_influenza_center
B/Hubei-Zengdou/37/2021-egg	centers_for_disease_control_and_prevention	who_chinese_national_influenza_center
B/Heilongjiang-Gongnong/1213/2022-egg	who_chinese_national_influenza_center	who_chinese_national_influenza_center
B/Sichuan-Yucheng/1409/2022-egg	who_chinese_national_influenza_center	who_chinese_national_influenza_center
B/Guizhou-Kaili/143/2022-egg	who_chinese_national_influenza_center	who_chinese_national_influenza_center
B/Henan-Lushi/34/2021-egg	who_chinese_national_influenza_center	who_chinese_national_influenza_center
B/Henan-Weibin/1125/2022	who_chinese_national_influenza_center	who_chinese_national_influenza_center
B/Rencheng/1252/2022	jining_center_for_disease_control_and_prevention	_jining_center_for_disease_control_and_prevention
B/Xinjiang-Hutubi/142/2022-egg	who_chinese_national_influenza_center	who_chinese_national_influenza_center
B/Henan-Chuanhui/128/2022-egg	who_chinese_national_influenza_center	who_chinese_national_influenza_center
B/Jiangsu-Qinhuai/1964/2021-egg	who_chinese_national_influenza_center	who_chinese_national_influenza_center
B/Shaanxi-Linwei/1163/2022-egg	who_chinese_national_influenza_center	who_chinese_national_influenza_center
B/Shaanxi-Baota/1439/2022-egg	who_chinese_national_influenza_center	who_chinese_national_influenza_center
B/Neimenggu-Xilinhaote/1300/2022-egg	who_chinese_national_influenza_center	who_chinese_national_influenza_center
B/Hunan-Beihu/1675/2022-egg	who_chinese_national_influenza_center	who_chinese_national_influenza_center
B/Neimenggu-Xilinhaote/1347/2022-egg	who_chinese_national_influenza_center	who_chinese_national_influenza_center
B/Liaoning-Tiexi/1292/2022-egg	who_chinese_national_influenza_center	who_chinese_national_influenza_center
B/Liaoning-Xinlongtai/31/2021	who_chinese_national_influenza_center	who_chinese_national_influenza_center
B/Liaoning-Xinlongtai/31/2021-egg	who_chinese_national_influenza_center	who_chinese_national_influenza_center
B/Liaoning-Xinlongtai/135/2022-egg	who_chinese_national_influenza_center	who_chinese_national_influenza_center
B/Neimenggu-Wulanhaote/1271/2022-egg	who_chinese_national_influenza_center	who_chinese_national_influenza_center
B/Guangdong-Jinping/135/2022	who_chinese_national_influenza_center	who_chinese_national_influenza_center
B/Neimenggu-Hongshan/132/2022-egg	who_chinese_national_influenza_center	who_chinese_national_influenza_center
B/Sichuan-Guangan/1946/2021-egg	who_chinese_national_influenza_center	who_chinese_national_influenza_center
B/Shanghai-Putuo/132/2022-egg	who_chinese_national_influenza_center	who_chinese_national_influenza_center
B/Shanghai-Putuo/132/2022	who_chinese_national_influenza_center	who_chinese_national_influenza_center
B/Zhejiang-Yuecheng/1484/2022-egg	who_chinese_national_influenza_center	who_chinese_national_influenza_center
B/Sichuan-Dongqu/191/2022-egg	who_chinese_national_influenza_center	who_chinese_national_influenza_center
B/Sichuan-Dongqu/191/2022	who_chinese_national_influenza_center	who_chinese_national_influenza_center
B/Fujian-Xinluo/11063/2022	who_chinese_national_influenza_center	who_chinese_national_influenza_center
B/Zhejiang-Jiaojiang/1209/2021-egg	who_chinese_national_influenza_center	who_chinese_national_influenza_center
B/Jiangsu-Suzhou/12A12/2021	suzhou_center_for_disease_prevention_and_control	suzhou_center_for_disease_prevention_and_control
B/Heilongjiang-Nangang/164/2022-egg	who_chinese_national_influenza_center	who_chinese_national_influenza_center
B/Liaoning-Donggang/1142/2022-egg	who_chinese_national_influenza_center	who_chinese_national_influenza_center
B/Liaoning-Donggang/1142/2022	who_chinese_national_influenza_center	who_chinese_national_influenza_center
B/Gansu-Jingyuan/1410/2021-egg	who_chinese_national_influenza_center	who_chinese_national_influenza_center
B/Jiangsu-Quanshan/11755/2021-egg	who_chinese_national_influenza_center	who_chinese_national_influenza_center
B/Hubei-Echeng/11826/2021-egg	who_chinese_national_influenza_center	who_chinese_national_influenza_center
B/Hubei-Echeng/11826/2021	who_chinese_national_influenza_center	who_chinese_national_influenza_center
B/Gansu-Wudou/1184/2021-egg	who_chinese_national_influenza_center	who_chinese_national_influenza_center
B/Gansu-Wudou/1184/2021	who_chinese_national_influenza_center	who_chinese_national_influenza_center
B/Henan-Xigong/1326/2021-egg	who_chinese_national_influenza_center	who_chinese_national_influenza_center
B/Henan-Xigong/1326/2021	who_chinese_national_influenza_center	who_chinese_national_influenza_center
B/Hubei-Hefeng/2401/2021-egg	who_chinese_national_influenza_center	who_chinese_national_influenza_center
B/Sichuan-Cuiping/112/2022-egg	who_chinese_national_influenza_center	who_chinese_national_influenza_center
B/Xinjiang-Kuerle/1165/2022	who_chinese_national_influenza_center	who_chinese_national_influenza_center
B/Sichuan-Cuiping/1130/2022-egg	who_chinese_national_influenza_center	who_chinese_national_influenza_center
B/Sichuan-Cuiping/11189/2021-egg	who_chinese_national_influenza_center	who_chinese_national_influenza_center
B/Guangdong-Renhua/34/2021-egg	who_chinese_national_influenza_center	who_chinese_national_influenza_center
B/Guangdong-Zhenjiang/1485/2021-egg	who_chinese_national_influenza_center	who_chinese_national_influenza_center
B/Guangdong-Zhenjiang/1516/2021-egg	who_chinese_national_influenza_center	who_chinese_national_influenza_center
B/Guangdong-Zhenjiang/1516/2021	who_chinese_national_influenza_center	who_chinese_national_influenza_center
B/Hunan-Beihu/1841/2021	who_chinese_national_influenza_center	who_chinese_national_influenza_center
B/Hunan-Beihu/1542/2021-egg	who_chinese_national_influenza_center	who_chinese_national_influenza_center
B/Hunan-Beihu/1596/2021-egg	who_chinese_national_influenza_center	who_chinese_national_influenza_center
B/Guangdong-Futian/1745/2022-egg	who_chinese_national_influenza_center	who_chinese_national_influenza_center
B/Hunan-Tianyuan/1329/2022-egg	who_chinese_national_influenza_center	who_chinese_national_influenza_center
B/Guangdong-Xiangzhou/11487/2022	who_chinese_national_influenza_center	who_chinese_national_influenza_center
B/Guangdong-Xiangzhou/11323/2022-egg	who_chinese_national_influenza_center	who_chinese_national_influenza_center
B/Guangdong-Xiangzhou/8316/2022-egg	centers_for_disease_control_and_prevention	who_chinese_national_influenza_center
B/Shanxi-Luzhou/1551/2021-egg	who_chinese_national_influenza_center	who_chinese_national_influenza_center
B/Jilin-Chaoyang/12395/2021	who_chinese_national_influenza_center	who_chinese_national_influenza_center
B/Jilin-Chaoyang/12395/2021-egg	who_chinese_national_influenza_center	who_chinese_national_influenza_center
B/Jilin-Chaoyang/1135/2022-egg	who_chinese_national_influenza_center	who_chinese_national_influenza_center
B/Jilin-Chaoyang/1135/2022	who_chinese_national_influenza_center	who_chinese_national_influenza_center
B/Gansu-Wudou/1183/2021	who_chinese_national_influenza_center	who_chinese_national_influenza_center
B/Jiangxi-Jizhou/112/2021	who_chinese_national_influenza_center	who_chinese_national_influenza_center
B/Hebei-Xinhua/11218/2021-egg	who_chinese_national_influenza_center	who_chinese_national_influenza_center
B/Jiangsu-Hailing/1202/2022-egg	who_chinese_national_influenza_center	who_chinese_national_influenza_center
B/Jiangsu-Hailing/154/2022-egg	who_chinese_national_influenza_center	who_chinese_national_influenza_center
B/Hunan-Lusong/1356/2022	who_chinese_national_influenza_center	who_chinese_national_influenza_center
B/Beijing-Xicheng/1205/2022-egg	who_chinese_national_influenza_center	who_chinese_national_influenza_center
B/Sichuan-Qingyang/1769/2022-egg	who_chinese_national_influenza_center	who_chinese_national_influenza_center
B/Sichuan-Qingyang/1769/2022	who_chinese_national_influenza_center	who_chinese_national_influenza_center
B/Xinjiang-Midong/1254/2022-egg	who_chinese_national_influenza_center	who_chinese_national_influenza_center
B/Sichuan-Gaoxin/1188/2022	who_chinese_national_influenza_center	who_chinese_national_influenza_center
B/Neimenggu-Alashanzuoqi/1300/2022-egg	who_chinese_national_influenza_center	who_chinese_national_influenza_center
B/Xinjiang-Midong/1254/2022	who_chinese_national_influenza_center	who_chinese_national_influenza_center
B/Sichuan-Lizhou/11143/2021-egg	who_chinese_national_influenza_center	who_chinese_national_influenza_center
B/Sichuan-Lizhou/11143/2021	who_chinese_national_influenza_center	who_chinese_national_influenza_center
B/Sichuan-Gaoxin/1188/2022-egg	who_chinese_national_influenza_center	who_chinese_national_influenza_center
B/Shaanxi-Baota/1208/2022-egg	who_chinese_national_influenza_center	who_chinese_national_influenza_center
B/Henan-Luolong/1258/2021-egg	who_chinese_national_influenza_center	who_chinese_national_influenza_center
B/Hunan-Louxin/1171/2021-egg	who_chinese_national_influenza_center	who_chinese_national_influenza_center
B/Guangdong-Dongwanbendi/1674/2021-egg	who_chinese_national_influenza_center	who_chinese_national_influenza_center
B/Henan-Luolong/1328/2021-egg	who_chinese_national_influenza_center	who_chinese_national_influenza_center
B/Liaoning-Huanggu/11547/2021-egg	who_chinese_national_influenza_center	who_chinese_national_influenza_center
B/Liaoning-Huanggu/11581/2021	who_chinese_national_influenza_center	who_chinese_national_influenza_center
B/Liaoning-Huanggu/11581/2021-egg	who_chinese_national_influenza_center	who_chinese_national_influenza_center
B/Liaoning-Huanggu/1454/2022-egg	who_chinese_national_influenza_center	who_chinese_national_influenza_center
B/Fujian-Xinluo/1753/2022	who_chinese_national_influenza_center	who_chinese_national_influenza_center
B/Guangdong-Zhongshan/363/2021	who_chinese_national_influenza_center	who_chinese_national_influenza_center
B/Shaanxi-Hanbin/155/2022-egg	who_chinese_national_influenza_center	who_chinese_national_influenza_center
B/Henan-Yicheng/127/2022-egg	who_chinese_national_influenza_center	who_chinese_national_influenza_center
B/Guangdong-Ruyuanyaozuzizhi/346/2022-egg	who_chinese_national_influenza_center	who_chinese_national_influenza_center
B/Guizhou-Douyun/1290/2022-egg	who_chinese_national_influenza_center	who_chinese_national_influenza_center
B/Guangdong-Zhenjiang/865/2022-egg	who_chinese_national_influenza_center	who_chinese_national_influenza_center
B/Guizhou-Xinyi/136/2022-egg	who_chinese_national_influenza_center	who_chinese_national_influenza_center
B/Guizhou-Ceheng/311/2021-egg	who_chinese_national_influenza_center	who_chinese_national_influenza_center
B/Guizhou-Ceheng/311/2021	who_chinese_national_influenza_center	who_chinese_national_influenza_center
B/Guangdong-Duanzhou/11143/2021-egg	who_chinese_national_influenza_center	who_chinese_national_influenza_center
B/Guangdong-Duanzhou/11143/2021	who_chinese_national_influenza_center	who_chinese_national_influenza_center
B/Neimenggu-Etuokeqi/31/2021	who_chinese_national_influenza_center	who_chinese_national_influenza_center
B/Ningxia-Xinqing/1416/2022-egg	who_chinese_national_influenza_center	who_chinese_national_influenza_center
B/Fujian-Xiangcheng/22/2022-egg	who_chinese_national_influenza_center	who_chinese_national_influenza_center
B/Guangdong-Nanxiong/31/2022-egg	who_chinese_national_influenza_center	who_chinese_national_influenza_center
B/Guizhou-Xixiu/1222/2022-egg	who_chinese_national_influenza_center	who_chinese_national_influenza_center
B/Guangdong-Huicheng/1982/2021-egg	who_chinese_national_influenza_center	who_chinese_national_influenza_center
B/Guangdong-Huicheng/1982/2021	who_chinese_national_influenza_center	who_chinese_national_influenza_center
B/Anhui-Tongguan/11256/2021-egg	who_chinese_national_influenza_center	who_chinese_national_influenza_center
B/Xinjiang-Aletai/177/2022	who_chinese_national_influenza_center	who_chinese_national_influenza_center
B/Guangdong-Zhongshan/363/2021-egg	who_chinese_national_influenza_center	who_chinese_national_influenza_center
B/Neimenggu-Etuokeqi/31/2021-egg	who_chinese_national_influenza_center	who_chinese_national_influenza_center
B/Guizhou-Xinyi/136/2022	who_chinese_national_influenza_center	who_chinese_national_influenza_center
B/Ningxia-Litong/1195/2022	who_chinese_national_influenza_center	who_chinese_national_influenza_center
B/Henan-Xigong/1118/2021-egg	centers_for_disease_control_and_prevention	who_chinese_national_influenza_center
B/Henan-Xigong/1118/2021	who_chinese_national_influenza_center	who_chinese_national_influenza_center
B/Fujian-Sanyuan/2644/2021	who_chinese_national_influenza_center	who_chinese_national_influenza_center
B/Fujian-Gulou/1118/2022-egg	who_chinese_national_influenza_center	who_chinese_national_influenza_center
B/Hunan-Tianyuan/1282/2021-egg	who_chinese_national_influenza_center	who_chinese_national_influenza_center
B/Zhejiang-Nanhu/1854/2021-egg	centers_for_disease_control_and_prevention	who_chinese_national_influenza_center
B/Zhejiang-Nanhu/1854/2021	centers_for_disease_control_and_prevention	who_chinese_national_influenza_center
B/Shandong-Kuiwen/3146/2021-egg	who_chinese_national_influenza_center	who_chinese_national_influenza_center
B/Hebei-Hejian/1111/2022-egg	who_chinese_national_influenza_center	who_chinese_national_influenza_center
B/Beijing-Huairou/1418/2022	who_chinese_national_influenza_center	who_chinese_national_influenza_center
B/Neimenggu-Wulanhaote/1478/2022-egg	who_chinese_national_influenza_center	who_chinese_national_influenza_center
B/Neimenggu-Xincheng/142/2022-egg	who_chinese_national_influenza_center	who_chinese_national_influenza_center
B/Shanghai-Pudongxin/140/2022-egg	who_chinese_national_influenza_center	who_chinese_national_influenza_center
B/Shanghai-Pudongxin/140/2022	who_chinese_national_influenza_center	who_chinese_national_influenza_center
B/Henan-Xiangcheng/129/2022-egg	who_chinese_national_influenza_center	who_chinese_national_influenza_center
B/Liaoning-Xigang/163/2022-egg	who_chinese_national_influenza_center	who_chinese_national_influenza_center
B/Fujian-Xinluo/11063/2022-egg	who_chinese_national_influenza_center	who_chinese_national_influenza_center
B/Zhejiang-Xiacheng/11085/2021-egg		seasonal_vic
B/Zhejiang-Xiacheng/11085/2021	centers_for_disease_control_and_prevention	who_chinese_national_influenza_center
B/Zhejiang-Linhai/1328/2022-egg	who_chinese_national_influenza_center	who_chinese_national_influenza_center
B/Hubei-Xiacheng/11000/2021-egg	centers_for_disease_control_and_prevention	who_chinese_national_influenza_center
B/Hubei-Xiacheng/11000/2021	centers_for_disease_control_and_prevention	who_chinese_national_influenza_center
B/Jiangsu-Quanshan/141/2022-egg	who_chinese_national_influenza_center	who_chinese_national_influenza_center
B/Henan-Beiguan/112/2022-egg	who_chinese_national_influenza_center	who_chinese_national_influenza_center
B/Henan-Xigong/1515/2021-egg	who_chinese_national_influenza_center	who_chinese_national_influenza_center
B/Shandong-Gaoqing/312/2021-egg	who_chinese_national_influenza_center	who_chinese_national_influenza_center
B/Beijing-Huairou/11876/2021-egg	who_chinese_national_influenza_center	who_chinese_national_influenza_center
B/Beijing-Huairou/11876/2021	who_chinese_national_influenza_center	who_chinese_national_influenza_center
B/Guangxi-Gangbei/1805/2021	who_chinese_national_influenza_center	who_chinese_national_influenza_center
B/Fujian-Xinluo/1898/2022-egg	who_chinese_national_influenza_center	who_chinese_national_influenza_center
B/Fujian-Xinluo/1898/2022	who_chinese_national_influenza_center	who_chinese_national_influenza_center
B/Beijing-Chaoyang/13011/2021-egg	who_chinese_national_influenza_center	who_chinese_national_influenza_center
B/Jiangsu-Xuzhougulou/126/2022-egg	who_chinese_national_influenza_center	who_chinese_national_influenza_center
B/Yunnan-Luquanyizumiaozuzizhi/35/2021	who_chinese_national_influenza_center	who_chinese_national_influenza_center
B/Hebei-Ningjin/19/2022-egg	who_chinese_national_influenza_center	who_chinese_national_influenza_center
B/Hebei-Xiangdou/146/2022-egg	who_chinese_national_influenza_center	who_chinese_national_influenza_center
B/Jiangsu-Sucheng/116/2022-egg	who_chinese_national_influenza_center	who_chinese_national_influenza_center
B/Guangdong-Huicheng/131/2022-egg	who_chinese_national_influenza_center	who_chinese_national_influenza_center
B/Henan-Beiguan/112/2022	who_chinese_national_influenza_center	who_chinese_national_influenza_center
B/Shanxi-Chengqu/119/2022-egg	who_chinese_national_influenza_center	who_chinese_national_influenza_center
B/Beijing-Chaoyang/13011/2021	who_chinese_national_influenza_center	who_chinese_national_influenza_center
B/Shanghai-Fengxian/163/2022-egg	who_chinese_national_influenza_center	who_chinese_national_influenza_center
B/Shanghai-Chongming/38/2021-egg	centers_for_disease_control_and_prevention	who_chinese_national_influenza_center
B/Shanghai-Chongming/38/2021	centers_for_disease_control_and_prevention	who_chinese_national_influenza_center
B/Shanghai-Xuhui/144/2022-egg	who_chinese_national_influenza_center	who_chinese_national_influenza_center
B/Zhejiang-Nanhu/19/2022	zhejiang_provincial_center_for_disease_control_and_prevention	jiaxing_center_for_disease_control_and_prevention
B/Shanghai-Xuhui/144/2022	who_chinese_national_influenza_center	who_chinese_national_influenza_center
B/Henan-Yicheng/1316/2022-egg	who_chinese_national_influenza_center	who_chinese_national_influenza_center
B/Jilin-Nanguan/177/2022-egg	who_chinese_national_influenza_center	who_chinese_national_influenza_center
B/Shaanxi-Baota/1278/2022-egg		seasonal_vic
B/Shaanxi-Baota/1278/2022	who_chinese_national_influenza_center	who_chinese_national_influenza_center
B/Neimenggu-Haibowan/1411/2022-egg	who_chinese_national_influenza_center	who_chinese_national_influenza_center
B/Hebei-Luquan/1400/2022-egg	who_chinese_national_influenza_center	who_chinese_national_influenza_center
B/Shanxi-Xinfu/133/2022-egg	who_chinese_national_influenza_center	who_chinese_national_influenza_center
B/Shanxi-Xinfu/133/2022	who_chinese_national_influenza_center	who_chinese_national_influenza_center
B/Heilongjiang-Yimei/1427/2022-egg	who_chinese_national_influenza_center	who_chinese_national_influenza_center
B/Heilongjiang-Yimei/1494/2022-egg	who_chinese_national_influenza_center	who_chinese_national_influenza_center
B/Neimenggu-Linhe/1117/2022-egg	who_chinese_national_influenza_center	who_chinese_national_influenza_center
B/Neimenggu-Huimin/1526/2021-egg	who_chinese_national_influenza_center	who_chinese_national_influenza_center
B/Hubei-Duodao/135/2022	who_chinese_national_influenza_center	who_chinese_national_influenza_center
B/Beijing-Haidian/1231/2022-egg	who_chinese_national_influenza_center	who_chinese_national_influenza_center
B/Guangdong-Zhongshan/1309/2022-egg	who_chinese_national_influenza_center	who_chinese_national_influenza_center
B/Hubei-Xiaonan/11859/2021	who_chinese_national_influenza_center	who_chinese_national_influenza_center
B/Guangdong-Zhenjiang/11/2022-egg	who_chinese_national_influenza_center	who_chinese_national_influenza_center
B/Hubei-Huangzhou/1406/2023-egg	who_chinese_national_influenza_center	who_chinese_national_influenza_center
B/Hebei-Guangyang/1154/2022-egg	who_chinese_national_influenza_center	who_chinese_national_influenza_center
B/Hunan-Tianyuan/1329/2022	who_chinese_national_influenza_center	who_chinese_national_influenza_center
B/Guangdong-Maonan/35/2022-egg	who_chinese_national_influenza_center	who_chinese_national_influenza_center
B/Guangdong-Maonan/35/2022	who_chinese_national_influenza_center	who_chinese_national_influenza_center
B/Guangdong-Maonan/326/2022-egg	who_chinese_national_influenza_center	who_chinese_national_influenza_center
B/Guangdong-Maonan/1250/2022	who_chinese_national_influenza_center	who_chinese_national_influenza_center
B/Guangdong-Maonan/1250/2022-egg	who_chinese_national_influenza_center	who_chinese_national_influenza_center
B/Henan-Yicheng/1210/2022-egg	who_chinese_national_influenza_center	who_chinese_national_influenza_center
B/Neimenggu-Alashanzuoqi/1300/2022	who_chinese_national_influenza_center	who_chinese_national_influenza_center
B/Hunan-Lengshuitan/1380/2022	who_chinese_national_influenza_center	who_chinese_national_influenza_center
B/Gansu-Suzhou/1359/2022-egg	who_chinese_national_influenza_center	who_chinese_national_influenza_center
B/Hebei-Lunan/1517/2022-egg	who_chinese_national_influenza_center	who_chinese_national_influenza_center
B/Guangdong-Haizhu/1601/2022-egg	who_chinese_national_influenza_center	who_chinese_national_influenza_center
B/Guangdong-Liwan/1547/2022-egg	who_chinese_national_influenza_center	who_chinese_national_influenza_center
B/Heilongjiang-Tiefeng/1173/2022-egg	who_chinese_national_influenza_center	who_chinese_national_influenza_center
B/Guangdong-Maonan/1616/2022-egg	who_chinese_national_influenza_center	who_chinese_national_influenza_center
B/Hubei-Duodao/511/2021-egg	who_chinese_national_influenza_center	who_chinese_national_influenza_center
B/Sydney/1/2022	who_collaborating_centre_for_reference_and_research_on_influenza	clinical_virology_unit,_cdim
B/Guangdong-Yuancheng/118/2022-egg	who_chinese_national_influenza_center	who_chinese_national_influenza_center
B/Jiangxi-Zhanggong/1556/2022	who_chinese_national_influenza_center	who_chinese_national_influenza_center
B/Hunan-Lusong/1356/2022-egg	who_chinese_national_influenza_center	who_chinese_national_influenza_center
B/Guangdong-Chancheng/1421/2022-egg	who_chinese_national_influenza_center	who_chinese_national_influenza_center
B/Hubei-Songzi/1409/2022	who_chinese_national_influenza_center	who_chinese_national_influenza_center
B/Hubei-Songzi/1409/2022-egg	who_chinese_national_influenza_center	who_chinese_national_influenza_center
B/Guangdong-Zhongshan/1809/2022-egg	who_chinese_national_influenza_center	who_chinese_national_influenza_center
B/Guangdong-Zhongshan/1853/2022-egg	who_chinese_national_influenza_center	who_chinese_national_influenza_center
B/Guangdong-Xiangzhou/11264/2022-egg	who_chinese_national_influenza_center	who_chinese_national_influenza_center
B/Niger/3043/2022	centers_for_disease_control_and_prevention	centre_de_recherche_medicale_et_sanitaire_(cermes)
B/Guangdong-Xiangzhou/11264/2022	who_chinese_national_influenza_center	who_chinese_national_influenza_center
B/Guangxi-Qingxiu/11052/2022-egg	who_chinese_national_influenza_center	who_chinese_national_influenza_center
B/Guangxi-Qingxiu/11013/2022-egg	who_chinese_national_influenza_center	who_chinese_national_influenza_center
B/Guangxi-Gaoxinjishuchanyekaifa/51/2022-egg	who_chinese_national_influenza_center	who_chinese_national_influenza_center
B/Niger/6116/2018	centers_for_disease_control_and_prevention	centre_de_recherche_medicale_et_sanitaire_(cermes)
B/Sydney/2/2020	who_collaborating_centre_for_reference_and_research_on_influenza	childrens_hospital_westmead
B/Cameroon/6970/2019	crick_worldwide_influenza_centre	centre_pasteur_du_cameroun
B/Niger/6279/2018	centers_for_disease_control_and_prevention	centre_de_recherche_medicale_et_sanitaire_(cermes)
B/Niger/6128/2018	centers_for_disease_control_and_prevention	centre_de_recherche_medicale_et_sanitaire_(cermes)
B/Zambia/76/2021	centers_for_disease_control_and_prevention	university_teaching_hospital,_moh_zambia
B/Kenya/GIHSN-HCL022162295001/2021	cnr_virus_des_infections_respiratoires,_france_sud	kenya_medical_research_institute
B/Zambia/7362/2022	centers_for_disease_control_and_prevention	university_teaching_hospital,_moh_zambia
B/Zambia/7429/2022	centers_for_disease_control_and_prevention	university_teaching_hospital,_moh_zambia
B/Kenya/GIHSN-HCL022160072701/2021	cnr_virus_des_infections_respiratoires,_france_sud	kenya_medical_research_institute
B/Netherlands/11264/2022-egg		seasonal_vic
B/Netherlands/11264/2022	crick_worldwide_influenza_centre	pamm
B/Netherlands/11473/2022	crick_worldwide_influenza_centre	pamm
B/Netherlands/10894/2022-egg		seasonal_vic
B/Netherlands/10894/2022	crick_worldwide_influenza_centre	pamm
B/BurkinaFaso/1340/2018	centers_for_disease_control_and_prevention	irss
B/Newcastle/22/2019	who_collaborating_centre_for_reference_and_research_on_influenza	john_hunter_hospital
B/SriLanka/25/2019	who_collaborating_centre_for_reference_and_research_on_influenza	medical_research_institute
B/Guangdong-Nanshan/38/2018-egg	centers_for_disease_control_and_prevention	who_chinese_national_influenza_center
B/Guangdong-Nanshan/2018-33571/2018	who_chinese_national_influenza_center	who_chinese_national_influenza_center
B/Guangdong-nanshan/36/2018	who_chinese_national_influenza_center	who_chinese_national_influenza_center
B/Guangdong-Nanshan/2018-33566/2018	who_chinese_national_influenza_center	who_chinese_national_influenza_center
B/Guangdong-Nanshan/2018-33566/2018-egg	centers_for_disease_control_and_prevention	who_chinese_national_influenza_center
B/Guangdong-Nanshan/38/2018	centers_for_disease_control_and_prevention	who_chinese_national_influenza_center
B/Guangdong-Maonan/891/2019-egg	who_chinese_national_influenza_center	who_chinese_national_influenza_center
B/Victoria/2044/2018	who_collaborating_centre_for_reference_and_research_on_influenza	alfred_hospital
B/Brisbane/36/2018-egg	who_collaborating_centre_for_reference_and_research_on_influenza	queensland_health_scientific_services
B/Victoria/705/2018-egg	centers_for_disease_control_and_prevention	monash_medical_centre
B/Brisbane/35/2018	who_collaborating_centre_for_reference_and_research_on_influenza	queensland_health_scientific_services
B/Victoria/705/2018	who_collaborating_centre_for_reference_and_research_on_influenza	monash_medical_centre
B/Brisbane/36/2018	who_collaborating_centre_for_reference_and_research_on_influenza	queensland_health_scientific_services
B/Brisbane/35/2018-egg	centers_for_disease_control_and_prevention	queensland_health_scientific_services
B/Ghana/3257/2018	crick_worldwide_influenza_centre	university_of_ghana
B/Sicilia/3/2019	crick_worldwide_influenza_centre	istituto_superiore_di_sanità_
B/Mali/173/2018	centers_for_disease_control_and_prevention	nic_lab_cvd_mali
B/Guangdong-Chikan/1309/2019-egg	who_chinese_national_influenza_center	who_chinese_national_influenza_center
B/Mauritania/145-2019/2019	crick_worldwide_influenza_centre	inrsp_institut_national_de_recherches_en_sante_publique
B/Mali/288/2018	centers_for_disease_control_and_prevention	nic_lab_cvd_mali
B/SierraLeone/197/2018	centers_for_disease_control_and_prevention	central_public_health_reference_laboratory
B/Guangdong-Chikan/1360/2019-egg	who_chinese_national_influenza_center	who_chinese_national_influenza_center
B/Oran/356/2020	crick_worldwide_influenza_centre	institut_pasteur_d'algerie
B/Dijon/1356/2019	institut_pasteur	
B/Paris/2659/2018	institut_pasteur	institut_pasteur
B/Victoria/4/2020	who_collaborating_centre_for_reference_and_research_on_influenza	victorian_infectious_diseases_reference_laboratory_
B/Henan-Wolong/1275/2019-egg	who_chinese_national_influenza_center	who_chinese_national_influenza_center
B/Fujian-Siming/1366/2019-egg	who_chinese_national_influenza_center	who_chinese_national_influenza_center
B/Fujian-Siming/1366/2019	who_chinese_national_influenza_center	who_chinese_national_influenza_center
B/Jiangsu-Tinghu/11906/2019-egg	who_chinese_national_influenza_center	who_chinese_national_influenza_center
B/Shanghai-Jingan/198/2020-egg	who_chinese_national_influenza_center	who_chinese_national_influenza_center
B/Hunan-Liuyang/3140/2019-egg	who_chinese_national_influenza_center	who_chinese_national_influenza_center
B/Hunan-Liuyang/3140/2019	who_chinese_national_influenza_center	who_chinese_national_influenza_center
B/Uganda/CST40486/2017		import_from_public_domain
B/Argentina/80/2020	centers_for_disease_control_and_prevention	instituto_nacional_de_enfermedades_infecciosas
B/HongKong/736/2019	centers_for_disease_control_and_prevention	government_virus_unit
B/Yokohama/2/2019	national_institute_of_infectious_diseases_(niid)	yokohama_city_institute_of_public_health.
B/Wakayama/77/2019	national_institute_of_infectious_diseases_(niid)	wakayama_prefectural_research_center_of_environment_and_public_health
B/Shanghai-Jinshan/1885/2019-egg	who_chinese_national_influenza_center	who_chinese_national_influenza_center
B/NewJersey/17/2019	centers_for_disease_control_and_prevention	new_jersey_department_of_health_&_senior_services
B/Beijing-Haidian/1223/2019-egg	who_chinese_national_influenza_center	who_chinese_national_influenza_center
B/Beijing-Haidian/1223/2019	who_chinese_national_influenza_center	who_chinese_national_influenza_center
B/Aichi/58/2020	national_institute_of_infectious_diseases_(niid)	aichi_prefectural_institute_of_public_health
B/Mie/1/2020	national_institute_of_infectious_diseases_(niid)	mie_prefecture_health_and_environment_research_institute
B/Shanghai-Minxing/1928/2019-egg	who_chinese_national_influenza_center	who_chinese_national_influenza_center
B/Sichuan-Guangan/1829/2019-egg	who_chinese_national_influenza_center	who_chinese_national_influenza_center
B/Sichuan-Guangan/1829/2019	who_chinese_national_influenza_center	who_chinese_national_influenza_center
B/Tianjin-Hedong/1507/2019-egg	who_chinese_national_influenza_center	who_chinese_national_influenza_center
B/Cambodia/d0619384/2019	who_collaborating_centre_for_reference_and_research_on_influenza	institute_pasteur_du_cambodia
B/SouthCarolina/11010/2019	u.s._air_force_school_of_aerospace_medicine	u.s._air_force_school_of_aerospace_medicine_
B/Okinawa/18T030/2019	niigata_university	niigata_university
B/SriLanka/28/2020	who_collaborating_centre_for_reference_and_research_on_influenza	medical_research_institute
B/SouthDakota/3/2020	centers_for_disease_control_and_prevention	south_dakota_public_health_lab
B/Townsville/1/2020	who_collaborating_centre_for_reference_and_research_on_influenza	queensland_health_forensic_and_scientific_services_
B/Brisbane/21/2019-egg	who_collaborating_centre_for_reference_and_research_on_influenza	queensland_health_forensic_and_scientific_services_
B/Brisbane/21/2019	who_collaborating_centre_for_reference_and_research_on_influenza	queensland_health_forensic_and_scientific_services_
B/Fiji/1/2019	who_collaborating_centre_for_reference_and_research_on_influenza	national_centre_for_scientific_services_for_virology__and_vector_borne_diseases
B/Victoria/2079/2019	who_collaborating_centre_for_reference_and_research_on_influenza	alfred_hospital
B/Washington/74/2020	centers_for_disease_control_and_prevention	marshfield_clinic_research_foundation
B/NewCaledonia/1/2020	who_collaborating_centre_for_reference_and_research_on_influenza	institut_pasteur_new_caledonia
B/Madeira/69/2019	crick_worldwide_influenza_centre	instituto_nacional_de_saude_(insa)
B/Yamagata/162/2019	national_institute_of_infectious_diseases_(niid)	yamagata_prefectural_institute_of_public_health
B/Singapore/KK0673/2020	ministry_of_health,_singapore	ministry_of_health,_singapore
B/Singapore/GP2263/2019	ministry_of_health,_singapore	ministry_of_health,_singapore
B/Kyoto/19FS281/2020	niigata_university	niigata_university
B/Christchurch/502/2020	who_collaborating_centre_for_reference_and_research_on_influenza	canterbury_health_services
B/Canberra/1/2020	who_collaborating_centre_for_reference_and_research_on_influenza	canberra_hospital
B/Canberra/55/2019	who_collaborating_centre_for_reference_and_research_on_influenza	canberra_hospital
B/Aichi/30/2019	national_institute_of_infectious_diseases_(niid)	aichi_prefectural_institute_of_public_health
B/Chiba-C/50/2019	national_institute_of_infectious_diseases_(niid)	chiba_city_institute_of_health_and_environment
B/Singapore/KK0751/2019	ministry_of_health,_singapore	ministry_of_health,_singapore
B/Bahrain/6/2020-egg	centers_for_disease_control_and_prevention	ministry_of_health_bahrain
B/Bahrain/6/2020	centers_for_disease_control_and_prevention	ministry_of_health_bahrain
B/Saskatchewan/RV0864/2020	public_health_agency_of_canada_(phac)	roy_romanow_provincial_laboratory_
B/Mississippi/10061/2019	u.s._air_force_school_of_aerospace_medicine	u.s._air_force_school_of_aerospace_medicine_
B/Louisiana/107/2019	centers_for_disease_control_and_prevention	louisiana_department_of_health_and_hospitals
B/Darwin/8/2019	who_collaborating_centre_for_reference_and_research_on_influenza	influenza_surveillance_centre_for_disease_control
B/Darwin/8/2019-egg	who_collaborating_centre_for_reference_and_research_on_influenza	influenza_surveillance_centre_for_disease_control
B/Darwin/32/2019	who_collaborating_centre_for_reference_and_research_on_influenza	influenza_surveillance_centre_for_disease_control
B/Darwin/7/2019-egg	who_collaborating_centre_for_reference_and_research_on_influenza	influenza_surveillance_centre_for_disease_control
B/Darwin/7/2019	who_collaborating_centre_for_reference_and_research_on_influenza	influenza_surveillance_centre_for_disease_control
B/Darwin/20/2019-egg	who_collaborating_centre_for_reference_and_research_on_influenza	influenza_surveillance_centre_for_disease_control
B/Darwin/20/2019	who_collaborating_centre_for_reference_and_research_on_influenza	influenza_surveillance_centre_for_disease_control
B/Darwin/39/2019	who_collaborating_centre_for_reference_and_research_on_influenza	influenza_surveillance_centre_for_disease_control
B/Baramulla/AG_451/2020	cnr_virus_des_infections_respiratoires___france_sud	sher_i_kashmir_institute_of_medical_sciences
B/Srinigar/AG_498/2020	cnr_virus_des_infections_respiratoires___france_sud	sher_i_kashmir_institute_of_medical_sciences
B/Ganderbal/AG_284/2019	cnr_virus_des_infections_respiratoires___france_sud	sher_i_kashmir_institute_of_medical_sciences
B/Cambodia/e0130368/2020	who_collaborating_centre_for_reference_and_research_on_influenza	institute_pasteur_du_cambodia
B/Argentina/88/2020	centers_for_disease_control_and_prevention	instituto_nacional_de_enfermedades_infecciosas
B/Zhejiang-Haishu/11591/2019-egg	who_chinese_national_influenza_center	who_chinese_national_influenza_center
B/Guizhou-Honghuagang/1438/2019-egg	who_chinese_national_influenza_center	who_chinese_national_influenza_center
B/Guangxi-Babu/1418/2019-egg	who_chinese_national_influenza_center	who_chinese_national_influenza_center
B/Jiangsu-Lishui/322/2019-egg	who_chinese_national_influenza_center	who_chinese_national_influenza_center
B/Sichuan-Jingyang/12021/2018-egg	who_chinese_national_influenza_center	who_chinese_national_influenza_center
B/Shanghai-Huangpu/1531/2019-egg	who_chinese_national_influenza_center	who_chinese_national_influenza_center
B/Shanghai-Huangpu/1531/2019	who_chinese_national_influenza_center	who_chinese_national_influenza_center
B/Neimenggu-Kundoulun/1331/2019-egg	who_chinese_national_influenza_center	who_chinese_national_influenza_center
B/Neimenggu-Kundoulun/1331/2019	who_chinese_national_influenza_center	who_chinese_national_influenza_center
B/Shaanxi-Linwei/1180/2019	who_chinese_national_influenza_center	who_chinese_national_influenza_center
B/Hebei-Luquan/1179/2019	who_chinese_national_influenza_center	who_chinese_national_influenza_center
B/Sichuan-Gaoxin/11034/2018-egg	who_chinese_national_influenza_center	who_chinese_national_influenza_center
B/Anhui-Baohe/3117/2019-egg	who_chinese_national_influenza_center	who_chinese_national_influenza_center
B/Shanghai-Jiading/1274/2019-egg	who_chinese_national_influenza_center	who_chinese_national_influenza_center
B/Fujian-Siming/1571/2019-egg	who_chinese_national_influenza_center	who_chinese_national_influenza_center
B/Zhejiang-Nanhu/1459/2019	who_chinese_national_influenza_center	who_chinese_national_influenza_center
B/Sichuan-Gaoxin/531/2018-egg	who_collaborating_centre_for_reference_and_research_on_influenza	who_chinese_national_influenza_center
B/Sichuan-Tianfuxin/55/2018	who_chinese_national_influenza_center	who_chinese_national_influenza_center
B/Sichuan-Gaoxin/52/2019	who_chinese_national_influenza_center	who_chinese_national_influenza_center
B/Liaoning-Huanggu/1528/2019-egg	who_chinese_national_influenza_center	who_chinese_national_influenza_center
B/HongKong/574/2019-egg	national_institute_for_biological_standards_and_control_(nibsc)	government_virus_unit
B/Hebei-Luquan/1179/2019-egg	who_chinese_national_influenza_center	who_chinese_national_influenza_center
B/Hunan-Yanfeng/1195/2019	who_chinese_national_influenza_center	who_chinese_national_influenza_center
B/Sichuan-Gaoxin/1970/2018	who_chinese_national_influenza_center	who_chinese_national_influenza_center
B/Beijing-Haidian/1290/2019-egg	who_chinese_national_influenza_center	who_chinese_national_influenza_center
B/Shandong-Decheng/1394/2019	who_chinese_national_influenza_center	who_chinese_national_influenza_center
B/Shaanxi-Linwei/1180/2019-egg	who_chinese_national_influenza_center	who_chinese_national_influenza_center
B/Anhui-Jinan/1751/2019-egg	who_chinese_national_influenza_center	who_chinese_national_influenza_center
B/Hunan-Heshan/1844/2019	who_chinese_national_influenza_center	who_chinese_national_influenza_center
B/Zhejiang-Nanhu/1415/2019-egg	who_chinese_national_influenza_center	who_chinese_national_influenza_center
B/Liaoning-Huanggu/1408/2019	who_chinese_national_influenza_center	who_chinese_national_influenza_center
B/Sichuan-Gaoxin/531/2018	who_chinese_national_influenza_center	who_chinese_national_influenza_center
B/Sichuan-Lizhou/1339/2019-egg	who_chinese_national_influenza_center	who_chinese_national_influenza_center
B/Hunan-Yuhua/1379/2019	who_chinese_national_influenza_center	who_chinese_national_influenza_center
B/Henan-Wolong/1250/2019-egg	who_chinese_national_influenza_center	who_chinese_national_influenza_center
B/Guangdong-Yuancheng/1559/2019-egg	who_chinese_national_influenza_center	who_chinese_national_influenza_center
B/HubeiWujiagang/12/2020-egg	who_chinese_national_influenza_center	who_chinese_national_influenza_center
B/Hubei-Huangshigang/119/2020-egg	who_chinese_national_influenza_center	who_chinese_national_influenza_center
B/Hubei-Huangzhou/1412/2019-egg	who_chinese_national_influenza_center	who_chinese_national_influenza_center
B/Guangxi-Yuzhou/11323/2019-egg	who_chinese_national_influenza_center	who_chinese_national_influenza_center
B/Hunan-Jishou/12904/2019-egg	who_chinese_national_influenza_center	who_chinese_national_influenza_center
B/Hunan-Jishou/1433/2021-egg	who_chinese_national_influenza_center	who_chinese_national_influenza_center
B/Hunan-Jishou/1433/2021	who_chinese_national_influenza_center	who_chinese_national_influenza_center
B/Philippines/5/2020	who_collaborating_centre_for_reference_and_research_on_influenza	research_institute_of_tropical_medicine
B/Fujian-Xinluo/122/2020-egg	who_chinese_national_influenza_center	who_chinese_national_influenza_center
B/Fujian-Xinluo/1483/2020-egg	who_chinese_national_influenza_center	who_chinese_national_influenza_center
B/Fujian-Xinluo/1719/2020	who_chinese_national_influenza_center	who_chinese_national_influenza_center
B/Fujian-Xinluo/1487/2020	who_chinese_national_influenza_center	who_chinese_national_influenza_center
B/Fujian-Xinluo/1487/2020-egg	who_chinese_national_influenza_center	who_chinese_national_influenza_center
B/Fujian-Xinluo/1719/2020-egg	who_chinese_national_influenza_center	who_chinese_national_influenza_center
B/Victoria/42/2019	who_collaborating_centre_for_reference_and_research_on_influenza	who_collaborating_centre_for_reference_and_research_on_influenza
B/Malaysia/RP0518/2020	who_collaborating_centre_for_reference_and_research_on_influenza	institut_penyelidikan_perubatan
B/Macedonia/130/2020	crick_worldwide_influenza_centre	institute_of_public_health_(macedonia)
B/England/193940695/2019	microbiology_services_colindale,_public_health_england	microbiology_services_colindale,_public_health_england
B/Peru/6212/2019	centers_for_disease_control_and_prevention	laboratorio_de_referencia_nacional_virus_respiratorios,_instituto_nacional_de_salud
B/Sweden/68/2020	public_health_agency_of_sweden	public_health_agency_of_sweden
B/Brisbane/2/2020	who_collaborating_centre_for_reference_and_research_on_influenza	queensland_health_forensic_and_scientific_services_
B/Romania/255740/2019	cantacuzino_institute	cantacuzino_institute
B/Arges/255749/2019	crick_worldwide_influenza_centre	cantacuzino_institute
B/Shanghai-Songjiang/1189/2019-egg	who_chinese_national_influenza_center	who_chinese_national_influenza_center
B/Philippines/6/2020	who_collaborating_centre_for_reference_and_research_on_influenza	research_institute_of_tropical_medicine
B/Hunan-Yuhu/114/2020-egg	who_chinese_national_influenza_center	who_chinese_national_influenza_center
B/Hunan-Yuhu/114/2020	who_chinese_national_influenza_center	who_chinese_national_influenza_center
B/Nagano-C/25/2020	national_institute_of_infectious_diseases_(niid)	nagano_city_health_center
B/Akita/1/2020	national_institute_of_infectious_diseases_(niid)	akita_research_center_for_public_health_and_environment
B/Wakayama/20/2020	national_institute_of_infectious_diseases_(niid)	wakayama_prefectural_research_center_of_environment_and_public_health
B/Ehime/1/2020	national_institute_of_infectious_diseases_(niid)	ehime_prefecture_institute_of_public_health_and_environmental_science
B/Hyogo/1086/2019	national_institute_of_infectious_diseases_(niid)	hyogo_prefectural_institute_of_public_health_and_consumer_sciences
B/Bangladesh/994/2019	centers_for_disease_control_and_prevention	institute_of_epidemiology_disease_control_and_research_(iedcr)_&_bangladesh_national_influenza_centre_(nic)
B/Bangladesh/4049/2019	centers_for_disease_control_and_prevention	icddr,b_international_centre_for_diarrhoeal_disease_research,_bangladesh
B/Singapore/KK1293/2019	ministry_of_health,_singapore	ministry_of_health,_singapore
B/Guangdong/540/2020		sun_yat_sen_university_of_medical_sciences
B/Guangdong/547/2020		sun_yat_sen_university_of_medical_sciences
B/Ulaanbaatar/2575/2019	national_institute_of_infectious_diseases_(niid)	national_center_for_communicable_diseases
B/Orkhon/2679/2019	national_institute_of_infectious_diseases_(niid)	national_center_for_communicable_diseases
B/StPetersburg/RII-2600S/2020	who_national_influenza_centre_russian_federation	research_institute_of_influenza,_ministry_of_healthcare_of_the_russian_federation
B/Liaoning-Xigang/1524/2019-egg	who_chinese_national_influenza_center	who_chinese_national_influenza_center
B/Washington/2/2019-egg	who_chinese_national_influenza_center	washington_state_public_health_laboratory
B/Shanghai-Changning/11065/2018	who_chinese_national_influenza_center	who_chinese_national_influenza_center
B/Fujian-Longhai/375/2019-egg	who_chinese_national_influenza_center	who_chinese_national_influenza_center
B/Fujian-Longhai/375/2019	who_chinese_national_influenza_center	who_chinese_national_influenza_center
B/Argentina/79/2020	centers_for_disease_control_and_prevention	instituto_nacional_de_enfermedades_infecciosas
B/Hunan-Suxian/11134/2019-egg	who_chinese_national_influenza_center	who_chinese_national_influenza_center
B/Meknes/127/2019	crick_worldwide_influenza_centre	institut_national_d'hygi&egrave;ne
B/Pulwama/AG_262/2019	cnr_virus_des_infections_respiratoires___france_sud	sher_i_kashmir_institute_of_medical_sciences
B/Henan-Shihe/1410/2020-egg	who_chinese_national_influenza_center	who_chinese_national_influenza_center
B/Argentina/70/2020	centers_for_disease_control_and_prevention	instituto_nacional_de_enfermedades_infecciosas
B/Sichuan-Ziliujing/18/2020-egg	who_chinese_national_influenza_center	who_chinese_national_influenza_center
B/Washington/S28292/2020		the_brotman_baty_institute_for_precision_medicine
B/Tianjin-Jinnan/3137/2019-egg	who_chinese_national_influenza_center	who_chinese_national_influenza_center
B/Tianjin-Nankai/11134/2019	who_chinese_national_influenza_center	who_chinese_national_influenza_center
B/Singapore/TT0476/2020	ministry_of_health,_singapore	ministry_of_health,_singapore
B/Victoria/13/2020	who_collaborating_centre_for_reference_and_research_on_influenza	alfred_hospital
B/Utsunomiya/213/2020	national_institute_of_infectious_diseases_(niid)	utsunomiya_city_institute_of_public_health_and_environment_science
B/Shanghai-Huangpu/1935/2019	who_chinese_national_influenza_center	who_chinese_national_influenza_center
B/Gansu-Xifeng/1165/2020	who_chinese_national_influenza_center	who_chinese_national_influenza_center
B/Tianjin-Nankai/187/2020-egg	who_chinese_national_influenza_center	who_chinese_national_influenza_center
B/Tianjin-Hedong/1507/2019	who_chinese_national_influenza_center	who_chinese_national_influenza_center
B/Tianjin-Nankai/121/2020	who_chinese_national_influenza_center	who_chinese_national_influenza_center
B/Hebei-Luquan/114/2020-egg	who_chinese_national_influenza_center	who_chinese_national_influenza_center
B/Hunan-Daxaing/120/2020-egg	centers_for_disease_control_and_prevention	who_chinese_national_influenza_center
B/Beijing-Huairou/11858/2019	who_chinese_national_influenza_center	who_chinese_national_influenza_center
B/Shanghai-Jingan/11943/2019-egg	who_chinese_national_influenza_center	who_chinese_national_influenza_center
B/Hunan-Daxiang/120/2020-egg	who_chinese_national_influenza_center	who_chinese_national_influenza_center
B/Shanghai-Huangpu/1935/2019-egg	who_chinese_national_influenza_center	who_chinese_national_influenza_center
B/Guam/9827/2019	import_from_public_domain	
B/Kanagawa/IC18169/2019-egg	centers_for_disease_control_and_prevention	national_institute_of_infectious_diseases_(niid)
B/Kanagawa/IC18169/2019	centers_for_disease_control_and_prevention	national_institute_of_infectious_diseases_(niid)
B/Argentina/86/2020	centers_for_disease_control_and_prevention	instituto_nacional_de_enfermedades_infecciosas
B/Guangdong-Xiangqiao/1626/2019-egg	who_chinese_national_influenza_center	who_chinese_national_influenza_center
B/Wellington/13/2019	who_collaborating_centre_for_reference_and_research_on_influenza	institute_of_environmental_science_and_research
B/Argentina/50/2020	centers_for_disease_control_and_prevention	instituto_nacional_de_enfermedades_infecciosas
B/Canberra/23/2019	who_collaborating_centre_for_reference_and_research_on_influenza	canberra_hospital
B/Lao/544/2020	centers_for_disease_control_and_prevention	national_center_for_laboratory_and_epidemiology
B/Yokohama/18/2019	centers_for_disease_control_and_prevention	yokohama_city_institute_of_public_health.
B/Myanmar/19M123/2019	niigata_university	niigata_university
B/Neimenggu-Hongshan/1273/2019-egg	who_chinese_national_influenza_center	who_chinese_national_influenza_center
B/Guangxi-Xixiangtang/1456/2019-egg	who_chinese_national_influenza_center	who_chinese_national_influenza_center
B/Hunan-Heshan/1243/2020-egg	who_chinese_national_influenza_center	who_chinese_national_influenza_center
B/Zhejiang-Yuhang/3139/2019-egg	who_chinese_national_influenza_center	who_chinese_national_influenza_center
B/Colombia/6181/2021	centers_for_disease_control_and_prevention	instituto_nacional_de_salud_de_columbia
B/Paraguay/1477/2019	centers_for_disease_control_and_prevention	central_laboratory_of_public_health
B/SriLanka/31/2020	who_collaborating_centre_for_reference_and_research_on_influenza	medical_research_institute
B/SouthCarolina/2/2020	centers_for_disease_control_and_prevention	south_carolina_department_of_health
B/Argentina/71/2020	centers_for_disease_control_and_prevention	instituto_nacional_de_enfermedades_infecciosas
B/Santiago/1391/2020-egg	centers_for_disease_control_and_prevention	instituto_de_salud_publica_de_chile
B/Santiago/14751/2020-egg	centers_for_disease_control_and_prevention	instituto_de_salud_publica_de_chile
B/Saitama-C/6/2020	national_institute_of_infectious_diseases_(niid)	saitama_city_institute_of_health__science_and_research
B/Perth/1/2020	who_collaborating_centre_for_reference_and_research_on_influenza	pathwest_qe_ii_medical_centre
B/Argentina/84/2020	centers_for_disease_control_and_prevention	instituto_nacional_de_enfermedades_infecciosas
B/Henan-Xigong/1449/2020-egg	who_chinese_national_influenza_center	who_chinese_national_influenza_center
B/Anhui-Baohe/1916/2020-egg	who_chinese_national_influenza_center	who_chinese_national_influenza_center
B/Henan-Xigong/1449/2020	who_chinese_national_influenza_center	who_chinese_national_influenza_center
B/Jiangsu-tinghu/11755/2020	who_chinese_national_influenza_center	who_chinese_national_influenza_center
B/Jiangsu-tinghu/11755/2020-egg	who_chinese_national_influenza_center	who_chinese_national_influenza_center
B/Guangdong-Dongwanbendi/1523/2019-egg	who_chinese_national_influenza_center	who_chinese_national_influenza_center
B/Lao/F0253/2020	national_institute_of_infectious_diseases_(niid)	national_center_for_laboratory_and_epidemiology
B/Guangdong-Maonan/1658/2019-egg	who_chinese_national_influenza_center	who_chinese_national_influenza_center
B/HongKong/CUHK023/2019	chinese_university_of_hong_kong	the_chinese_university_of_hong_kong
B/Bangladesh/1011/2019	centers_for_disease_control_and_prevention	institute_of_epidemiology_disease_control_and_research_(iedcr)_&_bangladesh_national_influenza_centre_(nic)
B/Bangladesh/1696/2019	centers_for_disease_control_and_prevention	institute_of_epidemiology_disease_control_and_research_(iedcr)_&_bangladesh_national_influenza_centre_(nic)
B/Ishikawa/153/2019	national_institute_of_infectious_diseases_(niid)	ishikawa_prefectural_institute_of_public_health_and_environmental_science
B/Guizhou-Xinyi/1956/2019-egg	who_chinese_national_influenza_center	who_chinese_national_influenza_center
B/Shanghai-Putuo/1412/2019	who_chinese_national_influenza_center	who_chinese_national_influenza_center
B/Canterbury/2/2019	who_collaborating_centre_for_reference_and_research_on_influenza	institute_of_environmental_science_and_research
B/Kanagawa/AC1867/2019-egg	centers_for_disease_control_and_prevention	national_institute_of_infectious_diseases_(niid)
B/Kanagawa/AC1867/2019	national_institute_of_infectious_diseases_(niid)	national_institute_of_infectious_diseases_(niid)
B/Liaoning-Xigang/1374/2019-egg	who_chinese_national_influenza_center	who_chinese_national_influenza_center
B/Kenya/8839/2019	centers_for_disease_control_and_prevention	cdc_kenya
B/Kanagawa/AC1887/2019	national_institute_of_infectious_diseases_(niid)	national_institute_of_infectious_diseases_(niid)
B/Yasothon/381/2019	who_collaborating_centre_for_reference_and_research_on_influenza	who_national_influenza_centre,_national_institute_of_medical_research_(nimr)
B/Shanghai-Songjiang/1895/2019-egg	who_chinese_national_influenza_center	who_chinese_national_influenza_center
B/Shanghai-Songjiang/1923/2019-egg	who_chinese_national_influenza_center	who_chinese_national_influenza_center
B/Fujian-Cangshan/1662/2019	who_chinese_national_influenza_center	who_chinese_national_influenza_center
B/Fujian-Cangshan/1662/2019-egg	who_chinese_national_influenza_center	who_chinese_national_influenza_center
B/Guizhou-Huichuan/1150/2019-egg	who_chinese_national_influenza_center	who_chinese_national_influenza_center
B/Guizhou-Huichuan/1150/2019	who_chinese_national_influenza_center	who_chinese_national_influenza_center
B/Henan-Xigong/1280/2019-egg	who_chinese_national_influenza_center	who_chinese_national_influenza_center
B/Shanghai-Putuo/1412/2019-egg	who_chinese_national_influenza_center	who_chinese_national_influenza_center
B/Norway/2211/2019	crick_worldwide_influenza_centre	ostfold_hospital___fredrikstad,_dept._of_microbiology
B/Shanghai-Changning/1583/2019-egg	who_chinese_national_influenza_center	who_chinese_national_influenza_center
B/NoviSad/5572/2019	cnr_virus_des_infections_respiratoires___france_sud	institute_of_public_health_
B/SchleswigHolstein/2/2020	robert_koch_institute_nationales_referenzzentrum_f?r_influenza	robert_koch_institute_nationales_referenzzentrum_für_influenza
B/Singapore/TT0473/2020	who_collaborating_centre_for_reference_and_research_on_influenza	ministry_of_health,_singapore
B/Eskilstuna/4/2019	public_health_agency_of_sweden	unilabs_mikrobiologi/laboratoriemedicin,_mälarsjukhuset_
B/Lyon/1931/2020	cnr_virus_des_infections_respiratoires___france_sud	cnr_virus_des_infections_respiratoires___france_sud
B/Colombia/7429/2019	centers_for_disease_control_and_prevention	instituto_nacional_de_salud_de_columbia
B/Madagascar/343/2020	centers_for_disease_control_and_prevention	institut_pasteur_de_madagascar
B/LaReunion/438/2021	cnr_virus_des_infections_respiratoires___france_sud	cnr_virus_des_infections_respiratoires___france_sud
B/Madagascar/358/2020	centers_for_disease_control_and_prevention	institut_pasteur_de_madagascar
B/Lao/F0292/2020	national_institute_of_infectious_diseases_(niid)	national_center_for_laboratory_and_epidemiology
B/Darwin/1/2020	who_collaborating_centre_for_reference_and_research_on_influenza	influenza_surveillance_centre_for_disease_control
B/Victoria/2545/2019	who_collaborating_centre_for_reference_and_research_on_influenza	royal_chidrens_hospital
B/Townsville/12/2019	who_collaborating_centre_for_reference_and_research_on_influenza	queensland_health_forensic_and_scientific_services_
B/Singapore/GP1684/2019	ministry_of_health,_singapore	ministry_of_health,_singapore
B/Liaoning-Huanggu/1408/2019-egg	who_chinese_national_influenza_center	who_chinese_national_influenza_center
B/Liaoning-Huanggu/1350/2019	who_chinese_national_influenza_center	who_chinese_national_influenza_center
B/Hawaii/7/2019-egg	centers_for_disease_control_and_prevention	state_of_hawaii_department_of_health
B/Chiba-C/33/2019	national_institute_of_infectious_diseases_(niid)	chiba_city_institute_of_health_and_environment
B/Hawaii/7/2019	centers_for_disease_control_and_prevention	state_of_hawaii_department_of_health
B/NewYork/PV04315/2019	icahn_school_of_medicine_at_mount_sinai	icahn_school_of_medicine_at_mount_sinai
B/Kyrgyzstan/304/2019	crick_worldwide_influenza_centre	national_virology_laboratory,_center_microbiological_investigations
B/Hubei-Hanyang/311/2019	who_chinese_national_influenza_center	who_chinese_national_influenza_center
B/Tasmania/501/2020	who_collaborating_centre_for_reference_and_research_on_influenza	hobart_pathology
B/Saitama-C/8/2019	national_institute_of_infectious_diseases_(niid)	saitama_city_institute_of_health__science_and_research
B/Lao/935/2020	centers_for_disease_control_and_prevention	national_center_for_laboratory_and_epidemiology
B/Shanghai-Changning/11065/2018-egg	who_chinese_national_influenza_center	who_chinese_national_influenza_center
B/Guangdong/428/2020		sun_yat_sen_university_of_medical_sciences
B/Shandong-Decheng/151/2020-egg	who_chinese_national_influenza_center	who_chinese_national_influenza_center
B/Sichuan-Yanjiang/1914/2019-egg	who_chinese_national_influenza_center	who_chinese_national_influenza_center
B/Sichuan-Yanjiang/1914/2019	who_chinese_national_influenza_center	who_chinese_national_influenza_center
B/StPetersburg/RII-107S/2019	who_national_influenza_centre_russian_federation	research_institute_of_influenza,_ministry_of_healthcare_of_the_russian_federation
B/Gurzuf/RII-980S/2020	who_national_influenza_centre_russian_federation	research_institute_of_influenza,_ministry_of_healthcare_of_the_russian_federation
B/Novosibirsk/RII-27075S/2020	who_national_influenza_centre_russian_federation	research_institute_of_experimental_and_clinical_medicine
B/Novosibirsk/RII-26988S/2020	who_national_influenza_centre_russian_federation	research_institute_of_experimental_and_clinical_medicine
B/Gurzuf/RII-972S/2020	who_national_influenza_centre_russian_federation	research_institute_of_influenza,_ministry_of_healthcare_of_the_russian_federation
B/StPetersburg/RII-164/2020	crick_worldwide_influenza_centre	who_national_influenza_centre_russian_federation
B/StPetersburg/RII-3588S/2020	who_national_influenza_centre_russian_federation	research_institute_of_influenza,_ministry_of_healthcare_of_the_russian_federation
B/Irkutsk/RII-1578S/2020	who_national_influenza_centre_russian_federation	center_of_hygiene_and_epidemiology_in_republic_of_udmurtia
B/StPetersburg/RII-3594S/2020	who_national_influenza_centre_russian_federation	research_institute_of_influenza,_ministry_of_healthcare_of_the_russian_federation
B/StPetersburg/RII-3475S/2020	who_national_influenza_centre_russian_federation	research_institute_of_influenza,_ministry_of_healthcare_of_the_russian_federation
B/Moscow/RII-476S/2019	who_national_influenza_centre_russian_federation	nic_russia,_ivanovsky_research_institute_of_virology
B/StPetersburg/RII-647S/2019	who_national_influenza_centre_russian_federation	"fbuz_""center_of_hyhiene_and_epidemiology"""
B/Kazakhstan/134/2019	crick_worldwide_influenza_centre	national_reference_laboratory
B/StPetersburg/RII-432S/2019	who_national_influenza_centre_russian_federation	research_institute_of_influenza,_ministry_of_healthcare_of_the_russian_federation
B/StPetersburg/RII-4109S/2020	who_national_influenza_centre_russian_federation	research_institute_of_influenza,_ministry_of_healthcare_of_the_russian_federation
B/StPetersburg/RII-3332S/2020	who_national_influenza_centre_russian_federation	research_institute_of_influenza,_ministry_of_healthcare_of_the_russian_federation
B/StPetersburg/RII-3398S/2020	who_national_influenza_centre_russian_federation	research_institute_of_influenza,_ministry_of_healthcare_of_the_russian_federation
B/Tasmania/500/2020	who_collaborating_centre_for_reference_and_research_on_influenza	hobart_pathology
B/StPetersburg/RII-3474S/2020	who_national_influenza_centre_russian_federation	research_institute_of_influenza,_ministry_of_healthcare_of_the_russian_federation
B/Haiti/20371/2021	centers_for_disease_control_and_prevention	laboratoire_national_de_sante_publique
B/Haiti/60576/2021	centers_for_disease_control_and_prevention	laboratoire_national_de_sante_publique
B/Haiti/40206/2021	centers_for_disease_control_and_prevention	laboratoire_national_de_sante_publique
B/Haiti/10202/2021	centers_for_disease_control_and_prevention	laboratoire_national_de_sante_publique
B/Haiti/60043/2021	centers_for_disease_control_and_prevention	laboratoire_national_de_sante_publique
B/Florida/1/2021	centers_for_disease_control_and_prevention	florida_department_of_health_tampa
B/Haiti/243/2021	centers_for_disease_control_and_prevention	laboratoire_national_de_sante_publique
B/Haiti/70283/2021	centers_for_disease_control_and_prevention	laboratoire_national_de_sante_publique
B/Haiti/20380/2021	centers_for_disease_control_and_prevention	laboratoire_national_de_sante_publique
B/Haiti/100969/2021	centers_for_disease_control_and_prevention	laboratoire_national_de_sante_publique
B/Haiti/10333/2021	centers_for_disease_control_and_prevention	laboratoire_national_de_sante_publique
B/Shanghai-Hongkou/514/2019-egg	who_chinese_national_influenza_center	who_chinese_national_influenza_center
B/Lao/F0452/2020	national_institute_of_infectious_diseases_(niid)	national_center_for_laboratory_and_epidemiology
B/Lao/452/2020	centers_for_disease_control_and_prevention	national_center_for_laboratory_and_epidemiology
B/Sydney/52/2019	who_collaborating_centre_for_reference_and_research_on_influenza	clinical_virology_unit,_cdim
B/Victoria/2082/2019	who_collaborating_centre_for_reference_and_research_on_influenza	alfred_hospital
B/Victoria/921/2019	who_collaborating_centre_for_reference_and_research_on_influenza	royal_chidrens_hospital
B/Guizhou-Xinyi/1544/2019-egg	who_chinese_national_influenza_center	who_chinese_national_influenza_center
B/Sichuan-Jiangyang/11603/2019-egg	who_chinese_national_influenza_center	who_chinese_national_influenza_center
B/Lao/3476/2019	centers_for_disease_control_and_prevention	national_center_for_laboratory_and_epidemiology
B/Samara/124384V/2019	crick_worldwide_influenza_centre	state_research_center_of_virology_and_biotechnology_(vector)
B/StPetersburg/RII-336/2019	crick_worldwide_influenza_centre	who_national_influenza_centre_russian_federation
B/Xinjiang-Tianshan/11350/2019	who_chinese_national_influenza_center	who_chinese_national_influenza_center
B/Singapore/KK0804/2019	ministry_of_health,_singapore	ministry_of_health,_singapore
B/Lao/653/2020	centers_for_disease_control_and_prevention	national_center_for_laboratory_and_epidemiology
B/Singapore/KK0925/2019	ministry_of_health,_singapore	ministry_of_health,_singapore
B/Guangxi-Xixiangtang/1456/2019	who_chinese_national_influenza_center	who_chinese_national_influenza_center
B/SouthKorea/9958/2019	u.s._air_force_school_of_aerospace_medicine	u.s._air_force_school_of_aerospace_medicine_
B/Pennsylvania/21/2020	centers_for_disease_control_and_prevention	children's_hospital_of_pittsburgh_upmc
B/Bangladesh/1190614010/2019	centers_for_disease_control_and_prevention	icddr,b_international_centre_for_diarrhoeal_disease_research,_bangladesh
B/Bangladesh/4010/2019	centers_for_disease_control_and_prevention	institute_of_epidemiology_disease_control_and_research_(iedcr)_&_bangladesh_national_influenza_centre_(nic)
B/Bangladesh/2008/2019	centers_for_disease_control_and_prevention	institute_of_epidemiology_disease_control_and_research_(iedcr)_&_bangladesh_national_influenza_centre_(nic)
B/Christchurch/505/2019-egg	who_collaborating_centre_for_reference_and_research_on_influenza	canterbury_health_services
B/Christchurch/505/2019	who_collaborating_centre_for_reference_and_research_on_influenza	canterbury_health_services
B/HongKong/CUHK021/2019	chinese_university_of_hong_kong	the_chinese_university_of_hong_kong
B/Argentina/48/2020	centers_for_disease_control_and_prevention	instituto_nacional_de_enfermedades_infecciosas
B/Shanghai-Changning/1228/2019-egg	centers_for_disease_control_and_prevention	who_chinese_national_influenza_center
B/Saitama/1/2019	national_institute_of_infectious_diseases_(niid)	saitama_institute_of_public_health
B/SouthCarolina/9955/2019	u.s._air_force_school_of_aerospace_medicine	u.s._air_force_school_of_aerospace_medicine_
B/Shanghai-Changning/1228/2019	who_chinese_national_influenza_center	who_chinese_national_influenza_center
B/Nevada/10611/2019	u.s._air_force_school_of_aerospace_medicine	u.s._air_force_school_of_aerospace_medicine_
B/Washington/2/2019	who_collaborating_centre_for_reference_and_research_on_influenza	washington_state_public_health_laboratory
B/Kanagawa/IC1915/2019	national_institute_of_infectious_diseases_(niid)	national_institute_of_infectious_diseases_(niid)
B/Anhui-Shushan/383/2019-egg	who_chinese_national_influenza_center	who_chinese_national_influenza_center
B/Hubei-Echeng/11625/2019-egg	who_chinese_national_influenza_center	who_chinese_national_influenza_center
B/Guangdong-Duanzhou/1420/2019-egg	who_chinese_national_influenza_center	who_chinese_national_influenza_center
B/Sichuan-Jingyang/1655/2019-egg	who_chinese_national_influenza_center	who_chinese_national_influenza_center
B/Lao/737/2020	centers_for_disease_control_and_prevention	national_center_for_laboratory_and_epidemiology
B/Nagano/2822/2019	national_institute_of_infectious_diseases_(niid)	nagano_environmental_conservation_research_institute
B/Fujian-Siming/1608/2019-egg	who_chinese_national_influenza_center	who_chinese_national_influenza_center
B/Guizhou-Chishui/53/2019-egg	who_chinese_national_influenza_center	who_chinese_national_influenza_center
B/Guangxi-Qinnan/319/2019-egg	who_chinese_national_influenza_center	who_chinese_national_influenza_center
B/Henan-Longting/113/2020-egg	who_chinese_national_influenza_center	who_chinese_national_influenza_center
B/Shandong-Decheng/1394/2019-egg	who_chinese_national_influenza_center	who_chinese_national_influenza_center
B/Guangdong-Qingcheng/1254/2019-egg	who_chinese_national_influenza_center	who_chinese_national_influenza_center
B/Neimenggu-Kundoulun/1354/2019-egg	who_chinese_national_influenza_center	who_chinese_national_influenza_center
B/Guizhou-Pingba/35/2019-egg	who_chinese_national_influenza_center	who_chinese_national_influenza_center
B/Guizhou-Qixinguan/1443/2019	who_chinese_national_influenza_center	who_chinese_national_influenza_center
B/Sichuan-Gaoxin/53/2019-egg	who_chinese_national_influenza_center	who_chinese_national_influenza_center
B/Sichuan-Gaoxin/53/2019	who_chinese_national_influenza_center	who_chinese_national_influenza_center
B/Guizhou-Xinyi/1910/2019-egg	who_chinese_national_influenza_center	who_chinese_national_influenza_center
B/Guizhou-Xixiu/19/2020-egg	who_chinese_national_influenza_center	who_chinese_national_influenza_center
B/Guangxi-Gangbei/1712/2019-egg	who_chinese_national_influenza_center	who_chinese_national_influenza_center
B/Guangxi-Xixiangtang/1423/2019-egg	who_chinese_national_influenza_center	who_chinese_national_influenza_center
B/Guangxi-Xixiangtang/1423/2019	who_chinese_national_influenza_center	who_chinese_national_influenza_center
B/Fujian-Tongan/1707/2019-egg	who_chinese_national_influenza_center	who_chinese_national_influenza_center
B/Guangxi-Fangcheng/1660/2019-egg	who_chinese_national_influenza_center	who_chinese_national_influenza_center
B/Fujian-Cangshan/1876/2019-egg	who_chinese_national_influenza_center	who_chinese_national_influenza_center
B/Guangdong-Chikan/1147/2019	who_chinese_national_influenza_center	who_chinese_national_influenza_center
B/Shanghai-Huangpu/1146/2019-egg	who_chinese_national_influenza_center	who_chinese_national_influenza_center
B/Shanghai-Huangpu/1146/2019	who_chinese_national_influenza_center	who_chinese_national_influenza_center
B/Guangdong-Zhenjiang/1233/2020-egg	who_chinese_national_influenza_center	who_chinese_national_influenza_center
B/Guangdong-Chengqu/8103/2019-egg	who_chinese_national_influenza_center	who_chinese_national_influenza_center
B/Guangdong-Chengqu/8103/2019	who_chinese_national_influenza_center	who_chinese_national_influenza_center
B/HongKong/574/2019	centers_for_disease_control_and_prevention	government_virus_unit
B/Lao/383/2020	centers_for_disease_control_and_prevention	national_center_for_laboratory_and_epidemiology
B/Victoria/1/2020	who_collaborating_centre_for_reference_and_research_on_influenza	victorian_infectious_diseases_reference_laboratory_
B/Yunnan-Qilin/1133/2020-egg	who_chinese_national_influenza_center	who_chinese_national_influenza_center
B/Yunnan-Qilin/1130/2020-egg	who_chinese_national_influenza_center	who_chinese_national_influenza_center
B/Yunnan-Qilin/1121/2020	who_chinese_national_influenza_center	who_chinese_national_influenza_center
B/Yunnan-Qilin/1121/2020-egg	centers_for_disease_control_and_prevention	who_chinese_national_influenza_center
B/HongKong/744/2019	centers_for_disease_control_and_prevention	government_virus_unit
B/Henan-Wolong/1250/2019	who_chinese_national_influenza_center	who_chinese_national_influenza_center
B/Guangdong/544/2020		sun_yat_sen_university_of_medical_sciences
B/Hainan-Wenchang/1457/2019	who_chinese_national_influenza_center	who_chinese_national_influenza_center
B/Neimenggu-Kundoulun/1325/2019-egg	who_chinese_national_influenza_center	who_chinese_national_influenza_center
B/Zhejiang-Kecheng/114/2020-egg	who_chinese_national_influenza_center	who_chinese_national_influenza_center
B/Zhejiang-Wenling/2273/2021-egg	who_chinese_national_influenza_center	who_chinese_national_influenza_center
B/Singapore/KK0670/2020	ministry_of_health,_singapore	ministry_of_health,_singapore
B/Henan-Chuanhui/1333/2019-egg	who_chinese_national_influenza_center	who_chinese_national_influenza_center
B/Hubei-Zengdou/1378/2019-egg	who_chinese_national_influenza_center	who_chinese_national_influenza_center
B/Hubei-Dongbao/310/2019-egg	who_chinese_national_influenza_center	who_chinese_national_influenza_center
B/Hubei-Dongbao/310/2019	who_chinese_national_influenza_center	who_chinese_national_influenza_center
B/Hunan-Jiahe/327/2019-egg	who_chinese_national_influenza_center	who_chinese_national_influenza_center
B/Guizhou-Honghuagang/1965/2019-egg	who_chinese_national_influenza_center	who_chinese_national_influenza_center
B/Guizhou-Honghuagang/1965/2019	who_chinese_national_influenza_center	who_chinese_national_influenza_center
B/Zhejiang-Kecheng/11058/2019-egg	who_chinese_national_influenza_center	who_chinese_national_influenza_center
B/Zhejiang-Kecheng/114/2020	who_chinese_national_influenza_center	who_chinese_national_influenza_center
B/Zhejiang-Kecheng/11058/2019	who_chinese_national_influenza_center	who_chinese_national_influenza_center
B/StPetersburg/RII-170/2020	crick_worldwide_influenza_centre	who_national_influenza_centre_russian_federation
B/Moscow/5/2020	n.f._gamaleya_research_center_for_epidemiology_and_microbiology	nic_russia,_ivanovsky_research_institute_of_virology
B/Armenia/1455/2019	crick_worldwide_influenza_centre	centre_for_diseases_control_and_prevention
B/Baramulla/AG_628/2020	cnr_virus_des_infections_respiratoires___france_sud	sher_i_kashmir_institute_of_medical_sciences
B/Rennes/2588/2020	cnr_virus_des_infections_respiratoires___france_sud	cnr_virus_des_infections_respiratoires___france_sud
B/Austria/1229377/2020	medical_university_vienna	department_of_virology,_medical_university_vienna
B/Bhutan/1616/2020	centers_for_disease_control_and_prevention	royal_centre_for_disease_control
B/Anantnag/AG_644/2020	cnr_virus_des_infections_respiratoires___france_sud	sher_i_kashmir_institute_of_medical_sciences
B/StPetersburg/RII-3042S/2020	who_national_influenza_centre_russian_federation	research_institute_of_influenza,_ministry_of_healthcare_of_the_russian_federation
B/Austria/1209447/2019	medical_university_vienna	department_of_virology,_medical_university_vienna
B/England/200280685/2020	microbiology_services_colindale,_public_health_england	microbiology_services_colindale,_public_health_england
B/Cyprus/F938/2020	centers_for_disease_control_and_prevention	nicosia_general_hospital
B/Cyprus/F938/2020-egg	centers_for_disease_control_and_prevention	nicosia_general_hospital
B/StPetersburg/RII-4204S/2020	who_national_influenza_centre_russian_federation	research_institute_of_influenza,_ministry_of_healthcare_of_the_russian_federation
B/Bulgaria/1114/2020	crick_worldwide_influenza_centre	national_centre_of_infectious_and_
B/Brisbane/6B/2020	who_collaborating_centre_for_reference_and_research_on_influenza	queensland_health_forensic_and_scientific_services_
B/Bahrain/584/2019	centers_for_disease_control_and_prevention	ministry_of_health_bahrain
B/Sweden/57/2020	public_health_agency_of_sweden	public_health_agency_of_sweden
B/Christchurch/501/2020	who_collaborating_centre_for_reference_and_research_on_influenza	canterbury_health_services
B/Victoria/30/2020	who_collaborating_centre_for_reference_and_research_on_influenza	alfred_hospital
B/NewMexico/1/2021	centers_for_disease_control_and_prevention	new_mexico_department_of_health
B/Guatemala/421/2022	centers_for_disease_control_and_prevention	laboratorio_nacional_de_salud_guatemala
B/Nebraska/2/2022	centers_for_disease_control_and_prevention	nebraska_public_health_lab
B/Honduras/9422/2021	centers_for_disease_control_and_prevention	laboratorio_nacional_de_virologia
B/NorthCarolina/1/2021	centers_for_disease_control_and_prevention	north_carolina_state_laboratory_of_public_health
B/NorthCarolina/1/2021-egg	centers_for_disease_control_and_prevention	north_carolina_state_laboratory_of_public_health
B/Nicaragua/12024-09AV1/2022		st._jude_children's_research_hospital,_host_microbe_interactions
B/Nicaragua/2413/2022	centers_for_disease_control_and_prevention	laboratorio_de_virologia,_direccion_de_microbiologia
B/Nicaragua/3018/2022	centers_for_disease_control_and_prevention	laboratorio_de_virologia,_direccion_de_microbiologia
B/Nicaragua/4804/2022	centers_for_disease_control_and_prevention	laboratorio_de_virologia,_direccion_de_microbiologia
B/Nicaragua/SJCRH-740889/2022	st._jude_children's_research_hospital	st._jude_children's_research_hospital
B/Nicaragua/SJCRH-740881/2022	st._jude_children's_research_hospital	st._jude_children's_research_hospital
B/Nicaragua/7309/2022	centers_for_disease_control_and_prevention	laboratorio_de_virologia,_direccion_de_microbiologia
B/Slovenia/1743/2020	crick_worldwide_influenza_centre	laboratory_for_virology,_national_institute_of_public_health
B/Israel/1056/2019	crick_worldwide_influenza_centre	central_virology_laboratory_israel_(nic)
B/Santiago/29615/2020	centers_for_disease_control_and_prevention	instituto_de_salud_publica_de_chile
B/Nagano/2773/2019	national_institute_of_infectious_diseases_(niid)	nagano_environmental_conservation_research_institute
B/Miyagi/1/2020	national_institute_of_infectious_diseases_(niid)	miyagi_prefectural_institute_of_public_health_and_environment
B/Lisbon/51/2019	crick_worldwide_influenza_centre	instituto_nacional_de_saude_(insa)
B/SouthKorea/10412/2019	u.s._air_force_school_of_aerospace_medicine	u.s._air_force_school_of_aerospace_medicine_
B/Srinigar/UG_49/2020	cnr_virus_des_infections_respiratoires___france_sud	sher_i_kashmir_institute_of_medical_sciences
B/Ganderbal/AG_343/2020	cnr_virus_des_infections_respiratoires___france_sud	sher_i_kashmir_institute_of_medical_sciences
B/NewHampshire/9/2020	centers_for_disease_control_and_prevention	new_hampshire_public_health_laboratories
B/SouthAustralia/7/2020	who_collaborating_centre_for_reference_and_research_on_influenza	institute_of_medical_and_veterinary_science_(imvs)
B/Oklahoma/11801/2020	u.s._air_force_school_of_aerospace_medicine	u.s._air_force_school_of_aerospace_medicine_
B/Texas/41/2020	centers_for_disease_control_and_prevention	baylor_scott_and_white_health
B/SouthKorea/11417/2020	u.s._air_force_school_of_aerospace_medicine	u.s._air_force_school_of_aerospace_medicine_
B/Krasnoyarsk/10/2020	centers_for_disease_control_and_prevention	russian_academy_of_medical_sciences
B/Romania/259033/2020	cantacuzino_institute	cantacuzino_institute
B/Milan/111/2020	crick_worldwide_influenza_centre	istituto_superiore_di_sanità_
B/Shanghai-Huangpu/11014/2019-egg	who_chinese_national_influenza_center	who_chinese_national_influenza_center
B/Shanghai-Huangpu/11014/2019	who_chinese_national_influenza_center	who_chinese_national_influenza_center
B/Washington/S27604/2019		the_brotman_baty_institute_for_precision_medicine
B/Washington/40/2020	centers_for_disease_control_and_prevention	washington_state_public_health_laboratory
B/Washington/12/2020	centers_for_disease_control_and_prevention	marshfield_clinic_research_foundation
B/Victoria/20/2020	who_collaborating_centre_for_reference_and_research_on_influenza	alfred_hospital
B/Washington/E8/2019	university_of_washington	seattle_flu_study
B/Washington/S28580/2020		the_brotman_baty_institute_for_precision_medicine
B/Santiago/7002/2020	centers_for_disease_control_and_prevention	instituto_de_salud_publica_de_chile
B/Ganderbal/UG_60/2020	cnr_virus_des_infections_respiratoires___france_sud	sher_i_kashmir_institute_of_medical_sciences
B/SriLanka/25/2020	who_collaborating_centre_for_reference_and_research_on_influenza	medical_research_institute
B/Wisconsin/141/2020	centers_for_disease_control_and_prevention	marshfield_clinic_research_foundation
B/Srinigar/AG_512/2020	cnr_virus_des_infections_respiratoires___france_sud	sher_i_kashmir_institute_of_medical_sciences
B/Kyoto-C/4/2020	national_institute_of_infectious_diseases_(niid)	kyoto_city_institute_of_health_and_environmental_sciences
B/Victoria/14/2020	who_collaborating_centre_for_reference_and_research_on_influenza	alfred_hospital
B/Baramulla/AG_576/2020	cnr_virus_des_infections_respiratoires___france_sud	sher_i_kashmir_institute_of_medical_sciences
B/Doda/AG_333/2020	cnr_virus_des_infections_respiratoires___france_sud	sher_i_kashmir_institute_of_medical_sciences
B/Baramulla/AG_365/2020	cnr_virus_des_infections_respiratoires___france_sud	sher_i_kashmir_institute_of_medical_sciences
B/Israel/1007/2019	crick_worldwide_influenza_centre	central_virology_laboratory_israel_(nic)
B/Israel/939/2019	crick_worldwide_influenza_centre	central_virology_laboratory_israel_(nic)
B/DistrictOfColumbia/24/2019	centers_for_disease_control_and_prevention	dc_public_health_lab
B/Stockholm/4/2021	crick_worldwide_influenza_centre	klinisk_mikrobiologi,_karolinska_universitetslaboratoriet,_karolinska_universitetssjukhuset_solna
B/Belgium/S1071/2020	crick_worldwide_influenza_centre	scientific_institute_of_public_health
B/AinWZein/1/2019	crick_worldwide_influenza_centre	rafic_hariri_university_hospital_4th_floor_dna/research_lab
B/Bekaa/BH_125_N/2019	cnr_virus_des_infections_respiratoires___france_sud	center_for_infectious_diseases_research_
B/Niigata/812/2020	national_institute_of_infectious_diseases_(niid)	niigata_prefectural_institute_of_public_health_and_environmental_sciences
B/Toamasina/11911/2021	crick_worldwide_influenza_centre	institut_pasteur_de_madagascar
B/Toamasina/12409/2021	crick_worldwide_influenza_centre	institut_pasteur_de_madagascar
B/Antsirabe/11818/2021	crick_worldwide_influenza_centre	institut_pasteur_de_madagascar
B/Norway/2446/2019	crick_worldwide_influenza_centre	who_national_influenza_centre
B/Yokohama/7/2020	national_institute_of_infectious_diseases_(niid)	yokohama_city_institute_of_public_health.
B/SouthKorea/11812/2020	u.s._air_force_school_of_aerospace_medicine	u.s._air_force_school_of_aerospace_medicine_
B/Braga/135/2019	crick_worldwide_influenza_centre	instituto_nacional_de_saude_(insa)
B/Victoria/28/2020-egg	who_collaborating_centre_for_reference_and_research_on_influenza	alfred_hospital
B/Victoria/28/2020	who_collaborating_centre_for_reference_and_research_on_influenza	alfred_hospital
B/SouthAfrica/R13525/2021	crick_worldwide_influenza_centre	national_institute_for_communicable_disease
B/NewHampshire/1/2021-egg	centers_for_disease_control_and_prevention	new_hampshire_public_health_laboratories
B/NewHampshire/1/2021	centers_for_disease_control_and_prevention	new_hampshire_public_health_laboratories
B/Illinois/2/2020	centers_for_disease_control_and_prevention	indiana_state_department_of_health_laboratories
B/Latvia/10-010670/2019	crick_worldwide_influenza_centre	state_agency,_infectology_center_of_latvia
B/Stockholm/11/2019	public_health_agency_of_sweden	klinisk_mikrobiologi,_karolinska_universitetslaboratoriet,_karolinska_universitetssjukhuset_solna
B/England/201061188/2020	uk_health_security_agency___colindale	uk_health_security_agency___colindale
B/HongKong/31/2020	crick_worldwide_influenza_centre	hong_kong_department_of_health
B/Singapore/GP0039/2020	ministry_of_health,_singapore	ministry_of_health,_singapore
B/Srinigar/UG_34/2019	cnr_virus_des_infections_respiratoires___france_sud	sher_i_kashmir_institute_of_medical_sciences
B/Bulgaria/30/2020	centers_for_disease_control_and_prevention	national_influenza_laboratory,_natl._center_of_inf._&_parasitic_dis
B/Sapporo/1/2020	national_institute_of_infectious_diseases_(niid)	sapporo_city_institute_of_public_health
B/Utah/20/2020	centers_for_disease_control_and_prevention	vanderbilt_university_medical_center
B/Washington/S27948/2019		the_brotman_baty_institute_for_precision_medicine
B/Washington/119/2020	centers_for_disease_control_and_prevention	marshfield_clinic_research_foundation
B/Nevada/9941/2019	u.s._air_force_school_of_aerospace_medicine	u.s._air_force_school_of_aerospace_medicine_
B/Connecticut/11/2020	centers_for_disease_control_and_prevention	connecticut_department._of_public_health
B/Utah/12/2019	centers_for_disease_control_and_prevention	utah_department_of_health
B/Wisconsin/295/2020	centers_for_disease_control_and_prevention	marshfield_clinic_research_foundation
B/Santiago/7021/2020	centers_for_disease_control_and_prevention	instituto_de_salud_publica_de_chile
B/Kawasaki/7/2020	national_institute_of_infectious_diseases_(niid)	kawasaki_city_institute_of_public_health_
B/NewJersey/9/2020	centers_for_disease_control_and_prevention	new_jersey_department_of_health_&_senior_services
B/Yokohama/29/2020	national_institute_of_infectious_diseases_(niid)	yokohama_city_institute_of_public_health.
B/NewYork/10623/2019	u.s._air_force_school_of_aerospace_medicine	u.s._air_force_school_of_aerospace_medicine_
B/Nagano/2102/2020	national_institute_of_infectious_diseases_(niid)	nagano_environmental_conservation_research_institute
B/Canberra/3/2020	who_collaborating_centre_for_reference_and_research_on_influenza	canberra_hospital
B/Iwate/1/2020	national_institute_of_infectious_diseases_(niid)	research_institute_for_environmental_sciences_and_public_health_of_iwate_prefecture
B/Singapore/GP0319/2020	ministry_of_health,_singapore	ministry_of_health,_singapore