strain	submitting_lab	originating_lab
B/Taiwan/21706/1997	other_database_import	
B/HongKong/22/2001	other_database_import	
B/HongKong/6/2001-egg	ns	seasonal_vic
B/Akita/27/2001-egg	ns	seasonal_vic
B/HongKong/330/2001-egg	ns	seasonal_vic
B/HongKong/330/2001	other_database_import	
B/HongKong/123/2001-egg	ns	seasonal_vic
B/HongKong/28/2001	other_database_import	
B/HongKong/1434/2002-egg	ns	seasonal_vic
B/HongKong/1115/2002-egg	ns	seasonal_vic
B/HongKong/167/2002-egg	ns	seasonal_vic
B/Hawaii/10/2001-egg	ns	seasonal_vic
B/Trieste/28/2002	other_database_import	
B/Yamagata/222/2002	other_database_import	
B/Shandong/7/1997	other_database_import	erasmus_medical_center
B/Henan/22/1997	other_database_import	
B/Nanchang/2/1997	other_database_import	
B/Aichi/3/1998	other_database_import	
B/Beijing/243/1997	other_database_import	
B/Osaka/547/1997	other_database_import	
B/Aichi/33/1997	other_database_import	
B/Aichi/15/1997	other_database_import	
B/Chiba/447/1998	other_database_import	
B/Taiwan/1484/2001	other_database_import	
B/Malaysia/15048/1998	other_database_import	
B/Nanchang/6/1998	other_database_import	
B/Aichi/20/1999	other_database_import	
B/Shiga/51/1998	other_database_import	
B/Taiwan/39/2004	other_database_import	
B/Taiwan/70878/2005	other_database_import	
B/HongKong/537/2009	centers_for_disease_control_and_prevention	government_virus_unit
B/Taiwan/70299/2005	other_database_import	
B/Taiwan/70555/2005	other_database_import	
B/Taiwan/70149/2005	other_database_import	
B/Taiwan/52/2005	other_database_import	
B/Taiwan/70007/2005	other_database_import	
B/Taiwan/70949/2005	other_database_import	
B/Taiwan/204/2005	other_database_import	
B/Taiwan/501/2005	other_database_import	
B/Taiwan/72266/2004	other_database_import	
B/Taiwan/70122/2005	other_database_import	
B/Taiwan/70325/2005	other_database_import	
B/Taiwan/710/2005	other_database_import	
B/Taiwan/219/2005	other_database_import	
B/Taiwan/188/2005	other_database_import	
B/Malaysia/33772/2005	other_database_import	
B/Malaysia/33808/2006	other_database_import	
B/Malaysia/33937/2006	other_database_import	
B/Malaysia/1781325/2007	other_database_import	
B/Malaysia/30474/2004	other_database_import	
B/HongKong/310/2004-egg	ns	seasonal_vic
B/HongKong/310/2004	other_database_import	
B/Malaysia/34094/2006	other_database_import	
B/Malaysia/33951/2006	other_database_import	
B/Malaysia/1733951/2007	other_database_import	
B/Malaysia/33021/2005	other_database_import	
B/Malaysia/33271/2005	other_database_import	
B/Malaysia/34079/2006	other_database_import	
B/Malaysia/33922/2006	other_database_import	
B/Malaysia/1723975/2007	other_database_import	
B/Malaysia/30552/2004	other_database_import	
B/Malaysia/29570/2004	other_database_import	
B/Taiwan/90680/2005	other_database_import	
B/Townsville/9/2005	other_database_import	
B/Townsville/6/2005	other_database_import	
B/Wellington/1/2005	other_database_import	
B/Wellington/28/2005	other_database_import	
B/Wellington/94/2005	other_database_import	
B/Christchurch/209/2005	other_database_import	
B/Waikato/16/2005	other_database_import	
B/Malaysia/31529/2005	other_database_import	
B/Malaysia/30238/2004	other_database_import	
B/Sydney/19/2005	other_database_import	
B/Malaysia/30589/2005	other_database_import	
B/Malaysia/31752/2005	other_database_import	
B/Jiangsu-Jingjiang/33/2012	centers_for_disease_control_and_prevention	who_chinese_national_influenza_center
B/Taiwan/55/2009	centers_for_disease_control_and_prevention	adimmune_corporation
B/Macau/601485/2010	who_collaborating_centre_for_reference_and_research_on_influenza	laboratorio_de_saude_publico
B/Philippines/2118/2010	who_collaborating_centre_for_reference_and_research_on_influenza	research_institute_of_tropical_medicine
B/Lao/225/2009	centers_for_disease_control_and_prevention	national_center_for_laboratory_and_epidemiology
B/Vietnam/532/2009	centers_for_disease_control_and_prevention	national_institute_of_hygiene_and_epidemiology
B/Singapore/19/2009	centers_for_disease_control_and_prevention	singapore_general_hospital
B/Vietnam/244/2009	centers_for_disease_control_and_prevention	national_institute_of_hygiene_and_epidemiology
B/Vietnam/132/2009	centers_for_disease_control_and_prevention	national_institute_of_hygiene_and_epidemiology
B/Singapore/DSO_0003/2009	other_database_import	
B/Singapore/DSO_0070/2009	other_database_import	
B/Singapore/DSO_0005/2009	other_database_import	
B/Singapore/616/2008	who_collaborating_centre_for_reference_and_research_on_influenza	singapore_general_hospital
B/Singapore/DSO_0100/2009	other_database_import	
B/Thailand/CU-B2390/2010	other_database_import	
B/Saskatchewan/RV3845/2010	centers_for_disease_control_and_prevention	national_microbiology_laboratory,_health_canada
B/Vietnam/85/2011	centers_for_disease_control_and_prevention	national_institute_of_hygiene_and_epidemiology
B/Vietnam/92/2011	centers_for_disease_control_and_prevention	national_institute_of_hygiene_and_epidemiology
B/Cambodia/1412/2011-egg	centers_for_disease_control_and_prevention	national_public_health_laboratory
B/Cambodia/1412/2011	centers_for_disease_control_and_prevention	national_public_health_laboratory
B/Vietnam/248/2010	centers_for_disease_control_and_prevention	pasteur_institute,_influenza_laboratory
B/Thailand/CU-B4585/2011	other_database_import	
B/Cambodia/2/2011	who_collaborating_centre_for_reference_and_research_on_influenza	institute_pasteur_du_cambodia
B/Taiwan/2170/2004	other_database_import	
B/Taiwan/166/2005	other_database_import	
B/Taiwan/70061/2006	other_database_import	
B/Taiwan/68/2005	other_database_import	
B/Taiwan/94/2005	other_database_import	
B/Taiwan/597/2005	other_database_import	
B/India/VD1041860/2010	other_database_import	
B/India/6613/2010	centers_for_disease_control_and_prevention	national_institute_of_virology
B/India/5908/2010	centers_for_disease_control_and_prevention	national_institute_of_virology
B/Malaysia/30743/2005	other_database_import	
B/Nepal/1331/2005-egg	ns	seasonal_vic
B/Nepal/1331/2005	other_database_import	
B/Taiwan/70/2005	other_database_import	
B/Sydney/79/2006	other_database_import	
B/Sydney/10/2006	other_database_import	
B/Sydney/9/2006	other_database_import	
B/Sydney/509/2006	other_database_import	
B/Taiwan/523/2005	other_database_import	
B/Malaysia/2506/2004-egg	other_database_import	
B/Taiwan/642/2005	other_database_import	
B/Taiwan/417/2005-egg	other_database_import	
B/Taiwan/417/2005	other_database_import	
B/Taiwan/70690/2006	other_database_import	
B/Lao/1232/2009	centers_for_disease_control_and_prevention	national_institute_of_infectious_diseases_(niid)
B/Hunan-Lingling/38/2009	centers_for_disease_control_and_prevention	who_chinese_national_influenza_center
B/Guangxi-Yizhou/312/2009	centers_for_disease_control_and_prevention	who_chinese_national_influenza_center
B/Hunan-Suxian/113/2010	centers_for_disease_control_and_prevention	who_chinese_national_influenza_center
B/HunanYuhu/311/2009	centers_for_disease_control_and_prevention	who_chinese_national_influenza_center
B/HubeiXiling/35/2009-egg	centers_for_disease_control_and_prevention	who_chinese_national_influenza_center
B/Sydney/3/2009	other_database_import	clinical_virology_unit,_cdim
B/HubeiJiangan/1183/2009	centers_for_disease_control_and_prevention	who_chinese_national_influenza_center
B/Fujian/Gulou1272/2008-egg	other_database_import	
B/Jiangxi-Guixi/166/2009	centers_for_disease_control_and_prevention	who_chinese_national_influenza_center
B/HongKong/230/2009-egg	centers_for_disease_control_and_prevention	government_virus_unit
B/HongKong/230/2009	centers_for_disease_control_and_prevention	government_virus_unit
B/Hunan-Yuhua/1265/2011	who_chinese_national_influenza_center	who_chinese_national_influenza_center
B/Phuket/53/2012	who_collaborating_centre_for_reference_and_research_on_influenza	who_national_influenza_centre,_national_institute_of_medical_research_(nimr)
B/Nicaragua/AGB2-11/2012	other_database_import	
B/Macau/600042/2012	who_collaborating_centre_for_reference_and_research_on_influenza	laboratorio_de_saude_publico
B/Macau/200143/2012	who_collaborating_centre_for_reference_and_research_on_influenza	laboratorio_de_saude_publico
B/Macau/200052/2012	who_collaborating_centre_for_reference_and_research_on_influenza	laboratorio_de_saude_publico
B/Hunan-Hecheng/1104/2011	who_chinese_national_influenza_center	who_chinese_national_influenza_center
B/HongKong/3534/2012	crick_worldwide_influenza_centre	public_health_laboratory_services_branch,_centre_for_health_protection
B/HongKong/3496/2012	crick_worldwide_influenza_centre	government_virus_unit
B/Shanghai-Luwan/1135/2011-egg	who_chinese_national_influenza_center	who_chinese_national_influenza_center
B/Jiangsu-Canglang/1132/2012-egg	centers_for_disease_control_and_prevention	who_chinese_national_influenza_center
B/Shanghai-Putuo/1623/2011	centers_for_disease_control_and_prevention	who_chinese_national_influenza_center
B/Hunan-Lusong/1645/2011	centers_for_disease_control_and_prevention	who_chinese_national_influenza_center
B/Sichuan-Bazhou/1249/2011	centers_for_disease_control_and_prevention	who_chinese_national_influenza_center
B/Kansas/1/2012	centers_for_disease_control_and_prevention	kansas_department_of_health_and_environment
B/Guangdong-Dongguanbendi/1900/2011	centers_for_disease_control_and_prevention	who_chinese_national_influenza_center
B/Shanghai-Songjiang/1473/2010	centers_for_disease_control_and_prevention	who_chinese_national_influenza_center
B/FujianSiming/118/2009	centers_for_disease_control_and_prevention	who_chinese_national_influenza_center
B/Shanghai-Songjiang/176/2011-egg	who_chinese_national_influenza_center	who_chinese_national_influenza_center
B/Shanghai-Songjiang/176/2011	who_chinese_national_influenza_center	who_chinese_national_influenza_center
B/ChongqingYuzhong/1342/2010-egg	centers_for_disease_control_and_prevention	who_chinese_national_influenza_center
B/Chongqing-Yuzhong/1384/2010-egg	centers_for_disease_control_and_prevention	who_chinese_national_influenza_center
B/Hubei-Jiangan/12/2012	centers_for_disease_control_and_prevention	who_chinese_national_influenza_center
B/Beijing-Chaoyang/1147/2012	centers_for_disease_control_and_prevention	who_chinese_national_influenza_center
B/HongKong/3525/2012	centers_for_disease_control_and_prevention	public_health_laboratory_services_branch,_centre_for_health_protection
B/Thailand/CU-B6240/2012	other_database_import	
B/Norway/2090/2012	crick_worldwide_influenza_centre	st._olavs_hospital_hf,_dept._of_medical_microbiology
B/Santiago/84220/2013	centers_for_disease_control_and_prevention	instituto_de_salud_publica_de_chile_
B/Bolivia/3136/2012	centers_for_disease_control_and_prevention	instituto_nacional_de_laboratoriosde_salud_(inlasa)
B/Montana/5/2012-egg	centers_for_disease_control_and_prevention	montana_laboratory_services_bureau
B/Montana/5/2012	centers_for_disease_control_and_prevention	montana_laboratory_services_bureau
B/Sichuan-Wenjiang/279/2011	who_chinese_national_influenza_center	who_chinese_national_influenza_center
B/Chongqing-Jiulongpo/39/2011	who_chinese_national_influenza_center	who_chinese_national_influenza_center
B/Sichuan-Maerkang/166/2011	centers_for_disease_control_and_prevention	who_chinese_national_influenza_center
B/Sichuan-Jinjiang/277/2011	who_chinese_national_influenza_center	who_chinese_national_influenza_center
B/StPetersburg/44/2012-egg	centers_for_disease_control_and_prevention	russian_academy_of_medical_sciences
B/StPetersburg/24C2/2012	crick_worldwide_influenza_centre	who_national_influenza_centre_russian_federation
B/Jiangsu-Pingjiang/1603/2011	centers_for_disease_control_and_prevention	who_chinese_national_influenza_center
B/Victoria/500/2012	who_collaborating_centre_for_reference_and_research_on_influenza	monash_medical_centre
B/Guangdong-Huicheng/1235/2011	who_chinese_national_influenza_center	who_chinese_national_influenza_center
B/Chongqing-Yuzhong/1651/2011-egg	centers_for_disease_control_and_prevention	who_chinese_national_influenza_center
B/Macau/200200/2012	who_collaborating_centre_for_reference_and_research_on_influenza	laboratorio_de_saude_publico
B/Guangdong-Luohu/1351/2011-egg	centers_for_disease_control_and_prevention	who_chinese_national_influenza_center
B/Hunan-Suxian/56/2011-egg	who_chinese_national_influenza_center	who_chinese_national_influenza_center
B/Hunan-Suxian/54/2011	who_chinese_national_influenza_center	who_chinese_national_influenza_center
B/Fujian-Tongan/1150/2011	centers_for_disease_control_and_prevention	who_chinese_national_influenza_center
B/Jiangxi-Donghu/1413/2011	centers_for_disease_control_and_prevention	who_chinese_national_influenza_center
B/Jiangsu-Nanjinggulou/182/2012	centers_for_disease_control_and_prevention	who_chinese_national_influenza_center
B/HongKong/3508/2012	crick_worldwide_influenza_centre	government_virus_unit
B/Lao/11/2013	centers_for_disease_control_and_prevention	national_center_for_laboratory_and_epidemiology
B/Lao/90/2012	centers_for_disease_control_and_prevention	national_center_for_laboratory_and_epidemiology
B/Shanghai-Jingan/1392/2011-egg	centers_for_disease_control_and_prevention	who_chinese_national_influenza_center
B/Shanghai-Songjiang/1204/2011-egg	who_chinese_national_influenza_center	who_chinese_national_influenza_center
B/Jiangsu-Nanjinggulou/1655/2011	who_chinese_national_influenza_center	who_chinese_national_influenza_center
B/Hunan-Lusong/1540/2011	centers_for_disease_control_and_prevention	who_chinese_national_influenza_center
B/HongKong/3553/2012	centers_for_disease_control_and_prevention	government_virus_unit
B/Norway/710/2012	crick_worldwide_influenza_centre	who_national_influenza_centre
B/Waikato/20/2002	other_database_import	
B/Brisbane/34/2002	other_database_import	queensland_health_forensic_and_scientific_services_
B/NewYork/1053/2002	other_database_import	
B/Hawaii/NHRC0001/2003	other_database_import	
B/Houston/B88/2003	other_database_import	
B/Victoria/502/2002	other_database_import	
B/Victoria/150/2002	other_database_import	
B/Sydney/1/2002	other_database_import	
B/Sydney/211/2002	other_database_import	
B/Sydney/2/2002	other_database_import	
B/NewYork/1049/2002	other_database_import	
B/Houston/B70/2002	other_database_import	
B/NewYork/1051/2002	other_database_import	
B/Sydney/72/2002	other_database_import	
B/Houston/B75/2002	other_database_import	
B/Houston/B74/2002	other_database_import	
B/Brisbane/32/2002-egg	ns	seasonal_vic
B/Townsville/4/2002	other_database_import	
B/Waikato/3/2002	other_database_import	
B/Waikato/22/2002	other_database_import	
B/Christchurch/119/2002	other_database_import	
B/Houston/B81/2003	other_database_import	
B/SouthCarolina/4/2003	other_database_import	
B/Houston/B71/2002	other_database_import	
B/Houston/B87/2003	other_database_import	
B/Missouri/NHRC0001/2003	other_database_import	
B/HongKong/1351/2002-egg	ns	seasonal_vic
B/Taiwan/3246/2002-egg	other_database_import	
B/Houston/B77/2002	other_database_import	
B/NewYork/1059/2003	other_database_import	
B/Taiwan/2643/2002-egg	other_database_import	
B/Georgia/NHRC0001/2003	other_database_import	
B/NewYork/1056/2003	other_database_import	
B/NewYork/1057/2003	other_database_import	
B/NewYork/1055/2003	other_database_import	
B/Yamagata/115/2003	other_database_import	
B/NewYork/1058/2003	other_database_import	
B/Temple/B18/2003	other_database_import	
B/Temple/B20/2003	other_database_import	
B/Temple/B24/2003	other_database_import	
B/Temple/B19/2003	other_database_import	
B/Hawaii/33/2004	other_database_import	
B/Taiwan/71207/2004	other_database_import	
B/Hawaii/13/2004-egg	ns	seasonal_vic
B/Hawaii/11/2004-egg	ns	seasonal_vic
B/Taiwan/91061/2005	other_database_import	
B/Taiwan/61/2004	other_database_import	
B/Taiwan/110/2005	other_database_import	
B/Taiwan/473/2005	other_database_import	
B/Taiwan/75/2004	other_database_import	
B/Taiwan/74/2004	other_database_import	
B/Townsville/9/2002	other_database_import	
B/Brisbane/24/2002-egg	other_database_import	
B/Brisbane/25/2002-egg	other_database_import	
B/Memphis/13/2003	other_database_import	
B/Brisbane/30/2002-egg	other_database_import	
B/Illinois/NHRC0001/2003	other_database_import	
B/California/NHRC0005/2003	other_database_import	
B/Brisbane/72/2002	other_database_import	
B/Brisbane/27/2002-egg	other_database_import	
B/California/NHRC0004/2003	other_database_import	
B/Jeju/303/2003	other_database_import	
B/HongKong/553a/2003	other_database_import	
B/Victoria/347/2002	other_database_import	
B/Victoria/133/2002	other_database_import	
B/Victoria/354/2002	other_database_import	
B/Townsville/1/2002	other_database_import	
B/Victoria/503/2002	other_database_import	
B/Victoria/127/2002	other_database_import	
B/Tehran/80/2002	other_database_import	
B/Sydney/204/2002	other_database_import	
B/Barcelona/215/2003	other_database_import	
B/Israel/95/2003	other_database_import	
B/Christchurch/111/2002	other_database_import	
B/Christchurch/133/2002	other_database_import	
B/Auckland/1/2003	other_database_import	
B/Moscow/3/2003	other_database_import	
B/Geneva/5079/2003	other_database_import	
B/Temple/B21/2003	other_database_import	
B/Paraguay/636/2003	other_database_import	
B/Taiwan/76/2003	other_database_import	
B/Taiwan/937/2003	other_database_import	
B/LosAngeles/1/2002	other_database_import	
B/Temple/B17/2003	other_database_import	
B/Houston/B79/2003	other_database_import	
B/Temple/B30/2003	other_database_import	
B/NewYork/1394/2003	other_database_import	
B/Sydney/505/2007	other_database_import	
B/Texas/NHRC0001/2006	other_database_import	
B/JiangsuGulou/125/2009	centers_for_disease_control_and_prevention	who_chinese_national_influenza_center
B/Kenya/1577/2012	centers_for_disease_control_and_prevention	cdc_kenya
B/Mississippi/UR06-0317/2007	other_database_import	
B/NewYork/1122/2007	other_database_import	
B/Victoria/303/2006	other_database_import	
B/NewYork/1091/2006	other_database_import	
B/NewYork/1097/2006	other_database_import	
B/HongKong/90/2008-egg	who_collaborating_centre_for_reference_and_research_on_influenza	centers_for_disease_control_and_prevention
B/Brisbane/2/2007	other_database_import	queensland_health_scientific_services
B/California/NHRC0001/2006	other_database_import	
B/Christchurch/75/2006	other_database_import	
B/Brisbane/13/2006	other_database_import	
B/Brisbane/11/2007	other_database_import	
B/Perth/350/2010	who_collaborating_centre_for_reference_and_research_on_influenza	pathwest_qe_ii_medical_centre
B/Pennsylvania/4/2008	centers_for_disease_control_and_prevention	
B/Wellington/85/2006	other_database_import	
B/Brisbane/4/2007	other_database_import	
B/Brisbane/77/2006	other_database_import	
B/NewYork/1111/2007	other_database_import	
B/NewYork/1126/2007	other_database_import	
B/NewYork/1110/2007	other_database_import	
B/NewYork/1108/2007	other_database_import	
B/Victoria/307/2005	other_database_import	
B/Townsville/2/2008	other_database_import	queensland_health_scientific_services
B/Alaska/9/2008	centers_for_disease_control_and_prevention	
B/Sydney/548/2008	other_database_import	
B/Victoria/506/2008	other_database_import	
B/Sydney/521/2008	other_database_import	
B/Townsville/101/2008	other_database_import	
B/Brisbane/54/2008	other_database_import	
B/Sydney/65/2008	other_database_import	
B/Mississippi/7/2008	centers_for_disease_control_and_prevention	
B/Mississippi/6/2008	centers_for_disease_control_and_prevention	
B/Brisbane/171/2008	other_database_import	
B/SouthCarolina/NHRC0001/2006	other_database_import	
B/Michigan/4/2006-egg	ns	seasonal_vic
B/Texas/UR06-0343/2007	other_database_import	
B/Sydney/504/2007	other_database_import	
B/Brisbane/10/2007	other_database_import	
B/Victoria/207/2007	other_database_import	
B/Victoria/217/2007	other_database_import	
B/Brisbane/13/2007	other_database_import	
B/CostaRica/123/2008	centers_for_disease_control_and_prevention	
B/Victoria/210/2007	other_database_import	victorian_infectious_diseases_reference_laboratory_
B/Brisbane/22/2007	other_database_import	
B/Texas/UR06-0541/2007	other_database_import	
B/Sydney/300/2007	other_database_import	
B/Brisbane/7/2007	other_database_import	
B/Brisbane/20/2007	other_database_import	
B/Brisbane/15/2007	other_database_import	
B/Victoria/206/2007	other_database_import	
B/Bolivia/71/2010	centers_for_disease_control_and_prevention	instituto_nacional_de_laboratoriosde_salud_(inlasa)
B/Peru/8510/2010	centers_for_disease_control_and_prevention	us_namru_6
B/Bolivia/1495/2010	centers_for_disease_control_and_prevention	
B/Antofagasta/15020/2010	centers_for_disease_control_and_prevention	instituto_de_salud_publica_de_chile_
B/Bolivia/1470/2010-egg	centers_for_disease_control_and_prevention	cenetrop
B/Bolivia/1500/2010	centers_for_disease_control_and_prevention	cenetrop
B/Bolivia/104/2010-egg	centers_for_disease_control_and_prevention	instituto_nacional_de_laboratoriosde_salud_(inlasa)
B/Bolivia/1526/2010-egg	centers_for_disease_control_and_prevention	cenetrop
B/Bolivia/1526/2010	centers_for_disease_control_and_prevention	cenetrop
B/Argentina/159/2010	centers_for_disease_control_and_prevention	instituto_nacional_de_enfermedades_infecciosas
B/Argentina/158/2010	centers_for_disease_control_and_prevention	national_institute_for_medical_research
B/Argentina/211/2010	centers_for_disease_control_and_prevention	instituto_nacional_de_enfermedades_infecciosas
B/Bolivia/93/2010	centers_for_disease_control_and_prevention	instituto_nacional_de_laboratoriosde_salud_(inlasa)
B/Bolivia/104/2010	centers_for_disease_control_and_prevention	instituto_nacional_de_laboratoriosde_salud_(inlasa)
B/DominicanRepublic/1078/2009	centers_for_disease_control_and_prevention	laboratorio_de_investigacion_/_centro_de_educacion_medica_y_amistad_dominico_japones_(cemadoja)
B/Ohio/2/2009-egg	centers_for_disease_control_and_prevention	ohio_department_of_health_laboratories
B/Florida/14/2008	centers_for_disease_control_and_prevention	
B/Florida/16/2008	centers_for_disease_control_and_prevention	
B/Maryland/6/2009	centers_for_disease_control_and_prevention	maryland_department_of_health_and_mental_hygiene
B/Brazil/2319/2011	centers_for_disease_control_and_prevention	instituto_adolfo_lutz
B/Oregon/3/2009-egg	centers_for_disease_control_and_prevention	laboratorio_de_investigacion_/_centro_de_educacion_medica_y_amistad_dominico_japones_(cemadoja)
B/Santiago/18086/2011	centers_for_disease_control_and_prevention	instituto_de_salud_publica_de_chile_
B/WestVirginia/1/2009	centers_for_disease_control_and_prevention	west_virginia_office_of_laboratory_services
B/Ohio/2/2009	centers_for_disease_control_and_prevention	ohio_department_of_health_laboratories
B/Guatemala/713/2010-egg	centers_for_disease_control_and_prevention	laboratorio_nacional_de_salud_guatemala
B/Guatemala/713/2010	centers_for_disease_control_and_prevention	laboratorio_nacional_de_salud_guatemala
B/Mississippi/8/2010-egg	centers_for_disease_control_and_prevention	mississippi_public_health_laboratory
B/Mississippi/3/2010	centers_for_disease_control_and_prevention	mississippi_public_health_laboratory
B/Guatemala/235/2010-egg	centers_for_disease_control_and_prevention	laboratorio_nacional_de_salud_guatemala
B/NewYork/1300/2011	other_database_import	
B/NewMexico/1/2010	centers_for_disease_control_and_prevention	new_mexico_department_of_health
B/Nebraska/6/2011	centers_for_disease_control_and_prevention	nebraska_public_health_lab
B/Iceland/48/2011	crick_worldwide_influenza_centre	landspitali___university_hospital_
B/Iceland/21/2011	crick_worldwide_influenza_centre	landspitali___university_hospital_
B/Michigan/4/2011	centers_for_disease_control_and_prevention	michigan_department_of_community_health
B/Georgia/7/2010	centers_for_disease_control_and_prevention	georgia_public_health_laboratory
B/Georgia/7/2010-egg	centers_for_disease_control_and_prevention	georgia_public_health_laboratory
B/Mexico/3087/2011-egg	centers_for_disease_control_and_prevention	laboratorio_de_virus_respiratorio
B/Santiago/14210/2011	centers_for_disease_control_and_prevention	instituto_de_salud_publica_de_chile_
B/Michigan/5/2011	centers_for_disease_control_and_prevention	michigan_department_of_community_health
B/DominicanRepublic/5486/2011-egg	centers_for_disease_control_and_prevention	laboratorio_de_investigacion_/_centro_de_educacion_medica_y_amistad_dominico_japones_(cemadoja)
B/Colorado/3/2011	centers_for_disease_control_and_prevention	colorado_department_of_health_lab
B/NorthCarolina/2/2011	centers_for_disease_control_and_prevention	north_carolina_state_laboratory_of_public_health
B/Wisconsin/6/2011	centers_for_disease_control_and_prevention	wisconsin_state_laboratory_of_hygiene
B/Paraguay/241/2011	centers_for_disease_control_and_prevention	central_laboratory_of_public_health
B/Wyoming/2/2011	centers_for_disease_control_and_prevention	wyoming_public_health_laboratory
B/Nebraska/4/2011-egg	centers_for_disease_control_and_prevention	nebraska_public_health_lab
B/NewYork/1260/2011	other_database_import	
B/NorthDakota/2/2011-egg	centers_for_disease_control_and_prevention	north_dakota_department_of_health
B/Cameroon/LEID/07/2011/1846/2011	crick_worldwide_influenza_centre	centre_pasteur_du_cameroun
B/Yaounde/11V-20028/2011	crick_worldwide_influenza_centre	centre_pasteur_du_cameroun
B/Yaounde/11V-18591/2011	crick_worldwide_influenza_centre	centre_pasteur_du_cameroun
B/Michigan/9/2011-egg	centers_for_disease_control_and_prevention	michigan_department_of_community_health
B/Georgia/28/2010-egg	centers_for_disease_control_and_prevention	georgia_public_health_laboratory
B/NewYork/1316/2011	other_database_import	
B/Georgia/10/2010	centers_for_disease_control_and_prevention	georgia_public_health_laboratory
B/Florida/5/2011	centers_for_disease_control_and_prevention	florida_department_of_health_jacksonville
B/Kentucky/4/2011	centers_for_disease_control_and_prevention	kentucky_division_of_laboratory_services
B/Virginia/3/2011	centers_for_disease_control_and_prevention	virginia_division_of_consolidated_laboratories
B/Virginia/2/2011	centers_for_disease_control_and_prevention	virginia_division_of_consolidated_laboratories
B/Santiago/14666/2011	centers_for_disease_control_and_prevention	instituto_de_salud_publica_de_chile_
B/Peru/6253/2012	centers_for_disease_control_and_prevention	namru_6
B/Attecoube/GR887/2011	crick_worldwide_influenza_centre	pasteur_institut_of_côte_d'ivoire
B/Mali-PERCH/5/2013	kemri_wellcome_trust_research_programme_(kwtrp)	kemri_wellcome_trust_research_programme_(kwtrp)
B/Mali-PERCH/1/2013	kemri_wellcome_trust_research_programme_(kwtrp)	kemri_wellcome_trust_research_programme_(kwtrp)
B/Mali-PERCH/4/2013	kemri_wellcome_trust_research_programme_(kwtrp)	kemri_wellcome_trust_research_programme_(kwtrp)
B/Mali-PERCH/2/2013	kemri_wellcome_trust_research_programme_(kwtrp)	kemri_wellcome_trust_research_programme_(kwtrp)
B/Mali-PERCH/6/2013	kemri_wellcome_trust_research_programme_(kwtrp)	kemri_wellcome_trust_research_programme_(kwtrp)
B/Mali-PERCH/3/2013	kemri_wellcome_trust_research_programme_(kwtrp)	kemri_wellcome_trust_research_programme_(kwtrp)
B/BurkinaFaso/1080/2013	centers_for_disease_control_and_prevention	irss
B/BurkinaFaso/1078/2013	centers_for_disease_control_and_prevention	irss
B/Michigan/1/2012	centers_for_disease_control_and_prevention	michigan_department_of_community_health
B/Santiago/6025/2011-egg	centers_for_disease_control_and_prevention	instituto_de_salud_publica_de_chile_
B/Gambia-PERCH/5/2013	kemri_wellcome_trust_research_programme_(kwtrp)	kemri_wellcome_trust_research_programme_(kwtrp)
B/Niakhar/1790/2013	centers_for_disease_control_and_prevention	institut_pasteur_de_dakar
B/Niakhar/1733/2013	centers_for_disease_control_and_prevention	institut_pasteur_de_dakar
B/Niakhar/991/2013	centers_for_disease_control_and_prevention	institut_pasteur_de_dakar
B/Gambia-PERCH/3/2013	kemri_wellcome_trust_research_programme_(kwtrp)	kemri_wellcome_trust_research_programme_(kwtrp)
B/Gambia-PERCH/4/2013	kemri_wellcome_trust_research_programme_(kwtrp)	kemri_wellcome_trust_research_programme_(kwtrp)
B/BurkinaFaso/285/2014	centers_for_disease_control_and_prevention	irss
B/Niakhar/1770/2013	centers_for_disease_control_and_prevention	institut_pasteur_de_dakar
B/Gambia-PERCH/2/2013	kemri_wellcome_trust_research_programme_(kwtrp)	kemri_wellcome_trust_research_programme_(kwtrp)
B/Niakhar/1903/2013	centers_for_disease_control_and_prevention	institut_pasteur_de_dakar
B/Washington/2/2014	centers_for_disease_control_and_prevention	spokane_regional_health_district
B/Niigata/13F290/2014	other_database_import	
B/Niigata/13F117/2014	other_database_import	
B/Brisbane/13/2014	who_collaborating_centre_for_reference_and_research_on_influenza	queensland_health_scientific_services
B/Gunma/13G027/2014	other_database_import	
B/Niigata/13F179/2014	other_database_import	
B/Arkansas/2/2011	centers_for_disease_control_and_prevention	arkansas_department_of_health
B/Arkansas/4/2011	centers_for_disease_control_and_prevention	arkansas_department_of_health
B/Sydney/22/2011	other_database_import	
B/Bolivia/812/2011	centers_for_disease_control_and_prevention	cenetrop
B/Cameroon/11V-12076GVFI/2011	crick_worldwide_influenza_centre	centre_pasteur_du_cameroun
B/Maine/2/2011	centers_for_disease_control_and_prevention	maine_health_and_environmental_testing_laboratory
B/Louisiana/11/2011	centers_for_disease_control_and_prevention	louisiana_department_of_health_and_hospitals
B/Illinois/2/2011	centers_for_disease_control_and_prevention	illinois_department_of_public_health_chicago
B/California/2/2011-egg	centers_for_disease_control_and_prevention	naval_health_research_center
B/California/2/2011	centers_for_disease_control_and_prevention	naval_health_research_center
B/Nevada/9/2011	centers_for_disease_control_and_prevention	nevada_state_health_laboratory
B/Virginia/1/2011	centers_for_disease_control_and_prevention	virginia_division_of_consolidated_laboratories
B/Saskatchewan/1132/2011	centers_for_disease_control_and_prevention	national_microbiology_laboratory,_health_canada
B/ElSalvador/1136/2010	centers_for_disease_control_and_prevention	contiguo_a_hospital_rosales
B/Nicaragua/AGB2-32/2012	other_database_import	
B/Nicaragua/AGB2-15/2012	other_database_import	
B/Nicaragua/AGB2-07/2012	other_database_import	
B/Nicaragua/AGB2-29/2012	other_database_import	
B/Nicaragua/AGB2-25/2012	other_database_import	
B/Guatemala/784/2010	centers_for_disease_control_and_prevention	laboratorio_nacional_de_salud_guatemala
B/NewYork/1238/2010	other_database_import	
B/Nevada/5/2011	centers_for_disease_control_and_prevention	southern_nevada_public_health_lab
B/NewMexico/3/2011	centers_for_disease_control_and_prevention	new_mexico_department_of_health
B/Victoria/525/2011	other_database_import	
B/Victoria/859/2011	other_database_import	austin_health
B/Darwin/36/2011	who_collaborating_centre_for_reference_and_research_on_influenza	royal_darwin_hospital
B/Victoria/531/2011	other_database_import	
B/Brisbane/94/2011	other_database_import	
B/Victoria/9/2011	other_database_import	
B/Southaustralia/327/2011	who_collaborating_centre_for_reference_and_research_on_influenza	institute_of_medical_and_veterinary_science_(imvs)
B/Southaustralia/10/2011	who_collaborating_centre_for_reference_and_research_on_influenza	institute_of_medical_and_veterinary_science_(imvs)
B/Southaustralia/23/2011	who_collaborating_centre_for_reference_and_research_on_influenza	institute_of_medical_and_veterinary_science_(imvs)
B/Tasmania/12/2011	who_collaborating_centre_for_reference_and_research_on_influenza	royal_hobart_hospital
B/Brisbane/111/2011	other_database_import	
B/Southaustralia/1/2012	who_collaborating_centre_for_reference_and_research_on_influenza	institute_of_medical_and_veterinary_science_(imvs)
B/Perth/16/2012	who_collaborating_centre_for_reference_and_research_on_influenza	pathwest_qe_ii_medical_centre
B/Southaustralia/46/2011	who_collaborating_centre_for_reference_and_research_on_influenza	institute_of_medical_and_veterinary_science_(imvs)
B/Darwin/3/2012	who_collaborating_centre_for_reference_and_research_on_influenza	royal_darwin_hospital
B/Southaustralia/4/2012	who_collaborating_centre_for_reference_and_research_on_influenza	institute_of_medical_and_veterinary_science_(imvs)
B/Christchurch/86/2002	other_database_import	
B/Houston/B86/2003	other_database_import	
B/NewYork/1050/2002	other_database_import	
B/Iowa/3/2002-egg	ns	seasonal_vic
B/Christchurch/84/2002	other_database_import	
B/Townsville/5/2002	other_database_import	
B/Sydney/82/2002	other_database_import	
B/Houston/B84/2003	other_database_import	
B/Waikato/24/2002	other_database_import	
B/Brisbane/77/2005	other_database_import	
B/Waikato/1/2007	other_database_import	institute_of_environmental_science_&_research
B/Brisbane/5/2007	other_database_import	
B/Brisbane/6/2007	other_database_import	queensland_health_scientific_services
B/Brisbane/90/2005	other_database_import	
B/Mississippi/UR06-0446/2007	other_database_import	
B/Mississippi/UR06-0340/2007	other_database_import	
B/Brisbane/26/2005	other_database_import	
B/Tennessee/UR06-0433/2007	other_database_import	
B/Tennessee/UR06-0451/2007	other_database_import	
B/California/NHRC0005/2006	other_database_import	
B/California/NHRC0006/2006	other_database_import	
B/Florida/UR06-0003/2006	other_database_import	
B/Bangladesh/3010/2008	centers_for_disease_control_and_prevention	
B/Florida/UR06-0006/2006	other_database_import	
B/Florida/UR06-0001/2006	other_database_import	
B/Florida/UR06-0002/2006	other_database_import	
B/Brisbane/38/2005	other_database_import	
B/Victoria/500/2007	other_database_import	monash_medical_centre
B/Brisbane/43/2005	other_database_import	
B/Mississippi/UR06-0551/2007	other_database_import	
B/NewYork/1090/2006	other_database_import	
B/NewYork/1098/2006	other_database_import	
B/NewYork/1099/2006	other_database_import	
B/Thailand/CU-243/2006	other_database_import	
B/Thailand/CU-364/2008	other_database_import	
B/NewYork/1076/2005	other_database_import	
B/NewYork/1081/2005	other_database_import	
B/NewYork/1083/2005	other_database_import	
B/NewYork/1075/2005	other_database_import	
B/SouthCarolina/NHRC0001/2004	other_database_import	
B/NewYork/1084/2005	other_database_import	
B/Brisbane/36/2005	other_database_import	
B/Victoria/508/2005	other_database_import	
B/Victoria/114/2005	other_database_import	
B/Sydney/27/2005	other_database_import	
B/Victoria/310/2005	other_database_import	
B/Townsville/18/2005	other_database_import	
B/Sydney/18/2005	other_database_import	
B/Victoria/524/2005	other_database_import	
B/Victoria/522/2005	other_database_import	
B/Victoria/505/2005	other_database_import	monash_medical_centre
B/Tennessee/UR06-0559/2007	other_database_import	
B/Tennessee/UR06-0460/2007	other_database_import	
B/Tennessee/UR06-0079/2007	other_database_import	
B/Sydney/505/2010	other_database_import	
B/India/3820/2010	centers_for_disease_control_and_prevention	national_institute_of_virology
B/Nongkhai/39/2012	who_collaborating_centre_for_reference_and_research_on_influenza	who_national_influenza_centre,_national_institute_of_medical_research_(nimr)
B/Brunei/1/2010	who_collaborating_centre_for_reference_and_research_on_influenza	qasya_diagnostic_services_sdn_bhd
B/Singapore/42/2011	who_collaborating_centre_for_reference_and_research_on_influenza	ministry_of_health,_singapore
B/Shanghai-Luwan/1216/2011-egg	who_chinese_national_influenza_center	who_chinese_national_influenza_center
B/Malaysia/221/2012	who_collaborating_centre_for_reference_and_research_on_influenza	institut_penyelidikan_perubatan
B/Singapore/18/2012	who_collaborating_centre_for_reference_and_research_on_influenza	ministry_of_health,_singapore
B/Taiwan/1366/2012	centers_for_disease_control_and_prevention	adimmune_corporation
B/Malaysia/346/2012	who_collaborating_centre_for_reference_and_research_on_influenza	institut_penyelidikan_perubatan
B/Gwangju/649/2011	centers_for_disease_control_and_prevention	national_institute_of_health
B/Phuket/151/2013	centers_for_disease_control_and_prevention	who_national_influenza_centre,_national_institute_of_medical_research_(nimr)
B/Malaysia/269/2012	who_collaborating_centre_for_reference_and_research_on_influenza	institut_penyelidikan_perubatan
B/Illinois/47/2005-egg	ns	seasonal_vic
B/Illinois/13/2005-egg	ns	seasonal_vic
B/Sydney/14/2006	other_database_import	clinical_virology_unit,_cdim
B/Ohio/1/2005-egg	centers_for_disease_control_and_prevention	cincinnati_children's_hospital
B/NewYork/1073/2005	other_database_import	
B/Taiwan/1734/2006-egg	other_database_import	
B/NewYork/1079/2005	other_database_import	
B/Brisbane/10/2006	other_database_import	
B/Brisbane/14/2006	other_database_import	
B/Victoria/306/2006	other_database_import	
B/Victoria/500/2006	other_database_import	
B/Brisbane/2/2006	other_database_import	
B/Brisbane/1/2006	other_database_import	
B/Kenya/1413/2008	centers_for_disease_control_and_prevention	
B/Tennessee/UR06-0431/2007	other_database_import	
B/Tennessee/UR06-0407/2007	other_database_import	
B/Tennessee/UR06-0318/2007	other_database_import	
B/California/NHRC0004/2006	other_database_import	
B/Christchurch/16/2007	other_database_import	
B/NewYork/1092/2006	other_database_import	
B/Sydney/12/2006	other_database_import	
B/Georgia/NHRC0001/2006	other_database_import	
B/India/2888/2008	centers_for_disease_control_and_prevention	
B/Malaysia/1895275/2007	other_database_import	
B/Ohio/UR06-0572/2007	other_database_import	
B/NewYork/1093/2006	other_database_import	
B/Taiwan/42/2007	other_database_import	
B/Taiwan/40/2007-egg	other_database_import	
B/Taiwan/37/2007-egg	other_database_import	
B/Taiwan/99/2007-egg	other_database_import	
B/Taiwan/70028/2007	other_database_import	
B/Taiwan/45/2007-egg	other_database_import	
B/Taiwan/14/2007-egg	other_database_import	
B/Taiwan/1838/2006-egg	other_database_import	
B/Taiwan/2894/2006-egg	other_database_import	
B/Taiwan/2755/2006-egg	other_database_import	
B/NewYork/1105/2007	other_database_import	
B/NewYork/1119/2007	other_database_import	
B/NewYork/1113/2007	other_database_import	
B/Tennessee/UR06-0310/2007	other_database_import	
B/Christchurch/4/2006	other_database_import	
B/NewYork/1096/2006	other_database_import	
B/NewYork/1089/2006	other_database_import	
B/NewYork/1088/2006	other_database_import	
B/Brisbane/7/2006	other_database_import	
B/Sydney/207/2006	other_database_import	
B/Victoria/333/2006	other_database_import	
B/Victoria/329/2006	other_database_import	
B/Sydney/508/2006	other_database_import	
B/Victoria/318/2006	other_database_import	
B/Victoria/101/2006	other_database_import	
B/Victoria/505/2006	other_database_import	
B/Victoria/532/2005	other_database_import	
B/Brisbane/16/2006	other_database_import	
B/Victoria/304/2006	other_database_import	royal_chidrens_hospital
B/Sydney/83/2006	other_database_import	
B/Florida/2/2006	other_database_import	
B/California/NHRC0003/2006	other_database_import	
B/NewYork/1095/2006	other_database_import	
B/Illinois/NHRC0001/2006	other_database_import	
B/NewYork/1101/2007	other_database_import	
B/NewYork/1107/2007	other_database_import	
B/NewYork/1106/2007	other_database_import	
B/NewYork/1100/2007	other_database_import	
B/Townsville/5/2010	who_collaborating_centre_for_reference_and_research_on_influenza	queensland_health_scientific_services
B/Wuhan/4/2009	other_database_import	
B/Wuhan/7/2009	other_database_import	
B/Beijing-Xicheng/1846/2010	who_chinese_national_influenza_center	who_chinese_national_influenza_center
B/Brisbane/60-4/2010	other_database_import	
B/Sydney/3/2010	other_database_import	
B/Brisbane/60-1/2010	other_database_import	
B/Southaustralia/3/2011	who_collaborating_centre_for_reference_and_research_on_influenza	institute_of_medical_and_veterinary_science_(imvs)
B/Nicaragua/12318-05AV1/2022		st._jude_children's_research_hospital,_host_microbe_interactions
B/Srilanka/4/2011	who_collaborating_centre_for_reference_and_research_on_influenza	medical_research_institute
B/Bangladesh/4588/2010	centers_for_disease_control_and_prevention	institute_of_epidemiology_disease_control_and_research_(iedcr)_&_bangladesh_national_influenza_centre_(nic)
B/Bangladesh/3217/2009	centers_for_disease_control_and_prevention	institute_of_epidemiology_disease_control_and_research_(iedcr)_&_bangladesh_national_influenza_centre_(nic)
B/Bangladesh/9628/2010-egg	centers_for_disease_control_and_prevention	institute_of_epidemiology_disease_control_and_research_(iedcr)_&_bangladesh_national_influenza_centre_(nic)
B/Bangladesh/6/2009	centers_for_disease_control_and_prevention	institute_of_epidemiology_disease_control_and_research_(iedcr)_&_bangladesh_national_influenza_centre_(nic)
B/Bangladesh/5005/2010	centers_for_disease_control_and_prevention	institute_of_epidemiology_disease_control_and_research_(iedcr)_&_bangladesh_national_influenza_centre_(nic)
B/Bangladesh/7055/2009	centers_for_disease_control_and_prevention	institute_of_epidemiology_disease_control_and_research_(iedcr)_&_bangladesh_national_influenza_centre_(nic)
B/Ankara/TR-10/2011	crick_worldwide_influenza_centre	refik_saydam_national_public_health_agency
B/Bangladesh/9751/2009	centers_for_disease_control_and_prevention	institute_of_epidemiology_disease_control_and_research_(iedcr)_&_bangladesh_national_influenza_centre_(nic)
B/Bangladesh/5816/2010-egg	centers_for_disease_control_and_prevention	institute_of_epidemiology_disease_control_and_research_(iedcr)_&_bangladesh_national_influenza_centre_(nic)
B/Bangladesh/5945/2009-egg	centers_for_disease_control_and_prevention	institute_of_epidemiology_disease_control_and_research_(iedcr)_&_bangladesh_national_influenza_centre_(nic)
B/Bangladesh/2009/2010-egg	centers_for_disease_control_and_prevention	institute_of_epidemiology_disease_control_and_research_(iedcr)_&_bangladesh_national_influenza_centre_(nic)
B/Moscow/8/2010	centers_for_disease_control_and_prevention	ivanovsky_research_institute_of_virology_rams
B/Bangladesh/5014/2010-egg	centers_for_disease_control_and_prevention	institute_of_epidemiology_disease_control_and_research_(iedcr)_&_bangladesh_national_influenza_centre_(nic)
B/Srilanka/2/2011	who_collaborating_centre_for_reference_and_research_on_influenza	medical_research_institute
B/Rabat/406/2011	national_institute_of_hygiene	institut_national_d_hygiene,_ministere_de_la_sante_sante
B/Marrakech/418/2011	national_institute_of_hygiene	institut_national_d_hygiene,_ministere_de_la_sante_sante
B/Zamora/52/2010	crick_worldwide_influenza_centre	universidad_de_valladolid
B/Ceuta/RR7186/2011	crick_worldwide_influenza_centre	universidad_de_valladolid
B/Ecuador/3159/2010	centers_for_disease_control_and_prevention	"instituto_nacional_de_higiene_y_medicina_tropical_""leopoldo_izquieta_perez"""
B/Rabat/123/2011	national_institute_of_hygiene	institut_national_d_hygiene,_ministere_de_la_sante_sante
B/Ceuta/RR7185/2010	crick_worldwide_influenza_centre	universidad_de_valladolid
B/Connecticut/1/2010	centers_for_disease_control_and_prevention	connecticut_department._of_public_health
B/Safi/176/2010	national_institute_of_hygiene	institut_national_d_hygiene,_ministere_de_la_sante_sante
B/LaRioja/RR6969/2010	crick_worldwide_influenza_centre	universidad_de_valladolid
B/Managua/203701/2010	other_database_import	
B/Managua/282602/2010	other_database_import	
B/Managua/446803/2010	other_database_import	
B/Managua/477201/2010	other_database_import	
B/Managua/125002/2010	other_database_import	
B/Managua/263001/2010	other_database_import	
B/Managua/187301/2010	other_database_import	
B/Lisbon/14/2010	crick_worldwide_influenza_centre	instituto_nacional_de_saude
B/Lisbon/56/2010	crick_worldwide_influenza_centre	instituto_nacional_de_saude
B/Lisbon/21/2010	crick_worldwide_influenza_centre	instituto_nacional_de_saude
B/Lisbon/15/2010	crick_worldwide_influenza_centre	instituto_nacional_de_saude
B/Lisbon/20/2010	crick_worldwide_influenza_centre	instituto_nacional_de_saude
B/Nicaragua/497/2010	centers_for_disease_control_and_prevention	laboratorio_de_virologia,_direccion_de_microbiologia
B/NewYork/1283/2011	other_database_import	
B/Luxembourg/558/2010	crick_worldwide_influenza_centre	laboratoire_national_de_sante
B/Slovenia/201141/2011	crick_worldwide_influenza_centre	laboratory_for_virology,_national_institute_of_public_health
B/Slovenia/819/2011	crick_worldwide_influenza_centre	laboratory_for_virology,_national_institute_of_public_health
B/Lyon/74/2011	crick_worldwide_influenza_centre	crr_virus_influenza_region_sud
B/Paris/1260/2011	crick_worldwide_influenza_centre	institut_pasteur
B/Florida/4/2010-egg	centers_for_disease_control_and_prevention	florida_department_of_health_jacksonville
B/Florida/3/2010	centers_for_disease_control_and_prevention	florida_department_of_health_jacksonville
B/Uruguay/581/2010	centers_for_disease_control_and_prevention	departamento_de_laboratorio_de_salud_publica
B/GuangdongSuixi/396/2009	centers_for_disease_control_and_prevention	who_chinese_national_influenza_center
B/Beijing-Xicheng/1151/2009	centers_for_disease_control_and_prevention	who_chinese_national_influenza_center
B/NewYork/1204/2009	other_database_import	
B/Kazakhstan/2078/2011	crick_worldwide_influenza_centre	national_reference_laboratory
B/Lao/1095/2010	centers_for_disease_control_and_prevention	national_center_for_laboratory_and_epidemiology
B/Lao/37/2010	centers_for_disease_control_and_prevention	national_center_for_laboratory_and_epidemiology
B/Lao/866/2010	centers_for_disease_control_and_prevention	national_center_for_laboratory_and_epidemiology
B/Shanghai-Pudongxin/1465/2009	centers_for_disease_control_and_prevention	who_chinese_national_influenza_center
B/Tennessee/1/2010	centers_for_disease_control_and_prevention	tennessee_department_of_health_laboratory_nashville
B/Heilongjiang-Hulan/115/2010-egg	centers_for_disease_control_and_prevention	who_chinese_national_influenza_center
B/Heilongjiang-Hulan/116/2010-egg	centers_for_disease_control_and_prevention	who_chinese_national_influenza_center
B/Jiangsu-Quanshan/123/2010	centers_for_disease_control_and_prevention	who_chinese_national_influenza_center
B/Mie/6/2010-egg	centers_for_disease_control_and_prevention	national_institute_of_infectious_diseases_(niid)
B/Iowa/1/2010-egg	centers_for_disease_control_and_prevention	iowa_state_hygienic_laboratory
B/Panama/307237/2010-egg	centers_for_disease_control_and_prevention	instituto_conmemorativo_gorgas_de_estudios_de_la_salud
B/Sydney/208/2010	other_database_import	
B/Guangdong-Jinping/1416/2010	centers_for_disease_control_and_prevention	who_chinese_national_influenza_center
B/Shanxi-Zuoquan/311/2009	centers_for_disease_control_and_prevention	who_chinese_national_influenza_center
B/Oman/3047/2010	centers_for_disease_control_and_prevention	central_public_health_laboratory,_ministry_of_health
B/Taiwan/77/2010	centers_for_disease_control_and_prevention	adimmune_corporation
B/Murmansk/3/2011-egg	crick_worldwide_influenza_centre	who_national_influenza_centre_russian_federation
B/Brisbane/4/2010	other_database_import	queensland_health_scientific_services
B/Moscow/5/2010	centers_for_disease_control_and_prevention	ivanovsky_research_institute_of_virology_rams
B/Townsville/1/2010	other_database_import	queensland_health_scientific_services
B/Sydney/7/2010	other_database_import	
B/Marseille/891/2010	centers_for_disease_control_and_prevention	crr_virus_influenza_region_sud
B/Odessa/4709/2011	crick_worldwide_influenza_centre	institute_of_epidemiology_and_infectious_diseases_ams_of_ukraine
B/Moscow/2/2010	centers_for_disease_control_and_prevention	ivanovsky_research_institute_of_virology_rams
B/Brisbane/33/2010	other_database_import	
B/Kyrgyzstan/1/2011	centers_for_disease_control_and_prevention	national_virology_laboratory,_center_microbiological_investigations
B/Brisbane/16/2010	other_database_import	
B/Sydney/508/2010	other_database_import	childrens_hospital_westmead
B/Lyon/CHU/1573	crick_worldwide_influenza_centre	crr_virus_influenza_region_sud
B/Lyon/CHU/1476	crick_worldwide_influenza_centre	crr_virus_influenza_region_sud
B/Lyon/CHU/1288	crick_worldwide_influenza_centre	crr_virus_influenza_region_sud
B/Serbia/1761/2011	crick_worldwide_influenza_centre	institute_of_immunology_and_virology_torlak
B/SouthAuckland/1/2011	other_database_import	
B/Lyon/16167/2011	crick_worldwide_influenza_centre	crr_virus_influenza_region_sud
B/England/684/2010	crick_worldwide_influenza_centre	microbiology_services_colindale,_public_health_england
B/Chongqing-Yuzhong/172/2010	centers_for_disease_control_and_prevention	who_chinese_national_influenza_center
B/Taiwan/717/2010	centers_for_disease_control_and_prevention	adimmune_corporation
B/Hiroshima/9/2010-egg	centers_for_disease_control_and_prevention	center_for_public_health_and_environment,_hiroshima_prefectural_technology_research_institute
B/GuangdongZhongshan/5756/2010	centers_for_disease_control_and_prevention	who_chinese_national_influenza_center
B/Daegu/1724/2010	centers_for_disease_control_and_prevention	national_institute_of_health
B/Chanthaburi/74/2011	centers_for_disease_control_and_prevention	who_national_influenza_centre,_national_institute_of_medical_research_(nimr)
B/Thailand/820/2010-egg	centers_for_disease_control_and_prevention	thailand_moph_u.s._cdc_collaboration_(ieip)
B/Thailand/820/2010	centers_for_disease_control_and_prevention	thailand_moph_u.s._cdc_collaboration_(ieip)
B/Peru/7510/2010	centers_for_disease_control_and_prevention	us_namru_6
B/Peru/6810/2010	centers_for_disease_control_and_prevention	us_namru_6
B/Brisbane/40/2010	other_database_import	queensland_health_scientific_services
B/Genoa/2/2010	centers_for_disease_control_and_prevention	istituto_superiore_di_sanità
B/StPetersburg/93/2011-egg	crick_worldwide_influenza_centre	russian_academy_of_medical_sciences
B/Vietnam/1480/2011	centers_for_disease_control_and_prevention	pasteur_institute,_influenza_laboratory
B/Taiwan/31/2010	centers_for_disease_control_and_prevention	adimmune_corporation
B/Yamaguchi/1/2010	centers_for_disease_control_and_prevention	national_institute_of_infectious_diseases_(niid)
B/Odessa/145/2010	centers_for_disease_control_and_prevention	institute_of_epidemiology_and_infectious_diseases_ams_of_ukraine
B/Zaporizhia/210/2010	centers_for_disease_control_and_prevention	institute_of_epidemiology_and_infectious_diseases_ams_of_ukraine
B/Montana/2/2011	centers_for_disease_control_and_prevention	montana_public_health_laboratory
B/Odessa/3886/2010	crick_worldwide_influenza_centre	ministry_of_health_of_ukraine
B/Santiago/14887/2010	centers_for_disease_control_and_prevention	instituto_de_salud_publica_de_chile_
B/Lisbon/36/2010	crick_worldwide_influenza_centre	instituto_nacional_de_saude
B/Argentina/330/2010	centers_for_disease_control_and_prevention	instituto_nacional_de_enfermedades_infecciosas
B/ShanghaiFengxian/1255/2009	centers_for_disease_control_and_prevention	who_chinese_national_influenza_center
B/Nongkhai/40/2011	who_collaborating_centre_for_reference_and_research_on_influenza	who_national_influenza_centre,_national_institute_of_medical_research_(nimr)
B/Murmansk/2/2010-egg	crick_worldwide_influenza_centre	russian_academy_of_medical_sciences
B/Moscow/4/2010	centers_for_disease_control_and_prevention	ivanovsky_research_institute_of_virology_rams
B/Ukraine/142/2011	crick_worldwide_influenza_centre	institute_of_epidemiology_and_infectious_diseases_ams_of_ukraine
B/Kharkiv/4260/2010	crick_worldwide_influenza_centre	institute_of_epidemiology_and_infectious_diseases_ams_of_ukraine
B/Kharkiv/4178/2010	crick_worldwide_influenza_centre	institute_of_epidemiology_and_infectious_diseases_ams_of_ukraine
B/StPetersburg/5/2011-egg	centers_for_disease_control_and_prevention	russian_academy_of_medical_sciences
B/Odessa/4705/2010	crick_worldwide_influenza_centre	ministry_of_health_of_ukraine
B/Donetsk/4546/2011	crick_worldwide_influenza_centre	institute_of_epidemiology_and_infectious_diseases_ams_of_ukraine
B/Khmilnyk/4273/2010	crick_worldwide_influenza_centre	institute_of_epidemiology_and_infectious_diseases_ams_of_ukraine
B/Guangdong-Duanzhou/1766/2010	centers_for_disease_control_and_prevention	who_chinese_national_influenza_center
B/Ethiopia/135/2011	centers_for_disease_control_and_prevention	ethiopian_health_and_nutrition_research_institute_(ehnri)
B/HongKong/599/2011	crick_worldwide_influenza_centre	government_virus_unit
B/Jiangsu-Hailing/1740/2012-egg	centers_for_disease_control_and_prevention	who_chinese_national_influenza_center
B/Israel/17/2011	crick_worldwide_influenza_centre	central_virology_laboratory_israel_(nic)
B/Israel/15/2011	crick_worldwide_influenza_centre	central_virology_laboratory_israel_(nic)
B/Singapore/15/2011	who_collaborating_centre_for_reference_and_research_on_influenza	ministry_of_health,_singapore
B/Jilin-Chuanying/1417/2012-egg	centers_for_disease_control_and_prevention	who_chinese_national_influenza_center
B/Beijing-Xicheng/1241/2012	centers_for_disease_control_and_prevention	who_chinese_national_influenza_center
B/Hawaii/8/2010	centers_for_disease_control_and_prevention	state_of_hawaii_department_of_health
B/Hawaii/7/2010	centers_for_disease_control_and_prevention	state_of_hawaii_department_of_health
B/Hawaii/9/2010-egg	centers_for_disease_control_and_prevention	state_of_hawaii_department_of_health
B/Hawaii/9/2010	centers_for_disease_control_and_prevention	state_of_hawaii_department_of_health
B/Slovakia/302/2011	crick_worldwide_influenza_centre	national_public_health_institute_of_slovakia
B/Iowa/1/2010	centers_for_disease_control_and_prevention	iowa_state_hygienic_laboratory
B/Hunan-Yuhua/1858/2010	centers_for_disease_control_and_prevention	who_chinese_national_influenza_center
B/Dnipropetrovsk/4411/2010	crick_worldwide_influenza_centre	institute_of_epidemiology_and_infectious_diseases_ams_of_ukraine
B/Shanghai-Jingan/1725/2010	centers_for_disease_control_and_prevention	who_chinese_national_influenza_center
B/Brazil/4331/2011	centers_for_disease_control_and_prevention	instituto_adolfo_lutz
B/Taiwan/11/2010-egg	centers_for_disease_control_and_prevention	center_for_disease_control
B/Hunan-Suxian/1369/2010	centers_for_disease_control_and_prevention	who_chinese_national_influenza_center
B/Murmansk/4/2011-egg	centers_for_disease_control_and_prevention	russian_academy_of_medical_sciences
B/Hawaii/16/2010-egg	centers_for_disease_control_and_prevention	state_of_hawaii_department_of_health
B/Hawaii/16/2010	centers_for_disease_control_and_prevention	state_of_hawaii_department_of_health
B/Moscow/19/2010	centers_for_disease_control_and_prevention	russian_academy_of_medical_sciences
B/Voronezh/14/2011	centers_for_disease_control_and_prevention	russian_academy_of_medical_sciences
B/Voronezh/20/2011	crick_worldwide_influenza_centre	who_national_influenza_centre_russian_federation
B/HongKong/259/2010-egg	centers_for_disease_control_and_prevention	government_virus_unit
B/Townsville/4/2010	other_database_import	
B/Sydney/4/2010	other_database_import	
B/HongKong/1863/2010-egg	centers_for_disease_control_and_prevention	government_virus_unit
B/HongKong/1863/2010	centers_for_disease_control_and_prevention	government_virus_unit
B/Jiangsu-Tianning/1795/2013-egg	centers_for_disease_control_and_prevention	who_chinese_national_influenza_center
B/Massachusetts/1/2010-egg	centers_for_disease_control_and_prevention	massachusetts_department_of_public_health
B/Massachusetts/1/2010	centers_for_disease_control_and_prevention	massachusetts_department_of_public_health
B/Gansu-Chengguan/1414/2010	centers_for_disease_control_and_prevention	who_chinese_national_influenza_center
B/Nebraska/1/2010-egg	centers_for_disease_control_and_prevention	nebraska_public_health_lab
B/Sivas/TR-14/2011	crick_worldwide_influenza_centre	refik_saydam_national_public_health_agency
B/Nigeria/5451/2011	centers_for_disease_control_and_prevention	national_influenza_reference_laboratory
B/Lisbon/4/2011	crick_worldwide_influenza_centre	instituto_nacional_de_saude
B/SouthCarolina/3/2010	centers_for_disease_control_and_prevention	south_carolina_department_of_health
B/Serbia/649/2011	crick_worldwide_influenza_centre	institute_of_immunology_and_virology_torlak
B/Peru/3384/2012	centers_for_disease_control_and_prevention	namru_6
B/Peru/2097/2011	centers_for_disease_control_and_prevention	namru_6
B/Parma/4/2010	crick_worldwide_influenza_centre	istituto_superiore_di_sanità
B/Brisbane/2/2010	other_database_import	queensland_health_scientific_services
B/Sydney/501/2010	other_database_import	
B/Philippines/1505/2011	who_collaborating_centre_for_reference_and_research_on_influenza	research_institute_of_tropical_medicine
B/Philippines/8/2010	centers_for_disease_control_and_prevention	thailand_moph_u.s._cdc_collaboration_(ieip)
B/Philippines/2146/2010	who_collaborating_centre_for_reference_and_research_on_influenza	research_institute_of_tropical_medicine
B/Philippines/5390/2010	who_collaborating_centre_for_reference_and_research_on_influenza	research_institute_of_tropical_medicine
B/Estonia/55784/2011	crick_worldwide_influenza_centre	health_protection_inspectorate
B/Slovakia/193/2011	crick_worldwide_influenza_centre	national_public_health_institute_of_slovakia
B/Norway/24/2011	norwegian_institute_of_public_health	who_national_influenza_centre
B/Israel/4-11/2011	crick_worldwide_influenza_centre	central_virology_laboratory_israel_(nic)
B/Bolivia/1490/2010	centers_for_disease_control_and_prevention	
B/Wellington/2/2011	other_database_import	
B/Brisbane/93/2011	other_database_import	
B/Wellington/20/2011	who_collaborating_centre_for_reference_and_research_on_influenza	institute_of_environmental_science_and_research
B/Auckland/65/2011	other_database_import	
B/Alabama/3/2010-egg	centers_for_disease_control_and_prevention	adph_bureau_of_clinical_laboratories
B/Alabama/3/2010	centers_for_disease_control_and_prevention	adph_bureau_of_clinical_laboratories
B/PuertoRico/1/2010	centers_for_disease_control_and_prevention	puerto_rico_department_of_health
B/Paraguay/3081/2010	centers_for_disease_control_and_prevention	central_laboratory_of_public_health
B/Uruguay/517/2010	centers_for_disease_control_and_prevention	departamento_de_laboratorio_de_salud_publica
B/Uruguay/1039/2010	centers_for_disease_control_and_prevention	departamento_de_laboratorio_de_salud_publica
B/Fujian-Cangshan/192/2011-egg	who_chinese_national_influenza_center	who_chinese_national_influenza_center
B/Brisbane/6/2010	other_database_import	
B/Jiangsu-Beitang/1141/2011	who_chinese_national_influenza_center	who_chinese_national_influenza_center
B/Fujian-Gulou/1174/2011-egg	who_chinese_national_influenza_center	who_chinese_national_influenza_center
B/Thailand/CU-B5671/2011	other_database_import	
B/Brisbane/9/2010	other_database_import	
B/Fiji/8/2011	who_collaborating_centre_for_reference_and_research_on_influenza	national_centre_for_scientific_services_for_virology__and_vector_borne_diseases
B/Fiji/16/2011	who_collaborating_centre_for_reference_and_research_on_influenza	national_centre_for_scientific_services_for_virology__and_vector_borne_diseases
B/Sydney/507/2010	other_database_import	
B/Sydney/207/2010	other_database_import	
B/Sydney/206/2010	other_database_import	
B/Brisbane/29/2011	other_database_import	queensland_health_scientific_services
B/Sydney/34/2011	other_database_import	
B/Christchurch/25/2011	other_database_import	
B/Thailand/CU-H2738/2010	other_database_import	
B/Ningbo/429/2010	other_database_import	
B/Ningbo/41/2010	other_database_import	
B/Shanghai-Huangpu/171/2011	who_chinese_national_influenza_center	who_chinese_national_influenza_center
B/Chongqing-Yuzhong/1294/2010	who_chinese_national_influenza_center	who_chinese_national_influenza_center
B/Jiangxi-Donghu/1329/2010	who_chinese_national_influenza_center	who_chinese_national_influenza_center
B/Nonthaburi/1766/2011	who_collaborating_centre_for_reference_and_research_on_influenza	who_national_influenza_centre,_national_institute_of_medical_research_(nimr)
B/Macau/200392/2011	who_collaborating_centre_for_reference_and_research_on_influenza	laboratorio_de_saude_publico
B/Guizhou-Nanming/1443/2010	who_chinese_national_influenza_center	who_chinese_national_influenza_center
B/Shanghai-Chongming/1411/2010	who_chinese_national_influenza_center	who_chinese_national_influenza_center
B/Guangxi-Xixiangtang/1545/2010	who_chinese_national_influenza_center	who_chinese_national_influenza_center
B/Daegu/1314/2010	who_collaborating_centre_for_reference_and_research_on_influenza	national_institute_of_health
B/Fujian-Licheng/118/2010	who_chinese_national_influenza_center	who_chinese_national_influenza_center
B/Anhui-Luyang/1142/2011	who_chinese_national_influenza_center	who_chinese_national_influenza_center
B/Philippines/3701/2011	who_collaborating_centre_for_reference_and_research_on_influenza	research_institute_of_tropical_medicine
B/Shanghai-Hongkou/1255/2011	who_chinese_national_influenza_center	who_chinese_national_influenza_center
B/Samoa/3/2011	who_collaborating_centre_for_reference_and_research_on_influenza	institute_of_environmental_science_and_research
B/Thailand/CU-B4504/2011	other_database_import	
B/Thailand/CU-B2504/2010	other_database_import	
B/Madagascar/8699/2011	crick_worldwide_influenza_centre	institut_pasteur_de_madagascar
B/Thailand/CU-C1451/2010	other_database_import	
B/Thailand/CU-B3153/2010	other_database_import	
B/Madagascar/3866/2011	crick_worldwide_influenza_centre	institut_pasteur_de_madagascar
B/Madagascar/2550/2011	crick_worldwide_influenza_centre	institut_pasteur_de_madagascar
B/Madagascar/245/2011	crick_worldwide_influenza_centre	institut_pasteur_de_madagascar
B/Madagascar/201119/2011	crick_worldwide_influenza_centre	institut_pasteur_de_madagascar
B/Thailand/CU-C1262/2010	other_database_import	
B/Madagascar/7766/2010	crick_worldwide_influenza_centre	institut_pasteur_de_madagascar
B/Cambodia/41/2011	who_collaborating_centre_for_reference_and_research_on_influenza	institute_pasteur_du_cambodia
B/Thailand/CU-C1768/2011	other_database_import	
B/Cambodia/106/2011	who_collaborating_centre_for_reference_and_research_on_influenza	national_public_health_laboratory
B/Cambodia/1402/2011	centers_for_disease_control_and_prevention	national_public_health_laboratory
B/Thailand/CU-B6148/2012	other_database_import	
B/Philippines/3971/2011	who_collaborating_centre_for_reference_and_research_on_influenza	research_institute_of_tropical_medicine
B/Cambodia/23/2011	who_collaborating_centre_for_reference_and_research_on_influenza	institute_pasteur_du_cambodia
B/Thailand/CU-B5734/2011	other_database_import	
B/Nonthaburi/54/2012	who_collaborating_centre_for_reference_and_research_on_influenza	who_national_influenza_centre,_national_institute_of_medical_research_(nimr)
B/Thailand/CU-B7215/2012	other_database_import	
B/Norway/1072/2012	crick_worldwide_influenza_centre	who_national_influenza_centre
B/Thailand/CU-H3002/2011	other_database_import	
B/Singapore/23/2009	centers_for_disease_control_and_prevention	singapore_general_hospital
B/Florida/28/2008-egg	centers_for_disease_control_and_prevention	
B/Sydney/4/2009	other_database_import	clinical_virology_unit,_cdim
B/DominicanRepublic/978/2009	centers_for_disease_control_and_prevention	laboratorio_de_investigacion_/_centro_de_educacion_medica_y_amistad_dominico_japones_(cemadoja)
B/DominicanRepublic/978/2009-egg	centers_for_disease_control_and_prevention	laboratorio_de_investigacion_/_centro_de_educacion_medica_y_amistad_dominico_japones_(cemadoja)
B/SouthCarolina/2/2009	centers_for_disease_control_and_prevention	south_carolina_department_of_health
B/Florida/18/2008	centers_for_disease_control_and_prevention	
B/Indiana/2/2009	centers_for_disease_control_and_prevention	indiana_state_department_of_health_laboratories
B/CoteDIvoire/GR1576/2010	crick_worldwide_influenza_centre	pasteur_institut_of_côte_d'ivoire
B/CoteDIvoire/GR1520/2010	crick_worldwide_influenza_centre	pasteur_institut_of_côte_d'ivoire
B/Guatemala/1317/2009-egg	centers_for_disease_control_and_prevention	laboratorio_nacional_de_salud_guatemala
B/Guatemala/1317/2009	centers_for_disease_control_and_prevention	laboratorio_nacional_de_salud_guatemala
B/Guatemala/571/2010-egg	centers_for_disease_control_and_prevention	laboratorio_nacional_de_salud_guatemala
B/Ghana/850/2011	crick_worldwide_influenza_centre	university_of_ghana
B/Mexico/7443/2010	centers_for_disease_control_and_prevention	laboratorio_de_virus_respiratorio
B/Thailand/CU-H1896/2010	other_database_import	
B/Thailand/CU-B2201/2010	other_database_import	
B/Thailand/CU-H1400/2010	other_database_import	
B/Thailand/CU-B2320/2010	other_database_import	
B/Bangladesh/8275/2010	centers_for_disease_control_and_prevention	institute_of_epidemiology_disease_control_and_research_(iedcr)_&_bangladesh_national_influenza_centre_(nic)
B/Bangladesh/1005/2010	centers_for_disease_control_and_prevention	institute_of_epidemiology_disease_control_and_research_(iedcr)_&_bangladesh_national_influenza_centre_(nic)
B/Bangladesh/9003/2010	centers_for_disease_control_and_prevention	institute_of_epidemiology_disease_control_and_research_(iedcr)_&_bangladesh_national_influenza_centre_(nic)
B/Lusaka/72/2011	crick_worldwide_influenza_centre	university_teaching_hospital
B/Nepal/188/2010	centers_for_disease_control_and_prevention	thailand_moph_u.s._cdc_collaboration_(ieip)
B/Astrakhan/22/2011	crick_worldwide_influenza_centre	who_national_influenza_centre_russian_federation
B/Astrakhan/4/2011	centers_for_disease_control_and_prevention	russian_academy_of_medical_sciences
B/Taiwan/112/2011-egg	centers_for_disease_control_and_prevention	adimmune_corporation
B/Bangkok/271/2011	centers_for_disease_control_and_prevention	who_national_influenza_centre,_national_institute_of_medical_research_(nimr)
B/Madagascar/236/2011	crick_worldwide_influenza_centre	institut_pasteur_de_madagascar
B/Bulgaria/35/2011-egg	crick_worldwide_influenza_centre	national_centre_of_infectious_and_
B/Brussels/G0707/2010	crick_worldwide_influenza_centre	scientific_institute_of_public_health
B/India/5685/2010	centers_for_disease_control_and_prevention	national_institute_of_virology
B/Bangladesh/6167/2010-egg	centers_for_disease_control_and_prevention	institute_of_epidemiology_disease_control_and_research_(iedcr)_&_bangladesh_national_influenza_centre_(nic)
B/Bangladesh/6166/2010-egg	centers_for_disease_control_and_prevention	institute_of_epidemiology_disease_control_and_research_(iedcr)_&_bangladesh_national_influenza_centre_(nic)
B/Bangladesh/3527/2010	centers_for_disease_control_and_prevention	institute_of_epidemiology_disease_control_and_research_(iedcr)_&_bangladesh_national_influenza_centre_(nic)
B/Brazil/9442/2011	centers_for_disease_control_and_prevention	instituto_adolfo_lutz
B/Christchurch/1/2010	other_database_import	canterbury_health_services
B/Bangladesh/8008/2010	centers_for_disease_control_and_prevention	institute_of_epidemiology_disease_control_and_research_(iedcr)_&_bangladesh_national_influenza_centre_(nic)
B/Thailand/CU-H2132/2010	other_database_import	
B/Uganda/514/2009	centers_for_disease_control_and_prevention	uganda_virus_research_institute_(uvri),_national_influenza_center
B/Bangladesh/4091/2009	centers_for_disease_control_and_prevention	institute_of_epidemiology_disease_control_and_research_(iedcr)_&_bangladesh_national_influenza_centre_(nic)
B/Kiev/58/2009	centers_for_disease_control_and_prevention	institute_of_epidemiology_and_infectious_diseases_ams_of_ukraine
B/Washington/2/2009-egg	centers_for_disease_control_and_prevention	washington_state_public_health_laboratory
B/Washington/2/2009	centers_for_disease_control_and_prevention	washington_state_public_health_laboratory
B/Japan/3280/2009	centers_for_disease_control_and_prevention	u.s._air_force_school_of_aerospace_medicine
B/Cambodia/1/2011	who_collaborating_centre_for_reference_and_research_on_influenza	institute_pasteur_du_cambodia
B/Malaysia/564/2010	who_collaborating_centre_for_reference_and_research_on_influenza	institut_penyelidikan_perubatan
B/Malaysia/565/2010	who_collaborating_centre_for_reference_and_research_on_influenza	institut_penyelidikan_perubatan
B/Malta/MV000738/2011	crick_worldwide_influenza_centre	mater_dei_hospital
B/England/421/2010	crick_worldwide_influenza_centre	health_protection_agency
B/HongKong/1889/2010	crick_worldwide_influenza_centre	government_virus_unit
B/India/5949/2010	centers_for_disease_control_and_prevention	national_institute_of_virology
B/Lisbon/13/2010	crick_worldwide_influenza_centre	instituto_nacional_de_saude
B/Victoria/800/2010	other_database_import	austin_health
B/Valladolid/57/2010	crick_worldwide_influenza_centre	universidad_de_valladolid
B/HongKong/2200/2010	crick_worldwide_influenza_centre	government_virus_unit
B/Fujian-Siming/1134/2011	centers_for_disease_control_and_prevention	who_chinese_national_influenza_center
B/Shizuoka/57/2011	centers_for_disease_control_and_prevention	national_institute_of_infectious_diseases_(niid)
B/Qatar/2311002267/2011	crick_worldwide_influenza_centre	supreme_health_council
B/Marrakech/281/2011	national_institute_of_hygiene	institut_national_d_hygiene,_ministere_de_la_sante_sante
B/Indonesia/9/2010	centers_for_disease_control_and_prevention	thailand_moph_u.s._cdc_collaboration_(ieip)
B/India/2019/2010	centers_for_disease_control_and_prevention	national_institute_of_virology
B/California/12/2010	centers_for_disease_control_and_prevention	california_department_of_health_services
B/England/105/2010	centers_for_disease_control_and_prevention	national_institute_for_medical_research
B/Suriname/2381/2010	centers_for_disease_control_and_prevention	caribbean_epidemiology_center
B/Sydney/1/2009	other_database_import	
B/Texas/1/2010	centers_for_disease_control_and_prevention	texas_department_of_state_health_services_laboratory_services
B/Kyrgyzstan/330/2010	centers_for_disease_control_and_prevention	
B/Sydney/512/2010	other_database_import	
B/Kyrgyzstan/126/2010	centers_for_disease_control_and_prevention	national_virology_laboratory,_center_microbiological_investigations
B/Egypt/46/2010-egg	crick_worldwide_influenza_centre	vacsera
B/Egypt/945/2010	centers_for_disease_control_and_prevention	u.s._naval_medical_research_unit_no.3
B/Uganda/2719/2011	centers_for_disease_control_and_prevention	uganda_virus_research_institute_(uvri),_national_influenza_center
B/Egypt/65/2010-egg	crick_worldwide_influenza_centre	vacsera
B/Egypt/66/2010-egg	crick_worldwide_influenza_centre	vacsera
B/Auckland/117/2008	other_database_import	
B/Brisbane/122/2008	other_database_import	
B/Georgia/1/2009	centers_for_disease_control_and_prevention	georgia_public_health_laboratory
B/England/393/2007-egg	crick_worldwide_influenza_centre	microbiology_services_colindale,_public_health_england
B/Brisbane/101/2008	other_database_import	
B/Victoria/514/2008	other_database_import	monash_medical_centre
B/Brisbane/60/2008-egg	centers_for_disease_control_and_prevention	who_centre_for_reference_&_research_on_influenza
B/Brisbane/60/2008	centers_for_disease_control_and_prevention	who_centre_for_reference_&_research_on_influenza
B/Brisbane/138/2008	other_database_import	
B/NewYork/1218/2009	other_database_import	
B/Sydney/2/2009	other_database_import	
B/Wisconsin/3/2009-egg	centers_for_disease_control_and_prevention	wisconsin_state_laboratory_of_hygiene
B/Wisconsin/3/2009	centers_for_disease_control_and_prevention	wisconsin_state_laboratory_of_hygiene
B/Auckland/6/2008	other_database_import	
B/Wellington/14/2008	other_database_import	
B/StPetersburg/54/2009	centers_for_disease_control_and_prevention	russian_academy_of_medical_sciences
B/England/393/2008-egg	crick_worldwide_influenza_centre	health_protection_agency
B/NewYork/1209/2009	other_database_import	
B/Washington/1/2009	centers_for_disease_control_and_prevention	washington_state_public_health_laboratory
B/Washington/1/2009-egg	centers_for_disease_control_and_prevention	washington_state_public_health_laboratory
B/BritishColumbia/RV0781/2009	centers_for_disease_control_and_prevention	national_microbiology_laboratory,_health_canada
B/Quebec/RV0732/2009	centers_for_disease_control_and_prevention	national_microbiology_laboratory,_health_canada
B/Incheon/4293/2009	centers_for_disease_control_and_prevention	national_institute_of_health
B/Hawaii/8/2009	centers_for_disease_control_and_prevention	state_of_hawaii_department_of_health
B/Brisbane/33/2008	who_collaborating_centre_for_reference_and_research_on_influenza	queensland_health_scientific_services
B/NorthCarolina/WRAIR1582P/2009	other_database_import	
B/Oklahoma/WRAIR1587P/2009	other_database_import	
B/Hawaii/4/2009	centers_for_disease_control_and_prevention	state_of_hawaii_department_of_health
B/Illinois/1/2009-egg	centers_for_disease_control_and_prevention	illinois_department_of_public_health_chicago
B/Auckland/23/2008	other_database_import	
B/Sydney/12/2008	other_database_import	westmead_hospital
B/Victoria/210/2008	other_database_import	victorian_infectious_diseases_reference_laboratory_
B/NewYork/1203/2009	other_database_import	
B/Auckland/36/2008	other_database_import	
B/Victoria/509/2008	other_database_import	
B/NewYork/1224/2009	other_database_import	
B/Brisbane/55/2008	other_database_import	
B/Townsville/202/2008	other_database_import	
B/Washington/5/2009-egg	centers_for_disease_control_and_prevention	seattle_&_king_county_public_health_lab
B/Brisbane/33/2008-egg	centers_for_disease_control_and_prevention	queensland_health_scientific_services
B/Townsville/6/2008	other_database_import	
B/Townsville/5/2008	other_database_import	
B/Townsville/4/2008	other_database_import	
B/Michigan/1/2009-egg	centers_for_disease_control_and_prevention	michigan_department_of_community_health
B/Michigan/1/2009	centers_for_disease_control_and_prevention	michigan_department_of_community_health
B/NewYork/1231/2009	other_database_import	
B/Kiev/222/2009	centers_for_disease_control_and_prevention	institute_of_epidemiology_and_infectious_diseases_ams_of_ukraine
B/Taiwan/33/2009	centers_for_disease_control_and_prevention	adimmune_corporation
B/StPetersburg/107/2009	centers_for_disease_control_and_prevention	russian_academy_of_medical_sciences
B/Kiev/69/2009	centers_for_disease_control_and_prevention	institute_of_epidemiology_and_infectious_diseases_ams_of_ukraine
B/Michigan/2/2009	centers_for_disease_control_and_prevention	michigan_department_of_community_health
B/StPetersburg/34/2009-egg	centers_for_disease_control_and_prevention	russian_academy_of_medical_sciences
B/Illinois/1/2009	centers_for_disease_control_and_prevention	illinois_department_of_public_health_chicago
B/Ontario/RV0835/2009	centers_for_disease_control_and_prevention	national_microbiology_laboratory,_health_canada
B/Cambodia/6785/2009	centers_for_disease_control_and_prevention	namru_2,_cambodia
B/Thailand/CU-B2660/2010	other_database_import	
B/Thailand/CU-B2271/2010	other_database_import	
B/Cambodia/6877/2009-egg	centers_for_disease_control_and_prevention	namru_2,_cambodia
B/Cambodia/6877/2009	centers_for_disease_control_and_prevention	namru_2,_cambodia
B/Cambodia/6535/2009-egg	centers_for_disease_control_and_prevention	namru_2,_cambodia
B/Cambodia/6535/2009	centers_for_disease_control_and_prevention	namru_2,_cambodia
B/Pennsylvania/3/2009	centers_for_disease_control_and_prevention	pennsylvania_department_of_health
B/Alaska/2/2009-egg	centers_for_disease_control_and_prevention	alaska_state_virology_lab
B/NewYork/1221/2009	other_database_import	
B/Victoria/516/2008	other_database_import	
B/Brisbane/121/2008	other_database_import	
B/Kaliningrad/21/2009	centers_for_disease_control_and_prevention	russian_academy_of_medical_sciences
B/Pennsylvania/4/2008-egg	centers_for_disease_control_and_prevention	
B/Washington/3/2009-egg	centers_for_disease_control_and_prevention	washington_state_public_health_laboratory
B/Indiana/3/2009	centers_for_disease_control_and_prevention	indiana_state_department_of_health_laboratories
B/NewYork/1220/2009	other_database_import	
B/Kenya/2043/2010	centers_for_disease_control_and_prevention	cdc_kenya
B/Kenya/861/2010	centers_for_disease_control_and_prevention	cdc_kenya
B/Kenya/3473/2010	centers_for_disease_control_and_prevention	cdc_kenya
B/Agadir/156/2011	crick_worldwide_influenza_centre	institut_national_d_hygiene,_ministere_de_la_sante_sante
B/Georgia/42/2010-egg	centers_for_disease_control_and_prevention	georgia_public_health_laboratory
B/Kenya/6296/2010-egg	centers_for_disease_control_and_prevention	cdc_kenya
B/Kenya/6282/2010	centers_for_disease_control_and_prevention	cdc_kenya
B/CoteDIvoire/GR1655/2010	crick_worldwide_influenza_centre	pasteur_institut_of_côte_d'ivoire
B/Nigeria/3043/2010	centers_for_disease_control_and_prevention	cdc_gap_nigeria
B/Paris/1762/2008	crick_worldwide_influenza_centre	institut_pasteur
B/Ghana/494/2011	crick_worldwide_influenza_centre	university_of_ghana
B/Cameroon/LEID/01/2011/1438/2011	crick_worldwide_influenza_centre	centre_pasteur_du_cameroun
B/Nigeria/958/2009	centers_for_disease_control_and_prevention	cdc_gap_nigeria
B/Cameroon/10v-4954/2010	crick_worldwide_influenza_centre	centre_pasteur_du_cameroun
B/Ghana/516/2011	crick_worldwide_influenza_centre	university_of_ghana
B/NewMexico/2/2009	centers_for_disease_control_and_prevention	new_mexico_department_of_health
B/Texas/9/2009	centers_for_disease_control_and_prevention	texas_department_of_state_health_services_laboratory_services
B/Iowa/1/2009-egg	centers_for_disease_control_and_prevention	iowa_state_hygienic_laboratory
B/Texas/6/2009	centers_for_disease_control_and_prevention	texas_department_of_state_health_services_laboratory_services
B/Texas/5/2009	centers_for_disease_control_and_prevention	texas_childrens_hospital
B/Texas/26/2008-egg	centers_for_disease_control_and_prevention	
B/Texas/25/2008	centers_for_disease_control_and_prevention	
B/Texas/22/2008	centers_for_disease_control_and_prevention	
B/Hawaii/1/2009-egg	centers_for_disease_control_and_prevention	state_of_hawaii_department_of_health
B/Hawaii/1/2009	centers_for_disease_control_and_prevention	state_of_hawaii_department_of_health
B/India/C117528/2010	other_database_import	
B/HongKong/2207/2010	crick_worldwide_influenza_centre	government_virus_unit
B/Malaysia/194/2010	who_collaborating_centre_for_reference_and_research_on_influenza	institut_penyelidikan_perubatan
B/Tehran/5277/2010	crick_worldwide_influenza_centre	tehran_university_of_medical_sciences
B/Nepal/128/2010	centers_for_disease_control_and_prevention	thailand_moph_u.s._cdc_collaboration_(ieip)
B/Nevada/3/2011-egg	centers_for_disease_control_and_prevention	nevada_state_health_laboratory
B/Nevada/3/2011	centers_for_disease_control_and_prevention	nevada_state_health_laboratory
B/Bangladesh/8008/2011	centers_for_disease_control_and_prevention	institute_of_epidemiology_disease_control_and_research_(iedcr)_&_bangladesh_national_influenza_centre_(nic)
B/Athens/10051/2011	crick_worldwide_influenza_centre	hellenic_pasteur_institute
B/Malta/MV457/2011-egg	crick_worldwide_influenza_centre	mater_dei_hospital
B/Genoa/2/2011	crick_worldwide_influenza_centre	university_of_genoa
B/Madagascar/1732/2012	crick_worldwide_influenza_centre	institut_pasteur_de_madagascar
B/Madagascar/3142/2012	crick_worldwide_influenza_centre	institut_pasteur_de_madagascar
B/Madagascar/1591/2012	crick_worldwide_influenza_centre	institut_pasteur_de_madagascar
B/Madagascar/2856/2012	crick_worldwide_influenza_centre	institut_pasteur_de_madagascar
B/Madagascar/3165/2012	crick_worldwide_influenza_centre	institut_pasteur_de_madagascar
B/Kenya/2581/2011	centers_for_disease_control_and_prevention	cdc_kenya
B/Bangladesh/1585/2011	centers_for_disease_control_and_prevention	institute_of_epidemiology_disease_control_and_research_(iedcr)_&_bangladesh_national_influenza_centre_(nic)
B/Shanghai-Xuhui/1172/2014-egg	centers_for_disease_control_and_prevention	shanghai_municipal_center_for_disease_control_and_prevention
B/BurkinaFaso/65/2012	centers_for_disease_control_and_prevention	irss
B/Wisconsin/2/2011-egg	centers_for_disease_control_and_prevention	wisconsin_state_laboratory_of_hygiene
B/Latvia/12-43110p/2010	crick_worldwide_influenza_centre	state_agency,_infectology_center_of_latvia
B/Wisconsin/1/2011	centers_for_disease_control_and_prevention	wisconsin_state_laboratory_of_hygiene
B/Bolivia/2142/2012	centers_for_disease_control_and_prevention	cenetrop
B/Bangladesh/5549/2011	centers_for_disease_control_and_prevention	institute_of_epidemiology_disease_control_and_research_(iedcr)_&_bangladesh_national_influenza_centre_(nic)
B/Sydney/31/2011	other_database_import	
B/Victoria/527/2011	who_collaborating_centre_for_reference_and_research_on_influenza	monash_medical_centre
B/Malmo/2/2011	crick_worldwide_influenza_centre	swedish_institute_for_infectious_disease_control
B/Skuodas/946/2011	crick_worldwide_influenza_centre	lithuanian_aids_center_laboratory
B/Vilnius/704/2011	crick_worldwide_influenza_centre	lithuanian_aids_center_laboratory
B/Santiago/32756/2012-egg	centers_for_disease_control_and_prevention	instituto_de_salud_publica_de_chile_
B/Paraguay/252/2012	centers_for_disease_control_and_prevention	central_laboratory_of_public_health
B/Brazil/944/2012	centers_for_disease_control_and_prevention	instituto_adolfo_lutz
B/Bhutan/1164/2010	centers_for_disease_control_and_prevention	thailand_moph_u.s._cdc_collaboration_(ieip)
B/Kenya-PERCH/4/2013	kemri_wellcome_trust_research_programme_(kwtrp)	kemri_wellcome_trust_research_programme_(kwtrp)
B/Kenya-PERCH/7/2012	kemri_wellcome_trust_research_programme_(kwtrp)	kemri_wellcome_trust_research_programme_(kwtrp)
B/India/9356/2010	centers_for_disease_control_and_prevention	national_institute_of_virology
B/NewYork/1244/2010	other_database_import	
B/NewYork/1243/2010	other_database_import	
B/Kenya/4637/2011	centers_for_disease_control_and_prevention	cdc_kenya
B/Kenya/4964/2011	centers_for_disease_control_and_prevention	cdc_kenya
B/Kenya-PERCH/2/2011	kemri_wellcome_trust_research_programme_(kwtrp)	kemri_wellcome_trust_research_programme_(kwtrp)
B/Texas/10/2010	centers_for_disease_control_and_prevention	texas_department_of_state_health_services_laboratory_services
B/Auckland/71/2011	other_database_import	
B/Bangladesh/4622/2011	centers_for_disease_control_and_prevention	institute_of_epidemiology_disease_control_and_research_(iedcr)_&_bangladesh_national_influenza_centre_(nic)
B/Bangladesh/9234/2011	centers_for_disease_control_and_prevention	institute_of_epidemiology_disease_control_and_research_(iedcr)_&_bangladesh_national_influenza_centre_(nic)
B/Bangladesh/4013/2011	centers_for_disease_control_and_prevention	institute_of_epidemiology_disease_control_and_research_(iedcr)_&_bangladesh_national_influenza_centre_(nic)
B/Bangladesh/8322/2011	centers_for_disease_control_and_prevention	institute_of_epidemiology_disease_control_and_research_(iedcr)_&_bangladesh_national_influenza_centre_(nic)
B/Ontario/1256/2011	centers_for_disease_control_and_prevention	national_microbiology_laboratory,_health_canada
B/Dakar/8/2012	crick_worldwide_influenza_centre	institut_pasteur_de_dakar
B/Dakar/3/2012	crick_worldwide_influenza_centre	institut_pasteur_de_dakar
B/Dakar/6/2012	crick_worldwide_influenza_centre	institut_pasteur_de_dakar
B/Dakar/17/2012	crick_worldwide_influenza_centre	institut_pasteur_de_dakar
B/Dakar/1/2012	crick_worldwide_influenza_centre	institut_pasteur_de_dakar
B/Bangladesh/1006/2011	centers_for_disease_control_and_prevention	institute_of_epidemiology_disease_control_and_research_(iedcr)_&_bangladesh_national_influenza_centre_(nic)
B/Bangladesh/5004/2011	centers_for_disease_control_and_prevention	institute_of_epidemiology_disease_control_and_research_(iedcr)_&_bangladesh_national_influenza_centre_(nic)
B/Qatar/2311005072/2011	crick_worldwide_influenza_centre	supreme_health_council
B/California/2/2012	centers_for_disease_control_and_prevention	california_department_of_health_services
B/Victoria/842/2011	other_database_import	
B/Bangladesh/2011/2010	centers_for_disease_control_and_prevention	institute_of_epidemiology_disease_control_and_research_(iedcr)_&_bangladesh_national_influenza_centre_(nic)
B/Norway/2402/2012	crick_worldwide_influenza_centre	who_national_influenza_centre
B/Lorraine/1023/2012	crick_worldwide_influenza_centre	crr_virus_influenza_region_sud
B/Peru/978/2012	centers_for_disease_control_and_prevention	namru_6
B/Beijing-Chaoyang/1943/2012	centers_for_disease_control_and_prevention	who_chinese_national_influenza_center
B/Argentina/9410/2012	centers_for_disease_control_and_prevention	cemic_university_hospital
B/StPetersburg/18/2012	crick_worldwide_influenza_centre	who_national_influenza_centre_russian_federation
B/ChiangRai/15/2013	centers_for_disease_control_and_prevention	who_national_influenza_centre,_national_institute_of_medical_research_(nimr)
B/Jiangsu-Chongchuan/11052/2013-egg	centers_for_disease_control_and_prevention	who_chinese_national_influenza_center
B/Bangkok/22/2015	who_collaborating_centre_for_reference_and_research_on_influenza	who_national_influenza_centre,_national_institute_of_medical_research_(nimr)
B/Chanthaburi/135/2015	who_collaborating_centre_for_reference_and_research_on_influenza	who_national_influenza_centre,_national_institute_of_medical_research_(nimr)
B/Sweden/8/2016	swedish_institute_for_infectious_disease_control	
B/NewJersey/1/2012-egg	crick_worldwide_influenza_centre	centers_for_disease_control_and_prevention
B/NewJersey/1/2012	centers_for_disease_control_and_prevention	centers_for_disease_control_and_prevention
B/Delaware/3/2012	centers_for_disease_control_and_prevention	delaware_public_health_lab
B/Santiago/49303/2012	centers_for_disease_control_and_prevention	instituto_de_salud_publica_de_chile_
B/Santiago/34960/2012	centers_for_disease_control_and_prevention	instituto_de_salud_publica_de_chile_
B/Brazil/368/2013	centers_for_disease_control_and_prevention	oswaldo_cruz_institute___fiocruz___laboratory_of_respiratory_viruses_and_measles_(lvrs)
B/Santiago/49517/2013	centers_for_disease_control_and_prevention	instituto_de_salud_publica_de_chile_
B/Wyoming/4/2012	centers_for_disease_control_and_prevention	wyoming_public_health_laboratory
B/Belize/3158/2013	centers_for_disease_control_and_prevention	caribbean_epidemiology_center
B/Boston/YGB_01010/2013	other_database_import	
B/ElSalvador/2256/2013-egg	centers_for_disease_control_and_prevention	contiguo_a_hospital_rosales
B/ElSalvador/2256/2013	centers_for_disease_control_and_prevention	contiguo_a_hospital_rosales
B/StPetersburg/121/2013	centers_for_disease_control_and_prevention	russian_academy_of_medical_sciences
B/India/5526/2012	centers_for_disease_control_and_prevention	national_institute_of_virology
B/India/4969/2011	centers_for_disease_control_and_prevention	national_institute_of_virology
B/Stockholm/5/2012	crick_worldwide_influenza_centre	swedish_institute_for_infectious_disease_control
B/NorthDakota/4/2012	centers_for_disease_control_and_prevention	north_dakota_department_of_health
B/Mauritius/571/2012	crick_worldwide_influenza_centre	central_health_laboratory
B/Oklahoma/4/2013	centers_for_disease_control_and_prevention	oklahoma_state_department_of_health
B/Argentina/35/2012	centers_for_disease_control_and_prevention	instituto_nacional_de_enfermedades_infecciosas
B/Formosa/V2367/2012	crick_worldwide_influenza_centre	instituto_nacional_de_enfermedades_infecciosas
B/Boston/YGB_01030/2013	other_database_import	
B/Texas/3/2012	centers_for_disease_control_and_prevention	texas_department_of_state_health_services_laboratory_services
B/England/626/2012	crick_worldwide_influenza_centre	health_protection_agency
B/Ireland/12M17522/2012	crick_worldwide_influenza_centre	national_virus_reference_laboratory
B/Bangladesh/6704/2012	centers_for_disease_control_and_prevention	institute_of_epidemiology_disease_control_and_research_(iedcr)_&_bangladesh_national_influenza_centre_(nic)
B/Egypt/3514/2012	centers_for_disease_control_and_prevention	u.s._naval_medical_research_unit_no.3
B/Peru/1634/2012	centers_for_disease_control_and_prevention	namru_6
B/England/577/2012	crick_worldwide_influenza_centre	health_protection_agency
B/England/595/2012	crick_worldwide_influenza_centre	health_protection_agency
B/Venezuela/82/2012	centers_for_disease_control_and_prevention	"instituto_nacional_de_higiene_""rafael_rangel"""
B/Moscow/63/2013	centers_for_disease_control_and_prevention	ivanovsky_research_institute_of_virology_rams
B/Brazil/390/2013	centers_for_disease_control_and_prevention	oswaldo_cruz_institute___fiocruz___laboratory_of_respiratory_viruses_and_measles_(lvrs)
B/Wyoming/3/2013	centers_for_disease_control_and_prevention	wyoming_public_health_laboratory
B/Paraguay/672/2014	centers_for_disease_control_and_prevention	central_laboratory_of_public_health
B/Utah/8/2012	centers_for_disease_control_and_prevention	utah_department_of_health
B/Brazil/4861/2013	centers_for_disease_control_and_prevention	instituto_adolfo_lutz
B/Brazil/3742/2013	centers_for_disease_control_and_prevention	instituto_adolfo_lutz
B/Brazil/7795/2013	centers_for_disease_control_and_prevention	instituto_adolfo_lutz
B/FrenchGuiana/1021/2013	centers_for_disease_control_and_prevention	national_influenza_center_french_guiana_and_french_indies
B/Reims/1624/2012	crick_worldwide_influenza_centre	institut_pasteur
B/Ohio/2/2013	centers_for_disease_control_and_prevention	ohio_department_of_health_laboratories
B/StPetersburg/46/2012-egg	centers_for_disease_control_and_prevention	russian_academy_of_medical_sciences
B/Bayern/1/2013	crick_worldwide_influenza_centre	robert_koch_institute
B/Utah/8/2012-egg	centers_for_disease_control_and_prevention	utah_department_of_health
B/Brazil/6828/2013	centers_for_disease_control_and_prevention	instituto_adolfo_lutz
B/Paraguay/59/2014	centers_for_disease_control_and_prevention	central_laboratory_of_public_health
B/Brazil/3452/2013	centers_for_disease_control_and_prevention	instituto_adolfo_lutz
B/Casablanca/247/2013	national_institute_of_hygiene	institut_national_d_hygiene,_ministere_de_la_sante_sante
B/Valladolid/96/2012	crick_worldwide_influenza_centre	universidad_de_valladolid
B/Burgos/95/2012	crick_worldwide_influenza_centre	universidad_de_valladolid
B/ChiangRai/55/2012	centers_for_disease_control_and_prevention	who_national_influenza_centre,_national_institute_of_medical_research_(nimr)
B/Brazil/2786/2015	centers_for_disease_control_and_prevention	instituto_adolfo_lutz
B/HongKong/1198/2015	centers_for_disease_control_and_prevention	government_virus_unit
B/Aichi/62/2013	centers_for_disease_control_and_prevention	aichi_prefectural_institute_of_public_health
B/Bahrain/15/2012	centers_for_disease_control_and_prevention	ministry_of_health_bahrain
B/Kenya-PERCH/5/2013	kemri_wellcome_trust_research_programme_(kwtrp)	kemri_wellcome_trust_research_programme_(kwtrp)
B/Wisconsin/6/2012	centers_for_disease_control_and_prevention	wisconsin_state_laboratory_of_hygiene
B/Tak/57/2012	centers_for_disease_control_and_prevention	who_national_influenza_centre,_national_institute_of_medical_research_(nimr)
B/HongKong/3546/2012	crick_worldwide_influenza_centre	government_virus_unit
B/Kenya/129/2012	centers_for_disease_control_and_prevention	cdc_kenya
B/Lisbon/3/2012	crick_worldwide_influenza_centre	instituto_nacional_de_saude
B/HongKong/3608/2012	crick_worldwide_influenza_centre	government_virus_unit
B/Vietnam/61/2012	centers_for_disease_control_and_prevention	national_institute_of_hygiene_and_epidemiology
B/Athens/98/2012	crick_worldwide_influenza_centre	hellenic_pasteur_institute
B/Ulsan/1695/2013	centers_for_disease_control_and_prevention	national_institute_of_health
B/Connecticut/1/2012	centers_for_disease_control_and_prevention	connecticut_department._of_public_health
B/Hawaii/16/2014	centers_for_disease_control_and_prevention	state_of_hawaii_department_of_health
B/Hawaii/8/2014	centers_for_disease_control_and_prevention	state_of_hawaii_department_of_health
B/Hawaii/17/2014	centers_for_disease_control_and_prevention	state_of_hawaii_department_of_health
B/Kenya/2302/2012	centers_for_disease_control_and_prevention	cdc_kenya
B/Kenya-PERCH/2/2012	kemri_wellcome_trust_research_programme_(kwtrp)	kemri_wellcome_trust_research_programme_(kwtrp)
B/Kenya-PERCH/6/2012	kemri_wellcome_trust_research_programme_(kwtrp)	kemri_wellcome_trust_research_programme_(kwtrp)
B/Kenya-PERCH/1/2012	kemri_wellcome_trust_research_programme_(kwtrp)	kemri_wellcome_trust_research_programme_(kwtrp)
B/Kenya/KCH116246/2012		import_from_public_domain
B/Kenya-PERCH/1/2013	kemri_wellcome_trust_research_programme_(kwtrp)	kemri_wellcome_trust_research_programme_(kwtrp)
B/Kenya-PERCH/8/2012	kemri_wellcome_trust_research_programme_(kwtrp)	kemri_wellcome_trust_research_programme_(kwtrp)
B/Kenya/KCH116518/2012		import_from_public_domain
B/Hawaii/12/2012-egg	centers_for_disease_control_and_prevention	state_of_hawaii_department_of_health
B/Hawaii/12/2012	centers_for_disease_control_and_prevention	state_of_hawaii_department_of_health
B/SachsenAnhalt/1/2012	crick_worldwide_influenza_centre	robert_koch_institute
B/NewYork/1338/2012	other_database_import	
B/SouthAfrica/1/2012	kemri_wellcome_trust_research_programme_(kwtrp)	kemri_wellcome_trust_research_programme_(kwtrp)
B/Milan/3/2012	crick_worldwide_influenza_centre	istituto_superiore_di_sanità
B/NewHampshire/6/2012	centers_for_disease_control_and_prevention	new_hampshire_public_health_laboratories
B/Pennsylvania/5/2012-egg	centers_for_disease_control_and_prevention	pennsylvania_department_of_health
B/Ireland/12M2515/2012	crick_worldwide_influenza_centre	national_virus_reference_laboratory
B/Argentina/871/2012	centers_for_disease_control_and_prevention	instituto_nacional_de_enfermedades_infecciosas
B/Jiangsu-Tianning/1502/2012-egg	centers_for_disease_control_and_prevention	who_chinese_national_influenza_center
B/SouthAfrica/6/2012	kemri_wellcome_trust_research_programme_(kwtrp)	kemri_wellcome_trust_research_programme_(kwtrp)
B/Oman/65/2012	centers_for_disease_control_and_prevention	central_public_health_laboratory,_ministry_of_health
B/NewYork/3/2012	centers_for_disease_control_and_prevention	new_york_city_department_of_health
B/Pennsylvania/6/2012-egg	centers_for_disease_control_and_prevention	pennsylvania_department_of_health
B/Pennsylvania/6/2012	centers_for_disease_control_and_prevention	pennsylvania_department_of_health
B/India/2229/2011	centers_for_disease_control_and_prevention	national_institute_of_virology
B/India/5875/2011	centers_for_disease_control_and_prevention	national_institute_of_virology
B/Tucuman/A458/2012	crick_worldwide_influenza_centre	instituto_nacional_de_enfermedades_infecciosas
B/HongKong/5/2013	centers_for_disease_control_and_prevention	government_virus_unit
B/HongKong/6/2013	crick_worldwide_influenza_centre	government_virus_unit
B/Peru/7084/2013	centers_for_disease_control_and_prevention	namru_6
B/Johannesburg/3958/2012-egg	crick_worldwide_influenza_centre	sandringham,_national_institute_for_communicable_d
B/Townsville/33/2012	who_collaborating_centre_for_reference_and_research_on_influenza	queensland_health_scientific_services
B/Valparaiso/1032/2013-egg	centers_for_disease_control_and_prevention	instituto_de_salud_publica_de_chile_
B/Bangladesh/1005/2012	centers_for_disease_control_and_prevention	institute_of_epidemiology_disease_control_and_research_(iedcr)_&_bangladesh_national_influenza_centre_(nic)
B/Norway/1133/2012	crick_worldwide_influenza_centre	who_national_influenza_centre
B/Pennsylvania/5/2012	centers_for_disease_control_and_prevention	pennsylvania_department_of_health
B/Hawaii/9/2012	centers_for_disease_control_and_prevention	state_of_hawaii_department_of_health
B/Hawaii/9/2012-egg	centers_for_disease_control_and_prevention	state_of_hawaii_department_of_health
B/Johannesburg/3462/2012-egg	crick_worldwide_influenza_centre	sandringham,_national_institute_for_communicable_d
B/Nicaragua/AGB2-10/2012	other_database_import	
B/Indonesia/Nihrd-Mtr1658/2013	centers_for_disease_control_and_prevention	ministry_of_health,_nihrd
B/Indonesia/Nihrdi-Mks1003/2013	centers_for_disease_control_and_prevention	ministry_of_health,_nihrd
B/Guam/2635/2012	centers_for_disease_control_and_prevention	u.s._air_force_school_of_aerospace_medicine
B/Idaho/3/2012	centers_for_disease_control_and_prevention	state_of_idaho_bureau_of_laboratories
B/England/537/2012	crick_worldwide_influenza_centre	health_protection_agency
B/Brisbane/12/2012-egg	centers_for_disease_control_and_prevention	who_collaborating_centre_for_reference_and_research_on_influenza
B/Lyon/2696/2012	crick_worldwide_influenza_centre	crr_virus_influenza_region_sud
B/Peru/206/2013	centers_for_disease_control_and_prevention	us_namru_6
B/Vietnam/3071/2013	centers_for_disease_control_and_prevention	national_institute_of_hygiene_and_epidemiology
B/Vietnam/3072/2013	centers_for_disease_control_and_prevention	national_institute_of_hygiene_and_epidemiology
B/SouthAfrica/4/2012	kemri_wellcome_trust_research_programme_(kwtrp)	kemri_wellcome_trust_research_programme_(kwtrp)
B/Kaliningrad/6/2012	centers_for_disease_control_and_prevention	russian_academy_of_medical_sciences
B/California/3/2012	centers_for_disease_control_and_prevention	california_department_of_health_services
B/Wisconsin/16/2012	centers_for_disease_control_and_prevention	wisconsin_state_laboratory_of_hygiene
B/India/316/2012	centers_for_disease_control_and_prevention	national_institute_of_virology
B/Johannesburg/3964/2012-egg	crick_worldwide_influenza_centre	sandringham,_national_institute_for_communicable_d
B/Nicaragua/AGB2-41/2012	other_database_import	
B/BuenosAires/770/2012	crick_worldwide_influenza_centre	instituto_nacional_de_enfermedades_infecciosas
B/Thailand/CU-B7337/2012	other_database_import	
B/HongKong/74/2013	centers_for_disease_control_and_prevention	government_virus_unit
B/Maine/2/2012	centers_for_disease_control_and_prevention	maine_health_and_environmental_testing_laboratory
B/Johannesburg/3952/2012-egg	crick_worldwide_influenza_centre	sandringham,_national_institute_for_communicable_d
B/Brazil/260/2013	centers_for_disease_control_and_prevention	oswaldo_cruz_institute___fiocruz___laboratory_of_respiratory_viruses_and_measles_(lvrs)
B/Vietnam/423/2013	centers_for_disease_control_and_prevention	national_institute_of_hygiene_and_epidemiology
B/India/6245/2011	centers_for_disease_control_and_prevention	national_institute_of_virology
B/Washington/7/2014	centers_for_disease_control_and_prevention	washington_state_public_health_laboratory
B/Bangkok/282/2012	centers_for_disease_control_and_prevention	who_national_influenza_centre,_national_institute_of_medical_research_(nimr)
B/Sukhbaatar/1604/2012	centers_for_disease_control_and_prevention	national_center_for_communicable_diseases
B/Crete/141/2012	crick_worldwide_influenza_centre	hellenic_pasteur_institute
B/Ireland/125/2013	crick_worldwide_influenza_centre	national_virus_reference_laboratory
B/Santiago/36883/2013	centers_for_disease_control_and_prevention	instituto_de_salud_publica_de_chile_
B/Brazil/389/2013	centers_for_disease_control_and_prevention	oswaldo_cruz_institute___fiocruz___laboratory_of_respiratory_viruses_and_measles_(lvrs)
B/Nonthaburi/373/2014	centers_for_disease_control_and_prevention	who_national_influenza_centre,_national_institute_of_medical_research_(nimr)
B/Vietnam/448/2013	centers_for_disease_control_and_prevention	national_institute_of_hygiene_and_epidemiology
B/Indonesia/Nihrd-Buas704/2013	centers_for_disease_control_and_prevention	ministry_of_health,_nihrd
B/Pakistan/1009/2012	centers_for_disease_control_and_prevention	national_institute_of_health
B/Rwanda/324/2014	centers_for_disease_control_and_prevention	rwanda_biomedical_center,_national_reference_laboratory
B/Vietnam/421/2013	centers_for_disease_control_and_prevention	national_institute_of_hygiene_and_epidemiology
B/Norway/2429/2011	crick_worldwide_influenza_centre	norwegian_institute_of_public_health
B/Centre/1376/2012	crick_worldwide_influenza_centre	crr_virus_influenza_region_sud
B/Tasmania/51/2012	who_collaborating_centre_for_reference_and_research_on_influenza	royal_hobart_hospital
B/Singapore/34/2011	who_collaborating_centre_for_reference_and_research_on_influenza	ministry_of_health,_singapore
B/Finland/292/2012	crick_worldwide_influenza_centre	national_institute_for_health_and_welfare
B/Argentina/44/2012	centers_for_disease_control_and_prevention	instituto_nacional_de_enfermedades_infecciosas
B/Bahrain/10/2012	centers_for_disease_control_and_prevention	ministry_of_health_bahrain
B/Guangdong-Duanzhou/1160/2013	centers_for_disease_control_and_prevention	who_chinese_national_influenza_center
B/India/8575/2011	centers_for_disease_control_and_prevention	national_institute_of_virology
B/Jiangsu-Qingpu/1256/2013-egg	centers_for_disease_control_and_prevention	who_chinese_national_influenza_center
B/Indonesia/Nihrdi-Dps1144/2014	centers_for_disease_control_and_prevention	ministry_of_health,_nihrd
B/Indonesia/Nihrds-0242/2013	centers_for_disease_control_and_prevention	ministry_of_health,_nihrd
B/Santiago/82832/2013	centers_for_disease_control_and_prevention	instituto_de_salud_publica_de_chile_
B/FrenchGuiana/8157/2013	centers_for_disease_control_and_prevention	national_influenza_center_french_guiana_and_french_indies
B/Boston/YGB_01048/2013	other_database_import	
B/Boston/YGB_01034/2013	other_database_import	
B/Brazil/6004/2013	centers_for_disease_control_and_prevention	instituto_adolfo_lutz
B/Brisbane/63/2014	who_collaborating_centre_for_reference_and_research_on_influenza	queensland_health_scientific_services
B/Mali-PERCH/8/2013	kemri_wellcome_trust_research_programme_(kwtrp)	kemri_wellcome_trust_research_programme_(kwtrp)
B/Kenya/132/2012	centers_for_disease_control_and_prevention	cdc_kenya
B/Catalonia/NSVH46568/2013	hospital_universitari_vall_d'hebron	hospital_universitari_vall_d'hebron
B/Bangladesh/8009/2013	centers_for_disease_control_and_prevention	institute_of_epidemiology_disease_control_and_research_(iedcr)_&_bangladesh_national_influenza_centre_(nic)
B/Bangladesh/2004/2014	centers_for_disease_control_and_prevention	institute_of_epidemiology_disease_control_and_research_(iedcr)_&_bangladesh_national_influenza_centre_(nic)
B/Bangladesh/8010/2013	centers_for_disease_control_and_prevention	institute_of_epidemiology_disease_control_and_research_(iedcr)_&_bangladesh_national_influenza_centre_(nic)
B/Bangladesh/2002/2014	centers_for_disease_control_and_prevention	institute_of_epidemiology_disease_control_and_research_(iedcr)_&_bangladesh_national_influenza_centre_(nic)
B/Ethiopia/948/2013	centers_for_disease_control_and_prevention	ethiopian_health_and_nutrition_research_institute_(ehnri)
B/Tanzania/1905/2014	centers_for_disease_control_and_prevention	national_influenza_lab
B/Indiana/2/2014	centers_for_disease_control_and_prevention	indiana_state_department_of_health_laboratories
B/BurkinaFaso/40/2014	centers_for_disease_control_and_prevention	irss
B/Ghana/1118/2013	centers_for_disease_control_and_prevention	national_institute_for_medical_research
B/India/2024/2012	centers_for_disease_control_and_prevention	all_india_institute_of_medical_sciences
B/Nigeria/7903/2012	centers_for_disease_control_and_prevention	national_influenza_reference_laboratory
B/England/194/2015	microbiology_services_colindale,_public_health_england	microbiology_services_colindale,_public_health_england
B/Andalucia/358/2012-egg	crick_worldwide_influenza_centre	servicio_de_microbiología_hospital_virgen_de_las_nieves
B/Bangladesh/4345/2014	centers_for_disease_control_and_prevention	institute_of_epidemiology_disease_control_and_research_(iedcr)_&_bangladesh_national_influenza_centre_(nic)
B/Ethiopia/925/2013	centers_for_disease_control_and_prevention	ethiopian_health_and_nutrition_research_institute_(ehnri)
B/Niigata/13NU024/2014	other_database_import	
B/Brisbane/12/2014	who_collaborating_centre_for_reference_and_research_on_influenza	queensland_health_scientific_services
B/Andalucia/358/2012	crick_worldwide_influenza_centre	servicio_de_microbiología_hospital_virgen_de_las_nieves
B/NorthCarolina/10/2013	centers_for_disease_control_and_prevention	north_carolina_state_laboratory_of_public_health
B/Bangladesh/6365/2013	centers_for_disease_control_and_prevention	institute_of_epidemiology_disease_control_and_research_(iedcr)_&_bangladesh_national_influenza_centre_(nic)
B/Bangladesh/3006/2013	centers_for_disease_control_and_prevention	institute_of_epidemiology_disease_control_and_research_(iedcr)_&_bangladesh_national_influenza_centre_(nic)
B/Bangladesh/5253/2013	centers_for_disease_control_and_prevention	institute_of_epidemiology_disease_control_and_research_(iedcr)_&_bangladesh_national_influenza_centre_(nic)
B/Belgium/G886/2012	crick_worldwide_influenza_centre	scientific_institute_of_public_health
B/Bangladesh/1835/2013	centers_for_disease_control_and_prevention	institute_of_epidemiology_disease_control_and_research_(iedcr)_&_bangladesh_national_influenza_centre_(nic)
B/Bangladesh/4180/2013	centers_for_disease_control_and_prevention	institute_of_epidemiology_disease_control_and_research_(iedcr)_&_bangladesh_national_influenza_centre_(nic)
B/Seoul/16/2013	centers_for_disease_control_and_prevention	national_institute_of_health
B/Bangladesh/6784/2014	centers_for_disease_control_and_prevention	institute_of_epidemiology_disease_control_and_research_(iedcr)_&_bangladesh_national_influenza_centre_(nic)
B/Samara/7/2013	centers_for_disease_control_and_prevention	russian_academy_of_medical_sciences
B/India/315/2012	centers_for_disease_control_and_prevention	national_institute_of_virology
B/Bangladesh/7075/2012	centers_for_disease_control_and_prevention	institute_of_epidemiology_disease_control_and_research_(iedcr)_&_bangladesh_national_influenza_centre_(nic)
B/India/4352/2014	centers_for_disease_control_and_prevention	national_institute_of_virology
B/Bangladesh/2015/2014	centers_for_disease_control_and_prevention	institute_of_epidemiology_disease_control_and_research_(iedcr)_&_bangladesh_national_influenza_centre_(nic)
B/Bangladesh/3009/2013	centers_for_disease_control_and_prevention	institute_of_epidemiology_disease_control_and_research_(iedcr)_&_bangladesh_national_influenza_centre_(nic)
B/Bangladesh/214/2014	centers_for_disease_control_and_prevention	institute_of_epidemiology_disease_control_and_research_(iedcr)_&_bangladesh_national_influenza_centre_(nic)
B/Japan/3942/2013	centers_for_disease_control_and_prevention	u.s._air_force_school_of_aerospace_medicine
B/HongKong/438/2013	centers_for_disease_control_and_prevention	government_virus_unit
B/Perth/501/2014	who_collaborating_centre_for_reference_and_research_on_influenza	pathwest_qe_ii_medical_centre
B/Taiwan/22/2013	centers_for_disease_control_and_prevention	adimmune_corporation
B/HongKong/267/2013	centers_for_disease_control_and_prevention	government_virus_unit
B/NewZealand/21/2014	centers_for_disease_control_and_prevention	institute_of_environmental_science_&_research
B/Gwangju/1701/2013	centers_for_disease_control_and_prevention	national_institute_of_health
B/Korea/2934/2014	centers_for_disease_control_and_prevention	u.s._air_force_school_of_aerospace_medicine
B/HongKong/223/2013	centers_for_disease_control_and_prevention	government_virus_unit
B/Guangdong-Zhongshan/1465/2014-egg	centers_for_disease_control_and_prevention	who_chinese_national_influenza_center
B/HongKong/3343/2014	centers_for_disease_control_and_prevention	government_virus_unit
B/Brisbane/1/2013	who_collaborating_centre_for_reference_and_research_on_influenza	queensland_health_scientific_services
B/Sainshand/1750/2014	who_collaborating_centre_for_reference_and_research_on_influenza	national_influenza_center
B/Philippines/3/2014	who_collaborating_centre_for_reference_and_research_on_influenza	research_institute_of_tropical_medicine
B/Philippines/14/2013	who_collaborating_centre_for_reference_and_research_on_influenza	research_institute_of_tropical_medicine
B/Nagasaki/13N052/2014	other_database_import	
B/Malaysia/26/2013	who_collaborating_centre_for_reference_and_research_on_influenza	institut_penyelidikan_perubatan
B/Nagasaki/13N092/2014	other_database_import	
B/Nagasaki/13N090/2014	other_database_import	
B/Isahaya/13I004/2014	other_database_import	
B/Nagasaki/13N035/2014	other_database_import	
B/Nagasaki/13I003/2014	niigata_university	
B/Philippines/10/2013	who_collaborating_centre_for_reference_and_research_on_influenza	research_institute_of_tropical_medicine
B/Southauckland/2/2014	who_collaborating_centre_for_reference_and_research_on_influenza	institute_of_environmental_science_&_research
B/Sydney/19/2014	who_collaborating_centre_for_reference_and_research_on_influenza	clinical_virology_unit,_cdim
B/Kyoto/13SK046/2014	niigata_university	
B/Kyoto/13SK045/2014	niigata_university	
B/Kyoto/13SK043/2014	niigata_university	
B/Kyoto/13SK027/2014	niigata_university	
B/Kyoto/13SK056/2014	niigata_university	
B/Kyoto/13SK056-2/2014	niigata_university	
B/Kyoto/13K014/2014	other_database_import	
B/Victoria/824/2012	who_collaborating_centre_for_reference_and_research_on_influenza	austin_health
B/Canberra/1/2013	who_collaborating_centre_for_reference_and_research_on_influenza	canberra_hospital
B/Brisbane/3/2014	who_collaborating_centre_for_reference_and_research_on_influenza	queensland_health_scientific_services
B/Brisbane/24/2013	who_collaborating_centre_for_reference_and_research_on_influenza	queensland_health_forensic_and_scientific_services_
B/Brisbane/18/2013	who_collaborating_centre_for_reference_and_research_on_influenza	queensland_health_scientific_services
B/NewCaledonia/27/2015-egg	who_collaborating_centre_for_reference_and_research_on_influenza	institut_pasteur_new_caledonia
B/NewCaledonia/5/2014	who_collaborating_centre_for_reference_and_research_on_influenza	institut_pasteur_new_caledonia
B/Townsville/5/2013	who_collaborating_centre_for_reference_and_research_on_influenza	queensland_health_scientific_services
B/Philippines/4/2014	who_collaborating_centre_for_reference_and_research_on_influenza	research_institute_of_tropical_medicine
B/Singapore/41/2012	who_collaborating_centre_for_reference_and_research_on_influenza	ministry_of_health,_singapore
B/Singapore/INFNUH-16-0002/2016	ministry_of_health,_singapore	ministry_of_health,_singapore
B/Nepal/FLU-NPBH-02924/2016	usamc_armed_forces_medical_research_institute_of_medial_sciences	usamc_afrims_department_of_virology
B/Nepal/582/2016	centers_for_disease_control_and_prevention	national_public_health_laboratory
B/Nepal/FLU-NPBH-02948/2016	usamc_armed_forces_medical_research_institute_of_medial_sciences	usamc_afrims_department_of_virology
B/Bahrain/99/2016	centers_for_disease_control_and_prevention	ministry_of_health_bahrain
B/Bahrain/921/2015	centers_for_disease_control_and_prevention	ministry_of_health_bahrain
B/Darwin/43/2014	who_collaborating_centre_for_reference_and_research_on_influenza	royal_darwin_hospital
B/England/236/2015	microbiology_services_colindale,_public_health_england	microbiology_services_colindale,_public_health_england
B/England/231/2015	microbiology_services_colindale,_public_health_england	microbiology_services_colindale,_public_health_england
B/England/235/2015	microbiology_services_colindale,_public_health_england	microbiology_services_colindale,_public_health_england
B/Brisbane/15/2015	who_collaborating_centre_for_reference_and_research_on_influenza	queensland_health_scientific_services
B/Townsville/3/2015	who_collaborating_centre_for_reference_and_research_on_influenza	queensland_health_scientific_services
B/Darwin/11/2015	who_collaborating_centre_for_reference_and_research_on_influenza	royal_darwin_hospital
B/HongKong/1372/2015	centers_for_disease_control_and_prevention	government_virus_unit
B/Indiana/6/2015	centers_for_disease_control_and_prevention	indiana_state_department_of_health_laboratories
B/Canberra/30/2015	who_collaborating_centre_for_reference_and_research_on_influenza	canberra_hospital
B/Newcastle/1005/2015	who_collaborating_centre_for_reference_and_research_on_influenza	institute_of_medical_and_veterinary_science_(imvs)
B/Darwin/14/2015	who_collaborating_centre_for_reference_and_research_on_influenza	royal_darwin_hospital
B/Victoria/7/2014	who_collaborating_centre_for_reference_and_research_on_influenza	victorian_infectious_diseases_reference_laboratory_
B/Brisbane/71/2014	who_collaborating_centre_for_reference_and_research_on_influenza	queensland_health_scientific_services
B/Brisbane/70/2014	who_collaborating_centre_for_reference_and_research_on_influenza	queensland_health_scientific_services
B/Sydney/256/2015	who_collaborating_centre_for_reference_and_research_on_influenza	clinical_virology_unit,_cdim
B/Perth/255/2015	who_collaborating_centre_for_reference_and_research_on_influenza	pathwest_qe_ii_medical_centre
B/Darwin/2/2016	who_collaborating_centre_for_reference_and_research_on_influenza	royal_darwin_hospital
B/Darwin/90/2015	who_collaborating_centre_for_reference_and_research_on_influenza	royal_darwin_hospital
B/Victoria/204/2014	who_collaborating_centre_for_reference_and_research_on_influenza	royal_chidrens_hospital
B/Brisbane/74/2014	who_collaborating_centre_for_reference_and_research_on_influenza	queensland_health_scientific_services
B/Brisbane/62/2014	who_collaborating_centre_for_reference_and_research_on_influenza	queensland_health_scientific_services
B/Newcastle/21/2014	who_collaborating_centre_for_reference_and_research_on_influenza	john_hunter_hospital
B/NewCaledonia/6/2014	who_collaborating_centre_for_reference_and_research_on_influenza	institut_pasteur_new_caledonia
B/Daejeon/3330/2012	centers_for_disease_control_and_prevention	national_institute_of_health
B/NewMexico/5/2014	centers_for_disease_control_and_prevention	new_mexico_department_of_health
B/England/507/2012	crick_worldwide_influenza_centre	health_protection_agency
B/Japan/NHRC_02-H4184/2015	other_database_import	
B/Linares/260/2012-egg	centers_for_disease_control_and_prevention	instituto_de_salud_publica_de_chile_
B/NewJersey/3/2015	centers_for_disease_control_and_prevention	new_jersey_department_of_health_&_senior_services
B/NewYork/1/2015	centers_for_disease_control_and_prevention	new_york_state_department_of_health
B/NewYork/19/2015	centers_for_disease_control_and_prevention	new_york_state_department_of_health
B/Missouri/1/2015-egg	centers_for_disease_control_and_prevention	missouri_department._of_health_&_senior_services
B/Missouri/1/2015	centers_for_disease_control_and_prevention	missouri_department._of_health_&_senior_services
B/Sakai/3/2015	national_institute_of_infectious_diseases_(niid)	sakai_city_institute_of_public_health
B/Texas/22/2015	centers_for_disease_control_and_prevention	texas_department_of_state_health_services_laboratory_services
B/Alaska/19/2015	centers_for_disease_control_and_prevention	alaska_state_virology_lab
B/Florida/33/2015	centers_for_disease_control_and_prevention	florida_department_of_health_jacksonville
B/Texas/35/2014	centers_for_disease_control_and_prevention	texas_department_of_state_health_services,_south_texas_laboratory
B/Mexico/3011/2014	centers_for_disease_control_and_prevention	laboratorio_de_virus_respiratorio
B/Alberta/RV2486/2014	centers_for_disease_control_and_prevention	national_microbiology_laboratory,_health_canada
B/Florida/55/2015	centers_for_disease_control_and_prevention	florida_department_of_health_tampa
B/Maryland/14/2015-egg	centers_for_disease_control_and_prevention	maryland_department_of_health_and_mental_hygiene
B/Maryland/14/2015	centers_for_disease_control_and_prevention	maryland_department_of_health_and_mental_hygiene
B/NewYork/12/2014	centers_for_disease_control_and_prevention	new_york_state_department_of_health
B/Florida/43/2014	centers_for_disease_control_and_prevention	florida_department_of_health_jacksonville
B/Florida/43/2014-egg	centers_for_disease_control_and_prevention	florida_department_of_health_jacksonville
B/Brazil/5137/2014	centers_for_disease_control_and_prevention	instituto_adolfo_lutz
B/Paraguay/41/2014	centers_for_disease_control_and_prevention	central_laboratory_of_public_health
B/Bolivia/787/2014	centers_for_disease_control_and_prevention	cenetrop
B/Paraguay/4674/2014	centers_for_disease_control_and_prevention	central_laboratory_of_public_health
B/Paraguay/1131/2015	centers_for_disease_control_and_prevention	central_laboratory_of_public_health
B/Paraguay/9900/2014	centers_for_disease_control_and_prevention	central_laboratory_of_public_health
B/Paraguay/5133/2015	centers_for_disease_control_and_prevention	central_laboratory_of_public_health
B/Bolivia/1106/2017	centers_for_disease_control_and_prevention	instituto_nacional_de_laboratoriosde_salud_(inlasa)
B/Bolivia/1105/2017	centers_for_disease_control_and_prevention	instituto_nacional_de_laboratoriosde_salud_(inlasa)
B/Paraguay/753/2015	centers_for_disease_control_and_prevention	central_laboratory_of_public_health
B/Linares/79278/2015	centers_for_disease_control_and_prevention	instituto_de_salud_publica_de_chile_
B/Talca/80905/2015	centers_for_disease_control_and_prevention	instituto_de_salud_publica_de_chile_
B/Valparaiso/81181/2015	centers_for_disease_control_and_prevention	instituto_de_salud_publica_de_chile_
B/Paraguay/6708/2015	centers_for_disease_control_and_prevention	central_laboratory_of_public_health
B/VinaDelMar/32296/2016	centers_for_disease_control_and_prevention	instituto_de_salud_publica_de_chile_
B/Shanghai-Luwan/1169/2011-egg	who_chinese_national_influenza_center	who_chinese_national_influenza_center
B/Beijing-Xicheng/1875/2011	who_chinese_national_influenza_center	who_chinese_national_influenza_center
B/Roraima/143102-IEC/2016	centers_for_disease_control_and_prevention	national_influenza_center
B/Lao/3709/2016	centers_for_disease_control_and_prevention	national_center_for_laboratory_and_epidemiology
B/Vietnam/6050/2016	centers_for_disease_control_and_prevention	national_institute_of_hygiene_and_epidemiology
B/Victoria/898/2015	who_collaborating_centre_for_reference_and_research_on_influenza	austin_health
B/Brisbane/13/2016	who_collaborating_centre_for_reference_and_research_on_influenza	queensland_health_scientific_services
B/NewZealand/792/2016	centers_for_disease_control_and_prevention	institute_of_environmental_science_&_research
B/Singapore/INFEN-16-0192/2016	ministry_of_health,_singapore	ministry_of_health,_singapore
B/NewZealand/651/2016	centers_for_disease_control_and_prevention	institute_of_environmental_science_&_research
B/NewZealand/650/2016	centers_for_disease_control_and_prevention	institute_of_environmental_science_&_research
B/Vietnam/6048/2016	centers_for_disease_control_and_prevention	national_institute_of_hygiene_and_epidemiology
B/Nepal/598/2016	centers_for_disease_control_and_prevention	national_public_health_laboratory
B/Victoria/813/2013	who_collaborating_centre_for_reference_and_research_on_influenza	austin_health
B/Southaustralia/20/2014	who_collaborating_centre_for_reference_and_research_on_influenza	institute_of_medical_and_veterinary_science_(imvs)
B/Wellington/49/2015	who_collaborating_centre_for_reference_and_research_on_influenza	institute_of_environmental_science_&_research
B/Darwin/40/2012	who_collaborating_centre_for_reference_and_research_on_influenza	royal_darwin_hospital
B/Malaysia/20/2013	who_collaborating_centre_for_reference_and_research_on_influenza	institut_penyelidikan_perubatan
B/Luxembourg/LNS6899252/2020	laboratoire_national_de_sant?	laboratoire_national_de_santé_
B/Southaustralia/5/2012	who_collaborating_centre_for_reference_and_research_on_influenza	institute_of_medical_and_veterinary_science_(imvs)
B/Townsville/12/2012	who_collaborating_centre_for_reference_and_research_on_influenza	queensland_health_scientific_services
B/Nicaragua/AGB2-28/2012	other_database_import	
B/Vietnam/5258/2015	centers_for_disease_control_and_prevention	national_institute_of_hygiene_and_epidemiology
B/Southaustralia/10/2013	who_collaborating_centre_for_reference_and_research_on_influenza	institute_of_medical_and_veterinary_science_(imvs)
B/Singapore/21/2012	who_collaborating_centre_for_reference_and_research_on_influenza	ministry_of_health,_singapore
B/Malaysia/6/2014	who_collaborating_centre_for_reference_and_research_on_influenza	institut_penyelidikan_perubatan
B/Vietnam/1/2014	who_collaborating_centre_for_reference_and_research_on_influenza	pasteur_institute_of_ho_chi_minh_
B/Perth/503/2014	who_collaborating_centre_for_reference_and_research_on_influenza	pathwest_qe_ii_medical_centre
B/Analavory/2825/2017	centers_for_disease_control_and_prevention	institut_pasteur_de_madagascar
B/Brazil/87066/2015	centers_for_disease_control_and_prevention	instituto_adolfo_lutz
B/Peru/9216/2016	centers_for_disease_control_and_prevention	us_namru_6
B/Peru/63316/2016	centers_for_disease_control_and_prevention	us_namru_6
B/Brazil/5472/2016	centers_for_disease_control_and_prevention	instituto_adolfo_lutz
B/Paraguay/6747/2015	centers_for_disease_control_and_prevention	central_laboratory_of_public_health
B/Santiago/21423/2016	centers_for_disease_control_and_prevention	instituto_de_salud_publica_de_chile_
B/Santiago/80460/2015	centers_for_disease_control_and_prevention	instituto_de_salud_publica_de_chile_
B/Coyhaique/81401/2015	centers_for_disease_control_and_prevention	instituto_de_salud_publica_de_chile_
B/Concepcion/81218/2015	centers_for_disease_control_and_prevention	instituto_de_salud_publica_de_chile_
B/Paraguay/7944/2016	centers_for_disease_control_and_prevention	central_laboratory_of_public_health
B/Kentucky/43/2015	centers_for_disease_control_and_prevention	kentucky_division_of_laboratory_services
B/Shanghai-Pudongxin/11802/2015	centers_for_disease_control_and_prevention	who_chinese_national_influenza_center
B/Brazil/596/2015	centers_for_disease_control_and_prevention	oswaldo_cruz_institute___fiocruz___laboratory_of_respiratory_viruses_and_measles_(lvrs)
B/Brazil/582/2015	centers_for_disease_control_and_prevention	oswaldo_cruz_institute___fiocruz___laboratory_of_respiratory_viruses_and_measles_(lvrs)
B/Brazil/2/2016	centers_for_disease_control_and_prevention	oswaldo_cruz_institute___fiocruz___laboratory_of_respiratory_viruses_and_measles_(lvrs)
B/Zhejiang-Dinghai/1466/2016-egg	centers_for_disease_control_and_prevention	who_chinese_national_influenza_center
B/Yunnan-Zhaoyang/11160/2016	centers_for_disease_control_and_prevention	who_chinese_national_influenza_center
B/Hawaii/26/2018-egg	centers_for_disease_control_and_prevention	state_of_hawaii_department_of_health
B/Hawaii/26/2018	centers_for_disease_control_and_prevention	state_of_hawaii_department_of_health
B/Bahia/128/2017	centers_for_disease_control_and_prevention	instituto_oswaldo_cruz_fiocruz___laboratory_of_respiratory_viruses_and_measles_(lvrs)
A/Argentina/268/2016	centers_for_disease_control_and_prevention	instituto_nacional_de_enfermedades_infecciosas
B/Bolivia/2296/2016	centers_for_disease_control_and_prevention	cenetrop
B/Paraguay/8037/2017	centers_for_disease_control_and_prevention	central_laboratory_of_public_health
B/Peru/5016/2016	centers_for_disease_control_and_prevention	us_namru_6
B/Bangladesh/311001/2016	centers_for_disease_control_and_prevention	institute_of_epidemiology_disease_control_and_research_(iedcr)_&_bangladesh_national_influenza_centre_(nic)
B/Bangladesh/11007/2015	centers_for_disease_control_and_prevention	institute_of_epidemiology_disease_control_and_research_(iedcr)_&_bangladesh_national_influenza_centre_(nic)
B/Bangladesh/11002/2015	centers_for_disease_control_and_prevention	institute_of_epidemiology_disease_control_and_research_(iedcr)_&_bangladesh_national_influenza_centre_(nic)
B/Bangladesh/11005/2015	centers_for_disease_control_and_prevention	institute_of_epidemiology_disease_control_and_research_(iedcr)_&_bangladesh_national_influenza_centre_(nic)
B/Thailand/CU-B6975/2012	other_database_import	
B/Thailand/CU-B6257/2012	other_database_import	
B/Nongkhai/112/2011	who_collaborating_centre_for_reference_and_research_on_influenza	who_national_influenza_centre,_national_institute_of_medical_research_(nimr)
B/Shanghai-Baoshan/193/2011	who_chinese_national_influenza_center	who_chinese_national_influenza_center
B/Malaysia/404/2010	who_collaborating_centre_for_reference_and_research_on_influenza	institut_penyelidikan_perubatan
B/Malaysia/405/2010	who_collaborating_centre_for_reference_and_research_on_influenza	institut_penyelidikan_perubatan
B/Chongqing-Wanzhou/1162/2011	who_chinese_national_influenza_center	who_chinese_national_influenza_center
B/Southaustralia/21/2012	who_collaborating_centre_for_reference_and_research_on_influenza	institute_of_medical_and_veterinary_science_(imvs)
B/Sydney/2/2012	who_collaborating_centre_for_reference_and_research_on_influenza	westmead_hospital
B/Sydney/20/2012	who_collaborating_centre_for_reference_and_research_on_influenza	westmead_hospital
B/Vietnam/13VB-1/2012	niigata_university	
B/HongKong/3501/2012	crick_worldwide_influenza_centre	government_virus_unit
B/Vietnam/13VB-7/2013	niigata_university	
B/Vietnam/13VB-4/2013	niigata_university	
B/Southauckland/1/2012	who_collaborating_centre_for_reference_and_research_on_influenza	institute_of_environmental_science_and_research
B/Taiwan/197/2015	national_institute_of_infectious_diseases_(niid)	center_for_disease_control
B/Vietnam/13VB-9/2013	niigata_university	
B/Chiangrai/273/2014	who_collaborating_centre_for_reference_and_research_on_influenza	who_national_influenza_centre,_national_institute_of_medical_research_(nimr)
B/Taiwan/341/2015	centers_for_disease_control_and_prevention	adimmune_corporation
B/Sydney/500/2013	who_collaborating_centre_for_reference_and_research_on_influenza	prince_of_wales_hospital
B/Singapore/KK492/2013	who_collaborating_centre_for_reference_and_research_on_influenza	ministry_of_health,_singapore
B/Southauckland/9/2013	who_collaborating_centre_for_reference_and_research_on_influenza	institute_of_environmental_science_&_research
B/Victoria/830/2013	who_collaborating_centre_for_reference_and_research_on_influenza	austin_health
B/Srilanka/2/2013	who_collaborating_centre_for_reference_and_research_on_influenza	medical_research_institute
B/Ethiopia/919/2014	centers_for_disease_control_and_prevention	ethiopian_health_and_nutrition_research_institute_(ehnri)
B/Victoria/832/2012	who_collaborating_centre_for_reference_and_research_on_influenza	austin_health
B/Canberra/2/2013	who_collaborating_centre_for_reference_and_research_on_influenza	canberra_hospital
B/Cambodia/2/2012	who_collaborating_centre_for_reference_and_research_on_influenza	institute_pasteur_du_cambodia
B/Jordan/30465/2012	crick_worldwide_influenza_centre	laboratory_directorate
B/Brisbane/1/2012	who_collaborating_centre_for_reference_and_research_on_influenza	queensland_health_scientific_services
B/Victoria/1/2012	who_collaborating_centre_for_reference_and_research_on_influenza	victorian_infectious_diseases_reference_laboratory_
B/Brisbane/13/2013	who_collaborating_centre_for_reference_and_research_on_influenza	queensland_health_forensic_and_scientific_services_
B/Victoria/802/2013	who_collaborating_centre_for_reference_and_research_on_influenza	austin_health
B/Florida/7/2012	centers_for_disease_control_and_prevention	florida_department_of_health_tampa
B/Wisconsin/14/2012	centers_for_disease_control_and_prevention	wisconsin_state_laboratory_of_hygiene
B/Alaska/3/2013	centers_for_disease_control_and_prevention	alaska_state_virology_lab
B/Singapore/20/2012	who_collaborating_centre_for_reference_and_research_on_influenza	ministry_of_health,_singapore
B/Malaysia/18/2013	who_collaborating_centre_for_reference_and_research_on_influenza	institut_penyelidikan_perubatan
B/Philippines/15/2012	who_collaborating_centre_for_reference_and_research_on_influenza	research_institute_of_tropical_medicine
B/Sachsen/26/2012	crick_worldwide_influenza_centre	robert_koch_institute
B/Wisconsin/2/2013	centers_for_disease_control_and_prevention	wisconsin_state_laboratory_of_hygiene
B/Sydney/205/2012	who_collaborating_centre_for_reference_and_research_on_influenza	prince_of_wales_hospital
B/Canberra/1/2012	who_collaborating_centre_for_reference_and_research_on_influenza	canberra_hospital
B/PrachuapKhiriKhan/446/2012	who_collaborating_centre_for_reference_and_research_on_influenza	who_national_influenza_centre,_national_institute_of_medical_research_(nimr)
B/Newcastle/32/2012	who_collaborating_centre_for_reference_and_research_on_influenza	john_hunter_hospital
B/Victoria/801/2012	who_collaborating_centre_for_reference_and_research_on_influenza	austin_health
B/Darwin/23/2012	who_collaborating_centre_for_reference_and_research_on_influenza	royal_darwin_hospital
B/Brisbane/28/2012	who_collaborating_centre_for_reference_and_research_on_influenza	queensland_health_scientific_services
B/Singapore/12/2012	who_collaborating_centre_for_reference_and_research_on_influenza	ministry_of_health,_singapore
B/Townsville/2/2013	who_collaborating_centre_for_reference_and_research_on_influenza	queensland_health_scientific_services
B/SouthAustralia/64/2012	who_collaborating_centre_for_reference_and_research_on_influenza	institute_of_medical_and_veterinary_science_(imvs)
B/Southaustralia/3/2013	who_collaborating_centre_for_reference_and_research_on_influenza	institute_of_medical_and_veterinary_science_(imvs)
B/Southaustralia/5/2013	who_collaborating_centre_for_reference_and_research_on_influenza	institute_of_medical_and_veterinary_science_(imvs)
B/Argentina/872/2012	centers_for_disease_control_and_prevention	instituto_nacional_de_enfermedades_infecciosas
B/Natal/124182/2013	centers_for_disease_control_and_prevention	national_influenza_center
B/Vermont/2/2013	centers_for_disease_control_and_prevention	vermont_department_of_health_laboratory
B/Yokohama/13/2015	national_institute_of_infectious_diseases_(niid)	yokohama_city_institute_of_public_health.
B/Hamamatu-C/15083/2015	national_institute_of_infectious_diseases_(niid)	hamamatsu_city_health_environment_research_center
B/Niigata/509/2015	national_institute_of_infectious_diseases_(niid)	niigata_prefectural_institute_of_public_health_and_environmental_sciences
B/Toyama/8/2015	national_institute_of_infectious_diseases_(niid)	toyama_institute_of_health
B/Kawasaki/18/2015	national_institute_of_infectious_diseases_(niid)	kawasaki_city_institute_of_public_health_
B/Kanagawa/10/2015	national_institute_of_infectious_diseases_(niid)	kanagawa_prefectural_institute_of_public_health
B/Sakai/2/2015	national_institute_of_infectious_diseases_(niid)	sakai_city_institute_of_public_health
B/Nagasaki/68/2015	national_institute_of_infectious_diseases_(niid)	nagasaki_prefectural_institute_for_environment_research_and_public_health
B/Florida/8/2013	centers_for_disease_control_and_prevention	florida_department_of_health_jacksonville
B/Uruguay/177/2013	centers_for_disease_control_and_prevention	departamento_de_laboratorio_de_salud_publica
B/Jordan/30014/2012	crick_worldwide_influenza_centre	laboratory_directorate
B/Jordan/20440/2012	crick_worldwide_influenza_centre	laboratory_directorate
B/Brazil/2920/2014	centers_for_disease_control_and_prevention	instituto_adolfo_lutz
B/Acre/130605-IEC/2014	centers_for_disease_control_and_prevention	national_influenza_center
B/Brazil/1036/2013	centers_for_disease_control_and_prevention	instituto_adolfo_lutz
B/PuertoMontt/81199/2013	centers_for_disease_control_and_prevention	instituto_de_salud_publica_de_chile_
B/Massachusetts/2/2013	centers_for_disease_control_and_prevention	massachusetts_department_of_public_health
B/Stockholm/6/2014	swedish_institute_for_infectious_disease_control	
B/Nevada/9/2013	centers_for_disease_control_and_prevention	southern_nevada_public_health_lab
B/Montana/1/2014	centers_for_disease_control_and_prevention	montana_laboratory_services_bureau
B/Texas/23/2014	centers_for_disease_control_and_prevention	texas_department_of_state_health_services_laboratory_services
B/Texas/2/2013-egg	centers_for_disease_control_and_prevention	centers_for_disease_control_and_prevention
B/Boston/YGB_01017/2013	other_database_import	
B/Boston/YGB_01023/2013	other_database_import	
B/Colombia/4924/2015	centers_for_disease_control_and_prevention	instituto_nacional_de_salud_de_columbia
B/NewMexico/1/2014	centers_for_disease_control_and_prevention	new_mexico_department_of_health
B/NewMexico/2/2014	centers_for_disease_control_and_prevention	new_mexico_department_of_health
B/Santiago/77512/2013-egg	centers_for_disease_control_and_prevention	instituto_de_salud_publica_de_chile_
B/Concepcion/264/2014	centers_for_disease_control_and_prevention	instituto_de_salud_publica_de_chile_
B/NewYork/14/2012	centers_for_disease_control_and_prevention	new_york_state_department_of_health
B/Boston/YGB_01009/2013	other_database_import	
B/Victoria/18/2012	who_collaborating_centre_for_reference_and_research_on_influenza	victorian_infectious_diseases_reference_laboratory_
B/Michigan/3/2013	centers_for_disease_control_and_prevention	michigan_department_of_community_health
B/Argentina/154/2014	centers_for_disease_control_and_prevention	instituto_nacional_de_enfermedades_infecciosas
B/Mexico/2535/2014	centers_for_disease_control_and_prevention	laboratorio_de_virus_respiratorio
B/Mexico/2511/2014	centers_for_disease_control_and_prevention	laboratorio_de_virus_respiratorio
B/Brazil/6297/2015	centers_for_disease_control_and_prevention	instituto_adolfo_lutz
B/Virginia/3/2013	centers_for_disease_control_and_prevention	virginia_division_of_consolidated_laboratories
B/Texas/2/2013	centers_for_disease_control_and_prevention	centers_for_disease_control_and_prevention
B/Boston/YGB_01056/2013	other_database_import	
B/Pennsylvania/3/2013	centers_for_disease_control_and_prevention	pennsylvania_department_of_health
B/Sweden/1/2016	swedish_institute_for_infectious_disease_control	
B/Chiba-C/75/2014	national_institute_of_infectious_diseases_(niid)	chiba_city_institute_of_health_and_environment
B/Mexico/3141/2013	centers_for_disease_control_and_prevention	laboratorio_de_virus_respiratorio
B/Washington/3/2014	centers_for_disease_control_and_prevention	washington_state_public_health_laboratory
B/Stockholm/9/2015	swedish_institute_for_infectious_disease_control	
B/Catalonia/NSVH100354325/2016	hospital_universitari_vall_d'hebron	hospital_universitari_vall_d'hebron
B/NewZealand/442/2014	centers_for_disease_control_and_prevention	institute_of_environmental_science_&_research
B/Iasi/131732/2013	crick_worldwide_influenza_centre	cantacuzino_institute
B/California/NHRC418097/2014	other_database_import	
B/Ryazan/1/2015	centers_for_disease_control_and_prevention	russian_academy_of_medical_sciences
B/Utah/11/2015	centers_for_disease_control_and_prevention	utah_department_of_health
B/Yaroslavl/4/2015	centers_for_disease_control_and_prevention	ivanovsky_research_institute_of_virology_rams
B/Montana/1/2014-egg	centers_for_disease_control_and_prevention	montana_laboratory_services_bureau
B/Oklahoma/2/2014	centers_for_disease_control_and_prevention	oklahoma_state_department_of_health
B/Texas/22/2014	centers_for_disease_control_and_prevention	texas_department_of_state_health_services_laboratory_services
B/Oregon/1/2014	centers_for_disease_control_and_prevention	oregon_public_health_laboratory
B/Texas/21/2014	centers_for_disease_control_and_prevention	texas_department_of_state_health_services_laboratory_services
B/Taiwan/217/2016	national_institute_of_infectious_diseases_(niid)	center_for_disease_control
B/Tokyo/EH8/2016	national_institute_of_infectious_diseases_(niid)	national_institute_of_infectious_diseases_(niid)
B/Mexico/1161/2015	centers_for_disease_control_and_prevention	laboratorio_de_virus_respiratorio
B/Hawaii/13/2015	centers_for_disease_control_and_prevention	state_of_hawaii_department_of_health
B/Hawaii/10/2015	centers_for_disease_control_and_prevention	state_of_hawaii_department_of_health
B/Hawaii/14/2015-egg	centers_for_disease_control_and_prevention	state_of_hawaii_department_of_health
B/Hawaii/14/2015	centers_for_disease_control_and_prevention	state_of_hawaii_department_of_health
B/Texas/1/2014	centers_for_disease_control_and_prevention	texas_department_of_state_health_services_laboratory_services
B/California/NHRC417873/2014	other_database_import	
B/Washington/3/2014-egg	centers_for_disease_control_and_prevention	washington_state_public_health_laboratory
B/Texas/34/2014	centers_for_disease_control_and_prevention	texas_department_of_state_health_services,_south_texas_laboratory
B/Osaka/11/2015	national_institute_of_infectious_diseases_(niid)	osaka_prefectural_institute_of_public_health
B/Florida/25/2015	centers_for_disease_control_and_prevention	florida_department_of_health_jacksonville
B/Wisconsin/20/2015	centers_for_disease_control_and_prevention	marshfield_clinic_research_foundation
B/Montana/1/2013	centers_for_disease_control_and_prevention	montana_laboratory_services_bureau
B/Boston/YGB_01049/2013	other_database_import	
B/Delaware/1/2013	centers_for_disease_control_and_prevention	delaware_public_health_lab
B/Mexico/2968/2014	centers_for_disease_control_and_prevention	laboratorio_de_virus_respiratorio
B/Uruguay/98/2015	centers_for_disease_control_and_prevention	departamento_de_laboratorio_de_salud_publica
B/Boston/YGB_01021/2013	other_database_import	
B/Nevada/9/2014	centers_for_disease_control_and_prevention	southern_nevada_public_health_lab
B/California/2/2014	centers_for_disease_control_and_prevention	california_department_of_health_services
B/Nevada/11/2014	centers_for_disease_control_and_prevention	southern_nevada_public_health_lab
B/Texas/9/2013	centers_for_disease_control_and_prevention	texas_department_of_state_health_services_laboratory_services
B/Hawaii/24/2014	centers_for_disease_control_and_prevention	state_of_hawaii_department_of_health
B/Hawaii/24/2014-egg	centers_for_disease_control_and_prevention	state_of_hawaii_department_of_health
B/England/345/2015	microbiology_services_colindale,_public_health_england	microbiology_services_colindale,_public_health_england
B/Washington/58/2016	centers_for_disease_control_and_prevention	washington_state_public_health_laboratory
B/Tasmania/5/2015	who_collaborating_centre_for_reference_and_research_on_influenza	royal_hobart_hospital
B/Newcastle/7/2015	who_collaborating_centre_for_reference_and_research_on_influenza	john_hunter_hospital
B/Tasmania/2/2015	who_collaborating_centre_for_reference_and_research_on_influenza	royal_hobart_hospital
B/Missouri/10/2015	centers_for_disease_control_and_prevention	missouri_department._of_health_&_senior_services
B/Nevada/16/2015	centers_for_disease_control_and_prevention	southern_nevada_public_health_lab
B/Massachusetts/9/2015	centers_for_disease_control_and_prevention	massachusetts_department_of_public_health
B/England/361/2015	microbiology_services_colindale,_public_health_england	microbiology_services_colindale,_public_health_england
B/England/54180234/2015	microbiology_services_colindale,_public_health_england	microbiology_services_colindale,_public_health_england
B/Linkoping/1/2016	swedish_institute_for_infectious_disease_control	
B/England/71/2017	microbiology_services_colindale,_public_health_england	microbiology_services_colindale,_public_health_england
B/Bahrain/1569/2015	centers_for_disease_control_and_prevention	ministry_of_health_bahrain
B/Connecticut/61/2015-egg	centers_for_disease_control_and_prevention	connecticut_department._of_public_health
B/Connecticut/61/2015	centers_for_disease_control_and_prevention	connecticut_department._of_public_health
B/Tasmania/30/2015	who_collaborating_centre_for_reference_and_research_on_influenza	royal_hobart_hospital
B/SriLanka/31/2015	who_collaborating_centre_for_reference_and_research_on_influenza	medical_research_institute
B/Wellington/38/2015	who_collaborating_centre_for_reference_and_research_on_influenza	institute_of_environmental_science_&_research
B/Singapore/TT1119/2018	ministry_of_health,_singapore	ministry_of_health,_singapore
B/Linkoping/3/2016	swedish_institute_for_infectious_disease_control	
B/Trollhattan/4/2016	swedish_institute_for_infectious_disease_control	
B/England/933/2016	microbiology_services_colindale,_public_health_england	microbiology_services_colindale,_public_health_england
B/Idaho/19/2015	centers_for_disease_control_and_prevention	state_of_idaho_bureau_of_laboratories
B/Idaho/20/2015	centers_for_disease_control_and_prevention	state_of_idaho_bureau_of_laboratories
B/Idaho/25/2015-egg	centers_for_disease_control_and_prevention	state_of_idaho_bureau_of_laboratories
B/Santiago/34852/2015-egg	centers_for_disease_control_and_prevention	instituto_de_salud_publica_de_chile_
B/Argentina/11461/2015	centers_for_disease_control_and_prevention	cemic_university_hospital
B/Georgia/25/2015	centers_for_disease_control_and_prevention	georgia_public_health_laboratory
B/Nevada/23/2015	centers_for_disease_control_and_prevention	southern_nevada_public_health_lab
B/Idaho/22/2015	centers_for_disease_control_and_prevention	state_of_idaho_bureau_of_laboratories
B/Sapporo/2/2017	national_institute_of_infectious_diseases_(niid)	sapporo_city_institute_of_public_health
B/FrenchGuiana/8123/2015	centers_for_disease_control_and_prevention	national_influenza_center_french_guiana_and_french_indies
B/Idaho/21/2015-egg	centers_for_disease_control_and_prevention	state_of_idaho_bureau_of_laboratories
B/Louisiana/12/2015	centers_for_disease_control_and_prevention	louisiana_department_of_health_and_hospitals
B/Idaho/25/2015	centers_for_disease_control_and_prevention	state_of_idaho_bureau_of_laboratories
B/Shizuoka-C/17/2016	national_institute_of_infectious_diseases_(niid)	shizuoka_city_institute_of_environmental_sciences_and_public_health_
B/Yokohama/28/2015	national_institute_of_infectious_diseases_(niid)	yokohama_city_institute_of_public_health.
B/Chiba/11/2015	national_institute_of_infectious_diseases_(niid)	chiba_prefectural_institute_of_public_health
B/Brisbane/69/2015	who_collaborating_centre_for_reference_and_research_on_influenza	queensland_health_scientific_services
B/Brisbane/46/2015-egg	centers_for_disease_control_and_prevention	queensland_health_scientific_services
B/Singapore/KK0272/2017	ministry_of_health,_singapore	ministry_of_health,_singapore
B/England/70420702/2017	microbiology_services_colindale,_public_health_england	microbiology_services_colindale,_public_health_england
B/Mie/13/2017	national_institute_of_infectious_diseases_(niid)	mie_prefecture_health_and_environment_research_institute
B/Michigan/UOMMH15236/2017	university_of_michigan	university_of_michigan_clinical_microbiology_laboratory
B/Sydney/183/2015	who_collaborating_centre_for_reference_and_research_on_influenza	clinical_virology_unit,_cdim
B/Taiwan/445/2016	national_institute_of_infectious_diseases_(niid)	center_for_disease_control
B/Taiwan/503/2016	national_institute_of_infectious_diseases_(niid)	center_for_disease_control
B/Fukuoka-C/3/2016	national_institute_of_infectious_diseases_(niid)	fukuoka_city_institute_for_hygiene_and_the_environment
B/Darwin/109/2017	who_collaborating_centre_for_reference_and_research_on_influenza	royal_darwin_hospital
B/Darwin/130/2017	who_collaborating_centre_for_reference_and_research_on_influenza	royal_darwin_hospital
B/Taiwan/419/2016	national_institute_of_infectious_diseases_(niid)	center_for_disease_control
B/Taiwan/6047/2016	taiwan_cdc	centers_for_disease_control
B/Taiwan/605/2016	national_institute_of_infectious_diseases_(niid)	center_for_disease_control
B/Taiwan/361/2015	national_institute_of_infectious_diseases_(niid)	center_for_disease_control
B/Sydney/3/2016	who_collaborating_centre_for_reference_and_research_on_influenza	westmead_hospital
B/Taiwan/362/2015	national_institute_of_infectious_diseases_(niid)	center_for_disease_control
B/Taiwan/6071/2016	taiwan_cdc	centers_for_disease_control
B/England/872/2016	microbiology_services_colindale,_public_health_england	microbiology_services_colindale,_public_health_england
B/England/472/2015	microbiology_services_colindale,_public_health_england	microbiology_services_colindale,_public_health_england
B/England/943/2016	microbiology_services_colindale,_public_health_england	microbiology_services_colindale,_public_health_england
B/Stockholm/6/2016	swedish_institute_for_infectious_disease_control	
B/HongKong/1835/2015	centers_for_disease_control_and_prevention	government_virus_unit
B/Taiwan/65/2017	national_institute_of_infectious_diseases_(niid)	center_for_disease_control
B/Brisbane/46/2017	who_collaborating_centre_for_reference_and_research_on_influenza	queensland_health_scientific_services
B/Lao/F221/2015	national_institute_of_infectious_diseases_(niid)	ministry_of_health_laos
B/Fukushima/16/2018	national_institute_of_infectious_diseases_(niid)	fukushima_prefectural_institute_of_public_health
B/Kanagawa/80/2016	national_institute_of_infectious_diseases_(niid)	kanagawa_prefectural_institute_of_public_health
B/Oita/8/2017	national_institute_of_infectious_diseases_(niid)	oita_prefectural_institute_of_health_and_environment
B/HongKong/1545/2016	centers_for_disease_control_and_prevention	government_virus_unit
B/Okinawa/16T022/2017	niigata_university	niigata_university
B/England/61140188/2016	microbiology_services_colindale,_public_health_england	microbiology_services_colindale,_public_health_england
B/Fukushima/67/2016	national_institute_of_infectious_diseases_(niid)	fukushima_prefectural_institute_of_public_health
B/Gifu/2/2018	national_institute_of_infectious_diseases_(niid)	gifu_prefectural_institute_of_health_and_environmental_sciences
B/Gifu/18/2018	national_institute_of_infectious_diseases_(niid)	gifu_prefectural_institute_of_health_and_environmental_sciences
B/Kochi/106/2017	national_institute_of_infectious_diseases_(niid)	kochi_public_health_and_sanitation_institute_
B/Kochi/110/2017	national_institute_of_infectious_diseases_(niid)	kochi_public_health_and_sanitation_institute_
B/Singapore/KK0171/2017	ministry_of_health,_singapore	ministry_of_health,_singapore
B/Saitama/23/2016	national_institute_of_infectious_diseases_(niid)	saitama_institute_of_public_health
B/Yokohama/31/2016	national_institute_of_infectious_diseases_(niid)	yokohama_city_institute_of_public_health.
B/Gunma/5/2015	national_institute_of_infectious_diseases_(niid)	gunma_prefectural_institute_of_public_health_and_environmental_sciences
B/Gunma/7/2015	national_institute_of_infectious_diseases_(niid)	gunma_prefectural_institute_of_public_health_and_environmental_sciences
B/Saitama-C/5/2015	national_institute_of_infectious_diseases_(niid)	saitama_city_institute_of_health__science_and_research
B/Brisbane/1/2016	who_collaborating_centre_for_reference_and_research_on_influenza	queensland_health_scientific_services
B/Saga/187/2016	national_institute_of_infectious_diseases_(niid)	saga_prefectural_institute_of_public_health_and_pharmaceutical_research
B/Sweden/60/2018	public_health_agency_of_sweden	
B/Lao/F4347/2016	national_institute_of_infectious_diseases_(niid)	national_center_for_laboratory_and_epidemiology
B/Hyogo/1058/2016	national_institute_of_infectious_diseases_(niid)	hyogo_prefectural_institute_of_public_health_and_consumer_sciences
B/Stockholm/10/2017	public_health_agency_of_sweden	
B/Kanagawa/IC37/2016	national_institute_of_infectious_diseases_(niid)	national_institute_of_infectious_diseases_(niid)
B/Kanagawa/IC41/2016	national_institute_of_infectious_diseases_(niid)	national_institute_of_infectious_diseases_(niid)
B/Kanagawa/IC12/2016	national_institute_of_infectious_diseases_(niid)	national_institute_of_infectious_diseases_(niid)
B/SouthAustralia/1015/2015	who_collaborating_centre_for_reference_and_research_on_influenza	institute_of_medical_and_veterinary_science_(imvs)
B/Yokohama/1/2016	national_institute_of_infectious_diseases_(niid)	yokohama_city_institute_of_public_health.
B/England/799/2016	microbiology_services_colindale,_public_health_england	microbiology_services_colindale,_public_health_england
B/Niigata/280/2016	national_institute_of_infectious_diseases_(niid)	niigata_prefectural_institute_of_public_health_and_environmental_sciences
B/Sendai/13/2015	national_institute_of_infectious_diseases_(niid)	sendai_city_institute_of_public_health
B/Tokyo/15724/2016	national_institute_of_infectious_diseases_(niid)	tokyo_metropolitan_institute_of_public_health
B/Lao/F374/2015	national_institute_of_infectious_diseases_(niid)	ministry_of_health_laos
B/Wakayama-C/2/2016	national_institute_of_infectious_diseases_(niid)	wakayama_city_institute_of_public_health
B/England/18/2017	microbiology_services_colindale,_public_health_england	microbiology_services_colindale,_public_health_england
B/Singapore/TT0476/2017	ministry_of_health,_singapore	ministry_of_health,_singapore
B/Singapore/GP0756/2017	ministry_of_health,_singapore	ministry_of_health,_singapore
B/Osaka/19/2016	national_institute_of_infectious_diseases_(niid)	osaka_prefectural_institute_of_public_health
B/England/61160171/2016	microbiology_services_colindale,_public_health_england	microbiology_services_colindale,_public_health_england
B/England/62480186/2016	microbiology_services_colindale,_public_health_england	microbiology_services_colindale,_public_health_england
B/Taiwan/308/2016	national_institute_of_infectious_diseases_(niid)	center_for_disease_control
B/Tokyo/15387/2015	national_institute_of_infectious_diseases_(niid)	tokyo_metropolitan_institute_of_public_health
B/Yokohama/13/2016	national_institute_of_infectious_diseases_(niid)	yokohama_city_institute_of_public_health.
B/Sendai/6/2016	national_institute_of_infectious_diseases_(niid)	sendai_city_institute_of_public_health
B/England/798/2016	microbiology_services_colindale,_public_health_england	microbiology_services_colindale,_public_health_england
B/Taiwan/697/2016	national_institute_of_infectious_diseases_(niid)	center_for_disease_control
B/Gangwon/1116/2017	national_institute_of_infectious_diseases_(niid)	national_institute_of_health
B/Taiwan/63/2017	national_institute_of_infectious_diseases_(niid)	center_for_disease_control
B/Kanagawa/IC1644/2017	national_institute_of_infectious_diseases_(niid)	national_institute_of_infectious_diseases_(niid)
B/Kanagawa/IC1639/2017	national_institute_of_infectious_diseases_(niid)	national_institute_of_infectious_diseases_(niid)
B/Hyogo/3233/2017	national_institute_of_infectious_diseases_(niid)	hyogo_prefectural_institute_of_public_health_and_consumer_sciences
B/Ishikawa/67/2017	national_institute_of_infectious_diseases_(niid)	ishikawa_prefectural_institute_of_public_health_and_environmental_science
B/Kanagawa/AC1635/2017	national_institute_of_infectious_diseases_(niid)	national_institute_of_infectious_diseases_(niid)
B/Sweden/23/2016	swedish_institute_for_infectious_disease_control	
B/Netherlands/2423/2017	national_institute_for_public_health_and_the_environment_(rivm)	national_institute_for_public_health_and_the_environment_(rivm)
B/SouthAustralia/7/2017	who_collaborating_centre_for_reference_and_research_on_influenza	institute_of_medical_and_veterinary_science_(imvs)
B/Stockholm/13/2016	swedish_institute_for_infectious_disease_control	
B/Linkoping/4/2017	public_health_agency_of_sweden	public_health_agency_of_sweden
B/England/2/2017	microbiology_services_colindale,_public_health_england	microbiology_services_colindale,_public_health_england
B/Wellington/2/2018	who_collaborating_centre_for_reference_and_research_on_influenza	institute_of_environmental_science_and_research
B/Hyogo/1046/2015	national_institute_of_infectious_diseases_(niid)	hyogo_prefectural_institute_of_public_health_and_consumer_sciences
B/Fukui/20/2018	national_institute_of_infectious_diseases_(niid)	fukui_prefectural_institute_of_public_health
B/Brisbane/3/2017	who_collaborating_centre_for_reference_and_research_on_influenza	queensland_health_scientific_services
B/Tottori/7/2017	national_institute_of_infectious_diseases_(niid)	tottori_prefectural_institute_of_public_health_and_environmental_science
B/Bahrain/8/2017	centers_for_disease_control_and_prevention	ministry_of_health_bahrain
B/NewZealand/1230/2016	centers_for_disease_control_and_prevention	institute_of_environmental_science_&_research
B/Oman/1961/2018	centers_for_disease_control_and_prevention	central_public_health_laboratory,_ministry_of_health
B/Sweden/5/2017	public_health_agency_of_sweden	
B/Kawasaki/79/2017	national_institute_of_infectious_diseases_(niid)	kawasaki_city_institute_of_public_health_
B/Idaho/6/2018	centers_for_disease_control_and_prevention	state_of_idaho_bureau_of_laboratories
B/Brisbane/11/2018	who_collaborating_centre_for_reference_and_research_on_influenza	queensland_health_scientific_services
B/Arizona/38/2017	centers_for_disease_control_and_prevention	arizona_department_of_health_services
B/Arizona/6/2018	centers_for_disease_control_and_prevention	arizona_department_of_health_services
B/Uruguay/383/2017	centers_for_disease_control_and_prevention	departamento_de_laboratorio_de_salud_pública_(dlsp)
B/Uruguay/511/2017	centers_for_disease_control_and_prevention	departamento_de_laboratorio_de_salud_pública_(dlsp)
B/Bolivia/1122/2017	centers_for_disease_control_and_prevention	cenetrop
B/Bolivia/1281/2017	centers_for_disease_control_and_prevention	cenetrop
B/England/731/2016	microbiology_services_colindale,_public_health_england	microbiology_services_colindale,_public_health_england
B/Yokohama/22/2016	national_institute_of_infectious_diseases_(niid)	yokohama_city_institute_of_public_health.
B/England/758/2016	microbiology_services_colindale,_public_health_england	microbiology_services_colindale,_public_health_england
B/Singapore/GP0531/2017	ministry_of_health,_singapore	ministry_of_health,_singapore
B/Hamamatu-C/179/2016	national_institute_of_infectious_diseases_(niid)	hamamatsu_city_health_environment_research_center
B/England/21/2016	microbiology_services_colindale,_public_health_england	microbiology_services_colindale,_public_health_england
B/England/476/2015	microbiology_services_colindale,_public_health_england	microbiology_services_colindale,_public_health_england
B/England/944/2016	microbiology_services_colindale,_public_health_england	microbiology_services_colindale,_public_health_england
B/England/752/2016	microbiology_services_colindale,_public_health_england	microbiology_services_colindale,_public_health_england
B/England/851/2016	microbiology_services_colindale,_public_health_england	microbiology_services_colindale,_public_health_england
B/England/61400357/2016	microbiology_services_colindale,_public_health_england	microbiology_services_colindale,_public_health_england
B/England/61060019/2016	microbiology_services_colindale,_public_health_england	microbiology_services_colindale,_public_health_england
B/Singapore/EN0958/2017-egg	centers_for_disease_control_and_prevention	ministry_of_health,_singapore
B/Singapore/EN0958/2017	ministry_of_health,_singapore	ministry_of_health,_singapore
B/Kanagawa/AC36/2016	national_institute_of_infectious_diseases_(niid)	national_institute_of_infectious_diseases_(niid)
B/Kentucky/25/2015	centers_for_disease_control_and_prevention	kentucky_division_of_laboratory_services
B/Taiwan/150/2016	national_institute_of_infectious_diseases_(niid)	center_for_disease_control
B/Ehime/25/2016	national_institute_of_infectious_diseases_(niid)	ehime_prefecture_institute_of_public_health_and_environmental_science
B/Aichi/152/2018	national_institute_of_infectious_diseases_(niid)	aichi_prefectural_institute_of_public_health
B/Darwin/6/2018	who_collaborating_centre_for_reference_and_research_on_influenza	royal_darwin_hospital
B/Lao/F0107/2017	national_institute_of_infectious_diseases_(niid)	national_center_for_laboratory_and_epidemiology
B/Sundsvall/1/2017	swedish_institute_for_infectious_disease_control	
B/Sendai/4/2017	national_institute_of_infectious_diseases_(niid)	sendai_city_institute_of_public_health
B/Perth/67/2017	who_collaborating_centre_for_reference_and_research_on_influenza	pathwest_qe_ii_medical_centre
B/Toyama/5/2018	national_institute_of_infectious_diseases_(niid)	toyama_institute_of_health
B/Aichi/109/2018	national_institute_of_infectious_diseases_(niid)	aichi_prefectural_institute_of_public_health
B/Lakes/2/2017	who_collaborating_centre_for_reference_and_research_on_influenza	institute_of_environmental_science_&_research
B/Lakes/1/2017	who_collaborating_centre_for_reference_and_research_on_influenza	institute_of_environmental_science_&_research
B/Osaka/65/2018	national_institute_of_infectious_diseases_(niid)	osaka_prefectural_institute_of_public_health
B/Myanmar/18M348/2018	national_institute_of_infectious_diseases_(niid)	national_health_laboratory
B/HongKong/1410/2018	centers_for_disease_control_and_prevention	government_virus_unit
B/Singapore/KK1479/2018	ministry_of_health,_singapore	ministry_of_health,_singapore
B/Singapore/KK1692/2018	ministry_of_health,_singapore	ministry_of_health,_singapore
B/Brisbane/46/2015	who_collaborating_centre_for_reference_and_research_on_influenza	queensland_health_scientific_services
B/Sweden/3/2016	swedish_institute_for_infectious_disease_control	
B/Christchurch/503/2015	who_collaborating_centre_for_reference_and_research_on_influenza	canterbury_health_services
B/Kanagawa/AC26/2016	national_institute_of_infectious_diseases_(niid)	national_institute_of_infectious_diseases_(niid)
B/England/65/2017	microbiology_services_colindale,_public_health_england	microbiology_services_colindale,_public_health_england
B/Yokohama/86/2018	national_institute_of_infectious_diseases_(niid)	yokohama_city_institute_of_public_health.
A/Kanagawa/AC1738/2018	national_institute_of_infectious_diseases_(niid)	national_institute_of_infectious_diseases_(niid)
B/Sweden/1/2017	swedish_institute_for_infectious_disease_control	
B/Toyama/36/2015	national_institute_of_infectious_diseases_(niid)	toyama_institute_of_health
B/Shizuoka/48/2017	national_institute_of_infectious_diseases_(niid)	shizuoka_institute_of_environment_and_hygiene
B/NewCaledonia/118/2015	who_collaborating_centre_for_reference_and_research_on_influenza	institut_pasteur_new_caledonia
B/Stockholm/6/2017	public_health_agency_of_sweden	
B/NewCaledonia/112/2015	who_collaborating_centre_for_reference_and_research_on_influenza	institut_pasteur_new_caledonia
B/Cambodia/35906/2017	who_collaborating_centre_for_reference_and_research_on_influenza	institute_pasteur_du_cambodia
B/Sagamihara/30/2017	national_institute_of_infectious_diseases_(niid)	sagamihara_city_laboratory_of_public_health
B/Kanagawa/AC1637/2017	national_institute_of_infectious_diseases_(niid)	national_institute_of_infectious_diseases_(niid)
B/Yokohama/2/2017	national_institute_of_infectious_diseases_(niid)	yokohama_city_institute_of_public_health.
B/Niigata/28/2017	national_institute_of_infectious_diseases_(niid)	niigata_prefectural_institute_of_public_health_and_environmental_sciences
B/Kawasaki/90/2016	national_institute_of_infectious_diseases_(niid)	kawasaki_city_institute_of_public_health_
B/Kanagawa/IC1643/2017	national_institute_of_infectious_diseases_(niid)	national_institute_of_infectious_diseases_(niid)
B/Miyagi/3/2017	national_institute_of_infectious_diseases_(niid)	miyagi_prefectural_institute_of_public_health_and_environment
B/England/473/2015	microbiology_services_colindale,_public_health_england	microbiology_services_colindale,_public_health_england
B/NewCaledonia/26/2017	who_collaborating_centre_for_reference_and_research_on_influenza	institut_pasteur_new_caledonia
B/NewCaledonia/27/2017	who_collaborating_centre_for_reference_and_research_on_influenza	institut_pasteur_new_caledonia
B/NewCaledonia/11/2017	who_collaborating_centre_for_reference_and_research_on_influenza	institut_pasteur_new_caledonia
B/NewCaledonia/13/2017	who_collaborating_centre_for_reference_and_research_on_influenza	institut_pasteur_new_caledonia
B/Mie/13/2015	national_institute_of_infectious_diseases_(niid)	mie_prefecture_health_and_environment_research_institute
B/Nagasaki/635/2018-egg	ns	seasonal_vic
B/Nagasaki/635/2018	national_institute_of_infectious_diseases_(niid)	nagasaki_prefectural_institute_for_environment_research_and_public_health
B/Brisbane/27/2016	who_collaborating_centre_for_reference_and_research_on_influenza	queensland_health_scientific_services
B/Newcastle/11/2016	who_collaborating_centre_for_reference_and_research_on_influenza	john_hunter_hospital
B/Wakayama/96/2017	national_institute_of_infectious_diseases_(niid)	wakayama_prefectural_research_center_of_environment_and_public_health
B/Kanagawa/5/2018	national_institute_of_infectious_diseases_(niid)	kanagawa_prefectural_institute_of_public_health
B/Wakayama-C/41/2018	national_institute_of_infectious_diseases_(niid)	wakayama_city_institute_of_public_health
B/Paris/1359/2017	institut_pasteur	
B/Sydney/82/2017	who_collaborating_centre_for_reference_and_research_on_influenza	clinical_virology_unit,_cdim
B/Aichi/85/2018	national_institute_of_infectious_diseases_(niid)	aichi_prefectural_institute_of_public_health
B/Nagano/2175/2018	national_institute_of_infectious_diseases_(niid)	nagano_environmental_conservation_research_institute
B/Aichi/68/2018	national_institute_of_infectious_diseases_(niid)	aichi_prefectural_institute_of_public_health
B/England/27/2018	microbiology_services_colindale,_public_health_england	microbiology_services_colindale,_public_health_england
B/Centre/1582/2017	institut_pasteur	institut_pasteur
B/Osaka-C/12/2018	national_institute_of_infectious_diseases_(niid)	osaka_city_institute_of_public_health_and_environmental_sciences
B/Kagawa/18059/2018	national_institute_of_infectious_diseases_(niid)	kagawa_prefectural_research_institute_for_environmental_sciences_and_public_health
B/Toamasina/5288/2016	centers_for_disease_control_and_prevention	institut_pasteur_de_madagascar
B/Fianarantsoa/2441/2017	centers_for_disease_control_and_prevention	institut_pasteur_de_madagascar
B/Toamasina/1836/2017	centers_for_disease_control_and_prevention	institut_pasteur_de_madagascar
B/Paraguay/8729/2018	centers_for_disease_control_and_prevention	central_laboratory_of_public_health
B/Bangladesh/60711005/2016	centers_for_disease_control_and_prevention	institute_of_epidemiology_disease_control_and_research_(iedcr)_&_bangladesh_national_influenza_centre_(nic)
B/Cambodia/1287/2015	centers_for_disease_control_and_prevention	national_public_health_laboratory
B/Bangladesh/896/2016	centers_for_disease_control_and_prevention	institute_of_epidemiology_disease_control_and_research_(iedcr)_&_bangladesh_national_influenza_centre_(nic)
B/Uganda/2263/2016	centers_for_disease_control_and_prevention	uganda_virus_research_institute_(uvri),_national_influenza_center
B/Shanghai-Baoan/1325/2017-egg	centers_for_disease_control_and_prevention	who_chinese_national_influenza_center
B/Taiwan/694/2016	centers_for_disease_control_and_prevention	adimmune_corporation
B/Uganda/5352/2016	centers_for_disease_control_and_prevention	uganda_virus_research_institute_(uvri),_national_influenza_center
B/Uganda/5354/2016	centers_for_disease_control_and_prevention	uganda_virus_research_institute_(uvri),_national_influenza_center
B/Argentina/58/2018	centers_for_disease_control_and_prevention	instituto_nacional_de_enfermedades_infecciosas
B/UlanUde/1/2017	centers_for_disease_control_and_prevention	russian_academy_of_medical_sciences
B/Kyrgyzstan/72/2017	centers_for_disease_control_and_prevention	national_virology_laboratory,_center_microbiological_investigations
B/Kyrgyzstan/63/2017	centers_for_disease_control_and_prevention	national_virology_laboratory,_center_microbiological_investigations
B/Colombia/85/2016	centers_for_disease_control_and_prevention	instituto_nacional_de_salud_de_columbia
B/NewZealand/1475/2017	centers_for_disease_control_and_prevention	institute_of_environmental_science_&_research
B/TimorLeste/10/2018	who_collaborating_centre_for_reference_and_research_on_influenza	laboratório_nacional_da_saúde
B/Timor-Leste/21/2018	who_collaborating_centre_for_reference_and_research_on_influenza	laboratório_nacional_da_saúde
B/Nepal/FLU-NPBH-03153/2016	usamc_armed_forces_medical_research_institute_of_medial_sciences	usamc_afrims_department_of_virology
B/Lao/1507/2016	centers_for_disease_control_and_prevention	national_center_for_laboratory_and_epidemiology
B/Lao/1919/2016	centers_for_disease_control_and_prevention	national_center_for_laboratory_and_epidemiology
B/Lao/1453/2016	centers_for_disease_control_and_prevention	national_center_for_laboratory_and_epidemiology
B/Myanmar/16M124/2016	niigata_university	niigata_university
B/Myanmar/16M005/2016	niigata_university	niigata_university
B/HongKong/1156/2016	centers_for_disease_control_and_prevention	government_virus_unit
B/HongKong/1149/2016	centers_for_disease_control_and_prevention	government_virus_unit
B/Canberra/5/2019	who_collaborating_centre_for_reference_and_research_on_influenza	canberra_hospital
B/Hawaii/55/2017-egg	centers_for_disease_control_and_prevention	state_of_hawaii_department_of_health
B/Hawaii/55/2017	centers_for_disease_control_and_prevention	state_of_hawaii_department_of_health
B/Hawaii/10/2017	centers_for_disease_control_and_prevention	state_of_hawaii_department_of_health
B/Colorado/11/2017	centers_for_disease_control_and_prevention	colorado_department_of_health_lab
B/Uganda/5613/2016	centers_for_disease_control_and_prevention	uganda_virus_research_institute_(uvri),_national_influenza_center
B/Uganda/4816/2016	centers_for_disease_control_and_prevention	uganda_virus_research_institute_(uvri),_national_influenza_center
B/Bahrain/115/2016	centers_for_disease_control_and_prevention	ministry_of_health_bahrain
B/Paraguay/8730/2018	centers_for_disease_control_and_prevention	central_laboratory_of_public_health
B/Paraguay/5924/2018	centers_for_disease_control_and_prevention	central_laboratory_of_public_health
B/Toamasina/4011/2016	centers_for_disease_control_and_prevention	institut_pasteur_de_madagascar
B/California/54/2016	centers_for_disease_control_and_prevention	california_department_of_health_services
B/HongKong/1154/2016	centers_for_disease_control_and_prevention	government_virus_unit
B/Mali/8025/2018	centers_for_disease_control_and_prevention	nic_lab_cvd_mali
B/TimorLeste/52/2018	who_collaborating_centre_for_reference_and_research_on_influenza	laboratório_nacional_da_saúde
B/TimorLeste/40/2018	who_collaborating_centre_for_reference_and_research_on_influenza	laboratório_nacional_da_saúde
B/Colombia/9962/2016	centers_for_disease_control_and_prevention	instituto_nacional_de_salud_de_columbia
B/Peru/74/2016	centers_for_disease_control_and_prevention	us_namru_6
B/Singapore/INFKK-16-0305/2016	ministry_of_health,_singapore	ministry_of_health,_singapore
B/Michigan/18/2016-egg	centers_for_disease_control_and_prevention	michigan_department_of_community_health
B/Michigan/18/2016	centers_for_disease_control_and_prevention	michigan_department_of_community_health
B/Kentucky/25/2015-egg	centers_for_disease_control_and_prevention	kentucky_division_of_laboratory_services
B/Saskatchewan/RV0047/2016	centers_for_disease_control_and_prevention	national_microbiology_laboratory,_health_canada
B/Kazakhstan/128/2017-egg	centers_for_disease_control_and_prevention	csee
B/Kazakhstan/128/2017	centers_for_disease_control_and_prevention	csee
B/Macau/610481/2016	who_collaborating_centre_for_reference_and_research_on_influenza	laboratorio_de_saude_publico
B/Fiji/33/2017	who_collaborating_centre_for_reference_and_research_on_influenza	national_centre_for_scientific_services_for_virology__and_vector_borne_diseases
B/NewZealand/543/2017	centers_for_disease_control_and_prevention	institute_of_environmental_science_&_research
B/NewZealand/290/2017	centers_for_disease_control_and_prevention	institute_of_environmental_science_&_research
B/Hunan-Kaifu/1276/2021-egg	who_chinese_national_influenza_center	who_chinese_national_influenza_center
B/Zhejiang-Yongkang/1370/2021-egg	who_chinese_national_influenza_center	who_chinese_national_influenza_center
B/Quinghai-Gangcha/1209/2018	centers_for_disease_control_and_prevention	who_chinese_national_influenza_center
B/Qinghai-Gangcha/1226/2018	centers_for_disease_control_and_prevention	who_chinese_national_influenza_center
B/Brazil/4554/2016	centers_for_disease_control_and_prevention	instituto_adolfo_lutz
B/Bahrain/157/2016	centers_for_disease_control_and_prevention	ministry_of_health_bahrain
B/Bahrain/112/2016	centers_for_disease_control_and_prevention	ministry_of_health_bahrain
B/Alaska/18/2017	centers_for_disease_control_and_prevention	alaska_state_virology_lab
B/Iowa/8/2017	centers_for_disease_control_and_prevention	iowa_state_hygienic_laboratory
B/Peru/3118/2018	centers_for_disease_control_and_prevention	us_namru_6
B/India/9051/2016	centers_for_disease_control_and_prevention	national_institute_of_virology
B/Illinois/12/2017	centers_for_disease_control_and_prevention	illinois_department_of_public_health_springfield
B/Maldives/1291/2017	centers_for_disease_control_and_prevention	ministry_of_health
B/Maldives/1245/2017	centers_for_disease_control_and_prevention	ministry_of_health
B/Sapporo/23/2015	centers_for_disease_control_and_prevention	sapporo_city_institute_of_public_health
B/Amazonas/145488-IEC/2017	centers_for_disease_control_and_prevention	national_influenza_center
B/Alberta/RV2501/2015	centers_for_disease_control_and_prevention	national_microbiology_laboratory,_health_canada
B/Martinique/2222/2016	centers_for_disease_control_and_prevention	national_influenza_center_french_guiana_and_french_indies
B/Afghanistan/4961/2016	centers_for_disease_control_and_prevention	national_public_health_laboratory
B/Maryland/15/2016-egg	centers_for_disease_control_and_prevention	maryland_department_of_health_and_mental_hygiene
B/Alabama/2/2017-egg	centers_for_disease_control_and_prevention	adph_bureau_of_clinical_laboratories
B/Alabama/2/2017	centers_for_disease_control_and_prevention	adph_bureau_of_clinical_laboratories
B/Georgia/2/2017	centers_for_disease_control_and_prevention	georgia_public_health_laboratory
B/Maryland/15/2016	centers_for_disease_control_and_prevention	maryland_department_of_health_and_mental_hygiene
B/Singapore/GP0109/2017	ministry_of_health,_singapore	ministry_of_health,_singapore
B/Singapore/EN0024/2017	ministry_of_health,_singapore	ministry_of_health,_singapore
B/Bangladesh/9004/2018	centers_for_disease_control_and_prevention	institute_of_epidemiology_disease_control_and_research_(iedcr)_&_bangladesh_national_influenza_centre_(nic)
B/Victoria/700/2018	who_collaborating_centre_for_reference_and_research_on_influenza	monash_medical_centre
B/Pennsylvania/19/2016	centers_for_disease_control_and_prevention	pennsylvania_department_of_health
B/Washington/78/2015	centers_for_disease_control_and_prevention	washington_state_public_health_laboratory
B/Colorado/2/2016	centers_for_disease_control_and_prevention	colorado_department_of_health_lab
B/Pennsylvania/19/2016-egg	centers_for_disease_control_and_prevention	pennsylvania_department_of_health
B/Utah/50/2016	centers_for_disease_control_and_prevention	utah_department_of_health
B/Indiana/8/2016	centers_for_disease_control_and_prevention	indiana_state_department_of_health_laboratories
B/Indiana/8/2016-egg	centers_for_disease_control_and_prevention	indiana_state_department_of_health_laboratories
B/Moramanga/4069/2016	centers_for_disease_control_and_prevention	institut_pasteur_de_madagascar
B/India/2250/2018	centers_for_disease_control_and_prevention	national_institute_of_virology
B/HongKong/6365/2017	centers_for_disease_control_and_prevention	government_virus_unit
B/HongKong/931/2017	centers_for_disease_control_and_prevention	government_virus_unit
B/Hunan-Beihu/1222/2018	centers_for_disease_control_and_prevention	who_chinese_national_influenza_center
B/Paraguay/8412/2016	centers_for_disease_control_and_prevention	central_laboratory_of_public_health
B/HongKong/51/2016	centers_for_disease_control_and_prevention	government_virus_unit
B/BritishColumbia/RV2477/2015	centers_for_disease_control_and_prevention	national_microbiology_laboratory,_health_canada
B/Bangladesh/5029/2017	centers_for_disease_control_and_prevention	institute_of_epidemiology_disease_control_and_research_(iedcr)_&_bangladesh_national_influenza_centre_(nic)
B/Arkhangelsk/RII-01/2018	centers_for_disease_control_and_prevention	russian_academy_of_medical_sciences
B/PuertoRico/1/2017	centers_for_disease_control_and_prevention	puerto_rico_department_of_health
B/Delaware/2/2017	centers_for_disease_control_and_prevention	delaware_public_health_lab
B/PuertoRico/21/2017	centers_for_disease_control_and_prevention	puerto_rico_department_of_health
B/PuertoRico/31/2017	centers_for_disease_control_and_prevention	puerto_rico_department_of_health
B/Louisiana/12/2017	centers_for_disease_control_and_prevention	louisiana_department_of_health_and_hospitals
B/SouthAfrica/5994/2015	centers_for_disease_control_and_prevention	national_institute_for_communicable_disease
B/India/4678/2018	centers_for_disease_control_and_prevention	national_institute_of_virology
B/Mali/85/2017	centers_for_disease_control_and_prevention	nic_lab_cvd_mali
B/HongKong/726/2017	centers_for_disease_control_and_prevention	government_virus_unit
B/HongKong/283/2017	centers_for_disease_control_and_prevention	government_virus_unit
B/HongKong/63/2016	centers_for_disease_control_and_prevention	government_virus_unit
B/Jilin-Nanguan/1223/2016-egg	centers_for_disease_control_and_prevention	who_chinese_national_influenza_center
B/Yunnan-Mengzi/1977/2015	centers_for_disease_control_and_prevention	who_chinese_national_influenza_center
B/HongKong/48/2016	centers_for_disease_control_and_prevention	government_virus_unit
B/HongKong/87/2016	centers_for_disease_control_and_prevention	government_virus_unit
B/Liaoning-Yinzhou/1202/2018	centers_for_disease_control_and_prevention	who_chinese_national_influenza_center
B/Argentina/260/2018	centers_for_disease_control_and_prevention	instituto_nacional_de_enfermedades_infecciosas
B/Gyeonggi/1616/2015	centers_for_disease_control_and_prevention	national_institute_of_health
B/Incheon/1610/2015	centers_for_disease_control_and_prevention	national_institute_of_health
B/Incheon/1611/2015	centers_for_disease_control_and_prevention	national_institute_of_health
B/Sydney/4/2017	who_collaborating_centre_for_reference_and_research_on_influenza	clinical_virology_unit,_cdim
B/SouthAustralia/39/2019	who_collaborating_centre_for_reference_and_research_on_influenza	institute_of_medical_and_veterinary_science_(imvs)
B/SouthAustralia/33/2019	who_collaborating_centre_for_reference_and_research_on_influenza	institute_of_medical_and_veterinary_science_(imvs)
B/SouthAustralia/32/2019	who_collaborating_centre_for_reference_and_research_on_influenza	institute_of_medical_and_veterinary_science_(imvs)
B/Bangladesh/1628/2019	centers_for_disease_control_and_prevention	institute_of_epidemiology_disease_control_and_research_(iedcr)_&_bangladesh_national_influenza_centre_(nic)
B/Bangladesh/303/2019	centers_for_disease_control_and_prevention	institute_of_epidemiology_disease_control_and_research_(iedcr)_&_bangladesh_national_influenza_centre_(nic)
B/Bangladesh/299/2019	centers_for_disease_control_and_prevention	institute_of_epidemiology_disease_control_and_research_(iedcr)_&_bangladesh_national_influenza_centre_(nic)
B/Trinidad/1582/2017	centers_for_disease_control_and_prevention	caribbean_epidemiology_center
B/NorthCarolina/16/2018	centers_for_disease_control_and_prevention	north_carolina_state_laboratory_of_public_health
B/Suriname/2085/2017	centers_for_disease_control_and_prevention	institute_for_biomedical_sciences
B/Jamaica/1536/2017	centers_for_disease_control_and_prevention	university_of_the_west_indies
B/Jamaica/7382/2018	centers_for_disease_control_and_prevention	university_of_the_west_indies
B/Kazakhstan/346/2018	centers_for_disease_control_and_prevention	csee
B/NewYork/6/2018	centers_for_disease_control_and_prevention	new_york_state_department_of_health
B/Tokushima/19/2018	centers_for_disease_control_and_prevention	tokushima_prefectural_centre_for_public_health_and_environmental_sciences
B/Aichi/117/2018	national_institute_of_infectious_diseases_(niid)	aichi_prefectural_institute_of_public_health
B/Yunnan-Zhaoyang/11210/2016	centers_for_disease_control_and_prevention	who_chinese_national_influenza_center
B/Lao/1272/2016	centers_for_disease_control_and_prevention	national_center_for_laboratory_and_epidemiology
B/Kazakhstan/34/2017	centers_for_disease_control_and_prevention	csee
B/Almaty/11/2016	centers_for_disease_control_and_prevention	cdc_central_asia_office
B/Taraz/238/2016	centers_for_disease_control_and_prevention	cdc_central_asia_office
B/Novosibirsk/38/2017	centers_for_disease_control_and_prevention	russian_academy_of_medical_sciences
B/Kazakhstan/4/2016	centers_for_disease_control_and_prevention	csee
B/Uralsk/9/2016	centers_for_disease_control_and_prevention	cdc_central_asia_office
B/Altai/1/2017	state_research_center_of_virology_and_biotechnology_(vector)	
B/Kyrgyzstan/124/2017	centers_for_disease_control_and_prevention	national_virology_laboratory,_center_microbiological_investigations
B/Karaganda/72/2017	centers_for_disease_control_and_prevention	cdc_central_asia_office
B/Almaty/378/2016	centers_for_disease_control_and_prevention	cdc_central_asia_office
B/Almaty/6/2016	centers_for_disease_control_and_prevention	cdc_central_asia_office
B/Kazakhstan/54/2017-egg	centers_for_disease_control_and_prevention	csee
B/Karaganda/115/2017	centers_for_disease_control_and_prevention	cdc_central_asia_office
B/Karaganda/153/2017	centers_for_disease_control_and_prevention	cdc_central_asia_office
B/Kazakhstan/54/2017	centers_for_disease_control_and_prevention	csee
B/Florida/28/2016	centers_for_disease_control_and_prevention	florida_department_of_health_jacksonville
B/Michigan/36/2016	centers_for_disease_control_and_prevention	michigan_department_of_community_health
B/Esteli/218/2017	centers_for_disease_control_and_prevention	laboratorio_de_virologia,_direccion_de_microbiologia
B/Peru/9217/2017	centers_for_disease_control_and_prevention	us_namru_6
B/Santiago/44313/2016	centers_for_disease_control_and_prevention	instituto_de_salud_publica_de_chile_
B/CoteDIvoire/1911/2017	centers_for_disease_control_and_prevention	pasteur_institut_of_côte_d'ivoire
B/SouthAfrica/3300/2016	centers_for_disease_control_and_prevention	national_institute_for_communicable_disease
B/HongKong/1294/2018	centers_for_disease_control_and_prevention	government_virus_unit
B/Pernambuco/145030-IEC/2016	centers_for_disease_control_and_prevention	national_influenza_center
B/HongKong/21/2017	centers_for_disease_control_and_prevention	government_virus_unit
B/Lao/624/2016	centers_for_disease_control_and_prevention	national_center_for_laboratory_and_epidemiology
B/StPetersburg/17/2016	centers_for_disease_control_and_prevention	russian_academy_of_medical_sciences
B/Mali/8031/2018	centers_for_disease_control_and_prevention	nic_lab_cvd_mali
B/Lao/623/2015	centers_for_disease_control_and_prevention	national_center_for_laboratory_and_epidemiology
B/Lao/392/2015	centers_for_disease_control_and_prevention	national_center_for_laboratory_and_epidemiology
B/Lao/713/2015	centers_for_disease_control_and_prevention	national_center_for_laboratory_and_epidemiology
B/Iowa/5/2016	centers_for_disease_control_and_prevention	iowa_state_hygienic_laboratory
B/FrenchGuiana/66/2016	centers_for_disease_control_and_prevention	national_influenza_center_french_guiana_and_french_indies
B/Lao/106/2017	centers_for_disease_control_and_prevention	national_center_for_laboratory_and_epidemiology
B/Ulaanbaatar/1907/2016	centers_for_disease_control_and_prevention	national_center_for_communicable_diseases
B/Peru/4117/2017	centers_for_disease_control_and_prevention	us_namru_6
B/Zhejiang-Haishu/11897/2016	centers_for_disease_control_and_prevention	who_chinese_national_influenza_center
B/ElSalvador/697/2018-egg	centers_for_disease_control_and_prevention	contiguo_a_hospital_rosales
B/ElSalvador/697/2018	centers_for_disease_control_and_prevention	contiguo_a_hospital_rosales
B/Pennsylvania/62/2016	centers_for_disease_control_and_prevention	pennsylvania_department_of_health
B/Paraguay/9867/2016	centers_for_disease_control_and_prevention	central_laboratory_of_public_health
B/Nepal/FLU-NPBH-03186/2016	usamc_armed_forces_medical_research_institute_of_medial_sciences	usamc_afrims_department_of_virology
B/NewZealand/837/2016	centers_for_disease_control_and_prevention	institute_of_environmental_science_&_research
B/NewCaledonia/8/2018	who_collaborating_centre_for_reference_and_research_on_influenza	institut_pasteur_new_caledonia
B/NewCaledonia/1/2018	who_collaborating_centre_for_reference_and_research_on_influenza	institut_pasteur_new_caledonia
B/NewCaledonia/6/2018	who_collaborating_centre_for_reference_and_research_on_influenza	institut_pasteur_new_caledonia
B/Indonesia/Nihrd-Lpg592/2017	centers_for_disease_control_and_prevention	ministry_of_health,_nihrd
B/Indonesia/Nihrd-Lpg590/2017	centers_for_disease_control_and_prevention	ministry_of_health,_nihrd
B/Indonesia/Nihrd-Lpg584/2017	centers_for_disease_control_and_prevention	ministry_of_health,_nihrd
B/Massachusetts/3/2016	centers_for_disease_control_and_prevention	massachusetts_department_of_public_health
B/NewCaledonia/7/2018	who_collaborating_centre_for_reference_and_research_on_influenza	institut_pasteur_new_caledonia
B/NewCaledonia/17/2018	who_collaborating_centre_for_reference_and_research_on_influenza	institut_pasteur_new_caledonia
B/NewCaledonia/2/2018	who_collaborating_centre_for_reference_and_research_on_influenza	institut_pasteur_new_caledonia
B/NewCaledonia/31/2017	who_collaborating_centre_for_reference_and_research_on_influenza	institut_pasteur_new_caledonia
B/NewCaledonia/3/2018	who_collaborating_centre_for_reference_and_research_on_influenza	institut_pasteur_new_caledonia
B/BurkinaFaso/166/2017	centers_for_disease_control_and_prevention	irss
B/Mali/25/2018	centers_for_disease_control_and_prevention	nic_lab_cvd_mali
B/BurkinaFaso/148/2017	centers_for_disease_control_and_prevention	irss
B/Madagascar/3832/2017	centers_for_disease_control_and_prevention	institut_pasteur_de_madagascar
B/Tanzania/2175/2016	centers_for_disease_control_and_prevention	national_influenza_lab
B/Nebraska/1/2017	centers_for_disease_control_and_prevention	nebraska_public_health_lab
B/Santiago/47090/2016	centers_for_disease_control_and_prevention	instituto_de_salud_publica_de_chile_
B/Antananarivo/2478/2016	centers_for_disease_control_and_prevention	institut_pasteur_de_madagascar
B/Indonesia/Nihrd-Bjm593/2017	centers_for_disease_control_and_prevention	ministry_of_health,_nihrd
B/Singapore/INFTT-16-0500/2016	ministry_of_health,_singapore	ministry_of_health,_singapore
B/Kyrgyzstan/96/2017	centers_for_disease_control_and_prevention	national_virology_laboratory,_center_microbiological_investigations
B/Singapore/Infkk-16-0575/2016-egg	centers_for_disease_control_and_prevention	who_collaborating_centre_for_reference_and_research_on_influenza
B/Philippines/838/2017	centers_for_disease_control_and_prevention	center_for_medical_microbiology
B/Philippines/393/2016	centers_for_disease_control_and_prevention	
B/India/2456/2018	centers_for_disease_control_and_prevention	national_institute_of_virology
B/Philippines/991/2016	centers_for_disease_control_and_prevention	center_for_medical_microbiology
B/Uganda/150/2016	centers_for_disease_control_and_prevention	uganda_virus_research_institute_(uvri),_national_influenza_center
B/HongKong/1547/2016	centers_for_disease_control_and_prevention	government_virus_unit
B/NewZealand/808/2017	centers_for_disease_control_and_prevention	institute_of_environmental_science_&_research
B/NewZealand/2197/2017	centers_for_disease_control_and_prevention	institute_of_environmental_science_&_research
B/Lao/4001/2016	centers_for_disease_control_and_prevention	national_center_for_laboratory_and_epidemiology
B/Argentina/6/2017	centers_for_disease_control_and_prevention	instituto_nacional_de_enfermedades_infecciosas
B/Pennsylvania/60/2016	centers_for_disease_control_and_prevention	pennsylvania_department_of_health
B/Bangladesh/12/2016	centers_for_disease_control_and_prevention	institute_of_epidemiology_disease_control_and_research_(iedcr)_&_bangladesh_national_influenza_centre_(nic)
B/DominicanRepublic/9661/2016	centers_for_disease_control_and_prevention	laboratorio_de_investigacion_/_centro_de_educacion_medica_y_amistad_dominico_japones_(cemadoja)
B/Brazil/80287/2015	centers_for_disease_control_and_prevention	instituto_adolfo_lutz
B/Brazil/85943/2015	centers_for_disease_control_and_prevention	instituto_adolfo_lutz
B/Brazil/83320/2015	centers_for_disease_control_and_prevention	instituto_adolfo_lutz
B/Texas/15/2016	centers_for_disease_control_and_prevention	baylor_college_of_medicine
B/Colombia/6810/2015	centers_for_disease_control_and_prevention	instituto_nacional_de_salud_de_columbia
B/Florida/84/2015	centers_for_disease_control_and_prevention	florida_department_of_health_tampa
B/NewYork/51/2016	centers_for_disease_control_and_prevention	new_york_state_department_of_health
B/Florida/78/2015	centers_for_disease_control_and_prevention	florida_department_of_health_jacksonville
B/Florida/78/2015-egg	centers_for_disease_control_and_prevention	florida_department_of_health_jacksonville
B/Florida/79/2015-egg	centers_for_disease_control_and_prevention	florida_department_of_health_jacksonville
B/Florida/79/2015	centers_for_disease_control_and_prevention	florida_department_of_health_jacksonville
B/Indiana/25/2015	centers_for_disease_control_and_prevention	indiana_state_department_of_health_laboratories
B/Indiana/25/2015-egg	centers_for_disease_control_and_prevention	indiana_state_department_of_health_laboratories
B/Florida/84/2015-egg	centers_for_disease_control_and_prevention	florida_department_of_health_tampa
B/Mali/104/2016	centers_for_disease_control_and_prevention	nic_lab_cvd_mali
B/Niigata/16F082/2017	niigata_university	niigata_university
B/Colombia/6809/2015	centers_for_disease_control_and_prevention	instituto_nacional_de_salud_de_columbia
B/Colombia/7057/2015	centers_for_disease_control_and_prevention	instituto_nacional_de_salud_de_columbia
B/Colombia/6700/2015	centers_for_disease_control_and_prevention	instituto_nacional_de_salud_de_columbia
B/Colombia/8954/2016	centers_for_disease_control_and_prevention	instituto_nacional_de_salud_de_columbia
B/Texas/74/2016	centers_for_disease_control_and_prevention	texas_department_of_state_health_services_laboratory_services
B/Texas/139/2016	centers_for_disease_control_and_prevention	baylor_scott_and_white_health
B/Managua/290/2016	centers_for_disease_control_and_prevention	laboratorio_de_virologia,_direccion_de_microbiologia
B/Colombia/7056/2015	centers_for_disease_control_and_prevention	instituto_nacional_de_salud_de_columbia
B/Colombia/1070/2016	centers_for_disease_control_and_prevention	instituto_nacional_de_salud_de_columbia
B/Parana/1071/2018	centers_for_disease_control_and_prevention	instituto_oswaldo_cruz_fiocruz___laboratory_of_respiratory_viruses_and_measles_(lvrs)
B/Bangladesh/1011/2017	centers_for_disease_control_and_prevention	institute_of_epidemiology_disease_control_and_research_(iedcr)_&_bangladesh_national_influenza_centre_(nic)
B/Bangladesh/5009/2017	centers_for_disease_control_and_prevention	institute_of_epidemiology_disease_control_and_research_(iedcr)_&_bangladesh_national_influenza_centre_(nic)
B/Lao/3836/2016	centers_for_disease_control_and_prevention	national_center_for_laboratory_and_epidemiology
B/Bahrain/316/2016	centers_for_disease_control_and_prevention	ministry_of_health_bahrain
B/Maranhao/145937-IEC/2017	centers_for_disease_control_and_prevention	national_influenza_center
B/Bahrain/680/2016	centers_for_disease_control_and_prevention	ministry_of_health_bahrain
B/Singapore/INFTT-16-0540/2016	ministry_of_health,_singapore	ministry_of_health,_singapore
B/Chanthaburi/598/2015	centers_for_disease_control_and_prevention	who_national_influenza_centre,_national_institute_of_medical_research_(nimr)
B/Townsville/9/2016	who_collaborating_centre_for_reference_and_research_on_influenza	queensland_health_scientific_services
B/Townsville/8/2016	who_collaborating_centre_for_reference_and_research_on_influenza	queensland_health_scientific_services
B/Albania/6686/2016	centers_for_disease_control_and_prevention	institute_of_public_health
B/Bahrain/630/2016	centers_for_disease_control_and_prevention	ministry_of_health_bahrain
B/Pakistan/1430/2016	centers_for_disease_control_and_prevention	national_institute_of_health
B/Oman/5452/2016	centers_for_disease_control_and_prevention	central_public_health_laboratory,_ministry_of_health
B/Bahrain/820/2016	centers_for_disease_control_and_prevention	ministry_of_health_bahrain
B/Lebanon/2492/2017	centers_for_disease_control_and_prevention	rafic_hariri_university_hospital_4th_floor_dna/research_lab
B/Shanghai-Songjiang/1173/2017-egg	centers_for_disease_control_and_prevention	who_chinese_national_influenza_center
B/Shanghai-Songjiang/1173/2017	centers_for_disease_control_and_prevention	who_chinese_national_influenza_center
B/SierraLeone/140/2017	centers_for_disease_control_and_prevention	central_public_health_reference_laboratory
B/Kazakhstan/43/2016	centers_for_disease_control_and_prevention	csee
B/RioGrandeDoSul/844/2019	centers_for_disease_control_and_prevention	instituto_oswaldo_cruz_fiocruz___laboratory_of_respiratory_viruses_and_measles_(lvrs)
B/Albania/6553/2016	centers_for_disease_control_and_prevention	institute_of_public_health
B/Bahrain/181/2016	centers_for_disease_control_and_prevention	ministry_of_health_bahrain
B/Togo/146/2017	centers_for_disease_control_and_prevention	institute_national_d'hygiene
B/Bahrain/232/2016	centers_for_disease_control_and_prevention	ministry_of_health_bahrain
B/Togo/40/2017	centers_for_disease_control_and_prevention	institute_national_d'hygiene
B/Bahrain/26/2017	centers_for_disease_control_and_prevention	ministry_of_health_bahrain
B/SouthAustralia/9/2016	who_collaborating_centre_for_reference_and_research_on_influenza	institute_of_medical_and_veterinary_science_(imvs)
B/Darwin/16/2016	who_collaborating_centre_for_reference_and_research_on_influenza	royal_darwin_hospital
B/Sydney/8/2017	who_collaborating_centre_for_reference_and_research_on_influenza	clinical_virology_unit,_cdim
B/Sydney/34/2016	who_collaborating_centre_for_reference_and_research_on_influenza	clinical_virology_unit,_cdim
B/SouthAustralia/17/2016	who_collaborating_centre_for_reference_and_research_on_influenza	institute_of_medical_and_veterinary_science_(imvs)
B/Wellington/71/2015	who_collaborating_centre_for_reference_and_research_on_influenza	institute_of_environmental_science_&_research
B/Malaysia/34215/2015	who_collaborating_centre_for_reference_and_research_on_influenza	university_malaya
B/Brisbane/4/2015	who_collaborating_centre_for_reference_and_research_on_influenza	queensland_health_scientific_services
B/Victoria/877/2017	who_collaborating_centre_for_reference_and_research_on_influenza	austin_health
B/Sydney/16/2018	who_collaborating_centre_for_reference_and_research_on_influenza	clinical_virology_unit,_cdim
B/Canberra/2/2016	who_collaborating_centre_for_reference_and_research_on_influenza	canberra_hospital
B/Cambodia/FSS34628/2017	who_collaborating_centre_for_reference_and_research_on_influenza	institute_pasteur_du_cambodia
B/Brisbane/314/2015	who_collaborating_centre_for_reference_and_research_on_influenza	queensland_health_scientific_services
B/SouthAuckland/32/2015	who_collaborating_centre_for_reference_and_research_on_influenza	institute_of_environmental_science_&_research
B/Darwin/70/2015	who_collaborating_centre_for_reference_and_research_on_influenza	royal_darwin_hospital
B/Christchurch/534/2015	who_collaborating_centre_for_reference_and_research_on_influenza	canterbury_health_services
B/Singapore/GP1987/2015	who_collaborating_centre_for_reference_and_research_on_influenza	ministry_of_health,_singapore
B/Sydney/9/2016	who_collaborating_centre_for_reference_and_research_on_influenza	westmead_hospital
B/SouthAustralia/37/2016	who_collaborating_centre_for_reference_and_research_on_influenza	institute_of_medical_and_veterinary_science_(imvs)
B/SouthAuckland/18/2016	who_collaborating_centre_for_reference_and_research_on_influenza	institute_of_environmental_science_and_research
B/SouthAustralia/6/2016	who_collaborating_centre_for_reference_and_research_on_influenza	institute_of_medical_and_veterinary_science_(imvs)
B/Fiji/11/2016	who_collaborating_centre_for_reference_and_research_on_influenza	national_centre_for_scientific_services_for_virology__and_vector_borne_diseases
B/SouthAuckland/8/2016	who_collaborating_centre_for_reference_and_research_on_influenza	institute_of_environmental_science_&_research
B/Fiji/71/2015	who_collaborating_centre_for_reference_and_research_on_influenza	national_centre_for_scientific_services_for_virology__and_vector_borne_diseases
B/Christchurch/530/2015	who_collaborating_centre_for_reference_and_research_on_influenza	canterbury_health_services
B/SouthAustralia/20/2017	who_collaborating_centre_for_reference_and_research_on_influenza	institute_of_medical_and_veterinary_science_(imvs)
B/Victoria/3/2017	who_collaborating_centre_for_reference_and_research_on_influenza	victorian_infectious_diseases_reference_laboratory_
B/SouthAustralia/63/2017	who_collaborating_centre_for_reference_and_research_on_influenza	institute_of_medical_and_veterinary_science_(imvs)
B/Mali/64/2017	centers_for_disease_control_and_prevention	nic_lab_cvd_mali
B/Mali/84/2017	centers_for_disease_control_and_prevention	nic_lab_cvd_mali
B/Kharkiv/180/2017	centers_for_disease_control_and_prevention	institute_of_epidemiology_and_infectious_diseases_ams_of_ukraine
B/Pernambuco/147092-IEC/2017	centers_for_disease_control_and_prevention	national_influenza_center
B/RioGrandeDoNorte/146306-IEC/2017	centers_for_disease_control_and_prevention	national_influenza_center
B/Uganda/2183/2016	centers_for_disease_control_and_prevention	uganda_virus_research_institute_(uvri),_national_influenza_center
B/HongKong/296/2017	centers_for_disease_control_and_prevention	government_virus_unit
B/HongKong/269/2017-egg	centers_for_disease_control_and_prevention	government_virus_unit
B/HongKong/269/2017	centers_for_disease_control_and_prevention	government_virus_unit
B/SouthAfrica/3179/2016	centers_for_disease_control_and_prevention	national_institute_for_communicable_disease
B/Mozambique/405/2016	centers_for_disease_control_and_prevention	laboratório_de_isolamento_viral
B/Bangladesh/4004/2016	centers_for_disease_control_and_prevention	institute_of_epidemiology_disease_control_and_research_(iedcr)_&_bangladesh_national_influenza_centre_(nic)
B/Bangladesh/2005/2017	centers_for_disease_control_and_prevention	institute_of_epidemiology_disease_control_and_research_(iedcr)_&_bangladesh_national_influenza_centre_(nic)
B/Bangladesh/8010/2017	centers_for_disease_control_and_prevention	institute_of_epidemiology_disease_control_and_research_(iedcr)_&_bangladesh_national_influenza_centre_(nic)
B/Bangladesh/8007/2017	centers_for_disease_control_and_prevention	institute_of_epidemiology_disease_control_and_research_(iedcr)_&_bangladesh_national_influenza_centre_(nic)
B/Paraguay/9511/2019	centers_for_disease_control_and_prevention	central_laboratory_of_public_health
B/Parana/1170/2018	centers_for_disease_control_and_prevention	instituto_oswaldo_cruz_fiocruz___laboratory_of_respiratory_viruses_and_measles_(lvrs)
B/Parana/151/2018	centers_for_disease_control_and_prevention	instituto_oswaldo_cruz_fiocruz___laboratory_of_respiratory_viruses_and_measles_(lvrs)
B/Colombia/7253/2019	centers_for_disease_control_and_prevention	instituto_nacional_de_salud_de_columbia
B/Limeira/1333776-IAL/2019	centers_for_disease_control_and_prevention	instituto_adolfo_lutz
B/Campinas/1299409-IAL/2019	centers_for_disease_control_and_prevention	instituto_adolfo_lutz
B/Valparaiso/55955/2018	centers_for_disease_control_and_prevention	instituto_de_salud_publica_de_chile_
B/Santiago/47361/2018-egg	centers_for_disease_control_and_prevention	instituto_de_salud_publica_de_chile_
B/Santiago/47361/2018	centers_for_disease_control_and_prevention	instituto_de_salud_publica_de_chile_
B/Argentina/35/2020	centers_for_disease_control_and_prevention	instituto_nacional_de_enfermedades_infecciosas
B/Guyane/739/2019	centers_for_disease_control_and_prevention	national_influenza_center_french_guiana_and_french_indies
B/Argentina/61/2020	centers_for_disease_control_and_prevention	instituto_nacional_de_enfermedades_infecciosas
B/Argentina/56/2020	centers_for_disease_control_and_prevention	instituto_nacional_de_enfermedades_infecciosas
B/Argentina/37/2020	centers_for_disease_control_and_prevention	instituto_nacional_de_enfermedades_infecciosas
B/Guyane/354/2020	centers_for_disease_control_and_prevention	national_influenza_center_french_guiana_and_french_indies
B/Argentina/100/2020	centers_for_disease_control_and_prevention	instituto_nacional_de_enfermedades_infecciosas
B/Lao/2152/2017	centers_for_disease_control_and_prevention	national_center_for_laboratory_and_epidemiology
B/Lao/1592/2017	centers_for_disease_control_and_prevention	national_center_for_laboratory_and_epidemiology
B/Lao/1543/2017	centers_for_disease_control_and_prevention	national_center_for_laboratory_and_epidemiology
B/Maldives/49/2017	centers_for_disease_control_and_prevention	ministry_of_health
B/California/104/2015	centers_for_disease_control_and_prevention	california_department_of_health_services
B/HongKong/49/2016	centers_for_disease_control_and_prevention	government_virus_unit
B/Nepal/FLU-NPBH-03377/2016	usamc_armed_forces_medical_research_institute_of_medial_sciences	usamc_afrims_department_of_virology
B/Iowa/14/2017	centers_for_disease_control_and_prevention	iowa_state_hygienic_laboratory
B/Iowa/6/2017	centers_for_disease_control_and_prevention	iowa_state_hygienic_laboratory
B/BurkinaFaso/2101/2017	centers_for_disease_control_and_prevention	irss
B/Lao/227/2017	centers_for_disease_control_and_prevention	national_center_for_laboratory_and_epidemiology
B/Lao/324/2017	centers_for_disease_control_and_prevention	national_center_for_laboratory_and_epidemiology
B/Lao/276/2017	centers_for_disease_control_and_prevention	national_center_for_laboratory_and_epidemiology
B/India/4709/2018	centers_for_disease_control_and_prevention	national_institute_of_virology
B/Congo/95/2017	centers_for_disease_control_and_prevention	inrb_service_de_virologie
B/Congo/94/2017	centers_for_disease_control_and_prevention	inrb_service_de_virologie
B/NewZealand/2347/2016	centers_for_disease_control_and_prevention	institute_of_environmental_science_&_research
B/Lao/4224/2016	centers_for_disease_control_and_prevention	national_center_for_laboratory_and_epidemiology
B/Lao/2805/2016	centers_for_disease_control_and_prevention	national_center_for_laboratory_and_epidemiology
B/Indonesia/Nihrd-Bjm611/2017	centers_for_disease_control_and_prevention	ministry_of_health,_nihrd
B/Singapore/INFKK-16-0467/2016	ministry_of_health,_singapore	ministry_of_health,_singapore
B/TimorLeste/41/2018	who_collaborating_centre_for_reference_and_research_on_influenza	laboratório_nacional_da_saúde
B/Timor-Leste/68/2018	who_collaborating_centre_for_reference_and_research_on_influenza	laboratório_nacional_da_saúde
B/Timor-Leste/61/2018	who_collaborating_centre_for_reference_and_research_on_influenza	laboratório_nacional_da_saúde
B/Timor-Leste/63/2018	who_collaborating_centre_for_reference_and_research_on_influenza	laboratório_nacional_da_saúde
B/Uganda/4822/2016	centers_for_disease_control_and_prevention	uganda_virus_research_institute_(uvri),_national_influenza_center
B/Nagasaki/15N040/2016	niigata_university	niigata_university
B/Mali/16/2017	centers_for_disease_control_and_prevention	nic_lab_cvd_mali
B/Mali/119/2017	centers_for_disease_control_and_prevention	nic_lab_cvd_mali
B/NewYork/30/2017	centers_for_disease_control_and_prevention	new_york_state_department_of_health
B/Pakistan/1491/2016	centers_for_disease_control_and_prevention	national_institute_of_health
B/Bangladesh/2014/2017	centers_for_disease_control_and_prevention	institute_of_epidemiology_disease_control_and_research_(iedcr)_&_bangladesh_national_influenza_centre_(nic)
B/Okinawa/16T050/2017	niigata_university	niigata_university
B/Bangladesh/1315/2017	centers_for_disease_control_and_prevention	institute_of_epidemiology_disease_control_and_research_(iedcr)_&_bangladesh_national_influenza_centre_(nic)
B/Florida/77/2016	centers_for_disease_control_and_prevention	florida_department_of_health_tampa
B/Florida/102/2016	other_database_import	florida_department_of_health_tampa
B/Talca/43761/2016	centers_for_disease_control_and_prevention	instituto_de_salud_publica_de_chile_
B/Kyiv/129/2017	centers_for_disease_control_and_prevention	institute_of_epidemiology_and_infectious_diseases_ams_of_ukraine
B/Lao/967/2017	centers_for_disease_control_and_prevention	national_center_for_laboratory_and_epidemiology
B/HongKong/727/2017	centers_for_disease_control_and_prevention	government_virus_unit
B/Virginia/23/2017	centers_for_disease_control_and_prevention	virginia_division_of_consolidated_laboratories
B/Niigata/16F379/2017	niigata_university	niigata_university
B/Cambodia/B0629525/2017	who_collaborating_centre_for_reference_and_research_on_influenza	institute_pasteur_du_cambodia
B/Brisbane/14/2017	who_collaborating_centre_for_reference_and_research_on_influenza	queensland_health_scientific_services
B/Brisbane/9/2017	who_collaborating_centre_for_reference_and_research_on_influenza	queensland_health_scientific_services
B/Mozambique/446/2016	centers_for_disease_control_and_prevention	laboratório_de_isolamento_viral
B/Tanzania/2934/2016	centers_for_disease_control_and_prevention	national_influenza_lab
B/Chanthaburi/350/2016	centers_for_disease_control_and_prevention	who_national_influenza_centre,_national_institute_of_medical_research_(nimr)
B/Congo/142/2017	centers_for_disease_control_and_prevention	inrb_service_de_virologie
B/HongKong/718/2017	centers_for_disease_control_and_prevention	government_virus_unit
B/HongKong/729/2017	centers_for_disease_control_and_prevention	government_virus_unit
B/HongKong/728/2017	centers_for_disease_control_and_prevention	government_virus_unit
B/Bangladesh/3028/2017	centers_for_disease_control_and_prevention	institute_of_epidemiology_disease_control_and_research_(iedcr)_&_bangladesh_national_influenza_centre_(nic)
B/HongKong/6861/2017	centers_for_disease_control_and_prevention	government_virus_unit
B/HongKong/740/2017	centers_for_disease_control_and_prevention	government_virus_unit
B/Argentina/258/2018	centers_for_disease_control_and_prevention	instituto_nacional_de_enfermedades_infecciosas
B/Dnipro/240/2017	centers_for_disease_control_and_prevention	institute_of_epidemiology_and_infectious_diseases_ams_of_ukraine
B/Antofagasta/77932/2018	instituto_de_salud_publica_de_chile	instituto_de_salud_publica_de_chile
B/Paraguay/7301/2018	centers_for_disease_control_and_prevention	central_laboratory_of_public_health
B/Paraguay/4209/2018	centers_for_disease_control_and_prevention	central_laboratory_of_public_health
B/Bangladesh/4010/2017	centers_for_disease_control_and_prevention	institute_of_epidemiology_disease_control_and_research_(iedcr)_&_bangladesh_national_influenza_centre_(nic)
B/Bahrain/652/2018	centers_for_disease_control_and_prevention	ministry_of_health_bahrain
B/Uganda/2204/2016	centers_for_disease_control_and_prevention	uganda_virus_research_institute_(uvri),_national_influenza_center
B/Singapore/INFGP-16-0825/2016	ministry_of_health,_singapore	ministry_of_health,_singapore
B/Uganda/262/2016	centers_for_disease_control_and_prevention	uganda_virus_research_institute_(uvri),_national_influenza_center
B/Kyrgyzstan/61/2017	centers_for_disease_control_and_prevention	national_virology_laboratory,_center_microbiological_investigations
B/Guatemala/602/2017	centers_for_disease_control_and_prevention	laboratorio_nacional_de_salud_guatemala
B/Bahrain/33/2017	centers_for_disease_control_and_prevention	ministry_of_health_bahrain
B/India/4711/2018	centers_for_disease_control_and_prevention	national_institute_of_virology
B/Congo/143/2017	centers_for_disease_control_and_prevention	inrb_service_de_virologie
B/HongKong/1304/2018	centers_for_disease_control_and_prevention	government_virus_unit
B/Florida/25/2018	centers_for_disease_control_and_prevention	florida_department_of_health_tampa
B/Florida/111/2017	centers_for_disease_control_and_prevention	florida_department_of_health_jacksonville
B/DominicanRepublic/9897/2016	centers_for_disease_control_and_prevention	laboratorio_de_investigacion_/_centro_de_educacion_medica_y_amistad_dominico_japones_(cemadoja)
B/Bangladesh/3007/2017	centers_for_disease_control_and_prevention	institute_of_epidemiology_disease_control_and_research_(iedcr)_&_bangladesh_national_influenza_centre_(nic)
B/StPetersburg/293/2016-egg	centers_for_disease_control_and_prevention	russian_academy_of_medical_sciences
B/Victoria/513/2017	who_collaborating_centre_for_reference_and_research_on_influenza	monash_medical_centre
B/Paraguay/1425/2016	centers_for_disease_control_and_prevention	central_laboratory_of_public_health
B/Lao/426/2015	centers_for_disease_control_and_prevention	national_center_for_laboratory_and_epidemiology
B/Zhejiang-Dinghai/1466/2016	centers_for_disease_control_and_prevention	who_chinese_national_influenza_center
B/Congo/120/2017	centers_for_disease_control_and_prevention	inrb_service_de_virologie
B/BurkinaFaso/18/2017	centers_for_disease_control_and_prevention	irss
B/India/4710/2018	centers_for_disease_control_and_prevention	national_institute_of_virology
B/Singapore/TT0171/2017	ministry_of_health,_singapore	ministry_of_health,_singapore
B/Singapore/TT0131/2017	ministry_of_health,_singapore	ministry_of_health,_singapore
B/Uganda/4891/2016	centers_for_disease_control_and_prevention	uganda_virus_research_institute_(uvri),_national_influenza_center
B/Rwanda/683/2016	centers_for_disease_control_and_prevention	rwanda_biomedical_center,_national_reference_laboratory
B/Rwanda/677/2016	centers_for_disease_control_and_prevention	rwanda_biomedical_center,_national_reference_laboratory
B/Rwanda/678/2016	centers_for_disease_control_and_prevention	rwanda_biomedical_center,_national_reference_laboratory
B/Iowa/14/2017-egg	centers_for_disease_control_and_prevention	iowa_state_hygienic_laboratory
B/Kanagawa/AC1738/2018	centers_for_disease_control_and_prevention	national_institute_of_infectious_diseases_(niid)
B/Nepal/FLU-NPBH-03104/2016	usamc_armed_forces_medical_research_institute_of_medial_sciences	usamc_afrims_department_of_virology
B/Oregon/29/2016	other_database_import	oregon_public_health_laboratory
B/Wisconsin/40/2016	centers_for_disease_control_and_prevention	wisconsin_state_laboratory_of_hygiene
B/Iowa/2/2016	centers_for_disease_control_and_prevention	iowa_state_hygienic_laboratory
B/NewYork/39/2016	centers_for_disease_control_and_prevention	new_york_state_department_of_health
B/BurkinaFaso/13/2017	centers_for_disease_control_and_prevention	irss
B/Bolivia/752/2018	centers_for_disease_control_and_prevention	cenetrop
B/Bolivia/350/2018	centers_for_disease_control_and_prevention	cenetrop
B/Bolivia/326/2018	centers_for_disease_control_and_prevention	cenetrop
B/Gunma/15G090/2016	niigata_university	niigata_university
B/Colorado/6/2017	other_database_import	colorado_department_of_health_lab
B/HongKong/1546/2016	centers_for_disease_control_and_prevention	government_virus_unit
B/Pennsylvania/60/2016-egg	centers_for_disease_control_and_prevention	pennsylvania_department_of_health
B/NorthDakota/13/2017	centers_for_disease_control_and_prevention	north_dakota_department_of_health
B/Bangladesh/751/2017	centers_for_disease_control_and_prevention	institute_of_epidemiology_disease_control_and_research_(iedcr)_&_bangladesh_national_influenza_centre_(nic)
B/Bangladesh/1139/2017	centers_for_disease_control_and_prevention	institute_of_epidemiology_disease_control_and_research_(iedcr)_&_bangladesh_national_influenza_centre_(nic)
B/Shizuoka/17FS041/2017	niigata_university	niigata_university
B/India/4194/2018	centers_for_disease_control_and_prevention	national_institute_of_virology
B/Bangladesh/702014/2017	centers_for_disease_control_and_prevention	institute_of_epidemiology_disease_control_and_research_(iedcr)_&_bangladesh_national_influenza_centre_(nic)
B/Brazil/4835/2018	centers_for_disease_control_and_prevention	instituto_adolfo_lutz
B/Brazil/2486/2018	centers_for_disease_control_and_prevention	instituto_adolfo_lutz
B/Florida/52/2016	other_database_import	florida_department_of_health_tampa
B/Zhejiang-Jiaojiang/11018/2019-egg	ns	seasonal_vic
B/Argentina/1/2018	centers_for_disease_control_and_prevention	instituto_nacional_de_enfermedades_infecciosas
B/HongKong/8084/2017	centers_for_disease_control_and_prevention	government_virus_unit
B/HongKong/4993/2017	centers_for_disease_control_and_prevention	government_virus_unit
B/HongKong/5016/2017	centers_for_disease_control_and_prevention	government_virus_unit
B/HongKong/7679/2017	centers_for_disease_control_and_prevention	government_virus_unit
B/California/104/2015-egg	centers_for_disease_control_and_prevention	california_department_of_health_services
B/Delaware/4/2016	centers_for_disease_control_and_prevention	delaware_public_health_lab
B/Nepal/FLU-NPBH-03006/2016	usamc_armed_forces_medical_research_institute_of_medial_sciences	usamc_afrims_department_of_virology
B/Argentina/8/2017	centers_for_disease_control_and_prevention	instituto_nacional_de_enfermedades_infecciosas
B/Chanthaburi/402/2015	centers_for_disease_control_and_prevention	who_national_influenza_centre,_national_institute_of_medical_research_(nimr)
B/Mali/68/2017	centers_for_disease_control_and_prevention	nic_lab_cvd_mali
B/Bahrain/50/2017	centers_for_disease_control_and_prevention	ministry_of_health_bahrain
B/Idaho/43/2016	centers_for_disease_control_and_prevention	state_of_idaho_bureau_of_laboratories
B/Niigata/15F326/2016	niigata_university	niigata_university
B/Bangladesh/10/2017	centers_for_disease_control_and_prevention	institute_of_epidemiology_disease_control_and_research_(iedcr)_&_bangladesh_national_influenza_centre_(nic)
B/Bahrain/922/2016	centers_for_disease_control_and_prevention	ministry_of_health_bahrain
B/Nepal/FLU-NPBH-03121/2016	usamc_armed_forces_medical_research_institute_of_medial_sciences	usamc_afrims_department_of_virology
B/Suriname/281/2018	centers_for_disease_control_and_prevention	institute_for_biomedical_sciences
B/Guyane/316/2018	centers_for_disease_control_and_prevention	national_influenza_center_french_guiana_and_french_indies
B/Guyane/542/2018	centers_for_disease_control_and_prevention	national_influenza_center_french_guiana_and_french_indies
B/Suriname/2309/2017	centers_for_disease_control_and_prevention	institute_for_biomedical_sciences
B/Togo/708/2016	centers_for_disease_control_and_prevention	institute_national_d'hygiene
B/Bangladesh/910001/2016	centers_for_disease_control_and_prevention	institute_of_epidemiology_disease_control_and_research_(iedcr)_&_bangladesh_national_influenza_centre_(nic)
B/Lao/2392/2016	centers_for_disease_control_and_prevention	national_center_for_laboratory_and_epidemiology
B/Singapore/KK0073/2017	ministry_of_health,_singapore	ministry_of_health,_singapore
B/Norway/2409/2017-egg	centers_for_disease_control_and_prevention	who_national_influenza_centre
B/Lebanon/2200/2016	centers_for_disease_control_and_prevention	rafic_hariri_university_hospital_4th_floor_dna/research_lab
B/Mexico/1286/2018	centers_for_disease_control_and_prevention	laboratorio_de_virus_respiratorio
B/Kuwait/8938/2018	centers_for_disease_control_and_prevention	public_health_laboratory,_virology_unit
B/Kuwait/8794/2018	centers_for_disease_control_and_prevention	public_health_laboratory,_virology_unit
B/HongKong/1356/2018	centers_for_disease_control_and_prevention	government_virus_unit
B/Maldives/929/2018	centers_for_disease_control_and_prevention	ministry_of_health
B/Maldives/945/2018	centers_for_disease_control_and_prevention	ministry_of_health
B/Bahrain/323/2018	centers_for_disease_control_and_prevention	ministry_of_health_bahrain
B/Maldives/992/2018	centers_for_disease_control_and_prevention	ministry_of_health
B/Maldives/1014/2018	centers_for_disease_control_and_prevention	ministry_of_health
B/PapuaNewGuinea/2/2018	who_collaborating_centre_for_reference_and_research_on_influenza	papua_new_guinea_institute_of_medical_research
B/PapuaNewGuinea/1/2018	who_collaborating_centre_for_reference_and_research_on_influenza	papua_new_guinea_institute_of_medical_research
B/Oman/2132/2018	centers_for_disease_control_and_prevention	central_public_health_laboratory,_ministry_of_health
B/Maryland/29/2018	centers_for_disease_control_and_prevention	maryland_department_of_health_and_mental_hygiene
B/Maryland/27/2018	centers_for_disease_control_and_prevention	maryland_department_of_health_and_mental_hygiene
B/Maryland/27/2018-egg	centers_for_disease_control_and_prevention	maryland_department_of_health_and_mental_hygiene
B/Maryland/28/2018	centers_for_disease_control_and_prevention	maryland_department_of_health_and_mental_hygiene
B/Maryland/29/2018-egg	centers_for_disease_control_and_prevention	maryland_department_of_health_and_mental_hygiene
B/Maryland/28/2018-egg	centers_for_disease_control_and_prevention	maryland_department_of_health_and_mental_hygiene
B/Lao/624/2015	centers_for_disease_control_and_prevention	national_center_for_laboratory_and_epidemiology
B/Tanzania/4350/2017	centers_for_disease_control_and_prevention	national_influenza_lab
B/Tanzania/2998/2016	centers_for_disease_control_and_prevention	national_influenza_lab
B/Singapore/INFEN-16-0096/2016	ministry_of_health,_singapore	ministry_of_health,_singapore
B/Bangladesh/4024/2016	centers_for_disease_control_and_prevention	institute_of_epidemiology_disease_control_and_research_(iedcr)_&_bangladesh_national_influenza_centre_(nic)
B/SaoPaulo/1148018-IAL/2019	centers_for_disease_control_and_prevention	instituto_adolfo_lutz
B/Brazil/4648/2020	centers_for_disease_control_and_prevention	instituto_adolfo_lutz
B/Osasco/1182530-IAL/2019	centers_for_disease_control_and_prevention	instituto_adolfo_lutz
B/Guangxi-Lingshan/359/2018	centers_for_disease_control_and_prevention	who_chinese_national_influenza_center
B/Hubei-Maojian/1219/2018	centers_for_disease_control_and_prevention	who_chinese_national_influenza_center
B/Hubei-Jiangan/1974/2017	centers_for_disease_control_and_prevention	who_chinese_national_influenza_center
B/HongKong/286/2017-egg	centers_for_disease_control_and_prevention	government_virus_unit
B/HongKong/286/2017	centers_for_disease_control_and_prevention	government_virus_unit
B/Bangkok/129/2018	centers_for_disease_control_and_prevention	thai_national_influenza_center
B/Vietnam/Lisn18331/2018	centers_for_disease_control_and_prevention	pasteur_institute,_influenza_laboratory
B/Vietnam/Lisn18353/2018	centers_for_disease_control_and_prevention	pasteur_institute,_influenza_laboratory
B/RioGrandeDoSul/1044/2019	centers_for_disease_control_and_prevention	instituto_oswaldo_cruz_fiocruz___laboratory_of_respiratory_viruses_and_measles_(lvrs)
B/Goias/490363-IAL/2019	centers_for_disease_control_and_prevention	instituto_adolfo_lutz
B/Iwate/34/2017	centers_for_disease_control_and_prevention	research_institute_for_environmental_sciences_and_public_health_of_iwate_prefecture
B/Irkutsk/3/2016	centers_for_disease_control_and_prevention	russian_academy_of_medical_sciences
B/Nonthaburi/351/2018	centers_for_disease_control_and_prevention	who_national_influenza_centre,_national_institute_of_medical_research_(nimr)
B/Nonthaburi/2884/2018	centers_for_disease_control_and_prevention	who_national_influenza_centre,_national_institute_of_medical_research_(nimr)
B/Kanagawa/ZC1825/2019	national_institute_of_infectious_diseases_(niid)	national_institute_of_infectious_diseases_(niid)
B/Victoria/909/2019	who_collaborating_centre_for_reference_and_research_on_influenza	royal_chidrens_hospital
B/Victoria/905/2019	who_collaborating_centre_for_reference_and_research_on_influenza	royal_chidrens_hospital
B/Louisiana/16/2019	centers_for_disease_control_and_prevention	louisiana_department_of_health_and_hospitals
B/Louisiana/16/2019-egg	centers_for_disease_control_and_prevention	louisiana_department_of_health_and_hospitals
B/Managua/872108/2017	centers_for_disease_control_and_prevention	laboratorio_de_virologia,_direccion_de_microbiologia
B/Georgia/23/2016	centers_for_disease_control_and_prevention	georgia_public_health_laboratory
B/Florida/94/2016-egg	centers_for_disease_control_and_prevention	florida_department_of_health_tampa
B/Arizona/70/2017	centers_for_disease_control_and_prevention	arizona_department_of_health_services
B/Florida/94/2016	other_database_import	florida_department_of_health_tampa
B/Oman/1144/2018	centers_for_disease_control_and_prevention	central_public_health_laboratory,_ministry_of_health
B/HongKong/739/2017	centers_for_disease_control_and_prevention	government_virus_unit
B/Nepal/FLU-NPST-00380/2016	usamc_armed_forces_medical_research_institute_of_medial_sciences	usamc_afrims_department_of_virology
B/Santiago/25385/2017	centers_for_disease_control_and_prevention	instituto_de_salud_publica_de_chile_
B/Irkutsk/5/2017	centers_for_disease_control_and_prevention	russian_academy_of_medical_sciences
B/HongKong/744/2017	centers_for_disease_control_and_prevention	government_virus_unit
B/Mali/15/2017	centers_for_disease_control_and_prevention	nic_lab_cvd_mali
B/Argentina/2110/2017	centers_for_disease_control_and_prevention	instituto_nacional_de_enfermedades_infecciosas
B/India/7284/2017	centers_for_disease_control_and_prevention	national_institute_of_virology
B/Ceara/145411-IEC/2017	centers_for_disease_control_and_prevention	national_influenza_center
B/Ceara/144952-IEC/2016	centers_for_disease_control_and_prevention	national_influenza_center
B/Ceara/144745-IEC/2016	centers_for_disease_control_and_prevention	national_influenza_center
B/Kyrgyzstan/136/2017	centers_for_disease_control_and_prevention	national_virology_laboratory,_center_microbiological_investigations
B/Michigan/4/2017	centers_for_disease_control_and_prevention	university_of_michigan_sph_epid
B/Bolivia/935/2017	centers_for_disease_control_and_prevention	cenetrop
B/NewJersey/9/2017	centers_for_disease_control_and_prevention	new_jersey_department_of_health_&_senior_services
B/Bolivia/1884/2017	centers_for_disease_control_and_prevention	instituto_nacional_de_laboratoriosde_salud_(inlasa)
B/NewJersey/9/2017-egg	centers_for_disease_control_and_prevention	new_jersey_department_of_health_&_senior_services
B/Bolivia/790/2017	centers_for_disease_control_and_prevention	instituto_nacional_de_laboratoriosde_salud_(inlasa)
B/Ceara/146936-IEC/2017	centers_for_disease_control_and_prevention	evandro_chagas_institute
B/Tasmania/1000/2017	who_collaborating_centre_for_reference_and_research_on_influenza	institute_of_medical_and_veterinary_science_(imvs)
B/Oman/2016/2018	centers_for_disease_control_and_prevention	central_public_health_laboratory,_ministry_of_health
B/Bangladesh/3003/2016	centers_for_disease_control_and_prevention	institute_of_epidemiology_disease_control_and_research_(iedcr)_&_bangladesh_national_influenza_centre_(nic)
B/Bangladesh/914002/2016	centers_for_disease_control_and_prevention	institute_of_epidemiology_disease_control_and_research_(iedcr)_&_bangladesh_national_influenza_centre_(nic)
B/Bangladesh/5063/2016	centers_for_disease_control_and_prevention	institute_of_epidemiology_disease_control_and_research_(iedcr)_&_bangladesh_national_influenza_centre_(nic)
B/Bangladesh/8008/2017	centers_for_disease_control_and_prevention	institute_of_epidemiology_disease_control_and_research_(iedcr)_&_bangladesh_national_influenza_centre_(nic)
B/Bangladesh/1025/2016	centers_for_disease_control_and_prevention	institute_of_epidemiology_disease_control_and_research_(iedcr)_&_bangladesh_national_influenza_centre_(nic)
B/Bangladesh/8002/2016	centers_for_disease_control_and_prevention	institute_of_epidemiology_disease_control_and_research_(iedcr)_&_bangladesh_national_influenza_centre_(nic)
B/Bangladesh/1012/2016	centers_for_disease_control_and_prevention	institute_of_epidemiology_disease_control_and_research_(iedcr)_&_bangladesh_national_influenza_centre_(nic)
B/Bangladesh/984/2016	centers_for_disease_control_and_prevention	institute_of_epidemiology_disease_control_and_research_(iedcr)_&_bangladesh_national_influenza_centre_(nic)
B/DistrictOfColumbia/14/2018	centers_for_disease_control_and_prevention	dc_public_health_lab
B/SouthAfrica/VW0622/2018	centers_for_disease_control_and_prevention	national_institute_for_communicable_disease
B/SouthAfrica/VW0527/2018	centers_for_disease_control_and_prevention	national_institute_for_communicable_disease
B/SouthAfrica/VW0610/2018	centers_for_disease_control_and_prevention	national_institute_for_communicable_disease
B/Mozambique/633/2018	centers_for_disease_control_and_prevention	laboratório_de_isolamento_viral
B/Belgium/G0434/2018	scientific_institute_of_public_health_(wiv_isp)	sciensano_(scientific_institute_of_public_health)
B/Belgium/S1041/2018	scientific_institute_of_public_health_(wiv_isp)	sciensano_(scientific_institute_of_public_health)
B/Macedonia/469/2018	centers_for_disease_control_and_prevention	institute_of_public_health_(macedonia)
B/Macedonia/483/2018	centers_for_disease_control_and_prevention	institute_of_public_health_(macedonia)
B/Macedonia/494/2018	centers_for_disease_control_and_prevention	institute_of_public_health_(macedonia)
B/SouthAustralia/21/2019	who_collaborating_centre_for_reference_and_research_on_influenza	institute_of_medical_and_veterinary_science_(imvs)
B/Taiwan/7385/2018	centers_for_disease_control_and_prevention	adimmune_corporation
B/Taiwan/7383/2018	centers_for_disease_control_and_prevention	adimmune_corporation
B/HongKong/CUHK013/2019	chinese_university_of_hong_kong	the_chinese_university_of_hong_kong
B/HongKong/1408/2018	centers_for_disease_control_and_prevention	hong_kong_department_of_health
B/Taiwan/3533/2018	centers_for_disease_control_and_prevention	adimmune_corporation
B/SouthAustralia/27/2019	who_collaborating_centre_for_reference_and_research_on_influenza	institute_of_medical_and_veterinary_science_(imvs)
B/Newcastle/2/2019	who_collaborating_centre_for_reference_and_research_on_influenza	john_hunter_hospital
B/Paris/986/2018	institut_pasteur	institut_pasteur
B/Kyiv/125/2017	centers_for_disease_control_and_prevention	institute_of_epidemiology_and_infectious_diseases_ams_of_ukraine
B/Kyiv/203/2017	centers_for_disease_control_and_prevention	institute_of_epidemiology_and_infectious_diseases_ams_of_ukraine
B/Kyiv/196/2017	centers_for_disease_control_and_prevention	institute_of_epidemiology_and_infectious_diseases_ams_of_ukraine
B/Kyiv/199/2017	centers_for_disease_control_and_prevention	institute_of_epidemiology_and_infectious_diseases_ams_of_ukraine
B/Tomsk/6/2017	centers_for_disease_control_and_prevention	ivanovsky_research_institute_of_virology_rams
B/Tomsk/34/2017	centers_for_disease_control_and_prevention	ivanovsky_research_institute_of_virology_rams
B/Odessa/174/2017	centers_for_disease_control_and_prevention	institute_of_epidemiology_and_infectious_diseases_ams_of_ukraine
B/Yakutia/725/2017	state_research_center_of_virology_and_biotechnology_(vector)	
B/Khabarovsk/11/2017	centers_for_disease_control_and_prevention	russian_academy_of_medical_sciences
B/Khakassia/A1/2017	state_research_center_of_virology_and_biotechnology_(vector)	state_research_center_of_virology_and_biotechnology_(vector)
B/Kharkiv/193/2017	centers_for_disease_control_and_prevention	institute_of_epidemiology_and_infectious_diseases_ams_of_ukraine
B/Tula/3/2017	centers_for_disease_control_and_prevention	russian_academy_of_medical_sciences
B/Novosibirsk/77/2017	centers_for_disease_control_and_prevention	state_research_center_of_virology_and_biotechnology_(vector)
B/Kharkiv/190/2017	centers_for_disease_control_and_prevention	institute_of_epidemiology_and_infectious_diseases_ams_of_ukraine
B/Khmelnitsky/155/2017	centers_for_disease_control_and_prevention	institute_of_epidemiology_and_infectious_diseases_ams_of_ukraine
B/Khabarovsk/13/2017	centers_for_disease_control_and_prevention	russian_academy_of_medical_sciences
B/Kyiv/200/2017	centers_for_disease_control_and_prevention	institute_of_epidemiology_and_infectious_diseases_ams_of_ukraine
B/Zaporizhia/163/2017	centers_for_disease_control_and_prevention	institute_of_epidemiology_and_infectious_diseases_ams_of_ukraine
B/Krasnoyarsk/5427/2017	centers_for_disease_control_and_prevention	state_research_center_of_virology_and_biotechnology_(vector)
B/HongKong/8206/2017	centers_for_disease_control_and_prevention	government_virus_unit
B/StPetersburg/RII-1/2018	who_national_influenza_centre_russian_federation	russian_academy_of_medical_sciences
B/Ulaabaatar/1616/2017	centers_for_disease_control_and_prevention	national_center_for_communicable_diseases
B/Ulaabaatar/1591/2017	centers_for_disease_control_and_prevention	national_center_for_communicable_diseases
B/Ulaabaatar/1868/2017	centers_for_disease_control_and_prevention	national_center_for_communicable_diseases
B/Ulaabaatar/1767/2017	centers_for_disease_control_and_prevention	national_center_for_communicable_diseases
B/Ulaabaatar/1834/2017	centers_for_disease_control_and_prevention	national_center_for_communicable_diseases
B/Choibalsan/1738/2017	centers_for_disease_control_and_prevention	national_center_for_communicable_diseases
B/Ulaanbaatar/1556/2017	centers_for_disease_control_and_prevention	national_center_for_communicable_diseases
B/Moscow/89/2016	centers_for_disease_control_and_prevention	ivanovsky_research_institute_of_virology_rams
B/Moscow/96/2017	centers_for_disease_control_and_prevention	ivanovsky_research_institute_of_virology_rams
B/Hunan-Yuhua/11986/2017	centers_for_disease_control_and_prevention	who_chinese_national_influenza_center
B/Dnipro/336/2017	centers_for_disease_control_and_prevention	institute_of_epidemiology_and_infectious_diseases_ams_of_ukraine
B/Dnipro/383/2017	centers_for_disease_control_and_prevention	institute_of_epidemiology_and_infectious_diseases_ams_of_ukraine
B/Kharkiv/383/2017	centers_for_disease_control_and_prevention	institute_of_epidemiology_and_infectious_diseases_ams_of_ukraine
B/Kaliningrad/313V/2018	state_research_center_of_virology_and_biotechnology_(vector)	
B/Kaliningrad/310V/2018	state_research_center_of_virology_and_biotechnology_(vector)	
B/StPetersburg/RII-2855S/2018	who_national_influenza_centre_russian_federation	
B/StPetersburg/RII-358/2018	centers_for_disease_control_and_prevention	russian_academy_of_medical_sciences
B/Dnipro/367/2017	centers_for_disease_control_and_prevention	institute_of_epidemiology_and_infectious_diseases_ams_of_ukraine
B/Kyiv/379/2017	centers_for_disease_control_and_prevention	institute_of_epidemiology_and_infectious_diseases_ams_of_ukraine
B/Moscow/77/2018	who_national_influenza_centre_russian_federation	ivanovsky_research_institute_of_virology_rams
B/Dnipro/391/2017	centers_for_disease_control_and_prevention	institute_of_epidemiology_and_infectious_diseases_ams_of_ukraine
B/Dnipro/380/2017	centers_for_disease_control_and_prevention	institute_of_epidemiology_and_infectious_diseases_ams_of_ukraine
B/Dnipro/389/2017	centers_for_disease_control_and_prevention	institute_of_epidemiology_and_infectious_diseases_ams_of_ukraine
B/Dnipro/5/2018	centers_for_disease_control_and_prevention	institute_of_epidemiology_and_infectious_diseases_ams_of_ukraine
B/WestVirginia/15/2018	centers_for_disease_control_and_prevention	west_virginia_office_of_laboratory_services
B/Virginia/14/2018	centers_for_disease_control_and_prevention	virginia_division_of_consolidated_laboratories
B/Kyiv/156/2018	centers_for_disease_control_and_prevention	institute_of_epidemiology_and_infectious_diseases_ams_of_ukraine
B/Kyiv/185/2018	centers_for_disease_control_and_prevention	institute_of_epidemiology_and_infectious_diseases_ams_of_ukraine
B/Wisconsin/137/2018	centers_for_disease_control_and_prevention	marshfield_clinic_research_foundation
B/Arizona/15/2018	centers_for_disease_control_and_prevention	arizona_department_of_health_services
B/Arizona/3/2018	centers_for_disease_control_and_prevention	arizona_department_of_health_services
B/Ohio/10/2018	centers_for_disease_control_and_prevention	ohio_department_of_health_laboratories
B/NorthCarolina/4/2018	centers_for_disease_control_and_prevention	north_carolina_state_laboratory_of_public_health
B/Vermont/12/2018	centers_for_disease_control_and_prevention	vermont_department_of_health_laboratory
B/NewJersey/11378/2020	u.s._air_force_school_of_aerospace_medicine	u.s._air_force_school_of_aerospace_medicine_
B/Louisiana/31/2019	centers_for_disease_control_and_prevention	louisiana_department_of_health_and_hospitals
B/Paris/457/2018	institut_pasteur	
B/Alberta/RV3823/2018	centers_for_disease_control_and_prevention	provincial_laboratory_of_public_health_for_southern_alberta
B/Paraguay/8835/2019	centers_for_disease_control_and_prevention	central_laboratory_of_public_health
B/Bolivia/1955/2019	centers_for_disease_control_and_prevention	instituto_nacional_de_laboratoriosde_salud_(inlasa)
B/Bolivia/1919/2019	centers_for_disease_control_and_prevention	instituto_nacional_de_laboratoriosde_salud_(inlasa)
B/Bolivia/1124/2019	centers_for_disease_control_and_prevention	instituto_nacional_de_laboratoriosde_salud_(inlasa)
B/Chile/6380/2019	centers_for_disease_control_and_prevention	instituto_de_salud_publica_de_chile
B/Iquique/85457/2019	instituto_de_salud_publica_de_chile	instituto_de_salud_publica_de_chile
B/Santiago/62161/2019	centers_for_disease_control_and_prevention	instituto_de_salud_publica_de_chile
B/VinaDelMar/87872/2019	instituto_de_salud_publica_de_chile	instituto_de_salud_publica_de_chile
B/Bolivia/1966/2019	centers_for_disease_control_and_prevention	instituto_nacional_de_laboratoriosde_salud_(inlasa)
B/Chile/5906/2019	centers_for_disease_control_and_prevention	instituto_de_salud_publica_de_chile
B/Argentina/40/2020	centers_for_disease_control_and_prevention	instituto_nacional_de_enfermedades_infecciosas
B/PuertoMontt/82666/2019	instituto_de_salud_publica_de_chile	instituto_de_salud_publica_de_chile
B/Iquique/82797/2019	instituto_de_salud_publica_de_chile	instituto_de_salud_publica_de_chile
B/Iquique/89171/2019	instituto_de_salud_publica_de_chile	instituto_de_salud_publica_de_chile
B/Washington/S28032/2019		the_brotman_baty_institute_for_precision_medicine
B/Washington/S27890/2019		the_brotman_baty_institute_for_precision_medicine
B/Santiago/86128/2019	instituto_de_salud_publica_de_chile	instituto_de_salud_publica_de_chile
B/Catalonia/NSVH101152426/2019	hospital_universitari_vall_d'hebron	hospital_universitari_vall_d'hebron
B/Catalonia/NSVH101150018/2019	hospital_universitari_vall_d'hebron	hospital_universitari_vall_d'hebron
B/Catalonia/NSVH101149608/2019	hospital_universitari_vall_d'hebron	hospital_universitari_vall_d'hebron
B/Managua/33-19/2019	centers_for_disease_control_and_prevention	laboratorio_de_virologia,_direccion_de_microbiologia
B/ElSalvador/820/2018	centers_for_disease_control_and_prevention	contiguo_a_hospital_rosales
B/ElSalvador/690/2018-egg	centers_for_disease_control_and_prevention	contiguo_a_hospital_rosales
B/ElSalvador/690/2018	centers_for_disease_control_and_prevention	contiguo_a_hospital_rosales
B/ElSalvador/549/2018	centers_for_disease_control_and_prevention	contiguo_a_hospital_rosales
B/Louisiana/14/2018	centers_for_disease_control_and_prevention	louisiana_department_of_health_and_hospitals
B/PuntaArenas/58278/2018	centers_for_disease_control_and_prevention	instituto_de_salud_publica_de_chile_
B/Argentina/13738/2018	centers_for_disease_control_and_prevention	cemic_university_hospital
B/Argentina/13647/2018	centers_for_disease_control_and_prevention	cemic_university_hospital
B/Macedonia/464/2018	centers_for_disease_control_and_prevention	institute_of_public_health_(macedonia)
B/Mozambique/608/2018	centers_for_disease_control_and_prevention	laboratório_de_isolamento_viral
B/Mozambique/664/2018	centers_for_disease_control_and_prevention	laboratório_de_isolamento_viral
B/Madagascar/4181/2019	centers_for_disease_control_and_prevention	institut_pasteur_de_madagascar
B/Macedonia/135/2020	centers_for_disease_control_and_prevention	institute_of_public_health_(macedonia)
B/Madagascar/322/2020	centers_for_disease_control_and_prevention	institut_pasteur_de_madagascar
B/Madagascar/4789/2019	centers_for_disease_control_and_prevention	institut_pasteur_de_madagascar
B/Madagascar/4273/2019	centers_for_disease_control_and_prevention	institut_pasteur_de_madagascar
B/Madagascar/893/2019	centers_for_disease_control_and_prevention	institut_pasteur_de_madagascar
B/Paris/2864/2019	institut_pasteur	institut_pasteur
B/Madagascar/4223/2019	centers_for_disease_control_and_prevention	institut_pasteur_de_madagascar
B/Delaware/5/2018	centers_for_disease_control_and_prevention	delaware_public_health_lab
B/Connecticut/31/2018	centers_for_disease_control_and_prevention	connecticut_department._of_public_health
B/HongKong/1301/2018	centers_for_disease_control_and_prevention	government_virus_unit
B/Ohio/13/2018	centers_for_disease_control_and_prevention	ohio_department_of_health_laboratories
B/Connecticut/30/2018	centers_for_disease_control_and_prevention	connecticut_department._of_public_health
B/Lebanon/209/2019	centers_for_disease_control_and_prevention	rafic_hariri_university_hospital_4th_floor_dna/research_lab
B/Montana/34/2018-egg	centers_for_disease_control_and_prevention	montana_laboratory_services_bureau
B/Jiangxi-Qingshanhu/314/2018	centers_for_disease_control_and_prevention	who_chinese_national_influenza_center
B/HongKong/1400/2018	centers_for_disease_control_and_prevention	hong_kong_department_of_health
B/HongKong/1398/2018	centers_for_disease_control_and_prevention	hong_kong_department_of_health
B/Hawaii/19/2018	centers_for_disease_control_and_prevention	state_of_hawaii_department_of_health
B/Hawaii/18/2018	centers_for_disease_control_and_prevention	state_of_hawaii_department_of_health
B/Montana/34/2018	centers_for_disease_control_and_prevention	montana_laboratory_services_bureau
B/HongKong/1362/2018	centers_for_disease_control_and_prevention	government_virus_unit
B/NewCaledonia/6/2016	who_collaborating_centre_for_reference_and_research_on_influenza	institut_pasteur_new_caledonia
B/Florida/95/2016	other_database_import	florida_department_of_health_jacksonville
B/HongKong/348/2017	centers_for_disease_control_and_prevention	government_virus_unit
B/Fujian-Yanping/11948/2018	centers_for_disease_control_and_prevention	who_chinese_national_influenza_center
B/HongKong/714/2017	centers_for_disease_control_and_prevention	government_virus_unit
B/HongKong/1407/2018	centers_for_disease_control_and_prevention	government_virus_unit
B/Parana/967/2017	centers_for_disease_control_and_prevention	instituto_oswaldo_cruz_fiocruz___laboratory_of_respiratory_viruses_and_measles_(lvrs)
B/Bangladesh/1221/2017	centers_for_disease_control_and_prevention	institute_of_epidemiology_disease_control_and_research_(iedcr)_&_bangladesh_national_influenza_centre_(nic)
B/Valencia/10_1335/2020	center_for_public_health_research_(csisp)	fisabio___public_health,_generalitat_valenciana
B/SriLanka/31/2020	who_collaborating_centre_for_reference_and_research_on_influenza	medical_research_institute
B/Brisbane/35/2018	who_collaborating_centre_for_reference_and_research_on_influenza	queensland_health_scientific_services
B/Lao/653/2020	centers_for_disease_control_and_prevention	national_center_for_laboratory_and_epidemiology
B/Paris/2090/2019	institut_pasteur	institut_pasteur
B/Mali/78/2018	centers_for_disease_control_and_prevention	nic_lab_cvd_mali
B/Lao/1073/2019	centers_for_disease_control_and_prevention	national_center_for_laboratory_and_epidemiology
B/Bangladesh/1538/2019	centers_for_disease_control_and_prevention	institute_of_epidemiology_disease_control_and_research_(iedcr)_&_bangladesh_national_influenza_centre_(nic)
B/Argentina/50/2020	centers_for_disease_control_and_prevention	instituto_nacional_de_enfermedades_infecciosas
B/HongKong/CUHK035/2019	chinese_university_of_hong_kong	the_chinese_university_of_hong_kong
B/Washington/S27622/2019		the_brotman_baty_institute_for_precision_medicine
B/Okinawa/18T030/2019	niigata_university	niigata_university
B/Okinawa/18T044/2019	niigata_university	niigata_university
B/Bangladesh/3008/2019	centers_for_disease_control_and_prevention	institute_of_epidemiology_disease_control_and_research_(iedcr)_&_bangladesh_national_influenza_centre_(nic)
B/HongKong/308/2019	centers_for_disease_control_and_prevention	government_virus_unit
B/SantaCatarina/38/2020	centers_for_disease_control_and_prevention	instituto_oswaldo_cruz_fiocruz___laboratory_of_respiratory_viruses_and_measles_(lvrs)
B/SantaCatarina/39/2020	centers_for_disease_control_and_prevention	instituto_oswaldo_cruz_fiocruz___laboratory_of_respiratory_viruses_and_measles_(lvrs)
B/Lao/3717/2019	centers_for_disease_control_and_prevention	national_center_for_laboratory_and_epidemiology
B/HongKong/CUHK022/2019	chinese_university_of_hong_kong	the_chinese_university_of_hong_kong
B/HongKong/CUHK020/2019	chinese_university_of_hong_kong	the_chinese_university_of_hong_kong
B/Lao/630/2020	centers_for_disease_control_and_prevention	national_center_for_laboratory_and_epidemiology
B/Lao/2608/2019	centers_for_disease_control_and_prevention	national_center_for_laboratory_and_epidemiology
B/Texas/2/2021	centers_for_disease_control_and_prevention	texas_department_of_state_health_services_laboratory_services
B/Hunan-Jishou/1433/2021	who_chinese_national_influenza_center	who_chinese_national_influenza_center
B/Townsville/1/2019	who_collaborating_centre_for_reference_and_research_on_influenza	queensland_health_forensic_and_scientific_services_
B/HongKong/736/2019	centers_for_disease_control_and_prevention	government_virus_unit
B/Sydney/704/2019	who_collaborating_centre_for_reference_and_research_on_influenza	childrens_hospital_westmead
B/Christchurch/500/2019	who_collaborating_centre_for_reference_and_research_on_influenza	canterbury_health_services
B/Chanthaburi/26/2020	who_collaborating_centre_for_reference_and_research_on_influenza	who_national_influenza_centre,_national_institute_of_medical_research_(nimr)
B/Singapore/MOH0103/2019	ministry_of_health,_singapore	ministry_of_health,_singapore
B/Sweden/48/2020	public_health_agency_of_sweden	public_health_agency_of_sweden
B/England/839/2019	microbiology_services_colindale,_public_health_england	microbiology_services_colindale,_public_health_england
B/Aichi/49/2019	national_institute_of_infectious_diseases_(niid)	aichi_prefectural_institute_of_public_health
B/Trang/389/2019	who_collaborating_centre_for_reference_and_research_on_influenza	who_national_influenza_centre,_national_institute_of_medical_research_(nimr)
B/Singapore/GP0806/2019	ministry_of_health,_singapore	ministry_of_health,_singapore
B/Singapore/GP1713/2019	ministry_of_health,_singapore	ministry_of_health,_singapore
B/Singapore/KK1230/2019	ministry_of_health,_singapore	ministry_of_health,_singapore
B/Indonesia/NIHRDDPS817/2020	who_collaborating_centre_for_reference_and_research_on_influenza	ministry_of_health,_nihrd
B/Fukuoka-C/3/2020	national_institute_of_infectious_diseases_(niid)	fukuoka_city_institute_for_hygiene_and_the_environment
B/Singapore/KK0670/2020	ministry_of_health,_singapore	ministry_of_health,_singapore
B/Shiga/12/2020	national_institute_of_infectious_diseases_(niid)	shiga_prefectural_institute_of_public_health
B/Sydney/1079/2019	who_collaborating_centre_for_reference_and_research_on_influenza	institute_of_medical_and_veterinary_science_(imvs)
B/Singapore/TT0473/2020	ministry_of_health,_singapore	ministry_of_health,_singapore
B/England/194980797/2019	microbiology_services_colindale,_public_health_england	microbiology_services_colindale,_public_health_england
B/Newcastle/55/2019	who_collaborating_centre_for_reference_and_research_on_influenza	john_hunter_hospital
B/Virginia/10433/2019	u.s._air_force_school_of_aerospace_medicine	u.s._air_force_school_of_aerospace_medicine_
B/Fukuoka/19342/2020	national_institute_of_infectious_diseases_(niid)	fukuoka_institute_of_public_health_and_environmental_sciences
B/Fukushima/4/2020	national_institute_of_infectious_diseases_(niid)	fukushima_prefectural_institute_of_public_health
B/Osaka/30/2020	national_institute_of_infectious_diseases_(niid)	osaka_prefectural_institute_of_public_health
B/Uganda/CST50271/2020		import_from_public_domain
B/Singapore/KK1266/2019	ministry_of_health,_singapore	ministry_of_health,_singapore
B/SouthKorea/11424/2020	u.s._air_force_school_of_aerospace_medicine	u.s._air_force_school_of_aerospace_medicine_
B/Singapore/GP1472/2019	ministry_of_health,_singapore	ministry_of_health,_singapore
B/Cambodia/e0130368/2020	who_collaborating_centre_for_reference_and_research_on_influenza	institute_pasteur_du_cambodia
B/Singapore/KK0701/2019	ministry_of_health,_singapore	ministry_of_health,_singapore
B/Singapore/KK0804/2019	ministry_of_health,_singapore	ministry_of_health,_singapore
B/Victoria/4/2020	who_collaborating_centre_for_reference_and_research_on_influenza	victorian_infectious_diseases_reference_laboratory_
B/Hamamatu-C/16/2020	national_institute_of_infectious_diseases_(niid)	hamamatsu_city_health_environment_research_center
B/Singapore/KK1515/2019	ministry_of_health,_singapore	ministry_of_health,_singapore
B/Singapore/TT0695/2019	ministry_of_health,_singapore	ministry_of_health,_singapore
B/Utsunomiya/247/2020	national_institute_of_infectious_diseases_(niid)	utsunomiya_city_institute_of_public_health_and_environment_science
B/Singapore/TT0476/2020	ministry_of_health,_singapore	ministry_of_health,_singapore
B/Victoria/5/2020	who_collaborating_centre_for_reference_and_research_on_influenza	victorian_infectious_diseases_reference_laboratory_
B/Sapporo/11/2019	national_institute_of_infectious_diseases_(niid)	sapporo_city_institute_of_public_health
B/Kitakyushu/3/2019	national_institute_of_infectious_diseases_(niid)	kitakyusyu_city_institute_of_enviromental_sciences
B/England/200300673/2020	microbiology_services_colindale,_public_health_england	microbiology_services_colindale,_public_health_england
B/NewYork/PV04634/2019	icahn_school_of_medicine_at_mount_sinai	icahn_school_of_medicine_at_mount_sinai
B/Sweden/23/2020	public_health_agency_of_sweden	public_health_agency_of_sweden
B/SaoPaulo/IAL/C5054/2020	instituto_adolfo_lutz	instituto_adolfo_lutz___regional_de_santo_andre
B/Singapore/TT0379/2019	ministry_of_health,_singapore	ministry_of_health,_singapore
B/Yokohama/1/2019	national_institute_of_infectious_diseases_(niid)	yokohama_city_institute_of_public_health.
B/Ibaraki/1/2020	national_institute_of_infectious_diseases_(niid)	ibaraki_prefectural_institute_of_public_health
B/SouthKorea/9958/2019	u.s._air_force_school_of_aerospace_medicine	u.s._air_force_school_of_aerospace_medicine_
B/Nagano-C/16/2020	national_institute_of_infectious_diseases_(niid)	nagano_city_health_center
B/Nepal/20FL0516/2020	national_institute_of_infectious_diseases_(niid)	national_public_health_laboratory
B/ChiangRai/28/2020	who_collaborating_centre_for_reference_and_research_on_influenza	who_national_influenza_centre,_national_institute_of_medical_research_(nimr)
B/Massachusetts/11759/2020	u.s._air_force_school_of_aerospace_medicine	u.s._air_force_school_of_aerospace_medicine_
B/Singapore/KK0623/2020	ministry_of_health,_singapore	ministry_of_health,_singapore
B/Miyazaki/1/2020	national_institute_of_infectious_diseases_(niid)	miyazaki_prefectural_institute_for_public_health_and_environment
B/Townsville/17/2019	who_collaborating_centre_for_reference_and_research_on_influenza	queensland_health_forensic_and_scientific_services_
B/SouthKorea/9976/2019	u.s._air_force_school_of_aerospace_medicine	u.s._air_force_school_of_aerospace_medicine_
B/Singapore/GP1558/2019	ministry_of_health,_singapore	ministry_of_health,_singapore
B/SouthKorea/9971/2019	u.s._air_force_school_of_aerospace_medicine	u.s._air_force_school_of_aerospace_medicine_
B/Guam/9827/2019	import_from_public_domain	
B/SouthKorea/9959/2019	u.s._air_force_school_of_aerospace_medicine	u.s._air_force_school_of_aerospace_medicine_
B/SouthKorea/9957/2019	u.s._air_force_school_of_aerospace_medicine	u.s._air_force_school_of_aerospace_medicine_
B/SouthKorea/9964/2019	u.s._air_force_school_of_aerospace_medicine	u.s._air_force_school_of_aerospace_medicine_
B/NewCaledonia/1/2020	who_collaborating_centre_for_reference_and_research_on_influenza	institut_pasteur_new_caledonia
B/Texas/11048/2019	u.s._air_force_school_of_aerospace_medicine	u.s._air_force_school_of_aerospace_medicine_
B/SouthKorea/9967/2019	u.s._air_force_school_of_aerospace_medicine	u.s._air_force_school_of_aerospace_medicine_
B/SouthKorea/9973/2019	u.s._air_force_school_of_aerospace_medicine	u.s._air_force_school_of_aerospace_medicine_
B/SouthKorea/9961/2019	u.s._air_force_school_of_aerospace_medicine	u.s._air_force_school_of_aerospace_medicine_
B/SriLanka/15/2020	who_collaborating_centre_for_reference_and_research_on_influenza	medical_research_institute
B/SriLanka/28/2020	who_collaborating_centre_for_reference_and_research_on_influenza	medical_research_institute
B/Saitama/1/2019	national_institute_of_infectious_diseases_(niid)	saitama_institute_of_public_health
B/Kanagawa/AC1867/2019	national_institute_of_infectious_diseases_(niid)	national_institute_of_infectious_diseases_(niid)
B/SouthKorea/11421/2020	u.s._air_force_school_of_aerospace_medicine	u.s._air_force_school_of_aerospace_medicine_
B/Singapore/KK0417/2020	ministry_of_health,_singapore	ministry_of_health,_singapore
B/Saitama/36/2020	national_institute_of_infectious_diseases_(niid)	saitama_institute_of_public_health
B/Aichi/32/2020	national_institute_of_infectious_diseases_(niid)	aichi_prefectural_institute_of_public_health
B/Aichi/51/2019	national_institute_of_infectious_diseases_(niid)	aichi_prefectural_institute_of_public_health
B/SouthKorea/11419/2020	u.s._air_force_school_of_aerospace_medicine	u.s._air_force_school_of_aerospace_medicine_
B/SouthKorea/9965/2019	u.s._air_force_school_of_aerospace_medicine	u.s._air_force_school_of_aerospace_medicine_
B/Guam/9829/2019	import_from_public_domain	
B/Guam/9828/2019	import_from_public_domain	
B/SouthKorea/9963/2019	u.s._air_force_school_of_aerospace_medicine	u.s._air_force_school_of_aerospace_medicine_
B/Christchurch/501/2020	who_collaborating_centre_for_reference_and_research_on_influenza	canterbury_health_services
B/Darwin/32/2019	who_collaborating_centre_for_reference_and_research_on_influenza	influenza_surveillance_centre_for_disease_control
B/Netherlands/10190/2019	national_institute_for_public_health_and_the_environment_(rivm)	national_institute_for_public_health_and_the_environment_(rivm)
B/Darwin/19/2019	who_collaborating_centre_for_reference_and_research_on_influenza	influenza_surveillance_centre_for_disease_control
B/Dijon/83/2020	institut_pasteur	institut_pasteur
B/England/11936/2020	u.s._air_force_school_of_aerospace_medicine	u.s._air_force_school_of_aerospace_medicine_
B/Singapore/KK0673/2020	ministry_of_health,_singapore	ministry_of_health,_singapore
B/Alsace/822/2020	institut_pasteur	institut_pasteur
B/Mississippi/10047/2019	u.s._air_force_school_of_aerospace_medicine	u.s._air_force_school_of_aerospace_medicine_
B/Singapore/KK1479/2019	ministry_of_health,_singapore	ministry_of_health,_singapore
B/Singapore/NUH0031/2019	ministry_of_health,_singapore	ministry_of_health,_singapore
B/Texas/12216/2020	u.s._air_force_school_of_aerospace_medicine	u.s._air_force_school_of_aerospace_medicine_
B/Germany/11341/2020	u.s._air_force_school_of_aerospace_medicine	u.s._air_force_school_of_aerospace_medicine_
B/England/93320735/2019	microbiology_services_colindale,_public_health_england	microbiology_services_colindale,_public_health_england
B/Eskilstuna/5/2019	public_health_agency_of_sweden	unilabs_mikrobiologi/laboratoriemedicin,_mälarsjukhuset_
B/Ishikawa/153/2019	national_institute_of_infectious_diseases_(niid)	ishikawa_prefectural_institute_of_public_health_and_environmental_science
B/England/293/2019	microbiology_services_colindale,_public_health_england	microbiology_services_colindale,_public_health_england
B/SriLanka/14/2020	who_collaborating_centre_for_reference_and_research_on_influenza	medical_research_institute
B/England/201120373/2020	uk_health_security_agency___colindale	uk_health_security_agency___colindale
B/England/201200326/2020	uk_health_security_agency___colindale	uk_health_security_agency___colindale
B/Mississippi/10377/2019	u.s._air_force_school_of_aerospace_medicine	u.s._air_force_school_of_aerospace_medicine_
B/Christchurch/502/2020	who_collaborating_centre_for_reference_and_research_on_influenza	canterbury_health_services
B/Akita/3/2020	national_institute_of_infectious_diseases_(niid)	akita_research_center_for_public_health_and_environment
B/PaysDeLoire/1071/2020	institut_pasteur	institut_pasteur
B/Singapore/TT0466/2020	ministry_of_health,_singapore	ministry_of_health,_singapore
B/SouthKorea/11813/2020	u.s._air_force_school_of_aerospace_medicine	u.s._air_force_school_of_aerospace_medicine_
B/Gunma/33/2020	national_institute_of_infectious_diseases_(niid)	gunma_prefectural_institute_of_public_health_and_environmental_sciences
B/Hiroshima/20/2019	national_institute_of_infectious_diseases_(niid)	center_for_public_health_and_environment,_hiroshima_prefectural_technology_research_institute
B/Bourgogne/54/2020	institut_pasteur	institut_pasteur
B/SchleswigHolstein/2/2020	robert_koch_institute_nationales_referenzzentrum_f?r_influenza	robert_koch_institute_nationales_referenzzentrum_für_influenza
B/Niigata/812/2020	national_institute_of_infectious_diseases_(niid)	niigata_prefectural_institute_of_public_health_and_environmental_sciences
B/SouthAustralia/163/2019	who_collaborating_centre_for_reference_and_research_on_influenza	institute_of_medical_and_veterinary_science_(imvs)
B/Nepal/20FL0286/2020	national_institute_of_infectious_diseases_(niid)	national_public_health_laboratory
B/Nevada/9945/2019	u.s._air_force_school_of_aerospace_medicine	u.s._air_force_school_of_aerospace_medicine_
B/England/194280525/2019	microbiology_services_colindale,_public_health_england	microbiology_services_colindale,_public_health_england
B/Kagawa/20111/2020	national_institute_of_infectious_diseases_(niid)	kagawa_prefectural_research_institute_for_environmental_sciences_and_public_health
B/Stockholm/11/2019	public_health_agency_of_sweden	klinisk_mikrobiologi,_karolinska_universitetslaboratoriet,_karolinska_universitetssjukhuset_solna
B/Nepal/20FL0443/2020	national_institute_of_infectious_diseases_(niid)	national_public_health_laboratory
B/Sweden/4/2019	public_health_agency_of_sweden	public_health_agency_of_sweden
B/Sweden/20/2020	public_health_agency_of_sweden	public_health_agency_of_sweden
B/Sapporo/7/2020	national_institute_of_infectious_diseases_(niid)	sapporo_city_institute_of_public_health
B/Saitama/4/2020	national_institute_of_infectious_diseases_(niid)	saitama_institute_of_public_health
B/SriLanka/25/2020	who_collaborating_centre_for_reference_and_research_on_influenza	medical_research_institute
B/Shizuoka/16/2020	national_institute_of_infectious_diseases_(niid)	shizuoka_institute_of_environment_and_hygiene
B/Kyoto-C/4/2020	national_institute_of_infectious_diseases_(niid)	kyoto_city_institute_of_health_and_environmental_sciences
B/Singapore/GP0039/2020	ministry_of_health,_singapore	ministry_of_health,_singapore
B/SouthKorea/10412/2019	u.s._air_force_school_of_aerospace_medicine	u.s._air_force_school_of_aerospace_medicine_
B/Singapore/GP0319/2020	ministry_of_health,_singapore	ministry_of_health,_singapore
B/Utah/11449/2020	u.s._air_force_school_of_aerospace_medicine	u.s._air_force_school_of_aerospace_medicine_
B/Victoria/21/2020	who_collaborating_centre_for_reference_and_research_on_influenza	alfred_hospital
B/SouthKorea/11420/2020	u.s._air_force_school_of_aerospace_medicine	u.s._air_force_school_of_aerospace_medicine_
B/Texas/10124/2019	u.s._air_force_school_of_aerospace_medicine	u.s._air_force_school_of_aerospace_medicine_
B/Sweden/22/2020	public_health_agency_of_sweden	public_health_agency_of_sweden
B/Brisbane/44/2019	who_collaborating_centre_for_reference_and_research_on_influenza	queensland_health_forensic_and_scientific_services_
B/Sapporo/2/2020	national_institute_of_infectious_diseases_(niid)	sapporo_city_institute_of_public_health
B/Alaska/10195/2019	u.s._air_force_school_of_aerospace_medicine	u.s._air_force_school_of_aerospace_medicine_
B/Japan/10597/2019	u.s._air_force_school_of_aerospace_medicine	u.s._air_force_school_of_aerospace_medicine_
B/Yamanashi/20050/2020	national_institute_of_infectious_diseases_(niid)	yamanashi_institute_for_public_health
B/Japan/10371/2019	u.s._air_force_school_of_aerospace_medicine	u.s._air_force_school_of_aerospace_medicine_
B/Sydney/4/2020	who_collaborating_centre_for_reference_and_research_on_influenza	childrens_hospital_westmead
B/Yokohama/29/2020	national_institute_of_infectious_diseases_(niid)	yokohama_city_institute_of_public_health.
B/Japan/10595/2019	u.s._air_force_school_of_aerospace_medicine	u.s._air_force_school_of_aerospace_medicine_
B/Japan/10596/2019	u.s._air_force_school_of_aerospace_medicine	u.s._air_force_school_of_aerospace_medicine_
B/SierraLeone/197/2018	centers_for_disease_control_and_prevention	central_public_health_reference_laboratory
B/Taiwan/83701/2019	centers_for_disease_control_and_prevention	adimmune_corporation
B/BurkinaFaso/1340/2018	centers_for_disease_control_and_prevention	irss
B/Lao/737/2020	centers_for_disease_control_and_prevention	national_center_for_laboratory_and_epidemiology
B/HongKong/733/2019	centers_for_disease_control_and_prevention	government_virus_unit
B/CoteDIvoire/525/2018	centers_for_disease_control_and_prevention	pasteur_institut_of_côte_d'ivoire
B/HongKong/CUHK018/2019	chinese_university_of_hong_kong	the_chinese_university_of_hong_kong
B/Oman/1001/2019	centers_for_disease_control_and_prevention	central_public_health_laboratory,_ministry_of_health
B/Tanzania/1612/2019	centers_for_disease_control_and_prevention	national_influenza_lab
B/Colombia/7472/2020	centers_for_disease_control_and_prevention	instituto_nacional_de_salud_de_columbia
B/Mali/288/2018	centers_for_disease_control_and_prevention	nic_lab_cvd_mali
B/Mali/8097/2018	centers_for_disease_control_and_prevention	nic_lab_cvd_mali
B/Mali/63/2018	centers_for_disease_control_and_prevention	nic_lab_cvd_mali
B/Mali/92/2018	centers_for_disease_control_and_prevention	nic_lab_cvd_mali
B/Togo/451/2019	centers_for_disease_control_and_prevention	institute_national_d'hygiene
B/HongKong/CUHK003/2019	chinese_university_of_hong_kong	the_chinese_university_of_hong_kong
B/StPetersburg/RII-4293S/2020	who_national_influenza_centre_russian_federation	research_institute_of_influenza,_ministry_of_healthcare_of_the_russian_federation
B/StPetersburg/RII-701S/2019	who_national_influenza_centre_russian_federation	research_institute_of_influenza,_ministry_of_healthcare_of_the_russian_federation
B/StPetersburg/RII-610S/2019	who_national_influenza_centre_russian_federation	research_institute_of_influenza,_ministry_of_healthcare_of_the_russian_federation
B/StPetersburg/RII-388S/2019	who_national_influenza_centre_russian_federation	research_institute_of_influenza,_ministry_of_healthcare_of_the_russian_federation
B/Smolensk/RII-602S/2019	who_national_influenza_centre_russian_federation	center_of_hygiene_and_epidemiology_in_smolensk_oblast
B/StPetersburg/RII-442S/2019	who_national_influenza_centre_russian_federation	research_institute_of_influenza,_ministry_of_healthcare_of_the_russian_federation
B/StPetersburg/RII-300S/2019	who_national_influenza_centre_russian_federation	research_institute_of_influenza,_ministry_of_healthcare_of_the_russian_federation
B/Parana/49/2020	centers_for_disease_control_and_prevention	instituto_oswaldo_cruz_fiocruz___laboratory_of_respiratory_viruses_and_measles_(lvrs)
B/Argentina/72/2020	centers_for_disease_control_and_prevention	instituto_nacional_de_enfermedades_infecciosas
B/Argentina/78/2020	centers_for_disease_control_and_prevention	instituto_nacional_de_enfermedades_infecciosas
B/BurkinaFaso/1462/2019	centers_for_disease_control_and_prevention	irss
B/BurkinaFaso/2449/2018	centers_for_disease_control_and_prevention	irss
B/Paris/2659/2018	institut_pasteur	institut_pasteur
B/SierraLeone/193/2018	centers_for_disease_control_and_prevention	central_public_health_reference_laboratory
B/Mali/90/2018	centers_for_disease_control_and_prevention	nic_lab_cvd_mali
B/Togo/752/2019	centers_for_disease_control_and_prevention	institute_national_d'hygiene
B/CoteDIvoire/1686/2019	centers_for_disease_control_and_prevention	pasteur_institut_of_côte_d'ivoire
B/Guangdong-Nanshan/38/2018-egg	centers_for_disease_control_and_prevention	who_chinese_national_influenza_center
B/Guangdong-Nanshan/36/2018	centers_for_disease_control_and_prevention	who_chinese_national_influenza_center
B/Guangdong-Nanshan/38/2018	centers_for_disease_control_and_prevention	who_chinese_national_influenza_center
B/Guangdong-Nanshan/2018-33566/2018	centers_for_disease_control_and_prevention	who_chinese_national_influenza_center
B/Guangdong-Nanshan/2018-33566/2018-egg	centers_for_disease_control_and_prevention	who_chinese_national_influenza_center
B/Bangladesh/1694/2019	centers_for_disease_control_and_prevention	institute_of_epidemiology_disease_control_and_research_(iedcr)_&_bangladesh_national_influenza_centre_(nic)
B/Indiana/17/2018	centers_for_disease_control_and_prevention	indiana_state_department_of_health_laboratories
B/Bangladesh/1512/2019	centers_for_disease_control_and_prevention	institute_of_epidemiology_disease_control_and_research_(iedcr)_&_bangladesh_national_influenza_centre_(nic)
B/HongKong/574/2019-egg	centers_for_disease_control_and_prevention	government_virus_unit
B/HongKong/574/2019	centers_for_disease_control_and_prevention	government_virus_unit
B/Hunan-Daxaing/120/2020-egg	centers_for_disease_control_and_prevention	who_chinese_national_influenza_center
B/Vladivostok/RII-322S/2019	who_national_influenza_centre_russian_federation	center_of_hygiene_and_epidemiology_in_primorie_territory
B/Lao/452/2020	centers_for_disease_control_and_prevention	national_center_for_laboratory_and_epidemiology
B/HongKong/218/2019	centers_for_disease_control_and_prevention	government_virus_unit
B/Bhutan/236/2019	centers_for_disease_control_and_prevention	royal_centre_for_disease_control
B/Sichuan-Gaoxin/531/2018	centers_for_disease_control_and_prevention	who_chinese_national_influenza_center
B/Kenya/126/2019	centers_for_disease_control_and_prevention	cdc_kenya
B/Kenya/120/2020	centers_for_disease_control_and_prevention	cdc_kenya
B/Kenya/118/2020	centers_for_disease_control_and_prevention	cdc_kenya
B/Bangladesh/9010/2019	centers_for_disease_control_and_prevention	icddr,b_international_centre_for_diarrhoeal_disease_research,_bangladesh
B/HongKong/CUHK021/2019	chinese_university_of_hong_kong	the_chinese_university_of_hong_kong
B/Argentina/84/2020	centers_for_disease_control_and_prevention	instituto_nacional_de_enfermedades_infecciosas
B/Lao/935/2020	centers_for_disease_control_and_prevention	national_center_for_laboratory_and_epidemiology
B/Lao/482/2020	centers_for_disease_control_and_prevention	national_center_for_laboratory_and_epidemiology
B/Bangladesh/900/2019	centers_for_disease_control_and_prevention	institute_of_epidemiology_disease_control_and_research_(iedcr)_&_bangladesh_national_influenza_centre_(nic)
B/Victoria/705/2018-egg	centers_for_disease_control_and_prevention	monash_medical_centre
B/Tennessee/1/2020	centers_for_disease_control_and_prevention	vanderbilt_university_medical_center
B/Vladivostok/11/2019	who_national_influenza_centre_russian_federation	center_of_hygiene_and_epidemiology_in_primorie_territory
B/Argentina/51/2020	centers_for_disease_control_and_prevention	instituto_nacional_de_enfermedades_infecciosas
B/HongKong/CUHK009/2019	chinese_university_of_hong_kong	the_chinese_university_of_hong_kong
B/Vladivostok/RII-319S/2019	who_national_influenza_centre_russian_federation	center_of_hygiene_and_epidemiology_in_primorie_territory
B/Vladivostok/8/2019	who_national_influenza_centre_russian_federation	center_of_hygiene_and_epidemiology_in_primorie_territory
B/Washington/S27526/2019		the_brotman_baty_institute_for_precision_medicine
B/Vladivostok/12/2019	who_national_influenza_centre_russian_federation	center_of_hygiene_and_epidemiology_in_primorie_territory
B/Taiwan/83280/2019	centers_for_disease_control_and_prevention	adimmune_corporation
B/Madagascar/1087/2021	centers_for_disease_control_and_prevention	institut_pasteur_de_madagascar
B/Colombia/6181/2021	centers_for_disease_control_and_prevention	instituto_nacional_de_salud_de_columbia
B/Hunan-Jishou/1433/2021-egg	who_chinese_national_influenza_center	who_chinese_national_influenza_center
B/Niger/6279/2018	centers_for_disease_control_and_prevention	centre_de_recherche_medicale_et_sanitaire_(cermes)
B/Niger/6246/2018	centers_for_disease_control_and_prevention	centre_de_recherche_medicale_et_sanitaire_(cermes)
B/Niger/6317/2018	centers_for_disease_control_and_prevention	centre_de_recherche_medicale_et_sanitaire_(cermes)
B/HongKong/746/2019	centers_for_disease_control_and_prevention	government_virus_unit
B/Belgium/IG0158/2020	sciensano	sciensano
B/Myanmar/19M105/2019	niigata_university	niigata_university
B/Guangdong-Dongwanbendi/1523/2019-egg	who_chinese_national_influenza_center	who_chinese_national_influenza_center
B/Kenya/GIHSN-HCL022161335201/2021	cnr_virus_des_infections_respiratoires,_france_sud	kenya_medical_research_institute
B/Kenya/GIHSN-HCL022161306201/2021	cnr_virus_des_infections_respiratoires,_france_sud	kenya_medical_research_institute
B/Zambia/4671/2022	centers_for_disease_control_and_prevention	university_teaching_hospital,_moh_zambia
B/Kenya/KHDSS220787/2021		import_from_public_domain
B/Kenya/179/2021	centers_for_disease_control_and_prevention	cdc_kenya
B/Kenya/177/2021	centers_for_disease_control_and_prevention	cdc_kenya
B/Netherlands/10894/2022-egg	ns	seasonal_vic
B/Netherlands/11329/2022	national_institute_for_public_health_and_the_environment_(rivm)	diakonessenhuis_utrecht
B/Netherlands/10952/2022	national_institute_for_public_health_and_the_environment_(rivm)	national_institute_for_public_health_and_the_environment_(rivm)
B/Netherlands/10894/2022	national_institute_for_public_health_and_the_environment_(rivm)	pamm
B/Vietnam/Vnhcm-Gs26/2020	centers_for_disease_control_and_prevention	pasteur_institute,_influenza_laboratory
B/Lao/544/2020	centers_for_disease_control_and_prevention	national_center_for_laboratory_and_epidemiology
B/Santiago/1391/2020-egg	centers_for_disease_control_and_prevention	instituto_de_salud_publica_de_chile
B/Santiago/14751/2020-egg	centers_for_disease_control_and_prevention	instituto_de_salud_publica_de_chile
B/Taiwan/70893/2019	centers_for_disease_control_and_prevention	adimmune_corporation
B/Myanmar/19M116/2019	niigata_university	niigata_university
B/Taiwan/70496/2019	centers_for_disease_control_and_prevention	adimmune_corporation
B/WestVirginia/3/2020	centers_for_disease_control_and_prevention	west_virginia_office_of_laboratory_services
B/Taiwan/83858/2019	centers_for_disease_control_and_prevention	adimmune_corporation
B/Sichuan-Gaoxin/513/2018	centers_for_disease_control_and_prevention	who_chinese_national_influenza_center
B/Victoria/705/2018	who_collaborating_centre_for_reference_and_research_on_influenza	monash_medical_centre
B/Izhevsk/RII-2671S/2020	who_national_influenza_centre_russian_federation	center_of_hygiene_and_epidemiology_in_republic_of_udmurtia
B/Argentina/25/2020	centers_for_disease_control_and_prevention	instituto_nacional_de_enfermedades_infecciosas
B/Louisiana/70/2019	centers_for_disease_control_and_prevention	louisiana_department_of_health_and_hospitals
B/Louisiana/32/2019	centers_for_disease_control_and_prevention	louisiana_department_of_health_and_hospitals
B/HongKong/741/2019	centers_for_disease_control_and_prevention	government_virus_unit
B/Oman/2706/2019	centers_for_disease_control_and_prevention	central_public_health_laboratory,_ministry_of_health
B/Nakhonphanom/421/2019	centers_for_disease_control_and_prevention	who_national_influenza_centre,_national_institute_of_medical_research_(nimr)
B/Lao/262/2020	centers_for_disease_control_and_prevention	national_center_for_laboratory_and_epidemiology
B/Mali/98/2018	centers_for_disease_control_and_prevention	nic_lab_cvd_mali
B/HongKong/742/2019	centers_for_disease_control_and_prevention	government_virus_unit
B/Zhejiang-Wenling/2273/2021-egg	who_chinese_national_influenza_center	who_chinese_national_influenza_center
B/HongKong/743/2019	centers_for_disease_control_and_prevention	government_virus_unit
B/Bangladesh/1696/2019	centers_for_disease_control_and_prevention	institute_of_epidemiology_disease_control_and_research_(iedcr)_&_bangladesh_national_influenza_centre_(nic)
B/Mali/155/2018	centers_for_disease_control_and_prevention	nic_lab_cvd_mali
B/Sichuan-Gaoxin/531/2018-egg	centers_for_disease_control_and_prevention	who_chinese_national_influenza_center
B/Myanmar/19M335/2019	niigata_university	niigata_university
B/Canberra/10/2019	who_collaborating_centre_for_reference_and_research_on_influenza	canberra_hospital
B/Bhutan/879/2019	centers_for_disease_control_and_prevention	royal_centre_for_disease_control
B/Peru/6212/2019	centers_for_disease_control_and_prevention	laboratorio_de_referencia_nacional_virus_respiratorios,_instituto_nacional_de_salud
B/HongKong/CUHK027/2019	chinese_university_of_hong_kong	the_chinese_university_of_hong_kong
B/Suriname/1046/2019	centers_for_disease_control_and_prevention	central_laboratory,_bureau_of_public_health
B/Argentina/64/2020	centers_for_disease_control_and_prevention	instituto_nacional_de_enfermedades_infecciosas
B/Bahrain/266/2019	centers_for_disease_control_and_prevention	ministry_of_health_bahrain
B/Bahrain/351/2019	centers_for_disease_control_and_prevention	ministry_of_health_bahrain
B/Yunnan-Qilin/1130/2020-egg	who_chinese_national_influenza_center	who_chinese_national_influenza_center
B/Yunnan-Qilin/1133/2020-egg	who_chinese_national_influenza_center	who_chinese_national_influenza_center
B/Yunnan-Qilin/1121/2020-egg	centers_for_disease_control_and_prevention	who_chinese_national_influenza_center
B/Yunnan-Qilin/1121/2020	who_chinese_national_influenza_center	who_chinese_national_influenza_center
B/Lao/383/2020	centers_for_disease_control_and_prevention	national_center_for_laboratory_and_epidemiology
B/Chelyabinsk/963/2018	state_research_center_of_virology_and_biotechnology_(vector)	state_research_center_of_virology_and_biotechnology_(vector)
B/HongKong/CUHK026/2019	chinese_university_of_hong_kong	the_chinese_university_of_hong_kong
B/HongKong/CUHK025/2019	chinese_university_of_hong_kong	the_chinese_university_of_hong_kong
B/Oman/2250/2019	centers_for_disease_control_and_prevention	central_public_health_laboratory,_ministry_of_health
B/Bhutan/880/2019	centers_for_disease_control_and_prevention	royal_centre_for_disease_control
B/Zhejiang-Shangcheng/1558/2019	who_chinese_national_influenza_center	who_chinese_national_influenza_center
B/SuratThani/173/2019	centers_for_disease_control_and_prevention	who_national_influenza_centre,_national_institute_of_medical_research_(nimr)
B/Romania/26/2020	national_institute_of_infectious_diseases_prof._dr._matei_bals	national_institute_for_infectious_diseases_“prof._dr._matei_balș”
B/Romania/17/2019	national_institute_of_infectious_diseases_prof._dr._matei_bals	national_institute_for_infectious_diseases_“prof._dr._matei_balș”
B/Argentina/43/2020	centers_for_disease_control_and_prevention	instituto_nacional_de_enfermedades_infecciosas
B/Taiwan/70443/2019	centers_for_disease_control_and_prevention	adimmune_corporation
B/Wellington/8/2019	who_collaborating_centre_for_reference_and_research_on_influenza	institute_of_environmental_science_and_research
B/Hawaii/7/2019-egg	centers_for_disease_control_and_prevention	state_of_hawaii_department_of_health
B/Hawaii/7/2019	centers_for_disease_control_and_prevention	state_of_hawaii_department_of_health
B/Washington/2/2019-egg	centers_for_disease_control_and_prevention	washington_state_public_health_laboratory
B/Saipan/1051/2019	centers_for_disease_control_and_prevention	guam_department_of_public_health
B/ElSalvador/917/2019	centers_for_disease_control_and_prevention	contiguo_a_hospital_rosales
B/Kanagawa/IC18169/2019-egg	centers_for_disease_control_and_prevention	national_institute_of_infectious_diseases_(niid)
B/Kanagawa/IC18169/2019	centers_for_disease_control_and_prevention	national_institute_of_infectious_diseases_(niid)
B/Washington/2/2019	centers_for_disease_control_and_prevention	washington_state_public_health_laboratory
B/Kanagawa/AC1867/2019-egg	centers_for_disease_control_and_prevention	national_institute_of_infectious_diseases_(niid)
B/Washington/104/2020	centers_for_disease_control_and_prevention	marshfield_clinic_research_foundation
B/Washington/S28016/2019		the_brotman_baty_institute_for_precision_medicine
B/Washington/S27497/2019		the_brotman_baty_institute_for_precision_medicine
B/Shanghai-Changning/1228/2019-egg	centers_for_disease_control_and_prevention	who_chinese_national_influenza_center
B/Shanghai-Changning/1228/2019	centers_for_disease_control_and_prevention	who_chinese_national_influenza_center
B/Lao/3538/2019	centers_for_disease_control_and_prevention	national_center_for_laboratory_and_epidemiology
B/Vietnam/Vnhcm-Vp69/2019	centers_for_disease_control_and_prevention	pasteur_institute,_influenza_laboratory
B/ChiangRai/1393/2019	centers_for_disease_control_and_prevention	who_national_influenza_centre,_national_institute_of_medical_research_(nimr)
B/HongKong/738/2019	centers_for_disease_control_and_prevention	government_virus_unit
B/Lipetsk/RII-2918S/2020	who_national_influenza_centre_russian_federation	center_of_hygiene_and_epidemiology_in_lipetsk_region
B/StPetersburg/RII-1547S/2020	who_national_influenza_centre_russian_federation	research_institute_of_influenza,_ministry_of_healthcare_of_the_russian_federation
B/Vladivostok/RII-320S/2019	who_national_influenza_centre_russian_federation	center_of_hygiene_and_epidemiology_in_primorie_territory
B/Novosibirsk/RII-26971S/2020	who_national_influenza_centre_russian_federation	research_institute_of_experimental_and_clinical_medicine
B/Cheboksary/55/2020	centers_for_disease_control_and_prevention	ivanovsky_research_institute_of_virology_rams
B/Kyiv/342/2020	centers_for_disease_control_and_prevention	institute_of_epidemiology_and_infectious_diseases_ams_of_ukraine
B/SouthCarolina/10/2019	centers_for_disease_control_and_prevention	south_carolina_department_of_health
B/StPetersburg/RII-2447S/2020	who_national_influenza_centre_russian_federation	research_institute_of_influenza,_ministry_of_healthcare_of_the_russian_federation
B/StPetersburg/RII-1819S/2020	who_national_influenza_centre_russian_federation	research_institute_of_influenza,_ministry_of_healthcare_of_the_russian_federation
B/Novosibirsk/RII-27135S/2020	who_national_influenza_centre_russian_federation	research_institute_of_experimental_and_clinical_medicine
B/Novosibirsk/RII-27183S/2020	who_national_influenza_centre_russian_federation	research_institute_of_experimental_and_clinical_medicine
B/Novosibirsk/RII-27293S/2020	who_national_influenza_centre_russian_federation	research_institute_of_experimental_and_clinical_medicine
B/StPetersburg/RII-2525S/2020	who_national_influenza_centre_russian_federation	research_institute_of_influenza,_ministry_of_healthcare_of_the_russian_federation
B/StPetersburg/RII-3301S/2020	who_national_influenza_centre_russian_federation	research_institute_of_influenza,_ministry_of_healthcare_of_the_russian_federation
B/Haiti/40206/2021	centers_for_disease_control_and_prevention	laboratoire_national_de_sante_publique
B/Belgorod/RII-1435S/2020	who_national_influenza_centre_russian_federation	"fbuz_""center_of_hygiene_and_epidemiology""_in_belgorod_oblast"
B/StPetersburg/RII-2264S/2020	who_national_influenza_centre_russian_federation	research_institute_of_influenza,_ministry_of_healthcare_of_the_russian_federation
B/StPetersburg/RII-107S/2019	who_national_influenza_centre_russian_federation	research_institute_of_influenza,_ministry_of_healthcare_of_the_russian_federation
B/Astrakhan/15/2019	who_national_influenza_centre_russian_federation	center_of_hygiene_and_epidemiology_in_astrakhan_region
B/Moscow/52/2019	n.f._gamaleya_research_center_for_epidemiology_and_microbiology	nic_russia,_ivanovsky_research_institute_of_virology
B/Paris/449/2020	institut_pasteur	institut_pasteur
B/Moscow/53/2020	centers_for_disease_control_and_prevention	ivanovsky_research_institute_of_virology_rams
B/Moscow/RII-491S/2019	who_national_influenza_centre_russian_federation	nic_russia,_ivanovsky_research_institute_of_virology
B/Kaliningrad/8/2020	who_national_influenza_centre_russian_federation	center_of_hygiene_and_epidemiology_in_kaliningrad_region
B/Kaliningrad/2/2019	who_national_influenza_centre_russian_federation	center_of_hygiene_and_epidemiology_in_kaliningrad_region
B/StPetersburg/RII-647S/2019	who_national_influenza_centre_russian_federation	"fbuz_""center_of_hyhiene_and_epidemiology"""
B/Astrakhan/42/2020	centers_for_disease_control_and_prevention	russian_academy_of_medical_sciences
B/StPetersburg/RII-2619S/2020	who_national_influenza_centre_russian_federation	research_institute_of_influenza,_ministry_of_healthcare_of_the_russian_federation
B/Astrakhan/RII-351S/2019	who_national_influenza_centre_russian_federation	center_of_hygiene_and_epidemiology_in_astrakhan_region
B/Vladivostok/RII-324S/2019	who_national_influenza_centre_russian_federation	center_of_hygiene_and_epidemiology_in_primorie_territory
B/Moscow/14/2020	n.f._gamaleya_research_center_for_epidemiology_and_microbiology	nic_russia,_ivanovsky_research_institute_of_virology
B/Haiti/60577/2021	centers_for_disease_control_and_prevention	laboratoire_national_de_sante_publique
B/Haiti/10202/2021	centers_for_disease_control_and_prevention	laboratoire_national_de_sante_publique
B/Haiti/10333/2021	centers_for_disease_control_and_prevention	laboratoire_national_de_sante_publique
B/Haiti/60564/2021	centers_for_disease_control_and_prevention	laboratoire_national_de_sante_publique
B/Haiti/49/2021	centers_for_disease_control_and_prevention	laboratoire_national_de_sante_publique
B/Haiti/70329/2021	centers_for_disease_control_and_prevention	laboratoire_national_de_sante_publique
B/Brisbane/35/2018-egg	centers_for_disease_control_and_prevention	queensland_health_scientific_services
B/Lao/292/2020	centers_for_disease_control_and_prevention	national_center_for_laboratory_and_epidemiology
B/Taiwan/82318/2019	centers_for_disease_control_and_prevention	adimmune_corporation
B/Darwin/51/2019	who_collaborating_centre_for_reference_and_research_on_influenza	influenza_surveillance_centre_for_disease_control
B/Darwin/37/2019	who_collaborating_centre_for_reference_and_research_on_influenza	influenza_surveillance_centre_for_disease_control
B/Okinawa/18T034/2019	niigata_university	niigata_university
B/Ohio/7/2019	centers_for_disease_control_and_prevention	ohio_department_of_health_laboratories
B/Bahrain/791/2019	centers_for_disease_control_and_prevention	ministry_of_health_bahrain
B/Kansas/3/2020	centers_for_disease_control_and_prevention	kansas_department_of_health_and_environment
B/Nebraska/12/2019	centers_for_disease_control_and_prevention	nebraska_public_health_lab
B/Kyiv/279/2019	centers_for_disease_control_and_prevention	institute_of_epidemiology_and_infectious_diseases_ams_of_ukraine
B/Bhutan/1616/2020	centers_for_disease_control_and_prevention	royal_centre_for_disease_control
B/Bhutan/100/2020	centers_for_disease_control_and_prevention	royal_centre_for_disease_control
B/Kentucky/3/2020	centers_for_disease_control_and_prevention	kentucky_division_of_laboratory_services
B/Michigan/80/2020	centers_for_disease_control_and_prevention	university_of_michigan_sph_epid
B/Nevada/18/2019	centers_for_disease_control_and_prevention	nevada_state_health_laboratory
B/Texas/61/2019	centers_for_disease_control_and_prevention	baylor_scott_and_white_health
B/Maine/7/2020	centers_for_disease_control_and_prevention	maine_health_and_environmental_testing_laboratory
B/Kenya/111/2020	centers_for_disease_control_and_prevention	cdc_kenya
B/Nebraska/6/2020	centers_for_disease_control_and_prevention	nebraska_public_health_lab
B/Washington/S28629/2020		the_brotman_baty_institute_for_precision_medicine
B/Washington/S28481/2020		the_brotman_baty_institute_for_precision_medicine
B/Afghanistan/2419/2019	centers_for_disease_control_and_prevention	national_public_health_laboratory
B/Bhutan/197/2019	centers_for_disease_control_and_prevention	royal_centre_for_disease_control
B/Washington/S27700/2019		the_brotman_baty_institute_for_precision_medicine
B/India/794/2019	centers_for_disease_control_and_prevention	national_institute_of_virology
B/California/29/2020	centers_for_disease_control_and_prevention	california_department_of_health_services
B/Bhutan/643/2019	centers_for_disease_control_and_prevention	royal_centre_for_disease_control
B/Honduras/7593/2020	centers_for_disease_control_and_prevention	laboratorio_nacional_de_virologia
B/Washington/S27715/2019		the_brotman_baty_institute_for_precision_medicine
B/Washington/S28560/2020		the_brotman_baty_institute_for_precision_medicine
B/RhodeIsland/4/2020	centers_for_disease_control_and_prevention	rhode_island_department_of_health
B/Arizona/32/2019	centers_for_disease_control_and_prevention	arizona_department_of_health_services
B/Washington/L1/2020	university_of_washington	seattle_flu_study
B/India/1969/2020	centers_for_disease_control_and_prevention	national_institute_of_virology
B/Bhutan/633/2019	centers_for_disease_control_and_prevention	royal_centre_for_disease_control
B/Bhutan/198/2019	centers_for_disease_control_and_prevention	royal_centre_for_disease_control
B/Bhutan/196/2019	centers_for_disease_control_and_prevention	royal_centre_for_disease_control
B/Bhutan/296/2020	centers_for_disease_control_and_prevention	royal_centre_for_disease_control
B/Bhutan/1113/2020	centers_for_disease_control_and_prevention	royal_centre_for_disease_control
B/Wisconsin/205/2020	centers_for_disease_control_and_prevention	marshfield_clinic_research_foundation
B/Wisconsin/155/2020	centers_for_disease_control_and_prevention	marshfield_clinic_research_foundation
B/Washington/S28022/2020		the_brotman_baty_institute_for_precision_medicine
B/Washington/S28561/2020		the_brotman_baty_institute_for_precision_medicine
B/Congo/25/2020	centers_for_disease_control_and_prevention	inrb_service_de_virologie
B/Congo/9774/2019	centers_for_disease_control_and_prevention	inrb_service_de_virologie
B/Maryland/10/2020	centers_for_disease_control_and_prevention	maryland_department_of_health_and_mental_hygiene
B/RhodeIsland/5/2020	centers_for_disease_control_and_prevention	rhode_island_department_of_health
B/DistrictOfColumbia/4/2020	centers_for_disease_control_and_prevention	dc_public_health_lab
B/StPetersburg/RII-2420S/2020	who_national_influenza_centre_russian_federation	research_institute_of_influenza,_ministry_of_healthcare_of_the_russian_federation
B/StPetersburg/RII-3889S/2020	who_national_influenza_centre_russian_federation	research_institute_of_influenza,_ministry_of_healthcare_of_the_russian_federation
B/Novosibirsk/RII-26972S/2020	who_national_influenza_centre_russian_federation	research_institute_of_experimental_and_clinical_medicine
B/Moscow/47/2020	centers_for_disease_control_and_prevention	ivanovsky_research_institute_of_virology_rams
B/Gurzuf/RII-999S/2020	who_national_influenza_centre_russian_federation	research_institute_of_influenza,_ministry_of_healthcare_of_the_russian_federation
B/Gurzuf/RII-946S/2020	who_national_influenza_centre_russian_federation	research_institute_of_influenza,_ministry_of_healthcare_of_the_russian_federation
B/Gurzuf/RII-981S/2020	who_national_influenza_centre_russian_federation	research_institute_of_influenza,_ministry_of_healthcare_of_the_russian_federation
B/Bahrain/6/2020	centers_for_disease_control_and_prevention	ministry_of_health_bahrain
B/Suriname/932/2019	centers_for_disease_control_and_prevention	central_laboratory,_bureau_of_public_health
B/Darwin/26/2019	who_collaborating_centre_for_reference_and_research_on_influenza	influenza_surveillance_centre_for_disease_control
B/Bahrain/6/2020-egg	centers_for_disease_control_and_prevention	ministry_of_health_bahrain
B/Hawaii/11/2020	centers_for_disease_control_and_prevention	state_of_hawaii_department_of_health
B/Pennsylvania/27/2019	centers_for_disease_control_and_prevention	pennsylvania_department_of_health
B/Cyprus/F938/2020	centers_for_disease_control_and_prevention	nicosia_general_hospital
B/Colorado/22/2019	centers_for_disease_control_and_prevention	vanderbilt_university_medical_center
B/HongKong/CUHK023/2019	chinese_university_of_hong_kong	the_chinese_university_of_hong_kong
B/Oregon/14/2020	centers_for_disease_control_and_prevention	vanderbilt_university_medical_center
B/Belgium/IG0010/2020	sciensano	sciensano
B/BadenWurttemberg/2/2020	robert_koch_institute_nationales_referenzzentrum_f?r_influenza	robert_koch_institute_nationales_referenzzentrum_für_influenza
B/Cyprus/F938/2020-egg	centers_for_disease_control_and_prevention	nicosia_general_hospital
B/NorthCarolina/2/2021	centers_for_disease_control_and_prevention	north_carolina_state_laboratory_of_public_health
B/Honduras/6994/2021	centers_for_disease_control_and_prevention	laboratorio_nacional_de_virologia
B/NewYork/1/2022	centers_for_disease_control_and_prevention	new_york_state_department_of_health
B/Guatemala/63/2022	centers_for_disease_control_and_prevention	laboratorio_nacional_de_salud_guatemala
B/Honduras/9430/2021	centers_for_disease_control_and_prevention	laboratorio_nacional_de_virologia
B/Honduras/9428/2021	centers_for_disease_control_and_prevention	laboratorio_nacional_de_virologia
B/Guatemala/126/2022	centers_for_disease_control_and_prevention	laboratorio_nacional_de_salud_guatemala
B/Guatemala/37/2022	centers_for_disease_control_and_prevention	laboratorio_nacional_de_salud_guatemala
B/Guatemala/5/2022	centers_for_disease_control_and_prevention	laboratorio_nacional_de_salud_guatemala
B/California/2/2021	centers_for_disease_control_and_prevention	california_department_of_health_services
B/Arizona/1/2021	centers_for_disease_control_and_prevention	arizona_department_of_health_services
B/Arizona/2/2021	centers_for_disease_control_and_prevention	arizona_department_of_health_services
B/NewMexico/2/2021	centers_for_disease_control_and_prevention	new_mexico_department_of_health
B/NewYork/2/2022	centers_for_disease_control_and_prevention	new_york_state_department_of_health
B/Guatemala/824/2022	centers_for_disease_control_and_prevention	laboratorio_nacional_de_salud_guatemala
B/Guatemala/814/2022	centers_for_disease_control_and_prevention	laboratorio_nacional_de_salud_guatemala
B/NorthCarolina/1/2021-egg	centers_for_disease_control_and_prevention	north_carolina_state_laboratory_of_public_health
B/NorthCarolina/1/2021	centers_for_disease_control_and_prevention	north_carolina_state_laboratory_of_public_health
B/Nicaragua/SJCRH-740887/2022	st._jude_children's_research_hospital	st._jude_children's_research_hospital
B/CostaRica/4327/2022	centers_for_disease_control_and_prevention	laboratorio_nacional_de_influenza
B/Nicaragua/SJCRH-740881/2022	st._jude_children's_research_hospital	st._jude_children's_research_hospital
B/Nicaragua/511/2022	centers_for_disease_control_and_prevention	laboratorio_de_virologia,_direccion_de_microbiologia
B/Nicaragua/2413/2022	centers_for_disease_control_and_prevention	laboratorio_de_virologia,_direccion_de_microbiologia
B/Nicaragua/11522-13AV1/2022		st._jude_children's_research_hospital,_host_microbe_interactions
B/Nicaragua/908/2022	centers_for_disease_control_and_prevention	laboratorio_de_virologia,_direccion_de_microbiologia
B/Nicaragua/6204/2022	centers_for_disease_control_and_prevention	laboratorio_de_virologia,_direccion_de_microbiologia
B/CostaRica/4053/2022	centers_for_disease_control_and_prevention	laboratorio_nacional_de_influenza
B/Nicaragua/SJCRH-740888/2022	st._jude_children's_research_hospital	st._jude_children's_research_hospital
B/Kazakhstan/99/2018	centers_for_disease_control_and_prevention	csee
B/Kazakhstan/366/2018	centers_for_disease_control_and_prevention	csee
B/Kazakhstan/26/2018	centers_for_disease_control_and_prevention	csee
B/Kazakhstan/21/2018	centers_for_disease_control_and_prevention	csee
B/Kazakhstan/103/2018	centers_for_disease_control_and_prevention	csee
B/Niger/5672/2018	centers_for_disease_control_and_prevention	centre_de_recherche_medicale_et_sanitaire_(cermes)
B/CoteDIvoire/1795/2019	centers_for_disease_control_and_prevention	pasteur_institut_of_côte_d'ivoire
B/CoteDIvoire/1907/2019	centers_for_disease_control_and_prevention	pasteur_institut_of_côte_d'ivoire
B/Niger/6387/2019	centers_for_disease_control_and_prevention	centre_de_recherche_medicale_et_sanitaire_(cermes)
B/CoteDIvoire/218/2019	centers_for_disease_control_and_prevention	pasteur_institut_of_côte_d'ivoire
B/Slovenia/1584/2020	centers_for_disease_control_and_prevention	laboratory_for_virology,_national_institute_of_public_health
B/Slovenia/1584/2020-egg	centers_for_disease_control_and_prevention	laboratory_for_virology,_national_institute_of_public_health
B/Luxembourg/LNS9320119/2020	laboratoire_national_de_sant?	laboratoire_national_de_santé_
B/England/195220330/2019	microbiology_services_colindale,_public_health_england	microbiology_services_colindale,_public_health_england
B/England/194900380/2019	microbiology_services_colindale,_public_health_england	microbiology_services_colindale,_public_health_england
B/Haiti/20191/2021	centers_for_disease_control_and_prevention	laboratoire_national_de_sante_publique
B/Martinique/86/2020-egg	centers_for_disease_control_and_prevention	national_influenza_center_french_guiana_and_french_indies
B/Martinique/86/2020	centers_for_disease_control_and_prevention	national_influenza_center_french_guiana_and_french_indies
B/Romania/6/2019	national_institute_of_infectious_diseases_prof._dr._matei_bals	national_institute_for_infectious_diseases_“prof._dr._matei_balș”
B/StPetersburg/RII-46/2020	who_national_influenza_centre_russian_federation	research_institute_of_influenza,_ministry_of_healthcare_of_the_russian_federation
B/Romania/22/2020	national_institute_of_infectious_diseases_prof._dr._matei_bals	national_institute_for_infectious_diseases_“prof._dr._matei_balș”
B/Romania/14/2019	national_institute_of_infectious_diseases_prof._dr._matei_bals	national_institute_for_infectious_diseases_“prof._dr._matei_balș”
B/Denmark/20/2020	statens_serum_institute	statens_serum_institute
B/PaysDeLoire/2775/2019	institut_pasteur	institut_pasteur
B/Paris/2863/2019	institut_pasteur	institut_pasteur
B/FrancheComte/812/2020	institut_pasteur	institut_pasteur
B/Macedonia/421/2020-egg	centers_for_disease_control_and_prevention	institute_of_public_health_(macedonia)
B/Macedonia/421/2020	centers_for_disease_control_and_prevention	institute_of_public_health_(macedonia)
B/Argentina/14804/2020	centers_for_disease_control_and_prevention	intituto_nacional_de_epidemiologia
B/MinasGerais/12708/2020	centers_for_disease_control_and_prevention	instituto_oswaldo_cruz_fiocruz___laboratory_of_respiratory_viruses_and_measles_(lvrs)
B/Linkoping/2/2020	public_health_agency_of_sweden	klinisk_mikrobiologi,_universitetssjukhuset_linkoping
B/Linkoping/1/2019	public_health_agency_of_sweden	klinisk_mikrobiologi,_universitetssjukhuset_linkoping
B/England/194700040/2019	microbiology_services_colindale,_public_health_england	microbiology_services_colindale,_public_health_england
B/SouthAfrica/1921/2020	who_collaborating_centre_for_reference_and_research_on_influenza	national_institute_for_communicable_disease
B/Germany/10958/2019	u.s._air_force_school_of_aerospace_medicine	u.s._air_force_school_of_aerospace_medicine_
B/SantaCatarina/1166/2019	centers_for_disease_control_and_prevention	instituto_oswaldo_cruz_fiocruz___laboratory_of_respiratory_viruses_and_measles_(lvrs)
B/Parana/233/2020	centers_for_disease_control_and_prevention	instituto_oswaldo_cruz_fiocruz___laboratory_of_respiratory_viruses_and_measles_(lvrs)
B/Brazil/7295/2020	centers_for_disease_control_and_prevention	instituto_adolfo_lutz
B/Sergipe/13447/2020	centers_for_disease_control_and_prevention	instituto_oswaldo_cruz_fiocruz___laboratory_of_respiratory_viruses_and_measles_(lvrs)
B/Sergipe/13456/2020	centers_for_disease_control_and_prevention	instituto_oswaldo_cruz_fiocruz___laboratory_of_respiratory_viruses_and_measles_(lvrs)
B/Guyane/310/2020-egg	centers_for_disease_control_and_prevention	national_influenza_center_french_guiana_and_french_indies
B/Guyane/310/2020	centers_for_disease_control_and_prevention	national_influenza_center_french_guiana_and_french_indies
B/Lebanon/16/2020-egg	centers_for_disease_control_and_prevention	rafic_hariri_university_hospital_4th_floor_dna/research_lab
B/Lebanon/16/2020	centers_for_disease_control_and_prevention	rafic_hariri_university_hospital_4th_floor_dna/research_lab
B/Oregon/11/2020-egg	centers_for_disease_control_and_prevention	oregon_public_health_laboratory
B/Oregon/11/2020	centers_for_disease_control_and_prevention	oregon_public_health_laboratory
B/Stockholm/10/2020-egg	centers_for_disease_control_and_prevention	klinisk_mikrobiologi,_karolinska_universitetslaboratoriet,_karolinska_universitetssjukhuset_solna
B/Stockholm/10/2020	centers_for_disease_control_and_prevention	klinisk_mikrobiologi,_karolinska_universitetslaboratoriet,_karolinska_universitetssjukhuset_solna
B/Togo/1836/2019	centers_for_disease_control_and_prevention	institute_national_d'hygiene
B/Togo/1894/2019	centers_for_disease_control_and_prevention	institute_national_d'hygiene
B/Nigeria/4013/2019	centers_for_disease_control_and_prevention	ncdc_public_health_reference_laboratory
B/Togo/34/2020	centers_for_disease_control_and_prevention	institute_national_d'hygiene
B/Mali/64/2020	centers_for_disease_control_and_prevention	nic_lab_cvd_mali
B/Mali/52/2020	centers_for_disease_control_and_prevention	nic_lab_cvd_mali
B/Mali/20051/2020	centers_for_disease_control_and_prevention	nic_lab_cvd_mali
B/Togo/903/2019	centers_for_disease_control_and_prevention	institute_national_d'hygiene
B/Mali/74/2020	centers_for_disease_control_and_prevention	nic_lab_cvd_mali
B/Nigeria/4372/2019	centers_for_disease_control_and_prevention	ncdc_public_health_reference_laboratory
B/Nigeria/4387/2019	centers_for_disease_control_and_prevention	ncdc_public_health_reference_laboratory
B/Mali/132/2019	centers_for_disease_control_and_prevention	nic_lab_cvd_mali
B/Mali/20055/2020	centers_for_disease_control_and_prevention	nic_lab_cvd_mali
B/Mali/20059/2020	centers_for_disease_control_and_prevention	nic_lab_cvd_mali
B/Togo/1235/2019	centers_for_disease_control_and_prevention	institute_national_d'hygiene
B/Togo/1232/2019	centers_for_disease_control_and_prevention	institute_national_d'hygiene
B/Mali/20056/2020	centers_for_disease_control_and_prevention	nic_lab_cvd_mali
B/Togo/1647/2019	centers_for_disease_control_and_prevention	institute_national_d'hygiene
B/Niger/7722/2020	centers_for_disease_control_and_prevention	centre_de_recherche_medicale_et_sanitaire_(cermes)
B/Niger/7737/2020	centers_for_disease_control_and_prevention	centre_de_recherche_medicale_et_sanitaire_(cermes)
B/Mali/69/2020	centers_for_disease_control_and_prevention	nic_lab_cvd_mali
B/Ghana/5172/2024	centers_for_disease_control_and_prevention	noguchi_memorial_institute_for_medical_research_(nmimr)
B/Para/2023-009023-IEC/2023	evandro_chagas_institute	evandro_chagas_institute
B/Niger/3124/2022	centers_for_disease_control_and_prevention	centre_de_recherche_medicale_et_sanitaire_(cermes)
B/Niger/3747/2023	centers_for_disease_control_and_prevention	centre_de_recherche_medicale_et_sanitaire_(cermes)
B/Togo/2148/2022	centers_for_disease_control_and_prevention	institute_national_d'hygiene
B/Niger/7820/2020	centers_for_disease_control_and_prevention	centre_de_recherche_medicale_et_sanitaire_(cermes)
B/Congo/18/2020	centers_for_disease_control_and_prevention	inrb_service_de_virologie
B/Congo/9/2020	centers_for_disease_control_and_prevention	inrb_service_de_virologie
B/Congo/9785/2019	centers_for_disease_control_and_prevention	inrb_service_de_virologie
B/Niger/7644/2020	centers_for_disease_control_and_prevention	centre_de_recherche_medicale_et_sanitaire_(cermes)
B/Nigeria/4392/2020	centers_for_disease_control_and_prevention	ncdc_public_health_reference_laboratory
B/Mali/79/2020	centers_for_disease_control_and_prevention	nic_lab_cvd_mali
B/Nigeria/4477/2020	centers_for_disease_control_and_prevention	ncdc_public_health_reference_laboratory
B/SouthAfrica/1921/2020-egg	centers_for_disease_control_and_prevention	national_institute_for_communicable_disease
B/Uganda/CST50513/2017		import_from_public_domain
B/Philippines/4/2020	who_collaborating_centre_for_reference_and_research_on_influenza	research_institute_of_tropical_medicine
B/Nepal/20FL0829/2020	national_institute_of_infectious_diseases_(niid)	national_public_health_laboratory
B/Singapore/KK2657/2019	ministry_of_health,_singapore	ministry_of_health,_singapore
B/Singapore/TT0335/2019	ministry_of_health,_singapore	ministry_of_health,_singapore
B/Rencheng/1169/2022	jining_center_for_disease_control_and_prevention	_jining_center_for_disease_control_and_prevention
B/Stockholm/4/2021	public_health_agency_of_sweden	klinisk_mikrobiologi,_karolinska_universitetslaboratoriet,_karolinska_universitetssjukhuset_solna
B/Rencheng/1356/2022	jining_center_for_disease_control_and_prevention	_jining_center_for_disease_control_and_prevention
B/Rencheng/1211/2022	jining_center_for_disease_control_and_prevention	_jining_center_for_disease_control_and_prevention
B/Rencheng/1127/2022	jining_center_for_disease_control_and_prevention	_jining_center_for_disease_control_and_prevention
B/Rencheng/1126/2022	jining_center_for_disease_control_and_prevention	_jining_center_for_disease_control_and_prevention
B/Rencheng/11488/2021	jining_center_for_disease_control_and_prevention	_jining_center_for_disease_control_and_prevention
B/India/4060/2020	centers_for_disease_control_and_prevention	national_institute_of_virology
B/Hubei-Maojian/11535/2021	who_chinese_national_influenza_center	who_chinese_national_influenza_center
B/Guizhou-Xixiu/1218/2021-egg	who_chinese_national_influenza_center	who_chinese_national_influenza_center
B/Henan-Xigong/1326/2021-egg	who_chinese_national_influenza_center	who_chinese_national_influenza_center
B/Henan-Xigong/1326/2021	who_chinese_national_influenza_center	who_chinese_national_influenza_center
B/Henan-Luolong/1328/2021-egg	who_chinese_national_influenza_center	who_chinese_national_influenza_center
B/Henan-Xigong/1118/2021-egg	centers_for_disease_control_and_prevention	who_chinese_national_influenza_center
B/Henan-Xigong/1118/2021	who_chinese_national_influenza_center	who_chinese_national_influenza_center
B/Zhejiang-Nanhu/1854/2021-egg	centers_for_disease_control_and_prevention	who_chinese_national_influenza_center
B/Zhejiang-Nanhu/1854/2021	centers_for_disease_control_and_prevention	who_chinese_national_influenza_center
B/Zhejiang-Ninghai/2531/2021	who_chinese_national_influenza_center	who_chinese_national_influenza_center
B/Hunan-Tianyuan/1288/2021-egg	who_chinese_national_influenza_center	who_chinese_national_influenza_center
B/Hunan-Tianyuan/1282/2021-egg	who_chinese_national_influenza_center	who_chinese_national_influenza_center
B/Hubei-Xiangcheng/1790/2021	who_chinese_national_influenza_center	who_chinese_national_influenza_center
B/Henan-Luolong/1258/2021-egg	who_chinese_national_influenza_center	who_chinese_national_influenza_center
B/Zhejiang-Fenghua/2252/2021	who_chinese_national_influenza_center	who_chinese_national_influenza_center
B/Hubei-Xiacheng/11000/2021	centers_for_disease_control_and_prevention	who_chinese_national_influenza_center
B/Zhejiang-Haishu/11533/2021	who_chinese_national_influenza_center	who_chinese_national_influenza_center
B/Jiangsu-Suzhou/HKR/2022	suzhou_center_for_disease_prevention_and_control	suzhou_center_for_disease_prevention_and_control
B/Rencheng/1252/2022	jining_center_for_disease_control_and_prevention	_jining_center_for_disease_control_and_prevention
B/Hubei-Xiacheng/11000/2021-egg	centers_for_disease_control_and_prevention	who_chinese_national_influenza_center
B/Hubei-Shishou/268/2021-egg	who_chinese_national_influenza_center	who_chinese_national_influenza_center
B/Zhejiang-Haiyan/35/2022	zhejiang_provincial_center_for_disease_control_and_prevention	jiaxing_center_for_disease_control_and_prevention
B/Jiangsu-Suzhou/12A10/2021	suzhou_center_for_disease_prevention_and_control	suzhou_center_for_disease_prevention_and_control
B/Jiangsu-Suzhou/XYY/2022	suzhou_center_for_disease_prevention_and_control	suzhou_center_for_disease_prevention_and_control
B/Gansu-Baiyin/1246/2021	who_chinese_national_influenza_center	who_chinese_national_influenza_center
B/NewHampshire/1/2021-egg	centers_for_disease_control_and_prevention	new_hampshire_public_health_laboratories
B/NewHampshire/1/2021	centers_for_disease_control_and_prevention	new_hampshire_public_health_laboratories
B/Shandong-Wulian/326/2021-egg	who_chinese_national_influenza_center	who_chinese_national_influenza_center
B/Zhejiang-Jiashan/33/2022	zhejiang_provincial_center_for_disease_control_and_prevention	jiaxing_center_for_disease_control_and_prevention
B/Gansu-Wudou/1183/2021-egg	who_chinese_national_influenza_center	who_chinese_national_influenza_center
B/Shanghai-Qingpu/1658/2021-egg	who_chinese_national_influenza_center	who_chinese_national_influenza_center
B/Zhejiang-Xiacheng/11085/2021-egg	ns	seasonal_vic
B/Zhejiang-Xiacheng/11085/2021	centers_for_disease_control_and_prevention	who_chinese_national_influenza_center
B/Shanghai-Huangpu/1922/2021-egg	who_chinese_national_influenza_center	who_chinese_national_influenza_center
B/Shanghai-Huangpu/1922/2021	who_chinese_national_influenza_center	who_chinese_national_influenza_center
B/Shanghai-Jingan/12767/2021-egg	who_chinese_national_influenza_center	who_chinese_national_influenza_center
B/Shanghai-Changning/1900/2021-egg	who_chinese_national_influenza_center	who_chinese_national_influenza_center
B/Hainan-Meilan/311/2021-egg	who_chinese_national_influenza_center	who_chinese_national_influenza_center
B/Hainan-Meilan/31/2021-egg	who_chinese_national_influenza_center	who_chinese_national_influenza_center
B/Hainan-Meilan/32/2021-egg	who_chinese_national_influenza_center	who_chinese_national_influenza_center
B/Hainan-Meilan/32/2021	who_chinese_national_influenza_center	who_chinese_national_influenza_center
B/Hainan-Meilan/316/2021-egg	who_chinese_national_influenza_center	who_chinese_national_influenza_center
B/Hubei-Zengdou/37/2021-egg	centers_for_disease_control_and_prevention	who_chinese_national_influenza_center
B/Hubei-Zengdou/37/2021	centers_for_disease_control_and_prevention	who_chinese_national_influenza_center
B/Montana/2/2022	centers_for_disease_control_and_prevention	montana_laboratory_services_bureau
B/Montana/1/2022	centers_for_disease_control_and_prevention	montana_laboratory_services_bureau
B/Guangdong-Dongwanbendi/1674/2021-egg	who_chinese_national_influenza_center	who_chinese_national_influenza_center
B/Hubei-Duodao/511/2021-egg	who_chinese_national_influenza_center	who_chinese_national_influenza_center
B/Texas/43/2019	centers_for_disease_control_and_prevention	texas_department_of_state_health_services_laboratory_services
B/Gansu-Baiyin/1269/2021	who_chinese_national_influenza_center	who_chinese_national_influenza_center
B/Jiangxi-Zhanggong/324/2021	who_chinese_national_influenza_center	who_chinese_national_influenza_center
B/Gansu-Minxian/337/2021	who_chinese_national_influenza_center	who_chinese_national_influenza_center
B/Gansu-Baiyin/1269/2021-egg	who_chinese_national_influenza_center	who_chinese_national_influenza_center
B/Zhejiang-Jiaojiang/1209/2021-egg	who_chinese_national_influenza_center	who_chinese_national_influenza_center
B/Gansu-Baiyin/1281/2021-egg	who_chinese_national_influenza_center	who_chinese_national_influenza_center
B/Jiangsu-Suzhou/LJY/2022	suzhou_center_for_disease_prevention_and_control	suzhou_center_for_disease_prevention_and_control
B/Jiangsu-Suzhou/SZM/2022	suzhou_center_for_disease_prevention_and_control	suzhou_center_for_disease_prevention_and_control
B/Jiangsu-Suzhou/12A15/2021	suzhou_center_for_disease_prevention_and_control	suzhou_center_for_disease_prevention_and_control
B/Jiangsu-Suzhou/11-1123A23/2021	suzhou_center_for_disease_prevention_and_control	suzhou_center_for_disease_prevention_and_control
B/Jiangsu-Suzhou/11-1123A22/2021	suzhou_center_for_disease_prevention_and_control	suzhou_center_for_disease_prevention_and_control
B/Gansu-Linxia/1558/2021	who_chinese_national_influenza_center	who_chinese_national_influenza_center
B/Zhejiang-Nanhu/1411/2022	zhejiang_provincial_center_for_disease_control_and_prevention	jiaxing_center_for_disease_control_and_prevention
B/Gansu-Jingyuan/1410/2021-egg	who_chinese_national_influenza_center	who_chinese_national_influenza_center
B/Jiangsu-Suzhou/SXY/2022	suzhou_center_for_disease_prevention_and_control	suzhou_center_for_disease_prevention_and_control
B/Jiangsu-Suzhou/CML/2022	suzhou_center_for_disease_prevention_and_control	suzhou_center_for_disease_prevention_and_control
B/Hunan-Beihu/1596/2021-egg	who_chinese_national_influenza_center	who_chinese_national_influenza_center
B/Hunan-Beihu/1542/2021-egg	who_chinese_national_influenza_center	who_chinese_national_influenza_center
B/Guangdong-Renhua/34/2021-egg	who_chinese_national_influenza_center	who_chinese_national_influenza_center
B/Guangdong-Zhenjiang/1516/2021-egg	who_chinese_national_influenza_center	who_chinese_national_influenza_center
B/Guangdong-Zhenjiang/1516/2021	who_chinese_national_influenza_center	who_chinese_national_influenza_center
B/Guangdong-Zhenjiang/1485/2021-egg	who_chinese_national_influenza_center	who_chinese_national_influenza_center
B/Texas/43/2019-egg	centers_for_disease_control_and_prevention	texas_department_of_state_health_services_laboratory_services
B/Hunan-Yuhu/1245/2021-egg	who_chinese_national_influenza_center	who_chinese_national_influenza_center
B/Hunan-Louxin/1171/2021-egg	who_chinese_national_influenza_center	who_chinese_national_influenza_center
B/HubeiWujiagang/1782/2021-egg	who_chinese_national_influenza_center	who_chinese_national_influenza_center
B/Gansu-Baiyin/1281/2021	who_chinese_national_influenza_center	who_chinese_national_influenza_center
B/Jiangxi-Zhushan/1203/2021-egg	who_chinese_national_influenza_center	who_chinese_national_influenza_center
B/Gansu-Wudou/1184/2021	who_chinese_national_influenza_center	who_chinese_national_influenza_center
B/Zhejiang-Nanhu/1522/2022	zhejiang_provincial_center_for_disease_control_and_prevention	jiaxing_center_for_disease_control_and_prevention
B/Zhejiang-Nanhu/1189/2022	zhejiang_provincial_center_for_disease_control_and_prevention	jiaxing_center_for_disease_control_and_prevention
B/Shanghai-Chongming/38/2021-egg	centers_for_disease_control_and_prevention	who_chinese_national_influenza_center
B/Shanghai-Chongming/38/2021	centers_for_disease_control_and_prevention	who_chinese_national_influenza_center
B/Shaanxi-Baota/1278/2022-egg	ns	seasonal_vic
B/Shaanxi-Baota/1278/2022	centers_for_disease_control_and_prevention	who_chinese_national_influenza_center
B/Gansu-Wudou/1184/2021-egg	who_chinese_national_influenza_center	who_chinese_national_influenza_center
B/Gansu-Wudou/1183/2021	who_chinese_national_influenza_center	who_chinese_national_influenza_center
B/Jiangxi-Donghu/11455/2021	who_chinese_national_influenza_center	who_chinese_national_influenza_center
B/Hubei-Jiangan/1555/2021-egg	who_chinese_national_influenza_center	who_chinese_national_influenza_center
B/Guangdong-Xiangzhou/8316/2022-egg	centers_for_disease_control_and_prevention	who_chinese_national_influenza_center
B/Guangdong-Xiangzhou/11487/2022	centers_for_disease_control_and_prevention	who_chinese_national_influenza_center
B/Hunan-Yanfeng/1205/2021-egg	who_chinese_national_influenza_center	who_chinese_national_influenza_center
B/Hunan-Yanfeng/1205/2021	who_chinese_national_influenza_center	who_chinese_national_influenza_center
B/Hubei-Qiaokou/1178/2021-egg	who_chinese_national_influenza_center	who_chinese_national_influenza_center
B/Hubei-Qiaokou/1425/2021-egg	who_chinese_national_influenza_center	who_chinese_national_influenza_center
B/Zhejiang-Cixi/2473/2021	who_chinese_national_influenza_center	who_chinese_national_influenza_center
B/Hubei-Jingzhou/311/2021-egg	who_chinese_national_influenza_center	who_chinese_national_influenza_center
B/Hubei-Dongxihu/2144/2021-egg	who_chinese_national_influenza_center	who_chinese_national_influenza_center
B/Hubei-Qiaokou/1178/2021	who_chinese_national_influenza_center	who_chinese_national_influenza_center
B/Hubei-Jiangan/1555/2021	who_chinese_national_influenza_center	who_chinese_national_influenza_center
B/Nigeria/4482/2020	centers_for_disease_control_and_prevention	ncdc_public_health_reference_laboratory
B/RhodeIsland/1/2019-egg	centers_for_disease_control_and_prevention	rhode_island_department_of_health
B/RhodeIsland/1/2019	centers_for_disease_control_and_prevention	rhode_island_department_of_health
B/Bangladesh/1736/2019	centers_for_disease_control_and_prevention	institute_of_epidemiology_disease_control_and_research_(iedcr)_&_bangladesh_national_influenza_centre_(nic)
B/Nigeria/3343/2018	centers_for_disease_control_and_prevention	national_influenza_reference_laboratory
B/Victoria/2113/2019-egg	who_collaborating_centre_for_reference_and_research_on_influenza	alfred_hospital
B/Bangladesh/522/2020	centers_for_disease_control_and_prevention	institute_of_epidemiology_disease_control_and_research_(iedcr)_&_bangladesh_national_influenza_centre_(nic)
B/Bangladesh/524/2019	centers_for_disease_control_and_prevention	institute_of_epidemiology_disease_control_and_research_(iedcr)_&_bangladesh_national_influenza_centre_(nic)
B/Bangladesh/1017/2019	centers_for_disease_control_and_prevention	icddr,b_international_centre_for_diarrhoeal_disease_research,_bangladesh
B/Bangladesh/1733/2019	centers_for_disease_control_and_prevention	institute_of_epidemiology_disease_control_and_research_(iedcr)_&_bangladesh_national_influenza_centre_(nic)
B/CoteDIvoire/948/2020-egg	centers_for_disease_control_and_prevention	pasteur_institut_of_côte_d'ivoire
B/Nigeria/3337/2018	centers_for_disease_control_and_prevention	national_influenza_reference_laboratory
B/Ekaterinburg/RII-129S/2020	who_national_influenza_centre_russian_federation	ekaterinburg_research_institute_of_viral_infections
B/Bangladesh/3191003002/2019	centers_for_disease_control_and_prevention	icddr,b_international_centre_for_diarrhoeal_disease_research,_bangladesh
B/Bangladesh/1190413002/2019	centers_for_disease_control_and_prevention	icddr,b_international_centre_for_diarrhoeal_disease_research,_bangladesh
B/Victoria/2110/2019-egg	who_collaborating_centre_for_reference_and_research_on_influenza	alfred_hospital
B/Bhutan/1177/2020	centers_for_disease_control_and_prevention	royal_centre_for_disease_control
B/Niger/6134/2018-egg	centers_for_disease_control_and_prevention	centre_de_recherche_medicale_et_sanitaire_(cermes)
B/Niger/6134/2018	centers_for_disease_control_and_prevention	centre_de_recherche_medicale_et_sanitaire_(cermes)
B/Bangladesh/447/2019	centers_for_disease_control_and_prevention	institute_of_epidemiology_disease_control_and_research_(iedcr)_&_bangladesh_national_influenza_centre_(nic)
B/CoteDIvoire/274/2019	centers_for_disease_control_and_prevention	pasteur_institut_of_côte_d'ivoire
B/Sichuan-Jingyang/12048/2019-egg	centers_for_disease_control_and_prevention	who_chinese_national_influenza_center
B/Sichuan-Jingyang/12048/2019	centers_for_disease_control_and_prevention	who_chinese_national_influenza_center
B/Bangladesh/1190413025/2019	centers_for_disease_control_and_prevention	icddr,b_international_centre_for_diarrhoeal_disease_research,_bangladesh
B/Bhutan/862/2020	centers_for_disease_control_and_prevention	royal_centre_for_disease_control
B/Bangladesh/2002/2019	centers_for_disease_control_and_prevention	icddr,b_international_centre_for_diarrhoeal_disease_research,_bangladesh
B/Bhutan/1602/2020	centers_for_disease_control_and_prevention	royal_centre_for_disease_control
B/Bhutan/1132/2020	centers_for_disease_control_and_prevention	royal_centre_for_disease_control
B/Brazil/3683/2020	centers_for_disease_control_and_prevention	instituto_adolfo_lutz
B/Henan-Zhongyuan/1291/2021-egg	who_chinese_national_influenza_center	who_chinese_national_influenza_center
B/Henan-Zhongyuan/1291/2021	who_chinese_national_influenza_center	who_chinese_national_influenza_center
B/Sichuan-Gaoxin/1534/2021-egg	who_chinese_national_influenza_center	who_chinese_national_influenza_center
B/Jiangxi-Donghu/1751/2021-egg	who_chinese_national_influenza_center	who_chinese_national_influenza_center
B/Jiangxi-Donghu/1751/2021	who_chinese_national_influenza_center	who_chinese_national_influenza_center
B/Hunan-Yuhua/1170/2021-egg	who_chinese_national_influenza_center	who_chinese_national_influenza_center
B/Guizhou-Douyun/141/2021-egg	who_chinese_national_influenza_center	who_chinese_national_influenza_center
B/Guizhou-Douyun/11113/2020-egg	who_chinese_national_influenza_center	who_chinese_national_influenza_center
B/Guizhou-Kaili/11079/2020-egg	who_chinese_national_influenza_center	who_chinese_national_influenza_center
B/Guizhou-Douyun/18/2021	who_chinese_national_influenza_center	who_chinese_national_influenza_center
B/Guizhou-Huichuan/125/2021-egg	who_chinese_national_influenza_center	who_chinese_national_influenza_center
B/Hubei-Qiaokou/223/2021-egg	who_chinese_national_influenza_center	who_chinese_national_influenza_center
B/Hubei-Qiaokou/223/2021	who_chinese_national_influenza_center	who_chinese_national_influenza_center
B/Guizhou-Douyun/138/2021-egg	who_chinese_national_influenza_center	who_chinese_national_influenza_center
B/Guizhou-Douyun/138/2021	who_chinese_national_influenza_center	who_chinese_national_influenza_center
B/Guizhou-Douyun/110/2021-egg	who_chinese_national_influenza_center	who_chinese_national_influenza_center
B/Guizhou-Huichuan/11042/2020	who_chinese_national_influenza_center	who_chinese_national_influenza_center
B/Hebei-Cixian/1644/2021	who_chinese_national_influenza_center	who_chinese_national_influenza_center
B/HubeiWujiagang/1299/2021	who_chinese_national_influenza_center	who_chinese_national_influenza_center
B/Hunan-Kaifu/126/2021	who_chinese_national_influenza_center	who_chinese_national_influenza_center
B/Guizhou-Douyun/11092/2020-egg	who_chinese_national_influenza_center	who_chinese_national_influenza_center
B/Guizhou-Douyun/11092/2020	who_chinese_national_influenza_center	who_chinese_national_influenza_center
B/Jiangxi-Yushui/3104/2020	who_chinese_national_influenza_center	who_chinese_national_influenza_center
B/Guangdong-Futian/1748/2021-egg	who_chinese_national_influenza_center	who_chinese_national_influenza_center
B/Guizhou-Kaili/344/2020-egg	who_chinese_national_influenza_center	who_chinese_national_influenza_center
B/Guizhou-Kaili/11085/2020-egg	who_chinese_national_influenza_center	who_chinese_national_influenza_center
B/Guizhou-Douyun/112/2021	who_chinese_national_influenza_center	who_chinese_national_influenza_center
B/Guizhou-Kaili/347/2020-egg	who_chinese_national_influenza_center	who_chinese_national_influenza_center
B/Guizhou-Kaili/345/2020-egg	who_chinese_national_influenza_center	who_chinese_national_influenza_center
B/Jiangxi-Xihu/1218/2021-egg	who_chinese_national_influenza_center	who_chinese_national_influenza_center
B/Jiangxi-Xihu/1218/2021	who_chinese_national_influenza_center	who_chinese_national_influenza_center
B/Rencheng/1291/2022	jining_center_for_disease_control_and_prevention	_jining_center_for_disease_control_and_prevention
B/Rencheng/1125/2022	jining_center_for_disease_control_and_prevention	_jining_center_for_disease_control_and_prevention
B/Rencheng/1210/2022	jining_center_for_disease_control_and_prevention	_jining_center_for_disease_control_and_prevention
B/Rencheng/1115/2022	jining_center_for_disease_control_and_prevention	_jining_center_for_disease_control_and_prevention
B/Rencheng/1128/2022	jining_center_for_disease_control_and_prevention	_jining_center_for_disease_control_and_prevention
B/Rencheng/1122/2022	jining_center_for_disease_control_and_prevention	_jining_center_for_disease_control_and_prevention
B/HubeiWujiagang/1299/2021-egg	who_chinese_national_influenza_center	who_chinese_national_influenza_center
B/Gansu-Linxia/1558/2021-egg	who_chinese_national_influenza_center	who_chinese_national_influenza_center
B/Guangdong-Maonan/316/2021-egg	ns	seasonal_vic
B/Guangdong-Maonan/316/2021	centers_for_disease_control_and_prevention	who_chinese_national_influenza_center
B/Guizhou-Douyun/16/2021-egg	who_chinese_national_influenza_center	who_chinese_national_influenza_center
B/Guizhou-Kaili/11090/2020-egg	who_chinese_national_influenza_center	who_chinese_national_influenza_center
B/Sichuan-Gaoxin/1701/2021-egg	who_chinese_national_influenza_center	who_chinese_national_influenza_center
B/Sichuan-Gaoxin/1701/2021	who_chinese_national_influenza_center	who_chinese_national_influenza_center
B/Sichuan-Gaoxin/1667/2021-egg	who_chinese_national_influenza_center	who_chinese_national_influenza_center
B/Qinghai-Yushu/194/2021-egg	who_chinese_national_influenza_center	who_chinese_national_influenza_center
B/Jiangxi-Yushui/375/2020	who_chinese_national_influenza_center	who_chinese_national_influenza_center
B/Jiangxi-Yushui/343/2020	who_chinese_national_influenza_center	who_chinese_national_influenza_center
B/Jiangxi-Yushui/382/2020	who_chinese_national_influenza_center	who_chinese_national_influenza_center
B/Jiangxi-Donghu/12119/2020	who_chinese_national_influenza_center	who_chinese_national_influenza_center
B/Jiangxi-Donghu/12132/2020	who_chinese_national_influenza_center	who_chinese_national_influenza_center
B/Jiangxi-Guixi/14/2021	who_chinese_national_influenza_center	who_chinese_national_influenza_center
B/Jiangxi-Guixi/11159/2020	who_chinese_national_influenza_center	who_chinese_national_influenza_center
B/Jiangxi-Donghu/12097/2020	who_chinese_national_influenza_center	who_chinese_national_influenza_center
B/Jiangxi-Donghu/12107/2020	who_chinese_national_influenza_center	who_chinese_national_influenza_center
B/Jiangxi-Donghu/126/2021	who_chinese_national_influenza_center	who_chinese_national_influenza_center
B/Hunan-Tianyuan/386/2021-egg	who_chinese_national_influenza_center	who_chinese_national_influenza_center
B/Jiangxi-Qingyunpu/312/2020	who_chinese_national_influenza_center	who_chinese_national_influenza_center
B/Jiangxi-Linchuan/1197/2021-egg	who_chinese_national_influenza_center	who_chinese_national_influenza_center
B/Jiangxi-Yushui/384/2020	who_chinese_national_influenza_center	who_chinese_national_influenza_center
B/Jiangxi-Yushui/3118/2020	who_chinese_national_influenza_center	who_chinese_national_influenza_center
B/Jiangxi-Zhushan/1164/2021	centers_for_disease_control_and_prevention	who_chinese_national_influenza_center
B/Jiangxi-Yushui/392/2020	who_chinese_national_influenza_center	who_chinese_national_influenza_center
B/Jiangxi-Yushui/379/2020	who_chinese_national_influenza_center	who_chinese_national_influenza_center
B/Guizhou-Huichuan/1175/2021	who_chinese_national_influenza_center	who_chinese_national_influenza_center
B/Shanghai-Changning/1249/2021-egg	who_chinese_national_influenza_center	who_chinese_national_influenza_center
B/Fujian-Jianou/324/2021-egg	who_chinese_national_influenza_center	who_chinese_national_influenza_center
B/Zhejiang-Nanhu/1184/2021-egg	who_chinese_national_influenza_center	who_chinese_national_influenza_center
B/Guizhou-Douyun/18/2021-egg	who_chinese_national_influenza_center	who_chinese_national_influenza_center
B/Guizhou-Douyun/137/2021-egg	who_chinese_national_influenza_center	who_chinese_national_influenza_center
B/Sichuan-Fucheng/1868/2021	who_chinese_national_influenza_center	who_chinese_national_influenza_center
B/Sichuan-Fucheng/1868/2021-egg	who_chinese_national_influenza_center	who_chinese_national_influenza_center
B/Hubei-Xianan/545/2021-egg	who_chinese_national_influenza_center	who_chinese_national_influenza_center
B/Hubei-Xianan/545/2021	who_chinese_national_influenza_center	who_chinese_national_influenza_center
B/Hubei-Chongyang/215/2021-egg	who_chinese_national_influenza_center	who_chinese_national_influenza_center
B/Hubei-Chongyang/286/2021-egg	who_chinese_national_influenza_center	who_chinese_national_influenza_center
B/Hubei-Chongyang/286/2021	who_chinese_national_influenza_center	who_chinese_national_influenza_center
B/Guangdong-Yuncheng/1502/2021-egg	who_chinese_national_influenza_center	who_chinese_national_influenza_center
B/Guizhou-Huichuan/1251/2021-egg	who_chinese_national_influenza_center	who_chinese_national_influenza_center
B/Guizhou-Kaili/11098/2020-egg	who_chinese_national_influenza_center	who_chinese_national_influenza_center
B/Guizhou-Kaili/11104/2020-egg	who_chinese_national_influenza_center	who_chinese_national_influenza_center
B/Guizhou-Douyun/11103/2020	who_chinese_national_influenza_center	who_chinese_national_influenza_center
B/Shandong-Tianqiao/179/2021-egg	who_chinese_national_influenza_center	who_chinese_national_influenza_center
B/Hubei-Xianan/1164/2021-egg	who_chinese_national_influenza_center	who_chinese_national_influenza_center
B/Guizhou-Kaili/11071/2020-egg	who_chinese_national_influenza_center	who_chinese_national_influenza_center
B/Jiangxi-Xinzhou/1186/2021	who_chinese_national_influenza_center	who_chinese_national_influenza_center
B/Guizhou-Douyun/120/2021-egg	who_chinese_national_influenza_center	who_chinese_national_influenza_center
B/Jiangxi-Xinzhou/1186/2021-egg	who_chinese_national_influenza_center	who_chinese_national_influenza_center
B/HubeiWujiagang/185/2021-egg	who_chinese_national_influenza_center	who_chinese_national_influenza_center
B/Guizhou-Huichuan/1175/2021-egg	who_chinese_national_influenza_center	who_chinese_national_influenza_center
B/Jiangxi-Donghu/1135/2021	who_chinese_national_influenza_center	who_chinese_national_influenza_center
B/Jiangxi-Zhushan/1769/2020	who_chinese_national_influenza_center	who_chinese_national_influenza_center
B/Sichuan-Gaoxin/1591/2021-egg	who_chinese_national_influenza_center	who_chinese_national_influenza_center
B/Sichuan-Gaoxin/1591/2021	who_chinese_national_influenza_center	who_chinese_national_influenza_center
B/Guangdong-Zhenjiang/1193/2021-egg	who_chinese_national_influenza_center	who_chinese_national_influenza_center
B/Neimenggu-Donghe/1330/2021-egg	who_chinese_national_influenza_center	who_chinese_national_influenza_center
B/Neimenggu-Donghe/1323/2021-egg	who_chinese_national_influenza_center	who_chinese_national_influenza_center
B/Guizhou-Douyun/318/2020-egg	who_chinese_national_influenza_center	who_chinese_national_influenza_center
B/Hunan-Yanfeng/1309/2021-egg	who_chinese_national_influenza_center	who_chinese_national_influenza_center
B/Guizhou-Douyun/112/2021-egg	who_chinese_national_influenza_center	who_chinese_national_influenza_center
B/Hubei-Jiangan/1224/2021-egg	who_chinese_national_influenza_center	who_chinese_national_influenza_center
B/Hubei-Jiangan/1224/2021	who_chinese_national_influenza_center	who_chinese_national_influenza_center
B/Shandong-Linshu/312/2021-egg	who_chinese_national_influenza_center	who_chinese_national_influenza_center
B/HubeiWujiagang/1375/2021	who_chinese_national_influenza_center	who_chinese_national_influenza_center
B/Jiangxi-Xinzhou/1157/2021	who_chinese_national_influenza_center	who_chinese_national_influenza_center
B/Jiangxi-Xihu/1356/2021-egg	who_chinese_national_influenza_center	who_chinese_national_influenza_center
B/Hubei-Qiaokou/124/2021	who_chinese_national_influenza_center	who_chinese_national_influenza_center
B/Hubei-Qiaokou/124/2021-egg	who_chinese_national_influenza_center	who_chinese_national_influenza_center
B/Hubei-Qiaokou/113/2021-egg	who_chinese_national_influenza_center	who_chinese_national_influenza_center
B/Hubei-Qiaokou/113/2021	who_chinese_national_influenza_center	who_chinese_national_influenza_center
B/Hubei-Qiaokou/21/2021-egg	who_chinese_national_influenza_center	who_chinese_national_influenza_center
B/Hubei-Qiaokou/21/2021	who_chinese_national_influenza_center	who_chinese_national_influenza_center
B/Hunan-Lusong/1232/2021-egg	who_chinese_national_influenza_center	who_chinese_national_influenza_center
B/Hubei-Xianan/1346/2021-egg	who_chinese_national_influenza_center	who_chinese_national_influenza_center
B/Fujian-Sanyuan/2541/2021	who_chinese_national_influenza_center	who_chinese_national_influenza_center
B/Zhejiang-Yongkang/1370/2021	who_chinese_national_influenza_center	who_chinese_national_influenza_center
B/Guizhou-Douyun/198/2021-egg	who_chinese_national_influenza_center	who_chinese_national_influenza_center
B/Hubei-Xianan/31/2021	who_chinese_national_influenza_center	who_chinese_national_influenza_center
B/Jiangxi-Donghu/32/2021	who_chinese_national_influenza_center	who_chinese_national_influenza_center
B/Jiangxi-Donghu/311/2021	who_chinese_national_influenza_center	who_chinese_national_influenza_center
B/Jiangxi-Xihu/33/2020	who_chinese_national_influenza_center	who_chinese_national_influenza_center
B/Jiangxi-Yushui/11038/2020	who_chinese_national_influenza_center	who_chinese_national_influenza_center
B/Guizhou-Douyun/120/2021	who_chinese_national_influenza_center	who_chinese_national_influenza_center
B/Sichuan-Qingyang/1885/2021-egg	who_chinese_national_influenza_center	who_chinese_national_influenza_center
B/Sichuan-Qingyang/1885/2021	who_chinese_national_influenza_center	who_chinese_national_influenza_center
B/Guizhou-Douyun/153/2021	who_chinese_national_influenza_center	who_chinese_national_influenza_center
B/Guangxi-Hengxian/310/2020	who_chinese_national_influenza_center	who_chinese_national_influenza_center
B/Hubei-Xiling/1280/2021	who_chinese_national_influenza_center	who_chinese_national_influenza_center
B/Hubei-Xianan/180/2021-egg	who_chinese_national_influenza_center	who_chinese_national_influenza_center
B/Hubei-Xianan/1164/2021	who_chinese_national_influenza_center	who_chinese_national_influenza_center
B/Guizhou-Kaili/17/2021-egg	who_chinese_national_influenza_center	who_chinese_national_influenza_center
B/Guizhou-Douyun/1104/2021-egg	who_chinese_national_influenza_center	who_chinese_national_influenza_center
B/Guizhou-Kaili/11089/2020	who_chinese_national_influenza_center	who_chinese_national_influenza_center
B/Hunan-Yanfeng/1309/2021	who_chinese_national_influenza_center	who_chinese_national_influenza_center
B/Guizhou/13587/2020	who_chinese_national_influenza_center	who_chinese_national_influenza_center
B/Hunan-Kaifu/126/2021-egg	who_chinese_national_influenza_center	who_chinese_national_influenza_center
B/Guizhou-Kaili/348/2020-egg	who_chinese_national_influenza_center	who_chinese_national_influenza_center
B/Guizhou-Kaili/11077/2020-egg	who_chinese_national_influenza_center	who_chinese_national_influenza_center
B/Guizhou-Kaili/11102/2020-egg	who_chinese_national_influenza_center	who_chinese_national_influenza_center
B/Zhejiang-Yuecheng/1279/2021-egg	who_chinese_national_influenza_center	who_chinese_national_influenza_center
B/Zhejiang-Nanhu/1184/2021	who_chinese_national_influenza_center	who_chinese_national_influenza_center
B/Fujian-Jianou/324/2021	who_chinese_national_influenza_center	who_chinese_national_influenza_center
B/Guizhou-Kaili/11069/2020-egg	who_chinese_national_influenza_center	who_chinese_national_influenza_center
B/Ningxia-Shapotou/1174/2021-egg	who_chinese_national_influenza_center	who_chinese_national_influenza_center
B/Shandong-Kuiwen/361/2021-egg	who_chinese_national_influenza_center	who_chinese_national_influenza_center
B/Shandong-Kuiwen/361/2021	who_chinese_national_influenza_center	who_chinese_national_influenza_center
B/Ningxia-Shapotou/1200/2021-egg	who_chinese_national_influenza_center	who_chinese_national_influenza_center
B/Hunan-Yuhua/1334/2021-egg	who_chinese_national_influenza_center	who_chinese_national_influenza_center
B/Hunan-Yuhua/1334/2021	who_chinese_national_influenza_center	who_chinese_national_influenza_center
B/Ningxia-Shapotou/1200/2021	who_chinese_national_influenza_center	who_chinese_national_influenza_center
B/Ningxia-Shapotou/1226/2021-egg	who_chinese_national_influenza_center	who_chinese_national_influenza_center
B/Guangdong-Pengjiang/1903/2021-egg	who_chinese_national_influenza_center	who_chinese_national_influenza_center
B/Henan-Shanyang/37/2021-egg	centers_for_disease_control_and_prevention	who_chinese_national_influenza_center
B/Henan-Shanyang/311/2021	who_chinese_national_influenza_center	who_chinese_national_influenza_center
B/Henan-Shanyang/311/2021-egg	who_chinese_national_influenza_center	who_chinese_national_influenza_center
B/Henan-Shanyang/37/2021	who_chinese_national_influenza_center	who_chinese_national_influenza_center
B/Guangdong-Chikan/1877/2021-egg	centers_for_disease_control_and_prevention	who_chinese_national_influenza_center
B/Guangdong-Chikan/1877/2021	centers_for_disease_control_and_prevention	who_chinese_national_influenza_center
B/Sichuan-Qingyang/11361/2021-egg	who_chinese_national_influenza_center	who_chinese_national_influenza_center
B/Sichuan-Qingyang/11361/2021	who_chinese_national_influenza_center	who_chinese_national_influenza_center
B/Hunan-Yuhua/1404/2021-egg	who_chinese_national_influenza_center	who_chinese_national_influenza_center
B/Guizhou-Huichuan/1251/2021	who_chinese_national_influenza_center	who_chinese_national_influenza_center
B/Guizhou-Douyun/317/2020-egg	who_chinese_national_influenza_center	who_chinese_national_influenza_center
B/Guizhou-Huichuan/125/2021	who_chinese_national_influenza_center	who_chinese_national_influenza_center
B/Guizhou-Huichuan/1158/2021	who_chinese_national_influenza_center	who_chinese_national_influenza_center
B/Hunan-Yuhua/1170/2021	who_chinese_national_influenza_center	who_chinese_national_influenza_center
B/Guizhou-Majiang/31/2020	who_chinese_national_influenza_center	who_chinese_national_influenza_center
B/HubeiWujiagang/185/2021	who_chinese_national_influenza_center	who_chinese_national_influenza_center
B/Guizhou-Douyun/17/2021-egg	who_chinese_national_influenza_center	who_chinese_national_influenza_center
B/HubeiWujiagang/1411/2021-egg	who_chinese_national_influenza_center	who_chinese_national_influenza_center
B/HubeiWujiagang/1411/2021	who_chinese_national_influenza_center	who_chinese_national_influenza_center
B/Jiangxi-Zhushan/1104/2021-egg	who_chinese_national_influenza_center	who_chinese_national_influenza_center
B/Hubei-Xianan/31/2021-egg	who_chinese_national_influenza_center	who_chinese_national_influenza_center
B/Guizhou-Kaili/11089/2020-egg	who_chinese_national_influenza_center	who_chinese_national_influenza_center
B/Jiangxi-Donghu/11264/2020	who_chinese_national_influenza_center	who_chinese_national_influenza_center
B/Yunnan-Chuxiong/1928/2021	who_chinese_national_influenza_center	who_chinese_national_influenza_center
B/Jiangxi-Zhushan/1161/2021-egg	who_chinese_national_influenza_center	who_chinese_national_influenza_center
B/Jiangxi-Zhushan/1161/2021	who_chinese_national_influenza_center	who_chinese_national_influenza_center
B/Shandong-Ningjin/310/2021-egg	who_chinese_national_influenza_center	who_chinese_national_influenza_center
B/Shandong-Ningjin/310/2021	who_chinese_national_influenza_center	who_chinese_national_influenza_center
B/Shandong-Ningjin/32/2021	who_chinese_national_influenza_center	who_chinese_national_influenza_center
B/Shandong-Ningjin/33/2021	who_chinese_national_influenza_center	who_chinese_national_influenza_center
B/Shandong-Ningjin/31/2021-egg	who_chinese_national_influenza_center	who_chinese_national_influenza_center
B/Shandong-Ningjin/33/2021-egg	who_chinese_national_influenza_center	who_chinese_national_influenza_center
B/Shandong-Ningjin/32/2021-egg	who_chinese_national_influenza_center	who_chinese_national_influenza_center
B/Shandong-Ningjin/31/2021	who_chinese_national_influenza_center	who_chinese_national_influenza_center
B/Hubei-Xiling/1280/2021-egg	who_chinese_national_influenza_center	who_chinese_national_influenza_center
B/Guizhou-Kaili/346/2020-egg	who_chinese_national_influenza_center	who_chinese_national_influenza_center
B/Guizhou-Kaili/13/2021-egg	who_chinese_national_influenza_center	who_chinese_national_influenza_center
B/Hunan-Daxiang/1465/2021	who_chinese_national_influenza_center	who_chinese_national_influenza_center
B/Guizhou-Douyun/11113/2020	who_chinese_national_influenza_center	who_chinese_national_influenza_center
B/Fujian-Yanping/11232/2021-egg	who_chinese_national_influenza_center	who_chinese_national_influenza_center
B/Guizhou-Huichuan/1158/2021-egg	who_chinese_national_influenza_center	who_chinese_national_influenza_center
B/Guizhou-Douyun/16/2021	who_chinese_national_influenza_center	who_chinese_national_influenza_center
B/Hubei-Xianan/1346/2021	who_chinese_national_influenza_center	who_chinese_national_influenza_center
B/Shandong-Linshu/312/2021	who_chinese_national_influenza_center	who_chinese_national_influenza_center
B/Fujian-Sanyuan/2541/2021-egg	who_chinese_national_influenza_center	who_chinese_national_influenza_center
B/Hunan-Lusong/1232/2021	who_chinese_national_influenza_center	who_chinese_national_influenza_center
B/Guizhou-Douyun/17/2021	who_chinese_national_influenza_center	who_chinese_national_influenza_center
B/HubeiWujiagang/1375/2021-egg	who_chinese_national_influenza_center	who_chinese_national_influenza_center
B/Guizhou-Douyun/142/2021-egg	who_chinese_national_influenza_center	who_chinese_national_influenza_center
B/Neimenggu-Dongsheng/1276/2021-egg	who_chinese_national_influenza_center	who_chinese_national_influenza_center
B/Neimenggu-Dongsheng/1233/2021-egg	who_chinese_national_influenza_center	who_chinese_national_influenza_center
B/Neimenggu-Xincheng/1358/2021-egg	who_chinese_national_influenza_center	who_chinese_national_influenza_center
B/Neimenggu-Dongsheng/1233/2021	who_chinese_national_influenza_center	who_chinese_national_influenza_center
B/Neimenggu-Xincheng/1370/2021-egg	who_chinese_national_influenza_center	who_chinese_national_influenza_center
B/Neimenggu-Xincheng/1370/2021	who_chinese_national_influenza_center	who_chinese_national_influenza_center
B/Hunan-Kaifu/1433/2021-egg	who_chinese_national_influenza_center	who_chinese_national_influenza_center
B/Hunan-Kaifu/1433/2021	who_chinese_national_influenza_center	who_chinese_national_influenza_center
B/Hunan-Yuhua/194/2021	who_chinese_national_influenza_center	who_chinese_national_influenza_center
B/Hubei-Echeng/1322/2021	who_chinese_national_influenza_center	who_chinese_national_influenza_center
B/Hubei-Qiaokou/1334/2021	who_chinese_national_influenza_center	who_chinese_national_influenza_center
B/Hubei-Liangzihu/32/2021	who_chinese_national_influenza_center	who_chinese_national_influenza_center
B/Guangdong-Zhongshan/1225/2021-egg	who_chinese_national_influenza_center	who_chinese_national_influenza_center
B/Beijing-Chaoyang/1540/2022	centers_for_disease_control_and_prevention	who_chinese_national_influenza_center
B/Beijing-Chaoyang/1540/2022-egg	centers_for_disease_control_and_prevention	who_chinese_national_influenza_center
B/Henan-Jinshui/1318/2021-egg	who_chinese_national_influenza_center	who_chinese_national_influenza_center
B/Henan-Jinshui/1318/2021	who_chinese_national_influenza_center	who_chinese_national_influenza_center
B/Henan-Weidong/1952/2023-egg	centers_for_disease_control_and_prevention	who_chinese_national_influenza_center
B/Henan-Weidong/1952/2023	centers_for_disease_control_and_prevention	who_chinese_national_influenza_center
B/Hubei-Echeng/1322/2021-egg	who_chinese_national_influenza_center	who_chinese_national_influenza_center
B/Fujian-Zhangpu/34/2021	who_chinese_national_influenza_center	who_chinese_national_influenza_center
B/Hubei-Qiaokou/1334/2021-egg	who_chinese_national_influenza_center	who_chinese_national_influenza_center
B/Fujian-Zhangpu/318/2021	who_chinese_national_influenza_center	who_chinese_national_influenza_center
B/Fujian-Zhangpu/34/2021-egg	centers_for_disease_control_and_prevention	who_chinese_national_influenza_center
B/Hunan-Yuhua/194/2021-egg	who_chinese_national_influenza_center	who_chinese_national_influenza_center
B/Fujian-Zhangpu/318/2021-egg	who_chinese_national_influenza_center	who_chinese_national_influenza_center
B/Hubei-Liangzihu/32/2021-egg	who_chinese_national_influenza_center	who_chinese_national_influenza_center
B/Hunan-Tianyuan/1345/2021-egg	who_chinese_national_influenza_center	who_chinese_national_influenza_center
B/Hunan-Tianyuan/338/2021-egg	who_chinese_national_influenza_center	who_chinese_national_influenza_center
B/Jiangxi-Yuanzhou/12156/2020	who_chinese_national_influenza_center	who_chinese_national_influenza_center
B/Hubei-Jiangan/1403/2021-egg	who_chinese_national_influenza_center	who_chinese_national_influenza_center
B/Hubei-Jiangan/1403/2021	who_chinese_national_influenza_center	who_chinese_national_influenza_center
B/Hunan-Tianyuan/348/2021-egg	who_chinese_national_influenza_center	who_chinese_national_influenza_center
B/Hunan-Tianyuan/199/2021	who_chinese_national_influenza_center	who_chinese_national_influenza_center
B/Jiangxi-Yuanzhou/12151/2020	who_chinese_national_influenza_center	who_chinese_national_influenza_center
B/Henan-Luolong/174/2021-egg	who_chinese_national_influenza_center	who_chinese_national_influenza_center
B/Jiangxi-Yuanzhou/12159/2020	who_chinese_national_influenza_center	who_chinese_national_influenza_center
B/Henan-Luolong/169/2021-egg	who_chinese_national_influenza_center	who_chinese_national_influenza_center
B/Guangdong-Dongwanbendi/545/2021	who_chinese_national_influenza_center	who_chinese_national_influenza_center
B/Hunan-Zhengxiang/322/2021-egg	who_chinese_national_influenza_center	who_chinese_national_influenza_center
B/Neimenggu-Donghe/1394/2021-egg	who_chinese_national_influenza_center	who_chinese_national_influenza_center
B/Neimenggu-Donghe/1394/2021	who_chinese_national_influenza_center	who_chinese_national_influenza_center
B/Jiangxi-Yuanzhou/12153/2020	who_chinese_national_influenza_center	who_chinese_national_influenza_center
B/Guangdong-Dongwanbendi/545/2021-egg	who_chinese_national_influenza_center	who_chinese_national_influenza_center
B/Jiangxi-Yuanzhou/12137/2020	who_chinese_national_influenza_center	who_chinese_national_influenza_center
B/Hunan-Kaifu/162/2021-egg	who_chinese_national_influenza_center	who_chinese_national_influenza_center
B/Hunan-Zhengxiang/322/2021	who_chinese_national_influenza_center	who_chinese_national_influenza_center
B/Hunan-Kaifu/162/2021	who_chinese_national_influenza_center	who_chinese_national_influenza_center
B/Henan-Luolong/1122/2021-egg	who_chinese_national_influenza_center	who_chinese_national_influenza_center
B/Henan-Luolong/1122/2021	who_chinese_national_influenza_center	who_chinese_national_influenza_center
B/Henan-Luolong/187/2021-egg	who_chinese_national_influenza_center	who_chinese_national_influenza_center
B/Tanzania/2200/2016	centers_for_disease_control_and_prevention	national_influenza_lab
B/StPetersburg/293/2016	centers_for_disease_control_and_prevention	russian_academy_of_medical_sciences
B/Colorado/6/2017-egg	centers_for_disease_control_and_prevention	colorado_department_of_health_lab
B/CostaRica/8330/2017	centers_for_disease_control_and_prevention	laboratorio_nacional_de_influenza
B/Mali/81/2017	centers_for_disease_control_and_prevention	nic_lab_cvd_mali
B/Kentucky/9/2017	other_database_import	kentucky_division_of_laboratory_services
B/Philippines/747/2016	centers_for_disease_control_and_prevention	center_for_medical_microbiology
B/Brazil/496/2016	centers_for_disease_control_and_prevention	oswaldo_cruz_institute___fiocruz___laboratory_of_respiratory_viruses_and_measles_(lvrs)
B/Bangladesh/1013/2016	centers_for_disease_control_and_prevention	institute_of_epidemiology_disease_control_and_research_(iedcr)_&_bangladesh_national_influenza_centre_(nic)
B/Bangladesh/8/2016	centers_for_disease_control_and_prevention	institute_of_epidemiology_disease_control_and_research_(iedcr)_&_bangladesh_national_influenza_centre_(nic)
B/Brazil/2199/2018	centers_for_disease_control_and_prevention	instituto_adolfo_lutz
B/Peru/754817/2017	centers_for_disease_control_and_prevention	us_namru_6
B/Peru/7218/2018	centers_for_disease_control_and_prevention	us_namru_6
B/HongKong/7/2017	centers_for_disease_control_and_prevention	government_virus_unit
B/Chongqing-Banan/1840/2017	centers_for_disease_control_and_prevention	who_chinese_national_influenza_center
B/Zhejiang-Haishu/1280/2018	centers_for_disease_control_and_prevention	who_chinese_national_influenza_center
B/Paraguay/620/2018	centers_for_disease_control_and_prevention	central_laboratory_of_public_health
B/SouthAfrica/10285/2021	centers_for_disease_control_and_prevention	national_institute_for_communicable_disease
B/Kenya/GIHSN-HCL023181303501/2023	cnr_virus_des_infections_respiratoires,_france_sud	kenya_medical_research_institute
B/SouthAfrica/12431/2021	who_collaborating_centre_for_reference_and_research_on_influenza	national_institute_for_communicable_disease
B/Kenya/KHDSS230635/2021		import_from_public_domain
B/Ekaterinburg/RII-02/2021	centers_for_disease_control_and_prevention	russian_academy_of_medical_sciences
B/Ekaterinburg/RII-02V/2021	who_national_influenza_centre_russian_federation	ekaterinburg_research_institute_of_viral_infections
B/Nigeria/4969/2020	centers_for_disease_control_and_prevention	ncdc_public_health_reference_laboratory
B/Togo/879/2020	centers_for_disease_control_and_prevention	institute_national_d'hygiene
B/Ekaterinburg/RII-01/2021	centers_for_disease_control_and_prevention	russian_academy_of_medical_sciences
B/Niger/3860/2023	centers_for_disease_control_and_prevention	centre_de_recherche_medicale_et_sanitaire_(cermes)
B/Congo/60/2023	centers_for_disease_control_and_prevention	inrb_service_de_virologie
B/BadenWurttemberg/11/2023	robert_koch_institute_nationales_referenzzentrum_f?r_influenza	robert_koch_institute_nationales_referenzzentrum_für_influenza
B/Niger/3464/2023	centers_for_disease_control_and_prevention	centre_de_recherche_medicale_et_sanitaire_(cermes)
B/Niger/3380/2023	centers_for_disease_control_and_prevention	centre_de_recherche_medicale_et_sanitaire_(cermes)
B/Maryland/1/2021	centers_for_disease_control_and_prevention	maryland_department_of_health_and_mental_hygiene
B/Niger/8336/2020	centers_for_disease_control_and_prevention	centre_de_recherche_medicale_et_sanitaire_(cermes)
B/Maryland/1/2021-egg	ns	seasonal_vic
B/CoteDIvoire/3469/2023	centers_for_disease_control_and_prevention	pasteur_institut_of_côte_d'ivoire
B/CoteDIvoire/3262/2023	centers_for_disease_control_and_prevention	pasteur_institut_of_côte_d'ivoire
B/BurkinaFaso/2518/2022	centers_for_disease_control_and_prevention	irss
B/BurkinaFaso/1443/2022	centers_for_disease_control_and_prevention	irss
B/Catalonia/NSVH102029194/2023	hospital_universitari_vall_d'hebron	hospital_universitari_vall_d'hebron
B/CoteDIvoire/1965/2022	centers_for_disease_control_and_prevention	pasteur_institut_of_côte_d'ivoire
B/CoteDIvoire/1574/2022	centers_for_disease_control_and_prevention	pasteur_institut_of_côte_d'ivoire
B/BurkinaFaso/1660/2023	centers_for_disease_control_and_prevention	irss
B/BurkinaFaso/2655/2023	centers_for_disease_control_and_prevention	irss
B/BurkinaFaso/2758/2022	centers_for_disease_control_and_prevention	irss
B/CoteDIvoire/3187/2023	centers_for_disease_control_and_prevention	pasteur_institut_of_côte_d'ivoire
B/CoteDIvoire/3519/2023	centers_for_disease_control_and_prevention	pasteur_institut_of_côte_d'ivoire
B/StPetersburg/RII-9319S/2023	who_national_influenza_centre_russian_federation	research_institute_of_influenza,_ministry_of_healthcare_of_the_russian_federation
B/Bangladesh/1231011006/2023	centers_for_disease_control_and_prevention	icddr,b_international_centre_for_diarrhoeal_disease_research,_bangladesh
B/Ceara/2023-009011-IEC/2023	evandro_chagas_institute	evandro_chagas_institute
B/Zhejiang-Haishu/1528/2023-egg	centers_for_disease_control_and_prevention	who_chinese_national_influenza_center
B/Zhejiang-Haishu/1528/2023	centers_for_disease_control_and_prevention	who_chinese_national_influenza_center
B/Chita/RII-10284S/2023	who_national_influenza_centre_russian_federation	research_institute_of_influenza,_ministry_of_healthcare_of_the_russian_federation
B/StPetersburg/RII-11543S/2023	who_national_influenza_centre_russian_federation	research_institute_of_influenza,_ministry_of_healthcare_of_the_russian_federation
B/StPetersburg/RII-5085S/2022	who_national_influenza_centre_russian_federation	research_institute_of_influenza,_ministry_of_healthcare_of_the_russian_federation
B/StPetersburg/RII-62/2023	who_national_influenza_centre_russian_federation	research_institute_of_influenza,_ministry_of_healthcare_of_the_russian_federation
B/StPetersburg/RII-29/2023	who_national_influenza_centre_russian_federation	research_institute_of_influenza,_ministry_of_healthcare_of_the_russian_federation
B/StPetersburg/RII-79/2023	who_national_influenza_centre_russian_federation	research_institute_of_influenza,_ministry_of_healthcare_of_the_russian_federation
B/StPetersburg/RII-9530S/2023	who_national_influenza_centre_russian_federation	research_institute_of_influenza,_ministry_of_healthcare_of_the_russian_federation
B/Khabarovsk/RII-43/2022	who_national_influenza_centre_russian_federation	center_of_hygiene_and_epidemiology_in_khabarovsk_territory
B/StPetersburg/RII-38V/2022	who_national_influenza_centre_russian_federation	research_institute_of_influenza,_ministry_of_healthcare_of_the_russian_federation
B/Bangladesh/3032/2022	centers_for_disease_control_and_prevention	icddr,b_international_centre_for_diarrhoeal_disease_research,_bangladesh
B/France/ARA-HCL022212572801/2022	cnr_virus_des_infections_respiratoires,_france_sud	cnr_virus_des_infections_respiratoires___france_sud
B/Novosibirsk/8287S/2023	who_national_influenza_centre_russian_federation	research_institute_of_experimental_and_clinical_medicine
B/Luga/RII-13238S/2023	who_national_influenza_centre_russian_federation	research_institute_of_influenza,_ministry_of_healthcare_of_the_russian_federation
B/Luga/RII-7965S/2022	who_national_influenza_centre_russian_federation	research_institute_of_influenza,_ministry_of_healthcare_of_the_russian_federation
B/France/ARA-HCL022186569701/2022	cnr_virus_des_infections_respiratoires,_france_sud	cnr_virus_des_infections_respiratoires___france_sud
B/Bulgaria/953/2023	centers_for_disease_control_and_prevention	national_influenza_laboratory,_natl._center_of_inf._&_parasitic_dis
B/Colorado/2/2022	centers_for_disease_control_and_prevention	colorado_department_of_health_lab
B/Peru/1237Aaefb/2023	centers_for_disease_control_and_prevention	laboratorio_de_referencia_nacional_virus_respiratorios,_instituto_nacional_de_salud
B/Krasnoyarsk/4/2023	who_national_influenza_centre_russian_federation	center_of_hygiene_and_epidemiology_in_krasnoyarsk_krai
B/France/ARA-HCL023046924001/2023	cnr_virus_des_infections_respiratoires,_france_sud	cnr_virus_des_infections_respiratoires___france_sud
B/Colorado/4/2022	centers_for_disease_control_and_prevention	colorado_department_of_health_lab
B/StPetersburg/RII-7379S/2022	who_national_influenza_centre_russian_federation	research_institute_of_influenza,_ministry_of_healthcare_of_the_russian_federation
B/Luxembourg/LNS3984254/2023	laboratoire_national_de_sant?	laboratoire_national_de_santé_
B/AbuDhabi/16805/2023	centers_for_disease_control_and_prevention	shaikh_khalifa_medical_city
B/Afghanistan/29/2020	centers_for_disease_control_and_prevention	national_public_health_laboratory
B/Berlin/2/2021	robert_koch_institute_nationales_referenzzentrum_f?r_influenza	robert_koch_institute_nationales_referenzzentrum_für_influenza
B/Michigan/1/2021-egg	centers_for_disease_control_and_prevention	michigan_department_of_community_health
B/Bangladesh/3012/2021	centers_for_disease_control_and_prevention	icddr,b_international_centre_for_diarrhoeal_disease_research,_bangladesh
B/California/1/2021	centers_for_disease_control_and_prevention	california_department_of_health_services
B/Bangladesh/1652/2021	centers_for_disease_control_and_prevention	institute_of_epidemiology_disease_control_and_research_(iedcr)_&_bangladesh_national_influenza_centre_(nic)
B/Bangladesh/1393/2021	centers_for_disease_control_and_prevention	institute_of_epidemiology_disease_control_and_research_(iedcr)_&_bangladesh_national_influenza_centre_(nic)
B/Bangladesh/8016/2022	centers_for_disease_control_and_prevention	icddr,b_international_centre_for_diarrhoeal_disease_research,_bangladesh
B/Chile/3932/2022	centers_for_disease_control_and_prevention	instituto_de_salud_publica_de_chile
B/Argentina/2246/2022	centers_for_disease_control_and_prevention	intituto_nacional_de_epidemiologia
B/Myanmar/21M024/2021	niigata_university_(dph)	niigata_university_(idrc)
B/Tyumen/343V/2021	state_research_center_of_virology_and_biotechnology_(vector)	fbuz_center_of_hygiene_and_epidemiology_in_tyumen_oblast
B/HongKong/6/2022	centers_for_disease_control_and_prevention	hong_kong_department_of_health
B/Bangladesh/3029/2022	centers_for_disease_control_and_prevention	icddr,b_international_centre_for_diarrhoeal_disease_research,_bangladesh
B/Bangladesh/610050/2021	centers_for_disease_control_and_prevention	icddr,b_international_centre_for_diarrhoeal_disease_research,_bangladesh
B/Bangladesh/2014/2021	centers_for_disease_control_and_prevention	icddr,b_international_centre_for_diarrhoeal_disease_research,_bangladesh
B/Bangladesh/2005/2021	centers_for_disease_control_and_prevention	icddr,b_international_centre_for_diarrhoeal_disease_research,_bangladesh
B/Bangladesh/610011/2021	centers_for_disease_control_and_prevention	icddr,b_international_centre_for_diarrhoeal_disease_research,_bangladesh
B/Singapore/WUH0784/2021-egg	centers_for_disease_control_and_prevention	ministry_of_health,_singapore
B/Michigan/1/2021	centers_for_disease_control_and_prevention	michigan_department_of_community_health
B/Afghanistan/2/2021	centers_for_disease_control_and_prevention	national_public_health_laboratory
B/Bangladesh/1360/2021	centers_for_disease_control_and_prevention	institute_of_epidemiology_disease_control_and_research_(iedcr)_&_bangladesh_national_influenza_centre_(nic)
B/Bangladesh/1631/2021	centers_for_disease_control_and_prevention	institute_of_epidemiology_disease_control_and_research_(iedcr)_&_bangladesh_national_influenza_centre_(nic)
B/Bangladesh/3002/2021	centers_for_disease_control_and_prevention	icddr,b_international_centre_for_diarrhoeal_disease_research,_bangladesh
B/Switzerland/11488/2021	swiss_national_reference_centre_for_influenza	hopital_cantonal_universitaire_de_geneves
B/AbuDhabi/3330615/2021	centers_for_disease_control_and_prevention	shaikh_khalifa_medical_city
B/Bolivia/3044/2022	centers_for_disease_control_and_prevention	instituto_nacional_de_laboratoriosde_salud_(inlasa)
B/Bangladesh/1070/2021	centers_for_disease_control_and_prevention	institute_of_epidemiology_disease_control_and_research_(iedcr)_&_bangladesh_national_influenza_centre_(nic)
B/Bangladesh/610010/2021	centers_for_disease_control_and_prevention	icddr,b_international_centre_for_diarrhoeal_disease_research,_bangladesh
B/Haiti/284/2021	centers_for_disease_control_and_prevention	laboratoire_national_de_sante_publique
B/Para/182385-IEC/2022	evandro_chagas_institute	evandro_chagas_institute
B/Iquitos/FPI20551/2022	naval_medical_research_unit_6_(namru_6)	naval_medical_research_unit_6_(namru_6)
B/Haiti/289/2021	centers_for_disease_control_and_prevention	laboratoire_national_de_sante_publique
B/Amazonas/2022-014047-IEC/2022	evandro_chagas_institute	evandro_chagas_institute
B/Lao/2314/2022	centers_for_disease_control_and_prevention	national_center_for_laboratory_and_epidemiology
B/Bahrain/1025/2021	centers_for_disease_control_and_prevention	ministry_of_health_bahrain
B/HongKong/76/2023	centers_for_disease_control_and_prevention	government_virus_unit
B/Saskatchewan/SKFLU305299/2023	roy_romanow_provincial_laboratory	roy_romanow_provincial_laboratory
B/Haiti/303/2021	centers_for_disease_control_and_prevention	laboratoire_national_de_sante_publique
B/Haiti/281/2021	centers_for_disease_control_and_prevention	laboratoire_national_de_sante_publique
B/Haiti/271/2021	centers_for_disease_control_and_prevention	laboratoire_national_de_sante_publique
B/Connecticut/1/2021-egg	centers_for_disease_control_and_prevention	connecticut_department._of_public_health
B/Haiti/150/2021	centers_for_disease_control_and_prevention	laboratoire_national_de_sante_publique
B/Pennsylvania/2/2021	centers_for_disease_control_and_prevention	pennsylvania_department_of_health
B/Amapa/2022-020924-IEC/2022	evandro_chagas_institute	evandro_chagas_institute
B/Alagoas/CEVI_2201220/2022	instituto_butantan	instituto_butantan
B/CostaRica/4328/2022	centers_for_disease_control_and_prevention	laboratorio_nacional_de_influenza
B/Massachusetts/1/2021-egg	centers_for_disease_control_and_prevention	massachusetts_department_of_public_health
B/RhodeIsland/5/2021	centers_for_disease_control_and_prevention	rhode_island_department_of_health
B/Connecticut/1/2021	centers_for_disease_control_and_prevention	connecticut_department._of_public_health
B/Massachusetts/1/2021	centers_for_disease_control_and_prevention	massachusetts_department_of_public_health
B/Yurimaguas/FPY01728/2022	naval_medical_research_unit_6_(namru_6)	naval_medical_research_unit_6_(namru_6)
B/Paraiba/2023-005646-IEC/2023	evandro_chagas_institute	evandro_chagas_institute
B/France/ARA-HCL024062228101/2024	cnr_virus_des_infections_respiratoires,_france_sud	cnr_virus_des_infections_respiratoires___france_sud
B/Belgium/S03018/2024	sciensano_(public_health_institute_in_belgium)	sciensano,_viral_diseases_laboratory,_national_influenza_center_in_belgium
B/SuratThani/P5147/2023	thai_national_influenza_center	thai_national_influenza_center
B/Myanmar/24M423/2024	niigata_university	niigata_university
B/Tokyo/EIS10-275/2024	centers_for_disease_control_and_prevention	national_institute_of_infectious_diseases_(niid)
B/Bangladesh/9013/2021	centers_for_disease_control_and_prevention	icddr,b_international_centre_for_diarrhoeal_disease_research,_bangladesh
B/HongKong/4/2022	centers_for_disease_control_and_prevention	government_virus_unit
B/Austria/1359417/2021-egg	who_collaborating_centre_for_reference_and_research_on_influenza	seqirus_vaccines_limited,_uk
B/Afghanistan/123/2020	centers_for_disease_control_and_prevention	national_public_health_laboratory
B/Chanthaburi/P4317/2022	thai_national_influenza_center	thai_national_influenza_center
B/India/1431/2021	centers_for_disease_control_and_prevention	national_institute_of_virology
B/Nepal/21FL2614/2021	centers_for_disease_control_and_prevention	national_public_health_laboratory
B/Bahrain/609/2021	centers_for_disease_control_and_prevention	ministry_of_health_bahrain
B/Bahrain/9938/2021	centers_for_disease_control_and_prevention	ministry_of_health_bahrain
B/Bahrain/9916/2022	centers_for_disease_control_and_prevention	ministry_of_health_bahrain
B/Bahrain/7548/2022	centers_for_disease_control_and_prevention	ministry_of_health_bahrain
B/Bahrain/8637/2022	centers_for_disease_control_and_prevention	ministry_of_health_bahrain
B/Bayern/9/2023	robert_koch_institute_nationales_referenzzentrum_f?r_influenza	robert_koch_institute_nationales_referenzzentrum_für_influenza
B/Bolivia/1197/2023	centers_for_disease_control_and_prevention	instituto_nacional_de_laboratoriosde_salud_(inlasa)
B/Khabarovsk/268/2023	who_national_influenza_centre_russian_federation	center_of_hygiene_and_epidemiology_in_khabarovsk_territory
B/Pennsylvania/15/2023	centers_for_disease_control_and_prevention	pennsylvania_department_of_health
B/HongKong/7720/2023	centers_for_disease_control_and_prevention	government_virus_unit
B/Alaska/1/2021	centers_for_disease_control_and_prevention	alaska_state_virology_lab
B/AbuDhabi/3210361/2021	centers_for_disease_control_and_prevention	shaikh_khalifa_medical_city
B/Khabarovsk/202/2022	who_national_influenza_centre_russian_federation	center_of_hygiene_and_epidemiology_in_khabarovsk_territory
B/Khabarovsk/RII-07/2022	who_national_influenza_centre_russian_federation	center_of_hygiene_and_epidemiology_in_khabarovsk_territory
B/StPetersburg/RII-11140S/2023	who_national_influenza_centre_russian_federation	research_institute_of_influenza,_ministry_of_healthcare_of_the_russian_federation
B/Bayern/7/2023	robert_koch_institute_nationales_referenzzentrum_f?r_influenza	robert_koch_institute_nationales_referenzzentrum_für_influenza
B/Bangladesh/1230411006/2023	centers_for_disease_control_and_prevention	icddr,b_international_centre_for_diarrhoeal_disease_research,_bangladesh
B/India/2161/2021	centers_for_disease_control_and_prevention	national_institute_of_virology
B/Saransk/RII-MH129923S/2023	who_national_influenza_centre_russian_federation	research_institute_of_influenza,_ministry_of_healthcare_of_the_russian_federation
B/Khabarovsk/253/2023	who_national_influenza_centre_russian_federation	center_of_hygiene_and_epidemiology_in_khabarovsk_territory
B/Singapore/KK0931/2023	ministry_of_health,_singapore	ministry_of_health,_singapore
B/SuratThani/P1040/2023	thai_national_influenza_center	thai_national_influenza_center
B/Chanthaburi/NIC-P3531/2022	thai_national_influenza_center	thai_national_influenza_center
B/SuratThani/P4596/2022	thai_national_influenza_center	thai_national_influenza_center
B/HongKong/8/2022	centers_for_disease_control_and_prevention	hong_kong_department_of_health
B/Lao/2418/2022	centers_for_disease_control_and_prevention	national_center_for_laboratory_and_epidemiology
B/Chanthaburi/P3913/2022	thai_national_influenza_center	thai_national_influenza_center
B/ChiangRai/P869/2023	thai_national_influenza_center	thai_national_influenza_center
B/ChiangRai/P839/2023	thai_national_influenza_center	thai_national_influenza_center
B/SuratThani/3859/2022	centers_for_disease_control_and_prevention	who_national_influenza_centre,_national_institute_of_medical_research_(nimr)
B/Pakistan/ICT5/2021	centers_for_disease_control_and_prevention	national_institute_of_health
B/Bahrain/3759/2021	centers_for_disease_control_and_prevention	ministry_of_health_bahrain
B/Singapore/WUH0784/2021	centers_for_disease_control_and_prevention	ministry_of_health,_singapore
B/Bangladesh/9/2021	centers_for_disease_control_and_prevention	icddr,b_international_centre_for_diarrhoeal_disease_research,_bangladesh
B/Belize/1169/2023	centers_for_disease_control_and_prevention	central_medical_laboratory
B/Chanthaburi/3975/2022	centers_for_disease_control_and_prevention	who_national_influenza_centre,_national_institute_of_medical_research_(nimr)
B/Oman/240/2022	centers_for_disease_control_and_prevention	central_public_health_laboratory,_ministry_of_health
B/Colorado/12/2023	centers_for_disease_control_and_prevention	colorado_department_of_health_lab
B/Santiago/129089/2022	instituto_de_salud_publica	instituto_de_salud_publica_de_chile
B/Austria/1359417/2021	who_collaborating_centre_for_reference_and_research_on_influenza	seqirus_vaccines_limited,_uk
B/Paraiba/2023-005649-IEC/2023	evandro_chagas_institute	evandro_chagas_institute
B/ChiangRai/P847/2023	thai_national_influenza_center	thai_national_influenza_center
B/Chile/321/2022	centers_for_disease_control_and_prevention	instituto_de_salud_publica_de_chile
B/Rancagua/2281/2023	instituto_de_salud_publica	instituto_de_salud_publica_de_chile
B/Kenya/114/2022	centers_for_disease_control_and_prevention	cdc_kenya
B/Zambia/1156/2022	centers_for_disease_control_and_prevention	university_teaching_hospital,_moh_zambia
B/Reunion/HCL023041638501/2022	cnr_virus_des_infections_respiratoires,_france_sud	cnr_virus_des_infections_respiratoires___france_sud
B/Madagascar/711/2023	centers_for_disease_control_and_prevention	institut_pasteur_de_madagascar
B/Madagascar/5361/2022	centers_for_disease_control_and_prevention	institut_pasteur_de_madagascar
B/Madagascar/1093/2023	centers_for_disease_control_and_prevention	institut_pasteur_de_madagascar
B/Madagascar/1069/2023	centers_for_disease_control_and_prevention	institut_pasteur_de_madagascar
B/Berlin/1/2021	robert_koch_institute_nationales_referenzzentrum_f?r_influenza	robert_koch_institute_nationales_referenzzentrum_für_influenza
B/India/5593/2021	centers_for_disease_control_and_prevention	national_institute_of_virology
B/California/26/2023	centers_for_disease_control_and_prevention	california_department_of_health_services
B/Georgia/26/2023	centers_for_disease_control_and_prevention	georgia_public_health_laboratory
B/Catalonia/3514402NS/2023-egg	centers_for_disease_control_and_prevention	barcelona,_facultad_de_medicina
B/Hessen/14/2023	robert_koch_institute_nationales_referenzzentrum_f?r_influenza	robert_koch_institute_nationales_referenzzentrum_für_influenza
B/LaSerena/85217/2024	instituto_de_salud_pública_de_chile	instituto_de_salud_publica_de_chile
B/Peru/2885Aahnc/2023	centers_for_disease_control_and_prevention	laboratorio_de_referencia_nacional_virus_respiratorios,_instituto_nacional_de_salud
B/PuertoMontt/73661/2023	instituto_de_salud_publica_de_chile	instituto_de_salud_publica_de_chile
B/Melilla/1128/2023	instituto_de_salud_carlos_iii	servicio_de_microbiología_hospital_comarcal_de_melilla
B/Talca/78471/2023	instituto_de_salud_publica_de_chile	instituto_de_salud_publica_de_chile
B/Linares/54586/2023	instituto_de_salud_publica_de_chile	instituto_de_salud_publica_de_chile
B/NewYork/PV150595/2024	icahn_school_of_medicine_at_mount_sinai	icahn_school_of_medicine_at_mount_sinai
B/Bangladesh/1985/2021	centers_for_disease_control_and_prevention	institute_of_epidemiology_disease_control_and_research_(iedcr)_&_bangladesh_national_influenza_centre_(nic)
B/Samara/13/2022	centers_for_disease_control_and_prevention	fbuz_gygiene_and_epidemiology_centre_samara_oblast
B/StPetersburg/RII-05V/2022	who_national_influenza_centre_russian_federation	research_institute_of_influenza,_ministry_of_healthcare_of_the_russian_federation
B/Moscow/4/2022	centers_for_disease_control_and_prevention	ivanovsky_research_institute_of_virology_rams
B/Moscow/1/2021	d.i._ivanovsky_research_institute_of_virology_moph_of__rf,moscow	nrcem_gamaleya_
B/StPetersburg/RII-4579S/2021	who_national_influenza_centre_russian_federation	research_institute_of_influenza,_ministry_of_healthcare_of_the_russian_federation
B/StPetersburg/RII-7762S/2021	who_national_influenza_centre_russian_federation	research_institute_of_influenza,_ministry_of_healthcare_of_the_russian_federation
B/Bangladesh/2099/2021	centers_for_disease_control_and_prevention	institute_of_epidemiology_disease_control_and_research_(iedcr)_&_bangladesh_national_influenza_centre_(nic)
B/Bangladesh/8007/2021	centers_for_disease_control_and_prevention	icddr,b_international_centre_for_diarrhoeal_disease_research,_bangladesh
B/Georgia/5/2023	centers_for_disease_control_and_prevention	georgia_public_health_laboratory
B/Santiago/127498/2022	instituto_de_salud_publica	instituto_de_salud_publica_de_chile
B/ChiangRai/NIC-P2887/2022	thai_national_influenza_center	thai_national_influenza_center
B/ChiangRai/P694/2023	thai_national_influenza_center	thai_national_influenza_center
B/AbuDhabi/11665/2023	centers_for_disease_control_and_prevention	shaikh_khalifa_medical_city
B/Zambia/1537/2023	centers_for_disease_control_and_prevention	university_teaching_hospital,_moh_zambia
B/Lao/2459/2022	centers_for_disease_control_and_prevention	national_center_for_laboratory_and_epidemiology
B/Lao/2460/2022	centers_for_disease_control_and_prevention	national_center_for_laboratory_and_epidemiology
B/SouthAfrica/R08694/2022	centers_for_disease_control_and_prevention	national_institute_for_communicable_disease
B/SouthAfrica/R6539/2022	centers_for_disease_control_and_prevention	national_institute_for_communicable_disease
B/Zambia/7340/2022	centers_for_disease_control_and_prevention	university_teaching_hospital,_moh_zambia
B/Zambia/6473/2022	centers_for_disease_control_and_prevention	university_teaching_hospital,_moh_zambia
B/Zambia/7313/2022	centers_for_disease_control_and_prevention	university_teaching_hospital,_moh_zambia
B/Zambia/4552/2022	centers_for_disease_control_and_prevention	university_teaching_hospital,_moh_zambia
B/SouthAfrica/R08304/2022	centers_for_disease_control_and_prevention	national_institute_for_communicable_disease
B/Zambia/9347/2022	centers_for_disease_control_and_prevention	university_teaching_hospital,_moh_zambia
B/SouthAfrica/10006/2021	centers_for_disease_control_and_prevention	national_institute_for_communicable_disease
B/SouthAfrica/9407/2021	centers_for_disease_control_and_prevention	national_institute_for_communicable_disease
B/SouthAfrica/8224/2021	centers_for_disease_control_and_prevention	national_institute_for_communicable_disease
B/SouthAfrica/8987/2021	centers_for_disease_control_and_prevention	national_institute_for_communicable_disease
B/SouthAfrica/10349/2021	centers_for_disease_control_and_prevention	national_institute_for_communicable_disease
B/SouthAfrica/8461/2021	centers_for_disease_control_and_prevention	national_institute_for_communicable_disease
B/Bangladesh/2123/2021	centers_for_disease_control_and_prevention	institute_of_epidemiology_disease_control_and_research_(iedcr)_&_bangladesh_national_influenza_centre_(nic)
B/Bahrain/7807/2021	centers_for_disease_control_and_prevention	ministry_of_health_bahrain
B/Bahrain/7715/2021	centers_for_disease_control_and_prevention	ministry_of_health_bahrain
B/Bahrain/7711/2021	centers_for_disease_control_and_prevention	ministry_of_health_bahrain
B/Bahrain/157/2021	centers_for_disease_control_and_prevention	ministry_of_health_bahrain
B/Bahrain/1305/2021	centers_for_disease_control_and_prevention	ministry_of_health_bahrain
B/Passos/311521744/2023	ezequiel_dias_foundation_(funed)	ezequiel_dias_foundation_(funed)
B/RhodeIsland/33/2023	centers_for_disease_control_and_prevention	rhode_island_department_of_health
B/France/PAC-RELAB-HCL024004047001/2023	cnr_virus_des_infections_respiratoires,_france_sud	cnr_virus_des_infections_respiratoires___france_sud
B/SuratThani/P4595/2022	thai_national_influenza_center	thai_national_influenza_center
B/Mexico/3604/2024	centers_for_disease_control_and_prevention	laboratorio_de_virus_respiratorio
B/Ranong/P424/2024	thai_national_influenza_center	thai_national_influenza_center
B/Bhutan/2199/2024	centers_for_disease_control_and_prevention	royal_centre_for_disease_control
B/France/BRE-RELAB-IPP02920/2025	institut_pasteur_paris	institut_pasteur
B/Darwin/1/2025	who_collaborating_centre_for_reference_and_research_on_influenza	royal_darwin_hospital
B/Nigeria/85/2024	centers_for_disease_control_and_prevention	ncdc_public_health_reference_laboratory
B/Togo/334/2024	centers_for_disease_control_and_prevention	institute_national_d'hygiene
B/Afghanistan/9331/2023	centers_for_disease_control_and_prevention	national_institute_of_health
B/StPetersburg/RII-8407S/2023	who_national_influenza_centre_russian_federation	research_institute_of_influenza,_ministry_of_healthcare_of_the_russian_federation
B/Denmark/41/2022	statens_serum_institute	statens_serum_institut_
B/SouthSudan/985/2023	crick_worldwide_influenza_centre	national_public_health_laboratory
B/Victoria/18/2022	who_collaborating_centre_for_reference_and_research_on_influenza	austin_health
B/Sydney/4/2022	who_collaborating_centre_for_reference_and_research_on_influenza	childrens_hospital_westmead
B/Moscow/27/2022	d.i._ivanovsky_research_institute_of_virology_moph_of__rf,moscow	nrcem_gamaleya_
B/England/224820660/2022	uk_health_security_agency___colindale	uk_health_security_agency___colindale
B/Catalonia/NSVH102033397/2023	hospital_universitari_vall_d'hebron	hospital_universitari_vall_d'hebron
B/Peru/UPCH_3851/2022	universidad_peruana_cayetano_heredia	instituto_de_medicine_tropical_alexander_von_humboldt___upch
B/Peru/UPCH_3763/2022	universidad_peruana_cayetano_heredia	instituto_de_medicine_tropical_alexander_von_humboldt___upch
B/Alagoas/3501/2023	instituto_oswaldo_cruz_fiocruz___laboratory_of_respiratory_viruses_and_measles_(lvrs)	laboratório_central_de_saúde_pública_de_alagoas,_lacen_al
B/CostaRica/INC-0411-804174/2023	inciensa,_investigacion_y_ensenanza_en_nutricion_y_salud	inciensa,_investigación_y_enseñanza_en_nutrición_y_salud
B/Peru/UPCH_3840/2022	universidad_peruana_cayetano_heredia	instituto_de_medicine_tropical_alexander_von_humboldt___upch
B/Peru/UPCH_3837/2022	universidad_peruana_cayetano_heredia	instituto_de_medicine_tropical_alexander_von_humboldt___upch
B/Peru/UPCH_3850/2022	universidad_peruana_cayetano_heredia	instituto_de_medicine_tropical_alexander_von_humboldt___upch
B/Santiago/133906/2022	instituto_de_salud_publica	instituto_de_salud_publica_de_chile
B/Colombia/6064/2023	centers_for_disease_control_and_prevention	instituto_nacional_de_salud_de_columbia
B/Saopaulo/CEVI_2300132/2023	instituto_butantan	instituto_butantan
B/Amazonas/2023-011211-IEC/2023	evandro_chagas_institute	evandro_chagas_institute
B/Nicaragua/SJCRH-740878/2022	st._jude_children's_research_hospital	st._jude_children's_research_hospital
B/Nicaragua/760573/2023		st._jude_children's_research_hospital,_host_microbe_interactions
B/Santiago/44546/2023	instituto_de_salud_publica_de_chile	instituto_de_salud_publica_de_chile
B/Valparaiso/26991/2023	instituto_de_salud_publica	instituto_de_salud_publica_de_chile
B/Barry/6713/2022	public_health_wales_microbiology_cardiff	public_health_wales_microbiology_cardiff
B/India/1159/2022	centers_for_disease_control_and_prevention	national_institute_of_virology
B/HongKong/7592/2023	centers_for_disease_control_and_prevention	government_virus_unit
B/Guam/5372/2024	centers_for_disease_control_and_prevention	guam_department_of_public_health
A/Taiwan/S26047/2024	taiwan_centers_for_disease_control	taiwan_centers_for_disease_control
B/France/ARA-HCL023185817701/2023	cnr_virus_des_infections_respiratoires,_france_sud	cnr_virus_des_infections_respiratoires___france_sud
B/Ulsan/3783/2024	korea_disease_control_and_prevention_agency_(kdca)	korea_disease_control_and_prevention_agency_(kdca)
B/Manitoba/RV01918/2023	public_health_agency_of_canada_(phac)	cadham_provincial_laboratory
B/Bhutan/790/2022	centers_for_disease_control_and_prevention	royal_centre_for_disease_control
B/Bhutan/751/2022	centers_for_disease_control_and_prevention	royal_centre_for_disease_control
B/Bhutan/1175/2022	centers_for_disease_control_and_prevention	royal_centre_for_disease_control
B/Bhutan/FLU-BTE-01175/2022	usamc_armed_forces_medical_research_institute_of_medial_sciences	usamc_afrims_department_of_virology
B/Bhutan/1241/2022	centers_for_disease_control_and_prevention	royal_centre_for_disease_control
B/Bhutan/FLU-BTC-01241/2022	usamc_armed_forces_medical_research_institute_of_medial_sciences	usamc_afrims_department_of_virology
B/Bhutan/2038/2022	centers_for_disease_control_and_prevention	royal_centre_for_disease_control
B/Bhutan/FLU-BTG-00983/2022	usamc_armed_forces_medical_research_institute_of_medial_sciences	usamc_afrims_department_of_virology
B/Bhutan/983/2022	centers_for_disease_control_and_prevention	royal_centre_for_disease_control
B/Bhutan/1137/2023	centers_for_disease_control_and_prevention	royal_centre_for_disease_control
B/Bhutan/2074/2022	centers_for_disease_control_and_prevention	royal_centre_for_disease_control
B/Saopaulo/CEVI_24001985/2024	instituto_butantan	instituto_butantan
B/India/5075/2022	centers_for_disease_control_and_prevention	national_institute_of_virology
B/Minnesota/ISC-1071/2024	centers_for_disease_control_and_prevention	minnesota_department_of_health
B/Virginia/5/2024	centers_for_disease_control_and_prevention	virginia_division_of_consolidated_laboratories
B/Suriname/359/2023	centers_for_disease_control_and_prevention	central_laboratory,_bureau_of_public_health
B/India/1280/2022	centers_for_disease_control_and_prevention	national_institute_of_virology
B/NewZealand/2727/2022	centers_for_disease_control_and_prevention	institute_of_environmental_science_&_research
B/Saskatchewan/SKFLU359481/2024	roy_romanow_provincial_laboratory	roy_romanow_provincial_laboratory
B/Vietnam/4116/2024	centers_for_disease_control_and_prevention	pasteur_institute,_influenza_laboratory
B/Washington/H5LTCF/2022		import_from_public_domain
B/WestVirginia/3/2023	centers_for_disease_control_and_prevention	west_virginia_office_of_laboratory_services
B/Texas/36/2024	centers_for_disease_control_and_prevention	baylor_scott_and_white_health
B/HongKong/63/2023	centers_for_disease_control_and_prevention	government_virus_unit
B/Jeonbuk/3965/2024	korea_disease_control_and_prevention_agency_(kdca)	korea_disease_control_and_prevention_agency_(kdca)
B/Cambodia/SVH220304/2022	national_institute_of_public_health	national_institute_of_public_health
B/HongKong/74/2023	centers_for_disease_control_and_prevention	government_virus_unit
B/Bhutan/1499/2023	centers_for_disease_control_and_prevention	royal_centre_for_disease_control
B/Liaoning-Yinzhou/1221/2024	centers_for_disease_control_and_prevention	who_chinese_national_influenza_center
B/AbuDhabi/7273/2023	centers_for_disease_control_and_prevention	shaikh_khalifa_medical_city
B/AbuDhabi/7156/2023	centers_for_disease_control_and_prevention	shaikh_khalifa_medical_city
A/Taiwan/S25866/2024	taiwan_centers_for_disease_control	taiwan_centers_for_disease_control
A/Taiwan/C21607/2024	taiwan_centers_for_disease_control	taiwan_centers_for_disease_control
B/Zhejiang-Yiwu/1366/2023	centers_for_disease_control_and_prevention	who_chinese_national_influenza_center
B/Zambia/81/2024	centers_for_disease_control_and_prevention	university_teaching_hospital,_moh_zambia
B/Bangladesh/3291/2023	centers_for_disease_control_and_prevention	institute_of_epidemiology_disease_control_and_research_(iedcr)_&_bangladesh_national_influenza_centre_(nic)
B/Bangladesh/8004/2023	centers_for_disease_control_and_prevention	icddr,b_international_centre_for_diarrhoeal_disease_research,_bangladesh
B/AbuDhabi/3532886/2021	centers_for_disease_control_and_prevention	shaikh_khalifa_medical_city
B/Bangladesh/1599/2023	centers_for_disease_control_and_prevention	institute_of_epidemiology_disease_control_and_research_(iedcr)_&_bangladesh_national_influenza_centre_(nic)
B/Bangladesh/1718/2023	centers_for_disease_control_and_prevention	institute_of_epidemiology_disease_control_and_research_(iedcr)_&_bangladesh_national_influenza_centre_(nic)
B/HongKong/16/2023	centers_for_disease_control_and_prevention	hong_kong_department_of_health
B/Bhutan/2212/2023	centers_for_disease_control_and_prevention	royal_centre_for_disease_control
B/India/Dib-NIV24_3337/2024	who_collaborating_centre_for_reference_and_research_on_influenza	icmr_national_institute_of_virology
B/Tokyo/22103/2023	centers_for_disease_control_and_prevention	tokyo_metropolitan_institute_of_public_health
B/Bangladesh/1230803002/2023	centers_for_disease_control_and_prevention	icddr,b_international_centre_for_diarrhoeal_disease_research,_bangladesh
B/StPetersburg/RII-MH227922S/2025	who_national_influenza_centre_russian_federation	research_institute_of_influenza,_ministry_of_healthcare_of_the_russian_federation
B/Maldives/2370/2024	centers_for_disease_control_and_prevention	ministry_of_health
B/Gyeonggi/425/2025	korea_disease_control_and_prevention_agency_(kdca)	korea_disease_control_and_prevention_agency_(kdca)
B/Gyeonggi/423/2025	korea_disease_control_and_prevention_agency_(kdca)	korea_disease_control_and_prevention_agency_(kdca)
B/StAthan/8902/2022	public_health_wales_microbiology_cardiff	public_health_wales_microbiology_cardiff
B/DistrictOfColumbia/10/2023	centers_for_disease_control_and_prevention	dc_public_health_lab
B/Delaware/10/2023	centers_for_disease_control_and_prevention	delaware_public_health_lab
B/Peru/LIM-INS-375/2024	instituto_nacional_de_salud_peru	laboratorio_de_referencia_nacional_virus_respiratorios,_instituto_nacional_de_salud
B/StPetersburg/RII-1816S/2025	who_national_influenza_centre_russian_federation	research_institute_of_influenza,_ministry_of_healthcare_of_the_russian_federation
B/Jeonbuk/621/2025	korea_disease_control_and_prevention_agency_(kdca)	korea_disease_control_and_prevention_agency_(kdca)
B/MatoGrossodoSul/MS-FIOCRUZ-FMS520/2025	fundação_oswaldo_cruz_(fiocruz)	lacen/ms_laboratório_central_de_saúde_pública_de_mato_grosso_do_sul
B/MatoGrossodoSul/MS-FIOCRUZ-FMS516/2025	fundação_oswaldo_cruz_(fiocruz)	lacen/ms_laboratório_central_de_saúde_pública_de_mato_grosso_do_sul
B/Florida/5/2024	centers_for_disease_control_and_prevention	florida_department_of_health_tampa
B/Incheon/611/2025	korea_disease_control_and_prevention_agency_(kdca)	korea_disease_control_and_prevention_agency_(kdca)
B/Incheon/608/2025	korea_disease_control_and_prevention_agency_(kdca)	korea_disease_control_and_prevention_agency_(kdca)
B/Gwangju/579/2025	korea_disease_control_and_prevention_agency_(kdca)	korea_disease_control_and_prevention_agency_(kdca)
B/Chungbuk/624/2025	korea_disease_control_and_prevention_agency_(kdca)	korea_disease_control_and_prevention_agency_(kdca)
B/Ulsan/305/2025	korea_disease_control_and_prevention_agency_(kdca)	korea_disease_control_and_prevention_agency_(kdca)
B/Gwangju/578/2025	korea_disease_control_and_prevention_agency_(kdca)	korea_disease_control_and_prevention_agency_(kdca)
B/Jeonbuk/619/2025	korea_disease_control_and_prevention_agency_(kdca)	korea_disease_control_and_prevention_agency_(kdca)
B/Ulsan/307/2025	korea_disease_control_and_prevention_agency_(kdca)	korea_disease_control_and_prevention_agency_(kdca)
B/Gyeonggi/560/2025	korea_disease_control_and_prevention_agency_(kdca)	korea_disease_control_and_prevention_agency_(kdca)
B/Gangwon/575/2025	korea_disease_control_and_prevention_agency_(kdca)	korea_disease_control_and_prevention_agency_(kdca)
B/Syria/7180/2023	centers_for_disease_control_and_prevention	syria_public_health_laboratory
B/Syria/7379/2023	centers_for_disease_control_and_prevention	syria_public_health_laboratory
B/Jeonbuk/3967/2024	korea_disease_control_and_prevention_agency_(kdca)	korea_disease_control_and_prevention_agency_(kdca)
B/AbuDhabi/11957/2024	centers_for_disease_control_and_prevention	shaikh_khalifa_medical_city
B/Bhutan/1598/2023	centers_for_disease_control_and_prevention	royal_centre_for_disease_control
B/Bahrain/7495/2022	centers_for_disease_control_and_prevention	ministry_of_health_bahrain
B/Paraiba/2023-015997-IEC/2023	evandro_chagas_institute	evandro_chagas_institute
B/Washington/25/2023	centers_for_disease_control_and_prevention	washington_state_public_health_laboratory
B/HongKong/61/2023	centers_for_disease_control_and_prevention	government_virus_unit
B/HongKong/67/2023	centers_for_disease_control_and_prevention	government_virus_unit
B/StPetersburg/RII-MH179079S/2024	who_national_influenza_centre_russian_federation	research_institute_of_influenza,_ministry_of_healthcare_of_the_russian_federation
B/Minnesota/37/2024	centers_for_disease_control_and_prevention	minnesota_department_of_health
B/Maldives/809/2024	centers_for_disease_control_and_prevention	ministry_of_health
B/Nebraska/7/2025	centers_for_disease_control_and_prevention	nebraska_public_health_lab
B/Massachusetts/ISC-1002/2025	centers_for_disease_control_and_prevention	massachusetts_department_of_public_health
B/Guatemala/929/2024	centers_for_disease_control_and_prevention	laboratorio_nacional_de_salud_guatemala
B/HongKong/905/2024	centers_for_disease_control_and_prevention	government_virus_unit
B/France/PAC-RELAB-HCL025039397901/2025	cnr_virus_des_infections_respiratoires,_france_sud	cnr_virus_des_infections_respiratoires___france_sud
B/StPetersburg/RII-8920S/2022	who_national_influenza_centre_russian_federation	research_institute_of_influenza,_ministry_of_healthcare_of_the_russian_federation
B/HongKong/72/2023	centers_for_disease_control_and_prevention	government_virus_unit
B/Bangkok/P1241/2024	thai_national_influenza_center	thai_national_influenza_center
B/Bhutan/2527/2023	centers_for_disease_control_and_prevention	royal_centre_for_disease_control
B/HongKong/70/2023	centers_for_disease_control_and_prevention	government_virus_unit
B/NakhonPhanom/P1656/2024	thai_national_influenza_center	thai_national_influenza_center
B/Togo/224/2024	centers_for_disease_control_and_prevention	institute_national_d'hygiene
B/StPetersburg/RII-MH188881S/2024	who_national_influenza_centre_russian_federation	research_institute_of_influenza,_ministry_of_healthcare_of_the_russian_federation
B/StPetersburg/RII-MH187378S/2024	who_national_influenza_centre_russian_federation	research_institute_of_influenza,_ministry_of_healthcare_of_the_russian_federation
B/England/241200259/2024	ukhsa_/_respiratory_virus_unit	uk_health_security_agency___colindale
B/NorthDakota/1/2025	centers_for_disease_control_and_prevention	north_dakota_department_of_health
B/France/PAC-RELAB-HCL025022069101/2025	cnr_virus_des_infections_respiratoires,_france_sud	cnr_virus_des_infections_respiratoires___france_sud
B/Wisconsin/NIRC-IS-1002/2025	centers_for_disease_control_and_prevention	wisconsin_state_laboratory_of_hygiene
B/Guangxi-Beiliu/2298/2023-egg	centers_for_disease_control_and_prevention	who_chinese_national_influenza_center
B/Bahrain/2058/2024	centers_for_disease_control_and_prevention	ministry_of_health_bahrain
B/Guam/5544/2025	centers_for_disease_control_and_prevention	guam_department_of_public_health
B/StPetersburg/RII-MH226076S/2025	who_national_influenza_centre_russian_federation	research_institute_of_influenza,_ministry_of_healthcare_of_the_russian_federation
B/Colorado/ISC-1007/2025	centers_for_disease_control_and_prevention	colorado_department_of_health_lab
B/StPetersburg/RII-MH227795S/2025	who_national_influenza_centre_russian_federation	research_institute_of_influenza,_ministry_of_healthcare_of_the_russian_federation
B/SouthAfrica/NHLS-SU-K061719/2024	center_for_epidemic_response_and_innovation_(ceri)	national_health_laboratory_service,_stellenbosch_university
B/Zambia/593/2024	centers_for_disease_control_and_prevention	university_teaching_hospital,_moh_zambia
B/France/PAC-RELAB-HCL024036087701/2024	cnr_virus_des_infections_respiratoires,_france_sud	cnr_virus_des_infections_respiratoires___france_sud
B/Ehime/36/2024	national_institute_of_infectious_diseases_(niid)	ehime_prefecture_institute_of_public_health_and_environmental_science
B/BritishColumbia/RV02273/2024	public_health_agency_of_canada_(phac)	b.c._centre_for_disease_control
B/Minnesota/ISC-1002/2025	centers_for_disease_control_and_prevention	minnesota_department_of_health
B/StPetersburg/RII-MH188900S/2024	who_national_influenza_centre_russian_federation	research_institute_of_influenza,_ministry_of_healthcare_of_the_russian_federation
B/Chungnam/3944/2024	korea_disease_control_and_prevention_agency_(kdca)	korea_disease_control_and_prevention_agency_(kdca)
B/India/4081/2023	centers_for_disease_control_and_prevention	national_institute_of_virology
B/Saskatchewan/SKFLU417963/2025	roy_romanow_provincial_laboratory	roy_romanow_provincial_laboratory
B/Seoul/596/2025	korea_disease_control_and_prevention_agency_(kdca)	korea_disease_control_and_prevention_agency_(kdca)
B/Guangxi-Beiliu/2298/2023	centers_for_disease_control_and_prevention	who_chinese_national_influenza_center
B/Bangladesh/1733/2023	centers_for_disease_control_and_prevention	institute_of_epidemiology_disease_control_and_research_(iedcr)_&_bangladesh_national_influenza_centre_(nic)
B/Iowa/61/2023	centers_for_disease_control_and_prevention	iowa_state_hygienic_laboratory
B/Mozambique/8371/2023	centers_for_disease_control_and_prevention	laboratório_de_isolamento_viral
B/HongKong/79/2023	centers_for_disease_control_and_prevention	government_virus_unit
B/StPetersburg/RII-MH190245S/2024	who_national_influenza_centre_russian_federation	research_institute_of_influenza,_ministry_of_healthcare_of_the_russian_federation
B/France/ARA-HCL025019175601/2025	cnr_virus_des_infections_respiratoires,_france_sud	cnr_virus_des_infections_respiratoires___france_sud
B/Liaoning-Yinzhou/1221/2024-egg	centers_for_disease_control_and_prevention	who_chinese_national_influenza_center
A/Romania/755/2024	national_institute_of_infectious_diseases_prof._dr._matei_bals	national_institute_for_infectious_diseases_“prof._dr._matei_balș”
B/MatoGrossodoSul/MS-FIOCRUZ-FMS525/2025	fundação_oswaldo_cruz_(fiocruz)	lacen/ms_laboratório_central_de_saúde_pública_de_mato_grosso_do_sul
B/HongKong/3697/2024	centers_for_disease_control_and_prevention	government_virus_unit
B/France/NOR-IPP00914/2025	institut_pasteur_paris	institut_pasteur
B/HongKong/4493/2024	centers_for_disease_control_and_prevention	government_virus_unit
B/StPetersburg/RII-31/2025	who_national_influenza_centre_russian_federation	who_national_influenza_centre_russian_federation
B/France/ARA-HCL025026161801/2025	cnr_virus_des_infections_respiratoires,_france_sud	cnr_virus_des_infections_respiratoires___france_sud
B/Minnesota/ISC-1014/2025	centers_for_disease_control_and_prevention	minnesota_department_of_health
B/Bangladesh/3274/2023	centers_for_disease_control_and_prevention	institute_of_epidemiology_disease_control_and_research_(iedcr)_&_bangladesh_national_influenza_centre_(nic)
B/Washington/GG48W4/2022		import_from_public_domain
B/Chungnam/3997/2024	korea_disease_control_and_prevention_agency_(kdca)	korea_disease_control_and_prevention_agency_(kdca)
B/StPetersburg/RII-MH179088S/2024	who_national_influenza_centre_russian_federation	research_institute_of_influenza,_ministry_of_healthcare_of_the_russian_federation
B/Catalonia/2279261NS/2023	centers_for_disease_control_and_prevention	national_institute_for_medical_research
B/Catalonia/2279261NS/2023-egg	centers_for_disease_control_and_prevention	national_institute_for_medical_research
B/Seoul/296/2025	korea_disease_control_and_prevention_agency_(kdca)	korea_disease_control_and_prevention_agency_(kdca)
B/Lao/2943/2024	centers_for_disease_control_and_prevention	national_center_for_laboratory_and_epidemiology
B/Lao/2966/2024	centers_for_disease_control_and_prevention	national_center_for_laboratory_and_epidemiology
B/Parana/9404/2023	centers_for_disease_control_and_prevention	instituto_oswaldo_cruz_fiocruz___laboratory_of_respiratory_viruses_and_measles_(lvrs)
B/SuratThani/P5252/2023	thai_national_influenza_center	thai_national_influenza_center
B/PhraNakhonSiAyutthaya/BOE154/2024	thai_national_influenza_center	thai_national_influenza_center
B/Nonthaburi/FSEQ16/2023	thai_national_influenza_center	thai_national_influenza_center
B/Missouri/65/2024	centers_for_disease_control_and_prevention	dr._stacey_house
B/ChiangRai/P4805/2023	thai_national_influenza_center	thai_national_influenza_center
B/Texas/61/2023	centers_for_disease_control_and_prevention	baylor_scott_and_white_health
B/Pennsylvania/151/2024	centers_for_disease_control_and_prevention	children's_hospital_of_pittsburgh_upmc
B/France/BRE-IPP14303/2024	institut_pasteur	institut_pasteur
B/France/ARA-HCL025035675501/2025	cnr_virus_des_infections_respiratoires,_france_sud	cnr_virus_des_infections_respiratoires___france_sud
B/France/ARA-HCL025011521701/2025	cnr_virus_des_infections_respiratoires,_france_sud	cnr_virus_des_infections_respiratoires___france_sud
B/France/GES-RELAB-IPP03250/2025	institut_pasteur_paris	institut_pasteur
B/France/ARA-HCL025026629401/2025	cnr_virus_des_infections_respiratoires,_france_sud	cnr_virus_des_infections_respiratoires___france_sud
B/Luxembourg/LNS0332765/2025	laboratoire_national_de_santé	laboratoire_national_de_santé_
B/Thuringen/24/2025	robert_koch_institute_nationales_referenzzentrum_für_influenza	robert_koch_institute_nationales_referenzzentrum_für_influenza
B/France/PAC-RELAB-HCL025017652701/2025	cnr_virus_des_infections_respiratoires,_france_sud	cnr_virus_des_infections_respiratoires___france_sud
B/NewJersey/GKISBBBE04774/2025		concentric_by_ginkgo_bioworks
B/Saskatchewan/RV03814/2024	public_health_agency_of_canada_(phac)	roy_romanow_provincial_laboratory_
B/Manitoba/RV02300/2024	public_health_agency_of_canada_(phac)	cadham_provincial_laboratory
B/Arizona/5/2025	centers_for_disease_control_and_prevention	arizona_state_university
B/Arizona/3/2025	centers_for_disease_control_and_prevention	arizona_state_university
B/MatoGrossodoSul/MS-FIOCRUZ-FMS511/2025	fundação_oswaldo_cruz_(fiocruz)	lacen/ms_laboratório_central_de_saúde_pública_de_mato_grosso_do_sul
B/Togo/45/2024	centers_for_disease_control_and_prevention	institute_national_d'hygiene
B/Guam/5543/2025	centers_for_disease_control_and_prevention	guam_department_of_public_health
B/DistrictOfColumbia/3/2025	centers_for_disease_control_and_prevention	dc_public_health_lab
B/StPetersburg/RII-MH225750S/2025	who_national_influenza_centre_russian_federation	research_institute_of_influenza,_ministry_of_healthcare_of_the_russian_federation
B/Peru/TAC-INS-309/2024	instituto_nacional_de_salud_peru	laboratorio_de_referencia_nacional_virus_respiratorios,_instituto_nacional_de_salud
B/Peru/TAC-INS-282/2024	instituto_nacional_de_salud_peru	laboratorio_de_referencia_nacional_virus_respiratorios,_instituto_nacional_de_salud
B/Mayotte/HCL025013242101/2025	cnr_virus_des_infections_respiratoires,_france_sud	cnr_virus_des_infections_respiratoires___france_sud
B/Peru/CAL-INS-413/2024	instituto_nacional_de_salud_peru	laboratorio_de_referencia_nacional_virus_respiratorios,_instituto_nacional_de_salud
B/England/5040929/2024	ukhsa_/_respiratory_virus_unit	uk_health_security_agency___colindale
B/Oklahoma/2/2025	centers_for_disease_control_and_prevention	oklahoma_state_department_of_health
B/Arizona/16/2024	centers_for_disease_control_and_prevention	arizona_department_of_health_services
B/MatoGrossodoSul/MS-FIOCRUZ-FMS512/2025	fundação_oswaldo_cruz_(fiocruz)	lacen/ms_laboratório_central_de_saúde_pública_de_mato_grosso_do_sul
B/SouthAfrica/PATH-CERI-C066239/2025	center_for_epidemic_response_and_innovation_(ceri)	pathcare
B/NewYork/2/2025	centers_for_disease_control_and_prevention	new_york_city_department_of_health
B/Connecticut/4/2025	centers_for_disease_control_and_prevention	connecticut_department._of_public_health
B/Saopaulo/CEVI_24001988/2024	instituto_butantan	instituto_butantan
B/France/BFC-RELAB-IPP01729/2025	institut_pasteur_paris	institut_pasteur
B/France/OCC-RELAB-HCL024063445101/2024	cnr_virus_des_infections_respiratoires,_france_sud	cnr_virus_des_infections_respiratoires___france_sud
B/SouthAfrica/PATH-CERI-C066228/2025	center_for_epidemic_response_and_innovation_(ceri)	pathcare
B/Minnesota/ISC-1025/2023	centers_for_disease_control_and_prevention	minnesota_department_of_health
B/Colombia/1729/2024	centers_for_disease_control_and_prevention	instituto_nacional_de_salud_de_columbia
B/France/OCC-RELAB-HCL025033251101/2025	cnr_virus_des_infections_respiratoires,_france_sud	cnr_virus_des_infections_respiratoires___france_sud
B/Senegal/IPD-4309/2024	institut_pasteur_de_dakar	institut_pasteur_de_dakar
B/Pennsylvania/136/2024	centers_for_disease_control_and_prevention	children's_hospital_of_pittsburgh_upmc
B/Pennsylvania/99/2024	centers_for_disease_control_and_prevention	children's_hospital_of_pittsburgh_upmc
B/SouthCarolina/2/2024	centers_for_disease_control_and_prevention	south_carolina_department_of_health
B/Minnesota/ISC-1077/2024	centers_for_disease_control_and_prevention	minnesota_department_of_health
B/Oregon/2/2023	centers_for_disease_control_and_prevention	oregon_public_health_laboratory
B/FrenchGuiana/36/2025	institut_pasteur_de_la_guyane	national_influenza_center_french_guiana_and_french_indies
B/Guam/5545/2025	centers_for_disease_control_and_prevention	guam_department_of_public_health
B/Iowa/8/2024	centers_for_disease_control_and_prevention	iowa_state_hygienic_laboratory
B/France/IDF-RELAB-IPP08085/2024	institut_pasteur	institut_pasteur
B/SouthCarolina/14/2024	centers_for_disease_control_and_prevention	south_carolina_department_of_health
B/Illinois/9/2024	centers_for_disease_control_and_prevention	illinois_department_of_public_health_springfield
B/Chanthaburi/P4372/2023	thai_national_influenza_center	thai_national_influenza_center
B/Bangkok/P4827/2023	thai_national_influenza_center	thai_national_influenza_center
B/Bangkok/P2862/2023	thai_national_influenza_center	thai_national_influenza_center
B/Baltimore/JH-1049/2024	johns_hopkins_school_of_medicine	johns_hopkins_school_of_medicine
B/AbuDhabi/4140/2023	centers_for_disease_control_and_prevention	shaikh_khalifa_medical_city
B/RioGrandedoNorte/2023-033771-IEC/2023	evandro_chagas_institute	evandro_chagas_institute
B/Alagoas/4660/2023	instituto_oswaldo_cruz_fiocruz___laboratory_of_respiratory_viruses_and_measles_(lvrs)	laboratório_central_de_saúde_pública_de_alagoas,_lacen_al
B/Zambia/1705/2023	centers_for_disease_control_and_prevention	university_teaching_hospital,_moh_zambia
B/AbuDhabi/2653/2022	centers_for_disease_control_and_prevention	shaikh_khalifa_medical_city
B/Bangladesh/1475/2023	centers_for_disease_control_and_prevention	institute_of_epidemiology_disease_control_and_research_(iedcr)_&_bangladesh_national_influenza_centre_(nic)
B/Bangladesh/8008/2023	centers_for_disease_control_and_prevention	icddr,b_international_centre_for_diarrhoeal_disease_research,_bangladesh
B/Bangladesh/8009/2023	centers_for_disease_control_and_prevention	icddr,b_international_centre_for_diarrhoeal_disease_research,_bangladesh
B/HongKong/3779/2024	centers_for_disease_control_and_prevention	government_virus_unit
B/India/Pun-Nivcov24_4405/2024-egg	centers_for_disease_control_and_prevention	national_institute_of_virology
B/HongKong/3116/2024	centers_for_disease_control_and_prevention	government_virus_unit
B/Luxembourg/LNS0390771/2023	laboratoire_national_de_sant?	laboratoire_national_de_santé_
B/SouthAfrica/PATH-CERI-C066243/2025	center_for_epidemic_response_and_innovation_(ceri)	pathcare
B/RibeiraoDasNeves/311540603/2023	ezequiel_dias_foundation_(funed)	ezequiel_dias_foundation_(funed)
B/India/Lucknow-NIV2315877/2023	icmr_national_institute_of_virology	icmr_national_institute_of_virology
B/Busan/589/2025	korea_disease_control_and_prevention_agency_(kdca)	korea_disease_control_and_prevention_agency_(kdca)
B/Zhejiang-Yiwu/1366/2023-egg	centers_for_disease_control_and_prevention	who_chinese_national_influenza_center
B/Bhutan/1508/2023	centers_for_disease_control_and_prevention	royal_centre_for_disease_control
B/Pennsylvania/1/2021	centers_for_disease_control_and_prevention	pennsylvania_department_of_health
B/Maryland/2/2024	centers_for_disease_control_and_prevention	maryland_department_of_health_and_mental_hygiene
B/Paraiba/2023-010839-IEC/2023	evandro_chagas_institute	evandro_chagas_institute
B/HongKong/3701/2024	centers_for_disease_control_and_prevention	government_virus_unit
B/SouthAfrica/7887/2024	centers_for_disease_control_and_prevention	national_institute_for_communicable_disease
B/Bahrain/3714/2023	centers_for_disease_control_and_prevention	ministry_of_health_bahrain
B/Bhutan/1648/2023	centers_for_disease_control_and_prevention	royal_centre_for_disease_control
B/India/Jai-NIV24_3099/2024	who_collaborating_centre_for_reference_and_research_on_influenza	icmr_national_institute_of_virology
B/Manitoba/RV00786/2025	public_health_agency_of_canada_(phac)	cadham_provincial_laboratory
B/Manitoba/RV00320/2025	public_health_agency_of_canada_(phac)	cadham_provincial_laboratory
B/Bhutan/BTF-01474/2024	centers_for_disease_control_and_prevention	royal_centre_for_disease_control
B/Bhutan/176/2024	centers_for_disease_control_and_prevention	royal_centre_for_disease_control
B/Bhutan/1537/2024	centers_for_disease_control_and_prevention	royal_centre_for_disease_control
B/Bhutan/1557/2024	centers_for_disease_control_and_prevention	royal_centre_for_disease_control
B/Bhutan/1487/2024	centers_for_disease_control_and_prevention	royal_centre_for_disease_control
B/Mississippi/10/2023	centers_for_disease_control_and_prevention	mississippi_public_health_laboratory
B/India/Pune-NIV24_3413/2024	icmr_national_institute_of_virology	icmr_national_institute_of_virology
B/HongKong/4465/2024	centers_for_disease_control_and_prevention	government_virus_unit
B/Bhutan/1419/2023	centers_for_disease_control_and_prevention	royal_centre_for_disease_control
B/Bhutan/1470/2023	centers_for_disease_control_and_prevention	royal_centre_for_disease_control
B/Chanthaburi/P1554/2023	thai_national_influenza_center	thai_national_influenza_center
B/Auckland/58/2023	centers_for_disease_control_and_prevention	institute_of_environmental_science_&_research
B/Chanthaburi/P4240/2023	thai_national_influenza_center	thai_national_influenza_center
B/Gwangju/3823/2024	korea_disease_control_and_prevention_agency_(kdca)	korea_disease_control_and_prevention_agency_(kdca)
B/Bhutan/1492/2024	centers_for_disease_control_and_prevention	royal_centre_for_disease_control
B/Bhutan/1483/2024	centers_for_disease_control_and_prevention	royal_centre_for_disease_control
B/Bhutan/1458/2024	centers_for_disease_control_and_prevention	royal_centre_for_disease_control
B/Thailand/3871/2024	centers_for_disease_control_and_prevention	who_national_influenza_centre,_national_institute_of_medical_research_(nimr)
B/Shandong-Boshan/1321/2024-egg	centers_for_disease_control_and_prevention	who_chinese_national_influenza_center
B/Shandong-Boshan/1321/2024	centers_for_disease_control_and_prevention	who_chinese_national_influenza_center
B/ChiangRai/P5536/2023	thai_national_influenza_center	thai_national_influenza_center
B/HongKong/65/2023	centers_for_disease_control_and_prevention	government_virus_unit
B/StPetersburg/RII-MH193242S/2024	who_national_influenza_centre_russian_federation	research_institute_of_influenza,_ministry_of_healthcare_of_the_russian_federation
B/Ulsan/556/2025	korea_disease_control_and_prevention_agency_(kdca)	korea_disease_control_and_prevention_agency_(kdca)
B/Ulsan/557/2025	korea_disease_control_and_prevention_agency_(kdca)	korea_disease_control_and_prevention_agency_(kdca)
B/StPetersburg/RII-65/2024	who_national_influenza_centre_russian_federation	who_national_influenza_centre_russian_federation
B/India/9012/2023	centers_for_disease_control_and_prevention	national_institute_of_virology
B/Guangdong-Dongwanbendi/2973/2023	centers_for_disease_control_and_prevention	who_chinese_national_influenza_center
B/AbuDhabi/12281/2024	centers_for_disease_control_and_prevention	shaikh_khalifa_medical_city
B/Guangdong-Dongwanbendi/2973/2023-egg	centers_for_disease_control_and_prevention	who_chinese_national_influenza_center
B/Tokyo/EIS10-804/2024	centers_for_disease_control_and_prevention	national_institute_of_infectious_diseases_(niid)
B/Peru/LIM-INS-406/2024	instituto_nacional_de_salud_peru	laboratorio_de_referencia_nacional_virus_respiratorios,_instituto_nacional_de_salud
B/Colorado/53/2023	centers_for_disease_control_and_prevention	colorado_department_of_health_lab
B/India/DIB-NIV24_3335/2024	centers_for_disease_control_and_prevention	national_institute_of_virology
B/StPetersburg/RII-MH228764S/2025	who_national_influenza_centre_russian_federation	research_institute_of_influenza,_ministry_of_healthcare_of_the_russian_federation
B/StPetersburg/RII-MH226158S/2025	who_national_influenza_centre_russian_federation	research_institute_of_influenza,_ministry_of_healthcare_of_the_russian_federation
B/StPetersburg/RII-MH225645S/2025	who_national_influenza_centre_russian_federation	research_institute_of_influenza,_ministry_of_healthcare_of_the_russian_federation
B/Stavropol/2/2025	who_national_influenza_centre_russian_federation	center_of_hygiene_and_epidemiology_in_stavropol_territory
B/India/PUN-NIV24_3276/2024-egg	centers_for_disease_control_and_prevention	national_institute_of_virology
B/France/ARA-HCL025011600701/2025	cnr_virus_des_infections_respiratoires,_france_sud	cnr_virus_des_infections_respiratoires___france_sud
B/SouthAfrica/PATH-CERI-C066256/2025	center_for_epidemic_response_and_innovation_(ceri)	pathcare
B/StPetersburg/RII-MH228358S/2025	who_national_influenza_centre_russian_federation	research_institute_of_influenza,_ministry_of_healthcare_of_the_russian_federation
B/HongKong/6650/2024	centers_for_disease_control_and_prevention	government_virus_unit
B/HongKong/390/2024	centers_for_disease_control_and_prevention	government_virus_unit
B/Gwangju/580/2025	korea_disease_control_and_prevention_agency_(kdca)	korea_disease_control_and_prevention_agency_(kdca)
B/Jeonbuk/620/2025	korea_disease_control_and_prevention_agency_(kdca)	korea_disease_control_and_prevention_agency_(kdca)
B/AbuDhabi/5104/2024	centers_for_disease_control_and_prevention	shaikh_khalifa_medical_city
A/Pakistan/NIC/ICT/21/2025	national_institute_of_health_pakistan	national_institute_of_health
B/Victoria/143/2024	who_collaborating_centre_for_reference_and_research_on_influenza	royal_melbourne_hospital
B/SouthAfrica/6434/2024	centers_for_disease_control_and_prevention	national_institute_for_communicable_disease
B/Bhutan/1549/2024	centers_for_disease_control_and_prevention	royal_centre_for_disease_control
B/Denmark/112/2024	statens_serum_institute	statens_serum_institut
B/Saskatchewan/SKFLU416027/2025	roy_romanow_provincial_laboratory	roy_romanow_provincial_laboratory
B/StPetersburg/RII-MH228759S/2025	who_national_influenza_centre_russian_federation	research_institute_of_influenza,_ministry_of_healthcare_of_the_russian_federation
B/StPetersburg/RII-24/2025	who_national_influenza_centre_russian_federation	who_national_influenza_centre_russian_federation
B/StPetersburg/RII-24/2025-egg	who_national_influenza_centre_russian_federation	who_national_influenza_centre_russian_federation
B/StPetersburg/RII-MH224955S/2025	who_national_influenza_centre_russian_federation	research_institute_of_influenza,_ministry_of_healthcare_of_the_russian_federation
B/StPetersburg/RII-MH224942S/2025	who_national_influenza_centre_russian_federation	research_institute_of_influenza,_ministry_of_healthcare_of_the_russian_federation
B/SouthAfrica/NHLS-SU-CERI-K062125/2024	center_for_epidemic_response_and_innovation_(ceri)	national_health_laboratory_service,_stellenbosch_university
B/SouthAfrica/NHLS-SU-CERI-K063071/2024	center_for_epidemic_response_and_innovation_(ceri)	national_health_laboratory_service,_stellenbosch_university
B/Vologda/115-2V/2024	state_research_center_of_virology_and_biotechnology_(vector)	center_of_hygiene_and_epidemiology_in_vologda_oblast
B/SouthAfrica/NHLS-SU-CERI-K062102/2024	center_for_epidemic_response_and_innovation_(ceri)	national_health_laboratory_service,_stellenbosch_university
B/Bahrain/7014/2024	centers_for_disease_control_and_prevention	ministry_of_health_bahrain
B/Maldives/1435/2024	centers_for_disease_control_and_prevention	ministry_of_health
B/SouthAfrica/NHLS-UCT-CERI-K063089/2024	center_for_epidemic_response_and_innovation_(ceri)	national_health_laboratory_services,_university_of_cape_town
B/Massachusetts/BI_MGH-23170/2025		broad_institute_genomic_center_for_infectious_diseases
B/Texas/1/2025	centers_for_disease_control_and_prevention	texas_department_of_state_health_services_laboratory_services
B/Manitoba/RV01940-25/2025	public_health_agency_of_canada_(phac)	cadham_provincial_laboratory
B/Maldives/2135/2024	centers_for_disease_control_and_prevention	ministry_of_health
B/Maldives/1749/2024	centers_for_disease_control_and_prevention	ministry_of_health
B/Maldives/1325/2024	centers_for_disease_control_and_prevention	ministry_of_health
B/SouthAfrica/PATH-CERI-C066252/2025	center_for_epidemic_response_and_innovation_(ceri)	pathcare
B/Minnesota/6/2025	centers_for_disease_control_and_prevention	minnesota_department_of_health
B/Slantsy/RII-MH225115S/2024	who_national_influenza_centre_russian_federation	research_institute_of_influenza,_ministry_of_healthcare_of_the_russian_federation
B/Senegal/IPD-4289/2024	institut_pasteur_de_dakar	institut_pasteur_de_dakar
B/Stavropol/8/2025	who_national_influenza_centre_russian_federation	center_of_hygiene_and_epidemiology_in_stavropol_territory
B/StPetersburg/RII-36/2025	who_national_influenza_centre_russian_federation	who_national_influenza_centre_russian_federation
B/StPetersburg/RII-MH228168S/2025	who_national_influenza_centre_russian_federation	research_institute_of_influenza,_ministry_of_healthcare_of_the_russian_federation
B/NizhnyNovgorod/RII-3/2025	who_national_influenza_centre_russian_federation	who_national_influenza_centre_russian_federation
B/Mayotte/HCL025021151701/2025	cnr_virus_des_infections_respiratoires,_france_sud	cnr_virus_des_infections_respiratoires___france_sud
B/Romania/2701/2024	national_institute_of_infectious_diseases_prof._dr._matei_bals	national_institute_of_infectious_diseases_prof._dr._matei_bals
B/StPetersburg/RII-23/2025-egg	who_national_influenza_centre_russian_federation	who_national_influenza_centre_russian_federation
B/StPetersburg/RII-23/2025	who_national_influenza_centre_russian_federation	who_national_influenza_centre_russian_federation
B/StPetersburg/RII-MH225124S/2025	who_national_influenza_centre_russian_federation	research_institute_of_influenza,_ministry_of_healthcare_of_the_russian_federation
B/StPetersburg/RII-MH228201S/2025	who_national_influenza_centre_russian_federation	research_institute_of_influenza,_ministry_of_healthcare_of_the_russian_federation
B/Stavropol/7/2025	who_national_influenza_centre_russian_federation	center_of_hygiene_and_epidemiology_in_stavropol_territory
B/Kirovsk/RII-MH224516S/2025	who_national_influenza_centre_russian_federation	research_institute_of_influenza,_ministry_of_healthcare_of_the_russian_federation
B/Nepal/21FL3195/2021	national_institute_of_infectious_diseases_(niid)	national_public_health_laboratory
B/Cameroon/555/2023	crick_worldwide_influenza_centre	centre_pasteur_du_cameroun
B/Netherlands/11970/2022	national_institute_for_public_health_and_the_environment_(rivm)	national_institute_for_public_health_and_the_environment_(rivm)
B/RioGrandedoSul/8837/2023	instituto_oswaldo_cruz_fiocruz___laboratory_of_respiratory_viruses_and_measles_(lvrs)	lacen/rs___laboratório_central_de_saúde_pública_do_rio_grande_do_sul
B/NewCaledonia/14/2023	who_collaborating_centre_for_reference_and_research_on_influenza	institut_pasteur_new_caledonia
B/Michigan/MISAPPHIRERR024335891/2023	university_of_michigan	henry_ford_health_microbiology_laboratory
B/NewCaledonia/12/2023	who_collaborating_centre_for_reference_and_research_on_influenza	institut_pasteur_new_caledonia
B/Netherlands/10448/2023	national_institute_for_public_health_and_the_environment_(rivm)	national_institute_for_public_health_and_the_environment_(rivm)
B/Netherlands/10347/2023	national_institute_for_public_health_and_the_environment_(rivm)	national_institute_for_public_health_and_the_environment_(rivm)
B/Netherlands/10335/2023	national_institute_for_public_health_and_the_environment_(rivm)	national_institute_for_public_health_and_the_environment_(rivm)
B/France/ARA-HCL023039620101/2023	cnr_virus_des_infections_respiratoires,_france_sud	cnr_virus_des_infections_respiratoires___france_sud
B/Netherlands/10335/2023-egg	centers_for_disease_control_and_prevention	national_institute_for_public_health_and_the_environment_(rivm)
B/Madagascar/2913/2024	centers_for_disease_control_and_prevention	institut_pasteur_de_madagascar
B/Antananarivo/2109/2024	crick_worldwide_influenza_centre	institut_pasteur_de_madagascar
B/Madagascar/3131/2024	centers_for_disease_control_and_prevention	institut_pasteur_de_madagascar
A/Pakistan/NIC/ICT/01/2025	national_institute_of_health_pakistan	national_institute_of_health
B/Centre/55748/2022	institut_pasteur	institut_pasteur
B/Bahia/6924/2023	oswaldo_cruz_foundation	laboratório_central_de_saúde_pública_professor_gonçalo_moniz,_lacen_ba
B/Norway/8361/2024	norwegian_institute_of_public_health	molde_hospital,_laboratory_for_medical_microbiology
B/Lille/54367/2022	institut_pasteur	institut_pasteur
B/Santiago/91004/2024	instituto_de_salud_pública_de_chile	instituto_de_salud_publica_de_chile
B/Netherlands/12008/2022	national_institute_for_public_health_and_the_environment_(rivm)	royal_gd
B/Tunisia/3556/2023	crick_worldwide_influenza_centre	national_influenza_centre_tunis,_unit_virology,_microbiology_laboratory,_charles_nicolle's_hospital
B/Netherlands/12009/2022	national_institute_for_public_health_and_the_environment_(rivm)	royal_gd
B/Tajikistan/1252/2023	crick_worldwide_influenza_centre	"""vefa""_center"
B/Netherlands/12139/2022	national_institute_for_public_health_and_the_environment_(rivm)	national_institute_for_public_health_and_the_environment_(rivm)
B/Netherlands/12081/2022	national_institute_for_public_health_and_the_environment_(rivm)	academic_medical_center,_university_of_amsterdam
B/Singapore/SAR22753/2023	ministry_of_health,_singapore	ministry_of_health,_singapore
B/Singapore/SAR22704/2023	ministry_of_health,_singapore	ministry_of_health,_singapore
B/Catalonia/NSVH198260510/2022	hospital_universitari_vall_d'hebron	hospital_universitari_doctor_josep_trueta
A/Abudhabi/2311/2022	sheikh_khalifa_medical_city_(skmc)	reference_laboratory_for_infectious_disease_(surveillance_lab)
B/Catalonia/NSVH101959358/2022	hospital_universitari_vall_d'hebron	hospital_universitari_vall_d'hebron
B/Salalah/5239288/2023	crick_worldwide_influenza_centre	central_public_health_laboratory,_ministry_of_health
B/Moscow/29/2022-egg	d.i._ivanovsky_research_institute_of_virology_moph_of__rf,moscow	nrcem_gamaleya_
B/Moscow/29/2022	d.i._ivanovsky_research_institute_of_virology_moph_of__rf,moscow	nrcem_gamaleya_
B/Singapore/GP7368/2022	ministry_of_health,_singapore	ministry_of_health,_singapore
B/Okinawa/228/2023	national_institute_of_infectious_diseases_(niid)	okinawa_prefectural_institute_of_health_and_environment
B/Darwin/13/2022	who_collaborating_centre_for_reference_and_research_on_influenza	royal_darwin_hospital
B/Sundsvall/1/2021	public_health_agency_of_sweden	sundsvalls_sjukhus,_laboratoriemedicin_västernorrland
B/Singapore/SAR51629/2021	ministry_of_health,_singapore	ministry_of_health,_singapore
B/Stockholm/2/2021	public_health_agency_of_sweden	klinisk_mikrobiologi,_karolinska_universitetslaboratoriet,_karolinska_universitetssjukhuset_solna
B/Qatar/16-VI-21-6090042/2021	crick_worldwide_influenza_centre	supreme_health_council
B/England/211560497/2021	microbiology_services_colindale,_public_health_england	microbiology_services_colindale,_public_health_england
B/Parana/22966/2022	instituto_oswaldo_cruz_fiocruz___laboratory_of_respiratory_viruses_and_measles_(lvrs)	laboratório_central_do_estado_do_paraná___lacen/pr
B/MatoGrossodoSul/IAL/C10297/2022	instituto_adolfo_lutz	instituto_adolfo_lutz___national_influenza_center
B/Tokyo/EIS11-453/2025	national_institute_of_infectious_diseases_(niid)	national_institute_of_infectious_diseases_(niid)
B/Aragon/4884/2022	instituto_de_salud_carlos_iii	servicio_de_microbiología_hospital_miguel_servet
B/Sydney/15/2022	who_collaborating_centre_for_reference_and_research_on_influenza	childrens_hospital_westmead
B/Singapore/WUH7097/2021	ministry_of_health,_singapore	ministry_of_health,_singapore
B/Lisbon/1/2021	instituto_nacional_de_sa?de_dr._ricardo_jorge	instituto_nacional_de_saúde_dr._ricardo_jorge
B/Singapore/WUH7381/2021	ministry_of_health,_singapore	ministry_of_health,_singapore
B/Lisbon/2/2021	instituto_nacional_de_sa?de_dr._ricardo_jorge	instituto_nacional_de_saúde_dr._ricardo_jorge
B/Stockholm/8/2022	public_health_agency_of_sweden	klinisk_mikrobiologi,_viruslab_huddinge,__karolinska_universitetslaboratoriet_karolinska_universitetssjukhuset
B/Lao/F1601/2022	national_institute_of_infectious_diseases_(niid)	national_center_for_laboratory_and_epidemiology
B/Bahia/25546/2022	instituto_oswaldo_cruz_fiocruz___laboratory_of_respiratory_viruses_and_measles_(lvrs)	laboratório_central_de_saúde_pública_professor_gonçalo_moniz,_lacen_ba
B/Parana/22944/2022	instituto_oswaldo_cruz_fiocruz___laboratory_of_respiratory_viruses_and_measles_(lvrs)	laboratório_central_do_estado_do_paraná___lacen/pr
B/Parana/28132/2022	instituto_oswaldo_cruz_fiocruz___laboratory_of_respiratory_viruses_and_measles_(lvrs)	laboratório_central_do_estado_do_paraná___lacen/pr
B/MatoGrossodoSul/IAL/C10392/2022	instituto_adolfo_lutz	instituto_adolfo_lutz___national_influenza_center
B/Abudhabi/3173/2022	sheikh_khalifa_medical_city_(skmc)	reference_laboratory_for_infectious_disease_(surveillance_lab)
B/Abudhabi/3448/2022	sheikh_khalifa_medical_city_(skmc)	reference_laboratory_for_infectious_disease_(surveillance_lab)
B/Singapore/WUH9375/2021	ministry_of_health,_singapore	ministry_of_health,_singapore
B/England/215121917/2021	uk_health_security_agency___colindale	uk_health_security_agency___colindale
B/Qatar/10-VI-21-5446446/2021	crick_worldwide_influenza_centre	supreme_health_council
B/HongKong/EPI1021/2025		university_of_hong_kong,_school_of_public_health,_who_collaborating_centre_for_infectious_disease_epidemiology_and_control
B/HongKong/3/2025	hong_kong_department_of_health	hong_kong_department_of_health
B/Singapore/WUH1818/2021	ministry_of_health,_singapore	ministry_of_health,_singapore
B/Netherlands/10007/2021	crick_worldwide_influenza_centre	national_institute_for_public_health_and_the_environment_(rivm)
B/Lisbon/4/2021	instituto_nacional_de_sa?de_dr._ricardo_jorge	instituto_nacional_de_saúde_dr._ricardo_jorge
B/Guatemala/31FLU/2023	laboratorio_nacional_de_salud,_guatemala	laboratorio_nacional_de_salud,_guatemala
B/Slovenia/938/2023	crick_worldwide_influenza_centre	laboratory_for_virology,_national_institute_of_public_health
B/Singapore/HAN8909/2021	ministry_of_health,_singapore	ministry_of_health,_singapore
B/Singapore/SAR30882/2021	ministry_of_health,_singapore	ministry_of_health,_singapore
B/Lisbon/5/2021	instituto_nacional_de_sa?de_dr._ricardo_jorge	instituto_nacional_de_saúde_dr._ricardo_jorge
B/Stockholm/5/2021	public_health_agency_of_sweden	klinisk_mikrobiologi,_karolinska_universitetslaboratoriet,_karolinska_universitetssjukhuset_solna
B/Singapore/SAR91249/2021	ministry_of_health,_singapore	ministry_of_health,_singapore
B/NewYork/PV86813/2023	icahn_school_of_medicine_at_mount_sinai	icahn_school_of_medicine_at_mount_sinai
B/Hiroshima/6/2023	national_institute_of_infectious_diseases_(niid)	center_for_public_health_and_environment,_hiroshima_prefectural_technology_research_institute
B/SouthAfrica/R00020/2024	national_institute_for_communicable_diseases_(nicd)	national_institute_for_communicable_diseases_(nicd)
B/Portugal/35/2021	crick_worldwide_influenza_centre	instituto_nacional_de_saude_(insa)
B/Singapore/WUH7660/2021	ministry_of_health,_singapore	ministry_of_health,_singapore
B/Osaka/4/2023	national_institute_of_infectious_diseases_(niid)	osaka_prefectural_institute_of_public_health
B/Singapore/KK0530/2024	ministry_of_health,_singapore	ministry_of_health,_singapore
B/Nepal/S599/2023	national_institute_of_infectious_diseases_(niid)	national_public_health_laboratory
B/Queensland/IN000898/2025	public_and_environmental_health_reference_laboratories_(pehrl)	pathology_queensland
B/Queensland/IN000941/2025	public_and_environmental_health_reference_laboratories_(pehrl)	pathology_queensland
B/HongKong/21/2025	hong_kong_department_of_health	hong_kong_department_of_health
B/Singapore/HAN9481/2021	ministry_of_health,_singapore	ministry_of_health,_singapore
B/Singapore/WUH8011/2021	ministry_of_health,_singapore	ministry_of_health,_singapore
B/Singapore/KK0042/2022	ministry_of_health,_singapore	ministry_of_health,_singapore
B/Victoria/2/2021	who_collaborating_centre_for_reference_and_research_on_influenza	alfred_hospital
B/Philippines/6/2021	who_collaborating_centre_for_reference_and_research_on_influenza	research_institute_of_tropical_medicine
B/SantaCatarina/22283/2022	instituto_oswaldo_cruz_fiocruz___laboratory_of_respiratory_viruses_and_measles_(lvrs)	lacen_sc
B/Navarra/9659/2021	crick_worldwide_influenza_centre	servicio_de_microbiología_complejo_hospitalario_de_navarra
B/Roraima/27063/2022	instituto_oswaldo_cruz_fiocruz___laboratory_of_respiratory_viruses_and_measles_(lvrs)	instituto_oswaldo_cruz_fiocruz___laboratory_of_respiratory_viruses_and_measles_(lvrs)
B/NewYork/PV63253/2022	icahn_school_of_medicine_at_mount_sinai	icahn_school_of_medicine_at_mount_sinai
B/India/Dibrugarh-NIVQC576/2021	icmr_national_institute_of_virology	icmr_national_institute_of_virology
B/India/Aurangabad-NIVQC63/2021	icmr_national_institute_of_virology	icmr_national_institute_of_virology
B/India/AndhraPradesh-NIVQC631/2021	icmr_national_institute_of_virology	icmr_national_institute_of_virology
B/Victoria/37/2023	who_collaborating_centre_for_reference_and_research_on_influenza	monash_medical_centre
B/Utsunomiya/21/2023	national_institute_of_infectious_diseases_(niid)	utsunomiya_city_institute_of_public_health_and_environment_science
B/Singapore/WUH4618/2021	ministry_of_health,_singapore	ministry_of_health,_singapore
B/Qatar/10-VI-21-5318765/2021	crick_worldwide_influenza_centre	supreme_health_council
B/India/CHENNAI-ICPS-75/2021	icmr_national_institute_of_virology	icmr_national_institute_of_virology
B/Singapore/SAR0950/2022	ministry_of_health,_singapore	ministry_of_health,_singapore
B/England/214800290/2021	uk_health_security_agency___colindale	uk_health_security_agency___colindale
B/Victoria/534/2023	who_collaborating_centre_for_reference_and_research_on_influenza	austin_health
B/India/Ker-NIV225096/2022	icmr_national_institute_of_virology	icmr_national_institute_of_virology
B/Greece/5509/2024-egg	crick_worldwide_influenza_centre	aristotelian_university_of_thessaloniki
B/Greece/5509/2024	crick_worldwide_influenza_centre	aristotelian_university_of_thessaloniki
B/Queensland/IN000867/2024	public_and_environmental_health_reference_laboratories_(pehrl)	qld,_sullivan_nicolaides_pathology
B/EspiritoSanto/13004/2024	instituto_oswaldo_cruz_fiocruz___laboratory_of_respiratory_viruses_and_measles_(lvrs)	lacen/es___laboratório_central_de_saúde_pública_do_espírito_santo
B/England/241620179/2024	ukhsa_/_respiratory_virus_unit	uk_health_security_agency___colindale
B/England/214120822/2021	microbiology_services_colindale,_public_health_england	microbiology_services_colindale,_public_health_england
B/India/Dibrugarh-NIVQC578/2021	icmr_national_institute_of_virology	icmr_national_institute_of_virology
B/Darwin/11/2021	who_collaborating_centre_for_reference_and_research_on_influenza	royal_darwin_hospital
B/Singapore/TT0688/2023	ministry_of_health,_singapore	ministry_of_health,_singapore
B/Mauritius/P23817/2023	crick_worldwide_influenza_centre	ministry_of_health_and_wellness,_mauritius
B/Romania/550333/2023	crick_worldwide_influenza_centre	cantacuzino_institute
B/Bishkek/38/2022	crick_worldwide_influenza_centre	national_virology_laboratory,_center_microbiological_investigations
B/Singapore/KK1933/2023	ministry_of_health,_singapore	ministry_of_health,_singapore
B/Shanxi-Taiyuan/1147/2024	taiyuan_center_for_disease_control_and_prevention	taiyuan_center_for_disease_control_and_prevention
B/Catalonia/NSVH198264438/2023	hospital_universitari_vall_d'hebron	hospital_universitari_arnau_de_vilanova
B/Saitama/1/2022	national_institute_of_infectious_diseases_(niid)	saitama_institute_of_public_health
B/Lao/F4820/2022	national_institute_of_infectious_diseases_(niid)	national_center_for_laboratory_and_epidemiology
B/Lao/F4255/2022	national_institute_of_infectious_diseases_(niid)	national_center_for_laboratory_and_epidemiology
B/Lao/F4501/2022	national_institute_of_infectious_diseases_(niid)	national_center_for_laboratory_and_epidemiology
B/Okinawa/227/2023	national_institute_of_infectious_diseases_(niid)	okinawa_prefectural_institute_of_health_and_environment
B/Victoria/17/2022	who_collaborating_centre_for_reference_and_research_on_influenza	who_collaborating_centre_for_reference_and_research_on_influenza
B/Victoria/12/2022	who_collaborating_centre_for_reference_and_research_on_influenza	who_collaborating_centre_for_reference_and_research_on_influenza
B/Victoria/11/2022	who_collaborating_centre_for_reference_and_research_on_influenza	who_collaborating_centre_for_reference_and_research_on_influenza
B/Victoria/20/2022	who_collaborating_centre_for_reference_and_research_on_influenza	austin_health
B/Thailand/5/2022	who_collaborating_centre_for_reference_and_research_on_influenza	who_national_influenza_centre,_national_institute_of_medical_research_(nimr)
B/Hiroshima/4/2023	national_institute_of_infectious_diseases_(niid)	center_for_public_health_and_environment,_hiroshima_prefectural_technology_research_institute
B/Hiroshima/2/2023	national_institute_of_infectious_diseases_(niid)	center_for_public_health_and_environment,_hiroshima_prefectural_technology_research_institute
B/Darwin/10/2022	who_collaborating_centre_for_reference_and_research_on_influenza	royal_darwin_hospital
B/Singapore/GP11974/2022	ministry_of_health,_singapore	ministry_of_health,_singapore
B/Thailand/3/2022	who_collaborating_centre_for_reference_and_research_on_influenza	who_national_influenza_centre,_national_institute_of_medical_research_(nimr)
B/Yokohama/2/2023	national_institute_of_infectious_diseases_(niid)	yokohama_city_institute_of_public_health.
B/Saga/34/2023	national_institute_of_infectious_diseases_(niid)	saga_prefectural_institute_of_public_health_and_pharmaceutical_research
B/Saitama-C/3/2023	national_institute_of_infectious_diseases_(niid)	saitama_city_institute_of_health__science_and_research
B/Kanagawa/IC2229/2023	national_institute_of_infectious_diseases_(niid)	national_institute_of_infectious_diseases_(niid)
B/Ishikawa/85/2023	national_institute_of_infectious_diseases_(niid)	ishikawa_prefectural_institute_of_public_health_and_environmental_science
B/Nagano/2137/2023	national_institute_of_infectious_diseases_(niid)	nagano_environmental_conservation_research_institute
B/Nagano/2142/2023	national_institute_of_infectious_diseases_(niid)	nagano_environmental_conservation_research_institute
B/Okinawa/221/2023	national_institute_of_infectious_diseases_(niid)	okinawa_prefectural_institute_of_health_and_environment
B/Nagano/2082/2023	national_institute_of_infectious_diseases_(niid)	nagano_environmental_conservation_research_institute
B/Qatar/16-VI-21-5291383/2021	crick_worldwide_influenza_centre	supreme_health_council
B/Victoria/1448/2023	who_collaborating_centre_for_reference_and_research_on_influenza	alfred_hospital
B/MatoGrossodoSul/IAL/C10391/2022	instituto_adolfo_lutz	instituto_adolfo_lutz___national_influenza_center
B/England/213781209/2021	microbiology_services_colindale,_public_health_england	microbiology_services_colindale,_public_health_england
B/Kenya/147/2024	centers_for_disease_control_and_prevention	cdc_kenya
B/Malaysia/RP0931/2023	who_collaborating_centre_for_reference_and_research_on_influenza	national_public_health_laboratory
B/Abudhabi/6669/2022	sheikh_khalifa_medical_city_(skmc)	reference_laboratory_for_infectious_disease_(surveillance_lab)
A/Abudhabi/1965/2022	sheikh_khalifa_medical_city_(skmc)	reference_laboratory_for_infectious_disease_(surveillance_lab)
B/Ghana/825/2024	crick_worldwide_influenza_centre	university_of_ghana
B/Cameroon/11455/2023	crick_worldwide_influenza_centre	centre_pasteur_du_cameroun
B/Singapore/KK0930/2023	ministry_of_health,_singapore	ministry_of_health,_singapore
B/Abudhabi/1065/2023	sheikh_khalifa_medical_city_(skmc)	reference_laboratory_for_infectious_disease_(surveillance_lab)
B/Lao/F0854/2024	national_institute_of_infectious_diseases_(niid)	national_center_for_laboratory_and_epidemiology
B/BayofPlenty/1/2023	who_collaborating_centre_for_reference_and_research_on_influenza	institute_of_environmental_science_and_research_(esr)
B/Tonga/9/2023	who_collaborating_centre_for_reference_and_research_on_influenza	who_collaborating_centre_for_reference_and_research_on_influenza
B/Tonga/7/2023	who_collaborating_centre_for_reference_and_research_on_influenza	who_collaborating_centre_for_reference_and_research_on_influenza
B/Tonga/6/2023	who_collaborating_centre_for_reference_and_research_on_influenza	centers_for_disease_control_and_prevention
B/Victoria/486/2023	who_collaborating_centre_for_reference_and_research_on_influenza	royal_chidrens_hospital
B/Singapore/KK1669/2023	ministry_of_health,_singapore	ministry_of_health,_singapore
B/Canberra/80/2023	who_collaborating_centre_for_reference_and_research_on_influenza	canberra_hospital
B/Singapore/NUH0764/2023	ministry_of_health,_singapore	ministry_of_health,_singapore
B/Kenya/KCH210634/2021		import_from_public_domain
B/Kenya/KHDSS230770/2021		import_from_public_domain
B/England/214881269/2021	uk_health_security_agency___colindale	uk_health_security_agency___colindale
B/Kenya/KHDSS230852/2021		import_from_public_domain
B/Kenya/KCH210664/2021		import_from_public_domain
B/Kenya/KHDSS230788/2021		import_from_public_domain
B/Kenya/KHDSS230789/2021		import_from_public_domain
B/Kenya/KHDSS240821/2021		import_from_public_domain
B/Kenya/KHDSS220762/2021		import_from_public_domain
B/Kenya/KCH210643/2021		import_from_public_domain
B/Moramanga/1306/2023	crick_worldwide_influenza_centre	institut_pasteur_de_madagascar
B/HongKong/15/2023	crick_worldwide_influenza_centre	hong_kong_department_of_health
B/Toliara/1641/2023	crick_worldwide_influenza_centre	institut_pasteur_de_madagascar
B/Toamasina/1248/2023	crick_worldwide_influenza_centre	institut_pasteur_de_madagascar
B/SainteMarie/1377/2023	crick_worldwide_influenza_centre	institut_pasteur_de_madagascar
B/Stockholm/3/2021	public_health_agency_of_sweden	klinisk_mikrobiologi,_karolinska_universitetslaboratoriet,_karolinska_universitetssjukhuset_solna
B/Singapore/GP1216/2021	ministry_of_health,_singapore	ministry_of_health,_singapore
B/Qatar/47-VI-21-4381753/2021	crick_worldwide_influenza_centre	supreme_health_council
B/Singapore/GP0174/2023	ministry_of_health,_singapore	ministry_of_health,_singapore
B/Lisbon/3/2021	instituto_nacional_de_sa?de_dr._ricardo_jorge	instituto_nacional_de_saúde_dr._ricardo_jorge
B/Switzerland/57945/2021	crick_worldwide_influenza_centre	hopital_cantonal_universitaire_de_geneves
B/Singapore/KK0011/2021	ministry_of_health,_singapore	ministry_of_health,_singapore
B/Singapore/WUH7670/2021	ministry_of_health,_singapore	ministry_of_health,_singapore
B/Singapore/HAN2995/2021	ministry_of_health,_singapore	ministry_of_health,_singapore
B/Singapore/WUH1964/2021	ministry_of_health,_singapore	ministry_of_health,_singapore
B/Singapore/KK0010/2021	ministry_of_health,_singapore	ministry_of_health,_singapore
B/Singapore/WUH5812/2021	ministry_of_health,_singapore	ministry_of_health,_singapore
B/Singapore/SAR0562/2022	ministry_of_health,_singapore	ministry_of_health,_singapore
B/Singapore/KK0004/2021	ministry_of_health,_singapore	ministry_of_health,_singapore
B/Singapore/SAR40163/2021	ministry_of_health,_singapore	ministry_of_health,_singapore
B/Singapore/SAR29660/2021	ministry_of_health,_singapore	ministry_of_health,_singapore
B/Singapore/SAR33763/2021	ministry_of_health,_singapore	ministry_of_health,_singapore
B/Singapore/SAR3200/2022	ministry_of_health,_singapore	ministry_of_health,_singapore
B/Singapore/SAR4103/2022	ministry_of_health,_singapore	ministry_of_health,_singapore
B/Darwin/7/2021	who_collaborating_centre_for_reference_and_research_on_influenza	royal_darwin_hospital
B/SouthAfrica/R13857/2021	crick_worldwide_influenza_centre	national_institute_for_communicable_disease
B/SouthAfrica/R13136/2021	crick_worldwide_influenza_centre	national_institute_for_communicable_disease
B/SouthAfrica/PET25456/2022	vaccines_and_infectious_diseases_analytics_research_unit	wits_vida
B/AlMusannah/72126243/2021	crick_worldwide_influenza_centre	central_public_health_laboratory,_ministry_of_health
A/SouthAfrica/R06539/2022	national_institute_for_communicable_diseases_(nicd)	national_institute_for_communicable_diseases_(nicd)_
B/SouthAfrica/R11646/2022	who_collaborating_centre_for_reference_and_research_on_influenza	national_institute_for_communicable_disease
B/SouthAfrica/R15974/2021	crick_worldwide_influenza_centre	national_institute_for_communicable_disease
B/SouthAfrica/PET25017/2022	vaccines_and_infectious_diseases_analytics_research_unit	wits_vida
B/SouthAfrica/R11404/2022	who_collaborating_centre_for_reference_and_research_on_influenza	national_institute_for_communicable_disease
B/SouthAfrica/PET25914/2022	vaccines_and_infectious_diseases_analytics_research_unit	wits_vida
B/SouthAfrica/PET25668/2022	vaccines_and_infectious_diseases_analytics_research_unit	wits_vida
B/SouthAfrica/R11314/2022	who_collaborating_centre_for_reference_and_research_on_influenza	national_institute_for_communicable_disease
B/SouthAfrica/R11661/2022	national_institute_for_communicable_diseases_(nicd)	national_institute_for_communicable_disease
B/Netherlands/12062/2022	national_institute_for_public_health_and_the_environment_(rivm)	national_institute_for_public_health_and_the_environment_(rivm)
B/Netherlands/10211/2023	national_institute_for_public_health_and_the_environment_(rivm)	national_institute_for_public_health_and_the_environment_(rivm)
B/Singapore/SAR46311/2021	ministry_of_health,_singapore	ministry_of_health,_singapore
B/Singapore/SAR51638/2021	ministry_of_health,_singapore	ministry_of_health,_singapore
B/Singapore/HAN3996/2021	ministry_of_health,_singapore	ministry_of_health,_singapore
B/Qatar/16-VI-21-4499116/2021	crick_worldwide_influenza_centre	supreme_health_council
B/Parana/12994/2023	oswaldo_cruz_foundation	laboratório_central_do_estado_do_paraná___lacen/pr
B/Catalonia/NSVH102448422/2024	hospital_universitari_vall_d'hebron	hospital_universitari_vall_d'hebron
B/Lao/F2548/2022	national_institute_of_infectious_diseases_(niid)	national_center_for_laboratory_and_epidemiology
B/Lao/F4663/2022	national_institute_of_infectious_diseases_(niid)	national_center_for_laboratory_and_epidemiology
B/England/214681390/2021	uk_health_security_agency___colindale	uk_health_security_agency___colindale
B/England/220840496/2022	uk_health_security_agency___colindale	uk_health_security_agency___colindale
B/Abudhabi/6103/2022	sheikh_khalifa_medical_city_(skmc)	reference_laboratory_for_infectious_disease_(surveillance_lab)
B/Abudhabi/6766/2022	sheikh_khalifa_medical_city_(skmc)	reference_laboratory_for_infectious_disease_(surveillance_lab)
B/Abudhabi/7738/2022	sheikh_khalifa_medical_city_(skmc)	reference_laboratory_for_infectious_disease_(surveillance_lab)
B/Victoria/133/2024	who_collaborating_centre_for_reference_and_research_on_influenza	alfred_hospital
B/SuratThani/F400/2025	thai_national_influenza_center	thai_national_influenza_center
B/Sydney/13/2022	who_collaborating_centre_for_reference_and_research_on_influenza	who_collaborating_centre_for_reference_and_research_on_influenza
B/Victoria/43/2023	who_collaborating_centre_for_reference_and_research_on_influenza	austin_health
A/Pakistan/NIC/ICT/218/2025	national_institute_of_health_pakistan	national_institute_of_health
A/Pakistan/NIC/ICT/533/2025	national_institute_of_health_pakistan	national_institute_of_health
B/CoteDIvoire/3685/2024	crick_worldwide_influenza_centre	pasteur_institut_of_côte_d'ivoire
B/Perth/47/2023	who_collaborating_centre_for_reference_and_research_on_influenza	pathwest_qe_ii_medical_centre
B/Darwin/23/2022	who_collaborating_centre_for_reference_and_research_on_influenza	royal_darwin_hospital
B/Darwin/243/2023	who_collaborating_centre_for_reference_and_research_on_influenza	royal_darwin_hospital
B/Darwin/287/2023	who_collaborating_centre_for_reference_and_research_on_influenza	royal_darwin_hospital
B/Darwin/254/2023	who_collaborating_centre_for_reference_and_research_on_influenza	royal_darwin_hospital
B/Darwin/234/2023	who_collaborating_centre_for_reference_and_research_on_influenza	royal_darwin_hospital
B/Darwin/252/2023	who_collaborating_centre_for_reference_and_research_on_influenza	royal_darwin_hospital
B/Darwin/266/2023	who_collaborating_centre_for_reference_and_research_on_influenza	royal_darwin_hospital
B/England/680154/2025	ukhsa_/_respiratory_virus_unit	uk_health_security_agency___colindale
B/SriLanka/23/2024	who_collaborating_centre_for_reference_and_research_on_influenza	medical_research_institute
B/Bahia/99/2025	instituto_oswaldo_cruz_fiocruz___laboratory_of_respiratory_viruses_and_measles_(lvrs)	laboratório_central_de_saúde_pública_professor_gonçalo_moniz,_lacen_ba
B/India/PUN-NIVCOV241324/2024	who_collaborating_centre_for_reference_and_research_on_influenza	icmr_national_institute_of_virology
B/Brisbane/1/2022	who_collaborating_centre_for_reference_and_research_on_influenza	who_collaborating_centre_for_reference_and_research_on_influenza
B/Parana/370/2025	instituto_oswaldo_cruz_fiocruz___laboratory_of_respiratory_viruses_and_measles_(lvrs)	laboratório_central_do_estado_do_paraná___lacen/pr
B/India/Pune-NIVCOV232882/2023	icmr_national_institute_of_virology	icmr_national_institute_of_virology
A/Vietnam/PF525155/2025	bach_mai_hospital	bach_mai_hospital
B/Hiroshima/1/2024	national_institute_of_infectious_diseases_(niid)	center_for_public_health_and_environment,_hiroshima_prefectural_technology_research_institute
B/Brazil/SP-LEIAL4298/2024	instituto_adolfo_lutz	instituto_adolfo_lutz___national_influenza_center
B/Belgium/S1273/2023	crick_worldwide_influenza_centre	scientific_institute_of_public_health
B/Netherlands/12134/2022	national_institute_for_public_health_and_the_environment_(rivm)	national_institute_for_public_health_and_the_environment_(rivm)
B/HongKong/75/2023	crick_worldwide_influenza_centre	government_virus_unit
B/HongKong/207/2024	hong_kong_department_of_health_,_public_health_laboratory_services_branch	hong_kong_department_of_health
B/NakhonPhanom/P1849/2024	thai_national_influenza_center	thai_national_influenza_center
B/Sendai/7/2024	national_institute_of_infectious_diseases_(niid)	sendai_city_institute_of_public_health
A/Pakistan/NIC/ICT/577/2025	national_institute_of_health_pakistan	national_institute_of_health
B/Vietnam/PF124119/2024	bach_mai_hospital	bach_mai_hospital
B/Tak/F1819/2024	thai_national_influenza_center	thai_national_influenza_center
B/Madagascar/134/2025	institut_pasteur_de_madagascar	institut_pasteur_de_madagascar
B/Madagascar/132/2025	institut_pasteur_de_madagascar	institut_pasteur_de_madagascar
B/Shanxi-Taiyuan/670/2024	taiyuan_center_for_disease_control_and_prevention	taiyuan_center_for_disease_control_and_prevention
B/HongKong/58/2023	crick_worldwide_influenza_centre	government_virus_unit
B/Wakayama/134/2023	national_institute_of_infectious_diseases_(niid)	wakayama_prefectural_research_center_of_environment_and_public_health
B/Madagascar/154/2025	institut_pasteur_de_madagascar	institut_pasteur_de_madagascar
B/Madagascar/139/2025	institut_pasteur_de_madagascar	institut_pasteur_de_madagascar
B/Para/7991-IEC/2025	evandro_chagas_institute	evandro_chagas_institute
B/Parana/14192/2024	instituto_oswaldo_cruz_fiocruz___laboratory_of_respiratory_viruses_and_measles_(lvrs)	laboratório_central_do_estado_do_paraná___lacen/pr
B/Bangkok/P407/2025	thai_national_influenza_center	thai_national_influenza_center
B/Queensland/IN000946/2025	public_and_environmental_health_reference_laboratories_(pehrl)	qld,_sullivan_nicolaides_pathology
B/SriLanka/27/2024	who_collaborating_centre_for_reference_and_research_on_influenza	medical_research_institute
B/Shanxi-Taiyuan/2065/2023	taiyuan_center_for_disease_control_and_prevention	taiyuan_center_for_disease_control_and_prevention
A/Shanxi-Taiyuan/2424/2023	taiyuan_center_for_disease_control_and_prevention	taiyuan_center_for_disease_control_and_prevention
B/HongKong/62/2023	crick_worldwide_influenza_centre	government_virus_unit
B/Shanxi-Taiyuan/1180/2024	taiyuan_center_for_disease_control_and_prevention	taiyuan_center_for_disease_control_and_prevention
B/Nagano-C/10/2024	national_institute_of_infectious_diseases_(niid)	nagano_city_health_center
B/Canberra/3/2025	who_collaborating_centre_for_reference_and_research_on_influenza	canberra_hospital
B/Shanxi-Taiyuan/682/2024	taiyuan_center_for_disease_control_and_prevention	taiyuan_center_for_disease_control_and_prevention
B/Darwin/2/2025	who_collaborating_centre_for_reference_and_research_on_influenza	royal_darwin_hospital
B/NewYork/PX16172/2025	icahn_school_of_medicine_at_mount_sinai	icahn_school_of_medicine_at_mount_sinai
B/Ulaanbaatar/956/2024	national_institute_of_infectious_diseases_(niid)	national_center_for_communicable_diseases
B/Para/4048-IEC/2025	evandro_chagas_institute	evandro_chagas_institute
B/Para/3142-IEC/2025	evandro_chagas_institute	evandro_chagas_institute
B/Para/8019-IEC/2025	evandro_chagas_institute	evandro_chagas_institute
B/Para/8022-IEC/2025	evandro_chagas_institute	evandro_chagas_institute
B/Para/8002-IEC/2025	evandro_chagas_institute	evandro_chagas_institute
B/Para/8020-IEC/2025	evandro_chagas_institute	evandro_chagas_institute
B/Para/8016-IEC/2025	evandro_chagas_institute	evandro_chagas_institute
B/Para/4050-IEC/2025	evandro_chagas_institute	evandro_chagas_institute
B/Netherlands/11858/2022	national_institute_for_public_health_and_the_environment_(rivm)	academic_medical_center,_university_of_amsterdam
B/Ibaraki/1/2023	national_institute_of_infectious_diseases_(niid)	ibaraki_prefectural_institute_of_public_health
B/Netherlands/12019/2022	national_institute_for_public_health_and_the_environment_(rivm)	pamm
B/HongKong/VB24155458/2024	hong_kong_department_of_health_,_public_health_laboratory_services_branch	hong_kong_department_of_health
B/Michigan/MISAPPHIREL365347716/2023	university_of_michigan	henry_ford_health_microbiology_laboratory
B/Victoria/111/2024	who_collaborating_centre_for_reference_and_research_on_influenza	monash_medical_centre
B/Victoria/119/2024	who_collaborating_centre_for_reference_and_research_on_influenza	royal_chidrens_hospital
B/Queensland/IN000860/2024	public_and_environmental_health_reference_laboratories_(pehrl)	pathology_queensland
B/SouthAfrica/R03323/2024	who_collaborating_centre_for_reference_and_research_on_influenza	national_institute_for_communicable_disease
B/Bretagne/5695/2023	institut_pasteur	institut_pasteur
B/Madagascar/148/2025	institut_pasteur_de_madagascar	institut_pasteur_de_madagascar
B/Madagascar/3003/2024	crick_worldwide_influenza_centre	institut_pasteur_de_madagascar
B/HongKong/238/2024	hong_kong_department_of_health	hong_kong_department_of_health
B/HongKong/195/2024	crick_worldwide_influenza_centre	government_virus_unit
B/HongKong/VB24113942/2024	hong_kong_department_of_health_,_public_health_laboratory_services_branch	hong_kong_department_of_health
B/Kobe/23399/2024	national_institute_of_infectious_diseases_(niid)	kobe_institute_of_health
B/SouthAustralia/38/2024	who_collaborating_centre_for_reference_and_research_on_influenza	institute_of_medical_and_veterinary_science_(imvs)
B/HongKong/197/2024	crick_worldwide_influenza_centre	government_virus_unit
B/SouthAustralia/48/2024	who_collaborating_centre_for_reference_and_research_on_influenza	institute_of_medical_and_veterinary_science_(imvs)
B/Nagano/2037/2024	national_institute_of_infectious_diseases_(niid)	nagano_environmental_conservation_research_institute
B/SouthAustralia/7/2024	who_collaborating_centre_for_reference_and_research_on_influenza	institute_of_medical_and_veterinary_science_(imvs)
B/Queensland/IN000387/2024	public_and_environmental_health_reference_laboratories_(pehrl)	kirby_institute
B/Queensland/IN000428/2024	public_and_environmental_health_reference_laboratories_(pehrl)	qld,_sullivan_nicolaides_pathology
B/Victoria/110/2024	who_collaborating_centre_for_reference_and_research_on_influenza	austin_health
B/Brisbane/27/2024	who_collaborating_centre_for_reference_and_research_on_influenza	4cyte_pathology
B/Navarra/1536/2023	instituto_de_salud_carlos_iii	servicio_de_microbiología_complejo_hospitalario_de_navarra
B/Para/7999-IEC/2025	evandro_chagas_institute	evandro_chagas_institute
B/Queensland/IN000728/2024	public_and_environmental_health_reference_laboratories_(pehrl)	mater_pathology
B/Galicia/GA-CHUAC-34/2024	hospital_universitario_de_a_coruña	a_coruna_university_hospital_complex_(chuac)
B/SouthAfrica/R02925/2024	national_institute_for_communicable_diseases_(nicd)	national_institute_for_communicable_diseases_(nicd)
B/England/200107/2024	ukhsa_/_respiratory_virus_unit	uk_health_security_agency___colindale
B/SriLanka/1/2025	who_collaborating_centre_for_reference_and_research_on_influenza	medical_research_institute
B/HongKong/VB24147368/2024	hong_kong_department_of_health_,_public_health_laboratory_services_branch	hong_kong_department_of_health
B/Abudhabi/6601/2024	sheikh_khalifa_medical_city_(skmc)	reference_laboratory_for_infectious_disease_(surveillance_lab)
B/HongKong/VB24078471/2024	hong_kong_department_of_health_,_public_health_laboratory_services_branch	hong_kong_department_of_health
B/Madagascar/94/2025	institut_pasteur_de_madagascar	institut_pasteur_de_madagascar
B/Madagascar/96/2025	institut_pasteur_de_madagascar	institut_pasteur_de_madagascar
B/Kobe/23208/2023	national_institute_of_infectious_diseases_(niid)	kobe_institute_of_health
B/Singapore/GP0682/2024	ministry_of_health,_singapore	ministry_of_health,_singapore
A/Vietnam/PF325031/2025	bach_mai_hospital	bach_mai_hospital
B/Niigata-C/24145/2024	national_institute_of_infectious_diseases_(niid)	niigata_city_institute_of_public_health_and_environment
B/HongKong/224/2024	crick_worldwide_influenza_centre	government_virus_unit
B/Michigan/MISAPPHIREL364492721/2023	university_of_michigan	henry_ford_health_microbiology_laboratory
B/Kanagawa/AC2217/2023	national_institute_of_infectious_diseases_(niid)	national_institute_of_infectious_diseases_(niid)
B/HongKong/66/2023	crick_worldwide_influenza_centre	government_virus_unit
B/HongKong/71/2023	crick_worldwide_influenza_centre	government_virus_unit
B/HongKong/77/2023	crick_worldwide_influenza_centre	government_virus_unit
B/Niigata/94/2024	national_institute_of_infectious_diseases_(niid)	niigata_prefectural_institute_of_public_health_and_environmental_sciences
B/Bangkok/P354/2025	thai_national_influenza_center	thai_national_influenza_center
A/Pakistan/NIC/ICT/284/2025	national_institute_of_health_pakistan	national_institute_of_health
B/Shanxi-Taiyuan/1995/2023	taiyuan_center_for_disease_control_and_prevention	taiyuan_center_for_disease_control_and_prevention
B/Kobe/23360/2024	national_institute_of_infectious_diseases_(niid)	kobe_institute_of_health
B/Kagawa/24094/2024	national_institute_of_infectious_diseases_(niid)	kagawa_prefectural_research_institute_for_environmental_sciences_and_public_health
B/Yamaguchi/63/2023	national_institute_of_infectious_diseases_(niid)	yamaguchi_prefectural_institute_of_public_health_and_environment
B/Miyazaki/89/2023	national_institute_of_infectious_diseases_(niid)	miyazaki_prefectural_institute_for_public_health_and_environment
B/Oita/5/2023	national_institute_of_infectious_diseases_(niid)	oita_prefectural_institute_of_health_and_environment
B/Wakayama/115/2023	national_institute_of_infectious_diseases_(niid)	wakayama_prefectural_research_center_of_environment_and_public_health
B/Tokyo/EIS10-539/2024	national_institute_of_infectious_diseases_(niid)	national_institute_of_infectious_diseases_(niid)
B/Abudhabi/3857/2024	sheikh_khalifa_medical_city_(skmc)	reference_laboratory_for_infectious_disease_(surveillance_lab)
B/Qatar/85546/2024	crick_worldwide_influenza_centre	supreme_health_council
B/Singapore/GP16603/2024	ministry_of_health,_singapore	ministry_of_health,_singapore
B/Singapore/TT0538/2024	ministry_of_health,_singapore	ministry_of_health,_singapore
B/Singapore/SAR8455/2024	ministry_of_health,_singapore	ministry_of_health,_singapore
B/Singapore/GP10595/2024	ministry_of_health,_singapore	ministry_of_health,_singapore
B/Rondonia/278/2025	instituto_oswaldo_cruz_fiocruz___laboratory_of_respiratory_viruses_and_measles_(lvrs)	laboratório_central_de_saúde_pública_(lacen/ro)
B/Singapore/KK1525/2024	ministry_of_health,_singapore	ministry_of_health,_singapore
B/Queensland/IN000947/2025	public_and_environmental_health_reference_laboratories_(pehrl)	qld,_sullivan_nicolaides_pathology
B/Singapore/GP3883/2023	ministry_of_health,_singapore	ministry_of_health,_singapore
B/Darwin/25/2024	who_collaborating_centre_for_reference_and_research_on_influenza	royal_darwin_hospital
B/Queensland/IN000945/2025	public_and_environmental_health_reference_laboratories_(pehrl)	qld,_sullivan_nicolaides_pathology
A/Pakistan/ICT/1932	national_institute_of_health_pakistan	national_institute_of_health
B/Lebanon/676/2024	crick_worldwide_influenza_centre	rafic_hariri_university_hospital_4th_floor_dna/research_lab
B/Canberra/1/2025	who_collaborating_centre_for_reference_and_research_on_influenza	canberra_hospital
B/Lebanon/321/2024	crick_worldwide_influenza_centre	rafic_hariri_university_hospital_4th_floor_dna/research_lab
B/Lebanon/670/2024	crick_worldwide_influenza_centre	rafic_hariri_university_hospital_4th_floor_dna/research_lab
B/SouthAustralia/2/2022	who_collaborating_centre_for_reference_and_research_on_influenza	institute_of_medical_and_veterinary_science_(imvs)
B/SouthKorea/14794/2024	u.s._air_force_school_of_aerospace_medicine	u.s._air_force_school_of_aerospace_medicine_
B/India/Kol-NIV24_3352/2024	who_collaborating_centre_for_reference_and_research_on_influenza	icmr_national_institute_of_virology
B/HongKong/64/2023	crick_worldwide_influenza_centre	government_virus_unit
B/India/Pune-NIV235805/2023	icmr_national_institute_of_virology	icmr_national_institute_of_virology
B/Singapore/GP10680/2024	ministry_of_health,_singapore	ministry_of_health,_singapore
B/SouthAustralia/150/2023	who_collaborating_centre_for_reference_and_research_on_influenza	institute_of_medical_and_veterinary_science_(imvs)
B/England/241440593/2024	ukhsa_/_respiratory_virus_unit	uk_health_security_agency___colindale
B/Chungbuk/3581/2024	national_institute_of_infectious_diseases_(niid)	national_institute_of_health
B/Switzerland/329/2024-egg	crick_worldwide_influenza_centre	swiss_national_reference_centre_for_influenza
B/Switzerland/329/2024	crick_worldwide_influenza_centre	swiss_national_reference_centre_for_influenza
B/Fukushima/1/2024	national_institute_of_infectious_diseases_(niid)	fukushima_prefectural_institute_of_public_health
B/India/Pune-NIV2316538/2023	icmr_national_institute_of_virology	icmr_national_institute_of_virology
B/NakhonPhanom/F426/2025	thai_national_influenza_center	thai_national_influenza_center
B/Victoria/586/2023	who_collaborating_centre_for_reference_and_research_on_influenza	austin_health
B/SouthAustralia/183/2023	who_collaborating_centre_for_reference_and_research_on_influenza	sa_pathology
B/PapuaNewGuinea/6/2024	who_collaborating_centre_for_reference_and_research_on_influenza	papua_new_guinea_institute_of_medical_research
B/Yamanashi/24018/2024	national_institute_of_infectious_diseases_(niid)	yamanashi_institute_for_public_health
B/HongKong/59/2023	crick_worldwide_influenza_centre	government_virus_unit
B/HongKong/73/2023	crick_worldwide_influenza_centre	government_virus_unit
B/Osaka/10/2024	national_institute_of_infectious_diseases_(niid)	osaka_city_institute_of_public_health_and_environmental_sciences
B/Queensland/IN000408/2024	public_and_environmental_health_reference_laboratories_(pehrl)	qld,_sullivan_nicolaides_pathology
B/Thailand/2/2023	who_collaborating_centre_for_reference_and_research_on_influenza	national_institute_of_health_thailand
B/Brisbane/240/2023	who_collaborating_centre_for_reference_and_research_on_influenza	queensland_health_forensic_and_scientific_services_
B/India/Mys-NIV24_2483/2024	who_collaborating_centre_for_reference_and_research_on_influenza	icmr_national_institute_of_virology
B/India/Pun-NIV24_3276/2024-egg	ns	seasonal_vic
B/Brazil/SP-LEIAL4316/2025	instituto_adolfo_lutz	instituto_adolfo_lutz___national_influenza_center
B/Brazil/SP-LEIAL4317/2025	instituto_adolfo_lutz	instituto_adolfo_lutz___national_influenza_center
B/Algeria/278/2025	crick_worldwide_influenza_centre	institut_pasteur_d'algerie
B/Canberra/2/2025	who_collaborating_centre_for_reference_and_research_on_influenza	canberra_hospital
B/India/Dib-NIV24_3335/2024	who_collaborating_centre_for_reference_and_research_on_influenza	icmr_national_institute_of_virology
B/Queensland/IN000958/2025	public_and_environmental_health_reference_laboratories_(pehrl)	mater_pathology
B/Kochi/111/2024	national_institute_of_infectious_diseases_(niid)	kochi_public_health_and_sanitation_institute_
B/Andalucia/PMC-00467/2024	fundación_progreso_y_salud	servicio_de_microbiología_hospital_universitario_virgen_del_rocío
B/Abudhabi/7744/2024	sheikh_khalifa_medical_city_(skmc)	reference_laboratory_for_infectious_disease_(surveillance_lab)
B/India/Pun-NIVCOV242342/2024	icmr_national_institute_of_virology	icmr_national_institute_of_virology
B/Israel/C584/2024	crick_worldwide_influenza_centre	central_virology_laboratory_israel_(nic)
B/Catalonia/NSVH161520257/2025	hospital_universitari_vall_d'hebron	hospital_universitari_vall_d'hebron
B/Abudhabi/7171/2024	sheikh_khalifa_medical_city_(skmc)	reference_laboratory_for_infectious_disease_(surveillance_lab)
B/NordrheinWestfalen/7/2024	robert_koch_institute_nationales_referenzzentrum_für_influenza	robert_koch_institute_nationales_referenzzentrum_für_influenza
B/RioGrandeDoNorte/4671-IEC/2025	evandro_chagas_institute	evandro_chagas_institute
B/NewYork/PX13865/2024	icahn_school_of_medicine_at_mount_sinai	icahn_school_of_medicine_at_mount_sinai
B/Queensland/IN000957/2025	public_and_environmental_health_reference_laboratories_(pehrl)	mater_pathology
B/Queensland/IN000899/2025	public_and_environmental_health_reference_laboratories_(pehrl)	pathology_queensland
B/Para/8018-IEC/2025	evandro_chagas_institute	evandro_chagas_institute
B/Queensland/IN000955/2025	public_and_environmental_health_reference_laboratories_(pehrl)	pathology_queensland
B/Darwin/3/2025	who_collaborating_centre_for_reference_and_research_on_influenza	royal_darwin_hospital
B/Sydney/25/2024	who_collaborating_centre_for_reference_and_research_on_influenza	4cyte_pathology
B/Victoria/134/2024	who_collaborating_centre_for_reference_and_research_on_influenza	monash_medical_centre
B/SriLanka/22/2024	who_collaborating_centre_for_reference_and_research_on_influenza	medical_research_institute
B/Brunei/28/2024	who_collaborating_centre_for_reference_and_research_on_influenza	r.i.p.a.s._hospital,_department_of_laboratory_services
B/SchleswigHolstein/4/2025	robert_koch_institute_nationales_referenzzentrum_für_influenza	robert_koch_institute_nationales_referenzzentrum_für_influenza
B/HongKong/218/2024	crick_worldwide_influenza_centre	government_virus_unit
B/SouthAfrica/R06703/2024	national_institute_for_communicable_diseases_(nicd)	national_institute_for_communicable_diseases_(nicd)
B/England/340479/2025	ukhsa_/_respiratory_virus_unit	uk_health_security_agency___colindale
B/Singapore/SAR7179/2024	ministry_of_health,_singapore	ministry_of_health,_singapore
B/NewYork/PX13336/2025	icahn_school_of_medicine_at_mount_sinai	icahn_school_of_medicine_at_mount_sinai
B/Madagascar/112/2025	institut_pasteur_de_madagascar	institut_pasteur_de_madagascar
B/Madagascar/99/2025	institut_pasteur_de_madagascar	institut_pasteur_de_madagascar
B/SouthAfrica/R02733/2024	national_institute_for_communicable_diseases_(nicd)	national_institute_for_communicable_diseases_(nicd)
B/Queensland/IN000956/2025	public_and_environmental_health_reference_laboratories_(pehrl)	mater_pathology
B/SuratThani/F3070/2024	thai_national_influenza_center	thai_national_influenza_center
B/Lisbon/16/2025	national_institute_for_health_dr._ricardo_jorge	national_institute_of_health_dr._ricardo_jorge,_infectious_diseases_department,_national_influenza_reference_laboratory
B/Bangkok/F280/2025	thai_national_influenza_center	thai_national_influenza_center
B/Victoria/103/2024	who_collaborating_centre_for_reference_and_research_on_influenza	monash_medical_centre
B/Victoria/13/2022	who_collaborating_centre_for_reference_and_research_on_influenza	who_collaborating_centre_for_reference_and_research_on_influenza
B/England/224900452/2022	uk_health_security_agency___colindale	uk_health_security_agency___colindale
B/NewYork/PX13457/2024	icahn_school_of_medicine_at_mount_sinai	icahn_school_of_medicine_at_mount_sinai
B/Abudhabi/8316/2024	sheikh_khalifa_medical_city_(skmc)	reference_laboratory_for_infectious_disease_(surveillance_lab)
B/SriLanka/2/2025	who_collaborating_centre_for_reference_and_research_on_influenza	medical_research_institute
B/Perth/471/2024	who_collaborating_centre_for_reference_and_research_on_influenza	pathwest_qe_ii_medical_centre
B/NewYork/PX15036/2025	icahn_school_of_medicine_at_mount_sinai	icahn_school_of_medicine_at_mount_sinai
B/Catalonia/NSBE250864542/2023	hospital_universitari_vall_d'hebron	hospital_universitari_de_bellvitge
B/CostaRica/INC-0494-807599/2023	inciensa,_investigacion_y_ensenanza_en_nutricion_y_salud	inciensa,_investigación_y_enseñanza_en_nutrición_y_salud
B/Michigan/MISAPPHIREL364618746/2023	university_of_michigan	henry_ford_health_microbiology_laboratory
B/Para/8000-IEC/2025	evandro_chagas_institute	evandro_chagas_institute
B/CountiesManukau/6/2023	who_collaborating_centre_for_reference_and_research_on_influenza	institute_of_environmental_science_and_research_(esr)
B/Madagascar/140/2025	institut_pasteur_de_madagascar	institut_pasteur_de_madagascar
B/Estonia/174174/2023	crick_worldwide_influenza_centre	health_protection_inspectorate
B/Fukushima/3/2023	national_institute_of_infectious_diseases_(niid)	fukushima_prefectural_institute_of_public_health
B/Tokyo/EIS10-165/2024	national_institute_of_infectious_diseases_(niid)	national_institute_of_infectious_diseases_(niid)
B/Sergipe/7086/2023	oswaldo_cruz_foundation	lacen/se___laboratório_central_de_saúde_pública_de_sergipe___instituto_parreira_horta
B/Catalonia/NSVC741056055/2023	hospital_universitari_vall_d'hebron	hospital_verge_de_la_cinta
B/Romania/548068/2023	cantacuzino_institute	cantacuzino_national_military_medical_institute_for_research_and_development
B/Osaka/1/2024	national_institute_of_infectious_diseases_(niid)	osaka_prefectural_institute_of_public_health
B/Vietnam/PF124094/2024	bach_mai_hospital	bach_mai_hospital
B/HongKong/VB24089107/2024	hong_kong_department_of_health_,_public_health_laboratory_services_branch	hong_kong_department_of_health
B/Netherlands/12154/2022	national_institute_for_public_health_and_the_environment_(rivm)	pamm
B/HongKong/2394/2023	crick_worldwide_influenza_centre	government_virus_unit
B/HongKong/6952/2023	crick_worldwide_influenza_centre	government_virus_unit
B/Para/7993-IEC/2025	evandro_chagas_institute	evandro_chagas_institute
B/Para/8015-IEC/2025	evandro_chagas_institute	evandro_chagas_institute
B/Para/4051-IEC/2025	evandro_chagas_institute	evandro_chagas_institute
B/Indonesia/BIOKES-SRHS76/2025	balai_besar_laboratorium_biologi_kesehatan	balai_besar_laboratorium_biologi_kesehatan
B/Madagascar/82/2025	institut_pasteur_de_madagascar	institut_pasteur_de_madagascar
B/Madagascar/90/2025	institut_pasteur_de_madagascar	institut_pasteur_de_madagascar
B/Singapore/NUH1108/2024	ministry_of_health,_singapore	ministry_of_health,_singapore
B/Niigata/236/2024	national_institute_of_infectious_diseases_(niid)	niigata_prefectural_institute_of_public_health_and_environmental_sciences
B/Victoria/3/2025	who_collaborating_centre_for_reference_and_research_on_influenza	royal_chidrens_hospital
B/VinaDelMar/85907/2024	instituto_de_salud_pública_de_chile	instituto_de_salud_publica_de_chile
B/VinaDelMar/78216/2024	instituto_de_salud_pública_de_chile	instituto_de_salud_publica_de_chile
B/Bangkok/P392/2025	thai_national_influenza_center	thai_national_influenza_center
B/NakhonPhanom/F586/2025	thai_national_influenza_center	thai_national_influenza_center
B/NakhonPhanom/F363/2025	thai_national_influenza_center	thai_national_influenza_center
B/Madagascar/2725/2024	crick_worldwide_influenza_centre	institut_pasteur_de_madagascar
B/NakhonPhanom/F310/2025	thai_national_influenza_center	thai_national_influenza_center
B/ChiangRai/F839/2025	thai_national_influenza_center	thai_national_influenza_center
B/HongKong/200/2024	hong_kong_department_of_health_,_public_health_laboratory_services_branch	hong_kong_department_of_health
B/NakhonPhanom/F544/2025	thai_national_influenza_center	thai_national_influenza_center
B/NakhonPhanom/D120/2025	thai_national_influenza_center	thai_national_influenza_center
B/NakhonPhanom/D102/2025	thai_national_influenza_center	thai_national_influenza_center
B/NakhonPhanom/D103/2025	thai_national_influenza_center	thai_national_influenza_center
B/NakhonPhanom/F474/2025	thai_national_influenza_center	thai_national_influenza_center
B/NakhonPhanom/F789/2025	thai_national_influenza_center	thai_national_influenza_center
B/NakhonPhanom/F720/2025	thai_national_influenza_center	thai_national_influenza_center
B/NakhonPhanom/F719/2025	thai_national_influenza_center	thai_national_influenza_center
B/NakhonPhanom/F654/2025	thai_national_influenza_center	thai_national_influenza_center
B/NakhonPhanom/F543/2025	thai_national_influenza_center	thai_national_influenza_center
B/NakhonPhanom/F504/2025	thai_national_influenza_center	thai_national_influenza_center
B/NakhonPhanom/F505/2025	thai_national_influenza_center	thai_national_influenza_center
B/NakhonPhanom/D76/2025	thai_national_influenza_center	thai_national_influenza_center
B/NakhonPhanom/D63/2025	thai_national_influenza_center	thai_national_influenza_center
B/NakhonPhanom/F427/2025	thai_national_influenza_center	thai_national_influenza_center
B/NakhonPhanom/F717/2025	thai_national_influenza_center	thai_national_influenza_center
B/Romania/488575/2021	crick_worldwide_influenza_centre	cantacuzino_institute
B/Abudhabi/805/2023	sheikh_khalifa_medical_city_(skmc)	reference_laboratory_for_infectious_disease_(surveillance_lab)
B/India/Pun-NIV226678/2022	icmr_national_institute_of_virology	icmr_national_institute_of_virology
B/India/Pun-NIV226861/2022	icmr_national_institute_of_virology	icmr_national_institute_of_virology
B/Osaka/2/2023	national_institute_of_infectious_diseases_(niid)	osaka_prefectural_institute_of_public_health
B/Singapore/NUH0729/2023	ministry_of_health,_singapore	ministry_of_health,_singapore
B/HongKong/8442/2023	crick_worldwide_influenza_centre	government_virus_unit
B/Queensland/IN000949/2025	public_and_environmental_health_reference_laboratories_(pehrl)	qld,_sullivan_nicolaides_pathology
B/England/225260988/2022	uk_health_security_agency___colindale	uk_health_security_agency___colindale
B/Abudhabi/1474/2023	sheikh_khalifa_medical_city_(skmc)	reference_laboratory_for_infectious_disease_(surveillance_lab)
B/England/241221030/2024	ukhsa_/_respiratory_virus_unit	uk_health_security_agency___colindale
B/Perth/450/2024	who_collaborating_centre_for_reference_and_research_on_influenza	pathwest_qe_ii_medical_centre
B/Vietnam/PF224134/2024	bach_mai_hospital	bach_mai_hospital
B/Hiroshima/9/2023	national_institute_of_infectious_diseases_(niid)	center_for_public_health_and_environment,_hiroshima_prefectural_technology_research_institute
B/Delaware/DE-DHSS-381/2024	delaware_public_health_laboratory	delaware_public_health_lab
B/Poland/PL09/2023	crick_worldwide_influenza_centre	national_institute_of_public_health___national_institute_of_hygiene
B/Queensland/IN000441/2024	public_and_environmental_health_reference_laboratories_(pehrl)	qld,_sullivan_nicolaides_pathology
B/Ceuta/496/2025	instituto_de_salud_carlos_iii	servicio_de_microbiología_hospital_universitario_de_ceuta
B/Netherlands/10073/2025	national_institute_for_public_health_and_the_environment_(rivm)	national_institute_for_public_health_and_the_environment_(rivm)
B/Navarra/2443/2024	instituto_de_salud_carlos_iii	servicio_de_microbiología_clínica_universidad_de_navarra
B/Catalonia/NSGT198319353/2025	hospital_universitari_vall_d'hebron	hospital_universitari_germans_trias_i_pujol_
B/Andalucia/2370/2024	instituto_de_salud_carlos_iii	servicio_de_microbiología_hospital_virgen_de_las_nieves
B/Tahiti/5/2024	who_collaborating_centre_for_reference_and_research_on_influenza	institute_malarde_clinical_laboratory
B/NewYork/PX14268/2025	icahn_school_of_medicine_at_mount_sinai	icahn_school_of_medicine_at_mount_sinai
B/Tahiti/2/2025	who_collaborating_centre_for_reference_and_research_on_influenza	institute_malarde_clinical_laboratory
B/Israel/R18759/2024	crick_worldwide_influenza_centre	central_virology_laboratory_israel_(nic)
B/Galicia/GA-CHUAC-193/2024	hospital_universitario_de_a_coruña	a_coruna_university_hospital_complex_(chuac)
B/Queensland/IN000953/2025	public_and_environmental_health_reference_laboratories_(pehrl)	qld,_sullivan_nicolaides_pathology
B/Queensland/IN000903/2025	public_and_environmental_health_reference_laboratories_(pehrl)	pathology_queensland
B/England/280260/2025	ukhsa_/_respiratory_virus_unit	uk_health_security_agency___colindale
B/Catalonia/NSAV198318715/2025	hospital_universitari_vall_d'hebron	hospital_universitari_arnau_de_vilanova
B/Badajoz/18671090/2025	hospital_universitario_de_badajoz	hospital_universitario_de_badajoz
B/Salamanca/192/2024	crick_worldwide_influenza_centre	universidad_de_valladolid
B/Lyon/CHU/R2421345/2024	crick_worldwide_influenza_centre	cnr_virus_des_infections_respiratoires___france_sud
B/Queensland/IN000950/2025	public_and_environmental_health_reference_laboratories_(pehrl)	qld,_sullivan_nicolaides_pathology
B/Victoria/1/2025	who_collaborating_centre_for_reference_and_research_on_influenza	royal_melbourne_hospital
B/Queensland/IN000933/2024	public_and_environmental_health_reference_laboratories_(pehrl)	pathology_queensland
B/NewJersey/15479/2025	u.s._air_force_school_of_aerospace_medicine	u.s._air_force_school_of_aerospace_medicine_
B/Arica/79102/2024	instituto_de_salud_pública_de_chile	instituto_de_salud_publica_de_chile
B/Burgos/189/2024	crick_worldwide_influenza_centre	universidad_de_valladolid
B/VinaDelMar/95763/2024	instituto_de_salud_pública_de_chile	instituto_de_salud_publica_de_chile
B/Iquique/81011/2024	instituto_de_salud_pública_de_chile	instituto_de_salud_publica_de_chile
B/Santiago/80189/2024	instituto_de_salud_pública_de_chile	instituto_de_salud_publica_de_chile
B/RiodeJaneiro/12581/2024	instituto_oswaldo_cruz_fiocruz___laboratory_of_respiratory_viruses_and_measles_(lvrs)	laboratorio_central_do_estado_do_rio_de_janeiro___lacen/rj___noel_nutels
B/Maryland/DE-DHSS-883/2025	delaware_public_health_laboratory	delaware_public_health_lab
B/England/420207/2025	ukhsa_/_respiratory_virus_unit	uk_health_security_agency___colindale
B/RioGrandeDoNorte/4673-IEC/2025	evandro_chagas_institute	evandro_chagas_institute
B/VinaDelMar/88861/2024	instituto_de_salud_pública_de_chile	instituto_de_salud_publica_de_chile
B/Brazil/SP-LEIAL4025/2024	instituto_adolfo_lutz	instituto_adolfo_lutz___national_influenza_center
B/Aragon/1929/2024	instituto_de_salud_carlos_iii	servicio_de_microbiología_hospital_miguel_servet
B/Queensland/IN000951/2025	public_and_environmental_health_reference_laboratories_(pehrl)	qld,_sullivan_nicolaides_pathology
B/VinaDelMar/89345/2024	instituto_de_salud_pública_de_chile	instituto_de_salud_publica_de_chile
B/VinaDelMar/96725/2024	instituto_de_salud_pública_de_chile	instituto_de_salud_publica_de_chile
B/LaSerena/79373/2024	instituto_de_salud_pública_de_chile	instituto_de_salud_publica_de_chile
B/Victoria/78/2024	who_collaborating_centre_for_reference_and_research_on_influenza	royal_chidrens_hospital
B/England/240620471/2024	ukhsa_/_respiratory_virus_unit	uk_health_security_agency___colindale
B/Saskatchewan/SKFLU374948/2024	saskatchewan_health_authority	roy_romanow_provincial_laboratory
B/England/241020225/2024	ukhsa_/_respiratory_virus_unit	uk_health_security_agency___colindale
B/PuntaArenas/81563/2024	instituto_de_salud_pública_de_chile	instituto_de_salud_publica_de_chile
B/Iquique/75802/2024	instituto_de_salud_pública_de_chile	instituto_de_salud_publica_de_chile
B/VinaDelMar/101809/2024	instituto_de_salud_pública_de_chile	instituto_de_salud_publica_de_chile