strain	originating_lab	submitting_lab
A/HongKong/1/2009	queen_mary_hospital	state_key_laboratory_of_emerging_infectious_diseases
A/Denmark/523/2009	statens_serum_institute	other_database_import
A/Delhi/NIV3610/2009		other_database_import
A/Kikuyu/184/2009	ari_unit,_kenya_medical_research_institute_(kemri___nic),_centre_for_virus_research_annex,_p.o_box_54628	kenya_medical_research_institute
A/Kisumu/61/2009	ari_unit,_kenya_medical_research_institute_(kemri___nic),_centre_for_virus_research_annex,_p.o_box_54628	kenya_medical_research_institute
A/Wisconsin/629-D00183/2009		other_database_import
A/Fujian/SWL3/2009-egg		who_chinese_national_influenza_center
A/SanDiego/INS10/2009		other_database_import
A/Taiwan/14/2009		other_database_import
A/Malaysia/2135565/2009		other_database_import
A/Sydney/DD3-03/2010		other_database_import
A/SriLanka/2008/2009		other_database_import
A/ElSalvador/1553/2009-egg	contiguo_a_hospital_rosales	centers_for_disease_control_and_prevention
A/ElSalvador/1553/2009	contiguo_a_hospital_rosales	centers_for_disease_control_and_prevention
A/Bogota/WRAIR0440T/2009		other_database_import
A/Bishkek/WRAIR0883N/2009		other_database_import
A/Bamako/WR2361N/2009		other_database_import
A/Managua/WRAIR1689P/2009		other_database_import
A/AddisAbaba/WR2848T/2009		other_database_import
A/Belgrade/WRAIR2384N/2009		other_database_import
A/Lagos/WRAIR1982N/2009		other_database_import
A/HongKong/WRAIR0114T/2009		other_database_import
A/Indonesia/NIHRD1608/2009		national_institute_of_health_research_and_development
A/Australia/42/2009		other_database_import
A/Brownsville/37OS/2009		other_database_import
A/Mexico/LaGloria-3/2009-egg		other_database_import
A/Mexico/LaGloria-4/2009-egg		other_database_import
A/Mexico/LaGloria-8/2009-egg		other_database_import
A/Shanghai/SWL119/2009		who_chinese_national_influenza_center
A/Beijing/1/2009	who_chinese_national_influenza_center	other_database_import
A/Tianjin/SWL1/2009-egg		who_chinese_national_influenza_center
A/Narita/1/2009		other_database_import
A/SantoDomingo/1066N/2009		other_database_import
A/Lima/WRAIR1687P/2009		other_database_import
A/SantoDomingo/574T/2009		other_database_import
A/Wisconsin/629-D00022/2009		other_database_import
A/Vladivostok/IIV18/2009		other_database_import
A/England/195/2009-egg	microbiology_services_colindale,_public_health_england	centers_for_disease_control_and_prevention
A/England/195/2009	microbiology_services_colindale,_public_health_england	national_institute_for_medical_research
A/Bangalore/NIV236/2009		other_database_import
A/Singapore/GP2686/2009		other_database_import
A/Pune/NIV10604/2009		other_database_import
A/Pune/NIV6196/2009		other_database_import
A/Guam/NHRC0004/2009		other_database_import
A/Nashik/NIV10348/2009		other_database_import
A/England/443/2009		other_database_import
A/Ireland/5/2009		other_database_import
A/Tokushima/1/2009		other_database_import
A/Taiwan/T1773/2009		other_database_import
A/NewYork/4197/2009		other_database_import
A/Bhutan/739/2009	thailand_moph_u.s._cdc_collaboration_(ieip)	centers_for_disease_control_and_prevention
A/Utsunomiya/1/2009		other_database_import
A/Niigata/700/2009		other_database_import
A/Paris/2709/2009		institut_pasteur
A/SantoDomingo/572N/2009		other_database_import
A/Lorraine/5510/2009		institut_pasteur
A/Taiwan/1164/2010		other_database_import
A/Dakar/WRAIR0020T/2010		other_database_import
A/SantoDomingo/WRAIR1414N/2009		other_database_import
A/Dakar/WRAIR0019T/2010		other_database_import
A/Moscow/WRAIR4316T/2011		other_database_import
A/Moscow/WRAIR4316N/2011		other_database_import
A/Mali/A_Mali-PERCH_011_2012/2012	virus_epidemiology_research_group,_kenya_medical_research_institute	
A/Mali/A_Mali-PERCH_009_2012/2012	virus_epidemiology_research_group,_kenya_medical_research_institute	
A/Zhejiang/82/2009		other_database_import
A/Texas/JMS409/2009		other_database_import
A/Tennessee/F1076A/2010		other_database_import
A/Texas/JMS405/2009		other_database_import
A/KhonKaen/INS457/2010		other_database_import
A/KhonKaen/INS454/2010		other_database_import
A/KhonKaen/INS447/2010		other_database_import
A/KhonKaen/INS441/2010		other_database_import
A/Warsaw/INS148/2009		other_database_import
A/ChampagneArdenne/659/2011		institut_pasteur
A/Centre/81/2011		institut_pasteur
A/England/862/2009		other_database_import
A/Belgorod/1/2009-egg	russian_academy_of_medical_sciences	centers_for_disease_control_and_prevention
A/Aalborg/INS133/2009		other_database_import
A/Athens/INS421/2010		other_database_import
A/LosAngeles/INS423/2010		other_database_import
A/Connecticut/2/2010	connecticut_department._of_public_health	centers_for_disease_control_and_prevention
A/NewYork/6864/2009		other_database_import
A/SriLanka/2009/2009		other_database_import
A/California/VRDL75/2009		other_database_import
A/Tennessee/F1066c65/2010		other_database_import
A/Tennessee/F1074/2010		other_database_import
A/Chile/6/2010		other_database_import
A/Tennessee/F1072c71/2010		other_database_import
A/Tennessee/F1071B/2010		other_database_import
A/Yokohama/1311/2009		national_institute_of_infectious_diseases_(niid)
A/Tochigi/10/2010		other_database_import
A/Russia/191/2009-egg		other_database_import
A/StPetersburg/204/2010-egg	russian_academy_of_medical_sciences	centers_for_disease_control_and_prevention
A/Lipetsk/CRIE-BVV/2009		other_database_import
A/Hvidovre/INS141/2009		other_database_import
A/Anadyr/177/2009-egg	seasonal_h1n1pdm	pb1
A/Russia/14/2009-egg		other_database_import
A/Russia/4/2009-egg		other_database_import
A/Saitama/63/2009		national_institute_of_infectious_diseases_(niid)
A/Singapore/DMS623/2009		other_database_import
A/Guam/NHRC0012/2009		other_database_import
A/Guam/NHRC0009/2009		other_database_import
A/Guam/NHRC0021/2009		other_database_import
A/Tomsk/273/2010		other_database_import
A/Russia/1/2009		other_database_import
A/Sydney/DD3-11/2010		other_database_import
A/Sydney/DD3-37/2010		other_database_import
A/Pune/NIV8489/2009		other_database_import
A/Pune/NIV6447/2009		other_database_import
A/Cambodia/9/2010	institute_pasteur_du_cambodia	who_collaborating_centre_for_reference_and_research_on_influenza
A/CzechRepublic/111/2011		other_database_import
A/CzechRepublic/112/2011		other_database_import
A/Shaanxi-Beilin/SWL134/2010		who_chinese_national_influenza_center
A/Texas/JMS362/2009		other_database_import
A/NewYork/7420/2010		other_database_import
A/Tver/IIV-183/2009-egg	seasonal_h1n1pdm	pb1
A/HongKong/H090-715-V10/2009		other_database_import
A/Russia/190/2009-egg		other_database_import
A/Uganda/MUWRP-098/2009		other_database_import
A/Uganda/MUWRP-069/2009		other_database_import
A/Uganda/MUWRP-067/2009		other_database_import
A/Uganda/MUWRP-066/2009		other_database_import
A/Australia/57/2009		other_database_import
A/Thailand/MR08303/2009		other_database_import
A/Yaroslavl/IIV-196/2009-egg	seasonal_h1n1pdm	pb1
A/Singapore/DMS835/2009		other_database_import
A/Australia/23/2009		other_database_import
A/Australia/37/2009		other_database_import
A/Australia/59/2009		other_database_import
A/Australia/72/2009		other_database_import
A/Chile/4064/2009		other_database_import
A/Guangdong/45/2009		other_database_import
A/Guangdong/1/2009-egg		who_chinese_national_influenza_center
A/Guangdong/1/2009		other_database_import
A/Vietnam/13032015/2009		other_database_import
A/Thailand/SS08193/2009		other_database_import
A/Victoria/2123/2009	victorian_infectious_diseases_reference_laboratory_	who_collaborating_centre_for_reference_and_research_on_influenza
A/Zhejiang/2/2009		other_database_import
A/Ohio/7/2009	ohio_department_of_health_laboratories	centers_for_disease_control_and_prevention
A/Ohio/7/2009-egg	ohio_department_of_health_laboratories	centers_for_disease_control_and_prevention
A/Victoria/2121/2009	victorian_infectious_diseases_reference_laboratory_	who_collaborating_centre_for_reference_and_research_on_influenza
A/Shanghai/71T/2009		shanghai_public_health_clinical_center
A/Guam/NHRC0013/2009		other_database_import
A/Guam/NHRC0008/2009		other_database_import
A/Perth/267/2009	pathwest_qe_ii_medical_centre	who_collaborating_centre_for_reference_and_research_on_influenza
A/Kenya/126/2009	cdc_kenya	centers_for_disease_control_and_prevention
A/Vietnam/13032096/2009		other_database_import
A/Hainan/SWL14/2009		who_chinese_national_influenza_center
A/Shanghai/SWL3/2009		who_chinese_national_influenza_center
A/Australia/58/2009		other_database_import
A/Hunan/SWL18/2009-egg		who_chinese_national_influenza_center
A/Australia/11/2009		other_database_import
A/SouthAustralia/2002a/2009	institute_of_medical_and_veterinary_science_(imvs)	who_collaborating_centre_for_reference_and_research_on_influenza
A/NewZealand/874/2009	institute_of_environmental_science_&_research	centers_for_disease_control_and_prevention
A/Victoria/3035/2009	victorian_infectious_diseases_reference_laboratory_	who_collaborating_centre_for_reference_and_research_on_influenza
A/Heilongjiang/SWL1/2009-egg		who_chinese_national_influenza_center
A/NewZealand/871/2009	institute_of_environmental_science_&_research	centers_for_disease_control_and_prevention
A/Shanghai/1/2009		who_chinese_national_influenza_center
A/Australia/61/2009		other_database_import
A/Singapore/GP4895/2009		other_database_import
A/Singapore/ON2378/2009		other_database_import
A/Moscow/WRAIR1627T/2009		other_database_import
A/Wisconsin/629-D01414/2009		other_database_import
A/Qingdao/F970/2010		other_database_import
A/Hubei-Hongshan/SWL143/2010-egg		who_chinese_national_influenza_center
A/Malaysia/2180812/2009		other_database_import
A/Argentina/8AR/2009		other_database_import
A/California/7-JRO10/2009-egg	seasonal_h1n1pdm	pb1
A/Lima/WRAIR8893F/2009		other_database_import
A/NewYork/4855/2009		other_database_import
A/NewYork/20/2009-egg	new_york_city_department_of_health	centers_for_disease_control_and_prevention
A/Kanagawa/137/2009		other_database_import
A/Mexico/4108/2009	laboratorio_de_virus_respiratorio	centers_for_disease_control_and_prevention
A/Bishkek/WR0882N/2009		other_database_import
A/Kakamega/215/2009	ari_unit,_kenya_medical_research_institute_(kemri___nic),_centre_for_virus_research_annex,_p.o_box_54628	kenya_medical_research_institute
A/Mombasa/148/2009	ari_unit,_kenya_medical_research_institute_(kemri___nic),_centre_for_virus_research_annex,_p.o_box_54628	kenya_medical_research_institute
A/Nyeri/478/2009	ari_unit,_kenya_medical_research_institute_(kemri___nic),_centre_for_virus_research_annex,_p.o_box_54628	kenya_medical_research_institute
A/Nairobi/58/2009	ari_unit,_kenya_medical_research_institute_(kemri___nic),_centre_for_virus_research_annex,_p.o_box_54628	kenya_medical_research_institute
A/Ontario/RV3226/2009-egg	national_microbiology_laboratory,_health_canada	centers_for_disease_control_and_prevention
A/Thailand/CU-H2176/2010		other_database_import
A/Fukuoka-C/26/2009		national_institute_of_infectious_diseases_(niid)
A/Mongolia/JP5701/2009		national_institute_of_infectious_diseases_(niid)
A/Yamagata/313/2009		national_institute_of_infectious_diseases_(niid)
A/Ulaanbaatar/6525/2009		other_database_import
A/Hiroshima/201/2009-egg		other_database_import
A/NewYork/4870/2009		other_database_import
A/Vietnam/13032076/2009		other_database_import
A/Vietnam/13032044/2009		other_database_import
A/Yamaguchi/248/2009	yamaguchi_prefectural_institute_of_public_health_and_environment	other_database_import
A/Brazil/AVS06/2009		other_database_import
A/Wisconsin/629-D00629/2009		other_database_import
A/Bangkok/INS425/2010		other_database_import
A/Yamaguchi/56/2009		national_institute_of_infectious_diseases_(niid)
A/England/428/2009	microbiology_services_colindale,_public_health_england	microbiology_services_colindale,_public_health_england
A/Hunan/SWL6/2009		who_chinese_national_influenza_center
A/Yamaguchi/217/2009	yamaguchi_prefectural_institute_of_public_health_and_environment	other_database_import
A/Argentina/HNRG84/2009-egg		other_database_import
A/Argentina/HNRG104/2009-egg		other_database_import
A/Argentina/HNRG83/2009-egg		other_database_import
A/Budapest/WRAIR3789T/2011		other_database_import
A/Moscow/WRAIR4314T/2011		other_database_import
A/Moscow/WRAIR4314N/2011		other_database_import
A/Budapest/WRAIR3789N/2011		other_database_import
A/Moscow/WRAIR4308T/2011		other_database_import
A/Moscow/WRAIR1967P/2011		other_database_import
A/Moscow/WRAIR1968P/2011		other_database_import
A/Wisconsin/629-D01664/2009		other_database_import
A/California/8/2009	naval_health_research_center	centers_for_disease_control_and_prevention
A/Georgia/M5081/2012		other_database_import
A/Orenburg/IIV-13/2010-egg	seasonal_h1n1pdm	pb1
A/Orenburg/IIV-13/2010		other_database_import
A/Tianjin/SWL4/2009-egg		who_chinese_national_influenza_center
A/CoteDIvoire/709/2009	pasteur_institut_of_côte_d'ivoire	centers_for_disease_control_and_prevention
A/Stockholm/45/2009		swedish_national_institute_for_communicable_disease_control
A/Boston/667/2009		other_database_import
A/Australia/16/2009		other_database_import
A/Australia/38/2009		other_database_import
A/Argentina/9588/2009		other_database_import
A/Chiba/1016/2009		national_institute_of_infectious_diseases_(niid)
A/California/7-JRO09/2009-egg	seasonal_h1n1pdm	pb1
A/Zhejiang/X2/2009		other_database_import
A/Managua/55401/2009		other_database_import
A/Moscow/1/2009		other_database_import
A/NewYork/NHRC0003/2009		other_database_import
A/Fujian/SWL6/2009-egg		who_chinese_national_influenza_center
A/Argentina/8989/2009		other_database_import
A/Aarhus/INS118/2009		other_database_import
A/Athens/INS259/2009		other_database_import
A/Suriname/777/2010	caribbean_epidemiology_center	centers_for_disease_control_and_prevention
A/Argentina/HNRG13/2009-egg		other_database_import
A/Argentina/HNRG3/2009-egg		other_database_import
A/Orenburg/1/2009		other_database_import
A/Delaware/2/2009-egg		centers_for_disease_control_and_prevention
A/Delaware/3/2009-egg		centers_for_disease_control_and_prevention
A/Shanghai/SWL4/2009-egg		who_chinese_national_influenza_center
A/Beijing/3/2009		who_chinese_national_influenza_center
A/Shizuoka/826/2009		national_institute_of_infectious_diseases_(niid)
A/NewYork/20/2009	new_york_city_department_of_health	centers_for_disease_control_and_prevention
A/Tennessee/F1060/2010		other_database_import
A/Bonn/INS284/2009		other_database_import
A/Moscow/IIV01/2009		other_database_import
A/Russia/19/2009-egg		other_database_import
A/HongKong/H090-663-V10/2009		other_database_import
A/Chile/4257/2009		other_database_import
A/Russia/12/2009-egg		other_database_import
A/Chile/3056/2009		other_database_import
A/Wakayama/54/2009		national_institute_of_infectious_diseases_(niid)
A/Fujian/SWL7/2009		who_chinese_national_influenza_center
A/Singapore/ON313/2009		other_database_import
A/Argentina/HNRG102/2010-egg		other_database_import
A/Guizhou/SWL1/2009		who_chinese_national_influenza_center
A/Singapore/DMS952/2009		other_database_import
A/Argentina/HNRG21/2009-egg		other_database_import
A/Argentina/HNRG40/2009-egg		other_database_import
A/Argentina/HNRG36/2009-egg		other_database_import
A/Argentina/HNRG45/2009-egg		other_database_import
A/Argentina/HNRG14/2009-egg		other_database_import
A/Argentina/HNRG32/2009-egg		other_database_import
A/Bochum/INS248/2009		other_database_import
A/Argentina/HNRG105/2009-egg		other_database_import
A/Argentina/HNRG33/2009-egg		other_database_import
A/Qingdao/F966/2010		other_database_import
A/Jilin-Nanguan/SWL181/2010		who_chinese_national_influenza_center
A/Malaysia/2098053/2009		other_database_import
A/Kisii/143/2009	ari_unit,_kenya_medical_research_institute_(kemri___nic),_centre_for_virus_research_annex,_p.o_box_54628	kenya_medical_research_institute
A/Mexico/4108/2009-egg	laboratorio_de_virus_respiratorio	centers_for_disease_control_and_prevention
A/Bangalore/NIV310/2009		other_database_import
A/Hyderabad/NIV51/2009		other_database_import
A/Iraq/8529/2009-egg	u.s._air_force_school_of_aerospace_medicine	centers_for_disease_control_and_prevention
A/Paraguay/9/2009	central_laboratory_of_public_health	centers_for_disease_control_and_prevention
A/Guangdong-Liwan/SWL176/2010		who_chinese_national_influenza_center
A/Guangdong-Liwan/SWL172/2010		who_chinese_national_influenza_center
A/Athens/INS272/2009		other_database_import
A/England/WTSI1774/2010		other_database_import
A/Argentina/HNRG82/2009-egg		other_database_import
A/Argentina/HNRG23/2009-egg		other_database_import
A/Argentina/HNRG15/2009-egg		other_database_import
A/Hubei-Songzi/SWL1166/2010		who_chinese_national_influenza_center
A/Hubei-Wuchang/SWL145/2010		who_chinese_national_influenza_center
A/Hubei-Songzi/SWL161/2010		who_chinese_national_influenza_center
A/Olgii/9911/2009		other_database_import
A/Guangdong-Duanzhou/SWL1198/2010		who_chinese_national_influenza_center
A/Guangdong-Liwan/SWL1170/2010		who_chinese_national_influenza_center
A/Guangzhou/GIRD74/2010		other_database_import
A/Guangdong-Jiangcheng/SWL181/2010		who_chinese_national_influenza_center
A/TianjinHeping/SWL313/2009		other_database_import
A/Nanjing/2/2010		other_database_import
A/Shanghai-Pudongxin/SWL1335/2010		who_chinese_national_influenza_center
A/Uganda/MUWRP-222/2010		other_database_import
A/Uganda/MUWRP-220/2010		other_database_import
A/Uganda/MUWRP-212/2010		other_database_import
A/Guangxi/SWL7/2009		who_chinese_national_influenza_center
A/Mongolia/JP5621/2009		national_institute_of_infectious_diseases_(niid)
A/Qingdao/FF894/2010		other_database_import
A/Russia/100/2009-egg		other_database_import
A/India/Bangalore/2010		other_database_import
A/Thailand/SR08112/2010		other_database_import
A/Thailand/SR08103/2010		other_database_import
A/Moscow/WRAIR1966P/2011		other_database_import
A/Moscow/WRAIR1965P/2011		other_database_import
A/Athens/INS552/2011		other_database_import
A/Cologne/INS538/2011		other_database_import
A/Brazil/AVS11/2011		other_database_import
A/Brazil/AVS08/2011		other_database_import
A/Usa/7N5/2011	university_of_washington	
A/Voronezh/1/2011-egg	russian_academy_of_medical_sciences	centers_for_disease_control_and_prevention
A/Kenya/196/2011	us_army_medical_research_unit___kenya_(usamru_k),_geis_human_influenza_program	usamru_k
A/Singapore/DMS1239/2012		other_database_import
A/Singapore/DMS1228/2011		other_database_import
A/SriLanka/1011/2011		other_database_import
A/SriLanka/2290/2011		other_database_import
A/SriLanka/1082/2011		other_database_import
A/SriLanka/22538/2010		other_database_import
A/SriLanka/22700/2010		other_database_import
A/Moscow/WRAIR1933P/2011		other_database_import
A/Moscow/WRAIR1932P/2011		other_database_import
A/Peru/PER045/2011		other_database_import
A/Singapore/GP917/2011		other_database_import
A/Perth/29/2011	pathwest_qe_ii_medical_centre	who_collaborating_centre_for_reference_and_research_on_influenza
A/Singapore/GP767/2011		other_database_import
A/Singapore/DMS1183/2011		other_database_import
A/Singapore/GP887/2011		other_database_import
A/Singapore/DMS1179/2011		other_database_import
A/Taiwan/1102/2011		other_database_import
A/Singapore/GP496/2011		other_database_import
A/SriLanka/20887/2010		other_database_import
A/SriLanka/21406/2010		other_database_import
A/SriLanka/34/2011		other_database_import
A/SriLanka/20502/2010		other_database_import
A/SriLanka/20894/2010		other_database_import
A/SriLanka/22610/2010		other_database_import
A/SriLanka/20708/2010		other_database_import
A/SriLanka/21048/2010		other_database_import
A/SriLanka/20703/2010		other_database_import
A/SriLanka/19838/2010		other_database_import
A/SriLanka/23127/2010		other_database_import
A/Chita/RII08/2012		other_database_import
A/Amman/WRAIR3448N/2010		other_database_import
A/Amman/WRAIR3448T/2010		other_database_import
A/England/446/2010		other_database_import
A/England/689/2010		other_database_import
A/England/139/2010	microbiology_services_colindale,_public_health_england	other_database_import
A/England/331/2010		other_database_import
A/England/182/2010	microbiology_services_colindale,_public_health_england	other_database_import
A/Bangkok/INS493/2010		other_database_import
A/Taiwan/552/2011		other_database_import
A/Paris/696/2011		institut_pasteur
A/SriLanka/23194/2010		other_database_import
A/India/NIV1028816/2010		other_database_import
A/India/NIV1028800/2010		other_database_import
A/Boston/DOA14/2011		other_database_import
A/Uganda/MUWRP-243/2011		other_database_import
A/Uganda/MUWRP-233/2010		other_database_import
A/Uganda/MUWRP-236/2010		other_database_import
A/Uganda/MUWRP-240/2011		other_database_import
A/Yamaguchi/247/2009	yamaguchi_prefectural_institute_of_public_health_and_environment	other_database_import
A/MexicoCity/WRAIR1786T/2009		other_database_import
A/Cambridge/INS528/2010		other_database_import
A/Georgia/4/2010	georgia_public_health_laboratory	centers_for_disease_control_and_prevention
A/NorthCarolina/5/2010	north_carolina_state_laboratory_of_public_health	centers_for_disease_control_and_prevention
A/Utah/3/2010	utah_department_of_health	centers_for_disease_control_and_prevention
A/NewYork/7480/2010		other_database_import
A/Wyoming/1/2010	wyoming_public_health_laboratory	centers_for_disease_control_and_prevention
A/Springfield/INS598/2011		other_database_import
A/Maryland/4/2011	maryland_department_of_health_and_mental_hygiene	centers_for_disease_control_and_prevention
A/Pennsylvania/2/2011-egg	pennsylvania_department_of_health	centers_for_disease_control_and_prevention
A/Pennsylvania/2/2011	pennsylvania_department_of_health	centers_for_disease_control_and_prevention
A/Chile/64/2010		other_database_import
A/Chile/52/2010		other_database_import
A/Chile/115/2010		other_database_import
A/Chile/19/2010		other_database_import
A/Chile/15/2010		other_database_import
A/Chile/94/2010		other_database_import
A/Chile/54/2010		other_database_import
A/Chile/72/2010		other_database_import
A/Bishkek/WR0881T/2009		other_database_import
A/Ankara/WR1429T/2009		other_database_import
A/Ankara/WRAIR1426N/2009		other_database_import
A/Ankara/WRAIR1428T/2009		other_database_import
A/Taiwan/7873/2009		other_database_import
A/Guangdong-Zhenjiang/SWL176/2010		who_chinese_national_influenza_center
A/Singapore/DMS74/2010		other_database_import
A/Singapore/KK066/2010		other_database_import
A/Singapore/DMS82/2010		other_database_import
A/Singapore/DMS54/2009		other_database_import
A/Tochigi/2/2010		other_database_import
A/TianjinJinnan/SWL4141/2009		other_database_import
A/Thailand/H1255/2010		other_database_import
A/Guangdong-Duanzhou/SWL1178/2010		who_chinese_national_influenza_center
A/Thailand/SS08248/2010		other_database_import
A/Thailand/CU-H1786/2010		other_database_import
A/Guangdong-Wujiang/SWL51/2010		who_chinese_national_influenza_center
A/NewYork/2648/2010		other_database_import
A/Singapore/DMS92/2010		other_database_import
A/Macau/200018/2010	laboratorio_de_saude_publico	who_collaborating_centre_for_reference_and_research_on_influenza
A/Fujian-Gulou/SWL1338/2010-egg	fujian_provincial_center_for_disease_control_and_prevention	who_chinese_national_influenza_center
A/Fujian-Gulou/SWL1338/2010	fujian_provincial_center_for_disease_control_and_prevention	who_chinese_national_influenza_center
A/Brisbane/12/2010-egg	who_collaborating_centre_for_reference_and_research_on_influenza	who_collaborating_centre_for_reference_and_research_on_influenza
A/Sydney/DD3-05/2010		other_database_import
A/Sydney/DD3-07/2010		other_database_import
A/Singapore/DMS131/2010		other_database_import
A/Darwin/36/2010	influenza_surveillance_centre_for_disease_control	who_collaborating_centre_for_reference_and_research_on_influenza
A/Sydney/DD3-04/2010		other_database_import
A/Sydney/DD3-18/2010		other_database_import
A/Perth/12/2010	pathwest_qe_ii_medical_centre	who_collaborating_centre_for_reference_and_research_on_influenza
A/Zhejiang-Haishu/SWL1289/2010-egg		who_chinese_national_influenza_center
A/Sydney/DD3-10/2010		other_database_import
A/Macau/307249/2010	laboratorio_de_saude_publico	who_collaborating_centre_for_reference_and_research_on_influenza
A/Shanghai-Luwan/SWL1354/2010-egg	shanghai_municipal_center_for_disease_control_and_prevention	who_chinese_national_influenza_center
A/Shanghai-Luwan/SWL1354/2010	shanghai_municipal_center_for_disease_control_and_prevention	who_chinese_national_influenza_center
A/Singapore/DMS81/2010		other_database_import
A/Brisbane/7/2010	queensland_health_scientific_services	who_collaborating_centre_for_reference_and_research_on_influenza
A/Sydney/DD3-42/2010		other_database_import
A/NorthFitzroy/INS464/2010		other_database_import
A/Thailand/CU-H1821/2010		other_database_import
A/NorthFitzroy/INS465/2010		other_database_import
A/Tula/CRIE-SIA/2011		other_database_import
A/Madrid/RR7495/2011	instituto_de_salud_carlos_iii	instituto_de_salud_carlos_iii
A/Volgograd/CRIE-DMV/2011		other_database_import
A/Melbourne/INS475/2010		other_database_import
A/Sydney/DD3-50/2010		other_database_import
A/Sydney/DD3-31/2010		other_database_import
A/Southauckland/10/2010	institute_of_environmental_science_and_research	who_collaborating_centre_for_reference_and_research_on_influenza
A/Taiwan/3994/2010		other_database_import
A/Taiwan/5270/2010		other_database_import
A/Chile/106/2010		other_database_import
A/Chile/89/2010		other_database_import
A/Chile/61/2010		other_database_import
A/Christchurch/16/2010	who_collaborating_centre_for_reference_and_research_on_influenza	who_collaborating_centre_for_reference_and_research_on_influenza
A/Chile/87/2010		other_database_import
A/Chile/70/2010		other_database_import
A/Chile/37/2010		other_database_import
A/Chile/34/2010		other_database_import
A/Victoria/5/2010	victorian_infectious_diseases_reference_laboratory_	who_collaborating_centre_for_reference_and_research_on_influenza
A/Sydney/DD3-14/2010		other_database_import
A/Chile/29/2010		other_database_import
A/Chile/28/2010		other_database_import
A/Chile/109/2010		other_database_import
A/Chile/78/2010		other_database_import
A/Chile/71/2010		other_database_import
A/Chile/58/2010		other_database_import
A/Chile/23/2010		other_database_import
A/Dakar/WRAIR0018T/2010		other_database_import
A/Dakar/WRAIR0018N/2010		other_database_import
A/Nairobi/11/2010	ari_unit,_kenya_medical_research_institute_(kemri___nic),_centre_for_virus_research_annex,_p.o_box_54628	kenya_medical_research_institute
A/Mombasa/512/2009	ari_unit,_kenya_medical_research_institute_(kemri___nic),_centre_for_virus_research_annex,_p.o_box_54628	kenya_medical_research_institute
A/Kikuyu/185/2009	ari_unit,_kenya_medical_research_institute_(kemri___nic),_centre_for_virus_research_annex,_p.o_box_54628	kenya_medical_research_institute
A/Malindi/238/2009	ari_unit,_kenya_medical_research_institute_(kemri___nic),_centre_for_virus_research_annex,_p.o_box_54628	kenya_medical_research_institute
A/Craven/WR1001/2009		other_database_import
A/NewYork/6530/2010		other_database_import
A/Amman/WR1324N/2009		other_database_import
A/Moscow/WR1866N/2009		other_database_import
A/Amman/WR1335T/2009		other_database_import
A/Ethiopia/45/2010	ethiopian_health_and_nutrition_research_institute_(ehnri)	centers_for_disease_control_and_prevention
A/Tver/IIV2969/2009		other_database_import
A/Jalna/NIV9436/2009		other_database_import
A/Yavatmal/NIV9438/2009		other_database_import
A/Chennai/NIV658/2009		other_database_import
A/California/7-JRO08/2009-egg	seasonal_h1n1pdm	pb1
A/Auckland/1/2009	auckland_hospital	who_collaborating_centre_for_reference_and_research_on_influenza
A/England/205/2009	microbiology_services_colindale,_public_health_england	microbiology_services_colindale,_public_health_england
A/Nairobi/37/2009	ari_unit,_kenya_medical_research_institute_(kemri___nic),_centre_for_virus_research_annex,_p.o_box_54628	kenya_medical_research_institute
A/Uganda/MUWRP-093/2009		other_database_import
A/Embu/169/2009	ari_unit,_kenya_medical_research_institute_(kemri___nic),_centre_for_virus_research_annex,_p.o_box_54628	kenya_medical_research_institute
A/TransNzoia/168/2009	ari_unit,_kenya_medical_research_institute_(kemri___nic),_centre_for_virus_research_annex,_p.o_box_54628	kenya_medical_research_institute
A/Eldoret/119/2009	ari_unit,_kenya_medical_research_institute_(kemri___nic),_centre_for_virus_research_annex,_p.o_box_54628	kenya_medical_research_institute
A/Eldoret/120/2009	ari_unit,_kenya_medical_research_institute_(kemri___nic),_centre_for_virus_research_annex,_p.o_box_54628	kenya_medical_research_institute
A/Thailand/PY08090/2010		other_database_import
A/Nakuru/192/2009	ari_unit,_kenya_medical_research_institute_(kemri___nic),_centre_for_virus_research_annex,_p.o_box_54628	kenya_medical_research_institute
A/NewYork/25/2009-egg		centers_for_disease_control_and_prevention
A/Tianjin/SWL2/2009-egg		who_chinese_national_influenza_center
A/Okinawa/257/2009		national_institute_of_infectious_diseases_(niid)
A/Singapore/ON496/2009		other_database_import
A/Ashgabat/WR0865N/2009		other_database_import
A/Osaka-C/1/2009		other_database_import
A/Sakai/2/2009		other_database_import
A/Hyogo/1/2009		other_database_import
A/Himeji/1/2009		other_database_import
A/England/1220736/2010		other_database_import
A/Hubei-Wuchang/SWL171/2010		who_chinese_national_influenza_center
A/Hubei-Wuchang/SWL174/2010		who_chinese_national_influenza_center
A/HongKong/H090-667-V10/2009		other_database_import
A/Brazil/764/2009	national_influenza_center	centers_for_disease_control_and_prevention
A/NewYork/5976/2009		other_database_import
A/NewYork/1680/2010		other_database_import
A/NewYork/2971/2010		other_database_import
A/Georgia/8/2010	georgia_public_health_laboratory	centers_for_disease_control_and_prevention
A/Athens/INS398/2010		other_database_import
A/NewYork/3251/2010		other_database_import
A/NewYork/1796/2010		other_database_import
A/NewYork/2960/2010		other_database_import
A/Chile/180/2009		other_database_import
A/Korea/CJ112/2009		other_database_import
A/Tanzania/88/2009		centers_for_disease_control_and_prevention
A/Argentina/HNRG107/2009-egg		other_database_import
A/Singapore/GP1020/2009		other_database_import
A/Korea/NAP-1/2009		other_database_import
A/NewYork/21/2009-egg		centers_for_disease_control_and_prevention
A/Bangladesh/2001/2009-egg	institute_of_epidemiology_disease_control_and_research_(iedcr)_&_bangladesh_national_influenza_centre_(nic)	centers_for_disease_control_and_prevention
A/Russia/171/2009-egg		other_database_import
A/Bangladesh/3009/2009-egg	institute_of_epidemiology_disease_control_and_research_(iedcr)_&_bangladesh_national_influenza_centre_(nic)	centers_for_disease_control_and_prevention
A/Karasuk/1/2010		other_database_import
A/Russia/178/2009-egg		other_database_import
A/Bonn/INS278/2009		other_database_import
A/Perm/1/2009		other_database_import
A/Tomsk/273-MA2/2010		other_database_import
A/Tomsk/273-MA3/2010		other_database_import
A/Vienna/INS293/2009		other_database_import
A/Sydney/DD3-02/2009		other_database_import
A/Beijing/132/2010		other_database_import
A/Southaustralia/162/2012	institute_of_medical_and_veterinary_science_(imvs)	who_collaborating_centre_for_reference_and_research_on_influenza
A/Qingdao/F166/2011		other_database_import
A/Mexico/200102/2014		other_database_import
A/California/8/2009-egg	naval_health_research_center	centers_for_disease_control_and_prevention
A/England/415/2009		other_database_import
A/Chile/867/2009	instituto_de_salud_publica_de_chile_	centers_for_disease_control_and_prevention
A/Athens/INS262/2009		other_database_import
A/India/GWL_DSC/2010		other_database_import
A/Beijing/SWL6/2009-egg		who_chinese_national_influenza_center
A/Athens/INS161/2009		other_database_import
A/Oita/37/2009		national_institute_of_infectious_diseases_(niid)
A/Sydney/2502/2009	royal_prince_alfred_hospital	who_collaborating_centre_for_reference_and_research_on_influenza
A/England/687/2009		other_database_import
A/Nagano-C/34/2009		national_institute_of_infectious_diseases_(niid)
A/Utah/5/2009		centers_for_disease_control_and_prevention
A/Alaska/47/2009	alaska_state_virology_lab	centers_for_disease_control_and_prevention
A/DistrictofColumbia/INS23/2009		other_database_import
A/Russia/61/2009-egg		other_database_import
A/California/VRDL104/2009		other_database_import
A/SanDiego/INS14/2009		other_database_import
A/Henan/SWL14/2009		who_chinese_national_influenza_center
A/Shiga/43/2009		national_institute_of_infectious_diseases_(niid)
A/BritishColumbia/RV2945/2009		other_database_import
A/Singapore/495W/2009		other_database_import
A/Argentina/9711/2009		other_database_import
A/Moscow/IIV05/2009		other_database_import
A/Seychelles/106/2009	cdc_kenya	centers_for_disease_control_and_prevention
A/Chile/4406/2009		other_database_import
A/Chile/6536/2009	instituto_de_salud_publica_de_chile_	centers_for_disease_control_and_prevention
A/Mexico/4603/2009-egg	laboratorio_de_virus_respiratorio	centers_for_disease_control_and_prevention
A/California/7/2009	naval_health_research_center	centers_for_disease_control_and_prevention
A/California/7/2009-egg	naval_health_research_center	centers_for_disease_control_and_prevention
A/Houston/9H/2009		other_database_import
A/Chile/4438/2009		other_database_import
A/Singapore/GP3187/2009		other_database_import
A/Hainan/SWL2/2009-egg		who_chinese_national_influenza_center
A/Argentina/HNRG106/2009-egg		other_database_import
A/Argentina/9721/2009		other_database_import
A/Argentina/7980/2009	instituto_nacional_de_enfermedades_infecciosas	other_database_import
A/Guam/NHRC0018/2009		other_database_import
A/Zhejiang/80/2009		other_database_import
A/Korea/CJ63/2009		other_database_import
A/Xizang/SWL1/2009		who_chinese_national_influenza_center
A/SouthCarolina/18/2009-egg	south_carolina_department_of_health	centers_for_disease_control_and_prevention
A/Kaliningrad/1/2009-egg	russian_academy_of_medical_sciences	centers_for_disease_control_and_prevention
A/Russia/180/2009-egg		other_database_import
A/Russia/165/2009-egg		other_database_import
A/Chile/2239/2009		other_database_import
A/Moscow/IIV04/2009		other_database_import
A/Singapore/ON1921/2009		other_database_import
A/Texas/66/2009	centers_for_disease_control_and_prevention	centers_for_disease_control_and_prevention
A/Netherlands/2631c/2010		other_database_import
A/Netherlands/2629/2009		other_database_import
A/SouthCarolina/18/2009	south_carolina_department_of_health	centers_for_disease_control_and_prevention
A/England/1180011/2010		other_database_import
A/England/1180017/2010		other_database_import
A/TianjinNankai/SWL49/2010		other_database_import
A/SouthCarolina/10/2010-egg		other_database_import
A/Argentina/HNRG5/2009-egg		other_database_import
A/Suriname/2/2009	national_influenza_center_french_guiana_and_french_indies	centers_for_disease_control_and_prevention
A/Wisconsin/629-D02141/2009		other_database_import
A/Nepal/426/2009	thailand_moph_u.s._cdc_collaboration_(ieip)	centers_for_disease_control_and_prevention
A/England/667/2009		other_database_import
A/Singapore/ON1093/2009		other_database_import
A/Chile/3819/2009		other_database_import
A/Bonn/INS178/2010		other_database_import
A/Singapore/437Y/2009		other_database_import
A/Mexico/4603/2009	laboratorio_de_virus_respiratorio	centers_for_disease_control_and_prevention
A/Moscow/IIV03/2009		other_database_import
A/Akita/1/2009		other_database_import
A/Argentina/HNRG8/2009-egg		other_database_import
A/Hunan/SWL3/2009-egg		who_chinese_national_influenza_center
A/Hunan/SWL3/2009		other_database_import
A/Xinjiang/SWL1/2009		who_chinese_national_influenza_center
A/Singapore/413Y/2009		other_database_import
A/India/2993/2009	centers_for_disease_control_and_prevention	centers_for_disease_control_and_prevention
A/Russia/200/2009-egg		other_database_import
A/Yaroslavl/IIV-198/2009-egg	seasonal_h1n1pdm	pb1
A/Singapore/ON1074/2009		other_database_import
A/Tasmania/2004/2009-egg	royal_hobart_hospital	who_collaborating_centre_for_reference_and_research_on_influenza
A/Argentina/8551/2009		other_database_import
A/Iraq/251/2009	u.s._air_force_school_of_aerospace_medicine	centers_for_disease_control_and_prevention
A/Magadan/2/2009		other_database_import
A/Russia/74/2009-egg		other_database_import
A/Odense/INS308/2009		other_database_import
A/Uganda/MUWRP-176/2010		other_database_import
A/Uganda/MUWRP-224/2010		other_database_import
A/Nairobi/97/2010	ari_unit,_kenya_medical_research_institute_(kemri___nic),_centre_for_virus_research_annex,_p.o_box_54628	kenya_medical_research_institute
A/India/NIV34760/2010		other_database_import
A/India/NIV30784/2010		other_database_import
A/SriLanka/21386/2010		other_database_import
A/SriLanka/33/2011		other_database_import
A/SriLanka/1735/2011		other_database_import
A/Fujian-Xinluo/SWL1141/2011	who_chinese_national_influenza_center	who_chinese_national_influenza_center
A/Kowloon/INS3_638/2011		other_database_import
A/Hunan/SWLthroatswab2/2011	who_chinese_national_influenza_center	who_chinese_national_influenza_center
A/England/10740658/2011		other_database_import
A/England/671/2010		other_database_import
A/Shanghai-Jingan/SWL1230/2011-egg	who_chinese_national_influenza_center	who_chinese_national_influenza_center
A/Maryland/5/2011	maryland_department_of_health_and_mental_hygiene	centers_for_disease_control_and_prevention
A/Sydney/DD3-32/2010		other_database_import
A/Sydney/DD3-26/2010		other_database_import
A/India/NIV29386/2010		other_database_import
A/Munich/INS539/2011		other_database_import
A/Prague/WRAIR4146N/2011		other_database_import
A/England/12240614/2011		other_database_import
A/England/10740561/2010		other_database_import
A/England/393/2010		other_database_import
A/England/181/2010	microbiology_services_colindale,_public_health_england	other_database_import
A/Usa/7M2/2011	university_of_washington	
A/Usa/7K3/1935	university_of_washington	
A/Athens/INS3_641/2011		other_database_import
A/Warsaw/INS3_658/2011		other_database_import
A/England/209/2010	microbiology_services_colindale,_public_health_england	other_database_import
A/England/4860493/2010		other_database_import
A/England/686/2010		other_database_import
A/England/10740690/2011		other_database_import
A/Virginia/1/2011	virginia_division_of_consolidated_laboratories	centers_for_disease_control_and_prevention
A/England/213/2011		other_database_import
A/Mombasa/27/2009	ari_unit,_kenya_medical_research_institute_(kemri___nic),_centre_for_virus_research_annex,_p.o_box_54628	kenya_medical_research_institute
A/Vladimir/IIV-35/2011		other_database_import
A/NizhnyNovgorod/CRIE-BLM/2011		other_database_import
A/NizhnyNovgorod/CRIE-NGV/2010		other_database_import
A/Nairobi/20/2010	ari_unit,_kenya_medical_research_institute_(kemri___nic),_centre_for_virus_research_annex,_p.o_box_54628	kenya_medical_research_institute
A/Nairobi/72/2010	ari_unit,_kenya_medical_research_institute_(kemri___nic),_centre_for_virus_research_annex,_p.o_box_54628	kenya_medical_research_institute
A/Nairobi/80/2010	ari_unit,_kenya_medical_research_institute_(kemri___nic),_centre_for_virus_research_annex,_p.o_box_54628	kenya_medical_research_institute
A/Nairobi/24/2010	ari_unit,_kenya_medical_research_institute_(kemri___nic),_centre_for_virus_research_annex,_p.o_box_54628	kenya_medical_research_institute
A/Nairobi/25/2010	ari_unit,_kenya_medical_research_institute_(kemri___nic),_centre_for_virus_research_annex,_p.o_box_54628	kenya_medical_research_institute
A/Nairobi/21/2010	ari_unit,_kenya_medical_research_institute_(kemri___nic),_centre_for_virus_research_annex,_p.o_box_54628	kenya_medical_research_institute
A/Kijabe/16/2010	ari_unit,_kenya_medical_research_institute_(kemri___nic),_centre_for_virus_research_annex,_p.o_box_54628	kenya_medical_research_institute
A/England/4980653/2010		other_database_import
A/England/5140214/2010		other_database_import
A/Taiwan/1749/2011		other_database_import
A/Westmead/INS3_663/2011		other_database_import
A/Nicaragua/AGA2-56/2011		other_database_import
A/Lima/INS3_671/2012		other_database_import
A/Athens/INS569/2011		other_database_import
A/England/4940476/2010	microbiology_services_colindale,_public_health_england	other_database_import
A/England/143/2010	microbiology_services_colindale,_public_health_england	other_database_import
A/England/4640543/2010	microbiology_services_colindale,_public_health_england	other_database_import
A/England/5140206/2010		other_database_import
A/England/5120003/2010		other_database_import
A/Brisbane/15/2011	queensland_health_scientific_services	who_collaborating_centre_for_reference_and_research_on_influenza
A/Westmead/INS3_659/2011		other_database_import
A/Darlinghurst/INS575/2011		other_database_import
A/Newcastle/58/2011	john_hunter_hospital,_virology_unit,_clinical_microbiology	who_collaborating_centre_for_reference_and_research_on_influenza
A/Newcastle/47/2011	john_hunter_hospital,_virology_unit,_clinical_microbiology	who_collaborating_centre_for_reference_and_research_on_influenza
A/Perth/175/2011	pathwest_qe_ii_medical_centre	who_collaborating_centre_for_reference_and_research_on_influenza
A/Perth/299/2011	pathwest_qe_ii_medical_centre	who_collaborating_centre_for_reference_and_research_on_influenza
A/Perth/49/2011	pathwest_qe_ii_medical_centre	who_collaborating_centre_for_reference_and_research_on_influenza
A/Perth/54/2011	pathwest_qe_ii_medical_centre	who_collaborating_centre_for_reference_and_research_on_influenza
A/Minnesota/3/2011-egg	minnesota_department_of_health	centers_for_disease_control_and_prevention
A/Minnesota/3/2011	minnesota_department_of_health	centers_for_disease_control_and_prevention
A/Nicaragua/AGA2-73/2011		other_database_import
A/Nicaragua/AGA2-55/2011		other_database_import
A/Nicaragua/AGA2-53/2011		other_database_import
A/Nicaragua/AGA2-36/2011		other_database_import
A/Nicaragua/AGA2-80/2011		other_database_import
A/Nicaragua/AGA2-35/2011		other_database_import
A/Nicaragua/AGA2-57/2011		other_database_import
A/Nicaragua/AGA2-68/2011		other_database_import
A/Nicaragua/AGA2-69/2011		other_database_import
A/Taiwan/4501/2011		other_database_import
A/Athens/INS3_699/2011		other_database_import
A/Sydney/DD3-48/2010		other_database_import
A/Kentucky/9/2010-egg	kentucky_division_of_laboratory_services	centers_for_disease_control_and_prevention
A/Kentucky/9/2010	kentucky_division_of_laboratory_services	centers_for_disease_control_and_prevention
A/Tennessee/F2008c07A/2010		other_database_import
A/Tennessee/F2026A/2011		other_database_import
A/Tennessee/F2026/2011		other_database_import
A/Denmark/36/2011		other_database_import
A/Aarhus/INS613/2011		other_database_import
A/Cologne/INS605/2011		other_database_import
A/Taiwan/4696/2011		other_database_import
A/Dayton/INS3_634/2011		other_database_import
A/Moscow/IIV-83/2011		other_database_import
A/Tennessee/F2090/2011		other_database_import
A/India/P132194/2013		other_database_import
A/India/P1114854/2011		other_database_import
A/India/P121939/2012		other_database_import
A/India/P121716/2012		other_database_import
A/India/P121717/2012		other_database_import
A/Cheboksary/IIV-92/2011		other_database_import
A/SriLanka/19/2012		other_database_import
A/SriLanka/22/2012		other_database_import
A/Indonesia/1224_S64_L001/2012	universitas_udayana	university_college_london
A/Stockholm/1/2012	swedish_institute_for_infectious_disease_control	swedish_national_institute_for_communicable_disease_control
A/Singapore/DMS1237/2012		other_database_import
A/Singapore/DMS1234/2012		other_database_import
A/Indonesia/1240_S29_L001/2012	universitas_udayana	university_college_london
A/Indonesia/1233_S88_L001/2012	universitas_udayana	university_college_london
A/Thailand/KS10464/2012		other_database_import
A/Thailand/KS10518/2012		other_database_import
A/Thailand/PY12436/2012		other_database_import
A/Thailand/SN11851/2012		other_database_import
A/Thailand/SR10340/2012		other_database_import
A/Thailand/SP11755/2012		other_database_import
A/Townsville/5/2013	queensland_health_scientific_services	who_collaborating_centre_for_reference_and_research_on_influenza
A/Mali/A_Mali-PERCH_007_2012/2012	virus_epidemiology_research_group,_kenya_medical_research_institute	
A/Singapore/DMS1232/2012		other_database_import
A/Tomsk/IIV-19/2012		other_database_import
A/Singapore/DMS1242/2012		other_database_import
A/Moscow/IIV-45/2012		other_database_import
A/Thailand/MR11669/2012		other_database_import
A/Vladivostok/28/2012		other_database_import
A/Bangkok/INS3_681/2012		other_database_import
A/Victoria/523/2012-egg	who_collaborating_centre_for_reference_and_research_on_influenza	centers_for_disease_control_and_prevention
A/Indonesia/1277_S30_L001/2012	universitas_udayana	university_college_london
A/Brisbane/6/2013	queensland_health_scientific_services	who_collaborating_centre_for_reference_and_research_on_influenza
A/Indonesia/1269_S89_L001/2012	universitas_udayana	university_college_london
A/Indonesia/1267_S77_L001/2012	universitas_udayana	university_college_london
A/Indonesia/1270_S6_L001/2012	universitas_udayana	university_college_london
A/Indonesia/1069_S7_L001/2012	universitas_udayana	university_college_london
A/Indonesia/1279_S66_L001/2012	universitas_udayana	university_college_london
A/Indonesia/1349_S44_L001/2013	universitas_udayana	university_college_london
A/Thailand/SR08117/2010		other_database_import
A/Bangkok/INS505/2010		other_database_import
A/Sydney/DD3-35/2010		other_database_import
A/Sydney/DD3-44/2010		other_database_import
A/Moscow/WRAIR4305T/2011		other_database_import
A/Moscow/WRAIR4305N/2011		other_database_import
A/Moscow/IIV-33/2010		other_database_import
A/Bangkok/SIMI504/2010		other_database_import
A/Taiwan/549/2011		other_database_import
A/Taiwan/4611/2011		other_database_import
A/Warsaw/INS3_657/2011		other_database_import
A/Moscow/WRAIR1929P/2010		other_database_import
A/Vladivostok/7/2010		other_database_import
A/Victoria/581/2011	monash_medical_centre	who_collaborating_centre_for_reference_and_research_on_influenza
A/Singapore/GP677/2011		other_database_import
A/Singapore/DMS1150/2010		other_database_import
A/Thailand/SP11686/2012		other_database_import
A/Perth/298/2012	pathwest_qe_ii_medical_centre	who_collaborating_centre_for_reference_and_research_on_influenza
A/Singapore/DMS1211/2011		other_database_import
A/Singapore/DMS1207/2011		other_database_import
A/Singapore/DMS1225/2011		other_database_import
A/Singapore/DMS1219/2011		other_database_import
A/Singapore/GP924/2011		other_database_import
A/Taiwan/652/2011		other_database_import
A/England/5020673/2010		other_database_import
A/Washington/2/2011	washington_state_public_health_laboratory	centers_for_disease_control_and_prevention
A/Ulaanbaatar/190/2011		other_database_import
A/Helsinki/11IH2213/2011		other_database_import
A/Cambodia/V0908348/2011		other_database_import
A/Cambodia/V1028342/2011		other_database_import
A/Thailand/SS08321/2010		other_database_import
A/Sydney/DD3-15/2010		other_database_import
A/Bangkok/INS587/2010		other_database_import
A/KhonKaen/INS523/2010		other_database_import
A/Yokohama/UT-K101/2012	university_of_tokyo,_institute_of_medical_science	university_of_tokyo
A/Osaka/83/2011	osaka_prefectural_institute_of_public_health	university_of_tokyo
A/Singapore/DMS1188/2011		other_database_import
A/YoshkarOla/CRIE-BLP/2011		other_database_import
A/Thailand/SP10502/2011		other_database_import
A/Novosibirsk/KSH/2011		other_database_import
A/Boston/DOA22/2011		other_database_import
A/StPetersburg/100/2011-egg	russian_academy_of_medical_sciences	centers_for_disease_control_and_prevention
A/Taiwan/3697/2011		other_database_import
A/Singapore/DMS1198/2011		other_database_import
A/Brisbane/70/2011-egg	queensland_health_scientific_services	centers_for_disease_control_and_prevention
A/Tasmania/16/2011	royal_hobart_hospital	who_collaborating_centre_for_reference_and_research_on_influenza
A/Christchurch/18/2011	canterbury_health_services	who_collaborating_centre_for_reference_and_research_on_influenza
A/Brisbane/70/2011	queensland_health_scientific_services	who_collaborating_centre_for_reference_and_research_on_influenza
A/Newcastle/179/2011	john_hunter_hospital,_virology_unit,_clinical_microbiology	who_collaborating_centre_for_reference_and_research_on_influenza
A/Newcastle/17/2011	john_hunter_hospital,_virology_unit,_clinical_microbiology	who_collaborating_centre_for_reference_and_research_on_influenza
A/Westmead/INS3_665/2011		other_database_import
A/Westmead/INS574/2011		other_database_import
A/Westmead/INS3_664/2011		other_database_import
A/Darlinghurst/INS3_645/2011		other_database_import
A/Darlinghurst/INS3_644/2011		other_database_import
A/Sydney/74/2011	westmead_hospital	who_collaborating_centre_for_reference_and_research_on_influenza
A/Ontario/RV117/2012	national_microbiology_laboratory,_health_canada	centers_for_disease_control_and_prevention
A/Auckland/64/2012	auckland_hospital	who_collaborating_centre_for_reference_and_research_on_influenza
A/Singapore/DMS1235/2012		other_database_import
A/Singapore/DMS1241/2012		other_database_import
A/Singapore/DMS1243/2012		other_database_import
A/Singapore/12/2012	ministry_of_health,_singapore	who_collaborating_centre_for_reference_and_research_on_influenza
A/Mexico/InDRE3740/2011		other_database_import
A/Georgia/M5081/2012-egg	seasonal_h1n1pdm	pb1
A/NewYork/34/2012	new_york_state_department_of_health	centers_for_disease_control_and_prevention
A/Boston/DOA90/2012		other_database_import
A/Lorraine/1257/2012		institut_pasteur
A/Boston/DOA93/2012		other_database_import
A/NorthCarolina/18/2012	north_carolina_state_laboratory_of_public_health	centers_for_disease_control_and_prevention
A/Colorado/14/2012	colorado_department_of_health_lab	centers_for_disease_control_and_prevention
A/Dayton/INS3_676/2012		other_database_import
A/Picardie/568/2012		institut_pasteur
A/Victoria/514/2012	monash_medical_centre	who_collaborating_centre_for_reference_and_research_on_influenza
A/Mexico/INMEGEN-INER15/2012		other_database_import
A/MexicoCity/INER0958/2012		other_database_import
A/Mexico/INMEGEN-INER02/2012		other_database_import
A/Texas/27/2012	texas_childrens_hospital	centers_for_disease_control_and_prevention
A/Lima/INS3_677/2012		other_database_import
A/Lima/INS3_678/2012		other_database_import
A/Lima/INS3_680/2012		other_database_import
A/Mexico/INMEGEN-INER08/2012		other_database_import
A/Mexico/INMEGEN-INER10/2012		other_database_import
A/Mexico/INMEGEN-INER14/2012		other_database_import
A/Mexico/INMEGEN-INER05/2012		other_database_import
A/Mexico/INMEGEN-INER04/2012		other_database_import
A/Mexico/INMEGEN-INER11/2012		other_database_import
A/Durham/INS3_648/2012		other_database_import
A/Paris/1119/2012	crr_virus_influenza_region_sud	institut_pasteur
A/NorthCarolina/9/2012	north_carolina_state_laboratory_of_public_health	centers_for_disease_control_and_prevention
A/Texas/22/2012	dallas_county_health_and_human_services	centers_for_disease_control_and_prevention
A/Helsinki/894/2012		other_database_import
A/Mexico/3723/2011	laboratorio_de_virus_respiratorio	centers_for_disease_control_and_prevention
A/Mexico/INMEGEN-INER09/2012		other_database_import
A/Texas/23/2012	texas_department_of_state_health_services_laboratory_services	centers_for_disease_control_and_prevention
A/Bronx/INS3_673/2012		other_database_import
A/Washington/24/2012-egg	centers_for_disease_control_and_prevention	centers_for_disease_control_and_prevention
A/Washington/24/2012	centers_for_disease_control_and_prevention	centers_for_disease_control_and_prevention
A/Bronx/INS3_674/2012		other_database_import
A/Helsinki/391/2012		other_database_import
A/Headington/INS593/2011		other_database_import
A/Singapore/GP846/2011		other_database_import
A/Boston/DOA30/2011		other_database_import
A/Fujian-Gulou/SWL1103/2011-egg	who_chinese_national_influenza_center	who_chinese_national_influenza_center
A/Kowloon/INS3_690/2011		other_database_import
A/Singapore/DMS1221/2011		other_database_import
A/Singapore/DMS1223/2011		other_database_import
A/Chongqing/SWLthroatswab1/2011	who_chinese_national_influenza_center	who_chinese_national_influenza_center
A/Singapore/KK105/2011		other_database_import
A/Kowloon/INS531/2011		other_database_import
A/Athens/INS564/2011		other_database_import
A/Singapore/DMS1194/2011		other_database_import
A/Gansu-Chengguan/SWL579/2011	who_chinese_national_influenza_center	who_chinese_national_influenza_center
A/Indonesia/450_S75_L001/2011	universitas_udayana	university_college_london
A/Westmead/INS3_660/2011		other_database_import
A/Newcastle/170/2011	john_hunter_hospital,_virology_unit,_clinical_microbiology	who_collaborating_centre_for_reference_and_research_on_influenza
A/Victoria/821/2011	austin_health	who_collaborating_centre_for_reference_and_research_on_influenza
A/Westmead/INS3_662/2011		other_database_import
A/Melbourne/INS3_646/2011		other_database_import
A/Christchurch/60/2011	canterbury_health_services	who_collaborating_centre_for_reference_and_research_on_influenza
A/Fiji/4/2012	national_centre_for_scientific_services_for_virology__and_vector_borne_diseases	who_collaborating_centre_for_reference_and_research_on_influenza
A/Singapore/TT160/2011		other_database_import
A/Beijing-Dongcheng/SWL51/2011	who_chinese_national_influenza_center	who_chinese_national_influenza_center
A/Kowloon/INS3_639/2011		other_database_import
A/India/Nsk12388/2012		other_database_import
A/India/P121773/2012		other_database_import
A/India/P121778/2012		other_database_import
A/India/VD122268/2012		other_database_import
A/Singapore/DMS1213/2011		other_database_import
A/Singapore/DMS1218/2011		other_database_import
A/Hunan-Xiangtan/SWL141/2011	who_chinese_national_influenza_center	who_chinese_national_influenza_center
A/Jiangxi/SWLthroatswab1/2011	who_chinese_national_influenza_center	who_chinese_national_influenza_center
A/Beijing-Xicheng/SWL1261/2011	who_chinese_national_influenza_center	who_chinese_national_influenza_center
A/Kowloon/INS3_689/2011		other_database_import
A/Hunan-Yuhua/SWL173/2011-egg	who_chinese_national_influenza_center	who_chinese_national_influenza_center
A/Thailand/SN10560/2011		other_database_import
A/Kowloon/INS3_692/2011		other_database_import
A/Heilongjiang-Xiangfang/SWL1528/2011-egg	who_chinese_national_influenza_center	who_chinese_national_influenza_center
A/Usa/7P7/2011	university_of_washington	
A/Usa/7P10/2011	university_of_washington	
A/India/P1112874/2011		other_database_import
A/Qingdao/F203/2011		other_database_import
A/Qingdao/F187/2011		other_database_import
A/Qingdao/F163/2011		other_database_import
A/Qingdao/F204/2011		other_database_import
A/Singapore/DMS1236/2012		other_database_import
A/India/P12946/2012		other_database_import
A/Townsville/41/2013	queensland_health_scientific_services	who_collaborating_centre_for_reference_and_research_on_influenza
A/Houston/JMM_131/2013		other_database_import
A/India/Nag132467/2013		other_database_import
A/Helsinki/39/2013		other_database_import
A/Boston/YGA_00087/2013		other_database_import
A/Boston/DOA2-099/2012		other_database_import
A/Mali/A_Mali-PERCH_010_2013/2013	virus_epidemiology_research_group,_kenya_medical_research_institute	
A/Sweden/124/2013		swedish_national_institute_for_communicable_disease_control
A/Sweden/32/2012	swedish_institute_for_infectious_disease_control	swedish_national_institute_for_communicable_disease_control
A/Osaka/UT-A01/2013	university_of_tokyo,_institute_of_medical_science	university_of_tokyo
A/India/P131027/2013		other_database_import
A/Townsville/23/2013		who_collaborating_centre_for_reference_and_research_on_influenza
A/Singapore/DMS1312/2013		other_database_import
A/Darwin/56/2013	royal_darwin_hospital	who_collaborating_centre_for_reference_and_research_on_influenza
A/Indonesia/1366_S56_L001/2013	universitas_udayana	university_college_london
A/Sweden/34/2012	swedish_institute_for_infectious_disease_control	swedish_national_institute_for_communicable_disease_control
A/Sweden/33/2012	swedish_institute_for_infectious_disease_control	swedish_national_institute_for_communicable_disease_control
A/Sweden/31/2012		swedish_national_institute_for_communicable_disease_control
A/Nepal/VIROAF5/2012		other_database_import
A/Helsinki/804/2013		other_database_import
A/Helsinki/207/2013		other_database_import
A/Helsinki/942/2012		other_database_import
A/Helsinki/922/2012		other_database_import
A/Helsinki/1199/2012		other_database_import
A/Goroka/27/2013	papua_new_guinea_institute_of_medical_research	who_collaborating_centre_for_reference_and_research_on_influenza
A/Sweden/130/2013		swedish_national_institute_for_communicable_disease_control
A/Boston/YGA_02024/2013		other_database_import
A/Helsinki/1973/2012		other_database_import
A/Helsinki/1986/2012		other_database_import
A/Helsinki/757/2013		other_database_import
A/Helsinki/1474/2013		other_database_import
A/CzechRepublic/31/2013		other_database_import
A/CzechRepublic/185/2012		other_database_import
A/CzechRepublic/187/2013		other_database_import
A/CzechRepublic/195/2013		other_database_import
A/Vietnam/13VH1-5/2013		niigata_university
A/Lao/887/2013	national_center_for_laboratory_and_epidemiology	centers_for_disease_control_and_prevention
A/Lao/828/2013	national_center_for_laboratory_and_epidemiology	centers_for_disease_control_and_prevention
A/CzechRepublic/94/2012		other_database_import
A/CzechRepublic/188/2013		other_database_import
A/Lisbon/137/2013	instituto_nacional_de_saude	centers_for_disease_control_and_prevention
A/CzechRepublic/93/2012		other_database_import
A/CzechRepublic/196/2013		other_database_import
A/India/2192/2012-egg	all_india_institute_of_medical_sciences	centers_for_disease_control_and_prevention
A/India/2192/2012	all_india_institute_of_medical_sciences	centers_for_disease_control_and_prevention
A/SantaClara/YGA_03030/2013		other_database_import
A/Chicago/YGA_04123/2012		other_database_import
A/DominicanRepublic/7293/2013-egg	laboratorio_de_investigacion_/_centro_de_educacion_medica_y_amistad_dominico_japones_(cemadoja)	centers_for_disease_control_and_prevention
A/DominicanRepublic/7293/2013	laboratorio_de_investigacion_/_centro_de_educacion_medica_y_amistad_dominico_japones_(cemadoja)	centers_for_disease_control_and_prevention
A/Lima/70674913/2013		other_database_import
A/Darwin/104/2013	royal_darwin_hospital	who_collaborating_centre_for_reference_and_research_on_influenza
A/Southaustralia/77/2013	institute_of_medical_and_veterinary_science_(imvs)	who_collaborating_centre_for_reference_and_research_on_influenza
A/Kanagawa/149/2013	kanagawa_prefectural_institute_of_public_health	national_institute_of_infectious_diseases_(niid)
A/Vietnam/13VH1-4/2013		niigata_university
A/Helsinki/77/2013		other_database_import
A/Helsinki/1215/2013		other_database_import
A/Helsinki/1614/2013		other_database_import
A/Helsinki/1496/2013		other_database_import
A/Houston/JMM_159/2013		other_database_import
A/Helsinki/305/2013		other_database_import
A/Texas/JMM_52/2012		other_database_import
A/Houston/JMM_64/2012		other_database_import
A/Helsinki/962/2013		other_database_import
A/Helsinki/1677/2013		other_database_import
A/Helsinki/686/2013		other_database_import
A/Helsinki/613/2013		other_database_import
A/Sweden/35/2012	swedish_institute_for_infectious_disease_control	swedish_national_institute_for_communicable_disease_control
A/Helsinki/518/2013		other_database_import
A/Osaka/33/2013	osaka_prefectural_institute_of_public_health	university_of_tokyo
A/Singapore/DMS1315/2013		other_database_import
A/Helsinki/405/2013		other_database_import
A/Vietnam/3050/2013-egg	national_institute_of_hygiene_and_epidemiology	centers_for_disease_control_and_prevention
A/Pennsylvania/7/2013	pennsylvania_department_of_health	centers_for_disease_control_and_prevention
A/Helsinki/848/2013		other_database_import
A/Uganda/1625/2014	uganda_virus_research_institute_(uvri),_national_influenza_center	centers_for_disease_control_and_prevention
A/Uganda/856/2014	uganda_virus_research_institute_(uvri),_national_influenza_center	centers_for_disease_control_and_prevention
A/Gansu-Ganzhou/SWL34/2012-egg		who_chinese_national_influenza_center
A/Gansu-Ganzhou/SWL34/2012		who_chinese_national_influenza_center
A/Gansu-Ganzhou/SWL33/2012-egg		who_chinese_national_influenza_center
A/Gansu-Ganzhou/SWL33/2012		who_chinese_national_influenza_center
A/Mali/A_Mali-PERCH_020_2013/2013	virus_epidemiology_research_group,_kenya_medical_research_institute	
A/Mali/A_Mali-PERCH_022_2013/2013	virus_epidemiology_research_group,_kenya_medical_research_institute	
A/Mali/A_Mali-PERCH_013_2013/2013	virus_epidemiology_research_group,_kenya_medical_research_institute	
A/Kenya/A_Kenya-PERCH_004_2013/2013	virus_epidemiology_research_group,_kenya_medical_research_institute	
A/Vietnam/13VH1-1/2013		niigata_university
A/Brisbane/28/2013-egg	queensland_health_scientific_services	who_collaborating_centre_for_reference_and_research_on_influenza
A/Sweden/121/2013	swedish_institute_for_infectious_disease_control	swedish_national_institute_for_communicable_disease_control
A/Zambia/A_Zambia-PERCH_019_2013/2013	virus_epidemiology_research_group,_kenya_medical_research_institute	
A/SouthAfrica/A_South-Africa-PERCH_013_2013/2013	virus_epidemiology_research_group,_kenya_medical_research_institute	
A/StPetersburg/151/2013	russian_academy_of_medical_sciences	centers_for_disease_control_and_prevention
A/Vietnam/13VH1-6/2013		niigata_university
A/Kazan/CRIE-02/2013		other_database_import
A/Kazan/CRIE-04/2013		other_database_import
A/Kazan/CRIE-03/2013		other_database_import
A/Boston/YGA_01217/2013		other_database_import
A/Boston/YGA_01218/2013		other_database_import
A/Nicaragua/6195_01_TR2/2013		other_database_import
A/Nicaragua/2704_01_TR1/2013		other_database_import
A/Nicaragua/1815_01_TR2/2013		other_database_import
A/Mississippi/10/2013-egg	mississippi_public_health_laboratory	centers_for_disease_control_and_prevention
A/Mississippi/10/2013	mississippi_public_health_laboratory	centers_for_disease_control_and_prevention
A/Astrakhan/CRIE-6/2014	central_research_institute_for_epidemiology	central_research_institute_for_epidemiology
A/NewYork/WC-LVD-13-002/2013		other_database_import
A/NewYork/WC-LVD-13-027/2013		other_database_import
A/Hawaii/4/2014	state_of_hawaii_department_of_health	centers_for_disease_control_and_prevention
A/Lebanon/14L66/2014		niigata_university
A/Lebanon/14L62/2014		niigata_university
A/Lebanon/14L61/2014		niigata_university
A/Helsinki/235M/2012		other_database_import
A/Helsinki/2429/2012		other_database_import
A/Helsinki/769M/2014		other_database_import
A/Finland/31/2012		other_database_import
A/Helsinki/359M/2014		other_database_import
A/Helsinki/723M/2014		other_database_import
A/Helsinki/383M/2014		other_database_import
A/Helsinki/447M/2014		other_database_import
A/Helsinki/759M/2014		other_database_import
A/Halmstad/1/2013		swedish_institute_for_infectious_disease_control
A/Malmo/2/2014		swedish_institute_for_infectious_disease_control
A/Stockholm/1/2014		swedish_institute_for_infectious_disease_control
A/SouthAfrica/3599/2014	national_institute_for_communicable_disease	who_collaborating_centre_for_reference_and_research_on_influenza
A/Gavle/2/2014		swedish_institute_for_infectious_disease_control
A/Gavle/3/2014		swedish_institute_for_infectious_disease_control
A/Helsinki/736M/2014		other_database_import
A/Helsinki/394N/2014		other_database_import
A/Helsinki/809N/2014		other_database_import
A/India/P131845/2013		other_database_import
A/England/41420351/2014	microbiology_services_colindale,_public_health_england	microbiology_services_colindale,_public_health_england
A/England/41420345/2014	microbiology_services_colindale,_public_health_england	microbiology_services_colindale,_public_health_england
A/England/41420356/2014	microbiology_services_colindale,_public_health_england	microbiology_services_colindale,_public_health_england
A/England/476/2014	microbiology_services_colindale,_public_health_england	microbiology_services_colindale,_public_health_england
A/Singapore/DMS1316/2013		other_database_import
A/PrachuapKhiriKhan/332/2013	who_national_influenza_centre,_national_institute_of_medical_research_(nimr)	who_collaborating_centre_for_reference_and_research_on_influenza
A/Bangladesh/1735/2015-egg	institute_of_epidemiology_disease_control_and_research_(iedcr)_&_bangladesh_national_influenza_centre_(nic)	centers_for_disease_control_and_prevention
A/Bangladesh/1735/2015	institute_of_epidemiology_disease_control_and_research_(iedcr)_&_bangladesh_national_influenza_centre_(nic)	centers_for_disease_control_and_prevention
A/Srilanka/31/2014	medical_research_institute	who_collaborating_centre_for_reference_and_research_on_influenza
A/Hokkaido/13H069/2014		other_database_import
A/Egypt/42/2014		other_database_import
A/Singapore/KK1064/2013	ministry_of_health,_singapore	ministry_of_health,_singapore
A/England/40840693/2014	microbiology_services_colindale,_public_health_england	microbiology_services_colindale,_public_health_england
A/Bahrain/575/2014	ministry_of_health_bahrain	centers_for_disease_control_and_prevention
A/Bangladesh/3050/2015	institute_of_epidemiology_disease_control_and_research_(iedcr)_&_bangladesh_national_influenza_centre_(nic)	centers_for_disease_control_and_prevention
A/Bangladesh/5256/2015	institute_of_epidemiology_disease_control_and_research_(iedcr)_&_bangladesh_national_influenza_centre_(nic)	centers_for_disease_control_and_prevention
A/Bangladesh/5256/2015-egg	institute_of_epidemiology_disease_control_and_research_(iedcr)_&_bangladesh_national_influenza_centre_(nic)	centers_for_disease_control_and_prevention
A/Srilanka/61/2013	medical_research_institute	who_collaborating_centre_for_reference_and_research_on_influenza
A/NewYork/41/2014	new_york_state_department_of_health	centers_for_disease_control_and_prevention
A/Sydney/82/2013	clinical_virology_unit,_cdim	who_collaborating_centre_for_reference_and_research_on_influenza
A/Victoria/229/2013	royal_chidrens_hospital	who_collaborating_centre_for_reference_and_research_on_influenza
A/Finland/76/2014		other_database_import
A/Uppsala/3/2014	swedish_institute_for_infectious_disease_control	swedish_institute_for_infectious_disease_control
A/Newcaledonia/58/2013	institut_pasteur_new_caledonia	who_collaborating_centre_for_reference_and_research_on_influenza
A/Singapore/TT1061/2013	ministry_of_health,_singapore	ministry_of_health,_singapore
A/India/Pun1415432/2014		other_database_import
A/Bangladesh/80009/2015-egg	institute_of_epidemiology_disease_control_and_research_(iedcr)_&_bangladesh_national_influenza_centre_(nic)	centers_for_disease_control_and_prevention
A/Bangladesh/80009/2015	institute_of_epidemiology_disease_control_and_research_(iedcr)_&_bangladesh_national_influenza_centre_(nic)	centers_for_disease_control_and_prevention
A/Bangladesh/803008/2015-egg	institute_of_epidemiology_disease_control_and_research_(iedcr)_&_bangladesh_national_influenza_centre_(nic)	centers_for_disease_control_and_prevention
A/Bangladesh/803008/2015	institute_of_epidemiology_disease_control_and_research_(iedcr)_&_bangladesh_national_influenza_centre_(nic)	centers_for_disease_control_and_prevention
A/Nepal/527/2016	national_public_health_laboratory	centers_for_disease_control_and_prevention
A/Nepal/516/2016	national_public_health_laboratory	centers_for_disease_control_and_prevention
A/Pakistan/446/2015	national_institute_of_health	centers_for_disease_control_and_prevention
A/Pakistan/359/2015	national_institute_of_health	centers_for_disease_control_and_prevention
A/Nepal/1507/2015	national_public_health_laboratory	national_institute_of_infectious_diseases_(niid)
A/Concepcion/39746/2015	instituto_de_salud_publica_de_chile_	centers_for_disease_control_and_prevention
A/Concepcion/44319/2015-egg	instituto_de_salud_publica_de_chile_	centers_for_disease_control_and_prevention
A/Concepcion/44319/2015	instituto_de_salud_publica_de_chile_	centers_for_disease_control_and_prevention
A/Concepcion/39750/2015	instituto_de_salud_publica_de_chile_	centers_for_disease_control_and_prevention
A/Concepcion/39751/2015-egg	instituto_de_salud_publica_de_chile_	centers_for_disease_control_and_prevention
A/Concepcion/39751/2015	instituto_de_salud_publica_de_chile_	centers_for_disease_control_and_prevention
A/Santiago/37244/2015	instituto_de_salud_publica_de_chile_	centers_for_disease_control_and_prevention
A/Pucon/73761/2015	instituto_de_salud_publica_de_chile_	centers_for_disease_control_and_prevention
A/Colombia/6863/2015	instituto_nacional_de_salud_de_columbia	centers_for_disease_control_and_prevention
A/Valdivia/78346/2015	instituto_de_salud_publica_de_chile_	centers_for_disease_control_and_prevention
A/Concepcion/39750/2015-egg	instituto_de_salud_publica_de_chile_	centers_for_disease_control_and_prevention
A/Santiago/73027/2015	instituto_de_salud_publica_de_chile_	centers_for_disease_control_and_prevention
A/Florida/88/2015-egg	florida_department_of_health_jacksonville	centers_for_disease_control_and_prevention
A/Florida/88/2015	florida_department_of_health_jacksonville	centers_for_disease_control_and_prevention
A/Brazil/69221/2015	instituto_adolfo_lutz	centers_for_disease_control_and_prevention
A/Brazil/72880/2015	instituto_adolfo_lutz	centers_for_disease_control_and_prevention
A/Brazil/5269/2016	instituto_adolfo_lutz	centers_for_disease_control_and_prevention
A/Brazil/536/2017	instituto_oswaldo_cruz_fiocruz___laboratory_of_respiratory_viruses_and_measles_(lvrs)	centers_for_disease_control_and_prevention
A/SantaCatarina/92/2017	instituto_oswaldo_cruz_fiocruz___laboratory_of_respiratory_viruses_and_measles_(lvrs)	centers_for_disease_control_and_prevention
A/Montana/50/2016	montana_laboratory_services_bureau	centers_for_disease_control_and_prevention
A/Montana/50/2016-egg	montana_laboratory_services_bureau	centers_for_disease_control_and_prevention
A/Montana/49/2016-egg	montana_laboratory_services_bureau	centers_for_disease_control_and_prevention
A/Montana/49/2016	montana_laboratory_services_bureau	centers_for_disease_control_and_prevention
A/Montana/48/2016-egg	montana_laboratory_services_bureau	centers_for_disease_control_and_prevention
A/Montana/47/2016	montana_laboratory_services_bureau	centers_for_disease_control_and_prevention
A/Montana/48/2016	montana_laboratory_services_bureau	centers_for_disease_control_and_prevention
A/Montana/47/2016-egg	montana_laboratory_services_bureau	centers_for_disease_control_and_prevention
A/Brazil/126/2015	instituto_adolfo_lutz	centers_for_disease_control_and_prevention
A/Brazil/193/2016	oswaldo_cruz_institute___fiocruz___laboratory_of_respiratory_viruses_and_measles_(lvrs)	centers_for_disease_control_and_prevention
A/Santiago/20508/2016-egg	instituto_de_salud_publica_de_chile_	centers_for_disease_control_and_prevention
A/Argentina/688/2016	instituto_nacional_de_enfermedades_infecciosas	centers_for_disease_control_and_prevention
A/NewYork/9/2017	new_york_state_department_of_health	centers_for_disease_control_and_prevention
A/Indiana/4/2017	indiana_state_department_of_health_laboratories	centers_for_disease_control_and_prevention
A/California/57/2017	california_department_of_health_services	centers_for_disease_control_and_prevention
A/HongKong/2352/2016	government_virus_unit	centers_for_disease_control_and_prevention
A/Santiago/20508/2016	instituto_de_salud_publica_de_chile_	centers_for_disease_control_and_prevention
A/England/963/2016	microbiology_services_colindale,_public_health_england	microbiology_services_colindale,_public_health_england
A/NorthCarolina/10/2017-egg	north_carolina_state_laboratory_of_public_health	centers_for_disease_control_and_prevention
A/NorthCarolina/10/2017	north_carolina_state_laboratory_of_public_health	centers_for_disease_control_and_prevention
A/Argentina/12780/2017	cemic_university_hospital	centers_for_disease_control_and_prevention
A/Ceara/145605-IEC/2017	national_influenza_center	centers_for_disease_control_and_prevention
A/NewYork/WC-LVD-14-053/2014		other_database_import
A/NewYork/WC-LVD-14-022/2014		other_database_import
A/NewYork/WC-LVD-14-048/2014		other_database_import
A/NewYork/WC-LVD-14-042/2014		other_database_import
A/California/55/2014	los_angeles_quarantine_station,_cdc_quarantine_epidemiology_and_surveillance_team	centers_for_disease_control_and_prevention
A/NewYork/WC-LVD-14-043/2014		other_database_import
A/Congo/2275/2014	inrb_service_de_virologie	centers_for_disease_control_and_prevention
A/NewYork/WC-LVD-14-025/2014		other_database_import
A/NewYork/WC-LVD-14-051/2014		other_database_import
A/Lao/56/2015	national_center_for_laboratory_and_epidemiology	centers_for_disease_control_and_prevention
A/Ethiopia/1149/2014	ethiopian_health_and_nutrition_research_institute_(ehnri)	centers_for_disease_control_and_prevention
A/Ethiopia/66/2014	ethiopian_health_and_nutrition_research_institute_(ehnri)	centers_for_disease_control_and_prevention
A/Ethiopia/63/2014	ethiopian_health_and_nutrition_research_institute_(ehnri)	centers_for_disease_control_and_prevention
A/Uppsala/5/2015		swedish_institute_for_infectious_disease_control
A/Okinawa/14T001/2014		niigata_university
A/Taiwan/609/2014	center_for_disease_control	national_institute_of_infectious_diseases_(niid)
A/Lao/951/2014	national_center_for_laboratory_and_epidemiology	centers_for_disease_control_and_prevention
A/Lao/952/2014	national_center_for_laboratory_and_epidemiology	centers_for_disease_control_and_prevention
A/Lao/258/2015	national_center_for_laboratory_and_epidemiology	centers_for_disease_control_and_prevention
A/Lao/233/2015	national_center_for_laboratory_and_epidemiology	centers_for_disease_control_and_prevention
A/Lao/68/2015	national_center_for_laboratory_and_epidemiology	centers_for_disease_control_and_prevention
A/Lao/65/2015	national_center_for_laboratory_and_epidemiology	centers_for_disease_control_and_prevention
A/Egypt/4372/2014	u.s._naval_medical_research_unit_no.3	centers_for_disease_control_and_prevention
A/Egypt/4758/2014	u.s._naval_medical_research_unit_no.3	centers_for_disease_control_and_prevention
A/England/358/2015	health_protection_agency	microbiology_services_colindale,_public_health_england
A/Lao/389/2015	national_center_for_laboratory_and_epidemiology	centers_for_disease_control_and_prevention
A/Bangladesh/4005/2015	institute_of_epidemiology_disease_control_and_research_(iedcr)_&_bangladesh_national_influenza_centre_(nic)	centers_for_disease_control_and_prevention
A/Bangladesh/13005/2015	institute_of_epidemiology_disease_control_and_research_(iedcr)_&_bangladesh_national_influenza_centre_(nic)	centers_for_disease_control_and_prevention
A/Nepal/2458/2015	national_public_health_laboratory	national_institute_of_infectious_diseases_(niid)
A/Chanthaburi/38/2015	who_national_influenza_centre,_national_institute_of_medical_research_(nimr)	centers_for_disease_control_and_prevention
A/Bangladesh/3505/2015	institute_of_epidemiology_disease_control_and_research_(iedcr)_&_bangladesh_national_influenza_centre_(nic)	centers_for_disease_control_and_prevention
A/Bangladesh/7001/2015	institute_of_epidemiology_disease_control_and_research_(iedcr)_&_bangladesh_national_influenza_centre_(nic)	centers_for_disease_control_and_prevention
A/Colombia/4335/2015	instituto_nacional_de_salud_de_columbia	centers_for_disease_control_and_prevention
A/Colombia/1359/2015	instituto_nacional_de_salud_de_columbia	centers_for_disease_control_and_prevention
A/PuertoRico/35/2014	puerto_rico_department_of_health	centers_for_disease_control_and_prevention
A/Colombia/1457/2015	instituto_nacional_de_salud_de_columbia	centers_for_disease_control_and_prevention
A/Colombia/2537/2015	instituto_nacional_de_salud_de_columbia	centers_for_disease_control_and_prevention
A/StPetersburg/83/2015-egg	russian_academy_of_medical_sciences	centers_for_disease_control_and_prevention
A/Niigata/14F019/2015		niigata_university
A/Malaysia/9707/2015	university_malaya	who_collaborating_centre_for_reference_and_research_on_influenza
A/Moscow/92/2015	ivanovsky_research_institute_of_virology_rams	centers_for_disease_control_and_prevention
A/Jeonbuk/2005/2014	national_institute_of_health	centers_for_disease_control_and_prevention
A/Jeonbuk/1998/2014	national_institute_of_health	centers_for_disease_control_and_prevention
A/Jeonbuk/1997/2014	national_institute_of_health	centers_for_disease_control_and_prevention
A/Gyeongbuk/643/2015	national_institute_of_health	centers_for_disease_control_and_prevention
A/Brisbane/137/2015-egg	queensland_health_scientific_services	who_collaborating_centre_for_reference_and_research_on_influenza
A/Brisbane/196/2015-egg	queensland_health_scientific_services	who_collaborating_centre_for_reference_and_research_on_influenza
A/Ningbo/75/2021	ningbo_international_travel_healthcare_center	ningbo_international_travel_healthcare_center
A/Singapore/INFMOH-16-0042/2016	ministry_of_health,_singapore	ministry_of_health,_singapore
A/England/709/2016	microbiology_services_colindale,_public_health_england	microbiology_services_colindale,_public_health_england
A/Vietnam/6024/2016	national_institute_of_hygiene_and_epidemiology	centers_for_disease_control_and_prevention
A/Taiwan/1101/2015	center_for_disease_control	national_institute_of_infectious_diseases_(niid)
A/BurkinaFaso/583/2015	irss	centers_for_disease_control_and_prevention
A/Yamaguchi/26/2016	yamaguchi_prefectural_institute_of_public_health_and_environment	national_institute_of_infectious_diseases_(niid)
A/Seoul/1596/2015	national_institute_of_health	centers_for_disease_control_and_prevention
A/Taiwan/85142/2015	centers_for_disease_control	taiwan_cdc
A/Neimenggu-Helingeer/SWL1314/2015-egg	who_chinese_national_influenza_center	who_chinese_national_influenza_center
A/Neimenggu-Helingeer/SWL1314/2015	who_chinese_national_influenza_center	who_chinese_national_influenza_center
A/Kanagawa/ZC10/2016	national_institute_of_infectious_diseases_(niid)	national_institute_of_infectious_diseases_(niid)
A/Taiwan/1093/2015	center_for_disease_control	national_institute_of_infectious_diseases_(niid)
A/Taiwan/1100/2015	center_for_disease_control	national_institute_of_infectious_diseases_(niid)
A/Kanagawa/19/2016	kanagawa_prefectural_institute_of_public_health	national_institute_of_infectious_diseases_(niid)
A/Ningbo/27/2021	ningbo_international_travel_healthcare_center	ningbo_international_travel_healthcare_center
A/HongKong/94/2016	government_virus_unit	centers_for_disease_control_and_prevention
A/SouthCarolina/1/2017	south_carolina_department_of_health	centers_for_disease_control_and_prevention
A/HongKong/2396/2016	government_virus_unit	centers_for_disease_control_and_prevention
A/Indonesia/Nihrd-Kpg223/2016	ministry_of_health,_nihrd	centers_for_disease_control_and_prevention
A/Odessa/65/2016	institute_of_epidemiology_and_infectious_diseases_ams_of_ukraine	centers_for_disease_control_and_prevention
A/Indiana/21/2016-egg	indiana_state_department_of_health_laboratories	centers_for_disease_control_and_prevention
A/Indiana/21/2016	indiana_state_department_of_health_laboratories	centers_for_disease_control_and_prevention
A/Taiwan/1089/2015	center_for_disease_control	national_institute_of_infectious_diseases_(niid)
A/Taiwan/1087/2015	center_for_disease_control	national_institute_of_infectious_diseases_(niid)
A/Stockholm/16/2016		swedish_institute_for_infectious_disease_control
A/Stockholm/38/2015		swedish_institute_for_infectious_disease_control
A/Vietnam/6041/2016	national_institute_of_hygiene_and_epidemiology	centers_for_disease_control_and_prevention
A/Shanghai-Huangpu/SWL12017/2015-egg	who_chinese_national_influenza_center	who_chinese_national_influenza_center
A/Shanghai-Huangpu/SWL12017/2015	who_chinese_national_influenza_center	who_chinese_national_influenza_center
A/Shanghai-Huangpu/SWL12014/2015-egg	who_chinese_national_influenza_center	who_chinese_national_influenza_center
A/Shanghai-Huangpu/SWL12014/2015	who_chinese_national_influenza_center	who_chinese_national_influenza_center
A/Iowa/53/2015-egg	iowa_state_hygienic_laboratory	centers_for_disease_control_and_prevention
A/Iowa/53/2015	iowa_state_hygienic_laboratory	centers_for_disease_control_and_prevention
A/Singapore/INFGP-16-0981/2016	ministry_of_health,_singapore	ministry_of_health,_singapore
A/Shandong/NW11/2016	beijing_institute_of_microbiology_and_epidemiology	beijing_institute_of_microbiology_and_epidemiology
A/Shandong/NW12/2016	beijing_institute_of_microbiology_and_epidemiology	beijing_institute_of_microbiology_and_epidemiology
A/Shanghai-Changning/SWL1995/2015	who_chinese_national_influenza_center	who_chinese_national_influenza_center
A/Sapporo/1/2016	sapporo_city_institute_of_public_health	national_institute_of_infectious_diseases_(niid)
A/Sapporo/18/2016	sapporo_city_institute_of_public_health	centers_for_disease_control_and_prevention
A/Shanghai-Putuo/SWL1860/2015-egg	who_chinese_national_influenza_center	who_chinese_national_influenza_center
A/Shanghai-Putuo/SWL1860/2015	who_chinese_national_influenza_center	who_chinese_national_influenza_center
A/Shanghai-Baoshan/SWL1989/2015	who_chinese_national_influenza_center	who_chinese_national_influenza_center
A/Guangxi-Xixiangtang/SWL11411/2015-egg	who_chinese_national_influenza_center	who_chinese_national_influenza_center
A/Ningbo/58/2021	ningbo_international_travel_healthcare_center	ningbo_international_travel_healthcare_center
A/Canberra/1/2016	canberra_hospital	who_collaborating_centre_for_reference_and_research_on_influenza
A/Shanghai-Putuo/1860/2015	who_chinese_national_influenza_center	centers_for_disease_control_and_prevention
A/Shanghai-Jiading/SWL1970/2015-egg	who_chinese_national_influenza_center	who_chinese_national_influenza_center
A/Shanghai-Jiading/1970/2015-egg	who_chinese_national_influenza_center	centers_for_disease_control_and_prevention
A/Shanghai-Jiading/1970/2015	who_chinese_national_influenza_center	centers_for_disease_control_and_prevention
A/Shanghai-Jiading/SWL1970/2015	who_chinese_national_influenza_center	who_chinese_national_influenza_center
A/Chiba/18/2016	chiba_prefectural_institute_of_public_health	national_institute_of_infectious_diseases_(niid)
A/Shanghai-Songjiang/SWL11000/2015-egg	who_chinese_national_influenza_center	who_chinese_national_influenza_center
A/Shanghai-Songjiang/SWL11000/2015	who_chinese_national_influenza_center	who_chinese_national_influenza_center
A/Shanghai-Putuo/1860/2015-egg	who_chinese_national_influenza_center	centers_for_disease_control_and_prevention
A/Guangxi-Xixiangtang/SWL11411/2015	who_chinese_national_influenza_center	who_chinese_national_influenza_center
A/Shanghai-Huangpu/SWL11992/2015-egg	who_chinese_national_influenza_center	who_chinese_national_influenza_center
A/Shanghai-Huangpu/SWL11992/2015	who_chinese_national_influenza_center	who_chinese_national_influenza_center
A/Shanghai-Baoshan/SWL1989/2015-egg	who_chinese_national_influenza_center	who_chinese_national_influenza_center
A/Shanghai-Changning/SWL1995/2015-egg	who_chinese_national_influenza_center	who_chinese_national_influenza_center
A/Shanghai-Changning/SWL1988/2015-egg	who_chinese_national_influenza_center	who_chinese_national_influenza_center
A/Shanghai-Changning/SWL1988/2015	who_chinese_national_influenza_center	who_chinese_national_influenza_center
A/NewYork/WC-LVD-14-063/2014		other_database_import
A/Bahrain/602/2014	ministry_of_health_bahrain	centers_for_disease_control_and_prevention
A/Lao/278/2015	national_center_for_laboratory_and_epidemiology	centers_for_disease_control_and_prevention
A/Tasmania/27/2015	royal_hobart_hospital	who_collaborating_centre_for_reference_and_research_on_influenza
A/Vietnam/GS150925/2015	pasteur_institute,_influenza_laboratory	centers_for_disease_control_and_prevention
A/Vietnam/162/2015	pasteur_institute,_influenza_laboratory	national_institute_of_infectious_diseases_(niid)
A/Vietnam/419/2015	national_institute_of_hygiene_and_epidemiology	centers_for_disease_control_and_prevention
A/Lao/225/2015	national_center_for_laboratory_and_epidemiology	centers_for_disease_control_and_prevention
A/Lao/226/2015	national_center_for_laboratory_and_epidemiology	centers_for_disease_control_and_prevention
A/Okinawa/13T001/2013		other_database_import
A/England/354/2014	microbiology_services_colindale,_public_health_england	microbiology_services_colindale,_public_health_england
A/Nagasaki/13N018/2014		other_database_import
A/Nagasaki/13N057/2014		niigata_university
A/Nagasaki/13N026/2014		other_database_import
A/Gunma/13G018/2014		other_database_import
A/Hokkaido/13H020/2014		other_database_import
A/Nagasaki/13N075/2014		other_database_import
A/Nagasaki/13N060/2014		other_database_import
A/Gunma/13G001/2014		other_database_import
A/Kyoto/13SK076-2/2014		other_database_import
A/Alaska/37/2014-egg	alaska_state_virology_lab	centers_for_disease_control_and_prevention
A/Alaska/38/2014-egg	alaska_state_virology_lab	centers_for_disease_control_and_prevention
A/Alaska/38/2014	alaska_state_virology_lab	centers_for_disease_control_and_prevention
A/Niigata/13F270/2014		other_database_import
A/England/394/2014	microbiology_services_colindale,_public_health_england	microbiology_services_colindale,_public_health_england
A/Gunma/13G024/2014		other_database_import
A/Lao/1187/2014-egg	centers_for_disease_control_and_prevention	centers_for_disease_control_and_prevention
A/Lao/1187/2014	centers_for_disease_control_and_prevention	centers_for_disease_control_and_prevention
A/Nagasaki/13N095/2014		other_database_import
A/Nagasaki/13N094/2014		other_database_import
A/Newcaledonia/58/2014	institut_pasteur_new_caledonia	who_collaborating_centre_for_reference_and_research_on_influenza
A/Niigata/13NU018/2014		other_database_import
A/Newcaledonia/72/2014	institut_pasteur_new_caledonia	who_collaborating_centre_for_reference_and_research_on_influenza
A/Nagasaki/13N067/2014		other_database_import
A/Niigata/13F495/2014		other_database_import
A/Auckland/8/2014	auckland_hospital	who_collaborating_centre_for_reference_and_research_on_influenza
A/DominicanRepublic/9347/2015	laboratorio_de_investigacion_/_centro_de_educacion_medica_y_amistad_dominico_japones_(cemadoja)	centers_for_disease_control_and_prevention
A/Taiwan/612/2014	center_for_disease_control	national_institute_of_infectious_diseases_(niid)
A/Vietnam/GS150134/2015	pasteur_institute,_influenza_laboratory	centers_for_disease_control_and_prevention
A/HongKong/12244/2015-egg	government_virus_unit	centers_for_disease_control_and_prevention
A/HongKong/12244/2015	government_virus_unit	centers_for_disease_control_and_prevention
A/Christchurch/538/2014	canterbury_health_services	who_collaborating_centre_for_reference_and_research_on_influenza
A/Brisbane/1007/2014	institute_of_medical_and_veterinary_science_(imvs)	who_collaborating_centre_for_reference_and_research_on_influenza
A/Iowa/19/2014	iowa_state_hygienic_laboratory	centers_for_disease_control_and_prevention
A/Iowa/19/2014-egg	iowa_state_hygienic_laboratory	centers_for_disease_control_and_prevention
A/Iowa/27/2014	iowa_state_hygienic_laboratory	centers_for_disease_control_and_prevention
A/HongKong/7573/2014	government_virus_unit	centers_for_disease_control_and_prevention
A/HongKong/7572/2014	government_virus_unit	centers_for_disease_control_and_prevention
A/HongKong/7561/2014	government_virus_unit	centers_for_disease_control_and_prevention
A/PuertoRico/42/2015	puerto_rico_department_of_health	centers_for_disease_control_and_prevention
A/Iowa/55/2015	iowa_state_hygienic_laboratory	centers_for_disease_control_and_prevention
A/Yokohama/61/2016	yokohama_city_institute_of_public_health.	national_institute_of_infectious_diseases_(niid)
A/Hawaii/59/2015-egg	state_of_hawaii_department_of_health	centers_for_disease_control_and_prevention
A/Hawaii/59/2015	state_of_hawaii_department_of_health	centers_for_disease_control_and_prevention
A/DominicanRepublic/9252/2015	laboratorio_de_investigacion_/_centro_de_educacion_medica_y_amistad_dominico_japones_(cemadoja)	centers_for_disease_control_and_prevention
A/Delaware/42/2015-egg	delaware_public_health_lab	centers_for_disease_control_and_prevention
A/Delaware/42/2015	delaware_public_health_lab	centers_for_disease_control_and_prevention
A/Nicaragua/6811/2015	laboratorio_de_virologia,_direccion_de_microbiologia	centers_for_disease_control_and_prevention
A/CostaRica/8646/2015	laboratorio_nacional_de_influenza	centers_for_disease_control_and_prevention
A/Mozambique/376/2016	laboratório_de_isolamento_viral	centers_for_disease_control_and_prevention
A/CostaRica/8075/2015	laboratorio_nacional_de_influenza	centers_for_disease_control_and_prevention
A/RioSanJuan/55/2016	laboratorio_de_virologia,_direccion_de_microbiologia	centers_for_disease_control_and_prevention
A/Tasmania/24/2014	royal_hobart_hospital	who_collaborating_centre_for_reference_and_research_on_influenza
A/Florida/63/2014	florida_department_of_health_jacksonville	centers_for_disease_control_and_prevention
A/California/92/2014	california_department_of_health_services	centers_for_disease_control_and_prevention
A/Hawaii/51/2015-egg	state_of_hawaii_department_of_health	centers_for_disease_control_and_prevention
A/Hawaii/51/2015	state_of_hawaii_department_of_health	centers_for_disease_control_and_prevention
A/Florida/62/2014-egg	florida_department_of_health_jacksonville	centers_for_disease_control_and_prevention
A/Florida/62/2014	florida_department_of_health_jacksonville	centers_for_disease_control_and_prevention
A/Stockholm/25/2015	swedish_institute_for_infectious_disease_control	swedish_institute_for_infectious_disease_control
A/Gyeongbuk/533/2015	national_institute_of_health	centers_for_disease_control_and_prevention
A/Ibaraki/21/2015	ibaraki_prefectural_institute_of_public_health	national_institute_of_infectious_diseases_(niid)
A/Argentina/262/2015	instituto_nacional_de_enfermedades_infecciosas	centers_for_disease_control_and_prevention
A/Tokyo/14863/2015	tokyo_metropolitan_institute_of_public_health	national_institute_of_infectious_diseases_(niid)
A/KhantyMansia/1/2015	state_research_center_of_virology_and_biotechnology_vector	centers_for_disease_control_and_prevention
A/Peru/2093/2015	us_namru_6	centers_for_disease_control_and_prevention
A/Peru/51/2015	us_namru_6	centers_for_disease_control_and_prevention
A/Mali/3MOP/2015	nic_lab_cvd_mali	centers_for_disease_control_and_prevention
A/Connecticut/5/2015-egg	connecticut_department._of_public_health	centers_for_disease_control_and_prevention
A/Connecticut/5/2015	connecticut_department._of_public_health	centers_for_disease_control_and_prevention
A/Maryland/16/2015-egg	maryland_department_of_health_and_mental_hygiene	centers_for_disease_control_and_prevention
A/Maryland/16/2015	maryland_department_of_health_and_mental_hygiene	centers_for_disease_control_and_prevention
A/NewMexico/17/2015-egg	new_mexico_department_of_health	centers_for_disease_control_and_prevention
A/NewMexico/17/2015	new_mexico_department_of_health	centers_for_disease_control_and_prevention
A/Dnipropetrovsk/437/2015	institute_of_epidemiology_and_infectious_diseases_ams_of_ukraine	centers_for_disease_control_and_prevention
A/Dnipropetrovsk/440/2015	institute_of_epidemiology_and_infectious_diseases_ams_of_ukraine	centers_for_disease_control_and_prevention
A/Daegu/653/2015	national_institute_of_health	centers_for_disease_control_and_prevention
A/Chungnam/906/2015	national_institute_of_health	centers_for_disease_control_and_prevention
A/Gyeongbuk/557/2015	national_institute_of_health	centers_for_disease_control_and_prevention
A/Ulsan/58/2015	national_institute_of_health	centers_for_disease_control_and_prevention
A/Chungnam/794/2015	national_institute_of_health	centers_for_disease_control_and_prevention
A/Gwangju/182/2015	national_institute_of_health	centers_for_disease_control_and_prevention
A/Vietnam/693/2015	pasteur_institute,_influenza_laboratory	national_institute_of_infectious_diseases_(niid)
A/Cambodia/981/2015	national_public_health_laboratory	centers_for_disease_control_and_prevention
A/Saitama-C/45/2014	saitama_city_institute_of_health__science_and_research	national_institute_of_infectious_diseases_(niid)
A/Moscow/109/2015	ivanovsky_research_institute_of_virology_rams	centers_for_disease_control_and_prevention
A/England/101/2015	microbiology_services_colindale,_public_health_england	microbiology_services_colindale,_public_health_england
A/ElSalvador/240/2015	contiguo_a_hospital_rosales	centers_for_disease_control_and_prevention
A/StPetersburg/61/2015-egg	russian_academy_of_medical_sciences	centers_for_disease_control_and_prevention
A/Bangladesh/4004/2015-egg	institute_of_epidemiology_disease_control_and_research_(iedcr)_&_bangladesh_national_influenza_centre_(nic)	centers_for_disease_control_and_prevention
A/Bangladesh/4004/2015	institute_of_epidemiology_disease_control_and_research_(iedcr)_&_bangladesh_national_influenza_centre_(nic)	centers_for_disease_control_and_prevention
A/Bangladesh/6001/2015	institute_of_epidemiology_disease_control_and_research_(iedcr)_&_bangladesh_national_influenza_centre_(nic)	centers_for_disease_control_and_prevention
A/Bangladesh/1516/2015-egg	institute_of_epidemiology_disease_control_and_research_(iedcr)_&_bangladesh_national_influenza_centre_(nic)	centers_for_disease_control_and_prevention
A/Bangladesh/1516/2015	institute_of_epidemiology_disease_control_and_research_(iedcr)_&_bangladesh_national_influenza_centre_(nic)	centers_for_disease_control_and_prevention
A/Germany/51/2014	u.s._air_force_school_of_aerospace_medicine	centers_for_disease_control_and_prevention
A/Toamasina/4159/2015	institut_pasteur_de_madagascar	centers_for_disease_control_and_prevention
A/Maevatanana/4189/2015	institut_pasteur_de_madagascar	centers_for_disease_control_and_prevention
A/Maevatanana/4197/2015	institut_pasteur_de_madagascar	centers_for_disease_control_and_prevention
A/Maevatanana/4194/2015-egg	institut_pasteur_de_madagascar	centers_for_disease_control_and_prevention
A/Maevatanana/4194/2015	institut_pasteur_de_madagascar	centers_for_disease_control_and_prevention
A/Antsirabe/4186/2015	institut_pasteur_de_madagascar	centers_for_disease_control_and_prevention
A/Antananarivo/3825/2016	institut_pasteur_de_madagascar	centers_for_disease_control_and_prevention
A/Antsirabe/1051/2016	institut_pasteur_de_madagascar	centers_for_disease_control_and_prevention
A/Antsirabe/1049/2016	institut_pasteur_de_madagascar	centers_for_disease_control_and_prevention
A/Moramanga/1351/2016	institut_pasteur_de_madagascar	centers_for_disease_control_and_prevention
A/SouthAustralia/22/2015-egg	institute_of_medical_and_veterinary_science_(imvs)	centers_for_disease_control_and_prevention
A/SouthAustralia/22/2015	institute_of_medical_and_veterinary_science_(imvs)	who_collaborating_centre_for_reference_and_research_on_influenza
A/Saga/32/2015	saga_prefectural_institute_of_public_health_and_pharmaceutical_research	national_institute_of_infectious_diseases_(niid)
A/Moscow/125/2015	ivanovsky_research_institute_of_virology_rams	centers_for_disease_control_and_prevention
A/Hawaii/64/2014	state_of_hawaii_department_of_health	centers_for_disease_control_and_prevention
A/Yamaguchi/23/2015	yamaguchi_prefectural_institute_of_public_health_and_environment	national_institute_of_infectious_diseases_(niid)
A/Fukuoka/14363/2015	fukuoka_institute_of_public_health_and_environmental_sciences	national_institute_of_infectious_diseases_(niid)
A/Oita/6/2015	oita_prefectural_institute_of_health_and_environment	national_institute_of_infectious_diseases_(niid)
A/Fukuoka-C/6/2015	fukuoka_city_institute_for_hygiene_and_the_environment	national_institute_of_infectious_diseases_(niid)
A/Yokohama/50/2015	national_institute_of_infectious_diseases_(niid)	university_of_tokyo
A/Martinique/2131/2015	national_influenza_center_french_guiana_and_french_indies	centers_for_disease_control_and_prevention
A/Hyogo/3174/2015	hyogo_prefectural_institute_of_public_health_and_consumer_sciences	national_institute_of_infectious_diseases_(niid)
A/Bangladesh/7900/2015-egg	institute_of_epidemiology_disease_control_and_research_(iedcr)_&_bangladesh_national_influenza_centre_(nic)	centers_for_disease_control_and_prevention
A/ElSalvador/410/2015-egg	contiguo_a_hospital_rosales	centers_for_disease_control_and_prevention
A/ElSalvador/410/2015	contiguo_a_hospital_rosales	centers_for_disease_control_and_prevention
A/Peru/6/2015	centers_for_disease_control_and_prevention	centers_for_disease_control_and_prevention
A/Bangladesh/814005/2015-egg	institute_of_epidemiology_disease_control_and_research_(iedcr)_&_bangladesh_national_influenza_centre_(nic)	centers_for_disease_control_and_prevention
A/Bangladesh/814005/2015	institute_of_epidemiology_disease_control_and_research_(iedcr)_&_bangladesh_national_influenza_centre_(nic)	centers_for_disease_control_and_prevention
A/StPetersburg/46/2015-egg	russian_academy_of_medical_sciences	centers_for_disease_control_and_prevention
A/Ukraine/171/2015	institute_of_epidemiology_and_infectious_diseases_ams_of_ukraine	centers_for_disease_control_and_prevention
A/Mali/204CH/2015	nic_lab_cvd_mali	centers_for_disease_control_and_prevention
A/Mali/252CI/2015	nic_lab_cvd_mali	centers_for_disease_control_and_prevention
A/Mali/249CI/2015	nic_lab_cvd_mali	centers_for_disease_control_and_prevention
A/Mali/239CI/2015	nic_lab_cvd_mali	centers_for_disease_control_and_prevention
A/Mali/6050/2016	nic_lab_cvd_mali	centers_for_disease_control_and_prevention
A/Mali/23/2016	nic_lab_cvd_mali	centers_for_disease_control_and_prevention
A/Mali/96/2016	nic_lab_cvd_mali	centers_for_disease_control_and_prevention
A/Mali/89/2016	nic_lab_cvd_mali	centers_for_disease_control_and_prevention
A/Mali/82/2016	nic_lab_cvd_mali	centers_for_disease_control_and_prevention
A/Peru/5/2015	us_namru_6	centers_for_disease_control_and_prevention
A/California/33/2015	california_department_of_health_services	centers_for_disease_control_and_prevention
A/England/41/2015	microbiology_services_colindale,_public_health_england	microbiology_services_colindale,_public_health_england
A/Paraguay/2581/2015	central_laboratory_of_public_health	centers_for_disease_control_and_prevention
A/Paraguay/1876/2015	central_laboratory_of_public_health	centers_for_disease_control_and_prevention
A/Argentina/115/2015	instituto_nacional_de_enfermedades_infecciosas	centers_for_disease_control_and_prevention
A/Paraguay/8203/2015	central_laboratory_of_public_health	centers_for_disease_control_and_prevention
A/Peru/8/2015	us_namru_6	centers_for_disease_control_and_prevention
A/Peru/56/2015	us_namru_6	centers_for_disease_control_and_prevention
A/Yokohama/50/2015-egg	national_institute_of_infectious_diseases_(niid)	centers_for_disease_control_and_prevention
A/ElSalvador/365/2015-egg	contiguo_a_hospital_rosales	centers_for_disease_control_and_prevention
A/ElSalvador/365/2015	contiguo_a_hospital_rosales	centers_for_disease_control_and_prevention
A/Trinidad/2100/2015	caribbean_epidemiology_center	centers_for_disease_control_and_prevention
A/Zambia/6/2015	university_teaching_hospital	centers_for_disease_control_and_prevention
A/Michigan/57/2015-egg	michigan_department_of_community_health	centers_for_disease_control_and_prevention
A/Michigan/57/2015	michigan_department_of_community_health	centers_for_disease_control_and_prevention
A/Indiana/15/2015-egg	indiana_state_department_of_health_laboratories	centers_for_disease_control_and_prevention
A/Indiana/15/2015	indiana_state_department_of_health_laboratories	centers_for_disease_control_and_prevention
A/Concepcion/39745/2015-egg	instituto_de_salud_publica_de_chile_	centers_for_disease_control_and_prevention
A/Concepcion/39745/2015	instituto_de_salud_publica_de_chile_	centers_for_disease_control_and_prevention
A/Fukuoka/14428/2015	fukuoka_institute_of_public_health_and_environmental_sciences	national_institute_of_infectious_diseases_(niid)
A/Gyeonggi/812/2015	national_institute_of_health	centers_for_disease_control_and_prevention
A/FrenchGuiana/4072/2015	national_influenza_center_french_guiana_and_french_indies	centers_for_disease_control_and_prevention
A/DominicanRepublic/9228/2015	laboratorio_de_investigacion_/_centro_de_educacion_medica_y_amistad_dominico_japones_(cemadoja)	centers_for_disease_control_and_prevention
A/Brazil/2051/2015	instituto_adolfo_lutz	centers_for_disease_control_and_prevention
A/Shizuoka-C/99/2013	shizuoka_city_institute_of_environmental_sciences_and_public_health_	national_institute_of_infectious_diseases_(niid)
A/Helsinki/2430/2012		other_database_import
A/NewHampshire/4/2013-egg	new_hampshire_public_health_laboratories	centers_for_disease_control_and_prevention
A/NewYork/WC-LVD-14-031/2014		other_database_import
A/NewYork/WC-LVD-13-003/2013		other_database_import
A/NewYork/WC-LVD-13-014/2013		other_database_import
A/NewYork/WC-LVD-13-016/2013		other_database_import
A/NewYork/WC-LVD-13-017/2013		other_database_import
A/NorthCarolina/4/2014-egg	mission_hospital_microbiology_lab	centers_for_disease_control_and_prevention
A/NorthCarolina/4/2014	mission_hospital_microbiology_lab	centers_for_disease_control_and_prevention
A/NewYork/WC-LVD-13-010/2013		other_database_import
A/Hawaii/3/2013	state_of_hawaii_department_of_health	centers_for_disease_control_and_prevention
A/Missouri/6/2014	missouri_department._of_health_&_senior_services	centers_for_disease_control_and_prevention
A/Myanmar/13M310/2013		niigata_university
A/Singapore/KK1073/2013	ministry_of_health,_singapore	ministry_of_health,_singapore
A/Singapore/KK1067/2013	ministry_of_health,_singapore	ministry_of_health,_singapore
A/Singapore/EN555/2013	ministry_of_health,_singapore	ministry_of_health,_singapore
A/Malaysia/11/2014	institut_penyelidikan_perubatan	who_collaborating_centre_for_reference_and_research_on_influenza
A/NewYork/WC-LVD-13-024/2013		other_database_import
A/England/333/2014	microbiology_services_colindale,_public_health_england	microbiology_services_colindale,_public_health_england
A/NewYork/WC-LVD-14-046/2014		other_database_import
A/England/6/2014	microbiology_services_colindale,_public_health_england	microbiology_services_colindale,_public_health_england
A/Cambodia/Y0630302/2014	institute_pasteur_du_cambodia	who_collaborating_centre_for_reference_and_research_on_influenza
A/Nonthaburi/248/2014	who_national_influenza_centre,_national_institute_of_medical_research_(nimr)	who_collaborating_centre_for_reference_and_research_on_influenza
A/Hiroshima/63/2014	center_for_public_health_and_environment,_hiroshima_prefectural_technology_research_institute	national_institute_of_infectious_diseases_(niid)
A/Vietnam/125/2015	pasteur_institute,_influenza_laboratory	national_institute_of_infectious_diseases_(niid)
A/Sweden/74/2014		swedish_institute_for_infectious_disease_control
A/Kanagawa/165/2014	kanagawa_prefectural_institute_of_public_health	national_institute_of_infectious_diseases_(niid)
A/Nonthaburi/2398/2014	who_national_influenza_centre,_national_institute_of_medical_research_(nimr)	centers_for_disease_control_and_prevention
A/Nonthaburi/375/2014	who_national_influenza_centre,_national_institute_of_medical_research_(nimr)	centers_for_disease_control_and_prevention
A/Lao/830/2015	national_center_for_laboratory_and_epidemiology	centers_for_disease_control_and_prevention
A/Lao/78/2015	national_center_for_laboratory_and_epidemiology	centers_for_disease_control_and_prevention
A/NewYork/WC-LVD-14-001/2014		other_database_import
A/NewYork/WC-LVD-14-020/2014		other_database_import
A/CuTha/FS2/2014		other_database_import
A/CuTha/FS1/2014		other_database_import
A/Pennsylvania/20/2014	pennsylvania_department_of_health	centers_for_disease_control_and_prevention
A/Helsinki/1338/2014		other_database_import
A/Kyoto/13K003/2014		other_database_import
A/Bolivia/559/2013-egg	instituto_nacional_de_laboratoriosde_salud_(inlasa)	centers_for_disease_control_and_prevention
A/Bolivia/559/2013	instituto_nacional_de_laboratoriosde_salud_(inlasa)	centers_for_disease_control_and_prevention
A/Volgograd/CRIE-4/2014	central_research_institute_for_epidemiology	central_research_institute_for_epidemiology
A/NewYork/WC-LVD-13-005/2013		other_database_import
A/NewYork/WC-LVD-13-004/2013		other_database_import
A/Louisiana/11/2013	louisiana_department_of_health_and_hospitals	centers_for_disease_control_and_prevention
A/Niigata/13F003/2014		other_database_import
A/Niigata/13F311/2014		other_database_import
A/NewYork/WC-LVD-13-021/2013		other_database_import
A/Niigata/13NU004/2014		other_database_import
A/Pennsylvania/15/2014	pennsylvania_department_of_health	centers_for_disease_control_and_prevention
A/Pennsylvania/18/2014	pennsylvania_department_of_health	centers_for_disease_control_and_prevention
A/Mexico/199741/2013		other_database_import
A/Massachusetts/15/2013-egg	massachusetts_department_of_public_health	centers_for_disease_control_and_prevention
A/Massachusetts/15/2013	massachusetts_department_of_public_health	centers_for_disease_control_and_prevention
A/Mississippi/9/2013	mississippi_public_health_laboratory	centers_for_disease_control_and_prevention
A/Northland/2/2013	institute_of_environmental_science_and_research	who_collaborating_centre_for_reference_and_research_on_influenza
A/Louisiana/41/2013	new_york_state_department_of_health	centers_for_disease_control_and_prevention
A/NewYork/WC-LVD-14-015/2014		other_database_import
A/Srilanka/30/2013	medical_research_institute	who_collaborating_centre_for_reference_and_research_on_influenza
A/Hiroshima/19/2013	center_for_public_health_and_environment,_hiroshima_prefectural_technology_research_institute	national_institute_of_infectious_diseases_(niid)
A/SouthAustralia/17/2013-egg	institute_of_medical_and_veterinary_science_(imvs)	centers_for_disease_control_and_prevention
A/Astrakhan/CRIE-8/2014	central_research_institute_for_epidemiology	central_research_institute_for_epidemiology
A/HongKong/5008/2013	government_virus_unit	centers_for_disease_control_and_prevention
A/Yamagata/158/2013	yamagata_prefectural_institute_of_public_health	national_institute_of_infectious_diseases_(niid)
A/Kanagawa/146/2013	kanagawa_prefectural_institute_of_public_health	national_institute_of_infectious_diseases_(niid)
A/Sapporo/TH1/2013	virus_research_center,_sendai_medical_center	national_institute_of_infectious_diseases_(niid)
A/Sapporo/114/2013	sapporo_city_institute_of_public_health	national_institute_of_infectious_diseases_(niid)
A/Singapore/TT950/2013	ministry_of_health,_singapore	ministry_of_health,_singapore
A/Guangdong-Zhongshan/SWL1323/2014-egg	guangdong_provincial_center_for_disease_control_and_prevention	who_chinese_national_influenza_center
A/Guangdong-Zhongshan/SWL1323/2014	guangdong_provincial_center_for_disease_control_and_prevention	who_chinese_national_influenza_center
A/Myanmar/14M233/2014		niigata_university
A/Myanmar/14M272/2014		niigata_university
A/Myanmar/14M194/2014		niigata_university
A/Myanmar/14M139/2014		niigata_university
A/Myanmar/14M072/2014		niigata_university
A/Myanmar/14M003/2014		niigata_university
A/Myanmar/14M445/2014		niigata_university
A/Myanmar/14M379/2014		niigata_university
A/Guangdong-Dongwanbendi/SWL1188/2014-egg	guangdong_provincial_center_for_disease_control_and_prevention	who_chinese_national_influenza_center
A/Guangdong-Dongwanbendi/SWL1188/2014	guangdong_provincial_center_for_disease_control_and_prevention	who_chinese_national_influenza_center
A/Astrakhan/CRIE-7/2014	central_research_institute_for_epidemiology	central_research_institute_for_epidemiology
A/England/40380620/2014	microbiology_services_colindale,_public_health_england	microbiology_services_colindale,_public_health_england
A/Congo/2278/2014	inrb_service_de_virologie	centers_for_disease_control_and_prevention
A/Ulaanbaatar/739/2014	national_center_for_communicable_diseases	national_centre_for_disease_control_(ncdc)
A/Bulgan/1852/2014	national_influenza_center	who_collaborating_centre_for_reference_and_research_on_influenza
A/Shanghai-Changning/SWL1621/2013-egg	who_chinese_national_influenza_center	who_chinese_national_influenza_center
A/Shanghai-Changning/SWL1621/2013	who_chinese_national_influenza_center	who_chinese_national_influenza_center
A/Macau/610158/2014	laboratorio_de_saude_publico	who_collaborating_centre_for_reference_and_research_on_influenza
A/Hubei-Wuchang/SWL1141/2014-egg	hubei_provincial_center_for_disease_control_and_prevention	who_chinese_national_influenza_center
A/Hubei-Wuchang/SWL1141/2014	hubei_provincial_center_for_disease_control_and_prevention	who_chinese_national_influenza_center
A/SouthAfrica/3626/2013-egg	sandringham,_national_institute_for_communicable_d	centers_for_disease_control_and_prevention
A/India/6427/2014	national_institute_of_virology	centers_for_disease_control_and_prevention
A/India/P153017/2015	national_institute_of_virology	national_institute_of_infectious_diseases_(niid)
A/India/1245/2015	national_institute_of_virology	centers_for_disease_control_and_prevention
A/Brisbane/35/2015	who_collaborating_centre_for_reference_and_research_on_influenza	centers_for_disease_control_and_prevention
A/Bangladesh/6867/2015-egg	institute_of_epidemiology_disease_control_and_research_(iedcr)_&_bangladesh_national_influenza_centre_(nic)	centers_for_disease_control_and_prevention
A/Bangladesh/6867/2015	institute_of_epidemiology_disease_control_and_research_(iedcr)_&_bangladesh_national_influenza_centre_(nic)	centers_for_disease_control_and_prevention
A/Nonthaburi/59/2015	who_national_influenza_centre,_national_institute_of_medical_research_(nimr)	centers_for_disease_control_and_prevention
A/Zambia/38/2015	university_teaching_hospital	centers_for_disease_control_and_prevention
A/Zambia/3/2015	university_teaching_hospital	centers_for_disease_control_and_prevention
A/Zambia/426/2015	university_teaching_hospital	centers_for_disease_control_and_prevention
A/Congo/1989/2015	inrb_service_de_virologie	centers_for_disease_control_and_prevention
A/Rwanda/483/2016	rwanda_biomedical_center,_national_reference_laboratory	centers_for_disease_control_and_prevention
A/Rwanda/395/2016-egg	rwanda_biomedical_center,_national_reference_laboratory	centers_for_disease_control_and_prevention
A/Rwanda/395/2016	rwanda_biomedical_center,_national_reference_laboratory	centers_for_disease_control_and_prevention
A/Bangladesh/3005/2015	institute_of_epidemiology_disease_control_and_research_(iedcr)_&_bangladesh_national_influenza_centre_(nic)	centers_for_disease_control_and_prevention
A/Bangladesh/15007/2015-egg	institute_of_epidemiology_disease_control_and_research_(iedcr)_&_bangladesh_national_influenza_centre_(nic)	centers_for_disease_control_and_prevention
A/Bangladesh/15007/2015	institute_of_epidemiology_disease_control_and_research_(iedcr)_&_bangladesh_national_influenza_centre_(nic)	centers_for_disease_control_and_prevention
A/Pennsylvania/54/2015	upmc_clb_dept_of_microbiology	centers_for_disease_control_and_prevention
A/Nepal/147/2016	national_public_health_laboratory	centers_for_disease_control_and_prevention
A/Afghanistan/1114/2016	national_public_health_laboratory	centers_for_disease_control_and_prevention
A/Afghanistan/112/2016	national_public_health_laboratory	centers_for_disease_control_and_prevention
A/Vietnam/GS150285/2015	pasteur_institute,_influenza_laboratory	centers_for_disease_control_and_prevention
A/HongKong/11699/2015-egg	government_virus_unit	centers_for_disease_control_and_prevention
A/HongKong/11699/2015	government_virus_unit	centers_for_disease_control_and_prevention
A/Bangladesh/3003/2015-egg	institute_of_epidemiology_disease_control_and_research_(iedcr)_&_bangladesh_national_influenza_centre_(nic)	centers_for_disease_control_and_prevention
A/Bangladesh/3003/2015	institute_of_epidemiology_disease_control_and_research_(iedcr)_&_bangladesh_national_influenza_centre_(nic)	centers_for_disease_control_and_prevention
A/Bangladesh/861/2015	institute_of_epidemiology_disease_control_and_research_(iedcr)_&_bangladesh_national_influenza_centre_(nic)	centers_for_disease_control_and_prevention
A/Bangladesh/20007/2015-egg	institute_of_epidemiology_disease_control_and_research_(iedcr)_&_bangladesh_national_influenza_centre_(nic)	centers_for_disease_control_and_prevention
A/Bangladesh/20007/2015	institute_of_epidemiology_disease_control_and_research_(iedcr)_&_bangladesh_national_influenza_centre_(nic)	centers_for_disease_control_and_prevention
A/Bangladesh/861/2015-egg	institute_of_epidemiology_disease_control_and_research_(iedcr)_&_bangladesh_national_influenza_centre_(nic)	centers_for_disease_control_and_prevention
A/Bangladesh/4006/2015-egg	institute_of_epidemiology_disease_control_and_research_(iedcr)_&_bangladesh_national_influenza_centre_(nic)	centers_for_disease_control_and_prevention
A/Bangladesh/4006/2015	institute_of_epidemiology_disease_control_and_research_(iedcr)_&_bangladesh_national_influenza_centre_(nic)	centers_for_disease_control_and_prevention
A/India/4816/2015	national_institute_of_virology	centers_for_disease_control_and_prevention
A/Indonesia/Nihrd-Bpp131/2015	ministry_of_health,_nihrd	centers_for_disease_control_and_prevention
A/Taiwan/1036/2015	adimmune_corporation	centers_for_disease_control_and_prevention
A/Virginia/297/2015-egg	university_of_virginia,_medical_labs/microbiology	centers_for_disease_control_and_prevention
A/Virginia/297/2015	university_of_virginia,_medical_labs/microbiology	centers_for_disease_control_and_prevention
A/Arkansas/10/2015	arkansas_children's_hospital	centers_for_disease_control_and_prevention
A/Arkansas/10/2015-egg	arkansas_children's_hospital	centers_for_disease_control_and_prevention
A/Pennsylvania/41/2015	pennsylvania_department_of_health	centers_for_disease_control_and_prevention
A/Pennsylvania/41/2015-egg	pennsylvania_department_of_health	centers_for_disease_control_and_prevention
A/Bangladesh/10003/2015	institute_of_epidemiology_disease_control_and_research_(iedcr)_&_bangladesh_national_influenza_centre_(nic)	centers_for_disease_control_and_prevention
A/Bangladesh/7900/2015	institute_of_epidemiology_disease_control_and_research_(iedcr)_&_bangladesh_national_influenza_centre_(nic)	centers_for_disease_control_and_prevention
A/Bangladesh/5002/2015-egg	institute_of_epidemiology_disease_control_and_research_(iedcr)_&_bangladesh_national_influenza_centre_(nic)	centers_for_disease_control_and_prevention
A/Bangladesh/5002/2015	institute_of_epidemiology_disease_control_and_research_(iedcr)_&_bangladesh_national_influenza_centre_(nic)	centers_for_disease_control_and_prevention
A/Pakistan/336/2015	national_institute_of_health	centers_for_disease_control_and_prevention
A/Congo/1909/2015	inrb_service_de_virologie	centers_for_disease_control_and_prevention
A/Congo/2135/2015	inrb_service_de_virologie	centers_for_disease_control_and_prevention
A/Congo/2128/2015	inrb_service_de_virologie	centers_for_disease_control_and_prevention
A/Congo/1966/2015	inrb_service_de_virologie	centers_for_disease_control_and_prevention
A/Congo/1941/2015	inrb_service_de_virologie	centers_for_disease_control_and_prevention
A/India/P152122/2015	national_institute_of_virology	national_institute_of_infectious_diseases_(niid)
A/Tasmania/1/2016	royal_hobart_hospital	who_collaborating_centre_for_reference_and_research_on_influenza
A/Nepal/37/2016	national_public_health_laboratory	centers_for_disease_control_and_prevention
A/Nepal/142/2016	national_public_health_laboratory	centers_for_disease_control_and_prevention
A/Nepal/3392/2015	national_public_health_laboratory	centers_for_disease_control_and_prevention
A/Nepal/430/2016	national_public_health_laboratory	centers_for_disease_control_and_prevention
A/Nepal/249/2016	national_public_health_laboratory	centers_for_disease_control_and_prevention
A/Nepal/3433/2015	national_public_health_laboratory	centers_for_disease_control_and_prevention
A/India/3725/2016	national_institute_of_virology	centers_for_disease_control_and_prevention
A/Nepal/485/2016	national_public_health_laboratory	centers_for_disease_control_and_prevention
A/Nepal/432/2016	national_public_health_laboratory	centers_for_disease_control_and_prevention
A/Nepal/248/2016	national_public_health_laboratory	centers_for_disease_control_and_prevention
A/Nepal/369/2016	national_public_health_laboratory	centers_for_disease_control_and_prevention
A/Nepal/221/2016	national_public_health_laboratory	centers_for_disease_control_and_prevention
A/Nepal/363/2016	national_public_health_laboratory	centers_for_disease_control_and_prevention
A/Nepal/202/2016	national_public_health_laboratory	centers_for_disease_control_and_prevention
A/Nepal/3375/2015	national_public_health_laboratory	centers_for_disease_control_and_prevention
A/Nepal/3421/2015	national_public_health_laboratory	centers_for_disease_control_and_prevention
A/Nepal/K782/2015	national_public_health_laboratory	national_institute_of_infectious_diseases_(niid)
A/India/Pun151399/2015		other_database_import
A/Ethiopia/1803/2016	ethiopian_public_health_institute,_national_influenza_laboratory	centers_for_disease_control_and_prevention
A/Kenya/104/2016	cdc_kenya	centers_for_disease_control_and_prevention
A/Kenya/107/2016	cdc_kenya	centers_for_disease_control_and_prevention
A/Bangladesh/85006/2015	institute_of_epidemiology_disease_control_and_research_(iedcr)_&_bangladesh_national_influenza_centre_(nic)	centers_for_disease_control_and_prevention
A/Bangladesh/3011/2015	institute_of_epidemiology_disease_control_and_research_(iedcr)_&_bangladesh_national_influenza_centre_(nic)	centers_for_disease_control_and_prevention
A/Bangladesh/9002/2015	institute_of_epidemiology_disease_control_and_research_(iedcr)_&_bangladesh_national_influenza_centre_(nic)	centers_for_disease_control_and_prevention
A/Bangladesh/3002/2015-egg	centers_for_disease_control_and_prevention	centers_for_disease_control_and_prevention
A/Bangladesh/3002/2015	centers_for_disease_control_and_prevention	centers_for_disease_control_and_prevention
A/Bangladesh/3006/2015-egg	institute_of_epidemiology_disease_control_and_research_(iedcr)_&_bangladesh_national_influenza_centre_(nic)	centers_for_disease_control_and_prevention
A/Bangladesh/3006/2015	institute_of_epidemiology_disease_control_and_research_(iedcr)_&_bangladesh_national_influenza_centre_(nic)	centers_for_disease_control_and_prevention
A/Indiana/8/2015-egg	indiana_state_department_of_health_laboratories	centers_for_disease_control_and_prevention
A/Bangladesh/8053/2015	institute_of_epidemiology_disease_control_and_research_(iedcr)_&_bangladesh_national_influenza_centre_(nic)	centers_for_disease_control_and_prevention
A/Bangladesh/8614/2015-egg	institute_of_epidemiology_disease_control_and_research_(iedcr)_&_bangladesh_national_influenza_centre_(nic)	centers_for_disease_control_and_prevention
A/Bangladesh/8614/2015	institute_of_epidemiology_disease_control_and_research_(iedcr)_&_bangladesh_national_influenza_centre_(nic)	centers_for_disease_control_and_prevention
A/FrenchGuiana/6135/2015	national_influenza_center_french_guiana_and_french_indies	centers_for_disease_control_and_prevention
A/Brazil/83570/2015	instituto_adolfo_lutz	centers_for_disease_control_and_prevention
A/Nigeria/414/2015	national_influenza_reference_laboratory	centers_for_disease_control_and_prevention
A/Bangladesh/9511/2015-egg	institute_of_epidemiology_disease_control_and_research_(iedcr)_&_bangladesh_national_influenza_centre_(nic)	centers_for_disease_control_and_prevention
A/Bangladesh/9511/2015	institute_of_epidemiology_disease_control_and_research_(iedcr)_&_bangladesh_national_influenza_centre_(nic)	centers_for_disease_control_and_prevention
A/Indonesia/Nihrdi-Diy152/2015	ministry_of_health,_nihrd	centers_for_disease_control_and_prevention
A/Bangladesh/3/2015	institute_of_epidemiology_disease_control_and_research_(iedcr)_&_bangladesh_national_influenza_centre_(nic)	centers_for_disease_control_and_prevention
A/California/90/2015-egg	california_department_of_health_services	centers_for_disease_control_and_prevention
A/California/90/2015	california_department_of_health_services	centers_for_disease_control_and_prevention
A/Nigeria/306/2015	national_influenza_reference_laboratory	centers_for_disease_control_and_prevention
A/Pakistan/319/2015	national_institute_of_health	centers_for_disease_control_and_prevention
A/Lao/SA401/2015	ministry_of_health_laos	national_institute_of_infectious_diseases_(niid)
A/Tanzania/3889/2015	national_influenza_lab	centers_for_disease_control_and_prevention
A/Tanzania/3866/2015	national_influenza_lab	centers_for_disease_control_and_prevention
A/Rwanda/475/2016	rwanda_biomedical_center,_national_reference_laboratory	centers_for_disease_control_and_prevention
A/Tanzania/2085/2015	national_influenza_lab	centers_for_disease_control_and_prevention
A/Tanzania/3914/2015	national_influenza_lab	centers_for_disease_control_and_prevention
A/Tanzania/3920/2015	national_influenza_lab	centers_for_disease_control_and_prevention
A/Tanzania/2192/2016	national_influenza_lab	centers_for_disease_control_and_prevention
A/Tanzania/4769/2017	national_influenza_lab	centers_for_disease_control_and_prevention
A/Tanzania/4756/2017	national_influenza_lab	centers_for_disease_control_and_prevention
A/Tanzania/4395/2017	national_influenza_lab	centers_for_disease_control_and_prevention
A/Tanzania/2497/2017	national_influenza_lab	centers_for_disease_control_and_prevention
A/Tanzania/4777/2017	national_influenza_lab	centers_for_disease_control_and_prevention
A/Tanzania/4767/2017	national_influenza_lab	centers_for_disease_control_and_prevention
A/Bangladesh/3005/2015-egg	institute_of_epidemiology_disease_control_and_research_(iedcr)_&_bangladesh_national_influenza_centre_(nic)	centers_for_disease_control_and_prevention
A/Nepal/3384/2015	national_public_health_laboratory	centers_for_disease_control_and_prevention
A/Pernambuco/138673-IEC/2016	national_influenza_center	centers_for_disease_control_and_prevention
A/NewYork/61/2015-egg	new_york_state_department_of_health	centers_for_disease_control_and_prevention
A/NewYork/61/2015	new_york_state_department_of_health	centers_for_disease_control_and_prevention
A/Paraguay/3397/2016	central_laboratory_of_public_health	centers_for_disease_control_and_prevention
A/Illinois/17/2015	illinois_department_of_public_health_chicago	centers_for_disease_control_and_prevention
A/Paraguay/778/2016	central_laboratory_of_public_health	centers_for_disease_control_and_prevention
A/Stockholm/48/2015		swedish_institute_for_infectious_disease_control
A/Singapore/TT0087/2017	ministry_of_health,_singapore	ministry_of_health,_singapore
A/Brisbane/181/2015	queensland_health_scientific_services	who_collaborating_centre_for_reference_and_research_on_influenza
A/Mie/20/2015	mie_prefecture_health_and_environment_research_institute	national_institute_of_infectious_diseases_(niid)
A/PapuaNewGuinea/29/2016	papua_new_guinea_institute_of_medical_research	who_collaborating_centre_for_reference_and_research_on_influenza
A/Fukushima/74/2015	national_institute_of_infectious_diseases_(niid)	centers_for_disease_control_and_prevention
A/California/83/2016	california_department_of_health_services	centers_for_disease_control_and_prevention
A/Pakistan/383/2015	national_institute_of_health	centers_for_disease_control_and_prevention
A/California/102/2015-egg	california_department_of_health_services	centers_for_disease_control_and_prevention
A/California/102/2015	california_department_of_health_services	centers_for_disease_control_and_prevention
A/Kumamoto/25/2016	kumamoto_prefectural_institute_of_public_health_and_environmental_science	national_institute_of_infectious_diseases_(niid)
A/Kansas/23/2016	kansas_department_of_health_and_environment	other_database_import
A/Para/139352-IEC/2016	national_influenza_center	centers_for_disease_control_and_prevention
A/Sweden/17/2016		swedish_institute_for_infectious_disease_control
A/Wisconsin/30/2016	marshfield_clinic_research_foundation	centers_for_disease_control_and_prevention
A/Georgia/51/2016-egg	georgia_public_health_laboratory	centers_for_disease_control_and_prevention
A/Georgia/51/2016	georgia_public_health_laboratory	centers_for_disease_control_and_prevention
A/India/4051/2015	national_institute_of_virology	centers_for_disease_control_and_prevention
A/England/54320598/2015	microbiology_services_colindale,_public_health_england	microbiology_services_colindale,_public_health_england
A/Khabarovsk/RII84/2016		who_national_influenza_centre_russian_federation
A/Hawaii/34/2016	state_of_hawaii_department_of_health	centers_for_disease_control_and_prevention
A/Pakistan/372/2015	national_institute_of_health	centers_for_disease_control_and_prevention
A/HongKong/96/2016	government_virus_unit	centers_for_disease_control_and_prevention
A/Cambodia/A0621536/2016	institute_pasteur_du_cambodia	who_collaborating_centre_for_reference_and_research_on_influenza
A/HongKong/15587/2015-egg	government_virus_unit	centers_for_disease_control_and_prevention
A/HongKong/15587/2015	government_virus_unit	centers_for_disease_control_and_prevention
A/Pennsylvania/48/2016-egg	upmc_clb_dept_of_microbiology	centers_for_disease_control_and_prevention
A/Pennsylvania/48/2016	upmc_clb_dept_of_microbiology	centers_for_disease_control_and_prevention
A/Pakistan/394/2015	national_institute_of_health	centers_for_disease_control_and_prevention
A/Bahrain/16/2016	ministry_of_health_bahrain	centers_for_disease_control_and_prevention
A/SriLanka/10/2016	medical_research_institute	who_collaborating_centre_for_reference_and_research_on_influenza
A/India/5714/2015	national_institute_of_virology	centers_for_disease_control_and_prevention
A/Brazil/7769/2016	instituto_adolfo_lutz	centers_for_disease_control_and_prevention
A/Bolivia/1636/2016	cenetrop	centers_for_disease_control_and_prevention
A/Bolivia/750/2017	cenetrop	centers_for_disease_control_and_prevention
A/Bolivia/493/2017	cenetrop	centers_for_disease_control_and_prevention
A/Bolivia/800/2017	cenetrop	centers_for_disease_control_and_prevention
A/NewMexico/29/2015-egg	new_mexico_department_of_health	centers_for_disease_control_and_prevention
A/NewMexico/29/2015	new_mexico_department_of_health	centers_for_disease_control_and_prevention
A/Shizuoka-C/1/2016	shizuoka_city_institute_of_environmental_sciences_and_public_health_	national_institute_of_infectious_diseases_(niid)
A/England/60620149/2016	microbiology_services_colindale,_public_health_england	microbiology_services_colindale,_public_health_england
A/Jonkoping/1/2015		swedish_institute_for_infectious_disease_control
A/Sweden/35/2015		swedish_institute_for_infectious_disease_control
A/Santiago/18962/2016-egg	instituto_de_salud_publica_de_chile_	centers_for_disease_control_and_prevention
A/Santiago/18962/2016	instituto_de_salud_publica_de_chile_	centers_for_disease_control_and_prevention
A/Taiwan/1088/2015	center_for_disease_control	national_institute_of_infectious_diseases_(niid)
A/Bangladesh/8007/2015	institute_of_epidemiology_disease_control_and_research_(iedcr)_&_bangladesh_national_influenza_centre_(nic)	centers_for_disease_control_and_prevention
A/Bahrain/186/2015	ministry_of_health_bahrain	centers_for_disease_control_and_prevention
A/Taiwan/1/2016	center_for_disease_control	national_institute_of_infectious_diseases_(niid)
A/Singapore/INFIMH-16-0016/2016	ministry_of_health,_singapore	ministry_of_health,_singapore
A/Kentucky/16/2017-egg	kentucky_division_of_laboratory_services	centers_for_disease_control_and_prevention
A/Kentucky/16/2017	kentucky_division_of_laboratory_services	centers_for_disease_control_and_prevention
A/Kentucky/14/2017	kentucky_division_of_laboratory_services	centers_for_disease_control_and_prevention
A/Kentucky/14/2017-egg	kentucky_division_of_laboratory_services	centers_for_disease_control_and_prevention
A/Yamaguchi/6/2016	yamaguchi_prefectural_institute_of_public_health_and_environment	national_institute_of_infectious_diseases_(niid)
A/Tokyo/15806/2016	tokyo_metropolitan_institute_of_public_health	national_institute_of_infectious_diseases_(niid)
A/Singapore/INFKK-16-0576/2016	ministry_of_health,_singapore	ministry_of_health,_singapore
A/Singapore/INFTT-16-0461/2016	ministry_of_health,_singapore	ministry_of_health,_singapore
A/Alaska/263/2015	alaska_state_virology_lab	centers_for_disease_control_and_prevention
A/Cambodia/1340/2015	national_public_health_laboratory	centers_for_disease_control_and_prevention
A/Nonthaburi/393/2015	who_national_influenza_centre,_national_institute_of_medical_research_(nimr)	centers_for_disease_control_and_prevention
A/Yokohama/94/2015	yokohama_city_institute_of_public_health.	centers_for_disease_control_and_prevention
A/Yokohama/94/2015-egg	yokohama_city_institute_of_public_health.	centers_for_disease_control_and_prevention
A/Yokohama/96/2015	yokohama_city_institute_of_public_health.	national_institute_of_infectious_diseases_(niid)
A/HongKong/95/2016	government_virus_unit	centers_for_disease_control_and_prevention
A/HongKong/93/2016	government_virus_unit	centers_for_disease_control_and_prevention
A/RioGrandeDoSul/17/2017	instituto_oswaldo_cruz_fiocruz___laboratory_of_respiratory_viruses_and_measles_(lvrs)	centers_for_disease_control_and_prevention
A/StPetersburg/RII48/2016-egg		who_national_influenza_centre_russian_federation
A/StPetersburg/RII48/2016		who_national_influenza_centre_russian_federation
A/StPetersburg/RII812S/2016	who_national_influenza_centre_russian_federation	who_national_influenza_centre_russian_federation
A/Guangdong-Luohu/1294/2016-egg	who_chinese_national_influenza_center	centers_for_disease_control_and_prevention
A/Mali/100/2016	nic_lab_cvd_mali	centers_for_disease_control_and_prevention
A/Mali/6063/2016	nic_lab_cvd_mali	centers_for_disease_control_and_prevention
A/Mali/33/2016	nic_lab_cvd_mali	centers_for_disease_control_and_prevention
A/Sydney/1047/2016	institute_of_medical_and_veterinary_science_(imvs)	who_collaborating_centre_for_reference_and_research_on_influenza
A/Mexico/33/2016	laboratorio_de_virus_respiratorio	centers_for_disease_control_and_prevention
A/Arkansas/6/2017	arkansas_department_of_health	centers_for_disease_control_and_prevention
A/Idaho/22/2017	state_of_idaho_bureau_of_laboratories	centers_for_disease_control_and_prevention
A/Minnesota/9/2017-egg	minnesota_department_of_health	centers_for_disease_control_and_prevention
A/Minnesota/9/2017	minnesota_department_of_health	centers_for_disease_control_and_prevention
A/Kansas/2/2017	kansas_department_of_health_and_environment	other_database_import
A/Ecuador/222/2017	inspi	centers_for_disease_control_and_prevention
A/Minnesota/11/2017	minnesota_department_of_health	centers_for_disease_control_and_prevention
A/Mexico/196/2017	laboratorio_de_virus_respiratorio	centers_for_disease_control_and_prevention
A/RhodeIsland/8/2017-egg	rhode_island_department_of_health	centers_for_disease_control_and_prevention
A/HongKong/3649/2017	government_virus_unit	centers_for_disease_control_and_prevention
A/RhodeIsland/8/2017	rhode_island_department_of_health	centers_for_disease_control_and_prevention
A/Michigan/45/2015	michigan_department_of_community_health	centers_for_disease_control_and_prevention
A/Peru/716/2016	us_namru_6	centers_for_disease_control_and_prevention
A/Brisbane/125/2016	queensland_health_forensic_and_scientific_services_	who_collaborating_centre_for_reference_and_research_on_influenza
A/Bahrain/1006/2015	ministry_of_health_bahrain	centers_for_disease_control_and_prevention
A/Vietnam/6042/2016	national_institute_of_hygiene_and_epidemiology	centers_for_disease_control_and_prevention
A/Yaroslavl/13/2016	ivanovsky_research_institute_of_virology_rams	centers_for_disease_control_and_prevention
A/Colorado/20/2015	colorado_department_of_health_lab	centers_for_disease_control_and_prevention
A/India/1819/2016	national_institute_of_virology	centers_for_disease_control_and_prevention
A/Bolivia/473/2017	cenetrop	centers_for_disease_control_and_prevention
A/Bolivia/714/2017	cenetrop	centers_for_disease_control_and_prevention
A/Texas/49/2017-egg	san_antonio_metropolitan_health	centers_for_disease_control_and_prevention
A/Texas/49/2017	san_antonio_metropolitan_health	centers_for_disease_control_and_prevention
A/Uruguay/251/2016-egg	departamento_de_laboratorio_de_salud_publica	centers_for_disease_control_and_prevention
A/Uruguay/251/2016	departamento_de_laboratorio_de_salud_publica	centers_for_disease_control_and_prevention
A/Bretagne/2349/2016		institut_pasteur
A/England/588/2016	microbiology_services_colindale,_public_health_england	microbiology_services_colindale,_public_health_england
A/England/354/2015	microbiology_services_colindale,_public_health_england	microbiology_services_colindale,_public_health_england
A/England/348/2015	microbiology_services_colindale,_public_health_england	microbiology_services_colindale,_public_health_england
A/Taiwan/2/2016	center_for_disease_control	national_institute_of_infectious_diseases_(niid)
A/Singapore/INFGP-16-0359/2016	ministry_of_health,_singapore	ministry_of_health,_singapore
A/Hyogo/1195/2016	hyogo_prefectural_institute_of_public_health_and_consumer_sciences	national_institute_of_infectious_diseases_(niid)
A/StPetersburg/RII1068M/2016		who_national_influenza_centre_russian_federation
A/StPetersburg/RII58/2016-egg		who_national_influenza_centre_russian_federation
A/StPetersburg/RII58/2016		who_national_influenza_centre_russian_federation
A/Fiji/63/2016	national_centre_for_scientific_services_for_virology__and_vector_borne_diseases	who_collaborating_centre_for_reference_and_research_on_influenza
A/Hawaii/66/2016-egg	state_of_hawaii_department_of_health	centers_for_disease_control_and_prevention
A/Hawaii/66/2016	state_of_hawaii_department_of_health	centers_for_disease_control_and_prevention
A/NewZealand/1150/2016	institute_of_environmental_science_&_research	centers_for_disease_control_and_prevention
A/HongKong/2369/2016	government_virus_unit	centers_for_disease_control_and_prevention
A/Stockholm/62/2015		swedish_institute_for_infectious_disease_control
A/Antofagasta/31710/2016	instituto_de_salud_publica_de_chile_	centers_for_disease_control_and_prevention
A/England/551/2016	microbiology_services_colindale,_public_health_england	microbiology_services_colindale,_public_health_england
A/England/286/2016	microbiology_services_colindale,_public_health_england	microbiology_services_colindale,_public_health_england
A/England/199/2016	microbiology_services_colindale,_public_health_england	microbiology_services_colindale,_public_health_england
A/Tokyo/EH3/2016	national_institute_of_infectious_diseases_(niid)	national_institute_of_infectious_diseases_(niid)
A/England/526/2016	microbiology_services_colindale,_public_health_england	microbiology_services_colindale,_public_health_england
A/Saitama-C/9/2016	saitama_city_institute_of_health__science_and_research	national_institute_of_infectious_diseases_(niid)
A/England/60900095/2016	microbiology_services_colindale,_public_health_england	microbiology_services_colindale,_public_health_england
A/Mie/11/2017	mie_prefecture_health_and_environment_research_institute	national_institute_of_infectious_diseases_(niid)
A/Maldives/1/2017	ministry_of_health	centers_for_disease_control_and_prevention
A/Malaysia/RP2210/2017	institut_penyelidikan_perubatan	who_collaborating_centre_for_reference_and_research_on_influenza
A/Kyrgyzstan/65/2015	national_virology_laboratory,_center_microbiological_investigations	centers_for_disease_control_and_prevention
A/Ningbo/43/2021	ningbo_international_travel_healthcare_center	ningbo_international_travel_healthcare_center
A/Victoria/2500/2016	royal_melbourne_hospital	who_collaborating_centre_for_reference_and_research_on_influenza
A/NewZealand/967/2016	institute_of_environmental_science_&_research	centers_for_disease_control_and_prevention
A/NewZealand/815/2016	institute_of_environmental_science_&_research	centers_for_disease_control_and_prevention
A/Michigan/45/2015-egg	michigan_department_of_community_health	centers_for_disease_control_and_prevention
A/Mexico/4138/2016-egg	laboratorio_de_virus_respiratorio	centers_for_disease_control_and_prevention
A/Washington/73/2016	washington_state_public_health_laboratory	centers_for_disease_control_and_prevention
A/Massachusetts/20/2016	massachusetts_department_of_public_health	centers_for_disease_control_and_prevention
A/Bari/77/2016	uoc_policlinico_di_bari_dimo	university_of_bari
A/Singapore/INFGP-16-0258/2016	ministry_of_health,_singapore	ministry_of_health,_singapore
A/Singapore/INFSGH-16-0096/2016	ministry_of_health,_singapore	ministry_of_health,_singapore
A/Nepal/311/2016	national_public_health_laboratory	centers_for_disease_control_and_prevention
A/Toyama/4/2016	toyama_institute_of_health	national_institute_of_infectious_diseases_(niid)
A/Yamanashi/16029/2016	yamanashi_institute_for_public_health	national_institute_of_infectious_diseases_(niid)
A/Tokyo/EH14/2016	national_institute_of_infectious_diseases_(niid)	national_institute_of_infectious_diseases_(niid)
A/Ulaanbaatar/3500/2015	national_center_for_communicable_diseases	national_institute_of_infectious_diseases_(niid)
A/Neimenggu-Huimin/SWL1976/2015-egg	who_chinese_national_influenza_center	who_chinese_national_influenza_center
A/Neimenggu-Huimin/SWL1976/2015	who_chinese_national_influenza_center	who_chinese_national_influenza_center
A/Bolivia/586/2017	cenetrop	centers_for_disease_control_and_prevention
A/Brazil/492/2016	oswaldo_cruz_institute___fiocruz___laboratory_of_respiratory_viruses_and_measles_(lvrs)	centers_for_disease_control_and_prevention
A/Brazil/7324/2016	instituto_adolfo_lutz	centers_for_disease_control_and_prevention
A/Tennessee/23/2015	tennessee_department_of_health_laboratory_nashville	centers_for_disease_control_and_prevention
A/Tennessee/23/2015-egg	tennessee_department_of_health_laboratory_nashville	centers_for_disease_control_and_prevention
A/England/461/2015	microbiology_services_colindale,_public_health_england	microbiology_services_colindale,_public_health_england
A/HongKong/2318/2016	government_virus_unit	centers_for_disease_control_and_prevention
A/Lao/3993/2016	national_center_for_laboratory_and_epidemiology	centers_for_disease_control_and_prevention
A/Lao/656/2017	national_center_for_laboratory_and_epidemiology	centers_for_disease_control_and_prevention
A/Lao/4277/2016	national_center_for_laboratory_and_epidemiology	centers_for_disease_control_and_prevention
A/HongKong/3648/2017	government_virus_unit	centers_for_disease_control_and_prevention
A/NewZealand/971/2017	institute_of_environmental_science_&_research	centers_for_disease_control_and_prevention
A/HongKong/223/2017	government_virus_unit	centers_for_disease_control_and_prevention
A/Nara/44/2016	nara_prefectural_institute_for_hygiene_and_environment	national_institute_of_infectious_diseases_(niid)
A/Lao/2981/2016	national_center_for_laboratory_and_epidemiology	centers_for_disease_control_and_prevention
A/Lao/3781/2016	national_center_for_laboratory_and_epidemiology	centers_for_disease_control_and_prevention
A/Lao/9/2016	national_center_for_laboratory_and_epidemiology	centers_for_disease_control_and_prevention
A/Lao/3779/2016	national_center_for_laboratory_and_epidemiology	centers_for_disease_control_and_prevention
A/Lao/3660/2016	national_center_for_laboratory_and_epidemiology	centers_for_disease_control_and_prevention
A/Lao/3378/2016	national_center_for_laboratory_and_epidemiology	centers_for_disease_control_and_prevention
A/Taiwan/964/2016	center_for_disease_control	national_institute_of_infectious_diseases_(niid)
A/Taiwan/963/2016	center_for_disease_control	national_institute_of_infectious_diseases_(niid)
A/Aichi/159/2016	aichi_prefectural_institute_of_public_health	national_institute_of_infectious_diseases_(niid)
A/Yamaguchi/12/2017	yamaguchi_prefectural_institute_of_public_health_and_environment	national_institute_of_infectious_diseases_(niid)
A/Fiji/8/2016	national_centre_for_scientific_services_for_virology__and_vector_borne_diseases	who_collaborating_centre_for_reference_and_research_on_influenza
A/Talca/20692/2016-egg	instituto_de_salud_publica_de_chile_	centers_for_disease_control_and_prevention
A/Talca/20692/2016	instituto_de_salud_publica_de_chile_	centers_for_disease_control_and_prevention
A/Lao/3345/2016	national_center_for_laboratory_and_epidemiology	centers_for_disease_control_and_prevention
A/Yokohama/104/2015	yokohama_city_institute_of_public_health.	national_institute_of_infectious_diseases_(niid)
A/Samara/RII30/2016		who_national_influenza_centre_russian_federation
A/Uruguay/307/2016-egg	departamento_de_laboratorio_de_salud_publica	centers_for_disease_control_and_prevention
A/Uruguay/307/2016	departamento_de_laboratorio_de_salud_publica	centers_for_disease_control_and_prevention
A/Stavropol/RII14/2016		who_national_influenza_centre_russian_federation
A/Victoria/13/2016	victorian_infectious_diseases_reference_laboratory_	who_collaborating_centre_for_reference_and_research_on_influenza
A/Tennessee/36/2016	tennessee_department_of_health_laboratory_nashville	centers_for_disease_control_and_prevention
A/Florida/85/2016-egg	florida_department_of_health_tampa	centers_for_disease_control_and_prevention
A/Florida/85/2016	florida_department_of_health_tampa	centers_for_disease_control_and_prevention
A/SriLanka/47/2016	medical_research_institute	who_collaborating_centre_for_reference_and_research_on_influenza
A/Antananarivo/5768/2016-egg	institut_pasteur_de_madagascar	centers_for_disease_control_and_prevention
A/Antananarivo/5768/2016	institut_pasteur_de_madagascar	centers_for_disease_control_and_prevention
A/Singapore/INFGP-16-1008/2016	ministry_of_health,_singapore	ministry_of_health,_singapore
A/Singapore/INFKK-16-0462/2016	ministry_of_health,_singapore	ministry_of_health,_singapore
A/Yunnan-Wuhua/1938/2016-egg	who_chinese_national_influenza_center	centers_for_disease_control_and_prevention
A/Yunnan-Wuhua/SWL1938/2016-egg	who_chinese_national_influenza_center	who_chinese_national_influenza_center
A/Yunnan-Wuhua/SWL1938/2016	who_chinese_national_influenza_center	who_chinese_national_influenza_center
A/Yunnan-Wuhua/1938/2016	who_chinese_national_influenza_center	centers_for_disease_control_and_prevention
A/Yunnan-Simao/1989/2016	who_chinese_national_influenza_center	centers_for_disease_control_and_prevention
A/California/105/2015-egg	california_department_of_health_services	centers_for_disease_control_and_prevention
A/Paraiba/139178-IEC/2016	national_influenza_center	centers_for_disease_control_and_prevention
A/Ohio/30/2015	ohio_department_of_health_laboratories	centers_for_disease_control_and_prevention
A/England/1/2016	microbiology_services_colindale,_public_health_england	microbiology_services_colindale,_public_health_england
A/Saga/155/2015	saga_prefectural_institute_of_public_health_and_pharmaceutical_research	national_institute_of_infectious_diseases_(niid)
A/Singapore/INFTT-16-0164/2016	ministry_of_health,_singapore	ministry_of_health,_singapore
A/Moscow/169/2015	ivanovsky_research_institute_of_virology_rams	who_national_influenza_centre_russian_federation
A/Iwate/58/2016	research_institute_for_environmental_sciences_and_public_health_of_iwate_prefecture	national_institute_of_infectious_diseases_(niid)
A/Kaliningrad/RII967/2016-egg		who_national_influenza_centre_russian_federation
A/Moscow/238/2015	russian_academy_of_medical_sciences	centers_for_disease_control_and_prevention
A/StPetersburg/RII08/2016	who_national_influenza_centre_russian_federation	who_national_influenza_centre_russian_federation
A/Moscow/121/2016	ivanovsky_research_institute_of_virology_rams	centers_for_disease_control_and_prevention
A/Tomsk/10/2016	ivanovsky_research_institute_of_virology_rams	centers_for_disease_control_and_prevention
A/Odessa/686/2016	institute_of_epidemiology_and_infectious_diseases_ams_of_ukraine	centers_for_disease_control_and_prevention
A/Moscow/162/2015	d.i._ivanovsky_research_institute_of_virology_moph_of__rf,moscow	who_national_influenza_centre_russian_federation
A/Samara/RII35/2016		who_national_influenza_centre_russian_federation
A/Moscow/177/2015	d.i._ivanovsky_research_institute_of_virology_moph_of__rf,moscow	who_national_influenza_centre_russian_federation
A/Moscow/172/2015	d.i._ivanovsky_research_institute_of_virology_moph_of__rf,moscow	who_national_influenza_centre_russian_federation
A/Moscow/241/2015	russian_academy_of_medical_sciences	centers_for_disease_control_and_prevention
A/Ukraine/5/2016	institute_of_epidemiology_and_infectious_diseases_ams_of_ukraine	centers_for_disease_control_and_prevention
A/Texas/125/2016	texas_department_of_state_health_services_laboratory_services	centers_for_disease_control_and_prevention
A/SouthDakota/5/2016	south_dakota_public_health_lab	centers_for_disease_control_and_prevention
A/Taiwan/398/2017	center_for_disease_control	national_institute_of_infectious_diseases_(niid)
A/Cambodia/792/2017	national_public_health_laboratory	centers_for_disease_control_and_prevention
A/Cambodia/878/2017	national_public_health_laboratory	centers_for_disease_control_and_prevention
A/Vietnam/Lisn136/2017	pasteur_institute,_influenza_laboratory	centers_for_disease_control_and_prevention
A/Vietnam/Lisn214/2017	pasteur_institute,_influenza_laboratory	centers_for_disease_control_and_prevention
A/Washington/28/2016	marshfield_clinic_research_foundation	centers_for_disease_control_and_prevention
A/Ethiopia/4/2016	ethiopian_public_health_institute,_national_influenza_laboratory	centers_for_disease_control_and_prevention
A/Ethiopia/1/2016	ethiopian_public_health_institute,_national_influenza_laboratory	centers_for_disease_control_and_prevention
A/Ethiopia/1787/2016	ethiopian_public_health_institute,_national_influenza_laboratory	centers_for_disease_control_and_prevention
A/Bahia/133/2017	instituto_oswaldo_cruz_fiocruz___laboratory_of_respiratory_viruses_and_measles_(lvrs)	centers_for_disease_control_and_prevention
A/Ethiopia/1396/2015	ethiopian_public_health_institute,_national_influenza_laboratory	centers_for_disease_control_and_prevention
A/StPetersburg/RII59/2016-egg		who_national_influenza_centre_russian_federation
A/Argentina/12776/2017	cemic_university_hospital	centers_for_disease_control_and_prevention
A/StPetersburg/RII4005S/2016		who_national_influenza_centre_russian_federation
A/StPetersburg/RII847M/2016		who_national_influenza_centre_russian_federation
A/StPetersburg/RII08/2016-egg	who_national_influenza_centre_russian_federation	who_national_influenza_centre_russian_federation
A/StPetersburg/RII02/2016	who_national_influenza_centre_russian_federation	who_national_influenza_centre_russian_federation
A/StPetersburg/RII07/2016-egg	who_national_influenza_centre_russian_federation	who_national_influenza_centre_russian_federation
A/StPetersburg/RII07/2016	who_national_influenza_centre_russian_federation	who_national_influenza_centre_russian_federation
A/StPetersburg/RII57/2016-egg		who_national_influenza_centre_russian_federation
A/StPetersburg/RII57/2016		who_national_influenza_centre_russian_federation
A/StPetersburg/RII362S/2016		who_national_influenza_centre_russian_federation
A/StPetersburg/RII03/2016	who_national_influenza_centre_russian_federation	who_national_influenza_centre_russian_federation
A/StPetersburg/RII03/2016-egg	who_national_influenza_centre_russian_federation	who_national_influenza_centre_russian_federation
A/StPetersburg/156/2016	who_national_influenza_centre_russian_federation	centers_for_disease_control_and_prevention
A/Moscow/159/2015	d.i._ivanovsky_research_institute_of_virology_moph_of__rf,moscow	who_national_influenza_centre_russian_federation
A/StPetersburg/30/2016-egg	russian_academy_of_medical_sciences	centers_for_disease_control_and_prevention
A/StPetersburg/148/2016	russian_academy_of_medical_sciences	centers_for_disease_control_and_prevention
A/StPetersburg/51/2016-egg	russian_academy_of_medical_sciences	centers_for_disease_control_and_prevention
A/StPetersburg/RII51/2016		who_national_influenza_centre_russian_federation
A/StPetersburg/RII51/2016-egg		who_national_influenza_centre_russian_federation
A/StPetersburg/RII869S/2016	who_national_influenza_centre_russian_federation	who_national_influenza_centre_russian_federation
A/Michigan/UOMMH12625/2016	university_of_michigan_sph_epid	university_of_michigan
A/NizhnyNovgorod/RII277/2016		who_national_influenza_centre_russian_federation
A/Ekaterinburg/RII08/2016		who_national_influenza_centre_russian_federation
A/Ekaterinburg/RII16/2016		who_national_influenza_centre_russian_federation
A/Krasnodar/41/2016	russian_academy_of_medical_sciences	centers_for_disease_control_and_prevention
A/Taiwan/780/2016	adimmune_corporation	centers_for_disease_control_and_prevention
A/Iowa/16/2016	iowa_state_hygienic_laboratory	centers_for_disease_control_and_prevention
A/Pennsylvania/52/2016	upmc_clb_dept_of_microbiology	centers_for_disease_control_and_prevention
A/England/605/2016	microbiology_services_colindale,_public_health_england	microbiology_services_colindale,_public_health_england
A/Brisbane/124/2016	queensland_health_forensic_and_scientific_services_	who_collaborating_centre_for_reference_and_research_on_influenza
A/StPetersburg/65/2016-egg	russian_academy_of_medical_sciences	centers_for_disease_control_and_prevention
A/StPetersburg/RII65/2016-egg		who_national_influenza_centre_russian_federation
A/ChampagneArdenne/173/2016		institut_pasteur
A/California/30/2016	california_department_of_health_services	centers_for_disease_control_and_prevention
A/Kyiv/299/2016	institute_of_epidemiology_and_infectious_diseases_ams_of_ukraine	centers_for_disease_control_and_prevention
A/Fukushima/96/2016	fukushima_prefectural_institute_of_public_health	national_institute_of_infectious_diseases_(niid)
A/Kansas/21/2016	kansas_department_of_health_and_environment	centers_for_disease_control_and_prevention
A/StPetersburg/RII3264S/2016		who_national_influenza_centre_russian_federation
A/HongKong/1722/2016	government_virus_unit	centers_for_disease_control_and_prevention
A/Pennsylvania/53/2016	upmc_clb_dept_of_microbiology	centers_for_disease_control_and_prevention
A/PapuaNewGuinea/36/2016	papua_new_guinea_institute_of_medical_research	who_collaborating_centre_for_reference_and_research_on_influenza
A/Brazil/493/2016	oswaldo_cruz_institute___fiocruz___laboratory_of_respiratory_viruses_and_measles_(lvrs)	centers_for_disease_control_and_prevention
A/Colombia/137/2016	instituto_nacional_de_salud_de_columbia	centers_for_disease_control_and_prevention
A/Connecticut/14/2017	connecticut_department._of_public_health	centers_for_disease_control_and_prevention
A/RhodeIsland/9/2017	rhode_island_department_of_health	centers_for_disease_control_and_prevention
A/Hawaii/57/2016	state_of_hawaii_department_of_health	centers_for_disease_control_and_prevention
A/Hawaii/57/2016-egg	state_of_hawaii_department_of_health	centers_for_disease_control_and_prevention
A/Brazil/4946/2016	instituto_adolfo_lutz	centers_for_disease_control_and_prevention
A/Bolivia/351/2017	cenetrop	centers_for_disease_control_and_prevention
A/Ningbo/3/2021	ningbo_international_travel_healthcare_center	ningbo_international_travel_healthcare_center
A/Ningbo/19/2021	ningbo_international_travel_healthcare_center	ningbo_international_travel_healthcare_center
A/India/7512/2016	national_institute_of_virology	centers_for_disease_control_and_prevention
A/India/7506/2016	national_institute_of_virology	centers_for_disease_control_and_prevention
A/HongKong/15581/2015	government_virus_unit	centers_for_disease_control_and_prevention
A/Nepal/41/2016	national_public_health_laboratory	centers_for_disease_control_and_prevention
A/England/421/2015	microbiology_services_colindale,_public_health_england	microbiology_services_colindale,_public_health_england
A/Paris/2586/2016		institut_pasteur
A/England/708/2016	microbiology_services_colindale,_public_health_england	microbiology_services_colindale,_public_health_england
A/Minnesota/45/2015-egg	minnesota_department_of_health	centers_for_disease_control_and_prevention
A/Moscow/248/2015	russian_academy_of_medical_sciences	centers_for_disease_control_and_prevention
A/Gunma/10/2015	gunma_prefectural_institute_of_public_health_and_environmental_sciences	national_institute_of_infectious_diseases_(niid)
A/Moscow/155/2015	ivanovsky_research_institute_of_virology_rams	who_national_influenza_centre_russian_federation
A/NewHampshire/45/2015	new_hampshire_public_health_laboratories	centers_for_disease_control_and_prevention
A/NewHampshire/44/2015	new_hampshire_public_health_laboratories	centers_for_disease_control_and_prevention
A/NewHampshire/44/2015-egg	new_hampshire_public_health_laboratories	centers_for_disease_control_and_prevention
A/NewHampshire/43/2015-egg	new_hampshire_public_health_laboratories	centers_for_disease_control_and_prevention
A/NewHampshire/43/2015	new_hampshire_public_health_laboratories	centers_for_disease_control_and_prevention
A/Alberta/RV0061/2016	national_microbiology_laboratory,_health_canada	centers_for_disease_control_and_prevention
A/Niigata-C/35/2016	niigata_city_institute_of_public_health_and_environment	national_institute_of_infectious_diseases_(niid)
A/Colombia/9960/2016	instituto_nacional_de_salud_de_columbia	centers_for_disease_control_and_prevention
A/Suriname/1289/2016	institute_for_biomedical_sciences	centers_for_disease_control_and_prevention
A/Ecuador/33/2017	inspi	centers_for_disease_control_and_prevention
A/Suriname/1437/2016	institute_for_biomedical_sciences	centers_for_disease_control_and_prevention
A/England/254/2016	microbiology_services_colindale,_public_health_england	microbiology_services_colindale,_public_health_england
A/Vladivostok/RII1313/2016		who_national_influenza_centre_russian_federation
A/Mali/6016/2016	nic_lab_cvd_mali	centers_for_disease_control_and_prevention
A/Michigan/79/2015	michigan_department_of_community_health	centers_for_disease_control_and_prevention
A/England/372/2015	microbiology_services_colindale,_public_health_england	microbiology_services_colindale,_public_health_england
A/Arizona/46/2015	arizona_department_of_health_services	centers_for_disease_control_and_prevention
A/Virginia/300/2015	virginia_division_of_consolidated_laboratories	centers_for_disease_control_and_prevention
A/Texas/78/2015	texas_department_of_state_health_services_laboratory_services	centers_for_disease_control_and_prevention
A/Chungbuk/1613/2015	national_institute_of_health	centers_for_disease_control_and_prevention
A/India/1674/2016	national_institute_of_virology	centers_for_disease_control_and_prevention
A/England/102/2016	microbiology_services_colindale,_public_health_england	microbiology_services_colindale,_public_health_england
A/England/473/2016	microbiology_services_colindale,_public_health_england	microbiology_services_colindale,_public_health_england
A/HongKong/1719/2016	government_virus_unit	centers_for_disease_control_and_prevention
A/Kaliningrad/RII53/2016-egg		who_national_influenza_centre_russian_federation
A/Argentina/367/2016	instituto_nacional_de_enfermedades_infecciosas	centers_for_disease_control_and_prevention
A/Khmelnitsky/760/2016	institute_of_epidemiology_and_infectious_diseases_ams_of_ukraine	centers_for_disease_control_and_prevention
A/Mali/6064/2016	nic_lab_cvd_mali	centers_for_disease_control_and_prevention
A/Mali/16019/2016	nic_lab_cvd_mali	centers_for_disease_control_and_prevention
A/Quillota/25269/2016	instituto_de_salud_publica_de_chile_	centers_for_disease_control_and_prevention
A/Mali/115/2016	nic_lab_cvd_mali	centers_for_disease_control_and_prevention
A/Missouri/5/2016	missouri_department._of_health_&_senior_services	centers_for_disease_control_and_prevention
A/Pennsylvania/52/2016-egg	upmc_clb_dept_of_microbiology	centers_for_disease_control_and_prevention
A/HongKong/1682/2016	government_virus_unit	centers_for_disease_control_and_prevention
A/HongKong/1717/2016	government_virus_unit	centers_for_disease_control_and_prevention
A/Texas/50/2016	baylor_college_of_medicine	centers_for_disease_control_and_prevention
A/Montenegro/97/2016	institute_of_public_health	centers_for_disease_control_and_prevention
A/Kirov/RII648/2016-egg		who_national_influenza_centre_russian_federation
A/Moscow/203/2015	d.i._ivanovsky_research_institute_of_virology_moph_of__rf,moscow	who_national_influenza_centre_russian_federation
A/Kanagawa/IC39/2016	national_institute_of_infectious_diseases_(niid)	national_institute_of_infectious_diseases_(niid)
A/Minnesota/45/2015	minnesota_department_of_health	centers_for_disease_control_and_prevention
A/Illinois/16/2015-egg	illinois_department_of_public_health_chicago	centers_for_disease_control_and_prevention
A/Nepal/417/2016	national_public_health_laboratory	centers_for_disease_control_and_prevention
A/Paris/2048/2016		institut_pasteur
A/StPetersburg/RII3747S/2016		who_national_influenza_centre_russian_federation
A/HongKong/1721/2016	government_virus_unit	centers_for_disease_control_and_prevention
A/Victoria/501/2016-egg	monash_medical_centre	centers_for_disease_control_and_prevention
A/Victoria/501/2016	monash_medical_centre	who_collaborating_centre_for_reference_and_research_on_influenza
A/Pakistan/380/2015	national_institute_of_health	centers_for_disease_control_and_prevention
A/Singapore/INFGP-16-0368/2016	ministry_of_health,_singapore	ministry_of_health,_singapore
A/England/337/2015	microbiology_services_colindale,_public_health_england	microbiology_services_colindale,_public_health_england
A/England/336/2015	health_protection_agency	microbiology_services_colindale,_public_health_england
A/Wisconsin/13/2016	marshfield_clinic_research_foundation	centers_for_disease_control_and_prevention
A/Sweden/38/2015		swedish_institute_for_infectious_disease_control
A/Stockholm/3/2016		swedish_institute_for_infectious_disease_control
A/Cambodia/1326/2015	national_public_health_laboratory	centers_for_disease_control_and_prevention
A/England/414/2015	microbiology_services_colindale,_public_health_england	microbiology_services_colindale,_public_health_england
A/Stavropol/RII05/2016		who_national_influenza_centre_russian_federation
A/Michigan/23/2016	michigan_department_of_community_health	centers_for_disease_control_and_prevention
A/England/364/2015	microbiology_services_colindale,_public_health_england	microbiology_services_colindale,_public_health_england
A/Minnesota/49/2015	minnesota_department_of_health	centers_for_disease_control_and_prevention
A/NewYork/42/2016	new_york_state_department_of_health	centers_for_disease_control_and_prevention
A/Moscow/113-L/2016-egg	ivanovsky_research_institute_of_virology_rams	centers_for_disease_control_and_prevention
A/England/428/2015	microbiology_services_colindale,_public_health_england	microbiology_services_colindale,_public_health_england
A/Kanagawa/AC12/2016	national_institute_of_infectious_diseases_(niid)	national_institute_of_infectious_diseases_(niid)
A/Oklahoma/8/2016	oklahoma_state_department_of_health	centers_for_disease_control_and_prevention
A/Congo/123/2017	inrb_service_de_virologie	centers_for_disease_control_and_prevention
A/Congo/121/2017	inrb_service_de_virologie	centers_for_disease_control_and_prevention
A/California/105/2015	california_department_of_health_services	centers_for_disease_control_and_prevention
A/Michigan/65/2015	michigan_department_of_community_health	centers_for_disease_control_and_prevention
A/Alaska/263/2015-egg	alaska_state_virology_lab	centers_for_disease_control_and_prevention
A/Singapore/GP1908/2015-egg	ministry_of_health,_singapore	centers_for_disease_control_and_prevention
A/Singapore/GP1908/2015	ministry_of_health,_singapore	centers_for_disease_control_and_prevention
A/Yokohama/100/2015	yokohama_city_institute_of_public_health.	university_of_tokyo
A/Dnipro/762/2016	institute_of_epidemiology_and_infectious_diseases_ams_of_ukraine	centers_for_disease_control_and_prevention
A/NewCaledonia/14/2016	institut_pasteur_new_caledonia	who_collaborating_centre_for_reference_and_research_on_influenza
A/ChampagneArdenne/1314/2016		institut_pasteur
A/England/662/2016	microbiology_services_colindale,_public_health_england	microbiology_services_colindale,_public_health_england
A/Sweden/27/2016		swedish_institute_for_infectious_disease_control
A/England/219/2016	microbiology_services_colindale,_public_health_england	microbiology_services_colindale,_public_health_england
A/England/677/2016	microbiology_services_colindale,_public_health_england	microbiology_services_colindale,_public_health_england
A/India/4183/2016	national_institute_of_virology	centers_for_disease_control_and_prevention
A/Shimane/40/2016	shimane_prefectural_institute_of_public_health_and_environmental_science	national_institute_of_infectious_diseases_(niid)
A/Bolivia/510/2017	cenetrop	centers_for_disease_control_and_prevention
A/Paraguay/4502/2016	central_laboratory_of_public_health	centers_for_disease_control_and_prevention
A/England/334/2016	microbiology_services_colindale,_public_health_england	microbiology_services_colindale,_public_health_england
A/England/49/2016	microbiology_services_colindale,_public_health_england	microbiology_services_colindale,_public_health_england
A/StPetersburg/RII668S/2016	who_national_influenza_centre_russian_federation	who_national_influenza_centre_russian_federation
A/Illinois/16/2015	illinois_department_of_public_health_chicago	centers_for_disease_control_and_prevention
A/Ecuador/652/2016	inspi	centers_for_disease_control_and_prevention
A/Ecuador/1306/2016	inspi	centers_for_disease_control_and_prevention
A/Moscow/1/2016	russian_academy_of_medical_sciences	centers_for_disease_control_and_prevention
A/Kanagawa/AC6/2016	national_institute_of_infectious_diseases_(niid)	national_institute_of_infectious_diseases_(niid)
A/Brazil/2001/2016	instituto_adolfo_lutz	centers_for_disease_control_and_prevention
A/Moscow/5/2016	russian_academy_of_medical_sciences	centers_for_disease_control_and_prevention
A/SouthAfrica/4377/2016	national_institute_for_communicable_disease	centers_for_disease_control_and_prevention
A/England/278/2016	microbiology_services_colindale,_public_health_england	microbiology_services_colindale,_public_health_england
A/NorthernIreland/60160401/2015	microbiology_services_colindale,_public_health_england	microbiology_services_colindale,_public_health_england
A/Sydney/15/2016	westmead_hospital	who_collaborating_centre_for_reference_and_research_on_influenza
A/Singapore/INFGP-16-0013/2016	ministry_of_health,_singapore	ministry_of_health,_singapore
A/Halmstad/1/2016		swedish_institute_for_infectious_disease_control
A/Wakayama-C/100/2016	wakayama_city_institute_of_public_health	national_institute_of_infectious_diseases_(niid)
A/England/55060222/2015	microbiology_services_colindale,_public_health_england	microbiology_services_colindale,_public_health_england
A/SouthCarolina/13/2016	south_carolina_department_of_health	centers_for_disease_control_and_prevention
A/Utah/16/2016	utah_department_of_health	centers_for_disease_control_and_prevention
A/Colombia/9953/2016	instituto_nacional_de_salud_de_columbia	centers_for_disease_control_and_prevention
A/Colombia/4790/2017	instituto_nacional_de_salud_de_columbia	centers_for_disease_control_and_prevention
A/Colombia/3732/2017	instituto_nacional_de_salud_de_columbia	centers_for_disease_control_and_prevention
A/Oregon/28/2015	oregon_public_health_laboratory	centers_for_disease_control_and_prevention
A/Arizona/50/2015	arizona_department_of_health_services	centers_for_disease_control_and_prevention
A/Washington/67/2015	washington_state_public_health_laboratory	centers_for_disease_control_and_prevention
A/Fiji/3/2016	national_centre_for_scientific_services_for_virology__and_vector_borne_diseases	who_collaborating_centre_for_reference_and_research_on_influenza
A/NewZealand/842/2016	institute_of_environmental_science_&_research	centers_for_disease_control_and_prevention
A/Oklahoma/4/2016	oklahoma_state_department_of_health	centers_for_disease_control_and_prevention
A/England/532/2016	microbiology_services_colindale,_public_health_england	microbiology_services_colindale,_public_health_england
A/Georgia/50/2016-egg	georgia_public_health_laboratory	centers_for_disease_control_and_prevention
A/Georgia/50/2016	georgia_public_health_laboratory	centers_for_disease_control_and_prevention
A/Minnesota/53/2015	minnesota_department_of_health	centers_for_disease_control_and_prevention
A/Paris/2174/2016		institut_pasteur
A/England/431/2015	microbiology_services_colindale,_public_health_england	microbiology_services_colindale,_public_health_england
A/Brazil/307/2016	oswaldo_cruz_institute___fiocruz___laboratory_of_respiratory_viruses_and_measles_(lvrs)	centers_for_disease_control_and_prevention
A/Gunma/90/2016	gunma_prefectural_institute_of_public_health_and_environmental_sciences	national_institute_of_infectious_diseases_(niid)
A/SouthAfrica/3480/2016	national_institute_for_communicable_disease	centers_for_disease_control_and_prevention
A/Pennsylvania/91/2016	pennsylvania_department_of_health	centers_for_disease_control_and_prevention
A/Pennsylvania/91/2016-egg	pennsylvania_department_of_health	centers_for_disease_control_and_prevention
A/Mexico/357/2017	laboratorio_de_virus_respiratorio	centers_for_disease_control_and_prevention
A/Mexico/4357/2016	laboratorio_de_virus_respiratorio	centers_for_disease_control_and_prevention
A/Indiana/33/2016	indiana_state_department_of_health_laboratories	centers_for_disease_control_and_prevention
A/Stockholm/70/2015	swedish_institute_for_infectious_disease_control	swedish_institute_for_infectious_disease_control
A/Cambodia/A0706505/2016	institute_pasteur_du_cambodia	who_collaborating_centre_for_reference_and_research_on_influenza
A/Texas/57/2017	dallas_county_health_and_human_services	centers_for_disease_control_and_prevention
A/Lao/1554/2017	national_center_for_laboratory_and_epidemiology	centers_for_disease_control_and_prevention
A/Shanghai-Huangpu/13439/2016	who_chinese_national_influenza_center	centers_for_disease_control_and_prevention
A/Shanghai-Huangpu/13439/2016-egg	who_chinese_national_influenza_center	centers_for_disease_control_and_prevention
A/Singapore/TT0391/2017	ministry_of_health,_singapore	ministry_of_health,_singapore
A/ChiangMai/60/2017	who_national_influenza_centre,_national_institute_of_medical_research_(nimr)	centers_for_disease_control_and_prevention
A/NewZealand/1898/2017	institute_of_environmental_science_&_research	centers_for_disease_control_and_prevention
A/Singapore/EN0029/2017	ministry_of_health,_singapore	ministry_of_health,_singapore
A/HongKong/3646/2017	government_virus_unit	centers_for_disease_control_and_prevention
A/HongKong/3650/2017	government_virus_unit	centers_for_disease_control_and_prevention
A/Kobe/821/2017	kobe_institute_of_health	national_institute_of_infectious_diseases_(niid)
A/Taiwan/322/2017	center_for_disease_control	national_institute_of_infectious_diseases_(niid)
A/Lao/1905/2017	national_center_for_laboratory_and_epidemiology	centers_for_disease_control_and_prevention
A/Suriname/2158/2017	institute_for_biomedical_sciences	centers_for_disease_control_and_prevention
A/BurkinaFaso/42/2017	irss	centers_for_disease_control_and_prevention
A/CoteDIvoire/1669/2017	pasteur_institut_of_côte_d'ivoire	centers_for_disease_control_and_prevention
A/Mali/109/2017	nic_lab_cvd_mali	centers_for_disease_control_and_prevention
A/Mali/86/2017-egg	nic_lab_cvd_mali	centers_for_disease_control_and_prevention
A/Mali/86/2017	nic_lab_cvd_mali	centers_for_disease_control_and_prevention
A/Mali/7032/2017	nic_lab_cvd_mali	centers_for_disease_control_and_prevention
A/Mali/30/2017	nic_lab_cvd_mali	centers_for_disease_control_and_prevention
A/Mali/74/2017	nic_lab_cvd_mali	centers_for_disease_control_and_prevention
A/Togo/1077/2017	institute_national_d'hygiene	centers_for_disease_control_and_prevention
A/Paris/1327/2017		institut_pasteur
A/BurkinaFaso/2105/2017	irss	centers_for_disease_control_and_prevention
A/Mali/5/2017	nic_lab_cvd_mali	centers_for_disease_control_and_prevention
A/BurkinaFaso/85/2017	irss	centers_for_disease_control_and_prevention
A/BurkinaFaso/133/2017-egg	irss	centers_for_disease_control_and_prevention
A/BurkinaFaso/133/2017	irss	centers_for_disease_control_and_prevention
A/Bangladesh/31/2017	institute_of_epidemiology_disease_control_and_research_(iedcr)_&_bangladesh_national_influenza_centre_(nic)	centers_for_disease_control_and_prevention
A/Bangladesh/1007/2017-egg	institute_of_epidemiology_disease_control_and_research_(iedcr)_&_bangladesh_national_influenza_centre_(nic)	centers_for_disease_control_and_prevention
A/Bangladesh/2030/2017	institute_of_epidemiology_disease_control_and_research_(iedcr)_&_bangladesh_national_influenza_centre_(nic)	centers_for_disease_control_and_prevention
A/Maldives/207/2017	ministry_of_health	centers_for_disease_control_and_prevention
A/Tokyo/17258/2017	tokyo_metropolitan_institute_of_public_health	national_institute_of_infectious_diseases_(niid)
A/Singapore/KK0470/2017	ministry_of_health,_singapore	ministry_of_health,_singapore
A/Pakistan/95/2017	national_institute_of_health	centers_for_disease_control_and_prevention
A/Taiwan/1407/2017	adimmune_corporation	centers_for_disease_control_and_prevention
A/SouthAfrica/R07347/2017-egg	national_institute_for_communicable_disease	centers_for_disease_control_and_prevention
A/SouthAfrica/R07347/2017	national_institute_for_communicable_disease	centers_for_disease_control_and_prevention
A/Fukushima/57/2017	fukushima_prefectural_institute_of_public_health	national_institute_of_infectious_diseases_(niid)
A/Singapore/TT0420/2017	ministry_of_health,_singapore	ministry_of_health,_singapore
A/Philippines/956/2017	center_for_medical_microbiology	centers_for_disease_control_and_prevention
A/Kentucky/26/2017-egg	kentucky_division_of_laboratory_services	centers_for_disease_control_and_prevention
A/Kentucky/26/2017	kentucky_division_of_laboratory_services	centers_for_disease_control_and_prevention
A/India/9573/2016	national_institute_of_virology	centers_for_disease_control_and_prevention
A/Maldives/448/2017	ministry_of_health	centers_for_disease_control_and_prevention
A/India/2639/2017	national_institute_of_virology	centers_for_disease_control_and_prevention
A/Sydney/231/2017	clinical_virology_unit,_cdim	who_collaborating_centre_for_reference_and_research_on_influenza
A/Pakistan/38/2017	national_institute_of_health	centers_for_disease_control_and_prevention
A/India/9574/2016	national_institute_of_virology	centers_for_disease_control_and_prevention
A/Yokohama/136/2017	yokohama_city_institute_of_public_health.	national_institute_of_infectious_diseases_(niid)
A/Tak/68/2017	who_national_influenza_centre,_national_institute_of_medical_research_(nimr)	centers_for_disease_control_and_prevention
A/California/134/2017	california_department_of_health_services	centers_for_disease_control_and_prevention
A/Bangladesh/36/2017	institute_of_epidemiology_disease_control_and_research_(iedcr)_&_bangladesh_national_influenza_centre_(nic)	centers_for_disease_control_and_prevention
A/Singapore/GP0707/2017	ministry_of_health,_singapore	ministry_of_health,_singapore
A/Maldives/445/2017	ministry_of_health	centers_for_disease_control_and_prevention
A/Maldives/281/2017	ministry_of_health	centers_for_disease_control_and_prevention
A/Maldives/71/2017	ministry_of_health	centers_for_disease_control_and_prevention
A/NewZealand/591/2017	institute_of_environmental_science_&_research	centers_for_disease_control_and_prevention
A/Connecticut/27/2018	connecticut_department._of_public_health	centers_for_disease_control_and_prevention
A/Pakistan/77/2017	national_institute_of_health	centers_for_disease_control_and_prevention
A/NewJersey/29/2017-egg	new_jersey_department_of_health_&_senior_services	centers_for_disease_control_and_prevention
A/NewJersey/29/2017	new_jersey_department_of_health_&_senior_services	other_database_import
A/India/1657/2017	national_institute_of_virology	centers_for_disease_control_and_prevention
A/Connecticut/31/2017-egg	connecticut_department._of_public_health	centers_for_disease_control_and_prevention
A/Connecticut/31/2017	connecticut_department._of_public_health	centers_for_disease_control_and_prevention
A/HongKong/6129/2017	government_virus_unit	centers_for_disease_control_and_prevention
A/Tanzania/4784/2017	national_influenza_lab	centers_for_disease_control_and_prevention
A/Osaka/161/2017	osaka_prefectural_institute_of_public_health	national_institute_of_infectious_diseases_(niid)
A/Singapore/TT1709/2017	ministry_of_health,_singapore	ministry_of_health,_singapore
A/HongKong/3647/2017	government_virus_unit	centers_for_disease_control_and_prevention
A/Hyogo/1106/2017	hyogo_prefectural_institute_of_public_health_and_consumer_sciences	national_institute_of_infectious_diseases_(niid)
A/Taiwan/255/2017	center_for_disease_control	national_institute_of_infectious_diseases_(niid)
A/Paris/1229/2017		institut_pasteur
A/Singapore/TT0683/2017	ministry_of_health,_singapore	ministry_of_health,_singapore
A/Singapore/TT0677/2017	ministry_of_health,_singapore	ministry_of_health,_singapore
A/Singapore/TT0689/2017	ministry_of_health,_singapore	ministry_of_health,_singapore
A/Singapore/MOH0112/2017	ministry_of_health,_singapore	ministry_of_health,_singapore
A/Bangladesh/3359/2017	institute_of_epidemiology_disease_control_and_research_(iedcr)_&_bangladesh_national_influenza_centre_(nic)	centers_for_disease_control_and_prevention
A/Mauritius/CHL-1409/2017	national_influenza_centre,_department_of_molecular_biology_and_virology	ministry_of_health_and_wellness,_mauritius
A/Michigan/281/2017-egg	michigan_department_of_community_health	centers_for_disease_control_and_prevention
A/Michigan/281/2017	michigan_department_of_community_health	centers_for_disease_control_and_prevention
A/Bangladesh/685/2017	institute_of_epidemiology_disease_control_and_research_(iedcr)_&_bangladesh_national_influenza_centre_(nic)	centers_for_disease_control_and_prevention
A/Bangladesh/3040/2017	institute_of_epidemiology_disease_control_and_research_(iedcr)_&_bangladesh_national_influenza_centre_(nic)	centers_for_disease_control_and_prevention
A/Bangladesh/5028/2017	institute_of_epidemiology_disease_control_and_research_(iedcr)_&_bangladesh_national_influenza_centre_(nic)	centers_for_disease_control_and_prevention
A/Bangladesh/9015/2017	institute_of_epidemiology_disease_control_and_research_(iedcr)_&_bangladesh_national_influenza_centre_(nic)	centers_for_disease_control_and_prevention
A/Bangladesh/1085/2017	institute_of_epidemiology_disease_control_and_research_(iedcr)_&_bangladesh_national_influenza_centre_(nic)	centers_for_disease_control_and_prevention
A/Colorado/19/2018	colorado_department_of_health_lab	centers_for_disease_control_and_prevention
A/Anapa/421/2017	state_research_center_of_virology_and_biotechnology_(vector)	centers_for_disease_control_and_prevention
A/AbuDhabi/20/2017	shaikh_khalifa_medical_city	centers_for_disease_control_and_prevention
A/AbuDhabi/22/2017	shaikh_khalifa_medical_city	centers_for_disease_control_and_prevention
A/Kirov/RII-150S/2017		who_national_influenza_centre_russian_federation
A/AbuDhabi/193/2017	shaikh_khalifa_medical_city	centers_for_disease_control_and_prevention
A/Minnesota/36/2018	minnesota_department_of_health	centers_for_disease_control_and_prevention
A/Saitama/134/2018	saitama_institute_of_public_health	national_institute_of_infectious_diseases_(niid)
A/Ecuador/1288/2018	inspi	centers_for_disease_control_and_prevention
A/Kentucky/19/2019	kentucky_division_of_laboratory_services	centers_for_disease_control_and_prevention
A/England/750/2018	microbiology_services_colindale,_public_health_england	microbiology_services_colindale,_public_health_england
A/Kanagawa/IC1802/2018	national_institute_of_infectious_diseases_(niid)	national_institute_of_infectious_diseases_(niid)
A/Kanagawa/IC1801/2018	national_institute_of_infectious_diseases_(niid)	national_institute_of_infectious_diseases_(niid)
A/Yokohama/162/2018	yokohama_city_institute_of_public_health.	national_institute_of_infectious_diseases_(niid)
A/Slovenia/1772/2019	laboratory_for_virology,_national_institute_of_public_health	centers_for_disease_control_and_prevention
A/Santiago/62359/2019	instituto_de_salud_publica_de_chile	instituto_de_salud_publica_de_chile
A/SouthKorea/11229/2020	u.s._air_force_school_of_aerospace_medicine_	u.s._air_force_school_of_aerospace_medicine
A/Louisiana/41/2019	louisiana_department_of_health_and_hospitals	centers_for_disease_control_and_prevention
A/Guatemala/309/2019	laboratorio_nacional_de_salud_guatemala	centers_for_disease_control_and_prevention
A/Florida/100/2019	florida_department_of_health_tampa	centers_for_disease_control_and_prevention
A/Alabama/23/2017	adph_bureau_of_clinical_laboratories	centers_for_disease_control_and_prevention
A/Arkansas/32/2017	arkansas_department_of_health	centers_for_disease_control_and_prevention
A/AbuDhabi/197/2017	shaikh_khalifa_medical_city	centers_for_disease_control_and_prevention
A/Akita/23/2017	akita_research_center_for_public_health_and_environment	national_institute_of_infectious_diseases_(niid)
A/Amagasaki/1148/2018	amagasaki_city_institute_of_public_health	national_institute_of_infectious_diseases_(niid)
A/Aichi/17/2018	aichi_prefectural_institute_of_public_health	centers_for_disease_control_and_prevention
A/Kanagawa/242/2017	kanagawa_prefectural_institute_of_public_health	national_institute_of_infectious_diseases_(niid)
A/Aichi/201/2018	aichi_prefectural_institute_of_public_health	national_institute_of_infectious_diseases_(niid)
A/HongKong/4975/2017	government_virus_unit	centers_for_disease_control_and_prevention
A/Kyoto-C/8/2017	kyoto_city_institute_of_health_and_environmental_sciences	national_institute_of_infectious_diseases_(niid)
A/Fukushima/72/2017	fukushima_prefectural_institute_of_public_health	national_institute_of_infectious_diseases_(niid)
A/Toyama/3/2018	toyama_institute_of_health	national_institute_of_infectious_diseases_(niid)
A/Ehime/17/2018	ehime_prefecture_institute_of_public_health_and_environmental_science	national_institute_of_infectious_diseases_(niid)
A/Tokushima/2/2018	tokushima_prefectural_centre_for_public_health_and_environmental_sciences	national_institute_of_infectious_diseases_(niid)
A/Osaka-C/10/2018	osaka_city_institute_of_public_health_and_environmental_sciences	national_institute_of_infectious_diseases_(niid)
A/Gifu/16/2018	gifu_prefectural_institute_of_health_and_environmental_sciences	national_institute_of_infectious_diseases_(niid)
A/Lao/1470/2018	national_center_for_laboratory_and_epidemiology	centers_for_disease_control_and_prevention
A/Tochigi/18139/2018	tochigi_prefectural_institute_of_public_health_and_environmental_science	centers_for_disease_control_and_prevention
A/Loei/167/2018	who_national_influenza_centre,_national_institute_of_medical_research_(nimr)	centers_for_disease_control_and_prevention
A/Lao/3636/2018	national_center_for_laboratory_and_epidemiology	centers_for_disease_control_and_prevention
A/SuratThani/313/2018	who_national_influenza_centre,_national_institute_of_medical_research_(nimr)	centers_for_disease_control_and_prevention
A/HongKong/CUHK1005/2018	the_chinese_university_of_hong_kong	chinese_university_of_hong_kong
A/HongKong/CUHK1003/2018	the_chinese_university_of_hong_kong	chinese_university_of_hong_kong
A/Lao/38/2019	national_center_for_laboratory_and_epidemiology	centers_for_disease_control_and_prevention
A/Perth/10/2017	pathwest_qe_ii_medical_centre	who_collaborating_centre_for_reference_and_research_on_influenza
A/Bangladesh/1191/2017	institute_of_epidemiology_disease_control_and_research_(iedcr)_&_bangladesh_national_influenza_centre_(nic)	centers_for_disease_control_and_prevention
A/Sweden/10/2018		public_health_agency_of_sweden
A/Oman/5276/2017	central_public_health_laboratory,_ministry_of_health	centers_for_disease_control_and_prevention
A/HongKong/4978/2017	government_virus_unit	centers_for_disease_control_and_prevention
A/HongKong/1128/2018	government_virus_unit	centers_for_disease_control_and_prevention
A/Beijing-Xicheng/1633/2018-egg	who_chinese_national_influenza_center	centers_for_disease_control_and_prevention
A/Beijing-Xicheng/1633/2018	who_chinese_national_influenza_center	centers_for_disease_control_and_prevention
A/StPetersburg/RII-459/2018		who_national_influenza_centre_russian_federation
A/HongKong/CUHK1021/2018	the_chinese_university_of_hong_kong	chinese_university_of_hong_kong
A/Bolivia/116/2018	instituto_nacional_de_laboratoriosde_salud_(inlasa)	centers_for_disease_control_and_prevention
A/Bolivia/3651/2018	instituto_nacional_de_laboratoriosde_salud_(inlasa)	centers_for_disease_control_and_prevention
A/Bolivia/2144/2018	instituto_nacional_de_laboratoriosde_salud_(inlasa)	centers_for_disease_control_and_prevention
A/Kawasaki/141/2017	kawasaki_city_institute_of_public_health_	national_institute_of_infectious_diseases_(niid)
A/England/80160517/2017	microbiology_services_colindale,_public_health_england	microbiology_services_colindale,_public_health_england
A/Hawaii/36/2017-egg	state_of_hawaii_department_of_health	centers_for_disease_control_and_prevention
A/Hawaii/36/2017	state_of_hawaii_department_of_health	centers_for_disease_control_and_prevention
A/Perth/346/2017	pathwest_qe_ii_medical_centre	who_collaborating_centre_for_reference_and_research_on_influenza
A/Paris/1980/2017		institut_pasteur
A/Guyane/4/2018	national_influenza_center_french_guiana_and_french_indies	centers_for_disease_control_and_prevention
A/SouthAfrica/R07341/2017	national_institute_for_communicable_disease	centers_for_disease_control_and_prevention
A/Sendai/54/2017	sendai_city_institute_of_public_health	national_institute_of_infectious_diseases_(niid)
A/Shimane/110/2017	shimane_prefectural_institute_of_public_health_and_environmental_science	national_institute_of_infectious_diseases_(niid)
A/Shimane/104/2017	shimane_prefectural_institute_of_public_health_and_environmental_science	national_institute_of_infectious_diseases_(niid)
A/Tokyo/EH1608/2017-egg	national_institute_of_infectious_diseases_(niid)	centers_for_disease_control_and_prevention
A/Tokyo/EH1608/2017	national_institute_of_infectious_diseases_(niid)	centers_for_disease_control_and_prevention
A/HongKong/4807/2017	government_virus_unit	centers_for_disease_control_and_prevention
A/HongKong/4791/2017	government_virus_unit	centers_for_disease_control_and_prevention
A/Michigan/272/2017-egg	michigan_department_of_community_health	centers_for_disease_control_and_prevention
A/NewZealand/1417/2017	institute_of_environmental_science_&_research	centers_for_disease_control_and_prevention
A/Pakistan/317/2017	national_institute_of_health	centers_for_disease_control_and_prevention
A/Singapore/NTF0036/2017	ministry_of_health,_singapore	ministry_of_health,_singapore
A/Vietnam/Lisn18135/2018	pasteur_institute,_influenza_laboratory	centers_for_disease_control_and_prevention
A/Vietnam/15/2019	national_institute_of_hygiene_and_epidemiology	centers_for_disease_control_and_prevention
A/Vietnam/263/2018	national_institute_of_hygiene_and_epidemiology	centers_for_disease_control_and_prevention
A/England/61/2017	microbiology_services_colindale,_public_health_england	microbiology_services_colindale,_public_health_england
A/England/62/2017	microbiology_services_colindale,_public_health_england	microbiology_services_colindale,_public_health_england
A/England/60/2017	microbiology_services_colindale,_public_health_england	microbiology_services_colindale,_public_health_england
A/Alabama/27/2018	new_york_state_department_of_health	centers_for_disease_control_and_prevention
A/Jeju/836/2017	national_institute_of_health	national_institute_of_infectious_diseases_(niid)
A/NewZealand/1258/2017	institute_of_environmental_science_&_research	centers_for_disease_control_and_prevention
A/Oman/826/2018	central_public_health_laboratory,_ministry_of_health	centers_for_disease_control_and_prevention
A/Cambodia/c0607403/2018	institute_pasteur_du_cambodia	who_collaborating_centre_for_reference_and_research_on_influenza
A/Khabarovsk/45/2018		who_national_influenza_centre_russian_federation
A/Maine/32/2018-egg	maine_health_and_environmental_testing_laboratory	centers_for_disease_control_and_prevention
A/Maine/32/2018	maine_health_and_environmental_testing_laboratory	centers_for_disease_control_and_prevention
A/Singapore/KK0254/2017	ministry_of_health,_singapore	ministry_of_health,_singapore
A/England/72100741/2017	microbiology_services_colindale,_public_health_england	microbiology_services_colindale,_public_health_england
A/England/80400609/2018	microbiology_services_colindale,_public_health_england	microbiology_services_colindale,_public_health_england
A/Bretagne/1593/2017		institut_pasteur
A/England/74420513/2017	microbiology_services_colindale,_public_health_england	microbiology_services_colindale,_public_health_england
A/England/199/2017	microbiology_services_colindale,_public_health_england	microbiology_services_colindale,_public_health_england
A/England/92/2017	microbiology_services_colindale,_public_health_england	microbiology_services_colindale,_public_health_england
A/England/74860301/2017	microbiology_services_colindale,_public_health_england	microbiology_services_colindale,_public_health_england
A/England/85/2017	microbiology_services_colindale,_public_health_england	microbiology_services_colindale,_public_health_england
A/AbuDhabi/10/2017	shaikh_khalifa_medical_city	centers_for_disease_control_and_prevention
A/Taiwan/1437/2017	adimmune_corporation	centers_for_disease_control_and_prevention
A/HongKong/4974/2017	government_virus_unit	centers_for_disease_control_and_prevention
A/NewZealand/2388/2017	institute_of_environmental_science_&_research	centers_for_disease_control_and_prevention
A/Lao/2208/2018	national_center_for_laboratory_and_epidemiology	centers_for_disease_control_and_prevention
A/Sweden/53/2018		public_health_agency_of_sweden
A/Lao/2622/2018	national_center_for_laboratory_and_epidemiology	centers_for_disease_control_and_prevention
A/Bhutan/1217/2018	royal_centre_for_disease_control	centers_for_disease_control_and_prevention
A/NewZealand/2044/2017	institute_of_environmental_science_&_research	centers_for_disease_control_and_prevention
A/NewZealand/963/2017	institute_of_environmental_science_&_research	centers_for_disease_control_and_prevention
A/NewZealand/1076/2017	institute_of_environmental_science_&_research	centers_for_disease_control_and_prevention
A/SriLanka/21/2018	medical_research_institute	who_collaborating_centre_for_reference_and_research_on_influenza
A/Washington/S26278/2019	the_brotman_baty_institute_for_precision_medicine	
A/Brisbane/PHV004/2019	queensland_health_forensic_and_scientific_services	queensland_health_forensic_and_scientific_services
A/Victoria/957/2019	royal_chidrens_hospital	who_collaborating_centre_for_reference_and_research_on_influenza
A/Mexico/1958/2018	laboratorio_de_virus_respiratorio	centers_for_disease_control_and_prevention
A/Washington/S26197/2018	the_brotman_baty_institute_for_precision_medicine	
A/NewYork/PV02608/2019	icahn_school_of_medicine_at_mount_sinai	icahn_school_of_medicine_at_mount_sinai
A/NewYork/PV02606/2019	icahn_school_of_medicine_at_mount_sinai	icahn_school_of_medicine_at_mount_sinai
A/Wakayama/132/2017	wakayama_prefectural_research_center_of_environment_and_public_health	national_institute_of_infectious_diseases_(niid)
A/Afghanistan/537/2017	national_public_health_laboratory	centers_for_disease_control_and_prevention
A/Pakistan/55/2017	national_institute_of_health	centers_for_disease_control_and_prevention
A/Kenya/149/2018	cdc_kenya	centers_for_disease_control_and_prevention
A/Kenya/144/2018	cdc_kenya	centers_for_disease_control_and_prevention
A/Pakistan/108/2017	national_institute_of_health	centers_for_disease_control_and_prevention
A/Kenya/151/2018	cdc_kenya	centers_for_disease_control_and_prevention
A/Kenya/146/2018	cdc_kenya	centers_for_disease_control_and_prevention
A/Brazil/5026/2017	instituto_adolfo_lutz	centers_for_disease_control_and_prevention
A/AbuDhabi/183/2017	shaikh_khalifa_medical_city	centers_for_disease_control_and_prevention
A/India/3405/2017	national_institute_of_virology	centers_for_disease_control_and_prevention
A/NewYork/34/2017-egg	new_york_state_department_of_health	centers_for_disease_control_and_prevention
A/NewYork/34/2017	new_york_state_department_of_health	centers_for_disease_control_and_prevention
A/Congo/587/2017	inrb_service_de_virologie	centers_for_disease_control_and_prevention
A/Congo/20/2017	inrb_service_de_virologie	centers_for_disease_control_and_prevention
A/Congo/612/2017	inrb_service_de_virologie	centers_for_disease_control_and_prevention
A/AbuDhabi/25/2017	shaikh_khalifa_medical_city	centers_for_disease_control_and_prevention
A/Bangladesh/609002/2017	institute_of_epidemiology_disease_control_and_research_(iedcr)_&_bangladesh_national_influenza_centre_(nic)	centers_for_disease_control_and_prevention
A/Illinois/29/2018	new_york_state_department_of_health	centers_for_disease_control_and_prevention
A/Washington/152/2018	marshfield_clinic_research_foundation	centers_for_disease_control_and_prevention
A/Brisbane/2/2018-egg	queensland_health_scientific_services	centers_for_disease_control_and_prevention
A/Brisbane/2/2018	queensland_health_scientific_services	who_collaborating_centre_for_reference_and_research_on_influenza
A/Jamaica/6386/2017	university_of_the_west_indies	centers_for_disease_control_and_prevention
A/Louisiana/67/2017	louisiana_department_of_health_and_hospitals	centers_for_disease_control_and_prevention
A/RhodeIsland/7/2019	rhode_island_department_of_health	centers_for_disease_control_and_prevention
A/Florida/57/2018	florida_department_of_health_tampa	centers_for_disease_control_and_prevention
A/NewJersey/18/2018	new_jersey_department_of_health_&_senior_services	centers_for_disease_control_and_prevention
A/NewJersey/13/2018-egg	new_jersey_department_of_health_&_senior_services	centers_for_disease_control_and_prevention
A/NewJersey/13/2018	new_jersey_department_of_health_&_senior_services	centers_for_disease_control_and_prevention
A/Wisconsin/75/2018-egg	wisconsin_state_laboratory_of_hygiene	centers_for_disease_control_and_prevention
A/Wisconsin/75/2018	wisconsin_state_laboratory_of_hygiene	centers_for_disease_control_and_prevention
A/Khabarovsk/35/2018		who_national_influenza_centre_russian_federation
A/Utah/29/2018	utah_department_of_health	centers_for_disease_control_and_prevention
A/Louisiana/72/2017	louisiana_department_of_health_and_hospitals	centers_for_disease_control_and_prevention
A/DistrictOfColumbia/25/2018-egg	dc_public_health_lab	centers_for_disease_control_and_prevention
A/DistrictOfColumbia/25/2018	dc_public_health_lab	centers_for_disease_control_and_prevention
A/Brazil/1456/2018	instituto_adolfo_lutz	centers_for_disease_control_and_prevention
A/Pennsylvania/514/2018	pennsylvania_department_of_health	centers_for_disease_control_and_prevention
A/Alabama/26/2017	adph_bureau_of_clinical_laboratories	centers_for_disease_control_and_prevention
A/WestVirginia/25/2018-egg	west_virginia_office_of_laboratory_services	centers_for_disease_control_and_prevention
A/WestVirginia/25/2018	west_virginia_office_of_laboratory_services	centers_for_disease_control_and_prevention
A/RioGrandeDuSul/503/2018	instituto_oswaldo_cruz_fiocruz___laboratory_of_respiratory_viruses_and_measles_(lvrs)	centers_for_disease_control_and_prevention
A/MinasGerias/716/2018	instituto_oswaldo_cruz_fiocruz___laboratory_of_respiratory_viruses_and_measles_(lvrs)	centers_for_disease_control_and_prevention
A/Missouri/51/2018	missouri_department._of_health_&_senior_services	centers_for_disease_control_and_prevention
A/Missouri/51/2018-egg	missouri_department._of_health_&_senior_services	centers_for_disease_control_and_prevention
A/NewYork/44/2018-egg	new_york_state_department_of_health	centers_for_disease_control_and_prevention
A/NewYork/44/2018	new_york_state_department_of_health	centers_for_disease_control_and_prevention
A/RhodeIsland/11/2018	rhode_island_department_of_health	centers_for_disease_control_and_prevention
A/SantaCatarina/331/2019	instituto_oswaldo_cruz_fiocruz___laboratory_of_respiratory_viruses_and_measles_(lvrs)	centers_for_disease_control_and_prevention
A/Kentucky/4/2020	kentucky_division_of_laboratory_services	centers_for_disease_control_and_prevention
A/Washington/S26506/2020	the_brotman_baty_institute_for_precision_medicine	
A/Texas/16/2020	baylor_scott_and_white_health	centers_for_disease_control_and_prevention
A/SouthKorea/10526/2019	u.s._air_force_school_of_aerospace_medicine_	u.s._air_force_school_of_aerospace_medicine
A/Nevada/41/2019	southern_nevada_public_health_lab	centers_for_disease_control_and_prevention
A/Texas/144/2020	san_antonio_metropolitan_health	centers_for_disease_control_and_prevention
A/Massachusetts/19/2020	vanderbilt_university_medical_center	centers_for_disease_control_and_prevention
A/Iowa/22/2020-egg	iowa_state_hygienic_laboratory	centers_for_disease_control_and_prevention
A/Iowa/22/2020	iowa_state_hygienic_laboratory	centers_for_disease_control_and_prevention
A/RostovOnDon/3196/2017		state_research_center_of_virology_and_biotechnology_(vector)
A/Serbia/4143/2018	institute_of_immunology_and_virology_torlak	centers_for_disease_control_and_prevention
A/Argentina/10/2018	instituto_nacional_de_enfermedades_infecciosas	centers_for_disease_control_and_prevention
A/PaysDeLoire/1972/2017		institut_pasteur
A/HauteNormandie/1046/2018	institut_pasteur	institut_pasteur
A/WestVirginia/28/2017	west_virginia_office_of_laboratory_services	centers_for_disease_control_and_prevention
A/Indonesia/BKL0929/2019	ministry_of_health,_nihrd	who_collaborating_centre_for_reference_and_research_on_influenza
A/Afghanistan/7760/2018	national_public_health_laboratory	centers_for_disease_control_and_prevention
A/Alsace/1264/2018	institut_pasteur	institut_pasteur
A/Kemerovo/RII-1M/2018		who_national_influenza_centre_russian_federation
A/Bangladesh/132/2018	institute_of_epidemiology_disease_control_and_research_(iedcr)_&_bangladesh_national_influenza_centre_(nic)	centers_for_disease_control_and_prevention
A/PapuaNewGuinea/4/2018	papua_new_guinea_institute_of_medical_research	who_collaborating_centre_for_reference_and_research_on_influenza
A/Niger/5319/2017	centre_de_recherche_medicale_et_sanitaire_(cermes)	centers_for_disease_control_and_prevention
A/Afghanistan/949/2017	national_public_health_laboratory	centers_for_disease_control_and_prevention
A/BurkinaFaso/841/2018	irss	centers_for_disease_control_and_prevention
A/Niger/5475/2017	centre_de_recherche_medicale_et_sanitaire_(cermes)	centers_for_disease_control_and_prevention
A/Paris/1735/2017		institut_pasteur
A/Afghanistan/1012/2017	national_public_health_laboratory	centers_for_disease_control_and_prevention
A/Afghanistan/1398/2018	national_public_health_laboratory	centers_for_disease_control_and_prevention
A/Niger/5671/2018	centre_de_recherche_medicale_et_sanitaire_(cermes)	centers_for_disease_control_and_prevention
A/Togo/434/2019	institute_national_d'hygiene	centers_for_disease_control_and_prevention
A/Togo/440/2019	institute_national_d'hygiene	centers_for_disease_control_and_prevention
A/Togo/395/2019	institute_national_d'hygiene	centers_for_disease_control_and_prevention
A/Bretagne/434/2018		institut_pasteur
A/Oman/2122/2018	central_public_health_laboratory,_ministry_of_health	centers_for_disease_control_and_prevention
A/Paris/290/2018		institut_pasteur
A/Hawaii/56/2018-egg	state_of_hawaii_department_of_health	centers_for_disease_control_and_prevention
A/Hawaii/56/2018	state_of_hawaii_department_of_health	centers_for_disease_control_and_prevention
A/Brunei/14/2018	r.i.p.a.s._hospital,_department_of_laboratory_services	who_collaborating_centre_for_reference_and_research_on_influenza
A/HongKong/1109/2018	government_virus_unit	centers_for_disease_control_and_prevention
A/HongKong/97/2019	government_virus_unit	centers_for_disease_control_and_prevention
A/HongKong/CUHK1035/2018	the_chinese_university_of_hong_kong	chinese_university_of_hong_kong
A/HongKong/CUHK1018/2018	the_chinese_university_of_hong_kong	chinese_university_of_hong_kong
A/Wellington/5/2018	institute_of_environmental_science_and_research	who_collaborating_centre_for_reference_and_research_on_influenza
A/Vietnam/23/2019	national_institute_of_hygiene_and_epidemiology	centers_for_disease_control_and_prevention
A/Maldives/940/2018	ministry_of_health	centers_for_disease_control_and_prevention
A/Guangdong/GLW/2018	state_key_laboratory_of_reipiratory_disease_(guangzhou_medical_university)	guangzhou_institute_of_respiratory_diseases_(gird)
A/HongKong/CUHK1027/2018	the_chinese_university_of_hong_kong	chinese_university_of_hong_kong
A/HongKong/CUHK1015/2018	the_chinese_university_of_hong_kong	chinese_university_of_hong_kong
A/HongKong/1125/2018	government_virus_unit	centers_for_disease_control_and_prevention
A/HongKong/1124/2018	government_virus_unit	centers_for_disease_control_and_prevention
A/HongKong/1108/2018	government_virus_unit	centers_for_disease_control_and_prevention
A/Fujian-Gulou/1884/2018-egg	who_chinese_national_influenza_center	centers_for_disease_control_and_prevention
A/HongKong/CUHK1016/2018	the_chinese_university_of_hong_kong	chinese_university_of_hong_kong
A/HongKong/2272/2018	hong_kong_department_of_health	centers_for_disease_control_and_prevention
A/HongKong/CUHK1009/2018	the_chinese_university_of_hong_kong	chinese_university_of_hong_kong
A/HongKong/CUHK1004/2018	the_chinese_university_of_hong_kong	chinese_university_of_hong_kong
A/HongKong/CUHK1002/2018	the_chinese_university_of_hong_kong	chinese_university_of_hong_kong
A/Arizona/41/2017-egg	arizona_department_of_health_services	centers_for_disease_control_and_prevention
A/Arizona/41/2017	arizona_department_of_health_services	centers_for_disease_control_and_prevention
A/AbuDhabi/36/2017	shaikh_khalifa_medical_city	centers_for_disease_control_and_prevention
A/AbuDhabi/64/2017	shaikh_khalifa_medical_city	centers_for_disease_control_and_prevention
A/BurkinaFaso/869/2018	irss	centers_for_disease_control_and_prevention
A/CoteDIvoire/1880/2017	pasteur_institut_of_côte_d'ivoire	centers_for_disease_control_and_prevention
A/CoteDIvoire/1901/2017	pasteur_institut_of_côte_d'ivoire	centers_for_disease_control_and_prevention
A/BurkinaFaso/844/2018	irss	centers_for_disease_control_and_prevention
A/Afghanistan/7855/2018	national_public_health_laboratory	centers_for_disease_control_and_prevention
A/Afghanistan/8037/2018	national_public_health_laboratory	centers_for_disease_control_and_prevention
A/BurkinaFaso/806/2018	irss	centers_for_disease_control_and_prevention
A/BurkinaFaso/874/2018	irss	centers_for_disease_control_and_prevention
A/PaysDeLoire/439/2018		institut_pasteur
A/Guyane/341/2017	national_influenza_center_french_guiana_and_french_indies	centers_for_disease_control_and_prevention
A/Maine/26/2018	maine_health_and_environmental_testing_laboratory	centers_for_disease_control_and_prevention
A/Switzerland/3330/2017	hopital_cantonal_universitaire_de_geneves	centers_for_disease_control_and_prevention
A/Mykop/2353V/2018		state_research_center_of_virology_and_biotechnology_(vector)
A/Switzerland/3330/2017-egg	hopital_cantonal_universitaire_de_geneves	centers_for_disease_control_and_prevention
A/Catalonia/NSVH100760339/2018	hospital_universitari_vall_d'hebron	hospital_universitari_vall_d'hebron
A/Salekhard/RII-4639S/2018		who_national_influenza_centre_russian_federation
A/Serbia/6565/2018	institute_of_immunology_and_virology_torlak	centers_for_disease_control_and_prevention
A/Paraguay/3711/2018	central_laboratory_of_public_health	centers_for_disease_control_and_prevention
A/Colombia/2259/2018-egg	instituto_nacional_de_salud_de_columbia	centers_for_disease_control_and_prevention
A/Colombia/2259/2018	instituto_nacional_de_salud_de_columbia	centers_for_disease_control_and_prevention
A/NorthDakota/31/2018-egg	north_dakota_department_of_health	centers_for_disease_control_and_prevention
A/NorthDakota/31/2018	north_dakota_department_of_health	centers_for_disease_control_and_prevention
A/Wisconsin/494/2018	wisconsin_state_laboratory_of_hygiene	centers_for_disease_control_and_prevention
A/Wisconsin/494/2018-egg	wisconsin_state_laboratory_of_hygiene	centers_for_disease_control_and_prevention
A/Bretagne/1937/2017		institut_pasteur
A/Brazil/8539/2018	instituto_adolfo_lutz	centers_for_disease_control_and_prevention
A/Guyane/354/2017	national_influenza_center_french_guiana_and_french_indies	centers_for_disease_control_and_prevention
A/DominicanRepublic/942/2018	laboratorio_nacional_de_salud_publica_dr._defillo	centers_for_disease_control_and_prevention
A/Santiago/52554/2018-egg	instituto_de_salud_publica_de_chile_	centers_for_disease_control_and_prevention
A/Santiago/52554/2018	instituto_de_salud_publica_de_chile_	centers_for_disease_control_and_prevention
A/PaysDeLoire/622/2018		institut_pasteur
A/Iowa/12/2019-egg	iowa_state_hygienic_laboratory	centers_for_disease_control_and_prevention
A/Iowa/12/2019	iowa_state_hygienic_laboratory	centers_for_disease_control_and_prevention
A/Americana/1164820-IAL/2019	instituto_adolfo_lutz	centers_for_disease_control_and_prevention
A/SaoPaulo/118344-IAL/2019	instituto_adolfo_lutz	centers_for_disease_control_and_prevention
A/Paraguay/8723/2019	central_laboratory_of_public_health	centers_for_disease_control_and_prevention
A/Arizona/25/2019-egg	arizona_department_of_health_services	centers_for_disease_control_and_prevention
A/Arizona/24/2019-egg	arizona_department_of_health_services	centers_for_disease_control_and_prevention
A/Arizona/25/2019	arizona_department_of_health_services	centers_for_disease_control_and_prevention
A/Arizona/24/2019	arizona_department_of_health_services	centers_for_disease_control_and_prevention
A/Florida/61/2019	florida_department_of_health_tampa	centers_for_disease_control_and_prevention
A/Cardiff/9067/2019	public_health_wales_microbiology_cardiff	public_health_wales_microbiology_cardiff
A/Texas/3/2020	baylor_scott_and_white_health	centers_for_disease_control_and_prevention
A/Oklahoma/11213/2020	u.s._air_force_school_of_aerospace_medicine_	u.s._air_force_school_of_aerospace_medicine
A/Yamaguchi/35/2019	yamaguchi_prefectural_institute_of_public_health_and_environment	centers_for_disease_control_and_prevention
A/NewYork/PV03573/2019	icahn_school_of_medicine_at_mount_sinai	icahn_school_of_medicine_at_mount_sinai
A/NewYork/PV02855/2019	icahn_school_of_medicine_at_mount_sinai	icahn_school_of_medicine_at_mount_sinai
A/NewYork/PV02754/2019	icahn_school_of_medicine_at_mount_sinai	icahn_school_of_medicine_at_mount_sinai
A/Texas/120/2019	texas_department_of_state_health_services_laboratory_services	centers_for_disease_control_and_prevention
A/NewYork/PV02819/2019	icahn_school_of_medicine_at_mount_sinai	icahn_school_of_medicine_at_mount_sinai
A/NewYork/PV02753/2018	icahn_school_of_medicine_at_mount_sinai	icahn_school_of_medicine_at_mount_sinai
A/NewYork/PV03180/2019	icahn_school_of_medicine_at_mount_sinai	icahn_school_of_medicine_at_mount_sinai
A/TEST/MY/617/2019	institut_penyelidikan_perubatan	institute_for_medical_research
A/TEST/Singapore/617/2019	centers_for_disease_control_and_prevention	wildlife_reserves_singapore
A/Bangladesh/3020/2018	institute_of_epidemiology_disease_control_and_research_(iedcr)_&_bangladesh_national_influenza_centre_(nic)	centers_for_disease_control_and_prevention
A/Bangladesh/3030/2018	institute_of_epidemiology_disease_control_and_research_(iedcr)_&_bangladesh_national_influenza_centre_(nic)	centers_for_disease_control_and_prevention
A/Arkhangelsk/CRIE/371/2018		central_research_institute_of_epidemiology
A/Arkhangelsk/CRIE/181/2018		central_research_institute_of_epidemiology
A/Oman/2473/2019	central_public_health_laboratory,_ministry_of_health	centers_for_disease_control_and_prevention
A/Oman/2723/2019	central_public_health_laboratory,_ministry_of_health	centers_for_disease_control_and_prevention
A/Khmelnitsky/200/2019	institute_of_epidemiology_and_infectious_diseases_ams_of_ukraine	centers_for_disease_control_and_prevention
A/Newcastle/625/2019	lismore_base_hospital	who_collaborating_centre_for_reference_and_research_on_influenza
A/England/190/2019	microbiology_services_colindale,_public_health_england	microbiology_services_colindale,_public_health_england
A/England/191660641/2019	microbiology_services_colindale,_public_health_england	microbiology_services_colindale,_public_health_england
A/Moscow/161/2019	ivanovsky_research_institute_of_virology_rams	centers_for_disease_control_and_prevention
A/Bangladesh/190/2018	institute_of_epidemiology_disease_control_and_research_(iedcr)_&_bangladesh_national_influenza_centre_(nic)	centers_for_disease_control_and_prevention
A/Bangladesh/2012/2018	institute_of_epidemiology_disease_control_and_research_(iedcr)_&_bangladesh_national_influenza_centre_(nic)	centers_for_disease_control_and_prevention
A/Madagascar/777/2018	institut_pasteur_de_madagascar	centers_for_disease_control_and_prevention
A/Bangladesh/181/2018	institute_of_epidemiology_disease_control_and_research_(iedcr)_&_bangladesh_national_influenza_centre_(nic)	centers_for_disease_control_and_prevention
A/Brazil/3018/2018	instituto_adolfo_lutz	centers_for_disease_control_and_prevention
A/Lund/2/2018		public_health_agency_of_sweden
A/Kenya/133/2018	cdc_kenya	centers_for_disease_control_and_prevention
A/Kenya/127/2018	cdc_kenya	centers_for_disease_control_and_prevention
A/Timor-Leste/33/2018	laboratório_nacional_da_saúde	who_collaborating_centre_for_reference_and_research_on_influenza
A/Timor-Leste/9/2018	laboratório_nacional_da_saúde	who_collaborating_centre_for_reference_and_research_on_influenza
A/Timor-Leste/26/2018	laboratório_nacional_da_saúde	who_collaborating_centre_for_reference_and_research_on_influenza
A/Bangladesh/1496/2018	institute_of_epidemiology_disease_control_and_research_(iedcr)_&_bangladesh_national_influenza_centre_(nic)	centers_for_disease_control_and_prevention
A/Bangladesh/246/2018	institute_of_epidemiology_disease_control_and_research_(iedcr)_&_bangladesh_national_influenza_centre_(nic)	centers_for_disease_control_and_prevention
A/Fukui/26/2018	fukui_prefectural_institute_of_public_health	national_institute_of_infectious_diseases_(niid)
A/Kenya/110/2018	cdc_kenya	centers_for_disease_control_and_prevention
A/Bangladesh/163/2018	institute_of_epidemiology_disease_control_and_research_(iedcr)_&_bangladesh_national_influenza_centre_(nic)	centers_for_disease_control_and_prevention
A/Kenya/103/2018	cdc_kenya	centers_for_disease_control_and_prevention
A/Bangladesh/283/2018	institute_of_epidemiology_disease_control_and_research_(iedcr)_&_bangladesh_national_influenza_centre_(nic)	centers_for_disease_control_and_prevention
A/Bangladesh/192/2018	institute_of_epidemiology_disease_control_and_research_(iedcr)_&_bangladesh_national_influenza_centre_(nic)	centers_for_disease_control_and_prevention
A/Bangladesh/681/2018	institute_of_epidemiology_disease_control_and_research_(iedcr)_&_bangladesh_national_influenza_centre_(nic)	centers_for_disease_control_and_prevention
A/Bangladesh/3053/2018	institute_of_epidemiology_disease_control_and_research_(iedcr)_&_bangladesh_national_influenza_centre_(nic)	centers_for_disease_control_and_prevention
A/Bangladesh/149/2018	institute_of_epidemiology_disease_control_and_research_(iedcr)_&_bangladesh_national_influenza_centre_(nic)	centers_for_disease_control_and_prevention
A/Bangladesh/1503/2018	institute_of_epidemiology_disease_control_and_research_(iedcr)_&_bangladesh_national_influenza_centre_(nic)	centers_for_disease_control_and_prevention
A/Bangladesh/1001/2018	institute_of_epidemiology_disease_control_and_research_(iedcr)_&_bangladesh_national_influenza_centre_(nic)	centers_for_disease_control_and_prevention
A/Afghanistan/2267/2018	national_public_health_laboratory	centers_for_disease_control_and_prevention
A/Bangladesh/204/2018	institute_of_epidemiology_disease_control_and_research_(iedcr)_&_bangladesh_national_influenza_centre_(nic)	centers_for_disease_control_and_prevention
A/Bangladesh/4001/2018	institute_of_epidemiology_disease_control_and_research_(iedcr)_&_bangladesh_national_influenza_centre_(nic)	centers_for_disease_control_and_prevention
A/SouthAustralia/166/2018	institute_of_medical_and_veterinary_science_(imvs)	who_collaborating_centre_for_reference_and_research_on_influenza
A/SouthAustralia/152/2018	institute_of_medical_and_veterinary_science_(imvs)	who_collaborating_centre_for_reference_and_research_on_influenza
A/Bangladesh/222/2018	institute_of_epidemiology_disease_control_and_research_(iedcr)_&_bangladesh_national_influenza_centre_(nic)	centers_for_disease_control_and_prevention
A/Bangladesh/194/2018	institute_of_epidemiology_disease_control_and_research_(iedcr)_&_bangladesh_national_influenza_centre_(nic)	centers_for_disease_control_and_prevention
A/Bangladesh/2024/2018	institute_of_epidemiology_disease_control_and_research_(iedcr)_&_bangladesh_national_influenza_centre_(nic)	centers_for_disease_control_and_prevention
A/Bangladesh/976/2018	institute_of_epidemiology_disease_control_and_research_(iedcr)_&_bangladesh_national_influenza_centre_(nic)	centers_for_disease_control_and_prevention
A/Bangladesh/187/2018	institute_of_epidemiology_disease_control_and_research_(iedcr)_&_bangladesh_national_influenza_centre_(nic)	centers_for_disease_control_and_prevention
A/Bangladesh/4002/2018	institute_of_epidemiology_disease_control_and_research_(iedcr)_&_bangladesh_national_influenza_centre_(nic)	centers_for_disease_control_and_prevention
A/Bangladesh/3249/2018	institute_of_epidemiology_disease_control_and_research_(iedcr)_&_bangladesh_national_influenza_centre_(nic)	centers_for_disease_control_and_prevention
A/SouthAustralia/272/2017-egg	institute_of_medical_and_veterinary_science_(imvs)	centers_for_disease_control_and_prevention
A/Fiji/11/2018	national_centre_for_scientific_services_for_virology__and_vector_borne_diseases	who_collaborating_centre_for_reference_and_research_on_influenza
A/Kenya/111/2018	cdc_kenya	centers_for_disease_control_and_prevention
A/Kenya/115/2018	cdc_kenya	centers_for_disease_control_and_prevention
A/Hunan-Beihu/SWL11725/2019-egg	who_chinese_national_influenza_center	who_chinese_national_influenza_center
A/Kazakhstan/62/2018	national_reference_laboratory	centers_for_disease_control_and_prevention
A/Grozniy/RII-06/2019	center_of_hygiene_and_epidemiology_in_republic of_chechnya	who_national_influenza_centre_russian_federation
A/Kazakhstan/21/2019	national_reference_laboratory	centers_for_disease_control_and_prevention
A/Kazakhstan/9/2018	national_reference_laboratory	centers_for_disease_control_and_prevention
A/Kaliningrad/75/2019	center_of_hygiene_and_epidemiology_in_kaliningrad_region	who_national_influenza_centre_russian_federation
A/Chita/1/2018		state_research_center_of_virology_and_biotechnology_(vector)
A/Groznyi/RII-2753S/2019	center_of_hygiene_and_epidemiology_in_republic of_chechnya	who_national_influenza_centre_russian_federation
A/Kuwait/3859/2017-egg	public_health_laboratory,_virology_unit	centers_for_disease_control_and_prevention
A/Oman/1295/2018	central_public_health_laboratory,_ministry_of_health	centers_for_disease_control_and_prevention
A/Kenya/136/2018	cdc_kenya	centers_for_disease_control_and_prevention
A/Tennessee/60/2017	tennessee_department_of_health_laboratory_nashville	centers_for_disease_control_and_prevention
A/Picardie/45/2018		institut_pasteur
A/Paris/1564/2017		institut_pasteur
A/HauteNormandie/1859/2017		institut_pasteur
A/England/80920497/2018	microbiology_services_colindale,_public_health_england	microbiology_services_colindale,_public_health_england
A/England/80280651/2018	microbiology_services_colindale,_public_health_england	microbiology_services_colindale,_public_health_england
A/SouthAfrica/R10562/2018	national_institute_for_communicable_diseases_(nicd)	national_institute_for_communicable_diseases_(nicd)
A/SouthAfrica/R07227/2018	national_institute_for_communicable_diseases_(nicd)	national_institute_for_communicable_diseases_(nicd)
A/StPetersburg/RII-200/2018		who_national_influenza_centre_russian_federation
A/Georgia/31/2017	georgia_public_health_laboratory	other_database_import
A/Bolivia/1906/2018	cenetrop	centers_for_disease_control_and_prevention
A/Pennsylvania/42/2018	pennsylvania_department_of_health	centers_for_disease_control_and_prevention
A/Mauritius/CHL-2126/2018	national_influenza_centre,_department_of_molecular_biology_and_virology	ministry_of_health_and_wellness,_mauritius
A/Argentina/79/2018	instituto_nacional_de_enfermedades_infecciosas	centers_for_disease_control_and_prevention
A/Lorraine/1780/2017		institut_pasteur
A/Pennsylvania/314/2017	children's_hospital_of_pittsburgh_upmc	centers_for_disease_control_and_prevention
A/Moscow/RII-780S/2018	ivanovsky_research_institute_of_virology_rams	who_national_influenza_centre_russian_federation
A/Switzerland/2656/2017-egg	hopital_cantonal_universitaire_de_geneves	centers_for_disease_control_and_prevention
A/Switzerland/2656/2017	hopital_cantonal_universitaire_de_geneves	centers_for_disease_control_and_prevention
A/Thessaloniki/58a/2018	national_influenza_centre_for_n_greece	national_influenza_centre_for_northern_greece
A/Michigan/9/2018	university_of_michigan_sph_epid	centers_for_disease_control_and_prevention
A/Bolivia/3403/2018	instituto_nacional_de_laboratoriosde_salud_(inlasa)	centers_for_disease_control_and_prevention
A/Stockholm/58/2017	public_health_agency_of_sweden	public_health_agency_of_sweden
A/Sweden/16/2018		public_health_agency_of_sweden
A/SouthAfrica/R10873/2018	national_institute_for_communicable_diseases_(nicd)	national_institute_for_communicable_diseases_(nicd)
A/Bolivia/3246/2018	instituto_nacional_de_laboratoriosde_salud_(inlasa)	centers_for_disease_control_and_prevention
A/Brazil/112/2018	instituto_adolfo_lutz	centers_for_disease_control_and_prevention
A/Ohio/7/2017	ohio_department_of_health_laboratories	centers_for_disease_control_and_prevention
A/NewZealand/551/2017	institute_of_environmental_science_&_research	centers_for_disease_control_and_prevention
A/NewZealand/1483/2017	institute_of_environmental_science_&_research	centers_for_disease_control_and_prevention
A/Phetchaburi/105/2017	who_national_influenza_centre,_national_institute_of_medical_research_(nimr)	centers_for_disease_control_and_prevention
A/India/1035/2017	national_institute_of_virology	centers_for_disease_control_and_prevention
A/Bangladesh/8015/2017	institute_of_epidemiology_disease_control_and_research_(iedcr)_&_bangladesh_national_influenza_centre_(nic)	centers_for_disease_control_and_prevention
A/Bangladesh/1216/2017	institute_of_epidemiology_disease_control_and_research_(iedcr)_&_bangladesh_national_influenza_centre_(nic)	centers_for_disease_control_and_prevention
A/Bangladesh/2225/2017	institute_of_epidemiology_disease_control_and_research_(iedcr)_&_bangladesh_national_influenza_centre_(nic)	centers_for_disease_control_and_prevention
A/Bangladesh/3041/2017	institute_of_epidemiology_disease_control_and_research_(iedcr)_&_bangladesh_national_influenza_centre_(nic)	centers_for_disease_control_and_prevention
A/Tasmania/1042/2017	institute_of_medical_and_veterinary_science_(imvs)	who_collaborating_centre_for_reference_and_research_on_influenza
A/NewZealand/2309/2017	institute_of_environmental_science_&_research	centers_for_disease_control_and_prevention
A/NewZealand/2280/2017	institute_of_environmental_science_&_research	centers_for_disease_control_and_prevention
A/NewZealand/2395/2017	institute_of_environmental_science_&_research	centers_for_disease_control_and_prevention
A/NewZealand/245/2017	institute_of_environmental_science_&_research	centers_for_disease_control_and_prevention
A/Sakai/31/2017	sakai_city_institute_of_public_health	national_institute_of_infectious_diseases_(niid)
A/Alaska/58/2017-egg	alaska_state_virology_lab	centers_for_disease_control_and_prevention
A/Alaska/58/2017	alaska_state_virology_lab	centers_for_disease_control_and_prevention
A/NewZealand/1949/2017	institute_of_environmental_science_&_research	centers_for_disease_control_and_prevention
A/HongKong/4821/2017	government_virus_unit	centers_for_disease_control_and_prevention
A/NewZealand/1057/2017	institute_of_environmental_science_&_research	centers_for_disease_control_and_prevention
A/Kumamoto-C/17/2017	kumamoto_city_environmental__research_center	national_institute_of_infectious_diseases_(niid)
A/Michigan/272/2017	michigan_department_of_community_health	centers_for_disease_control_and_prevention
A/Hiroshima-C/4/2018	hiroshima_city_institute_of_public_health	national_institute_of_infectious_diseases_(niid)
A/Aomori/3/2017	aomori_prefectural_institute_of_public_health_and_environment	national_institute_of_infectious_diseases_(niid)
A/Samara/117868/2018	state_research_center_of_virology_and_biotechnology_(vector)	state_research_center_of_virology_and_biotechnology_(vector)
A/Kazakhstan/122/2018	csee	centers_for_disease_control_and_prevention
A/Oman/5640/2017-egg	central_public_health_laboratory,_ministry_of_health	centers_for_disease_control_and_prevention
A/Oman/5640/2017	central_public_health_laboratory,_ministry_of_health	centers_for_disease_control_and_prevention
A/Oman/5276/2017-egg	central_public_health_laboratory,_ministry_of_health	centers_for_disease_control_and_prevention
A/AbuDhabi/180/2017	shaikh_khalifa_medical_city	centers_for_disease_control_and_prevention
A/AbuDhabi/40/2017	shaikh_khalifa_medical_city	centers_for_disease_control_and_prevention
A/India/5869/2017	national_institute_of_virology	centers_for_disease_control_and_prevention
A/NewZealand/1755/2017	institute_of_environmental_science_&_research	centers_for_disease_control_and_prevention
A/India/1706/2017	national_institute_of_virology	centers_for_disease_control_and_prevention
A/SouthAfrica/R07198/2017	national_institute_for_communicable_disease	centers_for_disease_control_and_prevention
A/Slovenia/2794/2017-egg	laboratory_for_virology,_national_institute_of_public_health	centers_for_disease_control_and_prevention
A/SouthAfrica/R07198/2017-egg	national_institute_for_communicable_disease	centers_for_disease_control_and_prevention
A/HongKong/4790/2017	government_virus_unit	centers_for_disease_control_and_prevention
A/AbuDhabi/28/2017	shaikh_khalifa_medical_city	centers_for_disease_control_and_prevention
A/AbuDhabi/39/2017	shaikh_khalifa_medical_city	centers_for_disease_control_and_prevention
A/AbuDhabi/196/2017	shaikh_khalifa_medical_city	centers_for_disease_control_and_prevention
A/SouthAfrica/R10565/2018	national_institute_for_communicable_diseases_(nicd)	national_institute_for_communicable_diseases_(nicd)
A/SouthAfrica/R09499/2018	national_institute_for_communicable_diseases_(nicd)	national_institute_for_communicable_diseases_(nicd)
A/Alberta/RV2554/2017	provincial_laboratory_of_public_health_for_southern_alberta	centers_for_disease_control_and_prevention
A/Timor-Leste/11/2018	laboratório_nacional_da_saúde	who_collaborating_centre_for_reference_and_research_on_influenza
A/Indonesia/KPG0546/2019	ministry_of_health,_nihrd	who_collaborating_centre_for_reference_and_research_on_influenza
A/Minnesota/44/2017	minnesota_department_of_health	centers_for_disease_control_and_prevention
A/Washington/117/2018	marshfield_clinic_research_foundation	centers_for_disease_control_and_prevention
A/Florida/85/2018	florida_department_of_health_tampa	centers_for_disease_control_and_prevention
A/Florida/85/2018-egg	florida_department_of_health_tampa	centers_for_disease_control_and_prevention
A/Pennsylvania/512/2018	pennsylvania_department_of_health	centers_for_disease_control_and_prevention
A/Kentucky/33/2018	kentucky_division_of_laboratory_services	centers_for_disease_control_and_prevention
A/Guatemala/73/2018-egg	laboratorio_nacional_de_salud_guatemala	centers_for_disease_control_and_prevention
A/Guatemala/73/2018	laboratorio_nacional_de_salud_guatemala	centers_for_disease_control_and_prevention
A/Arkansas/9/2018-egg	arkansas_department_of_health	centers_for_disease_control_and_prevention
A/Arkansas/9/2018	arkansas_department_of_health	centers_for_disease_control_and_prevention
A/Idaho/44/2017	state_of_idaho_bureau_of_laboratories	centers_for_disease_control_and_prevention
A/Missouri/43/2018	missouri_department._of_health_&_senior_services	centers_for_disease_control_and_prevention
A/Delaware/36/2018-egg	delaware_public_health_lab	centers_for_disease_control_and_prevention
A/Delaware/36/2018	delaware_public_health_lab	centers_for_disease_control_and_prevention
A/Kentucky/28/2018	kentucky_division_of_laboratory_services	centers_for_disease_control_and_prevention
A/Kentucky/28/2018-egg	kentucky_division_of_laboratory_services	centers_for_disease_control_and_prevention
A/Lao/F0977/2018	national_center_for_laboratory_and_epidemiology	national_institute_of_infectious_diseases_(niid)
A/Lao/1165/2018	national_center_for_laboratory_and_epidemiology	centers_for_disease_control_and_prevention
A/Lao/3239/2018	national_center_for_laboratory_and_epidemiology	centers_for_disease_control_and_prevention
A/Lao/F1025/2018	national_center_for_laboratory_and_epidemiology	national_institute_of_infectious_diseases_(niid)
A/HongKong/CUHK1033/2018	the_chinese_university_of_hong_kong	chinese_university_of_hong_kong
A/Lao/2070/2018	national_center_for_laboratory_and_epidemiology	centers_for_disease_control_and_prevention
A/Lao/2994/2018	national_center_for_laboratory_and_epidemiology	centers_for_disease_control_and_prevention
A/Lao/3182/2018	national_center_for_laboratory_and_epidemiology	centers_for_disease_control_and_prevention
A/Lao/3742/2018	national_center_for_laboratory_and_epidemiology	centers_for_disease_control_and_prevention
A/Lao/3753/2018	national_center_for_laboratory_and_epidemiology	centers_for_disease_control_and_prevention
A/Lao/3611/2018	national_center_for_laboratory_and_epidemiology	centers_for_disease_control_and_prevention
A/Lao/2648/2018	national_center_for_laboratory_and_epidemiology	centers_for_disease_control_and_prevention
A/Lao/3826/2018	national_center_for_laboratory_and_epidemiology	centers_for_disease_control_and_prevention
A/Lao/2706/2018	national_center_for_laboratory_and_epidemiology	centers_for_disease_control_and_prevention
A/Lao/3220/2018	national_center_for_laboratory_and_epidemiology	centers_for_disease_control_and_prevention
A/Lao/3835/2018	national_center_for_laboratory_and_epidemiology	centers_for_disease_control_and_prevention
A/Lao/3389/2018	national_center_for_laboratory_and_epidemiology	centers_for_disease_control_and_prevention
A/Lao/2669/2018	national_center_for_laboratory_and_epidemiology	centers_for_disease_control_and_prevention
A/Lao/323/2019	national_center_for_laboratory_and_epidemiology	centers_for_disease_control_and_prevention
A/Lao/296/2019	national_center_for_laboratory_and_epidemiology	centers_for_disease_control_and_prevention
A/Lao/F219/2019	national_center_for_laboratory_and_epidemiology	national_institute_of_infectious_diseases_(niid)
A/Lao/229/2019	national_center_for_laboratory_and_epidemiology	centers_for_disease_control_and_prevention
A/Lao/F220/2019	national_center_for_laboratory_and_epidemiology	national_institute_of_infectious_diseases_(niid)
A/Oman/5495/2017	central_public_health_laboratory,_ministry_of_health	centers_for_disease_control_and_prevention
A/AbuDhabi/34/2017	shaikh_khalifa_medical_city	centers_for_disease_control_and_prevention
A/Paris/1725/2017		institut_pasteur
A/Paris/1802/2017		institut_pasteur
A/England/74020463/2017	microbiology_services_colindale,_public_health_england	microbiology_services_colindale,_public_health_england
A/Arkhangelsk/11/2018		who_national_influenza_centre_russian_federation
A/Luoyang/IME-LY175111/2017		
A/Macau/601362/2018	laboratorio_de_saude_publico	who_collaborating_centre_for_reference_and_research_on_influenza
A/Vladivostok/RII-4023S/2018		who_national_influenza_centre_russian_federation
A/Hunan-Wuling/1468/2018-egg	who_chinese_national_influenza_center	centers_for_disease_control_and_prevention
A/Hunan-Wuling/1468/2018	who_chinese_national_influenza_center	centers_for_disease_control_and_prevention
A/Oman/5678/2017	central_public_health_laboratory,_ministry_of_health	centers_for_disease_control_and_prevention
A/England/420/2018	microbiology_services_colindale,_public_health_england	microbiology_services_colindale,_public_health_england
A/Linkoping/5/2017		public_health_agency_of_sweden
A/Afghanistan/3252/2018	national_public_health_laboratory	centers_for_disease_control_and_prevention
A/Kentucky/19/2018	kentucky_division_of_laboratory_services	centers_for_disease_control_and_prevention
A/Honduras/2560/2018	laboratorio_nacional_de_virologia	centers_for_disease_control_and_prevention
A/NewYork/50/2018	new_york_state_department_of_health	centers_for_disease_control_and_prevention
A/Honduras/2711/2018	laboratorio_nacional_de_virologia	centers_for_disease_control_and_prevention
A/WestVirginia/20/2019	west_virginia_office_of_laboratory_services	centers_for_disease_control_and_prevention
A/Guatemala/55/2019	laboratorio_nacional_de_salud_guatemala	centers_for_disease_control_and_prevention
A/Florida/86/2018-egg	florida_department_of_health_jacksonville	centers_for_disease_control_and_prevention
A/Sweden/28/2019		public_health_agency_of_sweden
A/Montana/2/2019	montana_laboratory_services_bureau	centers_for_disease_control_and_prevention
A/Texas/148/2018	san_antonio_metropolitan_health	centers_for_disease_control_and_prevention
A/Florida/86/2018	florida_department_of_health_jacksonville	centers_for_disease_control_and_prevention
A/NewHampshire/26/2018-egg	new_hampshire_public_health_laboratories	centers_for_disease_control_and_prevention
A/NewHampshire/26/2018	new_hampshire_public_health_laboratories	centers_for_disease_control_and_prevention
A/HongKong/1103/2018	government_virus_unit	centers_for_disease_control_and_prevention
A/HongKong/CUHK1001/2018	the_chinese_university_of_hong_kong	chinese_university_of_hong_kong
A/Kanagawa/AC1831/2019-egg	national_institute_of_infectious_diseases_(niid)	centers_for_disease_control_and_prevention
A/MerthyrTydfil/7900/2018	public_health_wales_microbiology_cardiff	public_health_wales_microbiology_cardiff
A/Bulgaria/1381/2018	national_influenza_laboratory,_natl._center_of_inf._&_parasitic_dis	centers_for_disease_control_and_prevention
A/Penarth/6242/2018	molecular_diagnostics_unit_	public_health_wales_microbiology
A/Kanagawa/IC1848/2019-egg	national_institute_of_infectious_diseases_(niid)	centers_for_disease_control_and_prevention
A/Qinghai-Chengdong/11051/2018	who_chinese_national_influenza_center	centers_for_disease_control_and_prevention
A/HongKong/CUHK1032/2018	the_chinese_university_of_hong_kong	chinese_university_of_hong_kong
A/HongKong/3063/2018	hong_kong_department_of_health	centers_for_disease_control_and_prevention
A/Brunei/5/2019-egg	r.i.p.a.s._hospital,_department_of_laboratory_services	centers_for_disease_control_and_prevention
A/Brunei/5/2019	r.i.p.a.s._hospital,_department_of_laboratory_services	who_collaborating_centre_for_reference_and_research_on_influenza
A/HongKong/110/2019	government_virus_unit	centers_for_disease_control_and_prevention
A/Fiji/50/2019	national_centre_for_scientific_services_for_virology__and_vector_borne_diseases	who_collaborating_centre_for_reference_and_research_on_influenza
A/Fiji/40/2019	national_centre_for_scientific_services_for_virology__and_vector_borne_diseases	who_collaborating_centre_for_reference_and_research_on_influenza
A/Darwin/102/2019-egg	influenza_surveillance_centre_for_disease_control	centers_for_disease_control_and_prevention
A/Darwin/102/2019	influenza_surveillance_centre_for_disease_control	centers_for_disease_control_and_prevention
A/Aichi/190/2018	aichi_prefectural_institute_of_public_health	national_institute_of_infectious_diseases_(niid)
A/Taiwan/79432/2018	adimmune_corporation	centers_for_disease_control_and_prevention
A/Yokohama/96/2018	yokohama_city_institute_of_public_health.	national_institute_of_infectious_diseases_(niid)
A/Oita/4/2018	oita_prefectural_institute_of_health_and_environment	national_institute_of_infectious_diseases_(niid)
A/Yokohama/99/2018	yokohama_city_institute_of_public_health.	centers_for_disease_control_and_prevention
A/Kanagawa/AC1801/2018	national_institute_of_infectious_diseases_(niid)	national_institute_of_infectious_diseases_(niid)
A/Hiroshima-C/14/2018	hiroshima_city_institute_of_public_health	national_institute_of_infectious_diseases_(niid)
A/NewYork/45/2018-egg	new_york_state_department_of_health	centers_for_disease_control_and_prevention
A/Sichuan-Qingyang/11819/2018	who_chinese_national_influenza_center	centers_for_disease_control_and_prevention
A/Brisbane/151/2018	queensland_health_scientific_services	who_collaborating_centre_for_reference_and_research_on_influenza
A/Kuwait/6371/2018	public_health_laboratory,_virology_unit	centers_for_disease_control_and_prevention
A/Sweden/75/2018		public_health_agency_of_sweden
A/Vladikavkaz/35/2019		state_research_center_of_virology_and_biotechnology_(vector)
A/MatoGrossoDoSul/589354-IAL/2019	instituto_adolfo_lutz	centers_for_disease_control_and_prevention
A/AbuDhabi/56/2019	shaikh_khalifa_medical_city	centers_for_disease_control_and_prevention
A/Panama/326506/2019	instituto_conmemorativo_gorgas_de_estudios_de_la_salud	centers_for_disease_control_and_prevention
A/Ecuador/916/2020	inspi	centers_for_disease_control_and_prevention
A/Santiago/61041/2019	instituto_de_salud_publica_de_chile	instituto_de_salud_publica_de_chile
A/Quirinhos/1336719-IAL/2019	instituto_adolfo_lutz	centers_for_disease_control_and_prevention
A/SouthDakota/30/2019	south_dakota_public_health_lab	centers_for_disease_control_and_prevention
A/Temuco/54895/2019	instituto_de_salud_publica_de_chile	instituto_de_salud_publica_de_chile
A/Temuco/52763/2019	instituto_de_salud_publica_de_chile	instituto_de_salud_publica_de_chile
A/Norway/2228/2019-egg	ostfold_hospital___fredrikstad,_dept._of_microbiology	centers_for_disease_control_and_prevention
A/Concepcion/57528/2019	instituto_de_salud_publica_de_chile	instituto_de_salud_publica_de_chile
A/Sweden/141/2019	public_health_agency_of_sweden	public_health_agency_of_sweden
A/Brazil/2605/2019	instituto_adolfo_lutz	centers_for_disease_control_and_prevention
A/Ecuador/4882/2019	inspi	centers_for_disease_control_and_prevention
A/Victoria/959/2017	who_collaborating_centre_for_reference_and_research_on_influenza	who_collaborating_centre_for_reference_and_research_on_influenza
A/Sydney/744/2017	childrens_hospital_westmead	who_collaborating_centre_for_reference_and_research_on_influenza
A/Brisbane/200/2017	queensland_health_scientific_services	who_collaborating_centre_for_reference_and_research_on_influenza
A/Jeju/837/2017	national_institute_of_health	national_institute_of_infectious_diseases_(niid)
A/Maldives/1499/2017	ministry_of_health	centers_for_disease_control_and_prevention
A/HongKong/4792/2017	government_virus_unit	centers_for_disease_control_and_prevention
A/Niigata/1082/2017	niigata_prefectural_institute_of_public_health_and_environmental_sciences	national_institute_of_infectious_diseases_(niid)
A/Ibaraki/91/2017	ibaraki_prefectural_institute_of_public_health	national_institute_of_infectious_diseases_(niid)
A/Osaka-C/14/2018	osaka_city_institute_of_public_health_and_environmental_sciences	national_institute_of_infectious_diseases_(niid)
A/Kanagawa/26/2018	kanagawa_prefectural_institute_of_public_health	national_institute_of_infectious_diseases_(niid)
A/Chiba/42/2017	chiba_prefectural_institute_of_public_health	national_institute_of_infectious_diseases_(niid)
A/Saga/295/2017	saga_prefectural_institute_of_public_health_and_pharmaceutical_research	national_institute_of_infectious_diseases_(niid)
A/Tochigi/18101/2018	tochigi_prefectural_institute_of_public_health_and_environmental_science	national_institute_of_infectious_diseases_(niid)
A/Singapore/SGH0154/2017	ministry_of_health,_singapore	ministry_of_health,_singapore
A/Singapore/GP0291/2017	ministry_of_health,_singapore	ministry_of_health,_singapore
A/Singapore/TT0626/2017	ministry_of_health,_singapore	ministry_of_health,_singapore
A/Canberra/1014/2017	institute_of_medical_and_veterinary_science_(imvs)	who_collaborating_centre_for_reference_and_research_on_influenza
A/Wellington/52/2017	institute_of_environmental_science_&_research	who_collaborating_centre_for_reference_and_research_on_influenza
A/Pakistan/1660/2018	national_institute_of_health	centers_for_disease_control_and_prevention
A/Mauritius/CHL-I2475/2018	national_influenza_centre,_department_of_molecular_biology_and_virology	ministry_of_health_and_wellness,_mauritius
A/SouthAfrica/R07749/2018	national_institute_for_communicable_diseases_(nicd)	national_institute_for_communicable_diseases_(nicd)
A/SouthAfrica/R09607/2018	national_institute_for_communicable_disease	centers_for_disease_control_and_prevention
A/SouthAfrica/R16406/2018	national_institute_for_communicable_diseases_(nicd)	national_institute_for_communicable_diseases_(nicd)
A/Ecuador/609/2017	inspi	centers_for_disease_control_and_prevention
A/Yamaguchi/53/2017	yamaguchi_prefectural_institute_of_public_health_and_environment	national_institute_of_infectious_diseases_(niid)
A/Pennsylvania/276/2017	pennsylvania_department_of_health	centers_for_disease_control_and_prevention
A/Ecuador/2495/2017	inspi	centers_for_disease_control_and_prevention
A/Ecuador/3670/2017	inspi	centers_for_disease_control_and_prevention
A/Pennsylvania/276/2017-egg	pennsylvania_department_of_health	centers_for_disease_control_and_prevention
A/Nara/39/2017	nara_prefectural_institute_for_hygiene_and_environment	national_institute_of_infectious_diseases_(niid)
A/Ecuador/271/2018	inspi	centers_for_disease_control_and_prevention
A/Peru/2718/2018	us_namru_6	centers_for_disease_control_and_prevention
A/Paraguay/622/2018	central_laboratory_of_public_health	centers_for_disease_control_and_prevention
A/Peru/2618/2018	us_namru_6	centers_for_disease_control_and_prevention
A/Venezuela/1/2018	"instituto_nacional_de_higiene_""rafael_rangel"""	centers_for_disease_control_and_prevention
A/Colombia/7884/2018	instituto_nacional_de_salud_de_columbia	centers_for_disease_control_and_prevention
A/Peru/6518/2018	us_namru_6	centers_for_disease_control_and_prevention
A/Bergavenny/5099/2019	public_health_wales_microbiology_cardiff	public_health_wales_microbiology_cardiff
A/Ecuador/72/2018	inspi	centers_for_disease_control_and_prevention
A/Peru/7218/2018	us_namru_6	centers_for_disease_control_and_prevention
A/Bolivia/2185/2018	cenetrop	centers_for_disease_control_and_prevention
A/Argentina/13766/2018	cemic_university_hospital	centers_for_disease_control_and_prevention
A/Ecuador/625/2017	inspi	centers_for_disease_control_and_prevention
A/Suriname/206/2018	institute_for_biomedical_sciences	centers_for_disease_control_and_prevention
A/Colombia/544/2018	instituto_nacional_de_salud_de_columbia	centers_for_disease_control_and_prevention
A/Colombia/358/2018	instituto_nacional_de_salud_de_columbia	centers_for_disease_control_and_prevention
A/Lao/F0986/2018	national_center_for_laboratory_and_epidemiology	national_institute_of_infectious_diseases_(niid)
A/NordPasDeCalais/604/2019		institut_pasteur
A/Jamaica/6095/2018-egg	university_of_the_west_indies	centers_for_disease_control_and_prevention
A/Jamaica/6095/2018	university_of_the_west_indies	centers_for_disease_control_and_prevention
A/England/145/2019	microbiology_services_colindale,_public_health_england	microbiology_services_colindale,_public_health_england
A/Belgium/G0334/2019	sciensano_(scientific_institute_of_public_health)	sciensano
A/Sweden/96/2018		public_health_agency_of_sweden
A/Kanagawa/AC1807/2018	national_institute_of_infectious_diseases_(niid)	national_institute_of_infectious_diseases_(niid)
A/Gifu/52/2018	gifu_prefectural_institute_of_health_and_environmental_sciences	national_institute_of_infectious_diseases_(niid)
A/Santiago/45738/2019	instituto_de_salud_publica_de_chile	instituto_de_salud_publica_de_chile
A/Darwin/37/2018	influenza_surveillance_centre_for_disease_control	who_collaborating_centre_for_reference_and_research_on_influenza
A/Vietnam/Vnhcm-Gs371/2019	pasteur_institute,_influenza_laboratory	centers_for_disease_control_and_prevention
A/Trinidad/1967/2019	caribbean_epidemiology_center	centers_for_disease_control_and_prevention
A/HongKong/CUHK1117/2019	the_chinese_university_of_hong_kong	chinese_university_of_hong_kong
A/England/190940335/2019	microbiology_services_colindale,_public_health_england	microbiology_services_colindale,_public_health_england
A/Bourgogne/868/2019		institut_pasteur
A/NordPasDeCalais/1651/2019		institut_pasteur
A/Santiago/61069/2019	instituto_de_salud_publica_de_chile	instituto_de_salud_publica_de_chile
A/StPetersburg/RII-4188S/2019	research_institute_of_influenza,_ministry_of_healthcare_of_the_russian_federation	who_national_influenza_centre_russian_federation
A/Cambodia/FSS42230/2019	institute_pasteur_du_cambodia	who_collaborating_centre_for_reference_and_research_on_influenza
A/Malaysia/RP2245/2019	institut_penyelidikan_perubatan	who_collaborating_centre_for_reference_and_research_on_influenza
A/California/47/2019	california_department_of_health_services	centers_for_disease_control_and_prevention
A/Brisbane/1009/2019	institute_of_medical_and_veterinary_science_(imvs)	who_collaborating_centre_for_reference_and_research_on_influenza
A/Victoria/761/2019	monash_medical_centre	who_collaborating_centre_for_reference_and_research_on_influenza
A/Kanagawa/IC1841/2019-egg	national_institute_of_infectious_diseases_(niid)	centers_for_disease_control_and_prevention
A/Kanagawa/AC1802/2018	national_institute_of_infectious_diseases_(niid)	national_institute_of_infectious_diseases_(niid)
A/Yokohama/124/2018	yokohama_city_institute_of_public_health.	national_institute_of_infectious_diseases_(niid)
A/Darwin/124/2019	influenza_surveillance_centre_for_disease_control	who_collaborating_centre_for_reference_and_research_on_influenza
A/HongKong/CUHK1042/2019	the_chinese_university_of_hong_kong	chinese_university_of_hong_kong
A/Bangladesh/638/2020	institute_of_epidemiology_disease_control_and_research_(iedcr)_&_bangladesh_national_influenza_centre_(nic)	centers_for_disease_control_and_prevention
A/Bangladesh/636/2020	institute_of_epidemiology_disease_control_and_research_(iedcr)_&_bangladesh_national_influenza_centre_(nic)	centers_for_disease_control_and_prevention
A/Kanagawa/AC1803/2018	national_institute_of_infectious_diseases_(niid)	national_institute_of_infectious_diseases_(niid)
A/Victoria/2132/2019	alfred_hospital	who_collaborating_centre_for_reference_and_research_on_influenza
A/Moscow/176/2019	ivanovsky_research_institute_of_virology_rams	centers_for_disease_control_and_prevention
A/Catalonia/NSVH100956812/2019	hospital_universitari_vall_d'hebron	hospital_universitari_vall_d'hebron
A/Iowa/59/2018	iowa_state_hygienic_laboratory	centers_for_disease_control_and_prevention
A/Ekaterinburg/17/2019		state_research_center_of_virology_and_biotechnology_(vector)
A/Tanzania/1646/2019	national_influenza_lab	centers_for_disease_control_and_prevention
A/Tanzania/1644/2019	national_influenza_lab	centers_for_disease_control_and_prevention
A/SaoPaulo/IAL/C5011/2020	instituto_adolfo_lutz___regional_de_santo_andre	instituto_adolfo_lutz
A/SaoPaulo/IAL/C5008/2020	instituto_adolfo_lutz___regional_de_santo_andre	instituto_adolfo_lutz
A/Madagascar/888/2019	institut_pasteur_de_madagascar	centers_for_disease_control_and_prevention
A/Linkoping/5/2019		public_health_agency_of_sweden
A/WallisAndFutuna/4/2019	institut_pasteur_new_caledonia	who_collaborating_centre_for_reference_and_research_on_influenza
A/NewCaledonia/23/2019	institut_pasteur_new_caledonia	who_collaborating_centre_for_reference_and_research_on_influenza
A/Darwin/117/2018	influenza_surveillance_centre_for_disease_control	who_collaborating_centre_for_reference_and_research_on_influenza
A/Bangladesh/3022/2019	icddr,b_international_centre_for_diarrhoeal_disease_research,_bangladesh	centers_for_disease_control_and_prevention
A/CoteDIvoire/2499/2019	pasteur_institut_of_côte_d'ivoire	centers_for_disease_control_and_prevention
A/Bangladesh/3014/2019	institute_of_epidemiology_disease_control_and_research_(iedcr)_&_bangladesh_national_influenza_centre_(nic)	centers_for_disease_control_and_prevention
A/Bangladesh/413029/2019	icddr,b_international_centre_for_diarrhoeal_disease_research,_bangladesh	centers_for_disease_control_and_prevention
A/Bangladesh/1190513014/2019	icddr,b_international_centre_for_diarrhoeal_disease_research,_bangladesh	centers_for_disease_control_and_prevention
A/Tanzania/821/2019	national_influenza_lab	centers_for_disease_control_and_prevention
A/HongKong/CUHK1081/2019	the_chinese_university_of_hong_kong	chinese_university_of_hong_kong
A/Bangladesh/9012/2019	institute_of_epidemiology_disease_control_and_research_(iedcr)_&_bangladesh_national_influenza_centre_(nic)	centers_for_disease_control_and_prevention
A/Bangladesh/9014/2019	institute_of_epidemiology_disease_control_and_research_(iedcr)_&_bangladesh_national_influenza_centre_(nic)	centers_for_disease_control_and_prevention
A/Iquique/47976/2019	instituto_de_salud_publica_de_chile	instituto_de_salud_publica_de_chile
A/Santiago/45737/2019	instituto_de_salud_publica_de_chile	instituto_de_salud_publica_de_chile
A/Bangladesh/2055/2019	icddr,b_international_centre_for_diarrhoeal_disease_research,_bangladesh	centers_for_disease_control_and_prevention
A/Singapore/KK2124/2019	ministry_of_health,_singapore	ministry_of_health,_singapore
A/Concepcion/58471/2019	instituto_de_salud_publica_de_chile	instituto_de_salud_publica_de_chile
A/Santiago/61055/2019	instituto_de_salud_publica_de_chile	instituto_de_salud_publica_de_chile
A/Darwin/118/2018	influenza_surveillance_centre_for_disease_control	who_collaborating_centre_for_reference_and_research_on_influenza
A/Darwin/55/2018	influenza_surveillance_centre_for_disease_control	who_collaborating_centre_for_reference_and_research_on_influenza
A/Belgium/G0353/2019	sciensano_(scientific_institute_of_public_health)	sciensano
A/Canberra/100/2019	canberra_hospital	who_collaborating_centre_for_reference_and_research_on_influenza
A/HongKong/CUHK1065/2019	the_chinese_university_of_hong_kong	chinese_university_of_hong_kong
A/Victoria/2102/2019	alfred_hospital	who_collaborating_centre_for_reference_and_research_on_influenza
A/SouthAfrica/R04252/2019	national_institute_for_communicable_diseases_(nicd)	national_institute_for_communicable_diseases_(nicd)
A/NewCaledonia/56/2019	institut_pasteur_new_caledonia	who_collaborating_centre_for_reference_and_research_on_influenza
A/NewCaledonia/42/2019	institut_pasteur_new_caledonia	who_collaborating_centre_for_reference_and_research_on_influenza
A/NewCaledonia/29/2019	institut_pasteur_new_caledonia	who_collaborating_centre_for_reference_and_research_on_influenza
A/NewCaledonia/22/2019	institut_pasteur_new_caledonia	who_collaborating_centre_for_reference_and_research_on_influenza
A/Bahia/477893/2020	laboratório_central_de_saúde_pública_professor_gonçalo_moniz,_lacen_ba	laborat?rio_central_de_sa?de_publica_do_estado_da_bahia
A/Mie/15/2019	mie_prefecture_health_and_environment_research_institute	national_institute_of_infectious_diseases_(niid)
A/StPetersburg/RII-1750S/2019	research_institute_of_influenza,_ministry_of_healthcare_of_the_russian_federation	who_national_influenza_centre_russian_federation
A/Moscow/196/2019	ivanovsky_research_institute_of_virology_rams	centers_for_disease_control_and_prevention
A/HongKong/CUHK1049/2019	the_chinese_university_of_hong_kong	chinese_university_of_hong_kong
A/Wakayama/21/2019	wakayama_prefectural_research_center_of_environment_and_public_health	national_institute_of_infectious_diseases_(niid)
A/Sydney/1014/2019	institute_of_medical_and_veterinary_science_(imvs)	who_collaborating_centre_for_reference_and_research_on_influenza
A/Novosibirsk/RII-5011S/2019	research_institute_of_experimental_and_clinical_medicine	who_national_influenza_centre_russian_federation
A/UlanUde/9/2019	russian_academy_of_medical_sciences	centers_for_disease_control_and_prevention
A/Kanagawa/IC1854/2019	national_institute_of_infectious_diseases_(niid)	national_institute_of_infectious_diseases_(niid)
A/Kanagawa/IC1883/2019	national_institute_of_infectious_diseases_(niid)	national_institute_of_infectious_diseases_(niid)
A/Kuwait/581/2019	public_health_laboratory,_virology_unit	centers_for_disease_control_and_prevention
A/Krasnodar/32/2019		state_research_center_of_virology_and_biotechnology_(vector)
A/StPetersburg/RII-401S/2018		who_national_influenza_centre_russian_federation
A/Gatchina/43/2019		state_research_center_of_virology_and_biotechnology_(vector)
A/StPetersburg/RII-230/2019	russian_academy_of_medical_sciences	centers_for_disease_control_and_prevention
A/StPetersburg/RII-2419S/2019	research_institute_of_influenza,_ministry_of_healthcare_of_the_russian_federation	who_national_influenza_centre_russian_federation
A/Bangladesh/3190512015/2019	icddr,b_international_centre_for_diarrhoeal_disease_research,_bangladesh	centers_for_disease_control_and_prevention
A/MinasGerais/12703/2020	instituto_oswaldo_cruz_fiocruz___laboratory_of_respiratory_viruses_and_measles_(lvrs)	centers_for_disease_control_and_prevention
A/Singapore/GP2156/2019	ministry_of_health,_singapore	ministry_of_health,_singapore
A/Canterbury/5/2019	institute_of_environmental_science_and_research	who_collaborating_centre_for_reference_and_research_on_influenza
A/Victoria/722/2019	monash_medical_centre	who_collaborating_centre_for_reference_and_research_on_influenza
A/HongKong/CUHK1030/2018	the_chinese_university_of_hong_kong	chinese_university_of_hong_kong
A/HongKong/CUHK1038/2019	the_chinese_university_of_hong_kong	chinese_university_of_hong_kong
A/HongKong/CUHK1040/2019	the_chinese_university_of_hong_kong	chinese_university_of_hong_kong
A/Tasmania/10/2018	royal_hobart_hospital	who_collaborating_centre_for_reference_and_research_on_influenza
A/Darwin/92/2018	influenza_surveillance_centre_for_disease_control	who_collaborating_centre_for_reference_and_research_on_influenza
A/Darwin/88/2018	influenza_surveillance_centre_for_disease_control	who_collaborating_centre_for_reference_and_research_on_influenza
A/Voronezh/RII-01/2019	russian_academy_of_medical_sciences	centers_for_disease_control_and_prevention
A/NewCaledonia/36/2019	institut_pasteur_new_caledonia	who_collaborating_centre_for_reference_and_research_on_influenza
A/Darwin/155/2019	influenza_surveillance_centre_for_disease_control	who_collaborating_centre_for_reference_and_research_on_influenza
A/Taiwan/82631/2019	centers_for_disease_control,_r.o.c._(taiwan)	centers_for_disease_control_and_prevention
A/Singapore/KK1115/2019	ministry_of_health,_singapore	ministry_of_health,_singapore
A/Moscow/RII-448S/2019	nic_russia,_ivanovsky_research_institute_of_virology	who_national_influenza_centre_russian_federation
A/Temuco/65272/2019	instituto_de_salud_publica_de_chile	instituto_de_salud_publica_de_chile
A/Paraguay/2336/2019	central_laboratory_of_public_health	centers_for_disease_control_and_prevention
A/Yaroslavl/135_T/2020-egg	seasonal_h1n1pdm	pb1
A/Yaroslavl/134_T/2020-egg	seasonal_h1n1pdm	pb1
A/Lipetsk/2/2020	center_of_hygiene_and_epidemiology_in_lipetsk_region	n.f._gamaleya_research_center_for_epidemiology_and_microbiology
A/Bahia/485261/2020	laboratório_central_de_saúde_pública_professor_gonçalo_moniz,_lacen_ba	laborat?rio_central_de_sa?de_publica_do_estado_da_bahia
A/Bahia/467760/2020	laboratório_central_de_saúde_pública_professor_gonçalo_moniz,_lacen_ba	laborat?rio_central_de_sa?de_publica_do_estado_da_bahia
A/Bahia/460362/2020	laboratório_central_de_saúde_pública_professor_gonçalo_moniz,_lacen_ba	laborat?rio_central_de_sa?de_publica_do_estado_da_bahia
A/SaoPaulo/IAL/C5002/2020	instituto_adolfo_lutz___regional_de_santo_andre	instituto_adolfo_lutz
A/Bahia/471989/2020	laboratório_central_de_saúde_pública_professor_gonçalo_moniz,_lacen_ba	laborat?rio_central_de_sa?de_publica_do_estado_da_bahia
A/Bahia/462630/2020	laboratório_central_de_saúde_pública_professor_gonçalo_moniz,_lacen_ba	laborat?rio_central_de_sa?de_publica_do_estado_da_bahia
A/Bahia/476335/2020	laboratório_central_de_saúde_pública_professor_gonçalo_moniz,_lacen_ba	laborat?rio_central_de_sa?de_publica_do_estado_da_bahia
A/Bahia/478396/2020	laboratório_central_de_saúde_pública_professor_gonçalo_moniz,_lacen_ba	laborat?rio_central_de_sa?de_publica_do_estado_da_bahia
A/Bahia/444930/2020	laboratório_central_de_saúde_pública_professor_gonçalo_moniz,_lacen_ba	laborat?rio_central_de_sa?de_publica_do_estado_da_bahia
A/Darwin/143/2018	influenza_surveillance_centre_for_disease_control	who_collaborating_centre_for_reference_and_research_on_influenza
A/Llanidloes/5224/2019	public_health_wales_microbiology_cardiff	public_health_wales_microbiology_cardiff
A/Hovas/1/2019		public_health_agency_of_sweden
A/Lulea/1/2018	public_health_agency_of_sweden	public_health_agency_of_sweden
A/Greece/144/2019-egg	hellenic_pasteur_institute	centers_for_disease_control_and_prevention
A/Greece/144/2019	hellenic_pasteur_institute	centers_for_disease_control_and_prevention
A/Bollnas/1/2019		public_health_agency_of_sweden
A/Uppsala/3/2019		public_health_agency_of_sweden
A/Umea/2/2018		public_health_agency_of_sweden
A/Bangladesh/9/2019	institute_of_epidemiology_disease_control_and_research_(iedcr)_&_bangladesh_national_influenza_centre_(nic)	centers_for_disease_control_and_prevention
A/Belgium/H0021/2019	sciensano_(scientific_institute_of_public_health)	scientific_institute_of_public_health_(wiv_isp)
A/Santiago/47951/2019	instituto_de_salud_publica_de_chile	instituto_de_salud_publica_de_chile
A/Lopburi/2348/2019	who_national_influenza_centre,_national_institute_of_medical_research_(nimr)	centers_for_disease_control_and_prevention
A/Iquique/20049/2020	instituto_de_salud_publica_de_chile	centers_for_disease_control_and_prevention
A/Darwin/196/2018	influenza_surveillance_centre_for_disease_control	who_collaborating_centre_for_reference_and_research_on_influenza
A/Darwin/110/2018	influenza_surveillance_centre_for_disease_control	who_collaborating_centre_for_reference_and_research_on_influenza
A/Darwin/81/2018	influenza_surveillance_centre_for_disease_control	who_collaborating_centre_for_reference_and_research_on_influenza
A/Darwin/91/2018	influenza_surveillance_centre_for_disease_control	who_collaborating_centre_for_reference_and_research_on_influenza
A/Darwin/74/2018	influenza_surveillance_centre_for_disease_control	who_collaborating_centre_for_reference_and_research_on_influenza
A/Darwin/67/2018	influenza_surveillance_centre_for_disease_control	who_collaborating_centre_for_reference_and_research_on_influenza
A/Darwin/65/2018	influenza_surveillance_centre_for_disease_control	who_collaborating_centre_for_reference_and_research_on_influenza
A/Darwin/47/2018	influenza_surveillance_centre_for_disease_control	who_collaborating_centre_for_reference_and_research_on_influenza
A/Darwin/32/2018	influenza_surveillance_centre_for_disease_control	who_collaborating_centre_for_reference_and_research_on_influenza
A/Darwin/96/2018	influenza_surveillance_centre_for_disease_control	centers_for_disease_control_and_prevention
A/Darwin/103/2018	influenza_surveillance_centre_for_disease_control	who_collaborating_centre_for_reference_and_research_on_influenza
A/Argentina/14338/2019	cemic_university_hospital	centers_for_disease_control_and_prevention
A/Peru/91162419/2019	laboratorio_de_referencia_nacional_virus_respiratorios,_instituto_nacional_de_salud	centers_for_disease_control_and_prevention
A/Argentina/926/2019	instituto_nacional_de_enfermedades_infecciosas	centers_for_disease_control_and_prevention
A/Argentina/868/2019	instituto_nacional_de_enfermedades_infecciosas	centers_for_disease_control_and_prevention
A/Wisconsin/466/2019	marshfield_clinic_research_foundation	centers_for_disease_control_and_prevention
A/WallisAndFutuna/1/2019	institut_pasteur_new_caledonia	who_collaborating_centre_for_reference_and_research_on_influenza
A/AbuDhabi/5/2019	shaikh_khalifa_medical_city	centers_for_disease_control_and_prevention
A/Mali/165/2019	nic_lab_cvd_mali	centers_for_disease_control_and_prevention
A/Pontyclun/5909/2018	public_health_wales_microbiology_cardiff	public_health_wales_microbiology_cardiff
A/England/618/2018	microbiology_services_colindale,_public_health_england	microbiology_services_colindale,_public_health_england
A/Iowa/59/2018-egg	iowa_state_hygienic_laboratory	centers_for_disease_control_and_prevention
A/Darwin/52/2018	influenza_surveillance_centre_for_disease_control	who_collaborating_centre_for_reference_and_research_on_influenza
A/Darwin/6/2018-egg	influenza_surveillance_centre_for_disease_control	centers_for_disease_control_and_prevention
A/Darwin/6/2018	influenza_surveillance_centre_for_disease_control	who_collaborating_centre_for_reference_and_research_on_influenza
A/England/289/2019	microbiology_services_colindale,_public_health_england	microbiology_services_colindale,_public_health_england
A/Madagascar/690/2019	institut_pasteur_de_madagascar	centers_for_disease_control_and_prevention
A/Newcastle/78/2018	john_hunter_hospital	who_collaborating_centre_for_reference_and_research_on_influenza
A/England/735/2018	microbiology_services_colindale,_public_health_england	microbiology_services_colindale,_public_health_england
A/Madagascar/552/2019	institut_pasteur_de_madagascar	centers_for_disease_control_and_prevention
A/Bangladesh/3034/2019	institute_of_epidemiology_disease_control_and_research_(iedcr)_&_bangladesh_national_influenza_centre_(nic)	centers_for_disease_control_and_prevention
A/NordPasDeCalais/1041/2019		institut_pasteur
A/HongKong/CUHK1092/2019	the_chinese_university_of_hong_kong	chinese_university_of_hong_kong
A/Argentina/784/2019	instituto_nacional_de_enfermedades_infecciosas	centers_for_disease_control_and_prevention
A/Victoria/962/2019	royal_chidrens_hospital	who_collaborating_centre_for_reference_and_research_on_influenza
A/England/215/2019	microbiology_services_colindale,_public_health_england	microbiology_services_colindale,_public_health_england
A/HongKong/CUHK1075/2019	the_chinese_university_of_hong_kong	chinese_university_of_hong_kong
A/Congo/281/2019	inrb_service_de_virologie	centers_for_disease_control_and_prevention
A/PrachuapKhiriKhan/390/2019	who_national_influenza_centre,_national_institute_of_medical_research_(nimr)	who_collaborating_centre_for_reference_and_research_on_influenza
A/PuertoMontt/53702/2019	instituto_de_salud_publica_de_chile	instituto_de_salud_publica_de_chile
A/Congo/9722/2019	inrb_service_de_virologie	centers_for_disease_control_and_prevention
A/Congo/793/2019	inrb_service_de_virologie	centers_for_disease_control_and_prevention
A/Congo/790/2019	inrb_service_de_virologie	centers_for_disease_control_and_prevention
A/Congo/9760/2019	inrb_service_de_virologie	centers_for_disease_control_and_prevention
A/Congo/9762/2019	inrb_service_de_virologie	centers_for_disease_control_and_prevention
A/Congo/5/2020	inrb_service_de_virologie	centers_for_disease_control_and_prevention
A/Congo/9789/2019	inrb_service_de_virologie	centers_for_disease_control_and_prevention
A/Congo/9753/2019	inrb_service_de_virologie	centers_for_disease_control_and_prevention
A/Victoria/702/2019	monash_medical_centre	who_collaborating_centre_for_reference_and_research_on_influenza
A/Singapore/GP0243/2020	ministry_of_health,_singapore	ministry_of_health,_singapore
A/BurkinaFaso/2617/2019	irss	centers_for_disease_control_and_prevention
A/AbuDhabi/76/2019	shaikh_khalifa_medical_city	centers_for_disease_control_and_prevention
A/ChiangRai/446/2019	who_national_influenza_centre,_national_institute_of_medical_research_(nimr)	centers_for_disease_control_and_prevention
A/StPetersburg/RII-1733S/2020	research_institute_of_influenza,_ministry_of_healthcare_of_the_russian_federation	who_national_influenza_centre_russian_federation
A/Nigeria/4584/2020	ncdc_public_health_reference_laboratory	centers_for_disease_control_and_prevention
A/Nigeria/4656/2020	ncdc_public_health_reference_laboratory	centers_for_disease_control_and_prevention
A/Bahia/445385/2020	laboratório_central_de_saúde_pública_professor_gonçalo_moniz,_lacen_ba	laborat?rio_central_de_sa?de_publica_do_estado_da_bahia
A/SouthAfrica/R06183/2020	national_institute_for_communicable_diseases_(nicd)	national_institute_for_communicable_diseases_(nicd)
A/Indonesia/NIHRDLPG843/2020	ministry_of_health,_nihrd	who_collaborating_centre_for_reference_and_research_on_influenza
A/Moscow/63/2020	nic_russia,_ivanovsky_research_institute_of_virology	n.f._gamaleya_research_center_for_epidemiology_and_microbiology
A/Niger/7880/2020	centre_de_recherche_medicale_et_sanitaire_(cermes)	centers_for_disease_control_and_prevention
A/Lebanon/3/2020	rafic_hariri_university_hospital_4th_floor_dna/research_lab	centers_for_disease_control_and_prevention
A/Lao/3760/2019	national_center_for_laboratory_and_epidemiology	centers_for_disease_control_and_prevention
A/StPetersburg/RII-2087S/2020	research_institute_of_influenza,_ministry_of_healthcare_of_the_russian_federation	who_national_influenza_centre_russian_federation
A/StPetersburg/RII-4069S/2020	research_institute_of_influenza,_ministry_of_healthcare_of_the_russian_federation	who_national_influenza_centre_russian_federation
A/Lebanon/85/2020	rafic_hariri_university_hospital_4th_floor_dna/research_lab	centers_for_disease_control_and_prevention
A/Kenya/102/2020	cdc_kenya	centers_for_disease_control_and_prevention
A/Kenya/101/2020	cdc_kenya	centers_for_disease_control_and_prevention
A/Kenya/106/2020	cdc_kenya	centers_for_disease_control_and_prevention
A/Zambia/393/2021	university_teaching_hospital,_moh_zambia	centers_for_disease_control_and_prevention
A/Zambia/328/2021	university_teaching_hospital,_moh_zambia	centers_for_disease_control_and_prevention
A/Zambia/1328/2022	university_teaching_hospital,_moh_zambia	centers_for_disease_control_and_prevention
A/Moscow/236/2019	nic_russia,_ivanovsky_research_institute_of_virology	n.f._gamaleya_research_center_for_epidemiology_and_microbiology
A/Spain/11907/2020	u.s._air_force_school_of_aerospace_medicine_	u.s._air_force_school_of_aerospace_medicine
A/Kuwait/4668/2019	public_health_laboratory,_virology_unit	centers_for_disease_control_and_prevention
A/Valencia/7_0962/2020	fisabio___public_health,_generalitat_valenciana	center_for_public_health_research_(csisp)
A/BurkinaFaso/2624/2019	irss	centers_for_disease_control_and_prevention
A/Moscow/72/2020	nic_russia,_ivanovsky_research_institute_of_virology	n.f._gamaleya_research_center_for_epidemiology_and_microbiology
A/BurkinaFaso/2618/2019	irss	centers_for_disease_control_and_prevention
A/CoteDIvoire/2936/2019	pasteur_institut_of_côte_d'ivoire	centers_for_disease_control_and_prevention
A/SouthAustralia/6/2020	institute_of_medical_and_veterinary_science_(imvs)	who_collaborating_centre_for_reference_and_research_on_influenza
A/Novosibirsk/RII-27059S/2020	research_institute_of_experimental_and_clinical_medicine	who_national_influenza_centre_russian_federation
A/Novosibirsk/RII-1317S/2020	research_institute_of_experimental_and_clinical_medicine	who_national_influenza_centre_russian_federation
A/Kenya/103/2020	cdc_kenya	centers_for_disease_control_and_prevention
A/StPetersburg/RII-1487S/2020	research_institute_of_influenza,_ministry_of_healthcare_of_the_russian_federation	who_national_influenza_centre_russian_federation
A/StPetersburg/RII-2030S/2020	research_institute_of_influenza,_ministry_of_healthcare_of_the_russian_federation	who_national_influenza_centre_russian_federation
A/StPetersburg/RII-2550S/2020	research_institute_of_influenza,_ministry_of_healthcare_of_the_russian_federation	who_national_influenza_centre_russian_federation
A/StPetersburg/RII-2868S/2020	research_institute_of_influenza,_ministry_of_healthcare_of_the_russian_federation	who_national_influenza_centre_russian_federation
A/Santiago/61054/2019	instituto_de_salud_publica_de_chile	instituto_de_salud_publica_de_chile
A/Taiwan/82390/2019	adimmune_corporation	centers_for_disease_control_and_prevention
A/HongKong/CUHK1087/2019	the_chinese_university_of_hong_kong	chinese_university_of_hong_kong
A/HongKong/CUHK1091/2019	the_chinese_university_of_hong_kong	chinese_university_of_hong_kong
A/HongKong/CUHK1074/2019	the_chinese_university_of_hong_kong	chinese_university_of_hong_kong
A/HongKong/CUHK1101/2019	the_chinese_university_of_hong_kong	chinese_university_of_hong_kong
A/Guangdong-Maonan/1536/2019-egg	who_chinese_national_influenza_center	centers_for_disease_control_and_prevention
A/HongKong/CUHK1118/2019	the_chinese_university_of_hong_kong	chinese_university_of_hong_kong
A/HongKong/CUHK1124/2019	the_chinese_university_of_hong_kong	chinese_university_of_hong_kong
A/India/5/2020	national_institute_of_virology	centers_for_disease_control_and_prevention
A/HongKong/CUHK1112/2019	the_chinese_university_of_hong_kong	chinese_university_of_hong_kong
A/Guangdong-Maonan/1536/2019	who_chinese_national_influenza_center	centers_for_disease_control_and_prevention
A/England/690/2019	microbiology_services_colindale,_public_health_england	microbiology_services_colindale,_public_health_england
A/HongKong/CUHK1094/2019	the_chinese_university_of_hong_kong	chinese_university_of_hong_kong
A/Singapore/TT0569/2019	ministry_of_health,_singapore	ministry_of_health,_singapore
A/Trollhattan/3/2019	klinisk_mikrobiologi,_nu_sjukvarden_trollhattan	public_health_agency_of_sweden
A/HongKong/CUHK1126/2019	the_chinese_university_of_hong_kong	chinese_university_of_hong_kong
A/Singapore/KK2342/2019	ministry_of_health,_singapore	ministry_of_health,_singapore
A/Ireland/87733/2019-egg	ucd_national_virus_reference_laboratory__	centers_for_disease_control_and_prevention
A/Alicante/19_1030/2020	fisabio___public_health,_generalitat_valenciana	center_for_public_health_research_(csisp)
A/HangaRoa/2012/2020-egg	instituto_de_salud_publica_de_chile	centers_for_disease_control_and_prevention
A/Pennsylvania/1042/2019	children's_hospital_of_pittsburgh_upmc	centers_for_disease_control_and_prevention
A/Singapore/EN0636/2019	ministry_of_health,_singapore	ministry_of_health,_singapore
A/Lao/2704/2019	national_center_for_laboratory_and_epidemiology	centers_for_disease_control_and_prevention
A/Lao/814/2020	national_center_for_laboratory_and_epidemiology	centers_for_disease_control_and_prevention
A/Victoria/2454/2019-egg	alfred_hospital	centers_for_disease_control_and_prevention
A/Gunma/22/2020	gunma_prefectural_institute_of_public_health_and_environmental_sciences	national_institute_of_infectious_diseases_(niid)
A/Centre/66/2020	institut_pasteur	institut_pasteur
A/Sakai/71/2019	sakai_city_institute_of_public_health	national_institute_of_infectious_diseases_(niid)
A/Nara/39/2019	nara_prefectural_institute_for_hygiene_and_environment	national_institute_of_infectious_diseases_(niid)
A/Fukuoka/19171/2019	fukuoka_institute_of_public_health_and_environmental_sciences	national_institute_of_infectious_diseases_(niid)
A/Singapore/EN0620/2019	ministry_of_health,_singapore	ministry_of_health,_singapore
A/HongKong/2655/2019-egg	government_virus_unit	centers_for_disease_control_and_prevention
A/HongKong/3030/2019	government_virus_unit	centers_for_disease_control_and_prevention
A/Guatemala/226/2020	laboratorio_nacional_de_salud_guatemala	centers_for_disease_control_and_prevention
A/Townsville/1/2020	queensland_health_forensic_and_scientific_services_	who_collaborating_centre_for_reference_and_research_on_influenza
A/Suriname/306/2020	central_laboratory,_bureau_of_public_health	centers_for_disease_control_and_prevention
A/Guyane/101/2020	national_influenza_center_french_guiana_and_french_indies	centers_for_disease_control_and_prevention
A/Yaroslavl/135-L/2020-egg	seasonal_h1n1pdm	pb1
A/StPetersburg/RII-3285S/2020	research_institute_of_influenza,_ministry_of_healthcare_of_the_russian_federation	who_national_influenza_centre_russian_federation
A/Castellon/2_1377/2020	fisabio___public_health,_generalitat_valenciana	center_for_public_health_research_(csisp)
A/Spain/11277/2020	u.s._air_force_school_of_aerospace_medicine_	u.s._air_force_school_of_aerospace_medicine
A/Iowa/49/2019-egg	iowa_state_hygienic_laboratory	centers_for_disease_control_and_prevention
A/Iowa/49/2019	iowa_state_hygienic_laboratory	centers_for_disease_control_and_prevention
A/Santiago/16343/2020-egg	instituto_de_salud_publica_de_chile	centers_for_disease_control_and_prevention
A/StPetersburg/RII-1664S/2020	research_institute_of_influenza,_ministry_of_healthcare_of_the_russian_federation	who_national_influenza_centre_russian_federation
A/Sweden/14/2020	public_health_agency_of_sweden	public_health_agency_of_sweden
A/Texas/10896/2019	u.s._air_force_school_of_aerospace_medicine_	u.s._air_force_school_of_aerospace_medicine
A/Paris/884/2020	institut_pasteur	institut_pasteur
A/Castellon/2_1319/2020	fisabio___public_health,_generalitat_valenciana	center_for_public_health_research_(csisp)
A/RioDeJaneiro/476/2020	instituto_oswaldo_cruz_fiocruz___laboratory_of_respiratory_viruses_and_measles_(lvrs)	centers_for_disease_control_and_prevention
A/Kanagawa/ZC1949/2020	national_institute_of_infectious_diseases_(niid)	national_institute_of_infectious_diseases_(niid)
A/Florida/132/2019	florida_department_of_health_tampa	centers_for_disease_control_and_prevention
A/Luxembourg/LNS8595220/2020	laboratoire_national_de_santé_	laboratoire_national_de_sant?
A/Paris/2721/2019	institut_pasteur	institut_pasteur
A/Paris/1540/2020	institut_pasteur	institut_pasteur
A/Suriname/407/2020	central_laboratory,_bureau_of_public_health	centers_for_disease_control_and_prevention
A/Singapore/TT0545/2020	ministry_of_health,_singapore	ministry_of_health,_singapore
A/Santiago/6413/2020-egg	instituto_de_salud_publica_de_chile	centers_for_disease_control_and_prevention
A/Tennessee/68/2020	vanderbilt_university_medical_center	centers_for_disease_control_and_prevention
A/California/40/2020	california_department_of_health_services	centers_for_disease_control_and_prevention
A/Luxembourg/LNS0010481/2020	laboratoire_national_de_santé_	laboratoire_national_de_sant?
A/SouthAfrica/R06185/2020	national_institute_for_communicable_diseases_(nicd)	national_institute_for_communicable_diseases_(nicd)
A/Valencia/7_1390/2020	fisabio___public_health,_generalitat_valenciana	center_for_public_health_research_(csisp)
A/Catalonia/NSVH101176247/2020	hospital_universitari_vall_d'hebron	hospital_universitari_vall_d'hebron
A/Belgium/IS0448/2020	sciensano	sciensano
A/Catalonia/NSVH101178506/2020	hospital_universitari_vall_d'hebron	hospital_universitari_vall_d'hebron
A/England/8/2020	microbiology_services_colindale,_public_health_england	microbiology_services_colindale,_public_health_england
A/Pennsylvania/40/2020	children's_hospital_of_pittsburgh_upmc	centers_for_disease_control_and_prevention
A/Santiago/6404/2020-egg	instituto_de_salud_publica_de_chile	centers_for_disease_control_and_prevention
A/Spain/10881/2019	u.s._air_force_school_of_aerospace_medicine_	u.s._air_force_school_of_aerospace_medicine
A/Luga/RII-343S/2019	who_national_influenza_centre_russian_federation	who_national_influenza_centre_russian_federation
A/Belgium/IS0134/2020	sciensano	sciensano
A/Bangladesh/3008/2020	icddr,b_international_centre_for_diarrhoeal_disease_research,_bangladesh	centers_for_disease_control_and_prevention
A/Santiago/14949/2020-egg	instituto_de_salud_publica_de_chile	centers_for_disease_control_and_prevention
A/Valencia/10_0691/2019	fisabio___public_health,_generalitat_valenciana	center_for_public_health_research_(csisp)
A/England/795/2019	microbiology_services_colindale,_public_health_england	microbiology_services_colindale,_public_health_england
A/Sachsen/10/2020	robert_koch_institute_nationales_referenzzentrum_für_influenza	robert_koch_institute_nationales_referenzzentrum_f?r_influenza
A/Guangdong-Maonan/SWL1599/2019-egg	who_chinese_national_influenza_center	who_chinese_national_influenza_center
A/HongKong/CUHK1082/2019	the_chinese_university_of_hong_kong	chinese_university_of_hong_kong
A/Mauritius/CHL-I3030/2019	national_influenza_centre,_department_of_molecular_biology_and_virology	ministry_of_health_and_wellness,_mauritius
A/Lao/603/2020	national_center_for_laboratory_and_epidemiology	centers_for_disease_control_and_prevention
A/SouthAfrica/1191/2020	national_institute_for_communicable_disease	who_collaborating_centre_for_reference_and_research_on_influenza
A/Bhutan/1639/2020	royal_centre_for_disease_control	centers_for_disease_control_and_prevention
A/Bhutan/1637/2020	royal_centre_for_disease_control	centers_for_disease_control_and_prevention
A/Bhutan/1169/2020	royal_centre_for_disease_control	centers_for_disease_control_and_prevention
A/Bhutan/589/2020	royal_centre_for_disease_control	centers_for_disease_control_and_prevention
A/Bhutan/295/2020	royal_centre_for_disease_control	centers_for_disease_control_and_prevention
A/Singapore/GP0253/2020	ministry_of_health,_singapore	ministry_of_health,_singapore
A/Singapore/TT0352/2020	ministry_of_health,_singapore	ministry_of_health,_singapore
A/Singapore/CGH0008/2020	ministry_of_health,_singapore	ministry_of_health,_singapore
A/Castellon/2_1088/2020	fisabio___public_health,_generalitat_valenciana	center_for_public_health_research_(csisp)
A/Taiwan/83414/2019	adimmune_corporation	centers_for_disease_control_and_prevention
A/Singapore/TT0170/2020	ministry_of_health,_singapore	ministry_of_health,_singapore
A/Singapore/TT0053/2020	ministry_of_health,_singapore	ministry_of_health,_singapore
A/SouthKorea/10322/2019	u.s._air_force_school_of_aerospace_medicine_	u.s._air_force_school_of_aerospace_medicine
A/Yakutsk/5981/2019	russian_academy_of_medical_sciences	centers_for_disease_control_and_prevention
A/Maiya/RII-1365S/2020	center_of_hygiene_and_epidemiology_in_republic_of_sakha_(yakutia)	who_national_influenza_centre_russian_federation
A/SouthKorea/11243/2020	u.s._air_force_school_of_aerospace_medicine_	u.s._air_force_school_of_aerospace_medicine
A/SouthKorea/10872/2019	u.s._air_force_school_of_aerospace_medicine_	u.s._air_force_school_of_aerospace_medicine
A/SouthAfrica/R03994/2020	national_institute_for_communicable_diseases_(nicd)	national_institute_for_communicable_diseases_(nicd)
A/Taiwan/97729/2019	adimmune_corporation	centers_for_disease_control_and_prevention
A/Kanagawa/AC1901/2019	national_institute_of_infectious_diseases_(niid)	national_institute_of_infectious_diseases_(niid)
A/Hawaii/66/2019-egg	state_of_hawaii_department_of_health	centers_for_disease_control_and_prevention
A/Hawaii/66/2019	state_of_hawaii_department_of_health	centers_for_disease_control_and_prevention
A/Bhutan/144/2020	royal_centre_for_disease_control	centers_for_disease_control_and_prevention
A/Guangdong/LCF/2019	guangzhou_no.8_people's_hospital	the_university_of_hong_kong
A/SouthKorea/10334/2019	u.s._air_force_school_of_aerospace_medicine_	u.s._air_force_school_of_aerospace_medicine
A/HongKong/4707/2019	government_virus_unit	centers_for_disease_control_and_prevention
A/Guam/9871/2019	u.s._air_force_school_of_aerospace_medicine_	u.s._air_force_school_of_aerospace_medicine
A/Ishikawa/28/2020	ishikawa_prefectural_institute_of_public_health_and_environmental_science	national_institute_of_infectious_diseases_(niid)
A/Washington/13/2020	washington_state_public_health_laboratory	centers_for_disease_control_and_prevention
A/India/56/2020	national_institute_of_virology	centers_for_disease_control_and_prevention
A/Washington/S26416/2020	the_brotman_baty_institute_for_precision_medicine	
A/Guam/9869/2019	u.s._air_force_school_of_aerospace_medicine_	u.s._air_force_school_of_aerospace_medicine
A/SouthKorea/10867/2019	u.s._air_force_school_of_aerospace_medicine_	u.s._air_force_school_of_aerospace_medicine
A/Hawaii/70/2019-egg	state_of_hawaii_department_of_health	centers_for_disease_control_and_prevention
A/Sydney/15/2020	childrens_hospital_westmead	who_collaborating_centre_for_reference_and_research_on_influenza
A/Washington/L4/2020	seattle_flu_study	university_of_washington
A/Washington/S26469/2020	the_brotman_baty_institute_for_precision_medicine	
A/California/38/2020	california_department_of_health_services	centers_for_disease_control_and_prevention
A/Washington/S26941/2020	the_brotman_baty_institute_for_precision_medicine	
A/Japan/10478/2019	u.s._air_force_school_of_aerospace_medicine_	u.s._air_force_school_of_aerospace_medicine
A/Shiga/2/2020	shiga_prefectural_institute_of_public_health	national_institute_of_infectious_diseases_(niid)
A/Germany/11121/2020	u.s._air_force_school_of_aerospace_medicine_	u.s._air_force_school_of_aerospace_medicine
A/Lao/F0849/2020	national_center_for_laboratory_and_epidemiology	national_institute_of_infectious_diseases_(niid)
A/Nagasaki/1/2022	nagasaki_prefectural_institute_for_environment_research_and_public_health	national_institute_of_infectious_diseases_(niid)
A/Nagano-C/31/2020	nagano_city_health_center	national_institute_of_infectious_diseases_(niid)
A/Guam/11528/2020	u.s._air_force_school_of_aerospace_medicine_	u.s._air_force_school_of_aerospace_medicine
A/Guam/11527/2020	u.s._air_force_school_of_aerospace_medicine_	u.s._air_force_school_of_aerospace_medicine
A/Japan/10811/2019	u.s._air_force_school_of_aerospace_medicine_	u.s._air_force_school_of_aerospace_medicine
A/Japan/10806/2019	u.s._air_force_school_of_aerospace_medicine_	u.s._air_force_school_of_aerospace_medicine
A/Brisbane/1/2020	queensland_health_forensic_and_scientific_services_	who_collaborating_centre_for_reference_and_research_on_influenza
A/Ankara/14011-920/2020	turkish_society_of_internal_medicine	gen_era_diagnostics_corporation
A/HongKong/4701/2019	government_virus_unit	centers_for_disease_control_and_prevention
A/Singapore/KK0737/2020	ministry_of_health,_singapore	ministry_of_health,_singapore
A/Japan/10014/2019	u.s._air_force_school_of_aerospace_medicine_	u.s._air_force_school_of_aerospace_medicine
A/Shanghai-Huangpu/1726/2019	who_chinese_national_influenza_center	centers_for_disease_control_and_prevention
A/Utah/46/2019	utah_department_of_health	centers_for_disease_control_and_prevention
A/Ankara/14012-437/2020	turkish_society_of_internal_medicine	gen_era_diagnostics_corporation
A/AbuDhabi/108/2019	shaikh_khalifa_medical_city	centers_for_disease_control_and_prevention
A/Aomori/46/2019	aomori_prefectural_institute_of_public_health_and_environment	national_institute_of_infectious_diseases_(niid)
A/Nigeria/4574/2020	ncdc_public_health_reference_laboratory	centers_for_disease_control_and_prevention
A/Gunma/108/2019	gunma_prefectural_institute_of_public_health_and_environmental_sciences	national_institute_of_infectious_diseases_(niid)
A/Washington/12042/2020	u.s._air_force_school_of_aerospace_medicine_	u.s._air_force_school_of_aerospace_medicine
A/Singapore/TT0510/2020	ministry_of_health,_singapore	ministry_of_health,_singapore
A/Ehime/86/2019	ehime_prefecture_institute_of_public_health_and_environmental_science	national_institute_of_infectious_diseases_(niid)
A/Shanghai-Huangpu/1726/2019-egg	who_chinese_national_influenza_center	centers_for_disease_control_and_prevention
A/Wisconsin/336/2020	marshfield_clinic_research_foundation	centers_for_disease_control_and_prevention
A/India/6/2020	national_institute_of_virology	centers_for_disease_control_and_prevention
A/Saitama-C/17/2020	saitama_city_institute_of_health__science_and_research	national_institute_of_infectious_diseases_(niid)
A/Kanagawa/202/2019	kanagawa_prefectural_institute_of_public_health	national_institute_of_infectious_diseases_(niid)
A/Fukushima/8/2020	fukushima_prefectural_institute_of_public_health	national_institute_of_infectious_diseases_(niid)
A/Chiba-C/55/2019	chiba_city_institute_of_health_and_environment	national_institute_of_infectious_diseases_(niid)
A/Okinawa/93/2019-egg	okinawa_prefectural_institute_of_health_and_environment	centers_for_disease_control_and_prevention
A/Okinawa/93/2019	okinawa_prefectural_institute_of_health_and_environment	centers_for_disease_control_and_prevention
A/Yamagata/255/2019	yamagata_prefectural_institute_of_public_health	national_institute_of_infectious_diseases_(niid)
A/NordrheinWestfalen/3/2020	robert_koch_institute_nationales_referenzzentrum_für_influenza	robert_koch_institute_nationales_referenzzentrum_f?r_influenza
A/Ratchaburi/434/2019	who_national_influenza_centre,_national_institute_of_medical_research_(nimr)	centers_for_disease_control_and_prevention
A/Sagamihara/13/2020	sagamihara_city_laboratory_of_public_health	national_institute_of_infectious_diseases_(niid)
A/Kanagawa/AC1932/2020	national_institute_of_infectious_diseases_(niid)	national_institute_of_infectious_diseases_(niid)
A/Japan/10480/2019	u.s._air_force_school_of_aerospace_medicine_	u.s._air_force_school_of_aerospace_medicine
A/Hawaii/70/2019	state_of_hawaii_department_of_health	centers_for_disease_control_and_prevention
A/Utah/46/2019-egg	utah_department_of_health	centers_for_disease_control_and_prevention
A/Nigeria/4669/2020	ncdc_public_health_reference_laboratory	centers_for_disease_control_and_prevention
A/Nigeria/4568/2020	ncdc_public_health_reference_laboratory	centers_for_disease_control_and_prevention
A/Nigeria/4591/2020	ncdc_public_health_reference_laboratory	centers_for_disease_control_and_prevention
A/Nigeria/4666/2020	ncdc_public_health_reference_laboratory	centers_for_disease_control_and_prevention
A/Nigeria/4582/2020	ncdc_public_health_reference_laboratory	centers_for_disease_control_and_prevention
A/Togo/319/2021	institute_national_d'hygiene	centers_for_disease_control_and_prevention
A/Guam/9875/2019	u.s._air_force_school_of_aerospace_medicine_	u.s._air_force_school_of_aerospace_medicine
A/Singapore/KK0264/2020	ministry_of_health,_singapore	ministry_of_health,_singapore
A/SouthKorea/11242/2020	u.s._air_force_school_of_aerospace_medicine_	u.s._air_force_school_of_aerospace_medicine
A/SouthKorea/10852/2019	u.s._air_force_school_of_aerospace_medicine_	u.s._air_force_school_of_aerospace_medicine
A/SouthKorea/11244/2020	u.s._air_force_school_of_aerospace_medicine_	u.s._air_force_school_of_aerospace_medicine
A/SouthKorea/11253/2020	u.s._air_force_school_of_aerospace_medicine_	u.s._air_force_school_of_aerospace_medicine
A/Kanagawa/ZC1941/2020	national_institute_of_infectious_diseases_(niid)	national_institute_of_infectious_diseases_(niid)
A/Lao/753/2020	national_center_for_laboratory_and_epidemiology	centers_for_disease_control_and_prevention
A/Kanagawa/ZC1952/2020	national_institute_of_infectious_diseases_(niid)	national_institute_of_infectious_diseases_(niid)
A/NewCaledonia/3/2020	institut_pasteur_new_caledonia	who_collaborating_centre_for_reference_and_research_on_influenza
A/SouthKorea/10869/2019	u.s._air_force_school_of_aerospace_medicine_	u.s._air_force_school_of_aerospace_medicine
A/SouthKorea/10339/2019	u.s._air_force_school_of_aerospace_medicine_	u.s._air_force_school_of_aerospace_medicine
A/NewCaledonia/4/2020	institut_pasteur_new_caledonia	who_collaborating_centre_for_reference_and_research_on_influenza
A/Fukushima/37/2020	fukushima_prefectural_institute_of_public_health	national_institute_of_infectious_diseases_(niid)
A/Tasmania/505/2020	hobart_pathology	who_collaborating_centre_for_reference_and_research_on_influenza
A/Niger/8965/2021	centre_de_recherche_medicale_et_sanitaire_(cermes)	centers_for_disease_control_and_prevention
A/Niger/8327/2020	centre_de_recherche_medicale_et_sanitaire_(cermes)	centers_for_disease_control_and_prevention
A/Niger/8661/2020	centre_de_recherche_medicale_et_sanitaire_(cermes)	centers_for_disease_control_and_prevention
A/Niger/8677/2021-egg	centre_de_recherche_medicale_et_sanitaire_(cermes)	centers_for_disease_control_and_prevention
A/Niger/8677/2021	centre_de_recherche_medicale_et_sanitaire_(cermes)	centers_for_disease_control_and_prevention
A/Togo/845/2020	institute_national_d'hygiene	centers_for_disease_control_and_prevention
A/Togo/881/2020-egg	institute_national_d'hygiene	centers_for_disease_control_and_prevention
A/Togo/881/2020	institute_national_d'hygiene	centers_for_disease_control_and_prevention
A/Togo/865/2020	institute_national_d'hygiene	centers_for_disease_control_and_prevention
A/Togo/869/2020	institute_national_d'hygiene	centers_for_disease_control_and_prevention
A/Togo/837/2020-egg	institute_national_d'hygiene	centers_for_disease_control_and_prevention
A/Togo/837/2020	institute_national_d'hygiene	centers_for_disease_control_and_prevention
A/Niger/8306/2020	centre_de_recherche_medicale_et_sanitaire_(cermes)	centers_for_disease_control_and_prevention
A/Togo/93/2021	institute_national_d'hygiene	centers_for_disease_control_and_prevention
A/Niger/8731/2021-egg	centre_de_recherche_medicale_et_sanitaire_(cermes)	centers_for_disease_control_and_prevention
A/Niger/8731/2021	centre_de_recherche_medicale_et_sanitaire_(cermes)	centers_for_disease_control_and_prevention
A/Nigeria/5072/2020	ncdc_public_health_reference_laboratory	centers_for_disease_control_and_prevention
A/Togo/119/2021	institute_national_d'hygiene	centers_for_disease_control_and_prevention
A/Togo/152/2021	institute_national_d'hygiene	centers_for_disease_control_and_prevention
A/Togo/217/2021	institute_national_d'hygiene	centers_for_disease_control_and_prevention
A/Mozambique/6608/2022	laboratório_de_isolamento_viral	centers_for_disease_control_and_prevention
A/Zambia/9265/2022	university_teaching_hospital,_moh_zambia	centers_for_disease_control_and_prevention
A/Zambia/9238/2022	university_teaching_hospital,_moh_zambia	centers_for_disease_control_and_prevention
A/Zambia/7381/2022	university_teaching_hospital,_moh_zambia	centers_for_disease_control_and_prevention
A/Zambia/5201/2022	university_teaching_hospital,_moh_zambia	centers_for_disease_control_and_prevention
A/SouthAfrica/R05558/2022	national_institute_for_communicable_disease	who_collaborating_centre_for_reference_and_research_on_influenza
A/Mozambique/712/2023	laboratório_de_isolamento_viral	centers_for_disease_control_and_prevention
A/Mozambique/7325/2022	laboratório_de_isolamento_viral	centers_for_disease_control_and_prevention
A/Paris/9224/2022	institut_pasteur	institut_pasteur
A/Paris/9216/2022	institut_pasteur	institut_pasteur
A/Paris/9228/2022	institut_pasteur	institut_pasteur
A/Paris/9210/2022	institut_pasteur	institut_pasteur
A/IleDeFrance/52132/2021	institut_pasteur	institut_pasteur
A/Paris/9223/2022	institut_pasteur	institut_pasteur
A/Lyon/764/2021	cnr_virus_des_infections_respiratoires___france_sud	crick_worldwide_influenza_centre
A/Netherlands/11637/2022	academic_medical_center,_university_of_amsterdam	national_institute_for_public_health_and_the_environment_(rivm)
A/Sydney/866/2022	childrens_hospital_westmead	who_collaborating_centre_for_reference_and_research_on_influenza
A/Sydney/877/2022	childrens_hospital_westmead	who_collaborating_centre_for_reference_and_research_on_influenza
A/Luxembourg/LNS6227624/2022	laboratoire_national_de_santé_	laboratoire_national_de_sant?
A/Centre/50421/2021	institut_pasteur	institut_pasteur
A/NordPasDeCalais/50101/2021	institut_pasteur	institut_pasteur
A/Paris/50426/2021	institut_pasteur	institut_pasteur
A/Serbia/2364/2022	institute_of_immunology_and_virology_torlak	centers_for_disease_control_and_prevention
A/Luxembourg/LNS5609449/2022	laboratoire_national_de_santé_	laboratoire_national_de_sant?
A/Serbia/3697/2021	institute_of_immunology_and_virology_torlak	centers_for_disease_control_and_prevention
A/Lorraine/28657/2022	institut_pasteur	institut_pasteur
A/Argentina/2411/2022	intituto_nacional_de_epidemiologia	centers_for_disease_control_and_prevention
A/Argentina/2537/2022	intituto_nacional_de_epidemiologia	centers_for_disease_control_and_prevention
A/Argentina/2491/2022	intituto_nacional_de_epidemiologia	centers_for_disease_control_and_prevention
A/Parana/30374/2022	laboratório_central_do_estado_do_paraná___lacen/pr	instituto_oswaldo_cruz_fiocruz___laboratory_of_respiratory_viruses_and_measles_(lvrs)
A/Brazil/556/2022	instituto_adolfo_lutz	centers_for_disease_control_and_prevention
A/SaoPaulo/4448/2023	university_of_são_paulo	instituto_oswaldo_cruz_fiocruz___laboratory_of_respiratory_viruses_and_measles_(lvrs)
A/RioGrandeDoSul/4050/2023	instituto_oswaldo_cruz_fiocruz___laboratory_of_respiratory_viruses_and_measles_(lvrs)	centers_for_disease_control_and_prevention
A/Bolivia/3003/2022	instituto_nacional_de_laboratoriosde_salud_(inlasa)	centers_for_disease_control_and_prevention
A/Argentina/2380/2022	intituto_nacional_de_epidemiologia	centers_for_disease_control_and_prevention
A/SouthCarolina/3/2023	south_carolina_department_of_health	centers_for_disease_control_and_prevention
A/Santiago/121924/2022	instituto_de_salud_publica_de_chile	instituto_de_salud_publica
A/Darwin/123/2018-egg	influenza_surveillance_centre_for_disease_control	centers_for_disease_control_and_prevention
A/Darwin/21/2018	influenza_surveillance_centre_for_disease_control	who_collaborating_centre_for_reference_and_research_on_influenza
A/Bhutan/860/2019	royal_centre_for_disease_control	centers_for_disease_control_and_prevention
A/Cwmbran/4014/2018	public_health_wales_microbiology_cardiff	public_health_wales_microbiology_cardiff
A/Bhutan/52/2019	royal_centre_for_disease_control	centers_for_disease_control_and_prevention
A/Moscow/165/2019	ivanovsky_research_institute_of_virology_rams	centers_for_disease_control_and_prevention
A/Bhutan/138/2019	royal_centre_for_disease_control	centers_for_disease_control_and_prevention
A/Bangladesh/1190513034/2019	icddr,b_international_centre_for_diarrhoeal_disease_research,_bangladesh	centers_for_disease_control_and_prevention
A/Singapore/GP1149/2019	ministry_of_health,_singapore	ministry_of_health,_singapore
A/Bangladesh/3048/2019	icddr,b_international_centre_for_diarrhoeal_disease_research,_bangladesh	centers_for_disease_control_and_prevention
A/Bangladesh/3190503026/2019	icddr,b_international_centre_for_diarrhoeal_disease_research,_bangladesh	centers_for_disease_control_and_prevention
A/Bangladesh/3190804001/2019	icddr,b_international_centre_for_diarrhoeal_disease_research,_bangladesh	centers_for_disease_control_and_prevention
A/Bangladesh/7190613010/2019	icddr,b_international_centre_for_diarrhoeal_disease_research,_bangladesh	centers_for_disease_control_and_prevention
A/Bangladesh/32/2019	institute_of_epidemiology_disease_control_and_research_(iedcr)_&_bangladesh_national_influenza_centre_(nic)	centers_for_disease_control_and_prevention
A/Bhutan/111/2019	royal_centre_for_disease_control	centers_for_disease_control_and_prevention
A/Bangladesh/3009/2019	icddr,b_international_centre_for_diarrhoeal_disease_research,_bangladesh	centers_for_disease_control_and_prevention
A/Madagascar/560/2020	institut_pasteur_de_madagascar	centers_for_disease_control_and_prevention
A/Madagascar/5333/2019	institut_pasteur_de_madagascar	centers_for_disease_control_and_prevention
A/Madagascar/4681/2019	institut_pasteur_de_madagascar	centers_for_disease_control_and_prevention
A/Bangladesh/3190714009/2019	icddr,b_international_centre_for_diarrhoeal_disease_research,_bangladesh	centers_for_disease_control_and_prevention
A/Bangladesh/1190610014/2019	icddr,b_international_centre_for_diarrhoeal_disease_research,_bangladesh	centers_for_disease_control_and_prevention
A/Bangladesh/3190613003/2019	icddr,b_international_centre_for_diarrhoeal_disease_research,_bangladesh	centers_for_disease_control_and_prevention
A/Bangladesh/3044/2019	icddr,b_international_centre_for_diarrhoeal_disease_research,_bangladesh	centers_for_disease_control_and_prevention
A/Bangladesh/4021/2019	icddr,b_international_centre_for_diarrhoeal_disease_research,_bangladesh	centers_for_disease_control_and_prevention
A/Bangladesh/3190714022/2019	icddr,b_international_centre_for_diarrhoeal_disease_research,_bangladesh	centers_for_disease_control_and_prevention
A/Nigeria/4098/2019	ncdc_public_health_reference_laboratory	centers_for_disease_control_and_prevention
A/StPetersburg/RII-3915S/2020	research_institute_of_influenza,_ministry_of_healthcare_of_the_russian_federation	who_national_influenza_centre_russian_federation
A/Singapore/KK0441/2020	ministry_of_health,_singapore	ministry_of_health,_singapore
A/Bhutan/158/2019	royal_centre_for_disease_control	centers_for_disease_control_and_prevention
A/Bangkok/31/2020	who_national_influenza_centre,_national_institute_of_medical_research_(nimr)	who_collaborating_centre_for_reference_and_research_on_influenza
A/Lao/855/2020	national_center_for_laboratory_and_epidemiology	centers_for_disease_control_and_prevention
A/StPetersburg/RII-864S/2020	research_institute_of_influenza,_ministry_of_healthcare_of_the_russian_federation	who_national_influenza_centre_russian_federation
A/Lao/684/2020	national_center_for_laboratory_and_epidemiology	centers_for_disease_control_and_prevention
A/Cambodia/FSS42865/2020	institute_pasteur_du_cambodia	who_collaborating_centre_for_reference_and_research_on_influenza
A/Singapore/CGH0010/2020	ministry_of_health,_singapore	ministry_of_health,_singapore
A/Perth/34/2020	pathwest_qe_ii_medical_centre	who_collaborating_centre_for_reference_and_research_on_influenza
A/StPetersburg/RII-3274S/2020	research_institute_of_influenza,_ministry_of_healthcare_of_the_russian_federation	who_national_influenza_centre_russian_federation
A/StPetersburg/RII-2429S/2020	research_institute_of_influenza,_ministry_of_healthcare_of_the_russian_federation	who_national_influenza_centre_russian_federation
A/Brazil/6115/2020	instituto_adolfo_lutz	centers_for_disease_control_and_prevention
A/SaoPaulo/IAL/C5013/2020	instituto_adolfo_lutz___regional_de_santo_andre	instituto_adolfo_lutz
A/Iowa/1/2021	iowa_state_hygienic_laboratory	centers_for_disease_control_and_prevention
A/NorthCarolina/1/2021-egg	north_carolina_state_laboratory_of_public_health	centers_for_disease_control_and_prevention
A/NorthCarolina/1/2021	north_carolina_state_laboratory_of_public_health	centers_for_disease_control_and_prevention
A/Argentina/69/2020	instituto_nacional_de_enfermedades_infecciosas	centers_for_disease_control_and_prevention
A/Perth/42/2020	pathwest_qe_ii_medical_centre	who_collaborating_centre_for_reference_and_research_on_influenza
A/Victoria/101/2020	alfred_hospital	who_collaborating_centre_for_reference_and_research_on_influenza
A/Washington/S26927/2020	the_brotman_baty_institute_for_precision_medicine	
A/Bolivia/1074/2020	instituto_nacional_de_laboratoriosde_salud_(inlasa)	centers_for_disease_control_and_prevention
A/Bolivia/245/2020	instituto_nacional_de_laboratoriosde_salud_(inlasa)	centers_for_disease_control_and_prevention
A/Bolivia/219/2020	instituto_nacional_de_laboratoriosde_salud_(inlasa)	centers_for_disease_control_and_prevention
A/Hessen/18/2020	robert_koch_institute_nationales_referenzzentrum_für_influenza	robert_koch_institute_nationales_referenzzentrum_f?r_influenza
A/Florida/10148/2019	u.s._air_force_school_of_aerospace_medicine_	u.s._air_force_school_of_aerospace_medicine
A/Sydney/16/2020	childrens_hospital_westmead	who_collaborating_centre_for_reference_and_research_on_influenza
A/Victoria/105/2020	alfred_hospital	who_collaborating_centre_for_reference_and_research_on_influenza
A/Jamaica/2950/2020	university_of_the_west_indies	centers_for_disease_control_and_prevention
A/Belgium/IS0411/2020	sciensano	sciensano
A/India/965/2020	national_institute_of_virology	centers_for_disease_control_and_prevention
A/Victoria/1/2020-egg	royal_chidrens_hospital	centers_for_disease_control_and_prevention
A/Singapore/NUH0216/2020	ministry_of_health,_singapore	ministry_of_health,_singapore
A/Bhutan/1627/2020	royal_centre_for_disease_control	centers_for_disease_control_and_prevention
A/Bhutan/1142/2020	royal_centre_for_disease_control	centers_for_disease_control_and_prevention
A/Bhutan/1629/2020	royal_centre_for_disease_control	centers_for_disease_control_and_prevention
A/Bhutan/1623/2020	royal_centre_for_disease_control	centers_for_disease_control_and_prevention
A/Singapore/NUH0149/2020	ministry_of_health,_singapore	ministry_of_health,_singapore
A/England/201160924/2020	uk_health_security_agency___colindale	uk_health_security_agency___colindale
A/Arkansas/8/2020-egg	arkansas_department_of_health	centers_for_disease_control_and_prevention
A/Bangladesh/640/2020	institute_of_epidemiology_disease_control_and_research_(iedcr)_&_bangladesh_national_influenza_centre_(nic)	centers_for_disease_control_and_prevention
A/SouthAustralia/11/2020	institute_of_medical_and_veterinary_science_(imvs)	who_collaborating_centre_for_reference_and_research_on_influenza
A/Victoria/117/2020	alfred_hospital	who_collaborating_centre_for_reference_and_research_on_influenza
A/Singapore/MOH0009/2020	ministry_of_health,_singapore	ministry_of_health,_singapore
A/StPetersburg/RII-1217S/2020	research_institute_of_influenza,_ministry_of_healthcare_of_the_russian_federation	who_national_influenza_centre_russian_federation
A/India/619/2020	national_institute_of_virology	centers_for_disease_control_and_prevention
A/Kanagawa/IC1920/2020-egg	national_institute_of_infectious_diseases_(niid)	centers_for_disease_control_and_prevention
A/Kanagawa/IC1920/2020	national_institute_of_infectious_diseases_(niid)	centers_for_disease_control_and_prevention
A/Delaware/55/2019	delaware_public_health_lab	centers_for_disease_control_and_prevention
A/SriLanka/42/2020	medical_research_institute	who_collaborating_centre_for_reference_and_research_on_influenza
A/Fukushima/34/2020	fukushima_prefectural_institute_of_public_health	national_institute_of_infectious_diseases_(niid)
A/Suriname/301/2020	central_laboratory,_bureau_of_public_health	centers_for_disease_control_and_prevention
A/Illinois/13/2020	indiana_state_department_of_health_laboratories	centers_for_disease_control_and_prevention
A/Washington/S26812/2020	the_brotman_baty_institute_for_precision_medicine	
A/Sydney/12/2020	childrens_hospital_westmead	who_collaborating_centre_for_reference_and_research_on_influenza
A/Canberra/72/2020	canberra_hospital	who_collaborating_centre_for_reference_and_research_on_influenza
A/Guangdong-Maonan/SWL197/2020	who_chinese_national_influenza_center	who_collaborating_centre_for_reference_and_research_on_influenza
A/NewCaledonia/2/2020	institut_pasteur_new_caledonia	who_collaborating_centre_for_reference_and_research_on_influenza
A/Fujian-Fengze/SWL11027/2020	who_chinese_national_influenza_center	who_chinese_national_influenza_center
A/Victoria/3/2020-egg	royal_chidrens_hospital	centers_for_disease_control_and_prevention
A/Gunma/37/2020	gunma_prefectural_institute_of_public_health_and_environmental_sciences	national_institute_of_infectious_diseases_(niid)
A/Singapore/GP0316/2020	ministry_of_health,_singapore	ministry_of_health,_singapore
A/Singapore/GP0181/2020	ministry_of_health,_singapore	ministry_of_health,_singapore
A/SouthKorea/11235/2020	u.s._air_force_school_of_aerospace_medicine_	u.s._air_force_school_of_aerospace_medicine
A/HongKong/4394/2019-egg	government_virus_unit	centers_for_disease_control_and_prevention
A/Vietnam/Vnhcm-Vp27/2020	pasteur_institute,_influenza_laboratory	centers_for_disease_control_and_prevention
A/SouthKorea/11248/2020	u.s._air_force_school_of_aerospace_medicine_	u.s._air_force_school_of_aerospace_medicine
A/SouthKorea/11640/2020	u.s._air_force_school_of_aerospace_medicine_	u.s._air_force_school_of_aerospace_medicine
A/Darwin/99/2020	influenza_surveillance_centre_for_disease_control	who_collaborating_centre_for_reference_and_research_on_influenza
A/Delaware/55/2019-egg	delaware_public_health_lab	centers_for_disease_control_and_prevention
A/Alagoas/257/2020	instituto_oswaldo_cruz_fiocruz___laboratory_of_respiratory_viruses_and_measles_(lvrs)	centers_for_disease_control_and_prevention
A/Guangdong-Maonan/197/2020	who_chinese_national_influenza_center	centers_for_disease_control_and_prevention
A/Bangladesh/1368/2020	institute_of_epidemiology_disease_control_and_research_(iedcr)_&_bangladesh_national_influenza_centre_(nic)	centers_for_disease_control_and_prevention
A/SouthKorea/12025/2020	u.s._air_force_school_of_aerospace_medicine_	u.s._air_force_school_of_aerospace_medicine
A/Bourgogne/883/2020	institut_pasteur	institut_pasteur
A/NorthCarolina/7/2020	north_carolina_state_laboratory_of_public_health	centers_for_disease_control_and_prevention
A/Nigeria/4647/2020	ncdc_public_health_reference_laboratory	centers_for_disease_control_and_prevention
A/Japan/11995/2020	u.s._air_force_school_of_aerospace_medicine_	u.s._air_force_school_of_aerospace_medicine
A/StPetersburg/RII-2327S/2020	research_institute_of_influenza,_ministry_of_healthcare_of_the_russian_federation	who_national_influenza_centre_russian_federation
A/Sydney/35/2020	childrens_hospital_westmead	who_collaborating_centre_for_reference_and_research_on_influenza
A/Arkansas/8/2020	arkansas_department_of_health	centers_for_disease_control_and_prevention
A/Belgium/IS0468/2020	sciensano	sciensano
A/Singapore/GP0268/2020	ministry_of_health,_singapore	ministry_of_health,_singapore
A/Guangdong-Maonan/197/2020-egg	who_chinese_national_influenza_center	centers_for_disease_control_and_prevention
A/Nigeria/4636/2020	ncdc_public_health_reference_laboratory	centers_for_disease_control_and_prevention
A/Niigata/145/2020	niigata_prefectural_institute_of_public_health_and_environmental_sciences	national_institute_of_infectious_diseases_(niid)
A/Mississippi/10/2020-egg	mississippi_public_health_laboratory	centers_for_disease_control_and_prevention
A/Mississippi/10/2020	mississippi_public_health_laboratory	centers_for_disease_control_and_prevention
A/Utsunomiya/232/2020	utsunomiya_city_institute_of_public_health_and_environment_science	national_institute_of_infectious_diseases_(niid)
A/India/CT-AIIMSR-513/2022	import_from_public_domain	
A/India/CT-AIIMSR-393/2022	import_from_public_domain	
A/India/CT-AIIMSR-557/2022	import_from_public_domain	
A/India/CT-AIIMSR-508/2022	import_from_public_domain	
A/India/CT-AIIMSR-434/2022	import_from_public_domain	
A/India/CT-AIIMSR-292/2022	import_from_public_domain	
A/Togo/103/2021	institute_national_d'hygiene	centers_for_disease_control_and_prevention
A/CoteDIvoire/1801/2021	pasteur_institut_of_côte_d'ivoire	centers_for_disease_control_and_prevention
A/France/GIHSN022199024101/2021	cnr_virus_des_infections_respiratoires___france_sud	cnr_virus_des_infections_respiratoires,_france_sud
A/Senegal/MagalIR08/2021	import_from_public_domain	
A/Chambery/898/2021	cnr_virus_des_infections_respiratoires___france_sud	crick_worldwide_influenza_centre
A/Lyon/CHU/R2182695/2021	cnr_virus_des_infections_respiratoires___france_sud	crick_worldwide_influenza_centre
A/CoteDIvoire/1501/2021	pasteur_institut_of_côte_d'ivoire	centers_for_disease_control_and_prevention
A/CoteDIvoire/1618/2021	pasteur_institut_of_côte_d'ivoire	centers_for_disease_control_and_prevention
A/CoteDIvoire/1855/2021	pasteur_institut_of_côte_d'ivoire	centers_for_disease_control_and_prevention
A/Togo/1134/2021	institute_national_d'hygiene	centers_for_disease_control_and_prevention
A/Togo/218/2021	institute_national_d'hygiene	centers_for_disease_control_and_prevention
A/Stockholm/23/2021	klinisk_mikrobiologi,_viruslab_huddinge,__karolinska_universitetslaboratoriet_karolinska_universitetssjukhuset	public_health_agency_of_sweden
A/Denmark/55/2021	statens_serum_institute	statens_serum_institute
A/NorthCarolina/2/2021-egg	north_carolina_state_laboratory_of_public_health	centers_for_disease_control_and_prevention
A/Senegal/MagalIR42/2021	import_from_public_domain	
A/Rouen/41246/2021	institut_pasteur	institut_pasteur
A/Senegal/MagalP107/2021	import_from_public_domain	
A/Dakar/4/2021	institut_pasteur_de_dakar__	crick_worldwide_influenza_centre
A/Lyon/820/2021-egg	cnr_virus_des_infections_respiratoires___france_sud	centers_for_disease_control_and_prevention
A/NorthCarolina/2/2021	north_carolina_state_laboratory_of_public_health	centers_for_disease_control_and_prevention
A/France/ARA-HCL021203990401/2021	cnr_virus_des_infections_respiratoires___france_sud	cnr_virus_des_infections_respiratoires,_france_sud
A/Paris/49507/2021	institut_pasteur	institut_pasteur
A/Lyon/820/2021	cnr_virus_des_infections_respiratoires___france_sud	crick_worldwide_influenza_centre
A/Niger/8873/2021	centre_de_recherche_medicale_et_sanitaire_(cermes)	centers_for_disease_control_and_prevention
A/Nigeria/5988/2021	ncdc_public_health_reference_laboratory	centers_for_disease_control_and_prevention
A/Maine/1/2021-egg	maine_health_and_environmental_testing_laboratory	centers_for_disease_control_and_prevention
A/Maine/1/2021	maine_health_and_environmental_testing_laboratory	centers_for_disease_control_and_prevention
A/Newcastle/39/2022-egg	john_hunter_hospital	centers_for_disease_control_and_prevention
A/SouthAfrica/R14872/2021	national_institute_for_communicable_diseases_(nicd)	national_institute_for_communicable_diseases_(nicd)
A/Pennsylvania/2/2021	pennsylvania_department_of_health	centers_for_disease_control_and_prevention
A/Nigeria/6098/2021	ncdc_public_health_reference_laboratory	centers_for_disease_control_and_prevention
A/SouthAfrica/13996/2021	national_institute_for_communicable_disease	who_collaborating_centre_for_reference_and_research_on_influenza
A/Alsace/48917/2021	institut_pasteur	institut_pasteur
A/Wisconsin/14/2021	wisconsin_state_laboratory_of_hygiene	centers_for_disease_control_and_prevention
A/SouthAfrica/R00164/2022	national_institute_for_communicable_diseases_(nicd)	national_institute_for_communicable_diseases_(nicd)
A/SouthAfrica/R04218/2022	national_institute_for_communicable_diseases_(nicd)	who_collaborating_centre_for_reference_and_research_on_influenza
A/Kenya/134/2022	cdc_kenya	centers_for_disease_control_and_prevention
A/Kenya/168/2022	cdc_kenya	centers_for_disease_control_and_prevention
A/Kenya/178/2022	cdc_kenya	centers_for_disease_control_and_prevention
A/Kenya/179/2022	cdc_kenya	centers_for_disease_control_and_prevention
A/England/214080971/2021	microbiology_services_colindale,_public_health_england	microbiology_services_colindale,_public_health_england
A/SouthAfrica/R15060/2021	national_institute_for_communicable_diseases_(nicd)	national_institute_for_communicable_diseases_(nicd)
A/Alsace/48918/2021	institut_pasteur	institut_pasteur
A/Ohio/3/2021	ohio_department_of_health_laboratories	centers_for_disease_control_and_prevention
A/SouthAfrica/R16902/2021	national_institute_for_communicable_diseases_(nicd)	national_institute_for_communicable_diseases_(nicd)
A/Ohio/3/2021-egg	ohio_department_of_health_laboratories	centers_for_disease_control_and_prevention
A/SouthAfrica/R07390/2022	national_institute_for_communicable_disease	centers_for_disease_control_and_prevention
A/Delaware/49/2022	delaware_public_health_lab	centers_for_disease_control_and_prevention
A/California/190/2022	california_department_of_health_services	centers_for_disease_control_and_prevention
A/Abudhabi/700/2023	reference_laboratory_for_infectious_disease_(surveillance_lab)	sheikh_khalifa_medical_city_(skmc)
A/Tasmania/114/2023	royal_hobart_hospital	who_collaborating_centre_for_reference_and_research_on_influenza
A/Canberra/77/2023	canberra_hospital	who_collaborating_centre_for_reference_and_research_on_influenza
A/RioDeJaneiro/5482/2023	laboratório_central_de_saúde_pública_(lacen_rj)	instituto_oswaldo_cruz_fiocruz___laboratory_of_respiratory_viruses_and_measles_(lvrs)
A/Victoria/2570/2019	alfred_hospital	centers_for_disease_control_and_prevention
A/Singapore/NTF0093/2019	ministry_of_health,_singapore	ministry_of_health,_singapore
A/Victoria/92/2020	alfred_hospital	who_collaborating_centre_for_reference_and_research_on_influenza
A/India/616/2020	national_institute_of_virology	centers_for_disease_control_and_prevention
A/Bangladesh/10008/2020	icddr,b_international_centre_for_diarrhoeal_disease_research,_bangladesh	centers_for_disease_control_and_prevention
A/India/3978/2020	national_institute_of_virology	centers_for_disease_control_and_prevention
A/Tasmania/510/2020	hobart_pathology	who_collaborating_centre_for_reference_and_research_on_influenza
A/India/9992/2020	national_institute_of_virology	centers_for_disease_control_and_prevention
A/India/233/2020	national_institute_of_virology	centers_for_disease_control_and_prevention
A/Bhutan/312/2020	royal_centre_for_disease_control	centers_for_disease_control_and_prevention
A/Omsk/14/2020	"fbuz_""center_hyhiene_and_epidemiology"""	who_national_influenza_centre_russian_federation
A/Niigata/458/2020	niigata_prefectural_institute_of_public_health_and_environmental_sciences	national_institute_of_infectious_diseases_(niid)
A/Victoria/116/2020	alfred_hospital	who_collaborating_centre_for_reference_and_research_on_influenza
A/Iowa/14/2020-egg	iowa_state_hygienic_laboratory	centers_for_disease_control_and_prevention
A/Washington/60/2020	marshfield_clinic_research_foundation	centers_for_disease_control_and_prevention
A/Christchurch/503/2020	canterbury_health_services	who_collaborating_centre_for_reference_and_research_on_influenza
A/BritishVirginIslands/7306/2020	caribbean_epidemiology_center	centers_for_disease_control_and_prevention
A/Sweden/69/2020	public_health_agency_of_sweden	public_health_agency_of_sweden
A/Indiana/2/2020	indiana_state_department_of_health_laboratories	centers_for_disease_control_and_prevention
A/StPetersburg/RII-3484S/2020	research_institute_of_influenza,_ministry_of_healthcare_of_the_russian_federation	who_national_influenza_centre_russian_federation
A/StPetersburg/RII-1804S/2020	research_institute_of_influenza,_ministry_of_healthcare_of_the_russian_federation	who_national_influenza_centre_russian_federation
A/Nevada/12/2020	nevada_state_health_laboratory	centers_for_disease_control_and_prevention
A/Indiana/2/2020-egg	indiana_state_department_of_health_laboratories	centers_for_disease_control_and_prevention
A/Japan/11556/2020	u.s._air_force_school_of_aerospace_medicine_	u.s._air_force_school_of_aerospace_medicine
A/Sydney/26/2020	childrens_hospital_westmead	who_collaborating_centre_for_reference_and_research_on_influenza
A/India/4033/2020	national_institute_of_virology	centers_for_disease_control_and_prevention
A/Guam/11123/2020	u.s._air_force_school_of_aerospace_medicine_	u.s._air_force_school_of_aerospace_medicine
A/California/17/2020-egg	california_department_of_health_services	centers_for_disease_control_and_prevention
A/California/17/2020	california_department_of_health_services	centers_for_disease_control_and_prevention
A/Iowa/14/2020	iowa_state_hygienic_laboratory	centers_for_disease_control_and_prevention
A/Utah/14/2020	utah_department_of_health	centers_for_disease_control_and_prevention
A/Tasmania/507/2020	hobart_pathology	who_collaborating_centre_for_reference_and_research_on_influenza
A/Bangladesh/1691/2021	institute_of_epidemiology_disease_control_and_research_(iedcr)_&_bangladesh_national_influenza_centre_(nic)	centers_for_disease_control_and_prevention
A/Bangladesh/2225/2021	institute_of_epidemiology_disease_control_and_research_(iedcr)_&_bangladesh_national_influenza_centre_(nic)	centers_for_disease_control_and_prevention
A/Darwin/106/2022	royal_darwin_hospital	who_collaborating_centre_for_reference_and_research_on_influenza
A/Darwin/97/2022	royal_darwin_hospital	who_collaborating_centre_for_reference_and_research_on_influenza
A/Darwin/220/2022	royal_darwin_hospital	who_collaborating_centre_for_reference_and_research_on_influenza
A/Darwin/7/2022	royal_darwin_hospital	who_collaborating_centre_for_reference_and_research_on_influenza
A/Darwin/366/2022	royal_darwin_hospital	who_collaborating_centre_for_reference_and_research_on_influenza
A/Darwin/152/2022	royal_darwin_hospital	who_collaborating_centre_for_reference_and_research_on_influenza
A/Darwin/486/2022	royal_darwin_hospital	who_collaborating_centre_for_reference_and_research_on_influenza
A/Darwin/126/2022	royal_darwin_hospital	who_collaborating_centre_for_reference_and_research_on_influenza
A/Darwin/350/2022	royal_darwin_hospital	who_collaborating_centre_for_reference_and_research_on_influenza
A/Bangladesh/2058/2021	institute_of_epidemiology_disease_control_and_research_(iedcr)_&_bangladesh_national_influenza_centre_(nic)	centers_for_disease_control_and_prevention
A/NewYork/PV20745/2021	icahn_school_of_medicine_at_mount_sinai	icahn_school_of_medicine_at_mount_sinai
A/NewYork/PV20765/2021	icahn_school_of_medicine_at_mount_sinai	icahn_school_of_medicine_at_mount_sinai
A/India/Pune-NIVCOV2220295/2022	icmr_national_institute_of_virology	icmr_national_institute_of_virology
A/India/Pun-NIVSARI1491/2022	icmr_national_institute_of_virology	icmr_national_institute_of_virology
A/Vietnam/220/2023	pasteur_institute,_influenza_laboratory	centers_for_disease_control_and_prevention
A/Victoria/424/2023	austin_health	who_collaborating_centre_for_reference_and_research_on_influenza
A/Washington/22/2023	washington_state_public_health_laboratory	centers_for_disease_control_and_prevention
A/Victoria/682/2023	monash_medical_centre	who_collaborating_centre_for_reference_and_research_on_influenza
A/Victoria/1438/2023	austin_health	who_collaborating_centre_for_reference_and_research_on_influenza
A/Saskatchewan/RV00261/2022	national_microbiology_laboratory,_public_health_agency_of_canada_(phac)	centers_for_disease_control_and_prevention
A/Maldives/761/2022	ministry_of_health	centers_for_disease_control_and_prevention
A/India/Pune-NIVCoV343442/2021	icmr_national_institute_of_virology	icmr_national_institute_of_virology
A/Connecticut/1/2021	connecticut_department._of_public_health	centers_for_disease_control_and_prevention
A/Denmark/18/2021	statens_serum_institute	statens_serum_institute
A/AbuDhabi/3420357/2021	shaikh_khalifa_medical_city	centers_for_disease_control_and_prevention
A/Michigan/19/2021	michigan_department_of_community_health	centers_for_disease_control_and_prevention
A/AlMusannah/72128568/2021	central_public_health_laboratory,_ministry_of_health	crick_worldwide_influenza_centre
A/AlMusannah/72127182/2021	central_public_health_laboratory,_ministry_of_health	crick_worldwide_influenza_centre
A/England/221900319/2022	uk_health_security_agency___colindale	uk_health_security_agency___colindale
A/England/221300301/2022	uk_health_security_agency___colindale	uk_health_security_agency___colindale
A/Victoria/2191/2022	monash_medical_centre	who_collaborating_centre_for_reference_and_research_on_influenza
A/Victoria/3675/2022	monash_medical_centre	who_collaborating_centre_for_reference_and_research_on_influenza
A/India/PUN-NIV319825/2021	national_institute_of_virology	centers_for_disease_control_and_prevention
A/Florida/86/2022	florida_department_of_health_tampa	centers_for_disease_control_and_prevention
A/Singapore/SAR50645/2022	ministry_of_health,_singapore	ministry_of_health,_singapore
A/Bhutan/1223/2022	royal_centre_for_disease_control	centers_for_disease_control_and_prevention
A/Brazil/7234/2022	instituto_adolfo_lutz	centers_for_disease_control_and_prevention
A/Amazonas/2022-021110-IEC/2022	national_influenza_center	centers_for_disease_control_and_prevention
A/India/CT-AIIMSR-414/2022	import_from_public_domain	
A/India/Pune-Nivsari_22_884/2022	national_institute_of_virology	centers_for_disease_control_and_prevention
A/Singapore/GP6591/2022	ministry_of_health,_singapore	ministry_of_health,_singapore
A/Singapore/GP6589/2022	ministry_of_health,_singapore	ministry_of_health,_singapore
A/India/Pune-NIVSARI_22_467/2022	icmr_national_institute_of_virology	icmr_national_institute_of_virology
A/NorthCarolina/RVTNL7443859174196/2022	vanderbilt_university_medical_center	university_of_michigan
A/India/2290/2022	national_institute_of_virology	centers_for_disease_control_and_prevention
A/India/GIHSN-HCL023020821101/2023	sher_i_kashmir_institute_of_medical_sciences	cnr_virus_des_infections_respiratoires,_france_sud
A/Nepal/22FL2393/2022	national_public_health_laboratory	national_institute_of_infectious_diseases_(niid)
A/Cambodia/KVH220124/2022	national_institute_of_public_health	national_institute_of_public_health
A/Bangladesh/1018/2021	icddr,b_international_centre_for_diarrhoeal_disease_research,_bangladesh	centers_for_disease_control_and_prevention
A/Sydney/5/2021	who_collaborating_centre_for_reference_and_research_on_influenza	crick_worldwide_influenza_centre
A/Sydney/5/2021-egg	who_collaborating_centre_for_reference_and_research_on_influenza	crick_worldwide_influenza_centre
A/Bangladesh/8002/2021	icddr,b_international_centre_for_diarrhoeal_disease_research,_bangladesh	centers_for_disease_control_and_prevention
A/Bangladesh/1315/2021	institute_of_epidemiology_disease_control_and_research_(iedcr)_&_bangladesh_national_influenza_centre_(nic)	centers_for_disease_control_and_prevention
A/Bangladesh/2028/2021	icddr,b_international_centre_for_diarrhoeal_disease_research,_bangladesh	centers_for_disease_control_and_prevention
A/Limoges/635/2021	cnr_virus_des_infections_respiratoires___france_sud	crick_worldwide_influenza_centre
A/Bangladesh/4046/2021	icddr,b_international_centre_for_diarrhoeal_disease_research,_bangladesh	centers_for_disease_control_and_prevention
A/Stockholm/10/2021	klinisk_mikrobiologi,_viruslab_huddinge,__karolinska_universitetslaboratoriet_karolinska_universitetssjukhuset	public_health_agency_of_sweden
A/Bangladesh/687/2021	institute_of_epidemiology_disease_control_and_research_(iedcr)_&_bangladesh_national_influenza_centre_(nic)	centers_for_disease_control_and_prevention
A/Bahrain/3174/2021	ministry_of_health_bahrain	centers_for_disease_control_and_prevention
A/Bahrain/4067/2021	ministry_of_health_bahrain	centers_for_disease_control_and_prevention
A/Bahrain/3664/2021	ministry_of_health_bahrain	centers_for_disease_control_and_prevention
A/Bangladesh/2230/2021	institute_of_epidemiology_disease_control_and_research_(iedcr)_&_bangladesh_national_influenza_centre_(nic)	centers_for_disease_control_and_prevention
A/Brisbane/797/2022	queensland_health_forensic_and_scientific_services_	who_collaborating_centre_for_reference_and_research_on_influenza
A/Sydney/744/2022	childrens_hospital_westmead	who_collaborating_centre_for_reference_and_research_on_influenza
A/Sydney/336/2022	clinical_virology_unit,_cdim	who_collaborating_centre_for_reference_and_research_on_influenza
A/BayofPlenty/5/2022	institute_of_environmental_science_and_research_(esr)	who_collaborating_centre_for_reference_and_research_on_influenza
A/Sydney/252/2022	childrens_hospital_westmead	who_collaborating_centre_for_reference_and_research_on_influenza
A/Newcastle/85/2022	john_hunter_hospital	who_collaborating_centre_for_reference_and_research_on_influenza
A/Darwin/2000/2022	royal_darwin_hospital	who_collaborating_centre_for_reference_and_research_on_influenza
A/Canberra/130/2022	canberra_hospital	who_collaborating_centre_for_reference_and_research_on_influenza
A/Sydney/401/2022	childrens_hospital_westmead	who_collaborating_centre_for_reference_and_research_on_influenza
A/Sydney/721/2022	childrens_hospital_westmead	who_collaborating_centre_for_reference_and_research_on_influenza
A/Sydney/431/2022	childrens_hospital_westmead	who_collaborating_centre_for_reference_and_research_on_influenza
A/SouthAustralia/70/2022	institute_of_medical_and_veterinary_science_(imvs)	who_collaborating_centre_for_reference_and_research_on_influenza
A/Singapore/GP3892/2022	ministry_of_health,_singapore	ministry_of_health,_singapore
A/Canberra/230/2022	canberra_hospital	who_collaborating_centre_for_reference_and_research_on_influenza
A/AbuDhabi/9657699/2021	shaikh_khalifa_medical_city	centers_for_disease_control_and_prevention
A/Indonesia/BIOKES-SJML008/2023	balai_besar_laboratorium_biologi_kesehatan	balai_besar_laboratorium_biologi_kesehatan
A/Netherlands/1697/2023	erasmus_medical_center	crick_worldwide_influenza_centre
A/Hiroshima/38/2024	center_for_public_health_and_environment,_hiroshima_prefectural_technology_research_institute	national_institute_of_infectious_diseases_(niid)
A/Malaysia/IMR-SARI0679/2023	hospital_raja_perempuan_zainab_ii	national_institute_of_health,_malaysia
A/CountiesManukau/66/2023	institute_of_environmental_science_and_research_(esr)	who_collaborating_centre_for_reference_and_research_on_influenza
A/Singapore/NUH1191/2023	ministry_of_health,_singapore	ministry_of_health,_singapore
A/Tunisia/339/2024	national_influenza_centre_tunis,_unit_virology,_microbiology_laboratory,_charles_nicolle's_hospital	crick_worldwide_influenza_centre
A/ChiangRai/4887/2023	who_national_influenza_centre,_national_institute_of_medical_research_(nimr)	centers_for_disease_control_and_prevention
A/Singapore/GP15139/2023	ministry_of_health,_singapore	ministry_of_health,_singapore
A/Kanagawa/AC2314/2023	national_institute_of_infectious_diseases_(niid)	national_institute_of_infectious_diseases_(niid)
A/Kanagawa/AC2311/2023	national_institute_of_infectious_diseases_(niid)	centers_for_disease_control_and_prevention
A/Sachsen-Anhalt/14/2023	robert_koch_institute_nationales_referenzzentrum_für_influenza	robert_koch_institute_nationales_referenzzentrum_fur_influenza
A/Pakistan/GIHSN-PB-15/2023	national_institute_of_health	national_institute_of_health_pakistan
A/Victoria/473/2023	austin_health	who_collaborating_centre_for_reference_and_research_on_influenza
A/Brisbane/500/2023	queensland_children's_hospital	who_collaborating_centre_for_reference_and_research_on_influenza
A/Wellington/56/2023	institute_of_environmental_science_&_research	centers_for_disease_control_and_prevention
A/Bangladesh/ICDDRB-3230711003/2023	icddr,b_international_centre_for_diarrhoeal_disease_research,_bangladesh	international_centre_for_diarrhoeal_disease_research_(icddr,b)
A/Romania/545031/2023	cantacuzino_national_military_medical_institute_for_research_and_development	cantacuzino_institute
A/Maldives/1103/2023	ministry_of_health	centers_for_disease_control_and_prevention
A/Maldives/2036/2023	ministry_of_health	centers_for_disease_control_and_prevention
A/Maldives/1738/2023	ministry_of_health	centers_for_disease_control_and_prevention
A/Sydney/747/2023	childrens_hospital_westmead	who_collaborating_centre_for_reference_and_research_on_influenza
A/Sydney/627/2023	clinical_virology_unit,_cdim	who_collaborating_centre_for_reference_and_research_on_influenza
A/Taranaki/1/2023	institute_of_environmental_science_&_research	centers_for_disease_control_and_prevention
A/France/PAC-RELAB-HCL024006378301/2023	cnr_virus_des_infections_respiratoires___france_sud	cnr_virus_des_infections_respiratoires,_france_sud
A/Dunedin/13/2023	institute_of_environmental_science_&_research	centers_for_disease_control_and_prevention
A/Darwin/699/2023	royal_darwin_hospital	who_collaborating_centre_for_reference_and_research_on_influenza
A/Darwin/692/2023	royal_darwin_hospital	who_collaborating_centre_for_reference_and_research_on_influenza
A/Darwin/700/2023	royal_darwin_hospital	who_collaborating_centre_for_reference_and_research_on_influenza
A/India/PUN-NIV324552/2021	national_institute_of_virology	centers_for_disease_control_and_prevention
A/India/PUN-NIV323483/2021	national_institute_of_virology	centers_for_disease_control_and_prevention
A/Manitoba/RV09184/2021	national_microbiology_laboratory,_public_health_agency_of_canada_(phac)	centers_for_disease_control_and_prevention
A/India/PUN-NIV328484/2021	national_institute_of_virology	centers_for_disease_control_and_prevention
A/India/Aurangabad-NIVQC52/2021	icmr_national_institute_of_virology	icmr_national_institute_of_virology
A/India/2152/2021	national_institute_of_virology	centers_for_disease_control_and_prevention
A/India/6244/2022	national_institute_of_virology	centers_for_disease_control_and_prevention
A/Bahrain/4062/2022	ministry_of_health_bahrain	centers_for_disease_control_and_prevention
A/Perth/21/2022	pathwest_qe_ii_medical_centre	who_collaborating_centre_for_reference_and_research_on_influenza
A/Brazil/GIHSN-HCL023052939901/2022	molecular_biology/microbiology_research_laboratory._universidade_federal_do_paraná	cnr_virus_des_infections_respiratoires,_france_sud
A/India/1486/2022	national_institute_of_virology	centers_for_disease_control_and_prevention
A/Singapore/KK0255/2022	ministry_of_health,_singapore	ministry_of_health,_singapore
A/Baltimore/JH-0372/2022	johns_hopkins_school_of_medicine	johns_hopkins_school_of_medicine
A/StPetersburg/RII-5130S/2022	research_institute_of_influenza,_ministry_of_healthcare_of_the_russian_federation	who_national_influenza_centre_russian_federation
A/Thailand/CU-PEH230168/2023	thai_red_cross_emerging_infectious_diseases_clinical_center,_king_chulalongkorn_memorial_hospital	
A/Netherlands/12180/2022	royal_gd	national_institute_for_public_health_and_the_environment_(rivm)
A/Maine/10/2022	maine_health_and_environmental_testing_laboratory	centers_for_disease_control_and_prevention
A/Lao/2198/2022	national_center_for_laboratory_and_epidemiology	centers_for_disease_control_and_prevention
A/India/6265/2022	national_institute_of_virology	centers_for_disease_control_and_prevention
A/Romania/543691/2022	cantacuzino_national_military_medical_institute_for_research_and_development	cantacuzino_institute
A/India/GIHSN-HCL023020795801/2022	sher_i_kashmir_institute_of_medical_sciences	cnr_virus_des_infections_respiratoires,_france_sud
A/AbuDhabi/3745/2022	shaikh_khalifa_medical_city	centers_for_disease_control_and_prevention
A/Singapore/GP12986/2022	ministry_of_health,_singapore	ministry_of_health,_singapore
A/Brisbane/24/2023	4cyte_pathology	who_collaborating_centre_for_reference_and_research_on_influenza
A/Lao/F4319/2023	national_center_for_laboratory_and_epidemiology	national_institute_of_infectious_diseases_(niid)
A/Lao/1707/2023	national_center_for_laboratory_and_epidemiology	centers_for_disease_control_and_prevention
A/Lao/1531/2023	national_center_for_laboratory_and_epidemiology	centers_for_disease_control_and_prevention
A/Singapore/SAR48992/2022	ministry_of_health,_singapore	ministry_of_health,_singapore
A/India/Pun-NIVCOV2224272/2022	icmr_national_institute_of_virology	icmr_national_institute_of_virology
A/India/Pun-NIV225228/2022	icmr_national_institute_of_virology	icmr_national_institute_of_virology
A/Michigan/UOM10048834997/2022	university_of_michigan_clinical_microbiology_laboratory	university_of_michigan
A/India/Nag-NIVQC126/2022	icmr_national_institute_of_virology	icmr_national_institute_of_virology
A/Singapore/NUH0127/2022	ministry_of_health,_singapore	ministry_of_health,_singapore
A/Singapore/SAR57791/2022	ministry_of_health,_singapore	ministry_of_health,_singapore
A/Singapore/NTF0038/2022	ministry_of_health,_singapore	ministry_of_health,_singapore
A/Singapore/KK0948/2022	ministry_of_health,_singapore	ministry_of_health,_singapore
A/India/Pun-NIVARI2228/2022	icmr_national_institute_of_virology	who_collaborating_centre_for_reference_and_research_on_influenza
A/India/Pune-NIVCOV2221087/2022	icmr_national_institute_of_virology	icmr_national_institute_of_virology
A/India/Pune-Nivcov2220832/2022	national_institute_of_virology	centers_for_disease_control_and_prevention
A/India/Pune-NIVCOV2220832/2022	icmr_national_institute_of_virology	icmr_national_institute_of_virology
A/India/GIHSN-HCL023020806701/2022	sher_i_kashmir_institute_of_medical_sciences	cnr_virus_des_infections_respiratoires,_france_sud
A/Singapore/KK0533/2022	ministry_of_health,_singapore	ministry_of_health,_singapore
A/England/224980687/2022	uk_health_security_agency___colindale	uk_health_security_agency___colindale
A/India/Pun-NIVSARI1613/2022	icmr_national_institute_of_virology	icmr_national_institute_of_virology
A/Singapore/GP7559/2022	ministry_of_health,_singapore	ministry_of_health,_singapore
A/Singapore/TT0122/2022	ministry_of_health,_singapore	ministry_of_health,_singapore
A/TimorLeste/238/2022	laboratório_nacional_da_saúde	who_collaborating_centre_for_reference_and_research_on_influenza
A/Antananarivo/2526/2023	institut_pasteur_de_madagascar	crick_worldwide_influenza_centre
A/Antananarivo/2515/2023	institut_pasteur_de_madagascar	crick_worldwide_influenza_centre
A/Lebanon/GIHSN-HCL023019687301/2023	center_for_infectious_diseases_research_	cnr_virus_des_infections_respiratoires,_france_sud
A/Netherlands/11890/2022	academic_medical_center,_university_of_amsterdam	national_institute_for_public_health_and_the_environment_(rivm)
A/Bahrain/6302/2022	ministry_of_health_bahrain	centers_for_disease_control_and_prevention
A/HongKong/1502/2023	government_virus_unit	crick_worldwide_influenza_centre
A/Shiga/45/2023	shiga_prefectural_institute_of_public_health	national_institute_of_infectious_diseases_(niid)
A/Osaka/59/2023	osaka_prefectural_institute_of_public_health	national_institute_of_infectious_diseases_(niid)
A/HongKong/1506/2023	government_virus_unit	centers_for_disease_control_and_prevention
A/HongKong/1514/2023	government_virus_unit	crick_worldwide_influenza_centre
A/Antsirabe/7452/2022	institut_pasteur_de_madagascar	crick_worldwide_influenza_centre
A/Antsirabe/1811/2023	institut_pasteur_de_madagascar	crick_worldwide_influenza_centre
A/ChiangRai/P3235/2023	thai_national_influenza_center	thai_national_influenza_center
A/Bangkok/P2920/2023	thai_national_influenza_center	thai_national_influenza_center
A/France/BRE-RELAB-IPP33540/2023	institut_pasteur	institut_pasteur
A/HongKong/2892/2023	government_virus_unit	crick_worldwide_influenza_centre
A/France/IDF-RELAB-IPP08474/2024	institut_pasteur	institut_pasteur
A/Michigan/UM-L373004734/2024	university_of_michigan,_lauring_lab,_department_of_microbiology_and_immunology	
A/Yamagata/104/2024	yamagata_prefectural_institute_of_public_health	national_institute_of_infectious_diseases_(niid)
A/Bahrain/9931/2021	ministry_of_health_bahrain	centers_for_disease_control_and_prevention
A/Bangladesh/4028/2021	icddr,b_international_centre_for_diarrhoeal_disease_research,_bangladesh	centers_for_disease_control_and_prevention
A/Bangladesh/4009/2021	icddr,b_international_centre_for_diarrhoeal_disease_research,_bangladesh	centers_for_disease_control_and_prevention
A/SouthAfrica/R16728/2021	national_institute_for_communicable_diseases_(nicd)	national_institute_for_communicable_diseases_(nicd)
A/Netherlands/12126/2022	national_institute_for_public_health_and_the_environment_(rivm)	national_institute_for_public_health_and_the_environment_(rivm)
A/SouthAfrica/R08368/2022	national_institute_for_communicable_diseases_(nicd)	national_institute_for_communicable_diseases_(nicd)
A/SouthAfrica/R06615/2022	national_institute_for_communicable_diseases_(nicd)	national_institute_for_communicable_diseases_(nicd)
A/PuntaArenas/50190/2023	instituto_de_salud_publica_de_chile	instituto_de_salud_publica_de_chile
A/Victoria/4897/2022	erasmus_medical_center	erasmus_medical_center
A/Luxembourg/LNS1037892/2022	laboratoire_national_de_santé_	laboratoire_national_de_sant?
A/Victoria/4897/2022-egg	seasonal_h1n1pdm	pb1
A/Tennessee/49/2022	tennessee_department_of_health_laboratory_nashville	centers_for_disease_control_and_prevention
A/Guyane/693/2022	national_influenza_center_french_guiana_and_french_indies	centers_for_disease_control_and_prevention
A/Connecticut/65/2022	connecticut_department._of_public_health	centers_for_disease_control_and_prevention
A/NewYork/PV81663/2022	icahn_school_of_medicine_at_mount_sinai	icahn_school_of_medicine_at_mount_sinai
A/Baltimore/JH-134/2023	johns_hopkins_school_of_medicine	johns_hopkins_school_of_medicine
A/Colombia/5029/2022	instituto_nacional_de_salud_de_columbia	centers_for_disease_control_and_prevention
A/England/224580274/2022	uk_health_security_agency___colindale	uk_health_security_agency___colindale
A/Oklahoma/2/2022	oklahoma_state_department_of_health	centers_for_disease_control_and_prevention
A/Louisiana/EVTL-99922/2022	lsuhs_emerging_viral_threat_lab	lsu_health_shreveport
A/Montana/54/2022	montana_laboratory_services_bureau	centers_for_disease_control_and_prevention
A/Michigan/UOM10048901255/2022	university_of_michigan_clinical_microbiology_laboratory	university_of_michigan
A/Virginia/40/2023	marshfield_clinic_research_foundation	centers_for_disease_control_and_prevention
A/Paraguay/1247/2023	central_laboratory_of_public_health	centers_for_disease_control_and_prevention
A/HongKong/1510/2023	government_virus_unit	crick_worldwide_influenza_centre
A/Michigan/HFHSL360176757/2022	henry_ford_health_microbiology_laboratory	university_of_michigan
A/Michigan/UM-CL23-590632/2023	university_of_michigan,_lauring_lab,_department_of_microbiology_and_immunology	
A/RioGrandeDoSul/1346/2024	instituto_oswaldo_cruz_fiocruz___laboratory_of_respiratory_viruses_and_measles_(lvrs)	centers_for_disease_control_and_prevention
A/Minnesota/ISC-1043/2023	minnesota_department_of_health	centers_for_disease_control_and_prevention
A/SouthAustralia/324/2023	institute_of_medical_and_veterinary_science_(imvs)	who_collaborating_centre_for_reference_and_research_on_influenza
A/Guyane/704/2022	national_influenza_center_french_guiana_and_french_indies	centers_for_disease_control_and_prevention
A/CastillaLaMancha/4855/2022	instituto_de_salud_carlos_iii	instituto_de_salud_carlos_iii
A/BritishColumbia/PHL-346/2022	b.c._centre_for_disease_control	british_columbia_centre_for_disease_control
A/England/224740331/2022	uk_health_security_agency___colindale	uk_health_security_agency___colindale
A/Switzerland/16667/2022	swiss_national_reference_centre_for_influenza	swiss_national_reference_centre_for_influenza
A/Switzerland/2650/2022	swiss_national_reference_centre_for_influenza	swiss_national_reference_centre_for_influenza
A/Wisconsin/55/2022	wisconsin_state_laboratory_of_hygiene	centers_for_disease_control_and_prevention
A/England/230240179/2023	uk_health_security_agency___colindale	uk_health_security_agency___colindale
A/England/224980754/2022	uk_health_security_agency___colindale	uk_health_security_agency___colindale
A/Catalonia/Nsvh161512065/2022-egg	national_institute_for_medical_research	centers_for_disease_control_and_prevention
A/Saitama/1/2022	saitama_institute_of_public_health	national_institute_of_infectious_diseases_(niid)
A/Brazil/2210/2023	instituto_adolfo_lutz	centers_for_disease_control_and_prevention
A/England/225281174/2022	uk_health_security_agency___colindale	uk_health_security_agency___colindale
A/Idaho/50/2022	state_of_idaho_bureau_of_laboratories	centers_for_disease_control_and_prevention
A/Oregon/67/2022	oregon_public_health_laboratory	centers_for_disease_control_and_prevention
A/Alagoas/24067/2022	laboratório_central_de_saúde_pública_de_alagoas,_lacen_al	instituto_oswaldo_cruz_fiocruz___laboratory_of_respiratory_viruses_and_measles_(lvrs)
A/Bahia/292782133/2022	laboratório_central_de_saúde_pública_professor_gonçalo_moniz,_lacen_ba	laborat?rio_central_de_sa?de_publica_do_estado_da_bahia
A/RiodeJaneiro/26713/2022	laboratório_central_de_saúde_pública_(lacen_rj)	instituto_oswaldo_cruz_fiocruz___laboratory_of_respiratory_viruses_and_measles_(lvrs)
A/Goias/IAL/C10304/2022	instituto_adolfo_lutz___national_influenza_center	instituto_adolfo_lutz
A/Brazil/5942/2022	instituto_adolfo_lutz	centers_for_disease_control_and_prevention
A/France/ARA-HCL022170549801/2022	cnr_virus_des_infections_respiratoires___france_sud	cnr_virus_des_infections_respiratoires,_france_sud
A/England/225040210/2022	uk_health_security_agency___colindale	uk_health_security_agency___colindale
A/Michigan/UOM10048589583/2022	university_of_michigan_clinical_microbiology_laboratory	university_of_michigan
A/Ceara/2023-012080-IEC/2023	evandro_chagas_institute	evandro_chagas_institute
A/Washington/IVYD13J57F6/2022	vanderbilt_university_medical_center	university_of_michigan
A/Brazil/6452/2023	instituto_adolfo_lutz	centers_for_disease_control_and_prevention
A/Uruguay/841/2023	departamento_de_laboratorio_de_salud_pública_(dlsp)	centers_for_disease_control_and_prevention
A/Saopaulo/CEVI_2300383/2023	instituto_butantan	instituto_butantan
A/Bahia/292942651/2023	laboratório_central_de_saúde_pública_professor_gonçalo_moniz,_lacen_ba	laborat?rio_central_de_sa?de_publica_do_estado_da_bahia
A/CamposDosGoytacazes/5060/2023	laboratório_central_de_saúde_pública_(lacen_rj)	instituto_oswaldo_cruz_fiocruz___laboratory_of_respiratory_viruses_and_measles_(lvrs)
A/TeofiloOtoni/311583413/2023	ezequiel_dias_foundation_(funed)	ezequiel_dias_foundation_(funed)
A/Nebraska/14194/2023	u.s._air_force_school_of_aerospace_medicine_	u.s._air_force_school_of_aerospace_medicine
A/Maine/38/2022	maine_health_and_environmental_testing_laboratory	centers_for_disease_control_and_prevention
A/NewMexico/37/2022	new_mexico_department_of_health	centers_for_disease_control_and_prevention
A/Tasmania/323/2022	royal_hobart_hospital	who_collaborating_centre_for_reference_and_research_on_influenza
A/Saopaulo/CEVI_2201111/2022	instituto_butantan	instituto_butantan
A/Amazonas/2023-000248-IEC/2022	evandro_chagas_institute	evandro_chagas_institute
A/Amazonas/2023-010780-IEC/2023	evandro_chagas_institute	evandro_chagas_institute
A/Amazonas/2023-010777-IEC/2023	evandro_chagas_institute	evandro_chagas_institute
A/Michigan/UOM10048904191/2022	university_of_michigan_clinical_microbiology_laboratory	university_of_michigan
A/Norway/31694/2022-egg	seasonal_h1n1pdm	pb1
A/Parana/22951/2022	laboratório_central_do_estado_do_paraná___lacen/pr	instituto_oswaldo_cruz_fiocruz___laboratory_of_respiratory_viruses_and_measles_(lvrs)
A/Brazil/4448/2022	instituto_adolfo_lutz	centers_for_disease_control_and_prevention
A/MatoGrossodoSul/IAL/C10234/2022	instituto_adolfo_lutz___national_influenza_center	instituto_adolfo_lutz
A/MatoGrossodoSul/IAL/C10240/2022	instituto_adolfo_lutz___national_influenza_center	instituto_adolfo_lutz
A/Chile/4435/2022	instituto_de_salud_publica_de_chile	centers_for_disease_control_and_prevention
A/Chile/4442/2022	instituto_de_salud_publica_de_chile	centers_for_disease_control_and_prevention
A/RioGrandedoSul/28755/2022	laboratório_central_de_saúde_pública_de_alagoas,_lacen_al	instituto_oswaldo_cruz_fiocruz___laboratory_of_respiratory_viruses_and_measles_(lvrs)
A/Niger/7754/2024	centre_de_recherche_medicale_et_sanitaire_(cermes)	centers_for_disease_control_and_prevention
A/Bangladesh/2241013002/2024	icddr,b_international_centre_for_diarrhoeal_disease_research,_bangladesh	centers_for_disease_control_and_prevention
A/Bangladesh/2336/2023	institute_of_epidemiology_disease_control_and_research_(iedcr)_&_bangladesh_national_influenza_centre_(nic)	centers_for_disease_control_and_prevention
A/Bangladesh/2033/2024	icddr,b_international_centre_for_diarrhoeal_disease_research,_bangladesh	centers_for_disease_control_and_prevention
A/Bangladesh/2009/2024	icddr,b_international_centre_for_diarrhoeal_disease_research,_bangladesh	centers_for_disease_control_and_prevention
A/Bangladesh/2241003043/2024	icddr,b_international_centre_for_diarrhoeal_disease_research,_bangladesh	centers_for_disease_control_and_prevention
A/HongKong/GIHSN-HKU-250324-001/2025	the_university_of_hong_kong_	the_university_of_hong_kong_
A/Bangladesh/3009/2024	icddr,b_international_centre_for_diarrhoeal_disease_research,_bangladesh	centers_for_disease_control_and_prevention
A/Sichuan-Qingyang/SWL1148/2023	who_chinese_national_influenza_center	centers_for_disease_control_and_prevention
A/Dunedin/15/2023	institute_of_environmental_science_&_research	centers_for_disease_control_and_prevention
A/CzechRepublic/2798/2023-egg	national_institute_of_public_health	crick_worldwide_influenza_centre
A/CzechRepublic/2798/2023	national_institute_of_public_health	crick_worldwide_influenza_centre
A/France/NAQ-RELAB-HCL024026942001/2024	cnr_virus_des_infections_respiratoires___france_sud	cnr_virus_des_infections_respiratoires,_france_sud
A/Canada/ABPHL-91/2023	alberta_precision_laboratories,_provincial_laboratory_for_public_health	public_health_agency_of_canada_(phac)
A/Washington/93/2023	marshfield_clinic_research_foundation	centers_for_disease_control_and_prevention
A/Pennsylvania/192/2024	children's_hospital_of_pittsburgh_upmc	centers_for_disease_control_and_prevention
A/Baltimore/JH-851/2023	johns_hopkins_school_of_medicine	johns_hopkins_school_of_medicine
A/Norway/10941/2023	who_national_influenza_centre	crick_worldwide_influenza_centre
A/SaoPaulo/357501129-IAL/2024	instituto_adolfo_lutz	centers_for_disease_control_and_prevention
A/Linares/95521/2023	instituto_de_salud_publica_de_chile	instituto_de_salud_publica_de_chile
A/Massachusetts/BI_GH-21422/2023	broad_institute_genomic_center_for_infectious_diseases	
A/Florida/56/2023	florida_department_of_health_tampa	centers_for_disease_control_and_prevention
A/Michigan/UM-10055348853/2024		
A/Singapore/KK2626/2023	ministry_of_health,_singapore	ministry_of_health,_singapore
A/NewBrunswick/NBPHLFLU18K-flu-MM00006R/2023	hôpital_georges_l._dumont	hôpital_georges_l.dumont
A/Okinawa/291/2023	okinawa_prefectural_institute_of_health_and_environment	national_institute_of_infectious_diseases_(niid)
A/Michigan/UM-L371467263/2023		
A/Hyogo/1078/2023	hyogo_prefectural_institute_of_public_health_and_consumer_sciences	national_institute_of_infectious_diseases_(niid)
A/HongKong/2942/2023	government_virus_unit	crick_worldwide_influenza_centre
A/NewYork/PV34639/2021	icahn_school_of_medicine_at_mount_sinai	icahn_school_of_medicine_at_mount_sinai
A/Bahrain/2446/2021	ministry_of_health_bahrain	centers_for_disease_control_and_prevention
A/Vanuatu/10/2023	vila_central_hospital	who_collaborating_centre_for_reference_and_research_on_influenza
A/Brisbane/72/2023	4cyte_pathology	who_collaborating_centre_for_reference_and_research_on_influenza
A/Bangladesh/8030/2021	icddr,b_international_centre_for_diarrhoeal_disease_research,_bangladesh	centers_for_disease_control_and_prevention
A/Sohar/52121743/2021	central_public_health_laboratory,_ministry_of_health	crick_worldwide_influenza_centre
A/Bangladesh/20/2021	icddr,b_international_centre_for_diarrhoeal_disease_research,_bangladesh	centers_for_disease_control_and_prevention
A/Bangladesh/2020/2021	icddr,b_international_centre_for_diarrhoeal_disease_research,_bangladesh	centers_for_disease_control_and_prevention
A/Kenya/166/2022	cdc_kenya	centers_for_disease_control_and_prevention
A/Kenya/167/2022	cdc_kenya	centers_for_disease_control_and_prevention
A/Kenya/162/2022	cdc_kenya	centers_for_disease_control_and_prevention
A/Kenya/163/2022	cdc_kenya	centers_for_disease_control_and_prevention
A/Indonesia/BIOKES-IMKS0774/2022	balai_besar_laboratorium_biologi_kesehatan	balai_besar_laboratorium_biologi_kesehatan
A/Indonesia/BIOKES-IMKS0780/2022	balai_besar_laboratorium_biologi_kesehatan	balai_besar_laboratorium_biologi_kesehatan
A/Indonesia/BIOKES-IBJM1255/2022	balai_besar_laboratorium_biologi_kesehatan	balai_besar_laboratorium_biologi_kesehatan
A/Netherlands/11814/2022	national_institute_for_public_health_and_the_environment_(rivm)	national_institute_for_public_health_and_the_environment_(rivm)
A/Singapore/GP10553/2022	ministry_of_health,_singapore	ministry_of_health,_singapore
A/TimorLeste/262/2022	laboratório_nacional_da_saúde	who_collaborating_centre_for_reference_and_research_on_influenza
A/Afghanistan/5372/2023	national_institute_of_health	centers_for_disease_control_and_prevention
A/Victoria/1164/2023	royal_melbourne_hospital	who_collaborating_centre_for_reference_and_research_on_influenza
A/Michigan/UM-L371477043/2023		
A/CostaRica/INC-0031-792847/2023	biología_molecular,_laboratorio_clínico,_hospital_dr._fernando_escalante_pradilla,_caja_costarricense_de_seguro_social_(ccss)	inciensa,_investigaci?n_y_ense?anza_en_nutrici?n_y_salud
A/RioGrandeDoNorte/2023-016976-IEC/2023	national_influenza_center	centers_for_disease_control_and_prevention
A/Nicaragua/760603/2023	st._jude_children's_research_hospital,_host_microbe_interactions	
A/Bangladesh/1210910004/2021	icddr,b_international_centre_for_diarrhoeal_disease_research,_bangladesh	centers_for_disease_control_and_prevention
A/Bangladesh/704/2021	institute_of_epidemiology_disease_control_and_research_(iedcr)_&_bangladesh_national_influenza_centre_(nic)	centers_for_disease_control_and_prevention
A/India/Madurai-NIV239736/2023	icmr_national_institute_of_virology	icmr_national_institute_of_virology
A/StPetersburg/RII-5160S/2022	research_institute_of_influenza,_ministry_of_healthcare_of_the_russian_federation	who_national_influenza_centre_russian_federation
A/StPetersburg/RII-7566S/2022	research_institute_of_influenza,_ministry_of_healthcare_of_the_russian_federation	who_national_influenza_centre_russian_federation
A/Egypt/HT220800/2022	center_of_scientific_excellence_for_influenza_viruses,_national_research_centre_(nrc),_egypt.	center_of_scientific_excellence_for_influenza_viruses,_national_research_centre_(nrc),_egypt.
A/Chanthaburi/P4477/2022	thai_national_influenza_center	thai_national_influenza_center
A/Chanthaburi/P4535/2022	thai_national_influenza_center	thai_national_influenza_center
A/HongKong/1512/2023	government_virus_unit	crick_worldwide_influenza_centre
A/HongKong/1495/2023	government_virus_unit	centers_for_disease_control_and_prevention
A/Egypt/HT221546/2023	center_of_scientific_excellence_for_influenza_viruses,_national_research_centre_(nrc),_egypt.	center_of_scientific_excellence_for_influenza_viruses,_national_research_centre_(nrc),_egypt.
A/Abudhabi/15263/2023	reference_laboratory_for_infectious_disease_(surveillance_lab)	sheikh_khalifa_medical_city_(skmc)
A/Egypt/HT220921/2023	center_of_scientific_excellence_for_influenza_viruses,_national_research_centre_(nrc),_egypt.	center_of_scientific_excellence_for_influenza_viruses,_national_research_centre_(nrc),_egypt.
A/India/Delhi-NIV2315858/2023	icmr_national_institute_of_virology	icmr_national_institute_of_virology
A/Oman/9181/2023	central_public_health_laboratory,_ministry_of_health	centers_for_disease_control_and_prevention
A/Bangladesh/icddrb-1230711003/2023	international_centre_for_diarrhoeal_disease_research_(icddr,b)	international_centre_for_diarrhoeal_disease_research_(icddr,b)
A/HongKong/VB24086813/2024	hong_kong_department_of_health	hong_kong_department_of_health_,_public_health_laboratory_services_branch
A/Romania/621/2023	national_institute_for_infectious_diseases_“prof._dr._matei_balș”	national_institute_of_infectious_diseases_prof._dr._matei_bals
A/Romania/779/2023	national_institute_for_infectious_diseases_“prof._dr._matei_balș”	national_institute_of_infectious_diseases_prof._dr._matei_bals
A/Abudhabi/174/2023	reference_laboratory_for_infectious_disease_(surveillance_lab)	sheikh_khalifa_medical_city_(skmc)
A/France/ARA-HCL022215095501/2022	cnr_virus_des_infections_respiratoires___france_sud	cnr_virus_des_infections_respiratoires,_france_sud
A/Melilla/1041/2023	servicio_de_microbiología_hospital_comarcal_de_melilla	instituto_de_salud_carlos_iii
A/Victoria/744A/2023	royal_chidrens_hospital	who_collaborating_centre_for_reference_and_research_on_influenza
A/Hiroshima/45/2023	center_for_public_health_and_environment,_hiroshima_prefectural_technology_research_institute	national_institute_of_infectious_diseases_(niid)
A/Victoria/380/2023	royal_melbourne_hospital	who_collaborating_centre_for_reference_and_research_on_influenza
A/Lao/3896/2023	national_center_for_laboratory_and_epidemiology	centers_for_disease_control_and_prevention
A/Lao/F4422/2023	national_center_for_laboratory_and_epidemiology	national_institute_of_infectious_diseases_(niid)
A/Lao/3816/2023	national_center_for_laboratory_and_epidemiology	centers_for_disease_control_and_prevention
A/Yamagata/127/2023	yamagata_prefectural_institute_of_public_health	national_institute_of_infectious_diseases_(niid)
A/Michigan/MIS-L375137802/2024	university_of_michigan,_lauring_lab,_department_of_microbiology_and_immunology	
A/HongKong/2886/2023	government_virus_unit	crick_worldwide_influenza_centre
A/Wakayama/98/2023	wakayama_prefectural_research_center_of_environment_and_public_health	national_institute_of_infectious_diseases_(niid)
A/Victoria/3132/2023	royal_melbourne_hospital	who_collaborating_centre_for_reference_and_research_on_influenza
A/Minnesota/ISC-1127/2024	minnesota_department_of_health	centers_for_disease_control_and_prevention
A/Matogrosso/CEVI_24001520/2024	instituto_butantan	instituto_butantan
A/Sergipe/9389/2024	lacen/se___laboratório_central_de_saúde_pública_de_sergipe___instituto_parreira_horta	instituto_oswaldo_cruz_fiocruz___laboratory_of_respiratory_viruses_and_measles_(lvrs)
A/Navarra/2033/2023	servicio_de_microbiología_complejo_hospitalario_de_navarra	instituto_de_salud_carlos_iii
A/Navarra/2432/2023	servicio_de_microbiología_complejo_hospitalario_de_navarra	instituto_de_salud_carlos_iii
A/Singapore/GP0032/2024	ministry_of_health,_singapore	ministry_of_health,_singapore
A/France/IDF-RELAB-IPP00944/2024	institut_pasteur	institut_pasteur
A/Alagoas/8013/2024	laboratório_central_de_saúde_pública_de_alagoas,_lacen_al	oswaldo_cruz_foundation
A/Bahia/7202/2024	laboratório_central_de_saúde_pública_professor_gonçalo_moniz,_lacen_ba	oswaldo_cruz_foundation
A/Akita/30/2023	akita_research_center_for_public_health_and_environment	national_institute_of_infectious_diseases_(niid)
A/Saitama/126/2023	saitama_institute_of_public_health	national_institute_of_infectious_diseases_(niid)
A/Yokosuka/3/2023	yokosuka_institute_of_public_health	national_institute_of_infectious_diseases_(niid)
A/Chiba/162/2023	chiba_prefectural_institute_of_public_health	national_institute_of_infectious_diseases_(niid)
A/Kochi/33/2023	kochi_public_health_and_sanitation_institute_	national_institute_of_infectious_diseases_(niid)
A/Nagano/2416/2023	nagano_environmental_conservation_research_institute	national_institute_of_infectious_diseases_(niid)
A/Switzerland/37119/2023	swiss_national_reference_centre_for_influenza	swiss_national_reference_centre_for_influenza
A/Osaka/114/2023	osaka_prefectural_institute_of_public_health	national_institute_of_infectious_diseases_(niid)
A/Kobe/23186/2023	kobe_institute_of_health	national_institute_of_infectious_diseases_(niid)
A/Kanagawa/IC2339/2023	national_institute_of_infectious_diseases_(niid)	national_institute_of_infectious_diseases_(niid)
A/NorthCarolina/21/2023	north_carolina_state_laboratory_of_public_health	centers_for_disease_control_and_prevention
A/HongKong/2870/2023	government_virus_unit	centers_for_disease_control_and_prevention
A/Kitakyushu/36/2023	kitakyusyu_city_institute_of_enviromental_sciences	national_institute_of_infectious_diseases_(niid)
A/Niigata/7455/2023	niigata_prefectural_institute_of_public_health_and_environmental_sciences	national_institute_of_infectious_diseases_(niid)
A/Kochi/49/2023	kochi_public_health_and_sanitation_institute_	national_institute_of_infectious_diseases_(niid)
A/HongKong/2941/2023	government_virus_unit	centers_for_disease_control_and_prevention
A/Osaka/157/2023	osaka_prefectural_institute_of_public_health	national_institute_of_infectious_diseases_(niid)
A/Baltimore/JH-577/2024	johns_hopkins_school_of_medicine	johns_hopkins_school_of_medicine
A/Manitoba/RV02960/2024	cadham_provincial_laboratory	public_health_agency_of_canada_(phac)
A/NewYork/97/2024	new_york_city_department_of_health	centers_for_disease_control_and_prevention
A/France/ARA-HCL024016960801/2024	cnr_virus_des_infections_respiratoires___france_sud	cnr_virus_des_infections_respiratoires,_france_sud
A/France/HDF-RELAB-IPP01944/2025	institut_pasteur	institut_pasteur
A/Antofagasta/99207/2024	instituto_de_salud_publica_de_chile	instituto_de_salud_pública_de_chile
A/Iowa/72/2023	iowa_state_hygienic_laboratory	centers_for_disease_control_and_prevention
A/Alagoas/7788/2024	laboratório_central_de_saúde_pública_de_alagoas,_lacen_al	oswaldo_cruz_foundation
A/Colorado/66/2024	colorado_department_of_health_lab	centers_for_disease_control_and_prevention
A/SaoPaulo/357809524-IAL/2024	instituto_adolfo_lutz	centers_for_disease_control_and_prevention
A/SantaCatarina/326/2025	lacen/sc	instituto_oswaldo_cruz_fiocruz___laboratory_of_respiratory_viruses_and_measles_(lvrs)
A/Lyon/CHU/R2418258/2024	cnr_virus_des_infections_respiratoires___france_sud	crick_worldwide_influenza_centre
A/Parana/368/2025	laboratório_central_do_estado_do_paraná___lacen/pr	instituto_oswaldo_cruz_fiocruz___laboratory_of_respiratory_viruses_and_measles_(lvrs)
A/Paraiba/18201-IEC/2024	evandro_chagas_institute	evandro_chagas_institute
A/Pakistan/NIC/NIH/395/2025	national_institute_of_health	national_institute_of_health_pakistan
A/Murcia/640/2025	servicio_de_microbiología_hospital_virgen_de_la_arrixaca	instituto_de_salud_carlos_iii
A/Navarra/510/2025	servicio_de_microbiología_clínica_universidad_de_navarra	instituto_de_salud_carlos_iii
A/Massachusetts/ISC-1535/2025	massachusetts_department_of_public_health	centers_for_disease_control_and_prevention
A/Navarra/267/2025	servicio_de_microbiología_complejo_hospitalario_de_navarra	instituto_de_salud_carlos_iii
A/Minnesota/ISC-1146/2024	minnesota_department_of_health	centers_for_disease_control_and_prevention
A/Ohio/69/2023	university_hospitals_cleveland_medical_center	centers_for_disease_control_and_prevention
A/Michigan/101/2023	university_of_michigan_sph_epid	centers_for_disease_control_and_prevention
A/Ohio/28/2023	ohio_department_of_health_laboratories	centers_for_disease_control_and_prevention
A/Illinois/24/2024	illinois_department_of_public_health_springfield	centers_for_disease_control_and_prevention
A/RhodeIsland/33/2023	rhode_island_department_of_health	centers_for_disease_control_and_prevention
A/MatoGrossodoSul/IAL/5009	instituto_adolfo_lutz___national_influenza_center	instituto_adolfo_lutz
A/NovaScotia/24-075-07470/2024	qeii_health_sciences_centre	public_health_agency_of_canada_(phac)
A/Abudhabi/13810/2024	reference_laboratory_for_infectious_disease_(surveillance_lab)	sheikh_khalifa_medical_city_(skmc)
A/Queensland/IN000315/2024	qld,_sullivan_nicolaides_pathology	public_and_environmental_health_reference_laboratories_(pehrl)
A/France/ARA-HCL025017370701/2025	cnr_virus_des_infections_respiratoires___france_sud	cnr_virus_des_infections_respiratoires,_france_sud
A/Brazil/SP-LEIAL4011/2024	instituto_adolfo_lutz___national_influenza_center	instituto_adolfo_lutz
A/Brazil/SP-LEIAL4273/2025	instituto_adolfo_lutz___national_influenza_center	instituto_adolfo_lutz
A/Brazil/SP-LEIAL4272/2025	instituto_adolfo_lutz___national_influenza_center	instituto_adolfo_lutz
A/EspiritoSanto/475/2025	lacen/es___laboratório_central_de_saúde_pública_do_espírito_santo	instituto_oswaldo_cruz_fiocruz___laboratory_of_respiratory_viruses_and_measles_(lvrs)
A/RiodeJaneiro/135/2025	instituto_oswaldo_cruz_fiocruz___laboratory_of_respiratory_viruses_and_measles_(lvrs)	instituto_oswaldo_cruz_fiocruz___laboratory_of_respiratory_viruses_and_measles_(lvrs)
A/EspiritoSanto/474/2025	lacen/es___laboratório_central_de_saúde_pública_do_espírito_santo	instituto_oswaldo_cruz_fiocruz___laboratory_of_respiratory_viruses_and_measles_(lvrs)
A/Para/3148-IEC/2025	evandro_chagas_institute	evandro_chagas_institute
A/SantaCatarina/331/2025	lacen/sc	instituto_oswaldo_cruz_fiocruz___laboratory_of_respiratory_viruses_and_measles_(lvrs)
A/Santiago/48872/2024	instituto_de_salud_publica_de_chile	instituto_de_salud_publica_de_chile
A/Kansas/1/2025	kansas_department_of_health_and_environment	centers_for_disease_control_and_prevention
A/Linares/67375/2024	instituto_de_salud_publica_de_chile	instituto_de_salud_pública_de_chile
A/EspiritoSanto/465/2025	lacen/es___laboratório_central_de_saúde_pública_do_espírito_santo	instituto_oswaldo_cruz_fiocruz___laboratory_of_respiratory_viruses_and_measles_(lvrs)
A/Para/3143-IEC/2025	evandro_chagas_institute	evandro_chagas_institute
A/Para/8009-IEC/2025	evandro_chagas_institute	evandro_chagas_institute
A/Washington/UW-18882/2024	laboratory_medicine_and_pathology,_university_of_washington_	
A/EspiritoSanto/9904/2024	lacen/es___laboratório_central_de_saúde_pública_do_espírito_santo	instituto_oswaldo_cruz_fiocruz___laboratory_of_respiratory_viruses_and_measles_(lvrs)
A/EspiritoSanto/8333/2024	lacen/es___laboratório_central_de_saúde_pública_do_espírito_santo	instituto_oswaldo_cruz_fiocruz___laboratory_of_respiratory_viruses_and_measles_(lvrs)
A/Tokyo/EIS10-230/2024	national_institute_of_infectious_diseases_(niid)	national_institute_of_infectious_diseases_(niid)
A/Minnesota/128/2024	minnesota_department_of_health	centers_for_disease_control_and_prevention
A/Washington/279/2024	washington_state_public_health_laboratory	centers_for_disease_control_and_prevention
A/Canada/ABPHL-1528/2024	alberta_precision_laboratories,_provincial_laboratory_for_public_health	public_health_agency_of_canada_(phac)
A/Bulgaria/825/2023	national_influenza_laboratory,_natl._center_of_inf._&_parasitic_dis	centers_for_disease_control_and_prevention
A/Yokohama/106/2023	yokohama_city_institute_of_public_health.	national_institute_of_infectious_diseases_(niid)
A/Maldives/717/2023	ministry_of_health	centers_for_disease_control_and_prevention
A/AbuDhabi/8099/2022	shaikh_khalifa_medical_city	centers_for_disease_control_and_prevention
A/Belgium/G0292/2022	sciensano	sciensano
A/France/ARA-HCL022213280401/2022	cnr_virus_des_infections_respiratoires___france_sud	cnr_virus_des_infections_respiratoires,_france_sud
A/Niger/4500/2023	centre_de_recherche_medicale_et_sanitaire_(cermes)	centers_for_disease_control_and_prevention
A/ChampagneArdenne/3912/2023	institut_pasteur	crick_worldwide_influenza_centre
A/France/ARA-HCL024068148601/2023	cnr_virus_des_infections_respiratoires___france_sud	cnr_virus_des_infections_respiratoires,_france_sud
A/Haidian/12859/2023	haidian_center_for_disease_control_and_prevention	haidian_district_center_for_disease_control_and_prevention
A/Niger/4496/2023	centre_de_recherche_medicale_et_sanitaire_(cermes)	centers_for_disease_control_and_prevention
A/CoteDIvoire/3848/2022	pasteur_institut_of_côte_d'ivoire	centers_for_disease_control_and_prevention
A/Togo/195/2023	institute_national_d'hygiene	centers_for_disease_control_and_prevention
A/Togo/407/2023	institute_national_d'hygiene	centers_for_disease_control_and_prevention
A/Barbados/8801/2023	public_health_laboratory	centers_for_disease_control_and_prevention
A/CoteDIvoire/79/2023	pasteur_institut_of_côte_d'ivoire	centers_for_disease_control_and_prevention
A/Senegal/1403/2023	institut_pasteur_de_dakar	institut_pasteur_de_dakar
A/Senegal/1306/2023	institut_pasteur_de_dakar	institut_pasteur_de_dakar
A/Dakar/18/2023	institut_pasteur_de_dakar__	crick_worldwide_influenza_centre
A/Senegal/1257/2023	institut_pasteur_de_dakar	institut_pasteur_de_dakar
A/Senegal/1103/2023	institut_pasteur_de_dakar	institut_pasteur_de_dakar
A/China/1223/2023	jiaxing_center_for_disease_control_and_prevention	zhejiang_provincial_center_for_disease_control_and_prevention
A/Victoria/1834/2023	royal_chidrens_hospital	who_collaborating_centre_for_reference_and_research_on_influenza
A/Jilin-Chaoyang/SWL1712/2023-egg	who_chinese_national_influenza_center	centers_for_disease_control_and_prevention
A/Jilin-Chaoyang/SWL1712/2023	who_chinese_national_influenza_center	centers_for_disease_control_and_prevention
A/Saitama/129/2023	saitama_institute_of_public_health	national_institute_of_infectious_diseases_(niid)
A/Kanagawa/IC2302/2023	national_institute_of_infectious_diseases_(niid)	national_institute_of_infectious_diseases_(niid)
A/China/1423/2023	jiaxing_center_for_disease_control_and_prevention	zhejiang_provincial_center_for_disease_control_and_prevention
A/HongKong/ST220088/2023	university_of_hong_kong,_school_of_public_health,_who_collaborating_centre_for_infectious_disease_epidemiology_and_control	
A/HongKong/ST220162/2023	university_of_hong_kong,_school_of_public_health,_who_collaborating_centre_for_infectious_disease_epidemiology_and_control	
A/Guangzhou/4402/2023	first_affiliated_hospital_of_guangzhou_medical_university	the_university_of_hong_kong
A/Okinawa/246/2023	okinawa_prefectural_institute_of_health_and_environment	national_institute_of_infectious_diseases_(niid)
A/Shanghai-Baoshan/SWL185/2024-egg	who_chinese_national_influenza_center	centers_for_disease_control_and_prevention
A/HongKong/1505/2023	government_virus_unit	centers_for_disease_control_and_prevention
A/HongKong/1474/2023	government_virus_unit	centers_for_disease_control_and_prevention
A/Townsville/97/2023	pathology_queensland_cairns_laboratory	who_collaborating_centre_for_reference_and_research_on_influenza
A/India/Pune-NIV236113/2023	icmr_national_institute_of_virology	icmr_national_institute_of_virology
A/Lisbon/81/2024	national_institute_of_health_dr._ricardo_jorge,_infectious_diseases_department,_national_influenza_reference_laboratory	instituto_nacional_de_saúde_dr._ricardo_jorge
A/Abudhabi/13495/2023	reference_laboratory_for_infectious_disease_(surveillance_lab)	sheikh_khalifa_medical_city_(skmc)
A/Parma/35/2023	istituto_superiore_di_sanità_	crick_worldwide_influenza_centre
A/SouthAfrica/R03079/2024	national_institute_for_communicable_diseases_(nicd)	national_institute_for_communicable_diseases_(nicd)
A/Abudhabi/17249/2023	reference_laboratory_for_infectious_disease_(surveillance_lab)	sheikh_khalifa_medical_city_(skmc)
A/HongKong/1509/2023	government_virus_unit	centers_for_disease_control_and_prevention
A/HongKong/3034/2023	government_virus_unit	crick_worldwide_influenza_centre
A/Abudhabi/1151/2023	reference_laboratory_for_infectious_disease_(surveillance_lab)	sheikh_khalifa_medical_city_(skmc)
A/Okayama/2/2022	okayama_prefectural_institute_for_environmental_science_and_public_health	national_institute_of_infectious_diseases_(niid)
A/Lisbon/756/2022	national_institute_of_health_dr._ricardo_jorge,_infectious_diseases_department,_national_influenza_reference_laboratory	instituto_nacional_de_sa?de_dr._ricardo_jorge
A/Congo/37/2023	inrb_service_de_virologie	centers_for_disease_control_and_prevention
A/CoteDIvoire/86/2023	pasteur_institut_of_côte_d'ivoire	centers_for_disease_control_and_prevention
A/WestVirginia/11/2023	west_virginia_office_of_laboratory_services	centers_for_disease_control_and_prevention
A/Netherlands/12218/2022	academic_medical_center,_university_of_amsterdam	national_institute_for_public_health_and_the_environment_(rivm)
A/PuntaArenas/40716/2023	instituto_de_salud_publica_de_chile	centers_for_disease_control_and_prevention
A/Peru/UPCH_3939/2023	instituto_de_medicine_tropical_alexander_von_humboldt___upch	universidad_peruana_cayetano_heredia
A/Argentina/393/2023	instituto_nacional_de_enfermedades_infecciosas	centers_for_disease_control_and_prevention
A/LaSerena/43830/2023	instituto_de_salud_publica_de_chile	instituto_de_salud_publica_de_chile
A/India/Pune-NIV2312940/2023	icmr_national_institute_of_virology	icmr_national_institute_of_virology
A/Lisbon/138/2024	national_institute_of_health_dr._ricardo_jorge,_infectious_diseases_department,_national_influenza_reference_laboratory	national_institute_for_health_dr._ricardo_jorge
A/Michigan/UM-L370673670/2023		
A/HongKong/2962/2023	government_virus_unit	centers_for_disease_control_and_prevention
A/India/Jai-NIV24_2797/2024	icmr_national_institute_of_virology	icmr_national_institute_of_virology
A/CzechRepublic/2382/2023-egg	national_institute_of_public_health	crick_worldwide_influenza_centre
A/CzechRepublic/2382/2023	national_institute_of_public_health	crick_worldwide_influenza_centre
A/Abudhabi/15176/2024	reference_laboratory_for_infectious_disease_(surveillance_lab)	sheikh_khalifa_medical_city_(skmc)
A/Uganda/UVRI_MKN2919/2024	mukono_general_hospital	uganda_virus_research_institute_(nic)
A/Uganda/UVRI_NSY2924/2024	nsambya_hospital	uganda_virus_research_institute_(nic)
A/Abudhabi/3137/2024	reference_laboratory_for_infectious_disease_(surveillance_lab)	sheikh_khalifa_medical_city_(skmc)
A/HongKong/2890/2023	government_virus_unit	crick_worldwide_influenza_centre
A/Singapore/KK2708/2023	ministry_of_health,_singapore	ministry_of_health,_singapore
A/Bangkok/185/2024	who_national_influenza_centre,_national_institute_of_medical_research_(nimr)	centers_for_disease_control_and_prevention
A/Salekhard/RII-MH126987S/2022	research_institute_of_influenza,_ministry_of_healthcare_of_the_russian_federation	who_national_influenza_centre_russian_federation
A/Hubei-Xiantao/SWL2916/2023-egg	who_chinese_national_influenza_center	centers_for_disease_control_and_prevention
A/Hubei-Xiantao/SWL2916/2023	who_chinese_national_influenza_center	centers_for_disease_control_and_prevention
A/Ghana/7779/2023	noguchi_memorial_institute_for_medical_research_(nmimr)	centers_for_disease_control_and_prevention
A/Okinawa/231/2023	okinawa_prefectural_institute_of_health_and_environment	national_institute_of_infectious_diseases_(niid)
A/Saransk/RII-MH128688S/2022	research_institute_of_influenza,_ministry_of_healthcare_of_the_russian_federation	who_national_influenza_centre_russian_federation
A/Saransk/RII-MH128714S/2022	research_institute_of_influenza,_ministry_of_healthcare_of_the_russian_federation	who_national_influenza_centre_russian_federation
A/StPetersburg/RII-6390S/2022	research_institute_of_influenza,_ministry_of_healthcare_of_the_russian_federation	who_national_influenza_centre_russian_federation
A/Egypt/2337246/2022	ministry_of_health_and_population	crick_worldwide_influenza_centre
A/Roraima/2023-009661-IEC/2023	evandro_chagas_institute	evandro_chagas_institute
A/Venezuela/6670/2023	"instituto_nacional_de_higiene_""rafael_rangel"""	centers_for_disease_control_and_prevention
A/Venezuela/7111/2023	"instituto_nacional_de_higiene_""rafael_rangel"""	centers_for_disease_control_and_prevention
A/Moscow/34/2022	nic_russia,_ivanovsky_research_institute_of_virology	who_national_influenza_centre_russian_federation
A/Khabarovsk/55/2022	center_of_hygiene_and_epidemiology_in_khabarovsk_territory	who_national_influenza_centre_russian_federation
A/Khabarovsk/254/2023	center_of_hygiene_and_epidemiology_in_khabarovsk_territory	who_national_influenza_centre_russian_federation
A/Tver/107-l1V/2022	center_of_hygiene_and_epidemiology_in_tver_region	state_research_center_of_virology_and_biotechnology_(vector)
A/Khabarovsk/228/2022	center_of_hygiene_and_epidemiology_in_khabarovsk_territory	who_national_influenza_centre_russian_federation
A/Moscow/37/2022-egg	nic_russia,_ivanovsky_research_institute_of_virology	d.i._ivanovsky_research_institute_of_virology_moph_of__rf,moscow
A/Khabarovsk/RII-60/2022	center_of_hygiene_and_epidemiology_in_khabarovsk_territory	who_national_influenza_centre_russian_federation
A/Bhutan/1344/2023	royal_centre_for_disease_control	centers_for_disease_control_and_prevention
A/France/ARA-HCL024025495201/2024	cnr_virus_des_infections_respiratoires___france_sud	cnr_virus_des_infections_respiratoires,_france_sud
A/Malaysia/IMR-SARI1545/2023	hospital_tuanku_fauziah	national_institute_of_health,_malaysia
A/Maldives/1110/2023	ministry_of_health	centers_for_disease_control_and_prevention
A/Khabarovsk/185/2022	center_of_hygiene_and_epidemiology_in_khabarovsk_territory	who_national_influenza_centre_russian_federation
A/Khabarovsk/54/2022	center_of_hygiene_and_epidemiology_in_khabarovsk_territory	who_national_influenza_centre_russian_federation
A/StPetersburg/RII-9062S/2023	research_institute_of_influenza,_ministry_of_healthcare_of_the_russian_federation	who_national_influenza_centre_russian_federation
A/Luga/RII-7952S/2022	research_institute_of_influenza,_ministry_of_healthcare_of_the_russian_federation	who_national_influenza_centre_russian_federation
A/StPetersburg/RII-4119S/2022	research_institute_of_influenza,_ministry_of_healthcare_of_the_russian_federation	who_national_influenza_centre_russian_federation
A/StPetersburg/RII-5270S/2022	research_institute_of_influenza,_ministry_of_healthcare_of_the_russian_federation	who_national_influenza_centre_russian_federation
A/StPetersburg/RII-19/2022	research_institute_of_influenza,_ministry_of_healthcare_of_the_russian_federation	who_national_influenza_centre_russian_federation
A/StPetersburg/RII-10378S/2023	research_institute_of_influenza,_ministry_of_healthcare_of_the_russian_federation	who_national_influenza_centre_russian_federation
A/Stavropol/RII-MH123244S/2022	research_institute_of_influenza,_ministry_of_healthcare_of_the_russian_federation	who_national_influenza_centre_russian_federation
A/Saransk/RII-MH129890S/2023	research_institute_of_influenza,_ministry_of_healthcare_of_the_russian_federation	who_national_influenza_centre_russian_federation
A/Astrakhan/RII-11/2022	center_of_hygiene_and_epidemiology_in_astrakhan_region	who_national_influenza_centre_russian_federation
A/Linkoping/11/2022	klinisk_mikrobiologi,_universitetssjukhuset_linkoping	public_health_agency_of_sweden
A/Krasnoyarsk/RII-MH129581S/2022	center_of_hygiene_and_epidemiology_in_krasnoyarsk_krai	who_national_influenza_centre_russian_federation
A/Moscow/37/2022	nic_russia,_ivanovsky_research_institute_of_virology	who_national_influenza_centre_russian_federation
A/Vologda/RII-01/2022	center_of_hygiene_and_epidemiology_in_vologda_oblast	who_national_influenza_centre_russian_federation
A/Kyzyl/RII-MH128601S/2022	research_institute_of_influenza,_ministry_of_healthcare_of_the_russian_federation	who_national_influenza_centre_russian_federation
A/Astrakhan/RII-MH129964S/2023	research_institute_of_influenza,_ministry_of_healthcare_of_the_russian_federation	who_national_influenza_centre_russian_federation
A/Khabarovsk/RII-91/2022	center_of_hygiene_and_epidemiology_in_khabarovsk_territory	who_national_influenza_centre_russian_federation
A/StPetersburg/RII-8462S/2023	research_institute_of_influenza,_ministry_of_healthcare_of_the_russian_federation	who_national_influenza_centre_russian_federation
A/StPetersburg/RII-7712S/2022	research_institute_of_influenza,_ministry_of_healthcare_of_the_russian_federation	who_national_influenza_centre_russian_federation
A/StPetersburg/RII-7788S/2022	research_institute_of_influenza,_ministry_of_healthcare_of_the_russian_federation	who_national_influenza_centre_russian_federation
A/StPetersburg/RII-02/2023	research_institute_of_influenza,_ministry_of_healthcare_of_the_russian_federation	who_national_influenza_centre_russian_federation
A/Khabarovsk/245/2022	center_of_hygiene_and_epidemiology_in_khabarovsk_territory	who_national_influenza_centre_russian_federation
A/Krasnoyarsk/RII-MH134828S/2023	center_of_hygiene_and_epidemiology_in_krasnoyarsk_krai	who_national_influenza_centre_russian_federation
A/Lao/1447/2023	national_center_for_laboratory_and_epidemiology	centers_for_disease_control_and_prevention
A/Vietnam/88/2023	pasteur_institute,_influenza_laboratory	centers_for_disease_control_and_prevention
A/TienGiang/GS88/2023	pasteur_institute,_influenza_laboratory	pasteur_institute_in_hochiminh_city
A/Arizona/16/2024	arizona_department_of_health_services	centers_for_disease_control_and_prevention
A/Guatemala/266/2023	laboratorio_nacional_de_salud_guatemala	centers_for_disease_control_and_prevention
A/Ethiopia/2611/2022	ethiopian_public_health_institute,_national_influenza_laboratory	centers_for_disease_control_and_prevention
A/Michigan/HFHSL360157818/2022	henry_ford_health_microbiology_laboratory	university_of_michigan
A/Argentina/2939/2023	intituto_nacional_de_epidemiologia	centers_for_disease_control_and_prevention
A/Abudhabi/15597/2023	reference_laboratory_for_infectious_disease_(surveillance_lab)	sheikh_khalifa_medical_city_(skmc)
A/Bangladesh/icddrb-1230809011/2023	international_centre_for_diarrhoeal_disease_research_(icddr,b)	international_centre_for_diarrhoeal_disease_research_(icddr,b)
A/Bangladesh/2230911015/2023	icddr,b_international_centre_for_diarrhoeal_disease_research,_bangladesh	centers_for_disease_control_and_prevention
A/Bangladesh/3110/2023	institute_of_epidemiology_disease_control_and_research_(iedcr)_&_bangladesh_national_influenza_centre_(nic)	centers_for_disease_control_and_prevention
A/Bangladesh/icddrb-3230809004/2023	international_centre_for_diarrhoeal_disease_research_(icddr,b)	international_centre_for_diarrhoeal_disease_research_(icddr,b)
A/Togo/668/2023	institute_national_d'hygiene	centers_for_disease_control_and_prevention
A/Para/2023-017616-IEC/2023	evandro_chagas_institute	evandro_chagas_institute
A/Para/2023-020940-IEC/2023	national_influenza_center	centers_for_disease_control_and_prevention
A/Ethiopia/2593/2022	ethiopian_public_health_institute,_national_influenza_laboratory	centers_for_disease_control_and_prevention
A/Senegal/1426/2023	institut_pasteur_de_dakar	institut_pasteur_de_dakar
A/Senegal/1429/2023	institut_pasteur_de_dakar	institut_pasteur_de_dakar
A/Missouri/14352/2023	u.s._air_force_school_of_aerospace_medicine_	u.s._air_force_school_of_aerospace_medicine
A/Bangladesh/4022/2023	icddr,b_international_centre_for_diarrhoeal_disease_research,_bangladesh	centers_for_disease_control_and_prevention
A/Cameroon/10667/2023	centre_pasteur_du_cameroun	crick_worldwide_influenza_centre
A/HongKong/2591/2023	government_virus_unit	centers_for_disease_control_and_prevention
A/Senegal/1382/2023	institut_pasteur_de_dakar	institut_pasteur_de_dakar
A/Singapore/GP10088/2023	ministry_of_health,_singapore	ministry_of_health,_singapore
A/Krasnoyarsk/RII-MH129590S/2023	center_of_hygiene_and_epidemiology_in_krasnoyarsk_krai	who_national_influenza_centre_russian_federation
A/CoteDIvoire/32/2023	pasteur_institut_of_côte_d'ivoire	centers_for_disease_control_and_prevention
A/CzechRepublic/1726/2023	national_institute_of_public_health	national_institute_of_public_health_(czech_republic)
A/Ghana/332/2023	noguchi_memorial_institute_for_medical_research_(nmimr)	centers_for_disease_control_and_prevention
A/Togo/426/2023	institute_national_d'hygiene	centers_for_disease_control_and_prevention
A/Singapore/SKH0005/2023	ministry_of_health,_singapore	ministry_of_health,_singapore
A/Zhejiang-Kecheng/SWL1219/2023	who_chinese_national_influenza_center	centers_for_disease_control_and_prevention
A/China/1383/2023	jiaxing_center_for_disease_control_and_prevention	zhejiang_provincial_center_for_disease_control_and_prevention
A/Lao/1980/2023	national_center_for_laboratory_and_epidemiology	centers_for_disease_control_and_prevention
A/China/1308/2023	jiaxing_center_for_disease_control_and_prevention	zhejiang_provincial_center_for_disease_control_and_prevention
A/Zhejiang-Kecheng/SWL1219/2023-egg	who_chinese_national_influenza_center	centers_for_disease_control_and_prevention
A/Zhejiang/20230517/2023	municipal_key_laboratory_of_virology,_ningbo_municipal_center_for_disease_control_and_prevention	
A/Chiba-C/17/2023	chiba_city_institute_of_health_and_environment	national_institute_of_infectious_diseases_(niid)
A/Bahrain/5101/2023	ministry_of_health_bahrain	centers_for_disease_control_and_prevention
A/Bhutan/2517/2023	royal_centre_for_disease_control	centers_for_disease_control_and_prevention
A/Bhutan/2546/2023	royal_centre_for_disease_control	centers_for_disease_control_and_prevention
A/Bangladesh/3308/2023	institute_of_epidemiology_disease_control_and_research_(iedcr)_&_bangladesh_national_influenza_centre_(nic)	centers_for_disease_control_and_prevention
A/France/ARA-HCL024009984301/2024	cnr_virus_des_infections_respiratoires___france_sud	cnr_virus_des_infections_respiratoires,_france_sud
A/Singapore/SAR0011/2024	ministry_of_health,_singapore	ministry_of_health,_singapore
A/Brisbane/503/2023	queensland_children's_hospital	who_collaborating_centre_for_reference_and_research_on_influenza
A/CzechRepublic/2855/2023-egg	national_institute_of_public_health	crick_worldwide_influenza_centre
A/CzechRepublic/2855/2023	national_institute_of_public_health	crick_worldwide_influenza_centre
A/France/BRE-RELAB-IPP33518/2023	institut_pasteur	institut_pasteur
A/Baltimore/JH-26/2023	johns_hopkins_school_of_medicine	johns_hopkins_school_of_medicine
A/India/PUN-NIVCOV24796/2024	icmr_national_institute_of_virology	icmr_national_institute_of_virology
A/Nebraska/60/2024	nebraska_public_health_lab	centers_for_disease_control_and_prevention
A/California/LACPHL-INF00392/2024	los_angeles_county_public_health_laboratories,_lab_microbial_pathogen_submission_group	
A/Chanthaburi/F2129/2024	thai_national_influenza_center	thai_national_influenza_center
A/Darwin/1627a/2024	royal_darwin_hospital	who_collaborating_centre_for_reference_and_research_on_influenza
A/Queensland/IN000115/2024	qld,_sullivan_nicolaides_pathology	public_and_environmental_health_reference_laboratories_(pehrl)
A/Wisconsin/NIRC-IS-1120/2025	wisconsin_state_laboratory_of_hygiene	centers_for_disease_control_and_prevention
A/Hessen/48/2025	robert_koch_institute_nationales_referenzzentrum_für_influenza	robert_koch_institute_nationales_referenzzentrum_für_influenza
A/Mississippi/18/2025	mississippi_public_health_laboratory	centers_for_disease_control_and_prevention
A/Queensland/IN000413/2024	pathology_queensland	public_and_environmental_health_reference_laboratories_(pehrl)
A/Perth/1025/2024	pathwest_qe_ii_medical_centre	who_collaborating_centre_for_reference_and_research_on_influenza
A/Queensland/IN000673/2024	pathology_queensland	public_and_environmental_health_reference_laboratories_(pehrl)
A/France/PAC-RELAB-HCL024172695501/2024	cnr_virus_des_infections_respiratoires___france_sud	cnr_virus_des_infections_respiratoires,_france_sud
A/Wellington/61/2024	institute_of_environmental_science_&_research	centers_for_disease_control_and_prevention
A/Queensland/IN000419/2024	pathology_queensland	public_and_environmental_health_reference_laboratories_(pehrl)
A/Hiroshima/40/2024	center_for_public_health_and_environment,_hiroshima_prefectural_technology_research_institute	national_institute_of_infectious_diseases_(niid)
A/PhraNakhonSiAyutthaya/P985/2024	thai_national_influenza_center	thai_national_influenza_center
A/Denmark/1700/2023	statens_serum_institute	crick_worldwide_influenza_centre
A/Tunisia/3493/2024	national_influenza_centre_tunis,_unit_virology,_microbiology_laboratory,_charles_nicolle's_hospital	crick_worldwide_influenza_centre
A/Para/19733-IEC/2024	evandro_chagas_institute	evandro_chagas_institute
A/Kanagawa/AC2408/2025	national_institute_of_infectious_diseases_(niid)	national_institute_of_infectious_diseases_(niid)
A/HongKong/7497/2024	government_virus_unit	centers_for_disease_control_and_prevention
A/HongKong/2513/2024	hong_kong_department_of_health	hong_kong_department_of_health_,_public_health_laboratory_services_branch
A/Michigan/MIS-L373446114/2024	university_of_michigan,_lauring_lab,_department_of_microbiology_and_immunology	
A/Kenya/108/2024	cdc_kenya	centers_for_disease_control_and_prevention
A/RheinlandPfalz/10/2023	robert_koch_institute_nationales_referenzzentrum_für_influenza	robert_koch_institute_nationales_referenzzentrum_fur_influenza
A/Abudhabi/4463/2024	reference_laboratory_for_infectious_disease_(surveillance_lab)	sheikh_khalifa_medical_city_(skmc)
A/Ibra/7241609/2024	central_public_health_laboratory,_ministry_of_health	crick_worldwide_influenza_centre
A/Abudhabi/4511/2024	reference_laboratory_for_infectious_disease_(surveillance_lab)	sheikh_khalifa_medical_city_(skmc)
A/England/240220590/2024	uk_health_security_agency___colindale	uk_health_security_agency___colindale
A/Alagoas/2442/2024	laboratório_central_de_saúde_pública_de_alagoas,_lacen_al	instituto_oswaldo_cruz_fiocruz___laboratory_of_respiratory_viruses_and_measles_(lvrs)
A/Bahia/293469171/2024	laboratório_central_de_saúde_pública_professor_gonçalo_moniz,_lacen_ba	laboratório_central_de_saúde_publica_do_estado_da_bahia
A/Tokyo/EIS10-585/2024	national_institute_of_infectious_diseases_(niid)	national_institute_of_infectious_diseases_(niid)
A/RioGrandedoSul/9451/2024	lacen/rs___laboratório_central_de_saúde_pública_do_rio_grande_do_sul	instituto_oswaldo_cruz_fiocruz___laboratory_of_respiratory_viruses_and_measles_(lvrs)
A/SaoPaulo/357633989-IAL/2024	instituto_adolfo_lutz	centers_for_disease_control_and_prevention
A/Okinawa/327/2024	okinawa_prefectural_institute_of_health_and_environment	national_institute_of_infectious_diseases_(niid)
A/HongKong/783/2024	government_virus_unit	crick_worldwide_influenza_centre
A/HongKong/590/2024	government_virus_unit	crick_worldwide_influenza_centre
A/England/240140718/2024	uk_health_security_agency___colindale	ukhsa_/_respiratory_virus_unit
A/Alagoas/CEVI_24001117/2024	instituto_butantan	instituto_butantan
A/Alagoas/CEVI_24001120/2024	instituto_butantan	instituto_butantan
A/Alagoas/3052/2024	laboratório_central_de_saúde_pública_de_alagoas,_lacen_al	oswaldo_cruz_foundation
B/Switzerland/SPFL134075/2024	swiss_national_reference_centre_for_influenza	
A/Morocco/1262/2024	institut_national_d'hygiène	crick_worldwide_influenza_centre
A/England/240700737/2024	uk_health_security_agency___colindale	ukhsa_/_respiratory_virus_unit
A/RioGrandedoSul/9465/2024	lacen/rs___laboratório_central_de_saúde_pública_do_rio_grande_do_sul	instituto_oswaldo_cruz_fiocruz___laboratory_of_respiratory_viruses_and_measles_(lvrs)
A/Sergipe/7971/2024	lacen/se___laboratório_central_de_saúde_pública_de_sergipe___instituto_parreira_horta	oswaldo_cruz_foundation
A/Abudhabi/8833/2024	reference_laboratory_for_infectious_disease_(surveillance_lab)	sheikh_khalifa_medical_city_(skmc)
A/Bangladesh/icddrb-1240414005/2024	international_centre_for_diarrhoeal_disease_research_(icddr,b)	international_centre_for_diarrhoeal_disease_research_(icddr,b)
A/India/Baroda-NIV24_1228/2024	icmr_national_institute_of_virology	icmr_national_institute_of_virology
A/Abudhabi/15437/2023	reference_laboratory_for_infectious_disease_(surveillance_lab)	sheikh_khalifa_medical_city_(skmc)
A/Khanty-Mansi/65-1V/2024	fbuz_gygiene_and_epidemiology_centre_khanty_mansi_autonomous_okrug_yugra_	state_research_center_of_virology_and_biotechnology_(vector)
A/Gyeonggi/422/2025	korea_disease_control_and_prevention_agency_(kdca)	korea_disease_control_and_prevention_agency_(kdca)
A/Michigan/UM-10061497758/2024	university_of_michigan,_lauring_lab,_department_of_microbiology_and_immunology	
A/Ohio/107/2025	university_hospitals_cleveland_medical_center	centers_for_disease_control_and_prevention
A/Minnesota/ISC-1063/2025	minnesota_department_of_health	centers_for_disease_control_and_prevention
A/Michigan/UM-10062124182/2025	university_of_michigan,_lauring_lab,_department_of_microbiology_and_immunology	
A/Minnesota/ISC-1281/2025	minnesota_department_of_health	centers_for_disease_control_and_prevention
A/Michigan/UM-10062008938/2025	university_of_michigan,_lauring_lab,_department_of_microbiology_and_immunology	
A/Michigan/UM-10062140380/2025	university_of_michigan,_lauring_lab,_department_of_microbiology_and_immunology	
A/Sweden/SE25-03051/2025	public_health_agency_of_sweden	public_health_agency_of_sweden
A/ChiangRai/F336/2025	thai_national_influenza_center	thai_national_influenza_center
A/ChiangRai/F451/2025	thai_national_influenza_center	thai_national_influenza_center
A/ChiangRai/F414/2025	thai_national_influenza_center	thai_national_influenza_center
A/Indonesia/BIOKES-A8DC125/2025	balai_besar_laboratorium_biologi_kesehatan	balai_besar_laboratorium_biologi_kesehatan
A/SuratThani/F402/2025	thai_national_influenza_center	thai_national_influenza_center
A/Malaysia/IMR-SARI0321/2025	hospital_sultanah_aminah	institute_for_medical_research
A/Vietnam/PF424424/2025	bach_mai_hospital	bach_mai_hospital
A/Vietnam/PF224449/2024	bach_mai_hospital	bach_mai_hospital
A/India/1507/2024	national_institute_of_virology	centers_for_disease_control_and_prevention
A/Bhutan/1607/2024	royal_centre_for_disease_control	centers_for_disease_control_and_prevention
A/Bhutan/529/2024	royal_centre_for_disease_control	centers_for_disease_control_and_prevention
A/Singapore/TT1418/2024	ministry_of_health,_singapore	ministry_of_health,_singapore
A/Lao/819-2685/2025	lao_oxford_mahosot_wellcome_trust_research_unit_(lomwru)	moru_tropical_health_network
A/Victoria/889/2024	austin_health	who_collaborating_centre_for_reference_and_research_on_influenza
A/SuratThani/F1466/2024	thai_national_influenza_center	thai_national_influenza_center
A/Thailand/2761/2024	who_national_influenza_centre,_national_institute_of_medical_research_(nimr)	centers_for_disease_control_and_prevention
A/Kanagawa/AC2405/2024	national_institute_of_infectious_diseases_(niid)	national_institute_of_infectious_diseases_(niid)
A/Kanagawa/IC2423/2025	national_institute_of_infectious_diseases_(niid)	national_institute_of_infectious_diseases_(niid)
A/India/PUN-NIVCOV241007/2024	icmr_national_institute_of_virology	icmr_national_institute_of_virology
A/India/Pun-Nivcov2410070/2024	national_institute_of_virology	centers_for_disease_control_and_prevention
A/SouthAfrica/NHLS-UCT-K061947/2024	national_health_laboratory_services,_university_of_cape_town	center_for_epidemic_response_and_innovation_(ceri)
A/SouthAfrica/PATH-CERI-K062643/2024	pathcare	center_for_epidemic_response_and_innovation_(ceri)
A/SouthAfrica/PATH-CERI-K062712/2024	pathcare	center_for_epidemic_response_and_innovation_(ceri)
A/SouthAfrica/R03580/2024	national_institute_for_communicable_diseases_(nicd)	national_institute_for_communicable_diseases_(nicd)
A/Tokyo/EIS10-732/2024	national_institute_of_infectious_diseases_(niid)	national_institute_of_infectious_diseases_(niid)
A/SouthAfrica/NHLS-SU-CERI-K062110/2024	national_health_laboratory_service,_stellenbosch_university	center_for_epidemic_response_and_innovation_(ceri)
A/SuratThani/F485/2025	thai_national_influenza_center	thai_national_influenza_center
A/Netherlands/10344/2025	national_institute_for_public_health_and_the_environment_(rivm)	national_institute_for_public_health_and_the_environment_(rivm)
A/SouthAfrica/R02739/2024	national_institute_for_communicable_diseases_(nicd)	national_institute_for_communicable_diseases_(nicd)
A/SouthAfrica/NHLS-SU-CERI-K062109/2024	national_health_laboratory_service,_stellenbosch_university	center_for_epidemic_response_and_innovation_(ceri)
A/SouthAfrica/R03602/2024	national_institute_for_communicable_diseases_(nicd)	national_institute_for_communicable_diseases_(nicd)
A/SouthAfrica/PATH-CERI-K062606/2024	pathcare	center_for_epidemic_response_and_innovation_(ceri)
A/SouthAfrica/R05436/2024	national_institute_for_communicable_diseases_(nicd)	national_institute_for_communicable_diseases_(nicd)
A/Zambia/230/2024	university_teaching_hospital,_moh_zambia	centers_for_disease_control_and_prevention
A/Zambia/92/2024	university_teaching_hospital,_moh_zambia	centers_for_disease_control_and_prevention
A/Zambia/82/2024	university_teaching_hospital,_moh_zambia	centers_for_disease_control_and_prevention
A/SouthAfrica/3989/2024	national_institute_for_communicable_disease	centers_for_disease_control_and_prevention
A/Thailand/2764/2024	who_national_influenza_centre,_national_institute_of_medical_research_(nimr)	centers_for_disease_control_and_prevention
A/SouthAfrica/4852/2024	national_institute_for_communicable_disease	centers_for_disease_control_and_prevention
A/AbuDhabi/4564/2023	shaikh_khalifa_medical_city	centers_for_disease_control_and_prevention
A/Egypt/HT220710/2022	center_of_scientific_excellence_for_influenza_viruses,_national_research_centre_(nrc),_egypt.	center_of_scientific_excellence_for_influenza_viruses,_national_research_centre_(nrc),_egypt.
A/BadenWurttemberg/24/2023	robert_koch_institute_nationales_referenzzentrum_für_influenza	robert_koch_institute_nationales_referenzzentrum_f?r_influenza
A/France/ARA-HCL023026208801/2023	cnr_virus_des_infections_respiratoires___france_sud	cnr_virus_des_infections_respiratoires,_france_sud
A/Saopaulo/CEVI_2300431/2023	instituto_butantan	instituto_butantan
A/Togo/1389/2023	institute_national_d'hygiene	crick_worldwide_influenza_centre
A/RasAlKhaimah/11789/2023	shaikh_khalifa_medical_city	centers_for_disease_control_and_prevention
A/CastillaLaMancha/455/2024	instituto_de_salud_carlos_iii	instituto_de_salud_carlos_iii
A/Bhutan/1345/2023	royal_centre_for_disease_control	centers_for_disease_control_and_prevention
A/Bahrain/2557/2023	ministry_of_health_bahrain	centers_for_disease_control_and_prevention
A/Spain/121/2023	universidad_de_valladolid	crick_worldwide_influenza_centre
A/Ceuta/240086/2023	servicio_de_microbiología_hospital_universitario_de_ceuta	instituto_de_salud_carlos_iii
A/Queensland/IN000106/2024	qld,_sullivan_nicolaides_pathology	public_and_environmental_health_reference_laboratories_(pehrl)
A/Pakistan/NIC/ICT/2819/2024	national_institute_of_health	national_institute_of_health,_pakistan
A/Galicia/GA-CHUAC-240/2025	a_coruna_university_hospital_complex_(chuac)	hospital_universitario_de_a_coruña
A/Pakistan/NIC/SW/154/2025	national_institute_of_health	national_institute_of_health_pakistan
A/Austria/1678548/2024	university_of_vienna	crick_worldwide_influenza_centre
A/Singapore/SAR0135/2024	ministry_of_health,_singapore	ministry_of_health,_singapore
A/Brandenburg/29/2024	robert_koch_institute_nationales_referenzzentrum_für_influenza	robert_koch_institute_nationales_referenzzentrum_für_influenza
A/Berlin/57/2023	robert_koch_institute_nationales_referenzzentrum_für_influenza	robert_koch_institute_nationales_referenzzentrum_fur_influenza
A/Austria/1678861/2024	university_of_vienna	crick_worldwide_influenza_centre
A/Austria/1678861/2024-egg	seasonal_h1n1pdm	pb1
A/Switzerland/7549/2024-egg	seasonal_h1n1pdm	pb1
A/Switzerland/7549/2024	swiss_national_reference_centre_for_influenza	crick_worldwide_influenza_centre
A/Amapa/19051-IEC/2024	evandro_chagas_institute	evandro_chagas_institute
A/Switzerland/74135/2024-egg	seasonal_h1n1pdm	pb1
A/Switzerland/74135/2024	swiss_national_reference_centre_for_influenza	crick_worldwide_influenza_centre
A/Darwin/307/2024	royal_darwin_hospital	who_collaborating_centre_for_reference_and_research_on_influenza
A/Netherlands/10127/2024	national_institute_for_public_health_and_the_environment_(rivm)	national_institute_for_public_health_and_the_environment_(rivm)
A/Guyana/6157/2024	national_public_health_reference_laboratory	centers_for_disease_control_and_prevention
A/Switzerland/18849/2024-egg	seasonal_h1n1pdm	pb1
A/Switzerland/18849/2024	swiss_national_reference_centre_for_influenza	crick_worldwide_influenza_centre
A/England/235120379/2023	uk_health_security_agency___colindale	ukhsa_/_respiratory_virus_unit
A/Tokyo/EIS10-587/2024	national_institute_of_infectious_diseases_(niid)	centers_for_disease_control_and_prevention
A/NakhonPhanom/P5088/2023	thai_national_influenza_center	thai_national_influenza_center
A/Bhutan/624/2023	royal_centre_for_disease_control	centers_for_disease_control_and_prevention
A/Bhutan/1672/2023	royal_centre_for_disease_control	centers_for_disease_control_and_prevention
A/Bhutan/543/2023	royal_centre_for_disease_control	centers_for_disease_control_and_prevention
A/Singapore/TT0851/2023	ministry_of_health,_singapore	ministry_of_health,_singapore
A/Austria/1678276/2024-egg	seasonal_h1n1pdm	pb1
A/Austria/1678276/2024	university_of_vienna	crick_worldwide_influenza_centre
A/NelsonMarlborough/16/2024	institute_of_environmental_science_&_research	centers_for_disease_control_and_prevention
A/Abudhabi/6548/2024	reference_laboratory_for_infectious_disease_(surveillance_lab)	sheikh_khalifa_medical_city_(skmc)
A/Switzerland/88489/2024-egg	seasonal_h1n1pdm	pb1
A/Switzerland/88489/2024	swiss_national_reference_centre_for_influenza	crick_worldwide_influenza_centre
A/Austria/1678548/2024-egg	seasonal_h1n1pdm	pb1
A/France/NAQ-HCL024017937601/2024	cnr_virus_des_infections_respiratoires___france_sud	cnr_virus_des_infections_respiratoires,_france_sud
A/Austria/1679753/2024-egg	seasonal_h1n1pdm	pb1
A/Austria/1679753/2024	university_of_vienna	crick_worldwide_influenza_centre
A/Queensland/IN000184/2024	pathology_queensland	public_and_environmental_health_reference_laboratories_(pehrl)
A/Bangladesh/icddrb-1240409013/2024	international_centre_for_diarrhoeal_disease_research_(icddr,b)	international_centre_for_diarrhoeal_disease_research_(icddr,b)
A/Oman/CPHL_52425225/2024	central_public_health_laboratories_oman	ministry_of_health,_central_public_health_laboratory
A/Singapore/CGH0065/2024	ministry_of_health,_singapore	ministry_of_health,_singapore
A/India/PUN-NIVCOV242387/2024	icmr_national_institute_of_virology	icmr_national_institute_of_virology
A/Ontario/RV04996/2024	national_microbiology_laboratory,_public_health_agency_of_canada_(phac)	centers_for_disease_control_and_prevention
A/HongKong/578/2025	hong_kong_department_of_health	hong_kong_department_of_health
A/France/BRE-RELAB-IPP02074/2025	institut_pasteur	institut_pasteur
A/Colorado/ISC-1033/2025	colorado_department_of_health_lab	centers_for_disease_control_and_prevention
A/Michigan/UM-10061573900/2025	university_of_michigan,_lauring_lab,_department_of_microbiology_and_immunology	
A/BritishColumbia/PHL-2231/2025	b.c._centre_for_disease_control	public_health_agency_of_canada
A/SouthDakota/79/2024	south_dakota_public_health_lab	centers_for_disease_control_and_prevention
A/India/5676/2023	national_institute_of_virology	centers_for_disease_control_and_prevention
A/CoteDIvoire/873/2024	pasteur_institut_of_côte_d'ivoire	centers_for_disease_control_and_prevention
A/CoteDIvoire/3009/2024	pasteur_institut_of_côte_d'ivoire	institut_pasteur_de_côte_d'ivoire
A/CoteDIvoire/2479/2024	pasteur_institut_of_côte_d'ivoire	centers_for_disease_control_and_prevention
A/Tokyo/EIS10-799/2024	national_institute_of_infectious_diseases_(niid)	national_institute_of_infectious_diseases_(niid)
A/Volzhsk/RII-01/2024	who_national_influenza_centre_russian_federation	who_national_influenza_centre_russian_federation
A/India/PUN-NIV24_741/2024	icmr_national_institute_of_virology	icmr_national_institute_of_virology
A/Vietnam/9882/2024	pasteur_institute,_influenza_laboratory	centers_for_disease_control_and_prevention
A/Vietnam/PF325010/2025	bach_mai_hospital	bach_mai_hospital
A/Tokyo/EIS10-499/2024	national_institute_of_infectious_diseases_(niid)	national_institute_of_infectious_diseases_(niid)
A/Vietnam/GS415/2024	pasteur_institute,_influenza_laboratory	pasteur_institute_ho_chi_minh_city
A/SouthAustralia/2500806372/2025	sa_pathology	sa_pathology_laboratory
A/Cheboksary/RII-MH223459S/2025	research_institute_of_influenza,_ministry_of_healthcare_of_the_russian_federation	who_national_influenza_centre_russian_federation
A/France/OCC-RELAB-HCL025040232701/2025	cnr_virus_des_infections_respiratoires___france_sud	cnr_virus_des_infections_respiratoires,_france_sud
A/Abudhabi/3136/2024	reference_laboratory_for_infectious_disease_(surveillance_lab)	sheikh_khalifa_medical_city_(skmc)
A/StPetersburg/RII-MH222453S/2025	research_institute_of_influenza,_ministry_of_healthcare_of_the_russian_federation	who_national_influenza_centre_russian_federation
A/India/Pune-NIV235524/2023	icmr_national_institute_of_virology	icmr_national_institute_of_virology
A/Antsirabe/1918/2024	institut_pasteur_de_madagascar	crick_worldwide_influenza_centre
A/India/Baroda-NIV24_1302/2024	icmr_national_institute_of_virology	icmr_national_institute_of_virology
A/Abudhabi/6439/2024	reference_laboratory_for_infectious_disease_(surveillance_lab)	sheikh_khalifa_medical_city_(skmc)
A/Colorado/180/2024	colorado_department_of_health_lab	centers_for_disease_control_and_prevention
A/HongKong/93/2025	hong_kong_department_of_health	hong_kong_department_of_health
A/HongKong/218/2025	hong_kong_department_of_health	hong_kong_department_of_health
A/Queensland/IN000770/2024	qld,_sullivan_nicolaides_pathology	public_and_environmental_health_reference_laboratories_(pehrl)
A/Osaka/40/2024	osaka_prefectural_institute_of_public_health	national_institute_of_infectious_diseases_(niid)
A/HongKong/250/2025	hong_kong_department_of_health	hong_kong_department_of_health
A/HongKong/INF033/2025	state_key_laboratory_of_emerging_infectious_diseases	the_university_of_hong_kong
A/StPetersburg/RII-MH222387S/2025	research_institute_of_influenza,_ministry_of_healthcare_of_the_russian_federation	who_national_influenza_centre_russian_federation
A/HongKong/EPI0993/2025	university_of_hong_kong,_school_of_public_health,_who_collaborating_centre_for_infectious_disease_epidemiology_and_control	
A/Sydney/127/2024	clinical_virology_unit,_cdim	who_collaborating_centre_for_reference_and_research_on_influenza
A/BadenWurttemberg/155/2024	robert_koch_institute_nationales_referenzzentrum_für_influenza	robert_koch_institute_nationales_referenzzentrum_für_influenza
A/Queensland/IN000190/2024	pathology_queensland	public_and_environmental_health_reference_laboratories_(pehrl)
A/Cambodia/ISVR240096/2024	national_institute_of_public_health	national_institute_of_public_health
A/Guangdong-Dongwanbendi/SWL2511/2024-egg	who_chinese_national_influenza_center	centers_for_disease_control_and_prevention
A/Guangdong-Dongwanbendi/SWL2511/2024	who_chinese_national_influenza_center	centers_for_disease_control_and_prevention
A/HongKong/1974/2024	hong_kong_department_of_health	hong_kong_department_of_health_,_public_health_laboratory_services_branch
A/Jeju/3942/2024	national_institute_of_health	national_institute_of_infectious_diseases_(niid)
A/HongKong/1619/2024	hong_kong_department_of_health	hong_kong_department_of_health_,_public_health_laboratory_services_branch
A/Singapore/IMH0033/2024	ministry_of_health,_singapore	ministry_of_health,_singapore
A/Philippines/27/2024	research_institute_of_tropical_medicine	who_collaborating_centre_for_reference_and_research_on_influenza
A/Fukui/12/2024	fukui_prefectural_institute_of_public_health	national_institute_of_infectious_diseases_(niid)
A/Seoul/465/2025	korea_disease_control_and_prevention_agency_(kdca)	korea_disease_control_and_prevention_agency_(kdca)
A/Shanghai-Putuo/SWL1666/2024-egg	who_chinese_national_influenza_center	centers_for_disease_control_and_prevention
A/Shanghai-Putuo/SWL1666/2024	who_chinese_national_influenza_center	centers_for_disease_control_and_prevention
A/Lao/820-2345/2024	lao_oxford_mahosot_wellcome_trust_research_unit_(lomwru)	moru_tropical_health_network
A/HongKong/433/2025	hong_kong_department_of_health	hong_kong_department_of_health
A/HongKong/375/2025	hong_kong_department_of_health	hong_kong_department_of_health
A/HongKong/VB24086770/2024	hong_kong_department_of_health	hong_kong_department_of_health_,_public_health_laboratory_services_branch
A/HongKong/VB24118229/2024	hong_kong_department_of_health	hong_kong_department_of_health_,_public_health_laboratory_services_branch
A/Vietnam/PF124376/2024	bach_mai_hospital	bach_mai_hospital
A/Shanghai-Huangpu/SWL1456/2024-egg	who_chinese_national_influenza_center	centers_for_disease_control_and_prevention
A/Jiaxing/SWL1974/2024-egg	jiaxing_cdc	zhejiang_provincial_center_for_disease_control_and_prevention
A/California/LACPHL-INF00659/2024	los_angeles_county_public_health_laboratories,_lab_microbial_pathogen_submission_group	
A/Singapore/GP8936/2024	ministry_of_health,_singapore	ministry_of_health,_singapore
A/Haidian/3-127/2024	haidian_center_for_disease_control_and_prevention	haidian_district_center_for_disease_control_and_prevention
A/HongKong/2229/2024	hong_kong_department_of_health	hong_kong_department_of_health_,_public_health_laboratory_services_branch
A/Bahia/95/2025	laboratório_central_de_saúde_pública_professor_gonçalo_moniz,_lacen_ba	instituto_oswaldo_cruz_fiocruz___laboratory_of_respiratory_viruses_and_measles_(lvrs)
A/HongKong/158/2024	government_virus_unit	centers_for_disease_control_and_prevention
A/SouthAustralia/2502313775/2025	sa_pathology	sa_pathology_laboratory
A/Colorado/164/2024	colorado_department_of_health_lab	centers_for_disease_control_and_prevention
A/Malaysia/MKAI_CL17260/2025	klinik_kesihatan_jalan_perak	public_health_laboratory_ipoh
A/Tokyo/EIS10-820/2024	national_institute_of_infectious_diseases_(niid)	national_institute_of_infectious_diseases_(niid)
A/Gwangju/4011/2024	korea_disease_control_and_prevention_agency_(kdca)	korea_disease_control_and_prevention_agency_(kdca)
A/HongKong/1592/2024	hong_kong_department_of_health	hong_kong_department_of_health_,_public_health_laboratory_services_branch
A/Tokyo/EIS10-059/2024	national_institute_of_infectious_diseases_(niid)	national_institute_of_infectious_diseases_(niid)
A/HongKong/EPI0982/2025	university_of_hong_kong,_school_of_public_health,_who_collaborating_centre_for_infectious_disease_epidemiology_and_control	
A/HongKong/GIHSN-HKU-250324-004/2025	the_university_of_hong_kong_	the_university_of_hong_kong_
A/HongKong/VB24120134/2024	hong_kong_department_of_health	hong_kong_department_of_health_,_public_health_laboratory_services_branch
A/Taiwan/C21543/2024	taiwan_centers_for_disease_control	taiwan_centers_for_disease_control
A/HongKong/92/2025	hong_kong_department_of_health	hong_kong_department_of_health
A/Victoria/3343/2024	alfred_hospital	who_collaborating_centre_for_reference_and_research_on_influenza
A/France/OCC-RELAB-HCL025038032901/2025	cnr_virus_des_infections_respiratoires___france_sud	cnr_virus_des_infections_respiratoires,_france_sud
A/StPetersburg/RII-MH224572S/2025	research_institute_of_influenza,_ministry_of_healthcare_of_the_russian_federation	who_national_influenza_centre_russian_federation
A/Queensland/IN000398/2024	mater_pathology	public_and_environmental_health_reference_laboratories_(pehrl)
A/HongKong/GIHSN-HKU-250324-008/2025	the_university_of_hong_kong_	the_university_of_hong_kong_
A/SouthAustralia/2503108113/2025	sa_pathology	sa_pathology_laboratory
A/Japan/15357/2025	u.s._air_force_school_of_aerospace_medicine_	u.s._air_force_school_of_aerospace_medicine
A/Japan/15356/2025	u.s._air_force_school_of_aerospace_medicine_	u.s._air_force_school_of_aerospace_medicine
A/Bangkok/P1993/2024	thai_national_influenza_center	thai_national_influenza_center
A/HongKong/VB24101884/2024	hong_kong_department_of_health	hong_kong_department_of_health_,_public_health_laboratory_services_branch
A/Abudhabi/15544/2024	reference_laboratory_for_infectious_disease_(surveillance_lab)	sheikh_khalifa_medical_city_(skmc)
A/India/PUN-NIVCOV241523/2024	icmr_national_institute_of_virology	icmr_national_institute_of_virology
A/Bhutan/3031/2024	royal_centre_for_disease_control	centers_for_disease_control_and_prevention
A/Vietnam/GS452/2024	pasteur_institute,_influenza_laboratory	pasteur_institute_ho_chi_minh_city
A/HongKong/2732/2024	hong_kong_department_of_health	hong_kong_department_of_health
A/Maldives/1344/2024	ministry_of_health	centers_for_disease_control_and_prevention
A/Maldives/1663/2024	ministry_of_health	centers_for_disease_control_and_prevention
A/Maldives/1288/2024	ministry_of_health	centers_for_disease_control_and_prevention
A/StPetersburg/RII-MH225276S/2025	research_institute_of_influenza,_ministry_of_healthcare_of_the_russian_federation	who_national_influenza_centre_russian_federation
A/StPetersburg/RII-MH225516S/2025	research_institute_of_influenza,_ministry_of_healthcare_of_the_russian_federation	who_national_influenza_centre_russian_federation
A/StPetersburg/RII-MH225948S/2025	research_institute_of_influenza,_ministry_of_healthcare_of_the_russian_federation	who_national_influenza_centre_russian_federation
A/StPetersburg/RII-MH224576S/2025	research_institute_of_influenza,_ministry_of_healthcare_of_the_russian_federation	who_national_influenza_centre_russian_federation
A/India/PUN-NIVCOV241339/2024	icmr_national_institute_of_virology	icmr_national_institute_of_virology
A/NakhonPathom/THIS026/2024	thai_national_influenza_center	thai_national_influenza_center
A/California/LACPHL-INF01029/2024	los_angeles_county_public_health_laboratories,_lab_microbial_pathogen_submission_group	
A/Malaysia/TIDREC_KLA-AUFI366/2025	tropical_infectious_diseases_research_and_education_centre_(tidrec),_universiti_malaya	university_of_malaya
A/Guam/15354/2025	u.s._air_force_school_of_aerospace_medicine_	u.s._air_force_school_of_aerospace_medicine
A/Nagano/2342/2024	nagano_environmental_conservasion_research_institute	national_institute_of_infectious_diseases_(niid)
A/Nagano/2386/2024	nagano_environmental_conservasion_research_institute	national_institute_of_infectious_diseases_(niid)
A/Nagano/2444/2024	nagano_environmental_conservasion_research_institute	national_institute_of_infectious_diseases_(niid)
A/NewBrunswick/NBPHLFLU14A-MM00002U/2025	hôpital_georges_l._dumont	hôpital_georges_l.dumont
A/Bhutan/3117/2024	royal_centre_for_disease_control	centers_for_disease_control_and_prevention
A/Permskiy/93-3V/2024	center_of_hygiene_and_epidemiology_in_primorie_territory	state_research_center_of_virology_and_biotechnology_(vector)
A/India/PUN-NIV24_1333/2024	icmr_national_institute_of_virology	icmr_national_institute_of_virology
A/Indonesia/BIOKES-IMDN003/2024	balai_besar_laboratorium_biologi_kesehatan	balai_besar_laboratorium_biologi_kesehatan
A/France/ARA-HCL025006103801/2025	cnr_virus_des_infections_respiratoires___france_sud	cnr_virus_des_infections_respiratoires,_france_sud
A/France/CVL-IPP15043/2024	institut_pasteur	institut_pasteur
A/England/5001241/2024	uk_health_security_agency___colindale	ukhsa_/_respiratory_virus_unit
A/France/CVL-RELAB-HCL024198344001/2024	cnr_virus_des_infections_respiratoires___france_sud	cnr_virus_des_infections_respiratoires,_france_sud
A/Iran/12U29/2024	tehran_university_of_medical_sciences	crick_worldwide_influenza_centre
A/England/5221094/2024	uk_health_security_agency___colindale	ukhsa_/_respiratory_virus_unit
A/StPetersburg/RII-MH222487S/2025	research_institute_of_influenza,_ministry_of_healthcare_of_the_russian_federation	who_national_influenza_centre_russian_federation
A/StPetersburg/RII-MH224283S/2025	research_institute_of_influenza,_ministry_of_healthcare_of_the_russian_federation	who_national_influenza_centre_russian_federation
A/StPetersburg/RII-MH224573S/2025	research_institute_of_influenza,_ministry_of_healthcare_of_the_russian_federation	who_national_influenza_centre_russian_federation
A/Indonesia/BIOKES-IMKS923/2025	balai_besar_laboratorium_biologi_kesehatan	balai_besar_laboratorium_biologi_kesehatan
A/SouthAustralia/2501614026/2025	sa_pathology	sa_pathology_laboratory
A/Oman/CPHL_7245272/2024	central_public_health_laboratories_oman	ministry_of_health,_central_public_health_laboratory
A/BritishColumbia/PHL-2319/2025	b.c._centre_for_disease_control	public_health_agency_of_canada
A/Busan/273/2025	korea_disease_control_and_prevention_agency_(kdca)	korea_disease_control_and_prevention_agency_(kdca)
A/StPetersburg/RII-MH218236S/2024	research_institute_of_influenza,_ministry_of_healthcare_of_the_russian_federation	who_national_influenza_centre_russian_federation
A/Hyogo/3026/2024	hyogo_prefectural_institute_of_public_health_and_consumer_sciences	national_institute_of_infectious_diseases_(niid)
A/WestVirginia/9/2025	west_virginia_office_of_laboratory_services	centers_for_disease_control_and_prevention
A/Israel/R18227/2024	central_virology_laboratory_israel_(nic)	crick_worldwide_influenza_centre
A/SouthAustralia/2503010854/2025	sa_pathology	sa_pathology_laboratory
A/Lipetsk/RII-MH224803S/2025	research_institute_of_influenza,_ministry_of_healthcare_of_the_russian_federation	who_national_influenza_centre_russian_federation
A/SouthAustralia/2500100220/2025	sa_pathology	sa_pathology_laboratory
A/England/5120133/2024	uk_health_security_agency___colindale	ukhsa_/_respiratory_virus_unit
A/India/Pune-NIVCOV243358/2024	icmr_national_institute_of_virology	icmr_national_institute_of_virology
A/Badajoz/18674847/2025	hospital_universitario_de_badajoz	hospital_universitario_de_badajoz
A/StPetersburg/RII-MH224868S/2025	research_institute_of_influenza,_ministry_of_healthcare_of_the_russian_federation	who_national_influenza_centre_russian_federation
A/Pakistan/NIC/ICT/876/2025	national_institute_of_health	national_institute_of_health_pakistan
A/Pakistan/NIC/ICT/828/2025	national_institute_of_health	national_institute_of_health_pakistan
A/Bahrain/8584/2024	ministry_of_health_bahrain	centers_for_disease_control_and_prevention
A/Romania/587571/2025	cantacuzino_national_military_medical_institute_for_research_and_development	cantacuzino_institute
A/StPetersburg/RII-1285S/2025	research_institute_of_influenza,_ministry_of_healthcare_of_the_russian_federation	who_national_influenza_centre_russian_federation
A/StPetersburg/RII-MH222942S/2025	research_institute_of_influenza,_ministry_of_healthcare_of_the_russian_federation	who_national_influenza_centre_russian_federation
A/Seoul/468/2025	korea_disease_control_and_prevention_agency_(kdca)	korea_disease_control_and_prevention_agency_(kdca)
A/Vietnam/PF225006/2025	bach_mai_hospital	bach_mai_hospital
A/Shanghai/KTRS20/2025	fudan_university,_school_of_public_health	
A/Osaka/46/2024	osaka_city_institute_of_public_health_and_environmental_sciences	national_institute_of_infectious_diseases_(niid)
A/SouthAustralia/2502605693/2025	sa_pathology	sa_pathology_laboratory
A/HongKong/401/2025	hong_kong_department_of_health	hong_kong_department_of_health
A/Jeju/412/2025	korea_disease_control_and_prevention_agency_(kdca)	korea_disease_control_and_prevention_agency_(kdca)
A/Ulsan/492/2025	korea_disease_control_and_prevention_agency_(kdca)	korea_disease_control_and_prevention_agency_(kdca)
A/Gyeonggi/429/2025	korea_disease_control_and_prevention_agency_(kdca)	korea_disease_control_and_prevention_agency_(kdca)
A/Algeria/16823/2024	institut_pasteur_d'algerie	institut_pasteur_d'algérie
A/FrenchGuiana/47/2025	centre_hospitalier_de_cayenne	institut_pasteur_de_la_guyane
A/Netherlands/10245/2025	national_institute_for_public_health_and_the_environment_(rivm)	national_institute_for_public_health_and_the_environment_(rivm)
A/SouthAfrica/PATH-CERI-C066236/2025	pathcare	center_for_epidemic_response_and_innovation_(ceri)
A/SouthAfrica/PATH-CERI-C066222/2025	pathcare	center_for_epidemic_response_and_innovation_(ceri)
A/WesternAustralia/2501713947/2025	sa_pathology	sa_pathology_laboratory
A/Tula/RII-MH225692S/2025	research_institute_of_influenza,_ministry_of_healthcare_of_the_russian_federation	who_national_influenza_centre_russian_federation
A/StPetersburg/RII-MH226164S/2025	research_institute_of_influenza,_ministry_of_healthcare_of_the_russian_federation	who_national_influenza_centre_russian_federation
A/Indonesia/BIOKES-ILPG999/2025	balai_besar_laboratorium_biologi_kesehatan	balai_besar_laboratorium_biologi_kesehatan
A/Indonesia/BIOKES-IMKS922/2025	balai_besar_laboratorium_biologi_kesehatan	balai_besar_laboratorium_biologi_kesehatan
A/Indonesia/BIOKES-IMKS920/2025	balai_besar_laboratorium_biologi_kesehatan	balai_besar_laboratorium_biologi_kesehatan
A/Indonesia/BIOKES-IJBI815/2025	balai_besar_laboratorium_biologi_kesehatan	balai_besar_laboratorium_biologi_kesehatan
A/Bangkok/P270/2025	thai_national_influenza_center	thai_national_influenza_center
A/HongKong/GIHSN-HKU-250324-006/2025	the_university_of_hong_kong_	the_university_of_hong_kong_
A/Trieste/211/2024	sc_(uco)_igiene_e_sanità_pubblica,_university_of_trieste	azienda_sanitaria_universitaria_giuliano_isontina_(asu_gi)
A/NewCaledonia/6/2025	institut_pasteur_new_caledonia	who_collaborating_centre_for_reference_and_research_on_influenza
A/Queensland/IN000784/2024	qld,_sullivan_nicolaides_pathology	public_and_environmental_health_reference_laboratories_(pehrl)
A/SouthAustralia/2432408213/2024	sa_pathology	sa_pathology_laboratory
A/SouthAustralia/2433013624/2024	sa_pathology	sa_pathology_laboratory
A/Para/3140-IEC/2025	evandro_chagas_institute	evandro_chagas_institute
A/NovaScotia/NT1702CP00081S/2025	qeii_health_sciences_centre	public_health_agency_of_canada_(phac)
A/Romania/587257/2025	cantacuzino_national_military_medical_institute_for_research_and_development	cantacuzino_institute
A/Murcia/82/2025	servicio_de_microbiología_hospital_virgen_de_la_arrixaca	instituto_de_salud_carlos_iii
A/SouthAustralia/2500903844/2025	sa_pathology	sa_pathology_laboratory
A/SouthAustralia/2504414582/2025	sa_pathology	sa_pathology_laboratory
A/StPetersburg/RII-MH224934S/2025	research_institute_of_influenza,_ministry_of_healthcare_of_the_russian_federation	who_national_influenza_centre_russian_federation
A/Oman/CPHL_7248490/2024	central_public_health_laboratories_oman	central_public_health_laboratories_oman
A/Oman/CPHL_52435201/2024	central_public_health_laboratories_oman	central_public_health_laboratories_oman
A/Lipetsk/RII-MH224798S/2025	research_institute_of_influenza,_ministry_of_healthcare_of_the_russian_federation	who_national_influenza_centre_russian_federation
A/SouthAustralia/2436505845/2024	sa_pathology	sa_pathology_laboratory
A/Kazakhstan/1954/2024	national_reference_laboratory	crick_worldwide_influenza_centre
A/Samoa/38/2024	tupua_tamases_meaole_hospital	who_collaborating_centre_for_reference_and_research_on_influenza
A/Israel/R17468/2024	central_virology_laboratory_israel_(nic)	crick_worldwide_influenza_centre
A/Victoria/176/2025	royal_melbourne_hospital	who_collaborating_centre_for_reference_and_research_on_influenza
A/Gyeonggi/432/2025	korea_disease_control_and_prevention_agency_(kdca)	korea_disease_control_and_prevention_agency_(kdca)
A/Kamchatka/205-22V/2025	fbuz_centre_of_hygiene_and_epidemiology	state_research_center_of_virology_and_biotechnology_(vector)
A/Canberra/40/2025	canberra_hospital	who_collaborating_centre_for_reference_and_research_on_influenza
A/Badajoz/18675831/2025	hospital_universitario_de_badajoz	hospital_universitario_de_badajoz
A/SouthAustralia/2501709319/2025	sa_pathology	sa_pathology_laboratory
A/Oman/CPHL_52432986/2024	central_public_health_laboratories_oman	central_public_health_laboratories_oman
A/Pakistan/NIC/ICT/279/2025	national_institute_of_health	national_institute_of_health_pakistan
A/Perth/1192/2024	pathwest_qe_ii_medical_centre	who_collaborating_centre_for_reference_and_research_on_influenza
A/Kanagawa/IC2420/2025	national_institute_of_infectious_diseases_(niid)	national_institute_of_infectious_diseases_(niid)
A/FrenchGuiana/70/2025	centre_hospitalier_de_l'ouest_guyanais	institut_pasteur_de_la_guyane
A/FrenchGuiana/66/2025	centre_hospitalier_de_l'ouest_guyanais	institut_pasteur_de_la_guyane
A/FrenchGuiana/149/2025	centre_hospitalier_de_l'ouest_guyanais	institut_pasteur_de_la_guyane
A/FrenchGuiana/107/2025	centre_hospitalier_de_cayenne	institut_pasteur_de_la_guyane
A/France/ARA-RELAB-HCL025017828501/2025	cnr_virus_des_infections_respiratoires___france_sud	cnr_virus_des_infections_respiratoires,_france_sud
A/FrenchGuiana/142/2025	centre_hospitalier_de_l'ouest_guyanais	institut_pasteur_de_la_guyane
A/Thuringen/46/2025	robert_koch_institute_nationales_referenzzentrum_für_influenza	robert_koch_institute_nationales_referenzzentrum_für_influenza
A/FrenchGuiana/115/2025	centre_hospitalier_de_l'ouest_guyanais	institut_pasteur_de_la_guyane
A/FrenchGuiana/28/2025	national_influenza_center_french_guiana_and_french_indies	institut_pasteur_de_la_guyane
A/FrenchGuiana/39/2025	centre_hospitalier_de_l'ouest_guyanais	institut_pasteur_de_la_guyane
A/FrenchGuiana/220/2025	centre_hospitalier_de_cayenne	institut_pasteur_de_la_guyane
A/FrenchGuiana/192/2025	centre_hospitalier_de_l'ouest_guyanais	institut_pasteur_de_la_guyane
A/NewBrunswick/RV00834/2025	hôpital_georges_l._dumont	public_health_agency_of_canada_(phac)
A/Ulsan/489/2025	korea_disease_control_and_prevention_agency_(kdca)	korea_disease_control_and_prevention_agency_(kdca)
A/HongKong/259/2025	hong_kong_department_of_health	hong_kong_department_of_health
A/Ulsan/482/2025	korea_disease_control_and_prevention_agency_(kdca)	korea_disease_control_and_prevention_agency_(kdca)
A/HongKong/GIHSN-HKU-250324-009/2025	the_university_of_hong_kong_	the_university_of_hong_kong_
A/HongKong/127/2025	hong_kong_department_of_health	hong_kong_department_of_health
A/HongKong/2760/2024	hong_kong_department_of_health	hong_kong_department_of_health
A/HongKong/GIHSN-HKU-250324-003/2025	the_university_of_hong_kong_	the_university_of_hong_kong_
A/HongKong/3015/2024	hong_kong_department_of_health	hong_kong_department_of_health
A/Vietnam/PF424430/2025	bach_mai_hospital	bach_mai_hospital
A/Latvia/11-007364/2024	state_agency,_infectology_center_of_latvia	crick_worldwide_influenza_centre
A/Busan/272/2025	korea_disease_control_and_prevention_agency_(kdca)	korea_disease_control_and_prevention_agency_(kdca)
A/HongKong/310/2025	hong_kong_department_of_health	hong_kong_department_of_health
A/HongKong/554/2025	hong_kong_department_of_health	hong_kong_department_of_health
A/France/NOR-RELAB-IPP12888/2024	institut_pasteur	institut_pasteur_paris
A/SouthAustralia/2502900031/2025	sa_pathology	sa_pathology_laboratory
A/StPetersburg/RII-MH225548S/2025	research_institute_of_influenza,_ministry_of_healthcare_of_the_russian_federation	who_national_influenza_centre_russian_federation
A/Colorado/ISC-1070/2025	colorado_department_of_health_lab	centers_for_disease_control_and_prevention
A/SouthAustralia/2502112763/2025	sa_pathology	sa_pathology_laboratory
A/Parana/366/2025	laboratório_central_do_estado_do_paraná___lacen/pr	instituto_oswaldo_cruz_fiocruz___laboratory_of_respiratory_viruses_and_measles_(lvrs)
A/Michigan/UM-10061839287/2025	university_of_michigan,_lauring_lab,_department_of_microbiology_and_immunology	
A/Nebraska/13/2025	nebraska_public_health_lab	centers_for_disease_control_and_prevention
A/Texas/ISC-1068/2025	texas_department_of_state_health_services_laboratory_services	centers_for_disease_control_and_prevention
A/NorthDakota/23/2025	north_dakota_department_of_health	centers_for_disease_control_and_prevention
A/Massachusetts/ISC-1306/2025	massachusetts_department_of_public_health	centers_for_disease_control_and_prevention
A/Saskatchewan/SKFLU416913/2025	roy_romanow_provincial_laboratory	roy_romanow_provincial_laboratory
A/HongKong/256/2025	hong_kong_department_of_health	hong_kong_department_of_health
A/Busan/274/2025	korea_disease_control_and_prevention_agency_(kdca)	korea_disease_control_and_prevention_agency_(kdca)
A/Queensland/IN000633/2024	qld,_sullivan_nicolaides_pathology	public_and_environmental_health_reference_laboratories_(pehrl)
A/NorthernTerritory/2501412947/2025	sa_pathology	sa_pathology_laboratory
A/HongKong/2869/2024	hong_kong_department_of_health	hong_kong_department_of_health
A/Malaysia/MKAI_CL18509/2025	klinik_kesihatan_sungai_petani	public_health_laboratory_ipoh
A/Malaysia/MKAI_CL17290/2025	klinik_kesihatan_tanjung_malim	public_health_laboratory_ipoh
A/Miyazaki/27/2024	miyazaki_prefectural_institute_for_public_health_and_environment	national_institute_of_infectious_diseases_(niid)
A/HongKong/284/2025	hong_kong_department_of_health	hong_kong_department_of_health
A/HongKong/2980/2024	hong_kong_department_of_health	hong_kong_department_of_health
A/Singapore/IMH0043/2024	ministry_of_health,_singapore	ministry_of_health,_singapore
A/HongKong/2592/2024	hong_kong_department_of_health	hong_kong_department_of_health
A/Indonesia/BIOKES-IJBI814/2025	balai_besar_laboratorium_biologi_kesehatan	balai_besar_laboratorium_biologi_kesehatan
A/Oman/CPHL_7248173/2024	central_public_health_laboratories_oman	central_public_health_laboratories_oman
A/Florida/ISC-1226/2024	florida_department_of_health_jacksonville	centers_for_disease_control_and_prevention
A/HongKong/432/2025	hong_kong_department_of_health	hong_kong_department_of_health
A/Chiba/54/2024	chiba_prefectural_institute_of_public_health	national_institute_of_infectious_diseases_(niid)
A/Sendai/30/2024	sendai_city_institute_of_public_health	national_institute_of_infectious_diseases_(niid)
A/Jeju/420/2025	korea_disease_control_and_prevention_agency_(kdca)	korea_disease_control_and_prevention_agency_(kdca)
A/Cambodia/NPH250048/2025	national_institute_of_public_health	national_institute_of_public_health
A/Hyogo/3019/2024	hyogo_prefectural_institute_of_public_health_and_consumer_sciences	national_institute_of_infectious_diseases_(niid)
A/Kanagawa/IC2421/2025	national_institute_of_infectious_diseases_(niid)	national_institute_of_infectious_diseases_(niid)
A/Bangkok/P352/2025	thai_national_influenza_center	thai_national_influenza_center
A/Osaka/48/2024	osaka_prefectural_institute_of_public_health	national_institute_of_infectious_diseases_(niid)
A/Chungbuk/376/2025	korea_disease_control_and_prevention_agency_(kdca)	korea_disease_control_and_prevention_agency_(kdca)
A/Kanagawa/IC2425/2025	national_institute_of_infectious_diseases_(niid)	national_institute_of_infectious_diseases_(niid)
A/Kanagawa/IC2426/2025	national_institute_of_infectious_diseases_(niid)	national_institute_of_infectious_diseases_(niid)
A/NewYork/PX14802/2025	icahn_school_of_medicine_at_mount_sinai	icahn_school_of_medicine_at_mount_sinai
A/Malaysia/IMR-SARI0488/2025	tuanku_ja'afar_hospital	institute_for_medical_research
A/NovaScotia/25-023-07737/2025	qeii_health_sciences_centre	public_health_agency_of_canada_(phac)
A/Denmark/1899/2025	statens_serum_institut	statens_serum_institute
A/SouthAustralia/2504312778/2025	sa_pathology	sa_pathology_laboratory
A/SouthAustralia/2504112032/2025	sa_pathology	sa_pathology_laboratory
A/France/GES-IPP00832/2025	institut_pasteur	institut_pasteur_paris
A/Seoul/474/2025	korea_disease_control_and_prevention_agency_(kdca)	korea_disease_control_and_prevention_agency_(kdca)
A/Catalonia/NSGT198316583/2025	hospital_universitari_germans_trias_i_pujol_	hospital_universitari_vall_d'hebron
A/ChiangRai/F338/2025	thai_national_influenza_center	thai_national_influenza_center
A/HongKong/GIHSN-HKU-250324-007/2025	the_university_of_hong_kong_	the_university_of_hong_kong_
A/Kanagawa/AC2407/2025	national_institute_of_infectious_diseases_(niid)	national_institute_of_infectious_diseases_(niid)
A/Kanagawa/IC2422/2025	national_institute_of_infectious_diseases_(niid)	national_institute_of_infectious_diseases_(niid)
A/HongKong/411/2025	hong_kong_department_of_health	hong_kong_department_of_health
A/HongKong/2979/2024	hong_kong_department_of_health	hong_kong_department_of_health
A/Kanagawa/IC2424/2025	national_institute_of_infectious_diseases_(niid)	national_institute_of_infectious_diseases_(niid)
A/Tahiti/1/2025	institute_malarde_clinical_laboratory	who_collaborating_centre_for_reference_and_research_on_influenza
A/SouthAustralia/2502700144/2025	sa_pathology	sa_pathology_laboratory
A/SouthAustralia/2502402907/2025	sa_pathology	sa_pathology_laboratory
A/SouthAustralia/2501904610/2025	sa_pathology	sa_pathology_laboratory
A/Cambodia/i0812367/2024	institut_pasteur_du_cambodia_	institut_pasteur_du_cambodia_
A/Connecticut/IVY-G25X82H0/2024	university_of_michigan,_lauring_lab,_department_of_microbiology_and_immunology	
A/Singapore/MOH0276/2024	ministry_of_health,_singapore	ministry_of_health,_singapore
A/SouthAustralia/2434805513/2024	sa_pathology	sa_pathology_laboratory
A/Taiwan/S26012/2024	taiwan_centers_for_disease_control	taiwan_centers_for_disease_control
A/SouthAustralia/2501107489/2025	sa_pathology	sa_pathology_laboratory
A/SouthAustralia/2433011378/2024	sa_pathology	sa_pathology_laboratory
A/SouthAustralia/2433604120/2024	sa_pathology	sa_pathology_laboratory
A/Singapore/TT1291/2024	ministry_of_health,_singapore	ministry_of_health,_singapore
A/HongKong/GIHSN-HKU-250324-012/2025	the_university_of_hong_kong_	the_university_of_hong_kong_
A/Jiaxing/SWL11162/2024	jiaxing_cdc	zhejiang_provincial_center_for_disease_control_and_prevention
A/Jiaxing/SWL11156/2024	jiaxing_cdc	zhejiang_provincial_center_for_disease_control_and_prevention
A/Jiaxing/SWL11121/2024	jiaxing_cdc	zhejiang_provincial_center_for_disease_control_and_prevention
A/France/IDF-RELAB-IPP14936/2024	institut_pasteur	institut_pasteur
A/France/ARA-RELAB-HCL025008457901/2025	cnr_virus_des_infections_respiratoires___france_sud	cnr_virus_des_infections_respiratoires,_france_sud
A/CookIslands/2/2025	te_marae_ora_ministry_of_health	who_collaborating_centre_for_reference_and_research_on_influenza
A/SouthAustralia/2501608015/2025	sa_pathology	sa_pathology_laboratory
A/Ireland/87287/2024	ucd_national_virus_reference_laboratory__	crick_worldwide_influenza_centre
A/Algeria/448/2025	institut_pasteur_d'algerie	crick_worldwide_influenza_centre
A/Denmark/896/2025	statens_serum_institut	statens_serum_institute
A/StPetersburg/RII-MH222397S/2025	research_institute_of_influenza,_ministry_of_healthcare_of_the_russian_federation	who_national_influenza_centre_russian_federation
A/Hiroshima/48/2024	center_for_public_health_and_environment,_hiroshima_prefectural_technology_research_institute	national_institute_of_infectious_diseases_(niid)
A/Pakistan/NIC/ICT/646/2025	national_institute_of_health	national_institute_of_health_pakistan
A/Croatia/HZJZ_8391/2025	croatian_institute_of_public_health	croatian_institue_of_public_health
A/Massachusetts/ISC-1712/2025	massachusetts_department_of_public_health	centers_for_disease_control_and_prevention
A/Badajoz/18682287/2025	hospital_universitario_de_badajoz	hospital_universitario_de_badajoz
A/SouthAustralia/2502800016/2025	sa_pathology	sa_pathology_laboratory
A/Para/8010-IEC/2025	evandro_chagas_institute	evandro_chagas_institute
A/Para/8013-IEC/2025	evandro_chagas_institute	evandro_chagas_institute
A/AbuDhabi/6237/2024	shaikh_khalifa_medical_city	centers_for_disease_control_and_prevention
A/Malaysia/MKAI_CL19196/2025	klinik_kesihatan_sungai_petani	public_health_laboratory_ipoh
A/SouthAfrica/PATH-CERI-C066244/2025	pathcare	center_for_epidemic_response_and_innovation_(ceri)
A/SriLanka/12/2025	medical_research_institute	who_collaborating_centre_for_reference_and_research_on_influenza
A/SriLanka/11/2025	medical_research_institute	who_collaborating_centre_for_reference_and_research_on_influenza
A/SriLanka/116/2024	medical_research_institute	who_collaborating_centre_for_reference_and_research_on_influenza