strain	submitting_lab	originating_lab
A/Lyon/2279/1995	other_database_import	
A/NewYork/637/1996	other_database_import	
A/NewYork/647/1995	other_database_import	
A/NewYork/609/1995	other_database_import	
A/NewYork/648/1995	other_database_import	
A/NewYork/606/1995	other_database_import	
A/NewYork/610/1995	other_database_import	
A/Tochigi/44/1995	other_database_import	
A/SouthAustralia/1/1995	who_collaborating_centre_for_reference_and_research_on_influenza	institute_of_medical_and_veterinary_science_(imvs)
A/Memphis/24/1995	other_database_import	
A/Malaysia/7832/1995	other_database_import	
A/Malaysia/7145/1995	other_database_import	
A/HongKong/3/1995	other_database_import	
A/Finland/338/1995	other_database_import	
A/NewYork/631/1996	other_database_import	
A/HongKong/55/1995	other_database_import	
A/HongKong/49/1995	other_database_import	
A/Netherlands/178/1995	other_database_import	national_institute_for_public_health_and_the_environment_(rivm)
A/Brisbane/7/1996	who_collaborating_centre_for_reference_and_research_on_influenza	queensland_health_forensic_and_scientific_services_
A/Finland/381/1995	other_database_import	
A/Netherlands/271/1995	other_database_import	
A/Victoria/75/1995	other_database_import	
A/Shiga/20/1995	other_database_import	
A/Finland/339/1995	other_database_import	
A/NewYork/634/1995	other_database_import	
A/NewYork/639/1995	other_database_import	
A/Netherlands/91/1996	other_database_import	
A/NewYork/636/1996	other_database_import	
A/NewYork/613/1996	other_database_import	
A/NewYork/623/1995	other_database_import	
A/NewYork/618/1995	other_database_import	
A/NewYork/611/1995	other_database_import	
A/NewYork/612/1995	other_database_import	
A/NewYork/628/1995	other_database_import	
A/Netherlands/1/1995	other_database_import	
A/NewYork/560/1997	other_database_import	
A/NewYork/599/1996	other_database_import	
A/NewYork/572/1996	other_database_import	
A/NewYork/566/1997	other_database_import	
A/NewYork/565/1996	other_database_import	
A/NewYork/579/1997	other_database_import	
A/NewYork/564/1997	other_database_import	
A/Malaysia/11473/1996	other_database_import	
A/NewYork/576/1997	other_database_import	
A/Johannesburg/10/1997	other_database_import	
A/Oslo/21/1997	other_database_import	
A/HongKong/1/1997	other_database_import	
A/NewYork/587/1996	other_database_import	
A/NewYork/583/1997	other_database_import	
A/Perth/9/1997	who_collaborating_centre_for_reference_and_research_on_influenza	pathwest_qe_ii_medical_centre
A/Taiwan/1335/1997	other_database_import	
A/HongKong/42/1996	other_database_import	
A/Geneva/3958/1996	other_database_import	
A/HongKong/434/1996	other_database_import	
A/Singapore/1/1996	other_database_import	
A/HongKong/358/1996	other_database_import	
A/NewYork/556/1996	other_database_import	
A/Taiwan/1342/1997	other_database_import	
A/SouthAfrica/1147/1996-egg	other_database_import	
A/Malaysia/12726/1997	other_database_import	
A/NewYork/601/1996	other_database_import	
A/NewYork/559/1996	other_database_import	
A/NewYork/568/1996	other_database_import	
A/NewYork/569/1997	other_database_import	
A/Siena/1/1997	other_database_import	
A/Malaysia/10111/1996	other_database_import	
A/Malaysia/10081/1996	other_database_import	
A/Shiga/25/1997	other_database_import	
A/NewYork/563/1996	other_database_import	
A/Nice/491/1997	other_database_import	
A/Netherlands/5/1998	other_database_import	
A/Malaysia/10135/1996	other_database_import	
A/Brisbane/8/1996	erasmus_medical_center	erasmus_medical_center
A/NewYork/562/1996	other_database_import	
A/Lyon/1781/1996	other_database_import	
A/Malaysia/13241/1997	other_database_import	
A/NewYork/558/1997	other_database_import	
A/Malaysia/7831/1995	other_database_import	
A/Nanchang/933/1995	erasmus_medical_center	erasmus_medical_center
A/Fukushima/114/1996	other_database_import	
A/Niigata/137/1996	other_database_import	
A/Fukushima/140/1996	other_database_import	
A/NewYork/567/1996	other_database_import	
A/NewYork/598/1996	other_database_import	
A/NewYork/554/1996	other_database_import	
A/HongKong/357/1996	other_database_import	
A/Malaysia/10370/1996	other_database_import	
A/Malaysia/10360/1996	other_database_import	
A/NewYork/557/1996	other_database_import	
A/NewYork/591/1996	other_database_import	
A/NewYork/597/1997	other_database_import	
A/HongKong/20/1996	other_database_import	
A/NewYork/586/1996	other_database_import	
A/NewYork/501/1997	other_database_import	
A/NewYork/526/1997	other_database_import	
A/NewYork/513/1997	other_database_import	
A/NewYork/507/1997	other_database_import	
A/NewYork/504/1998	other_database_import	
A/NewYork/510/1998	other_database_import	
A/Sydney/5/1997-egg	erasmus_medical_center	erasmus_medical_center
A/NewYork/520/1998	other_database_import	
A/NewYork/545/1997	other_database_import	
A/NewYork/508/1997	other_database_import	
A/NewYork/547/1997	other_database_import	
A/NewYork/505/1997	other_database_import	
A/NewYork/550/1998	other_database_import	
A/NewYork/524/1997	other_database_import	
A/NewYork/548/1998	other_database_import	
A/NewYork/543/1998	other_database_import	
A/NewYork/532/1998	other_database_import	
A/NewYork/535/1998	other_database_import	
A/NewYork/509/1997	other_database_import	
A/NewYork/544/1998	other_database_import	
A/NewYork/517/1998	other_database_import	
A/NewYork/515/1997	other_database_import	
A/NewYork/540/1998	other_database_import	
A/NewYork/528/1998	other_database_import	
A/Auckland/10/1997	other_database_import	
A/Taiwan/1338/1997	other_database_import	
A/NewYork/523/1998	other_database_import	
A/NewYork/533/1998	other_database_import	
A/NewYork/529/1998	other_database_import	
A/Netherlands/300/1997	other_database_import	
A/NewYork/531/1998	other_database_import	
A/NewYork/263/1999	other_database_import	
A/Malaysia/10877/1996	other_database_import	
A/NewYork/315/1999	other_database_import	
A/NewYork/250/1998	other_database_import	
A/Sydney/278/2000	who_collaborating_centre_for_reference_and_research_on_influenza	prince_of_wales_hospital
A/Fujian/140/2000-egg	who_collaborating_centre_for_reference_and_research_on_influenza	centers_for_disease_control_and_prevention
A/Perth/27/2000	who_collaborating_centre_for_reference_and_research_on_influenza	pathwest_qe_ii_medical_centre
A/Brisbane/29/2000	who_collaborating_centre_for_reference_and_research_on_influenza	queensland_health_forensic_and_scientific_services_
A/NewSouthWales/28/2000	other_database_import	
A/Auckland/598/2000	other_database_import	
A/Queensland/1/2000	other_database_import	
A/Canterbury/75/2000	other_database_import	
A/Queensland/9/2000	other_database_import	
A/NewSouthWales/33/2000	other_database_import	
A/SouthAustralia/52/2000	other_database_import	
A/Waikato/20/2000	other_database_import	
A/Canterbury/43/2001	other_database_import	
A/Canterbury/10/2001	other_database_import	
A/WesternAustralia/10/2000	other_database_import	
A/SouthAustralia/68/2000	other_database_import	
A/Canterbury/68/2000	other_database_import	
A/Auckland/599/2000	other_database_import	
A/Canterbury/64/2000	other_database_import	
A/Netherlands/126/2001	other_database_import	
A/Waikato/1/2001	other_database_import	institute_of_environmental_science_and_research_(esr)
A/Auckland/588/2000	other_database_import	
A/WestCoast/28/2001	other_database_import	
A/Taiwan/124/2001	other_database_import	
A/Malaysia/10879/1996	other_database_import	
A/Malaysia/10675/1996	other_database_import	
A/Malaysia/10970/1996	other_database_import	
A/Malaysia/10807/1996	other_database_import	
A/Malaysia/10717/1996	other_database_import	
A/Panama/2007/1999-egg	ns	seasonal_h3n2
A/Panama/2007/1999	other_database_import	u.s._air_force_school_of_aerospace_medicine
A/NewYork/285/1999	other_database_import	
A/Malaysia/10759/1999	other_database_import	
A/Berlin/177/1999	other_database_import	
A/Berlin/185/1999	other_database_import	
A/Netherlands/462/1998	other_database_import	
A/Berlin/90/1998	other_database_import	
A/California/32/1999-egg	other_database_import	
A/NewYork/436/2000	other_database_import	
A/NewYork/182/2000	other_database_import	
A/NewYork/431/2000	other_database_import	
A/Canterbury/50/2000	other_database_import	
A/NewYork/140/1999	other_database_import	
A/Saarland/10/2000	other_database_import	
A/NewYork/429/2000	other_database_import	
A/NewYork/184/1999	other_database_import	
A/NewYork/156/2000	other_database_import	
A/NewYork/172/1999	other_database_import	
A/NewYork/169/2000	other_database_import	
A/NewYork/158/2000	other_database_import	
A/Malaysia/10969/1996	other_database_import	
A/Malaysia/17392/1998	other_database_import	
A/Malaysia/17332/1998	other_database_import	
A/NewSouthWales/20/1999	other_database_import	
A/NewSouthWales/21/1999	other_database_import	
A/NewYork/286/1999	other_database_import	
A/NewYork/336/1999	other_database_import	
A/NewYork/423/1999	other_database_import	
A/NewYork/283/1999	other_database_import	
A/NewYork/452/1999	other_database_import	
A/NewSouthWales/13/1999	other_database_import	
A/NewSouthWales/2/1999	other_database_import	
A/NewSouthWales/16/1999	other_database_import	
A/Malaysia/17230/1998	other_database_import	
A/NewSouthWales/5/1999	other_database_import	
A/NewYork/323/1999	other_database_import	
A/NewYork/435/2000	other_database_import	
A/NewYork/318/1999	other_database_import	
A/WesternAustralia/13/2001	other_database_import	
A/NewYork/460/1999	other_database_import	
A/Georgia/NHRC0001/1999	other_database_import	
A/NewYork/338/1999	other_database_import	
A/NewYork/254/1998	other_database_import	
A/Netherlands/427/1998	other_database_import	
A/Malaysia/17276/1998	other_database_import	
A/Netherlands/301/1999	erasmus_medical_center	erasmus_medical_center
A/NewYork/224/1998	other_database_import	
A/NewYork/255/1999	other_database_import	
A/NewYork/448/1998	other_database_import	
A/NewYork/193/2003	other_database_import	
A/Taiwan/89/2003	other_database_import	
A/Bayern/16/2002	other_database_import	
A/NewYork/90/2002	other_database_import	
A/NewYork/86/2002	other_database_import	
A/Netherlands/1/2002	other_database_import	
A/NewYork/80/2001	other_database_import	
A/NewYork/401/2001	other_database_import	
A/NewYork/117/2002	other_database_import	
A/Wellington/34/2001	other_database_import	
A/Berlin/43/2002	other_database_import	
A/NewYork/85/2001	other_database_import	
A/NewYork/114/2002	other_database_import	
A/Queensland/14/2001	other_database_import	
A/Queensland/18/2001	other_database_import	
A/Queensland/12/2001	other_database_import	
A/Queensland/11/2001	other_database_import	
A/Queensland/20/2001	other_database_import	
A/Queensland/19/2001	other_database_import	
A/NewYork/416/2002	other_database_import	
A/NewYork/110/2002	other_database_import	
A/NewYork/89/2002	other_database_import	
A/NewYork/404/2002	other_database_import	
A/NewYork/402/2001	other_database_import	
A/NewYork/118/2002	other_database_import	
A/Waikato/21/2002	other_database_import	
A/Auckland/603/2001	other_database_import	
A/Taiwan/231/2002	other_database_import	
A/NewYork/301/2001	other_database_import	
A/NewYork/125/2002	other_database_import	
A/NewYork/418/2002	other_database_import	
A/Chile/6416/2001-egg	who_collaborating_centre_for_reference_and_research_on_influenza	centers_for_disease_control_and_prevention
A/Taiwan/3446/2002	other_database_import	
A/Taiwan/3565/2002	other_database_import	
A/Dunedin/18/2002	other_database_import	
A/MecklenburgVorpommern/7/2002	other_database_import	
A/Morioka/52/2002	other_database_import	
A/Morioka/34/2002	other_database_import	
A/Genoa/1/2002	other_database_import	
A/Denmark/13/2002	other_database_import	
A/Wellington/79/2002	other_database_import	
A/Hessen/2/2002	other_database_import	
A/NewYork/275/2002	other_database_import	
A/Netherlands/20/2003	other_database_import	
A/NewYork/273/2001	other_database_import	
A/NewYork/94/2001	other_database_import	
A/NewYork/108/2002	other_database_import	
A/NewYork/134/2002	other_database_import	
A/NewYork/127/2001	other_database_import	
A/NewYork/77/2001	other_database_import	
A/NewYork/82/2001	other_database_import	
A/NewYork/124/2001	other_database_import	
A/NewYork/83/2001	other_database_import	
A/NewYork/131/2001	other_database_import	
A/Taiwan/299/2002	other_database_import	
A/NewYork/104/2002	other_database_import	
A/NewYork/410/2002	other_database_import	
A/Denmark/8/2002	other_database_import	
A/NewYork/112/2002	other_database_import	
A/NewYork/71/2001	other_database_import	
A/NewYork/59/2003	other_database_import	
A/England/460/2003	other_database_import	
A/England/539/2003	other_database_import	
A/Netherlands/312/2003	other_database_import	
A/England/4024313/2003	other_database_import	
A/England/4024313/2004	other_database_import	
A/Queensland/23/2002	other_database_import	
A/WesternAustralia/31/2002	other_database_import	
A/WesternAustralia/26/2002	other_database_import	
A/NewYork/107/2002	other_database_import	
A/Netherlands/120/2002	other_database_import	
A/Finland/170/2003	other_database_import	
A/Denmark/5/2002	other_database_import	
A/NewYork/74/2002	other_database_import	
A/NewYork/132/2002	other_database_import	
A/Auckland/613/2002	other_database_import	
A/Canterbury/62/2002	other_database_import	
A/Canterbury/57/2002	other_database_import	
A/Canterbury/102/2002	other_database_import	
A/Canterbury/27/2002	other_database_import	
A/Canterbury/22/2002	other_database_import	
A/Canterbury/18/2002	other_database_import	
A/Wellington/83/2002	other_database_import	
A/Waikato/29/2002	other_database_import	
A/Canterbury/34/2002	other_database_import	
A/Wellington/84/2002	other_database_import	
A/Canterbury/29/2002	other_database_import	
A/Auckland/607/2001	other_database_import	
A/Queensland/16/2001	other_database_import	
A/NewYork/84/2001	other_database_import	
A/Auckland/610/2002	other_database_import	
A/WesternAustralia/27/2002	other_database_import	
A/Berlin/3/2002	other_database_import	
A/Malaysia/22387/2002	other_database_import	
A/Denmark/22/2002	other_database_import	
A/Netherlands/118/2001	erasmus_medical_center	erasmus_medical_center
A/NewYork/8/2003	other_database_import	
A/NewYork/66/2003	other_database_import	
A/NewYork/43/2003	other_database_import	
A/NewYork/11/2003	other_database_import	
A/Scotland/52/2003	other_database_import	
A/WesternAustralia/44/2003	other_database_import	
A/Waikato/21/2003	other_database_import	
A/Queensland/41/2004	other_database_import	
A/Queensland/47/2004	other_database_import	
A/Christchurch/340/2003	who_collaborating_centre_for_reference_and_research_on_influenza	canterbury_health_services
A/Sydney/95/2003	who_collaborating_centre_for_reference_and_research_on_influenza	clinical_virology_unit,_cdim
A/Australia/NHRC0007/2003	other_database_import	
A/England/476/2003	other_database_import	
A/Wellington/49/2003	other_database_import	
A/England/552/2003	other_database_import	
A/Waikato/139/2003	other_database_import	
A/Waikato/122/2003	other_database_import	
A/Canterbury/417/2003	other_database_import	
A/Canterbury/411/2003	other_database_import	
A/Australia/NHRC0008/2003	other_database_import	
A/Georgia/NHRC0001/2004	other_database_import	
A/Canterbury/428/2003	other_database_import	
A/Scotland/61/2003	other_database_import	
A/Waikato/148/2003	other_database_import	
A/England/528/2003	other_database_import	
A/Sachsen/4/2004	other_database_import	
A/England/532/2003	other_database_import	
A/Okayama/23/2004	who_collaborating_centre_for_reference_and_research_on_influenza	national_institute_of_infectious_diseases_(niid)
A/Hamburg/1/2004	other_database_import	
A/NewYork/35/2003	other_database_import	
A/California/NHRC0001/2003	other_database_import	
A/NewYork/479/2003	other_database_import	
A/Scotland/71/2003	other_database_import	
A/England/592/2003	other_database_import	
A/England/522/2003	other_database_import	
A/NewYork/61A/2003	other_database_import	
A/England/445/2003	other_database_import	
A/Missouri/NHRC0002/2004	other_database_import	
A/NewYork/24/2003	other_database_import	
A/NewYork/29/2003	other_database_import	
A/NewYork/39/2003	other_database_import	
A/NewYork/15/2003	other_database_import	
A/NewYork/31/2004	other_database_import	
A/NewYork/46/2003	other_database_import	
A/Mexico/InDRE2662/2003-egg	other_database_import	
A/Taiwan/295/2004	other_database_import	
A/HongKong/HKU83/2004	other_database_import	
A/Malaysia/25890/2003	other_database_import	
A/HongKong/HKU119/2004	other_database_import	
A/Malaysia/29997/2004	other_database_import	
A/Malaysia/25957/2003	other_database_import	
A/Malaysia/25804/2003	other_database_import	
A/HongKong/HKU12/2004	other_database_import	
A/Malaysia/26003/2003	other_database_import	
A/England/587/2003	other_database_import	
A/England/531/2003	other_database_import	
A/Denmark/15-02/2004	other_database_import	
A/Hessen/16/2004	other_database_import	
A/Missouri/NHRC0001/2003	other_database_import	
A/NewYork/41/2003	other_database_import	
A/Queensland/39/2003	other_database_import	
A/Canterbury/416/2003	other_database_import	
A/Canterbury/418/2003	other_database_import	
A/Queensland/36/2003	other_database_import	
A/Canterbury/437/2003	other_database_import	
A/Australia/NHRC0006/2003	other_database_import	
A/Waikato/129/2003	other_database_import	
A/Scotland/72/2003	other_database_import	
A/Malaysia/25849/2003	other_database_import	
A/NewYork/6/2004	other_database_import	
A/Hanoi/HN30110/2004	other_database_import	
A/Berlin/199/1999	other_database_import	
A/Malaysia/13328/1997	other_database_import	
A/Malaysia/10816/1996	other_database_import	
A/Malaysia/12550/1997	other_database_import	
A/Malaysia/12766/1997	other_database_import	
A/NewSouthWales/4/1999	other_database_import	
A/Malaysia/10997/1996	other_database_import	
A/Malaysia/12904/1997	other_database_import	
A/Malaysia/13002/1997	other_database_import	
A/Malaysia/12990/1997	other_database_import	
A/Malaysia/12942/1997	other_database_import	
A/Malaysia/12974/1997	other_database_import	
A/Netherlands/3/2000	other_database_import	
A/Canterbury/140/2001	other_database_import	
A/Canterbury/50/2001	other_database_import	
A/Canterbury/36/2001	other_database_import	
A/Canterbury/7/2001	other_database_import	
A/Malaysia/13246/1997	other_database_import	
A/Taiwan/317/1998	other_database_import	
A/Malaysia/12106/1997	other_database_import	
A/Taiwan/429/1999	other_database_import	
A/NewSouthWales/8/1999	other_database_import	
A/Taiwan/287/1998	other_database_import	
A/Malaysia/18121/1998	other_database_import	
A/Malaysia/17998/1998	other_database_import	
A/NewSouthWales/6/1999	other_database_import	
A/Malaysia/13094/1997	other_database_import	
A/Malaysia/12132/1997	other_database_import	
A/Taiwan/365/1999	other_database_import	
A/Malaysia/18128/1998	other_database_import	
A/NewSouthWales/19/1999	other_database_import	
A/NewSouthWales/3/1999	other_database_import	
A/Moscow/10/1999-egg	other_database_import	
A/NewSouthWales/7/1999	other_database_import	
A/NewSouthWales/22/1999	other_database_import	
A/Townsville/2/1999	who_collaborating_centre_for_reference_and_research_on_influenza	queensland_health_forensic_and_scientific_services_
A/Moscow/10/1999	other_database_import	
A/Taiwan/511/1999	other_database_import	
A/Netherlands/124/2001	other_database_import	
A/Waikato/5/2001	other_database_import	
A/NewSouthWales/15/1999	other_database_import	
A/NewSouthWales/17/1999	other_database_import	
A/Malaysia/14590/1997	other_database_import	
A/NewYork/170/2000	other_database_import	
A/Niedersachsen/56/2000	other_database_import	
A/Sachsen-Anhalt/6/2000	other_database_import	
A/Canterbury/80/2000	other_database_import	
A/NewYork/438/2000	other_database_import	
A/Sachsen-Anhalt/19/1999	other_database_import	
A/NewYork/153/1999	other_database_import	
A/NewYork/154/2000	other_database_import	
A/UlanUde/1/2000-egg	other_database_import	centers_for_disease_control_and_prevention
A/NewYork/162/2000	other_database_import	
A/Denmark/205/2000	other_database_import	
A/NewYork/189/1999	other_database_import	
A/Canterbury/179/1999	other_database_import	
A/NewYork/430/2000	other_database_import	
A/Thuringen/169/2000	other_database_import	
A/Dunedin/3/2000	other_database_import	
A/NewYork/165/2000	other_database_import	
A/NewYork/150/2000	other_database_import	
A/NewYork/142/2000	other_database_import	
A/NewYork/148/2000	other_database_import	
A/Missouri/NHRC0001/2000	other_database_import	
A/NewYork/173/2000	other_database_import	
A/NewYork/433/2000	other_database_import	
A/NewYork/171/1999	other_database_import	
A/Denmark/35/2000	other_database_import	
A/Hanoi/1766/2001	other_database_import	
A/Taiwan/55/2001	other_database_import	
A/Taiwan/160/2001	other_database_import	
A/Taiwan/263/2000	other_database_import	
A/Taiwan/431/2000	other_database_import	
A/HongKong/1550/2002-egg	who_collaborating_centre_for_reference_and_research_on_influenza	centers_for_disease_control_and_prevention
A/Hanoi/BM544/2004	other_database_import	
A/HungYen/HY6/2007	other_database_import	
A/Hanoi/Q220/2007	other_database_import	
A/Kentucky/UR06-0370/2007	other_database_import	
A/NewYork/1082/2007	other_database_import	
A/Taiwan/21/2007	other_database_import	
A/Nepal/921/2006-egg	other_database_import	centers_for_disease_control_and_prevention
A/Pavia/5/2007	other_database_import	
A/California/UR06-0589/2007	other_database_import	
A/Hanoi/Q148/2007-egg	other_database_import	
A/Thailand/CU228/2006	other_database_import	
A/Thailand/CU260/2006	other_database_import	
A/Sendai-H/271/2007	other_database_import	
A/Hanoi/TX023/2007-egg	other_database_import	
A/Pavia/11/2007	other_database_import	
A/Netherlands/363/2006-egg	other_database_import	
A/Sendai-H/F150/2007	other_database_import	
A/HaNam/Q187/2007	other_database_import	
A/Hanoi/BM061/2007	other_database_import	
A/Hanoi/N078/2007	other_database_import	
A/Hanoi/N015/2007-egg	other_database_import	
A/Pavia/12/2007	other_database_import	
A/Taiwan/872/2002	other_database_import	
A/Wyoming/3/2003	other_database_import	iowa_state_hygienic_laboratory
A/Hanoi/BM767/2003	other_database_import	
A/NewYork/198/2003	other_database_import	
A/Taiwan/229/2003	other_database_import	
A/Malaysia/23606/2002	other_database_import	
A/Taiwan/92/2002	other_database_import	
A/Philippines/472/2002-egg	who_collaborating_centre_for_reference_and_research_on_influenza	research_institute_for_tropical_medicine,_virology_department
A/Hanoi/HN30136/2004	other_database_import	
A/Malaysia/33817/2006	other_database_import	
A/Netherlands/213/2003	other_database_import	who_collaborating_centre_for_reference_and_research_on_influenza
A/Malaysia/31944/2005	other_database_import	
A/Malaysia/33561/2006	other_database_import	
A/Fujian/411/2002-egg	erasmus_medical_center	erasmus_medical_center
A/Fujian/411/2002	erasmus_medical_center	erasmus_medical_center
A/Thailand/CU23/2006	other_database_import	
A/Thailand/CU46/2006	other_database_import	
A/Malaysia/1666666/2006	other_database_import	
A/Malaysia/1666665/2006	other_database_import	
A/Malaysia/1665090/2006	other_database_import	
A/Taiwan/306/2007	other_database_import	
A/Taiwan/22/2003	other_database_import	
A/TayNguyen/TN332/2005	other_database_import	
A/TayNguyen/TN348/2005	other_database_import	
A/Malaysia/29197/2004	other_database_import	
A/HongKong/HKU22/2004	other_database_import	
A/Taiwan/144/2003	other_database_import	
A/Taiwan/78/2003	other_database_import	
A/Mexico/InDRE29/2006-egg	other_database_import	
A/Hyogo/36/2004	other_database_import	
A/Quebec/26-310106/2006	other_database_import	
A/Quebec/26-151105/2005	other_database_import	
A/Taiwan/351/2004	other_database_import	
A/Taiwan/145/2003	other_database_import	
A/Taiwan/139/2003	other_database_import	
A/Fujian/445/2003-egg	other_database_import	
A/Taiwan/143/2003	other_database_import	
A/Taiwan/115/2003	other_database_import	
A/Taiwan/981/2004	other_database_import	
A/RheinlandPfalz/17/2004	other_database_import	
A/Malaysia/29350/2004	other_database_import	
A/Taiwan/133/2006	other_database_import	
A/Taiwan/18/2007	other_database_import	
A/BadenWurttemberg/97/2004	other_database_import	
A/Taiwan/5/2007	other_database_import	
A/Malaysia/34015/2006	other_database_import	
A/Taiwan/790/2006	other_database_import	
A/Taiwan/19/2007	other_database_import	
A/Malaysia/29711/2004	other_database_import	
A/Colorado/UR06-0023/2007	other_database_import	
A/Singapore/NHRC0008/2003	other_database_import	
A/TayNguyen/TN83/2003	other_database_import	
A/Illinois/NHRC0001/2005	other_database_import	
A/Taiwan/58/2003	other_database_import	
A/Hanoi/HN30240/2004	other_database_import	
A/Netherlands/42/2006	erasmus_medical_center	erasmus_medical_center
A/Taiwan/12/2003	other_database_import	
A/HongKong/HKU63/2005	other_database_import	
A/TayNguyen/HCM52/2006	other_database_import	
A/Taiwan/3/2003	other_database_import	center_for_disease_control
A/Taiwan/47/2003	other_database_import	
A/Taiwan/24/2003	other_database_import	
A/Mexico/InDRE756/2003-egg	other_database_import	
A/Hanoi/HN695/2003	other_database_import	
A/TayNguyen/TN85/2003	other_database_import	
A/Hanoi/ARI189/2003	other_database_import	
A/HongKong/HKU75/2005	other_database_import	
A/Taiwan/70002/2007-egg	other_database_import	
A/NewYork/1010/2006	other_database_import	
A/NewYork/1000/2005	other_database_import	
A/Taiwan/85/2006	other_database_import	
A/Denmark/112/2006	other_database_import	
A/Wyoming/3/2003-egg	who_collaborating_centre_for_reference_and_research_on_influenza	iowa_state_hygienic_laboratory
A/California/NHRC0004/2005	other_database_import	
A/HongKong/HKU87/2004	other_database_import	
A/HongKong/HKU29/2004	other_database_import	
A/HongKong/HKU28/2004	other_database_import	
A/NewYork/214/2003	other_database_import	
A/Taiwan/59/2003	other_database_import	
A/California/NHRC0003/2003	other_database_import	
A/Hanoi/HN30135/2004	other_database_import	
A/Canterbury/304/2004	other_database_import	
A/Christchurch/90/2004	other_database_import	
A/Canterbury/202/2004	other_database_import	
A/Canterbury/201/2004	other_database_import	
A/Canterbury/24/2004	other_database_import	
A/Canterbury/100/2004	other_database_import	
A/Malaysia/28114/2004	other_database_import	
A/TayNguyen/TN410/2005	other_database_import	
A/HongKong/HKU69/2005	other_database_import	
A/NewYork/1044/2006	other_database_import	
A/NewYork/1032/2006	other_database_import	
A/NewYork/1023/2006	other_database_import	
A/NewYork/1018/2006	other_database_import	
A/Taiwan/9/2004-egg	other_database_import	
A/NewYork/334/2004	other_database_import	
A/Wellington/58/2004	other_database_import	
A/Malaysia/33827/2006	other_database_import	
A/Taiwan/645/2006	other_database_import	
A/Taiwan/718/2006	other_database_import	
A/TayNguyen/TN46/2004	other_database_import	
A/TayNguyen/TN49/2004	other_database_import	
A/HongKong/HKU67/2005	other_database_import	
A/TayNguyen/TN368/2005	other_database_import	
A/HongKong/HKU100/2005	other_database_import	
A/HongKong/HKU25/2004	other_database_import	
A/Taiwan/45/2005	other_database_import	
A/Waikato/26/2004	other_database_import	
A/Sendai-H/132/2006	other_database_import	
A/Sendai-H/401/2006	other_database_import	
A/WesternAustralia/62/2004	other_database_import	
A/Malaysia/NHRC0001/2004	other_database_import	
A/Esfahan/413/2006	other_database_import	
A/Morioka/38/2005	other_database_import	
A/Hue/H020/2007	other_database_import	
A/HongKong/HKU66/2005	other_database_import	
A/Malaysia/32133/2005	other_database_import	
A/Canterbury/129/2005	other_database_import	
A/Babol/37/2005	other_database_import	
A/Malaysia/31998/2005	other_database_import	
A/TayNguyen/TN360/2005	other_database_import	
A/Malaysia/33386/2005	other_database_import	
A/Malaysia/33464/2006	other_database_import	
A/TayNguyen/TN160/2003	other_database_import	
A/Taiwan/63/2003	other_database_import	
A/Malaysia/2400/2004	who_collaborating_centre_for_reference_and_research_on_influenza	institut_penyelidikan_perubatan
A/HongKong/HKU57/2005	other_database_import	
A/Sendai-H/F005/2006	other_database_import	
A/TayNguyen/TN343/2005	other_database_import	
A/TayNguyen/TN367/2005	other_database_import	
A/WesternAustralia/51/2004	other_database_import	
A/Malaysia/32226/2005	other_database_import	
A/Denmark/10/2006	other_database_import	
A/Hanoi/Q372/2005	other_database_import	
A/HongKong/HKU58/2005	other_database_import	
A/HongKong/HKU104/2005	other_database_import	
A/Malaysia/29242/2004	other_database_import	
A/TayNguyen/TN388/2005	other_database_import	
A/Wellington/35/2004	other_database_import	
A/NewYork/73/2004	other_database_import	
A/NewYork/206/2005	other_database_import	
A/Fukui/20/2004	other_database_import	
A/Hanoi/HN30147/2004	other_database_import	
A/Singapore/NHRC0011/2003	other_database_import	
A/HongKong/HKU64/2005	other_database_import	
A/Wellington/1/2004-egg	erasmus_medical_center	erasmus_medical_center
A/Taiwan/108/2005	other_database_import	
A/Hanoi/311/2005	other_database_import	
A/Illinois/NHRC0001/2006	other_database_import	
A/HongKong/HKU19/2004	other_database_import	
A/Morioka/29/2006	other_database_import	
A/Morioka/22/2006	other_database_import	
A/TayNguyen/TN905/2003	other_database_import	
A/TayNguyen/TN92/2003	other_database_import	
A/Taiwan/478/2002	other_database_import	
A/Canterbury/24/2005	other_database_import	
A/Taiwan/99/2003	other_database_import	
A/Waikato/35/2004	other_database_import	
A/Malaysia/NHRC0003/2004	other_database_import	
A/Malaysia/29255/2004	other_database_import	
A/Taiwan/466/2005	other_database_import	
A/Canterbury/208/2004	other_database_import	
A/California/NHRC0009/2005	other_database_import	
A/NewYork/359/2005	other_database_import	
A/NewYork/244/2004	other_database_import	
A/Morioka/35/2005	other_database_import	
A/HongKong/HKU11/2004	other_database_import	
A/HongKong/HKU110/2005	other_database_import	
A/TayNguyen/TN363/2005	other_database_import	
A/Hiroshima/52/2005	other_database_import	national_institute_of_infectious_diseases_(niid)
A/Sendai-H/F093/2007	other_database_import	
A/Morioka/18/2006	other_database_import	
A/Taiwan/131/2007	other_database_import	
A/Taiwan/788/2006	other_database_import	
A/Taiwan/216/2007	other_database_import	
A/Taiwan/215/2007	other_database_import	
A/Taiwan/70307/2007-egg	other_database_import	
A/Sendai-H/41/2006	other_database_import	
A/Tokyo/Ut-Sk-1/2007	other_database_import	
A/Taiwan/4/2007	other_database_import	
A/Hanoi/BM38/2007-egg	other_database_import	
A/Taiwan/102/2007	other_database_import	
A/Taiwan/302/2007	other_database_import	
A/Taiwan/70113/2007-egg	other_database_import	
A/Taiwan/7/2007	other_database_import	
A/Taiwan/2/2007	other_database_import	
A/Malaysia/29361/2004	other_database_import	
A/Taiwan/600/2005	other_database_import	
A/California/NHRC0001/2005	other_database_import	
A/Victoria/208/2007	who_collaborating_centre_for_reference_and_research_on_influenza	victorian_infectious_diseases_reference_laboratory_
A/Taiwan/1452/2007-egg	other_database_import	
A/Taiwan/450/2007	other_database_import	
A/Sendai-H/115/2007	other_database_import	
A/NewYork/5/2006	other_database_import	
A/Texas/NHRC0002/2006	other_database_import	
A/NewYork/1025/2006	other_database_import	
A/NewYork/1026/2006	other_database_import	
A/NewYork/1024/2006	other_database_import	
A/TayNguyen/TN406/2005	other_database_import	
A/Mexico/InDRE2246/2005-egg	other_database_import	
A/Mexico/InDRE2112/2005-egg	other_database_import	
A/California/NHRC0005/2005	other_database_import	
A/NewYork/1005/2006	other_database_import	
A/NewYork/1017/2006	other_database_import	
A/Morioka/17/2006	other_database_import	
A/California/NHRC0007/2005	other_database_import	
A/NewYork/6/2006	other_database_import	
A/Mexico/InDRE2601/2003-egg	other_database_import	
A/Mexico/InDRE2160/2005-egg	other_database_import	
A/Taiwan/601/2005	other_database_import	
A/Taiwan/86/2006	other_database_import	
A/Taiwan/41/2006	other_database_import	
A/Taiwan/1/2006	other_database_import	
A/Taiwan/15/2006	other_database_import	
A/Mexico/InDRE2227/2005-egg	other_database_import	
A/NewYork/1031/2006	other_database_import	
A/NewYork/928/2006	other_database_import	
A/California/NHRC0003/2005	other_database_import	
A/Taiwan/211/2006	other_database_import	
A/NewYork/3/2006	other_database_import	
A/NewYork/1016/2006	other_database_import	
A/Mexico/InDRE835/2003-egg	other_database_import	
A/Mexico/InDRE940/2003-egg	other_database_import	
A/TayNguyen/TN170/2003	other_database_import	
A/Waikato/45/2004	other_database_import	
A/HongKong/HKU90/2004	other_database_import	
A/Taiwan/729/2006	other_database_import	
A/Niedersachsen/4/2005	other_database_import	
A/SouthAustralia/61/2005	other_database_import	
A/HongKong/HKU65/2005	other_database_import	
A/NewYork/383/2004	other_database_import	
A/Wellington/31/2004	other_database_import	
A/NewYork/1039/2006	other_database_import	
A/Wellington/1/2004	erasmus_medical_center	erasmus_medical_center
A/Taiwan/1109/2004	other_database_import	
A/HongKong/HKU56/2005	other_database_import	
A/Denmark/67/2005	other_database_import	
A/Queensland/53/2005	other_database_import	
A/Wellington/5/2005	other_database_import	
A/Waikato/16/2005	other_database_import	
A/Wellington/6/2005	other_database_import	
A/Australia/NHRC0007/2005	other_database_import	
A/Queensland/60/2005	other_database_import	
A/Australia/NHRC0010/2005	other_database_import	
A/WesternAustralia/75/2005	other_database_import	
A/SouthAustralia/20/2005	other_database_import	
A/Canterbury/67/2005	other_database_import	
A/TayNguyen/TN380/2005	other_database_import	
A/TayNguyen/TN403/2005	other_database_import	
A/TayNguyen/TN381/2005	other_database_import	
A/Netherlands/93/2005	erasmus_medical_center	erasmus_medical_center
A/WesternAustralia/73/2005	other_database_import	
A/Denmark/84/2005	other_database_import	
A/WesternAustralia/68/2005	other_database_import	
A/SchleswigHolstein/12/2005	other_database_import	
A/Australia/NHRC0001/2005	other_database_import	
A/Wellington/9/2005	other_database_import	institute_of_environmental_science_and_research_(esr)
A/Canterbury/260/2005	other_database_import	
A/Canterbury/313/2004	other_database_import	
A/Wellington/27/2004	other_database_import	
A/Niedersachsen/29/2005	other_database_import	
A/NewYork/98/2004	other_database_import	
A/NewYork/391/2005	other_database_import	
A/NewYork/365/2004	other_database_import	
A/NewYork/218/2004	other_database_import	
A/NewYork/500/2004	other_database_import	
A/NewYork/210/2005	other_database_import	
A/NewYork/913/2005	other_database_import	
A/NewYork/232/2004	other_database_import	
A/RheinlandPfalz/1/2005	other_database_import	
A/NewYork/361/2005	other_database_import	
A/NewYork/381/2004	other_database_import	
A/NewYork/905/2004	other_database_import	
A/NewYork/237/2004	other_database_import	
A/Taiwan/776/2006	other_database_import	
A/Netherlands/123/2005	erasmus_medical_center	erasmus_medical_center
A/NewYork/357/2005	other_database_import	
A/NewYork/55/2004-egg	other_database_import	new_york_presbyterian_hospital_columbia_university_medical_center,_microbiology_department
A/Taiwan/100/2006	other_database_import	
A/NewYork/366/2004	other_database_import	
A/Denmark/68/2005	other_database_import	
A/Canterbury/104/2005	other_database_import	
A/Wellington/3/2005	other_database_import	institute_of_environmental_science_and_research_(esr)
A/NewYork/351/2004	other_database_import	
A/NewYork/354/2004	other_database_import	
A/NewYork/353/2004	other_database_import	
A/NewYork/258/2005	other_database_import	
A/NewYork/393/2005	other_database_import	
A/Thuringen/27/2004	other_database_import	
A/Taiwan/61/2004	other_database_import	
A/NewYork/463/2005	other_database_import	
A/NewYork/464/2005	other_database_import	
A/Tehran/79/2005	other_database_import	
A/Taiwan/292/2004	other_database_import	
A/Tabriz/12/2005	other_database_import	
A/Taiwan/586/2004	other_database_import	
A/Babol/36/2005	other_database_import	
A/Taiwan/95/2004	other_database_import	
A/Singapore/NHRC0012/2003	other_database_import	
A/Taiwan/2/2003	other_database_import	
A/Singapore/NHRC0002/2003	other_database_import	
A/Moscow/328/2003	other_database_import	
A/Wellington/59/2004	other_database_import	
A/Moscow/346/2003	other_database_import	
A/Moscow/343/2003	other_database_import	
A/Hanoi/HN3094/2004	other_database_import	
A/HongKong/HKU36/2004	other_database_import	
A/Denmark/1-2/2004	other_database_import	
A/Singapore/NHRC0010/2003	other_database_import	
A/Brisbane/9/2006-egg	other_database_import	queensland_health_forensic_and_scientific_services_
A/Taiwan/799/2006	other_database_import	
A/Taiwan/3/2007	other_database_import	
A/Taiwan/103/2007	other_database_import	
A/Sendai-H/441/2007	other_database_import	
A/Malaysia/1676558/2006	other_database_import	
A/Thailand/CU231/2006	other_database_import	
A/Malaysia/1657167/2006	other_database_import	
A/Malaysia/1681079/2006	other_database_import	
A/Denmark/35/2006	other_database_import	
A/Netherlands/33/2007	erasmus_medical_center	erasmus_medical_center
A/Malaysia/1674395/2006	other_database_import	
A/Pavia/4/2007	other_database_import	
A/Guangdong/4/2005	other_database_import	
A/Guangdong/3/2005	other_database_import	
A/Pavia/7/2007	other_database_import	
A/Pavia/8/2007	other_database_import	
A/Hue/H207/2008	other_database_import	
A/Hue/H05/2008	other_database_import	
A/Tehran/556/2007	other_database_import	
A/Netherlands/348/2007	other_database_import	
A/Hanoi/Q638/2007	other_database_import	
A/Hanoi/BT262/2007	other_database_import	
A/Taiwan/1/2008	other_database_import	
A/Taiwan/2361/2007-egg	other_database_import	
A/Taiwan/21/2008	other_database_import	
A/Taiwan/4/2008	other_database_import	
A/DaNang/DN446/2008	other_database_import	
A/NewYork/1148/2008	other_database_import	
A/Pavia/10/2007	other_database_import	
A/Tehran/379/2007	other_database_import	
A/Peru/WRAIR1508P/2007	other_database_import	
A/Pavia/41/2008	other_database_import	
A/NewYork/1086/2007	other_database_import	
A/Kermanshah/580/2007	other_database_import	
A/Pavia/35/2007	other_database_import	
A/California/NHRC0001/2007	other_database_import	
A/Illinois/UR06-0402/2007	other_database_import	
A/Florida/UR07-0101/2008	other_database_import	
A/NewYork/1098/2007	other_database_import	
A/Cheongju/H471/2008	other_database_import	
A/Qatar/AF02/2008	other_database_import	
A/Taiwan/70120/2008-egg	other_database_import	
A/Paris/1119/2009	institut_pasteur	
A/Taiwan/72106/2007-egg	other_database_import	
A/Boston/88/2008	other_database_import	
A/Boston/63/2008	other_database_import	
A/Pennsylvania/PIT08/2008	other_database_import	
A/Pennsylvania/PIT31/2008	other_database_import	
A/Pennsylvania/PIT06/2008	other_database_import	
A/Taiwan/448/2007	other_database_import	
A/Managua/27/2007	other_database_import	
A/Managua/324301/2007	other_database_import	
A/NewYork/1198/2009	other_database_import	
A/Taiwan/422/2008	other_database_import	
A/Tehran/631/2007	other_database_import	
A/Taiwan/367/2008	other_database_import	
A/Kermanshah/687/2007	other_database_import	
A/Boston/39/2008	other_database_import	
A/Singapore/68Q/2007	other_database_import	
A/Singapore/238T/2007	other_database_import	
A/Managua/30/2007	other_database_import	
A/Managua/26/2007	other_database_import	
A/Malaysia/1770921/2007	other_database_import	
A/TayNguyen/TN341/2007	other_database_import	
A/Boston/51/2008	other_database_import	
A/Kansas/UR07-0137/2008	other_database_import	
A/Florida/UR07-0102/2008	other_database_import	
A/Thailand/CU-1102/2008	other_database_import	
A/Taiwan/201/2008	other_database_import	
A/Cheongju/H398/2008	other_database_import	
A/Cheongju/H397/2008	other_database_import	
A/Cheongju/H393/2007	other_database_import	
A/Cheongju/H395/2007	other_database_import	
A/Cheongju/H383/2007	other_database_import	
A/Cheongju/H407/2008	other_database_import	
A/Cheongju/H412/2008	other_database_import	
A/Pavia/20/2007	other_database_import	
A/Paris/1068/2009	institut_pasteur	
A/NewYork/1154/2008	other_database_import	
A/Paris/2030/2008	institut_pasteur	
A/Paris/1981/2009	institut_pasteur	
A/Kuwait/WRAIR1561P/2009	other_database_import	
A/Malaysia/1779027/2007	other_database_import	
A/Malaysia/1965896/2008	other_database_import	
A/Brisbane/602/2007	who_collaborating_centre_for_reference_and_research_on_influenza	queensland_health_forensic_and_scientific_services_
A/Pavia/26/2007	other_database_import	
A/Taiwan/34/2007	other_database_import	
A/Sydney/66/2007	who_collaborating_centre_for_reference_and_research_on_influenza	clinical_virology_unit,_cdim
A/Kansas/UR07-0047/2008	other_database_import	
A/Paris/1980/2008	institut_pasteur	
A/Iraq/WRAIR1157P/2009	other_database_import	
A/Korea/WRAIR1391P/2009	other_database_import	
A/California/VRDL321/2009	other_database_import	
A/California/VRDL250/2009	other_database_import	
A/California/VRDL205/2009	other_database_import	
A/California/VRDL168/2009	other_database_import	
A/Boston/16/2009	other_database_import	
A/Japan/WRAIR1037P/2009	other_database_import	
A/Paris/1066/2009	institut_pasteur	
A/Paris/1069/2009	institut_pasteur	
A/Paris/892/2009	institut_pasteur	
A/Kuwait/AF03/2008	other_database_import	
A/Guam/WRAIR1557P/2009	other_database_import	
A/Taiwan/449/2007	other_database_import	
A/Guam/WRAIR1670P/2009	other_database_import	
A/Paris/358/2007	institut_pasteur	
A/Victoria/373/2007	who_collaborating_centre_for_reference_and_research_on_influenza	victorian_infectious_diseases_reference_laboratory_
A/Sendai-H/F193/2007	other_database_import	
A/Wisconsin/3/2007-egg	other_database_import	centers_for_disease_control_and_prevention
A/Brisbane/10/2007	who_collaborating_centre_for_reference_and_research_on_influenza	queensland_health_scientific_services
A/Iraq/WRAIR1252P/2009	other_database_import	
A/Iraq/WRAIR1244P/2009	other_database_import	
A/Perth/27/2007	who_collaborating_centre_for_reference_and_research_on_influenza	pathwest_qe_ii_medical_centre
A/Perth/904/2007	who_collaborating_centre_for_reference_and_research_on_influenza	pathwest_qe_ii_medical_centre
A/Perth/902/2007	who_collaborating_centre_for_reference_and_research_on_influenza	pathwest_qe_ii_medical_centre
A/Perth/900/2007	who_collaborating_centre_for_reference_and_research_on_influenza	pathwest_qe_ii_medical_centre
A/Pavia/21/2007	other_database_import	
A/NewJersey/WRAIR1248P/2009	other_database_import	
A/Japan/WRAIR1059P/2008	other_database_import	
A/Esfahan/501/2007	other_database_import	
A/Tehran/487/2007	other_database_import	
A/Korea/AF05/2008	other_database_import	
A/Pennsylvania/PIT34/2008	other_database_import	
A/Netherlands/69/2007	other_database_import	
A/Japan/WRAIR1140P/2009	other_database_import	
A/KhanhHoa/KH488/2008	other_database_import	
A/KhanhHoa/KH474/2008	other_database_import	
A/Managua/31/2007	other_database_import	
A/HongKong/H090-674-V10/2009	other_database_import	
A/Heilongjiang-Longsha/160/2010	who_chinese_national_influenza_center	who_chinese_national_influenza_center
A/Pavia/15/2007	other_database_import	
A/Hanoi/Q769/2007	other_database_import	
A/Florida/UR07-0150/2008	other_database_import	
A/Malaysia/1779036/2007	other_database_import	
A/Mississippi/UR06-0197/2007	other_database_import	
A/Kyrgyzstan/WRAIR1256P/2008	other_database_import	
A/SouthKorea/WRAIR1171P/2009	other_database_import	
A/Malaysia/1922209/2008	other_database_import	
A/Colorado/UR06-0453/2007	other_database_import	
A/TayNguyen/TN367/2007	other_database_import	
A/Kuwait/WRAIR1143P/2009	other_database_import	
A/Kyrgyzstan/WRAIR1121P/2008	other_database_import	
A/Kyrgyzstan/WRAIR1255P/2008	other_database_import	
A/Tehran/762/2007	other_database_import	
A/Tehran/630/2007	other_database_import	
A/Ohio/UR07-0031/2008	other_database_import	
A/Pavia/6/2007	other_database_import	
A/Uganda/MUWRP-040/2008	other_database_import	
A/Uganda/MUWRP-037/2008	other_database_import	
A/Uganda/MUWRP-032/2008	other_database_import	
A/Uganda/MUWRP-005/2008	other_database_import	
A/Uganda/MUWRP-024/2008	other_database_import	
A/Uganda/MUWRP-027/2008	other_database_import	
A/Uganda/MUWRP-018/2008	other_database_import	
A/Uganda/MUWRP-019/2008	other_database_import	
A/Uganda/MUWRP-008/2008	other_database_import	
A/Uganda/MUWRP-014/2008	other_database_import	
A/Uganda/MUWRP-036/2008	other_database_import	
A/Uganda/MUWRP-002/2008	other_database_import	
A/Uganda/MUWRP-029/2008	other_database_import	
A/Paris/2285/2009	institut_pasteur	
A/Uganda/MUWRP-043/2008	other_database_import	
A/Paris/1983/2009	institut_pasteur	
A/Uganda/MUWRP-025/2008	other_database_import	
A/Uganda/MUWRP-033/2008	other_database_import	
A/Uganda/MUWRP-015/2008	other_database_import	
A/Uganda/MUWRP-048/2008	other_database_import	
A/Uganda/MUWRP-052/2008	other_database_import	
A/Uganda/MUWRP-034/2008	other_database_import	
A/Taiwan/686/2008	other_database_import	
A/TianjinHexi/18/2010	who_chinese_national_influenza_center	who_chinese_national_influenza_center
A/TianjinHexi/1266/2010	who_chinese_national_influenza_center	who_chinese_national_influenza_center
A/Tianjin-Nankai/1912/2010	who_chinese_national_influenza_center	who_chinese_national_influenza_center
A/Hubei-Qiaokou/1271/2010	who_chinese_national_influenza_center	who_chinese_national_influenza_center
A/TianjinNankai/1842/2010	who_chinese_national_influenza_center	who_chinese_national_influenza_center
A/Heilongjiang-Xiangyang/1134/2011	who_chinese_national_influenza_center	who_chinese_national_influenza_center
A/Nanjing/1654/2010	other_database_import	
A/Taiwan/851/2010-egg	centers_for_disease_control_and_prevention	adimmune_corporation
A/ShanghaiLuwan/188/2011-egg	who_chinese_national_influenza_center	who_chinese_national_influenza_center
A/Heilongjiang-Taoshan/147/2011	who_chinese_national_influenza_center	who_chinese_national_influenza_center
A/Belgrade/WRAIR2956T/2010	other_database_import	
A/Belgrade/WRAIR2379N/2010	other_database_import	
A/Hunan-Wuling/1304/2011	who_chinese_national_influenza_center	who_chinese_national_influenza_center
A/Heilongjiang-Nangang/124/2011	who_chinese_national_influenza_center	who_chinese_national_influenza_center
A/Anhui-Baohe/1456/2010	who_chinese_national_influenza_center	who_chinese_national_influenza_center
A/Niigata/1150/2010	other_database_import	
A/Jilin-Chuanying/1156/2011	who_chinese_national_influenza_center	who_chinese_national_influenza_center
A/Liaoning-Haizhou/1118/2011	who_chinese_national_influenza_center	who_chinese_national_influenza_center
A/Niigata/1146/2010	other_database_import	
A/Niigata/1144/2010	other_database_import	niigata_prefectural_institute_of_public_health_and_environmental_sciences
A/Niigata/1148/2010	other_database_import	
A/Jiangxi-Donghu/1682/2010	who_chinese_national_influenza_center	who_chinese_national_influenza_center
A/Netherlands/63/2011	erasmus_medical_center	erasmus_medical_center
A/Niigata/1147/2010	other_database_import	niigata_prefectural_institute_of_public_health_and_environmental_sciences
A/Hunan-Yanfeng/165/2011	who_chinese_national_influenza_center	who_chinese_national_influenza_center
A/Nanjing/1655/2010	other_database_import	
A/Niigata/1149/2010	other_database_import	
A/Niigata/1143/2010	other_database_import	
A/NewYork/1095/2007	other_database_import	
A/Paris/123/2008	institut_pasteur	
A/KhanhHoa/KH37/2008	other_database_import	
A/Vermont/UR06-0524/2007	other_database_import	
A/Vermont/UR06-0469/2007	other_database_import	
A/Taiwan/304/2007	other_database_import	
A/DaNang/DN434/2008	other_database_import	
A/LangSon/LS218/2007	other_database_import	
A/NewYork/1078/2007	other_database_import	
A/Hanoi/Q656/2007	other_database_import	
A/Paris/965/2009	institut_pasteur	
A/Paris/1973/2008	institut_pasteur	
A/Kentucky/UR07-0149/2008	other_database_import	
A/NewYork/UR07-0160/2008	other_database_import	
A/Boston/50/2008	other_database_import	
A/Ohio/UR07-0013/2008	other_database_import	
A/Boston/14/2008	other_database_import	
A/Thailand/CU379/2008	other_database_import	
A/Taiwan/3/2008	other_database_import	
A/Thailand/CU-H16/2009	other_database_import	
A/Thailand/CU-H1285/2010	other_database_import	
A/Thailand/CU-H1443/2010	other_database_import	
A/Thailand/CU-H1817/2010	other_database_import	
A/Malaysia/2205714/2009	other_database_import	
A/HongKong/H090-669-V10/2009	other_database_import	
A/Philippines/16/2009	who_collaborating_centre_for_reference_and_research_on_influenza	research_institute_of_tropical_medicine
A/Thailand/CU-B1672/2009	other_database_import	
A/HongKong/H090-727-V10/2009	other_database_import	
A/Singapore/H2009518/2009	other_database_import	
A/Dakar/WRAIR0013N/2009	other_database_import	
A/Korea/WRAIR1038P/2009	other_database_import	
A/Perth/16/2009-egg	ns	seasonal_h3n2
A/Perth/16/2009	who_collaborating_centre_for_reference_and_research_on_influenza	pathwest_qe_ii_medical_centre
A/HongKong/H090-695-V10/2009	other_database_import	
A/NewYork/3626/2009	other_database_import	
A/NewYork/3896/2009	other_database_import	
A/NewYork/4255/2009	other_database_import	
A/California/VRDL352/2009	other_database_import	
A/Umea/4/2009	swedish_national_institute_for_communicable_disease_control	swedish_institute_for_infectious_disease_control
A/Singapore/H2009510/2009	other_database_import	
A/HongKong/H090-688-V10/2009	other_database_import	
A/Beijing-Zhaoyang/141/2010	who_chinese_national_influenza_center	who_chinese_national_influenza_center
A/Shanghai-Fengxian/1170/2011	who_chinese_national_influenza_center	who_chinese_national_influenza_center
A/HongKong/H090-662-V10/2009	other_database_import	
A/NewYork/3309/2009	other_database_import	
A/HongKong/H090-768-V10/2009	other_database_import	
A/Singapore/C2009715V/2009	other_database_import	
A/HongKong/H090-752-V10/2009	other_database_import	
A/Dakar/WRAIR0011T/2009	other_database_import	
A/HongKong/H090-734-V10/2009	other_database_import	
A/HongKong/H090-734-V20/2009	other_database_import	
A/Australia/34/2009	other_database_import	
A/Australia/18/2009	other_database_import	
A/Australia/22/2009	other_database_import	
A/Australia/2/2009	other_database_import	
A/Australia/55/2009	other_database_import	
A/Singapore/C2009803bV/2009	other_database_import	
A/HongKong/H090-741-V10/2009	other_database_import	
A/HongKong/H090-763-V10/2009	other_database_import	
A/HongKong/H090-763-V23/2009	other_database_import	
A/Singapore/C2009485b/2009	other_database_import	
A/Guangdong-Luohu/1256/2009-egg	centers_for_disease_control_and_prevention	who_chinese_national_influenza_center
A/Philippines/2191/2009-egg	centers_for_disease_control_and_prevention	thailand_moph_u.s._cdc_collaboration_(ieip)
A/HongKong/H090-733-V10/2009	other_database_import	
A/Thailand/CU-B590/2009	other_database_import	
A/California/VRDL317/2009	other_database_import	
A/California/VRDL313/2009	other_database_import	
A/California/VRDL260/2009	other_database_import	
A/HongKong/26560/2009-egg	centers_for_disease_control_and_prevention	government_virus_unit
A/HongKong/H090-747-V20/2009	other_database_import	
A/HongKong/H090-739-V33/2009	other_database_import	
A/HongKong/H090-747-V10/2009	other_database_import	
A/California/VRDL183/2009	other_database_import	
A/Netherlands/379/2008	erasmus_medical_center	erasmus_medical_center
A/Netherlands/69/2009	other_database_import	
A/Thailand/CU-1101/2008	other_database_import	
A/California/VRDL286/2009	other_database_import	
A/California/VRDL170/2009	other_database_import	
A/Paris/1082/2009	institut_pasteur	
A/Peru/PER233/2010	other_database_import	
A/Peru/PER347/2010	other_database_import	
A/Tennessee/F2053/2011	other_database_import	
A/Netherlands/9/2010	erasmus_medical_center	erasmus_medical_center
A/Perth/10/2010-egg	other_database_import	pathwest_qe_ii_medical_centre
A/Stockholm/28/2011	swedish_institute_for_infectious_disease_control	
A/Iowa/119/2010-egg	other_database_import	
A/Iowa/19/2010-egg	centers_for_disease_control_and_prevention	iowa_state_hygienic_laboratory
A/Iowa/19/2010	centers_for_disease_control_and_prevention	iowa_state_hygienic_laboratory
A/Tennessee/F2021/2011	other_database_import	
A/Kentucky/5/2011-egg	centers_for_disease_control_and_prevention	centers_for_disease_control_and_prevention
A/Kentucky/5/2011	centers_for_disease_control_and_prevention	centers_for_disease_control_and_prevention
A/Thailand/MR08398/2010	other_database_import	
A/Netherlands/700/2011	erasmus_medical_center	erasmus_medical_center
A/ShanghaiLuwan/1400/2010	who_chinese_national_influenza_center	who_chinese_national_influenza_center
A/Managua/342401/2010	other_database_import	
A/Usa/7K1/2011		university_of_washington
A/Usa/7I9/2011		university_of_washington
A/Alabama/5/2010	centers_for_disease_control_and_prevention	u.s._air_force_school_of_aerospace_medicine
A/Singapore/C2010682V/2010	other_database_import	
A/MexicoCity/WRAIR3568N/2010	other_database_import	
A/PuertoRico/36/2012-egg	centers_for_disease_control_and_prevention	puerto_rico_department_of_health
A/MexicoCity/WRAIR3569T/2010	other_database_import	
A/Shanghai-Luwan/1568/2010	who_chinese_national_influenza_center	who_chinese_national_influenza_center
A/Brisbane/395/2011	who_collaborating_centre_for_reference_and_research_on_influenza	queensland_health_scientific_services
A/Victoria/103/2011	who_collaborating_centre_for_reference_and_research_on_influenza	victorian_infectious_diseases_reference_laboratory_
A/FredericoWestphalen/LACENRS-204/2012	other_database_import	
A/Goroka/5/2011	who_collaborating_centre_for_reference_and_research_on_influenza	papua_new_guinea_institute_of_medical_research
A/NovoHamburgo/LACENRS-201/2011	other_database_import	
A/Victoria/506/2011	who_collaborating_centre_for_reference_and_research_on_influenza	monash_medical_centre
A/Townsville/117/2010	who_collaborating_centre_for_reference_and_research_on_influenza	queensland_health_scientific_services
A/PaimFilho/LACENRS-32/2011	other_database_import	
A/Canela/LACENRS-102/2011	other_database_import	
A/SantaMaria/LACENRS-231/2011	other_database_import	
A/Soledade/LACENRS-820/2011	other_database_import	
A/Uruguaiana/LACENRS-368/2011	other_database_import	
A/Chicago/YGA_04120/2012	other_database_import	
A/Chicago/YGA_04200/2013	other_database_import	
A/PortoAlegre/LACENRS-822/2011	other_database_import	
A/Bage/LACENRS-294/2011	other_database_import	
A/Boston/DOA33/2011	other_database_import	
A/Boston/DOA29/2011	other_database_import	
A/Peru/PER290/2011	other_database_import	
A/Singapore/C2010937V/2010	other_database_import	
A/Tianjin-Hedong/195/2011	who_chinese_national_influenza_center	who_chinese_national_influenza_center
A/Thailand/SN10452/2010	other_database_import	
A/Tennessee/F2048A/2011	other_database_import	
A/Heilongjiang-Xiangyang/1125/2011	who_chinese_national_influenza_center	who_chinese_national_influenza_center
A/Hubei-Wuchang/1271/2010	who_chinese_national_influenza_center	who_chinese_national_influenza_center
A/Thailand/MR10462/2011	other_database_import	
A/Nicaragua/AGA2-48/2011	other_database_import	
A/Singapore/C2011173/2011	other_database_import	
A/Denmark/105/2010	other_database_import	
A/Peru/PER143/2010	other_database_import	
A/Indonesia/306_S57_L001/2011	university_college_london	universitas_udayana
A/BeijingXicheng/1293/2011	who_chinese_national_influenza_center	who_chinese_national_influenza_center
A/Hunan-Beihu/1143/2011-egg	who_chinese_national_influenza_center	who_chinese_national_influenza_center
A/Peru/PER006/2011	other_database_import	
A/BeijingXicheng/1409/2011	who_chinese_national_influenza_center	who_chinese_national_influenza_center
A/ChongqingWanzhou/182/2011	who_chinese_national_influenza_center	who_chinese_national_influenza_center
A/Peru/PER149/2011	other_database_import	
A/Peru/PER265/2011	other_database_import	
A/Peru/PER397/2011	other_database_import	
A/Peru/PER056/2011	other_database_import	
A/Peru/PER231/2011	other_database_import	
A/PortoAlegre/LACENRS-557/2011	other_database_import	
A/FredericoWestphalen/LACENRS-2130/2012	other_database_import	
A/Peru/PER225/2010	other_database_import	
A/Peru/PER356/2012	other_database_import	
A/Peru/PER161/2011	other_database_import	
A/Peru/PER047/2011	other_database_import	
A/Peru/PER236/2012	other_database_import	
A/Peru/PER389/2012	other_database_import	
A/Peru/PER106/2011	other_database_import	
A/Peru/PER144/2012	other_database_import	
A/Peru/PER081/2012	other_database_import	
A/Peru/PER273/2011	other_database_import	
A/Peru/PER206/2011	other_database_import	
A/Peru/PER194/2011	other_database_import	
A/California/17/2012	centers_for_disease_control_and_prevention	california_department_of_health_services
A/Tennessee/F2078A/2011	other_database_import	
A/Perth/41/2012	who_collaborating_centre_for_reference_and_research_on_influenza	pathwest_qe_ii_medical_centre
A/Moscow/WRAIR4307N/2011	other_database_import	
A/Cambodia/1/2010	who_collaborating_centre_for_reference_and_research_on_influenza	institute_pasteur_du_cambodia
A/Peru/PER226/2011	other_database_import	
A/Peru/PER141/2010	other_database_import	
A/Peru/PER386/2010	other_database_import	
A/Peru/PER351/2010	other_database_import	
A/Peru/PER291/2010	other_database_import	
A/Peru/PER294/2010	other_database_import	
A/Peru/PER329/2010	other_database_import	
A/Peru/PER145/2010	other_database_import	
A/Peru/PER272/2010	other_database_import	
A/Thailand/KS08398/2010	other_database_import	
A/Paris/1477/2010	institut_pasteur	
A/Singapore/H2010559C/2010	other_database_import	
A/Singapore/H2010619/2010	other_database_import	
A/Thailand/PY08156/2010	other_database_import	
A/Tennessee/F2090B/2011	other_database_import	
A/Boston/DOA69/2011	other_database_import	
A/Boston/DOA16/2011	other_database_import	
A/Boston/DOA87/2011	other_database_import	
A/Brisbane/382/2011	who_collaborating_centre_for_reference_and_research_on_influenza	queensland_health_scientific_services
A/Thailand/KS08384/2010	other_database_import	
A/CzechRepublic/126/2012	other_database_import	
A/Paris/1478/2010	institut_pasteur	
A/Vaxjo/1/2011	swedish_institute_for_infectious_disease_control	
A/Tasmania/2/2011	who_collaborating_centre_for_reference_and_research_on_influenza	royal_hobart_hospital
A/Peru/PER186/2012	other_database_import	
A/CzechRepublic/138/2012	other_database_import	
A/CzechRepublic/114/2012	other_database_import	
A/CzechRepublic/20/2012	other_database_import	
A/Moscow/WRAIR4307T/2011	other_database_import	
A/Victoria/802/2012	who_collaborating_centre_for_reference_and_research_on_influenza	austin_health
A/Singapore/H2010797/2010	other_database_import	
A/Stockholm/42/2011	swedish_national_institute_for_communicable_disease_control	swedish_institute_for_infectious_disease_control
A/Stockholm/19/2012	swedish_national_institute_for_communicable_disease_control	swedish_institute_for_infectious_disease_control
A/Thailand/SS07134/2008	other_database_import	
A/Taiwan/717/2006	other_database_import	
A/Taiwan/758/2006	other_database_import	
A/Taiwan/754/2006	other_database_import	
A/Thailand/KS08239/2009	other_database_import	
A/Thailand/KS08204/2008	other_database_import	
A/Victoria/208/2009	who_collaborating_centre_for_reference_and_research_on_influenza	victorian_infectious_diseases_reference_laboratory_
A/Netherlands/377/2008	erasmus_medical_center	erasmus_medical_center
A/Paris/711/2008	institut_pasteur	
A/Thailand/KS07193/2008	other_database_import	
A/Thailand/MR07159/2008	other_database_import	
A/Paris/1094/2009	institut_pasteur	
A/Taiwan/425/2008	other_database_import	
A/Taiwan/424/2008	other_database_import	
A/KhanhHoa/KH494/2008	other_database_import	
A/Guangdong/ST798/2008	other_database_import	
A/Thailand/SP07127/2008	other_database_import	
A/Thailand/CU356/2008	other_database_import	
A/Australia/30/2009	other_database_import	
A/SantaCruzdoSul/LACENRS-913/2011	other_database_import	
A/Peru/PER095/2010	other_database_import	
A/Peru/PER213/2010	other_database_import	
A/Peru/PER277/2010	other_database_import	
A/Peru/PER013/2010	other_database_import	
A/SouthAfrica/A_South-Africa-PERCH_005_2011/2011		kenya_medical_research_institute,_virus_epidemiology_research_group
A/Kilifi/126/2012	kemri_wellcome_trust_research_programme_(kwtrp)	kemri_wellcome_trust_research_programme_cgmrc
A/Zambia/A_Zambia-PERCH_009_2012/2012		kenya_medical_research_institute,_virus_epidemiology_research_group
A/Zambia/A_Zambia-PERCH_004_2012/2012		kenya_medical_research_institute,_virus_epidemiology_research_group
A/Zambia/A_Zambia-PERCH_008_2012/2012		kenya_medical_research_institute,_virus_epidemiology_research_group
A/Zambia/A_Zambia-PERCH_007_2012/2012		kenya_medical_research_institute,_virus_epidemiology_research_group
A/SouthAfrica/A_South-Africa-PERCH_002_2011/2011		kenya_medical_research_institute,_virus_epidemiology_research_group
A/Kilifi/38/2012	kemri_wellcome_trust_research_programme_(kwtrp)	kemri_wellcome_trust_research_programme_cgmrc
A/Kilifi/146/2012	kemri_wellcome_trust_research_programme_(kwtrp)	kemri_wellcome_trust_research_programme_cgmrc
A/Kenya/222/2012	usamru_k	us_army_medical_research_unit___kenya_(usamru_k),_geis_human_influenza_program
A/Kenya/223/2012	usamru_k	us_army_medical_research_unit___kenya_(usamru_k),_geis_human_influenza_program
A/Zambia/A_Zambia-PERCH_012_2012/2012		kenya_medical_research_institute,_virus_epidemiology_research_group
A/SouthAfrica/A_South-Africa-PERCH_004_2011/2011		kenya_medical_research_institute,_virus_epidemiology_research_group
A/Kilifi/35/2012	kemri_wellcome_trust_research_programme_(kwtrp)	kemri_wellcome_trust_research_programme_cgmrc
A/Thailand/SS07028/2007	other_database_import	
A/Thailand/SN07141/2008	other_database_import	
A/Thailand/KS08309/2009	other_database_import	
A/Thailand/MR07094/2007	other_database_import	
A/Stockholm/14/2012	swedish_national_institute_for_communicable_disease_control	swedish_institute_for_infectious_disease_control
A/Stockholm/43/2011	swedish_national_institute_for_communicable_disease_control	
A/Stockholm/12/2012	swedish_national_institute_for_communicable_disease_control	
A/Stockholm/29/2011	swedish_national_institute_for_communicable_disease_control	
A/Australia/19/2009	other_database_import	
A/Australia/46/2009	other_database_import	
A/SapucaiadoSul/LACENRS-779/2011	other_database_import	
A/Victoria/208/2009-egg	centers_for_disease_control_and_prevention	victorian_infectious_diseases_reference_laboratory_
A/India/2710/2009	centers_for_disease_control_and_prevention	national_institute_of_virology
A/Uganda/MUWRP-065/2009	other_database_import	
A/Peru/PER151/2011	other_database_import	
A/Uganda/MUWRP-070/2009	other_database_import	
A/Sydney/DD2-02/2010	other_database_import	
A/Kilifi/27/2011	kemri_wellcome_trust_research_programme_(kwtrp)	kemri_wellcome_trust_research_programme_cgmrc
A/Kilifi/26/2011	kemri_wellcome_trust_research_programme_(kwtrp)	kemri_wellcome_trust_research_programme_cgmrc
A/Southaustralia/30/2012	who_collaborating_centre_for_reference_and_research_on_influenza	institute_of_medical_and_veterinary_science_(imvs)
A/Paris/1156/2012	institut_pasteur	
A/HauteNormandie/199/2011	institut_pasteur	
A/SouthAfrica/A_South-Africa-PERCH_003_2011/2011		kenya_medical_research_institute,_virus_epidemiology_research_group
A/Picardie/129/2011	institut_pasteur	
A/Thailand/CU-H3141/2012	other_database_import	
A/Goroka/5/2012	who_collaborating_centre_for_reference_and_research_on_influenza	papua_new_guinea_institute_of_medical_research
A/Tasmania/11/2012	who_collaborating_centre_for_reference_and_research_on_influenza	royal_hobart_hospital
A/Tasmania/26/2012	who_collaborating_centre_for_reference_and_research_on_influenza	royal_hobart_hospital
A/Netherlands/241/2011	erasmus_medical_center	erasmus_medical_center
A/Lorraine/1380/2012	institut_pasteur	
A/SouthAfrica/A_South-Africa-PERCH_009_2012/2012		kenya_medical_research_institute,_virus_epidemiology_research_group
A/SouthAfrica/A_South-Africa-PERCH_008_2012/2012		kenya_medical_research_institute,_virus_epidemiology_research_group
A/Uganda/MUWRP-062/2009	other_database_import	
A/Thailand/CU-B4/2009	other_database_import	
A/Uganda/MUWRP-075/2009	other_database_import	
A/Uganda/MUWRP-058/2009	other_database_import	
A/Uganda/MUWRP-086/2009	other_database_import	
A/Uganda/MUWRP-079/2009	other_database_import	
A/Peru/PER362/2011	other_database_import	
A/Bangladesh/5014/2009-egg	centers_for_disease_control_and_prevention	institute_of_epidemiology_disease_control_and_research_(iedcr)_&_bangladesh_national_influenza_centre_(nic)
A/HongKong/H090-720-V20/2009	other_database_import	
A/Taiwan/754/2009	other_database_import	
A/Kilifi/4/2009	kemri_wellcome_trust_research_programme_(kwtrp)	kemri_wellcome_trust_research_programme_cgmrc
A/Kilifi/5/2009	kemri_wellcome_trust_research_programme_(kwtrp)	kemri_wellcome_trust_research_programme_cgmrc
A/Kilifi/1/2009	wellcome_trust	kemri_wellcome_trust_research_programme_cgmrc
A/NewYork/3104/2009	other_database_import	
A/Peru/PER215/2010	other_database_import	
A/Thailand/PY08064/2009	other_database_import	
A/Uganda/MUWRP-074/2009	other_database_import	
A/Uganda/MUWRP-061/2009	other_database_import	
A/Kilifi/132/2010	kemri_wellcome_trust_research_programme_(kwtrp)	kemri_wellcome_trust_research_programme_cgmrc
A/Kilifi/131/2010	kenya_medical_research_institute	kemri_wellcome_trust_research_programme_cgmrc
A/Peru/PER104/2010	other_database_import	
A/Peru/PER025/2010	other_database_import	
A/Kenya/6063/2010	centers_for_disease_control_and_prevention	cdc_kenya
A/Peru/PER046/2010	other_database_import	
A/Singapore/H2010389/2010	other_database_import	
A/Brisbane/11/2010-egg	centers_for_disease_control_and_prevention	who_collaborating_centre_for_reference_and_research_on_influenza
A/Thailand/CU-C2417/2011	other_database_import	
A/Singapore/H2011507/2011	other_database_import	
A/Cambodia/V1221301/2011	other_database_import	
A/Paris/642/2012	institut_pasteur	
A/Perth/305/2011	who_collaborating_centre_for_reference_and_research_on_influenza	pathwest_qe_ii_medical_centre
A/Cambodia/W0921311/2012	other_database_import	
A/Cambodia/W1023343/2012	other_database_import	
A/Cambodia/W1023347/2012	other_database_import	
A/Vietnam/13VH3-10/2012	niigata_university	
A/Cambodia/W0908340/2012	other_database_import	
A/Thailand/SN11792/2012	other_database_import	
A/Thailand/VIROAF2/2012	other_database_import	
A/Cambodia/W1023353/2012	other_database_import	
A/Peru/PER301/2012	other_database_import	
A/Peru/PER175/2012	other_database_import	
A/Astrakhan/RII65/2011	other_database_import	
A/StPetersburg/RII01/2012	other_database_import	
A/Paris/1040/2012	institut_pasteur	
A/Indonesia/615_S71_L001/2011	university_college_london	universitas_udayana
A/StPetersburg/RII02/2012	other_database_import	
A/Petrozavodsk/RII01/2012	other_database_import	
A/Indonesia/443_S93_L001/2011	university_college_london	universitas_udayana
A/Peru/PER222/2012	other_database_import	
A/Peru/PER359/2012	other_database_import	
A/Kilifi/30/2011	kemri_wellcome_trust_research_programme_(kwtrp)	kemri_wellcome_trust_research_programme_cgmrc
A/Philippines/3948/2011	who_collaborating_centre_for_reference_and_research_on_influenza	research_institute_of_tropical_medicine
A/Peru/PER280/2012	other_database_import	
A/Kenya/219/2012	usamru_k	us_army_medical_research_unit___kenya_(usamru_k),_geis_human_influenza_program
A/Southaustralia/313/2011	who_collaborating_centre_for_reference_and_research_on_influenza	institute_of_medical_and_veterinary_science_(imvs)
A/Peru/PER072/2012	other_database_import	
A/Bangladesh/5071/2011	centers_for_disease_control_and_prevention	institute_of_epidemiology_disease_control_and_research_(iedcr)_&_bangladesh_national_influenza_centre_(nic)
A/Newcaledonia/1/2012	who_collaborating_centre_for_reference_and_research_on_influenza	institut_pasteur_new_caledonia
A/Peru/PER028/2011	other_database_import	
A/Paris/1116/2012	institut_pasteur	
A/Ohio/2/2012-egg	centers_for_disease_control_and_prevention	ohio_department_of_health_laboratories
A/Peru/PER113/2012	other_database_import	
A/CzechRepublic/119/2012	other_database_import	
A/Kenya/A_Kenya-PERCH_008_2011/2011		kenya_medical_research_institute,_virus_epidemiology_research_group
A/Peru/PER307/2011	other_database_import	
A/Tasmania/1/2012	who_collaborating_centre_for_reference_and_research_on_influenza	royal_hobart_hospital
A/Southaustralia/2/2013	who_collaborating_centre_for_reference_and_research_on_influenza	institute_of_medical_and_veterinary_science_(imvs)
A/Peru/PER063/2012	other_database_import	
A/Nauru/5/2011	who_collaborating_centre_for_reference_and_research_on_influenza	republic_of_nauru_hospital
A/Massachusetts/6/2010	centers_for_disease_control_and_prevention	massachusetts_department_of_public_health
A/Brisbane/27/2012	who_collaborating_centre_for_reference_and_research_on_influenza	queensland_health_scientific_services
A/Boston/DOA64/2011	other_database_import	
A/Boston/DOA66/2011	other_database_import	
A/Caen/216/2011	institut_pasteur	
A/Singapore/H2010301/2010	other_database_import	
A/Singapore/C2010471aV/2010	other_database_import	
A/Boston/DOA54/2011	other_database_import	
A/Paris/89/2010	institut_pasteur	
A/Sydney/DD2-01/2010	other_database_import	
A/Victoria/8/2010	who_collaborating_centre_for_reference_and_research_on_influenza	victorian_infectious_diseases_reference_laboratory_
A/Hubei-Enshi/1250/2010	who_chinese_national_influenza_center	who_chinese_national_influenza_center
A/Singapore/C2010304V/2010	other_database_import	
A/RhodeIsland/1/2010-egg	centers_for_disease_control_and_prevention	rhode_island_department_of_health
A/Srilanka/7/2010	who_collaborating_centre_for_reference_and_research_on_influenza	medical_research_institute
A/Victoria/893/2011	who_collaborating_centre_for_reference_and_research_on_influenza	austin_health
A/Singapore/C2011493/2011	other_database_import	
A/Singapore/H2011479/2011	other_database_import	
A/Singapore/H2011460a/2011	other_database_import	
A/Netherlands/34/2010	erasmus_medical_center	erasmus_medical_center
A/Peru/PER313/2012	other_database_import	
A/Peru/PER117/2012	other_database_import	
A/Singapore/C2011564/2011	other_database_import	
A/Singapore/C2010036V/2010	other_database_import	
A/SanSalvador/WRAIR3537T/2010	other_database_import	
A/Managua/291204/2010	other_database_import	
A/Managua/164503/2010	other_database_import	
A/Managua/580601/2010	other_database_import	
A/Nicaragua/5710_01/2010	other_database_import	
A/Managua/319201/2010	other_database_import	
A/Nicaragua/5913_01/2010	other_database_import	
A/Nicaragua/5908_03/2010	other_database_import	
A/Managua/118103/2010	other_database_import	
A/Managua/362202/2010	other_database_import	
A/Managua/544402/2010	other_database_import	
A/Managua/370406/2010	other_database_import	
A/Managua/265401/2010	other_database_import	
A/Thailand/CU-B6309/2012	other_database_import	
A/Indonesia/572_S58_L001/2011	university_college_london	universitas_udayana
A/Kilifi/25/2011	kemri_wellcome_trust_research_programme_(kwtrp)	kemri_wellcome_trust_research_programme_cgmrc
A/Singapore/C2011518/2011	other_database_import	
A/Kilifi/24/2011	kemri_wellcome_trust_research_programme_(kwtrp)	kemri_wellcome_trust_research_programme_cgmrc
A/Singapore/C2011573/2011	other_database_import	
A/Singapore/C2011452/2011	other_database_import	
A/Paris/647/2012	institut_pasteur	
A/Kenya/A_Kenya-PERCH_010_2011/2011		kenya_medical_research_institute,_virus_epidemiology_research_group
A/Indonesia/440_S81_L001/2011	university_college_london	universitas_udayana
A/CzechRepublic/120/2012	other_database_import	
A/Peru/PER354/2012	other_database_import	
A/Peru/PER166/2011	other_database_import	
A/Peru/PER037/2012	other_database_import	
A/Peru/PER346/2011	other_database_import	
A/Centre/1105/2012	institut_pasteur	
A/StPetersburg/RII03/2012	other_database_import	
A/Singapore/H2010211/2010	other_database_import	
A/SouthAustralia/3/2011	centers_for_disease_control_and_prevention	who_collaborating_centre_for_reference_and_research_on_influenza
A/Victoria/361/2011-egg	centers_for_disease_control_and_prevention	who_collaborating_centre_for_reference_and_research_on_influenza
A/Victoria/361/2011	who_collaborating_centre_for_reference_and_research_on_influenza	who_collaborating_centre_for_reference_and_research_on_influenza
A/Paris/1009/2012	institut_pasteur	
A/Peru/PER260/2012	other_database_import	
A/Peru/PER384/2012	other_database_import	
A/Thailand/CU-B6091/2012	other_database_import	
A/CzechRepublic/76/2012	other_database_import	
A/Thailand/SN11650/2011	other_database_import	
A/Tasmania/12/2012	who_collaborating_centre_for_reference_and_research_on_influenza	royal_hobart_hospital
A/Pennsylvania/9/2012-egg	centers_for_disease_control_and_prevention	centers_for_disease_control_and_prevention
A/Pennsylvania/9/2012	centers_for_disease_control_and_prevention	centers_for_disease_control_and_prevention
A/Thailand/SP11679/2012	other_database_import	
A/Thailand/SR08183/2011	other_database_import	
A/Townsville/1/2012	who_collaborating_centre_for_reference_and_research_on_influenza	queensland_health_scientific_services
A/Thailand/MR11632/2012	other_database_import	
A/Perth/219/2011	who_collaborating_centre_for_reference_and_research_on_influenza	pathwest_qe_ii_medical_centre
A/Texas/50/2012-egg	st._jude_children's_research_hospital	texas_department_of_state_health_services_laboratory_services
A/Texas/50/2012	st._jude_children's_research_hospital	texas_department_of_state_health_services_laboratory_services
A/Novosibirsk/RII08/2012	other_database_import	
A/Novosibirsk/RII09/2012	other_database_import	
A/Christchurch/503/2012	who_collaborating_centre_for_reference_and_research_on_influenza	canterbury_health_services
A/Christchurch/516/2012	who_collaborating_centre_for_reference_and_research_on_influenza	canterbury_health_services
A/Hangzhou/A469/2013	hangzhou_center_for_disease_control_and_prevention	hangzhou_center_for_disease_control_and_prevention
A/CzechRepublic/121/2012	other_database_import	
A/Thailand/CU-H3368/2012	other_database_import	
A/Thailand/CU-H3453/2012	other_database_import	
A/Thailand/CU-B6936/2012	other_database_import	
A/Almaty/2958/2013-egg	centers_for_disease_control_and_prevention	national_reference_laboratory
A/Ukraine/151/2015	centers_for_disease_control_and_prevention	institute_of_epidemiology_and_infectious_diseases_ams_of_ukraine
A/England/59/2015	microbiology_services_colindale,_public_health_england	microbiology_services_colindale,_public_health_england
A/StPetersburg/103/2015	centers_for_disease_control_and_prevention	russian_academy_of_medical_sciences
A/England/50400278/2015	microbiology_services_colindale,_public_health_england	microbiology_services_colindale,_public_health_england
A/Myanmar/13M109/2013	niigata_university	
A/Paraguay/49/2014	centers_for_disease_control_and_prevention	central_laboratory_of_public_health
A/Vietnam/13VH3-8/2013	niigata_university	
A/CzechRepublic/216/2013	other_database_import	
A/Gothenburg/2/2013	swedish_institute_for_infectious_disease_control	
A/Uganda/4829/2016	centers_for_disease_control_and_prevention	uganda_virus_research_institute_(uvri),_national_influenza_center
A/Kenya/118/2013-egg	centers_for_disease_control_and_prevention	cdc_kenya
A/Kenya/126/2014	centers_for_disease_control_and_prevention	cdc_kenya
A/Massachusetts/11/2013-egg	centers_for_disease_control_and_prevention	massachusetts_department_of_public_health
A/Massachusetts/11/2013	centers_for_disease_control_and_prevention	massachusetts_department_of_public_health
A/Hangzhou/A155/2013	hangzhou_center_for_disease_control_and_prevention	hangzhou_center_for_disease_control_and_prevention
A/Mali/A_Mali-PERCH_003_2013/2013		kenya_medical_research_institute,_virus_epidemiology_research_group
A/Boston/DOA2-111/2012	other_database_import	
A/Boston/YGA_01128/2013	other_database_import	
A/Boston/YGA_00007/2012	other_database_import	
A/Thailand/CU-B8849/2014	other_database_import	
A/Zambia/A_Zambia-PERCH_021_2013/2013		kenya_medical_research_institute,_virus_epidemiology_research_group
A/Farroupilha/LACENRS-1297/2014	other_database_import	
A/Boston/YGA_01172/2013	other_database_import	
A/BomRetirodoSul/LACENRS-3406/2013	other_database_import	
A/Bretagne/1007/2012	institut_pasteur	
A/Ilopolis/LACENRS-3175/2013	other_database_import	
A/Arvorezinha/LACENRS-2055/2013	other_database_import	
A/Suzhou/1275/2013	other_database_import	
A/SaoBorja/LACENRS-2679/2013	other_database_import	
A/Zambia/A_Zambia-PERCH_020_2013/2013		kenya_medical_research_institute,_virus_epidemiology_research_group
A/CostaRica/4700/2013-egg	centers_for_disease_control_and_prevention	centers_for_disease_control_and_prevention
A/Sydney/506/2013	who_collaborating_centre_for_reference_and_research_on_influenza	prince_of_wales_hospital
A/Delaware/15/2012	centers_for_disease_control_and_prevention	delaware_public_health_lab
A/Zambia/A_Zambia-PERCH_003_2013/2013		kenya_medical_research_institute,_virus_epidemiology_research_group
A/Chita/260/2014	centers_for_disease_control_and_prevention	russian_academy_of_medical_sciences
A/Chita/256/2014	centers_for_disease_control_and_prevention	russian_academy_of_medical_sciences
A/Chita/268/2014	centers_for_disease_control_and_prevention	russian_academy_of_medical_sciences
A/Helsinki/991/2013	other_database_import	
A/Maryland/4/2013	centers_for_disease_control_and_prevention	maryland_department_of_health_and_mental_hygiene
A/Texas/23/2016	centers_for_disease_control_and_prevention	baylor_college_of_medicine
A/Gorbea/75876/2015	centers_for_disease_control_and_prevention	instituto_de_salud_publica_de_chile_
A/Argentina/120/2015	centers_for_disease_control_and_prevention	instituto_nacional_de_enfermedades_infecciosas
A/Argentina/121/2015	centers_for_disease_control_and_prevention	instituto_nacional_de_enfermedades_infecciosas
A/Argentina/25/2015	centers_for_disease_control_and_prevention	instituto_nacional_de_enfermedades_infecciosas
A/Kyoto-C/8/2016	national_institute_of_infectious_diseases_(niid)	kyoto_city_institute_of_health_and_environmental_sciences
A/Mexico/2118/2015	centers_for_disease_control_and_prevention	laboratorio_de_virus_respiratorio
A/Talca/79797/2015	centers_for_disease_control_and_prevention	instituto_de_salud_publica_de_chile_
A/Roraima/143103-IEC/2016	centers_for_disease_control_and_prevention	national_influenza_center
A/Roraima/144714-IEC/2016	centers_for_disease_control_and_prevention	national_influenza_center
A/Roraima/144238-IEC/2016	centers_for_disease_control_and_prevention	national_influenza_center
A/Texas/56/2016	centers_for_disease_control_and_prevention	texas_department_of_state_health_services_laboratory_services
A/Bolivia/2315/2016	centers_for_disease_control_and_prevention	cenetrop
A/SouthAustralia/54/2016-egg	centers_for_disease_control_and_prevention	who_collaborating_centre_for_reference_and_research_on_influenza
A/Texas/131/2016	centers_for_disease_control_and_prevention	baylor_college_of_medicine
A/Idaho/33/2016-egg	centers_for_disease_control_and_prevention	state_of_idaho_bureau_of_laboratories
A/Idaho/33/2016	centers_for_disease_control_and_prevention	state_of_idaho_bureau_of_laboratories
A/NewZealand/2426/2016	centers_for_disease_control_and_prevention	institute_of_environmental_science_&_research
A/NewZealand/2388/2016	centers_for_disease_control_and_prevention	institute_of_environmental_science_&_research
A/Christchurch/505/2016	who_collaborating_centre_for_reference_and_research_on_influenza	canterbury_health_services
A/NewZealand/836/2016	centers_for_disease_control_and_prevention	institute_of_environmental_science_&_research
A/Sydney/142/2016	centers_for_disease_control_and_prevention	clinical_virology_unit,_cdim
A/NewZealand/889/2016	centers_for_disease_control_and_prevention	institute_of_environmental_science_&_research
A/NewZealand/1165/2016	centers_for_disease_control_and_prevention	institute_of_environmental_science_&_research
A/NewZealand/1014/2016	centers_for_disease_control_and_prevention	institute_of_environmental_science_&_research
A/NewZealand/1001/2016	centers_for_disease_control_and_prevention	institute_of_environmental_science_&_research
A/NewZealand/1009/2016	centers_for_disease_control_and_prevention	institute_of_environmental_science_&_research
A/Sydney/142/2016-egg	centers_for_disease_control_and_prevention	clinical_virology_unit,_cdim
A/NewZealand/2343/2016	centers_for_disease_control_and_prevention	institute_of_environmental_science_&_research
A/NewZealand/777/2016	centers_for_disease_control_and_prevention	institute_of_environmental_science_&_research
A/NewZealand/2358/2016	centers_for_disease_control_and_prevention	institute_of_environmental_science_&_research
A/NewZealand/2378/2016	centers_for_disease_control_and_prevention	institute_of_environmental_science_&_research
A/Nagasaki/13N049/2014	other_database_import	
A/Houston/JMM_153/2013	other_database_import	
A/Houston/JMM_67/2012	other_database_import	
A/Houston/JMM_61/2012	other_database_import	
A/Beijing-Xicheng/12423/2012	centers_for_disease_control_and_prevention	who_chinese_national_influenza_center
A/Gambia/A_Gambia-PERCH_017_2013/2013		kenya_medical_research_institute,_virus_epidemiology_research_group
A/Canoas/LACENRS-1212/2013	other_database_import	
A/Thailand/VIROAF1CS/2012	other_database_import	
A/Hangzhou/B48/2013	hangzhou_center_for_disease_control_and_prevention	hangzhou_center_for_disease_control_and_prevention
A/Boston/DOA2-115/2012	other_database_import	
A/Mali/A_Mali-PERCH_014_2013/2013		kenya_medical_research_institute,_virus_epidemiology_research_group
A/Gambia/A_Gambia-PERCH_003_2011/2011		kenya_medical_research_institute,_virus_epidemiology_research_group
A/Chita/266/2014	centers_for_disease_control_and_prevention	russian_academy_of_medical_sciences
A/Helsinki/879/2013	other_database_import	
A/Brazil/4146/2014	centers_for_disease_control_and_prevention	instituto_adolfo_lutz
A/Parana/87/2014	oswaldo_cruz_institute___fiocruz___laboratory_of_respiratory_viruses_and_measles_(lvrs)	laboratório_central_do_estado_do_paraná___lacen/pr
A/Srilanka/27/2013	who_collaborating_centre_for_reference_and_research_on_influenza	medical_research_institute
A/SouthAustralia/16/2014	who_collaborating_centre_for_reference_and_research_on_influenza	institute_of_medical_and_veterinary_science_(imvs)
A/Gambia/A_Gambia-PERCH_005_2013/2013		kenya_medical_research_institute,_virus_epidemiology_research_group
A/Boston/DOA2-185/2013	other_database_import	
A/Boston/YGA_01046/2012	other_database_import	
A/SantaClara/YGA_03027/2013	other_database_import	
A/Newcastle/1/2013	who_collaborating_centre_for_reference_and_research_on_influenza	john_hunter_hospital,_virology_unit,_clinical_microbiology
A/Thailand/CU-B7235/2012	other_database_import	
A/SouthAfrica/A_South-Africa-PERCH_039_2013/2013		kenya_medical_research_institute,_virus_epidemiology_research_group
A/Mali/A_Mali-PERCH_021_2013/2013		kenya_medical_research_institute,_virus_epidemiology_research_group
A/Gambia/A_Gambia-PERCH_011_2012/2012		kenya_medical_research_institute,_virus_epidemiology_research_group
A/SouthAfrica/A_South-Africa-PERCH_038_2013/2013		kenya_medical_research_institute,_virus_epidemiology_research_group
A/Zambia/A_Zambia-PERCH_026_2013/2013		kenya_medical_research_institute,_virus_epidemiology_research_group
A/Liaoning-Shuangta/1491/2015	centers_for_disease_control_and_prevention	who_chinese_national_influenza_center
A/Beijing-Xicheng/13100/2014	centers_for_disease_control_and_prevention	who_chinese_national_influenza_center
A/Xinjiang-Tianshan/11190/2014	centers_for_disease_control_and_prevention	who_chinese_national_influenza_center
A/Thailand/KS10525/2012	other_database_import	
A/Catalonia/NSVH49458/2013	hospital_universitari_vall_d'hebron	hospital_universitari_vall_d'hebron
A/SouthAfrica/A_South-Africa-PERCH_040_2013/2013		kenya_medical_research_institute,_virus_epidemiology_research_group
A/Zambia/A_Zambia-PERCH_024_2013/2013		kenya_medical_research_institute,_virus_epidemiology_research_group
A/Gambia/A_Gambia-PERCH_009_2012/2012		kenya_medical_research_institute,_virus_epidemiology_research_group
A/Gambia/A_Gambia-PERCH_012_2012/2012		kenya_medical_research_institute,_virus_epidemiology_research_group
A/Ukraine/387/2013	centers_for_disease_control_and_prevention	institute_of_epidemiology_and_infectious_diseases_ams_of_ukraine
A/Boston/YGA_02009/2012	other_database_import	
A/RiodeJaneiro/34/2014	oswaldo_cruz_institute___fiocruz___laboratory_of_respiratory_viruses_and_measles_(lvrs)	laboratorio_central_do_estado_do_rio_de_janeiro___lacen/rj___noel_nutels
A/Brazil/769/2014	centers_for_disease_control_and_prevention	instituto_adolfo_lutz
A/Canoas/LACENRS-1317/2014	other_database_import	
A/CostaRica/4700/2013	centers_for_disease_control_and_prevention	centers_for_disease_control_and_prevention
A/Boston/YGA_00086/2013	other_database_import	
A/CostaRica/4009/2013	centers_for_disease_control_and_prevention	laboratorio_nacional_de_influenza
A/Thailand/SN11893/2013	other_database_import	
A/Congo/2611/2014	centers_for_disease_control_and_prevention	inrb_service_de_virologie
A/Stockholm/36/2013	swedish_institute_for_infectious_disease_control	swedish_institute_for_infectious_disease_control
A/Boston/DOA2-209/2012	other_database_import	
A/Boston/DOA2-126/2012	other_database_import	
A/Boston/YGA_02043/2013	other_database_import	
A/NewYork/39/2012-egg	centers_for_disease_control_and_prevention	centers_for_disease_control_and_prevention
A/NewYork/39/2012	centers_for_disease_control_and_prevention	centers_for_disease_control_and_prevention
A/Boston/DOA2-178/2013	other_database_import	
A/Boston/DOA2-119/2012	other_database_import	
A/Myanmar/13M020/2013	niigata_university	
A/Myanmar/13M007/2013	niigata_university	
A/Myanmar/13M011/2013	niigata_university	
A/Thailand/CU-CB166/2014	other_database_import	
A/Thailand/CU-A166/2013	other_database_import	
A/Thailand/CU-A182/2013	other_database_import	
A/SantaClara/YGA_03078/2013	other_database_import	
A/Myanmar/13M088/2013	niigata_university	
A/AmericanSamoa/4786/2013-egg	centers_for_disease_control_and_prevention	state_of_hawaii_department_of_health
A/AmericanSamoa/4786/2013	centers_for_disease_control_and_prevention	state_of_hawaii_department_of_health
A/Stockholm/30/2013	swedish_institute_for_infectious_disease_control	swedish_institute_for_infectious_disease_control
A/Boston/YGA_02032/2013	other_database_import	
A/Brazil/328/2013	centers_for_disease_control_and_prevention	instituto_adolfo_lutz
A/Quarai/LACENRS-3508/2013	other_database_import	
A/Bangladesh/9269/2013-egg	centers_for_disease_control_and_prevention	institute_of_epidemiology_disease_control_and_research_(iedcr)_&_bangladesh_national_influenza_centre_(nic)
A/Lebanon/14L41/2014	niigata_university	
A/Thailand/CU-A114/2013	other_database_import	
A/Niigata/13F173/2014	other_database_import	
A/Victoria/506/2013-egg	centers_for_disease_control_and_prevention	monash_medical_centre
A/Thailand/CU-H3649/2014	other_database_import	
A/Victoria/5006/2014-egg	centers_for_disease_control_and_prevention	who_collaborating_centre_for_reference_and_research_on_influenza
A/Paraguay/95/2014	centers_for_disease_control_and_prevention	central_laboratory_of_public_health
A/Santiago/68839/2014	centers_for_disease_control_and_prevention	instituto_de_salud_publica_de_chile_
A/Goroka/15/2015	who_collaborating_centre_for_reference_and_research_on_influenza	papua_new_guinea_institute_of_medical_research
A/Nigeria/928/2014	centers_for_disease_control_and_prevention	national_influenza_reference_laboratory
A/Thailand/CU-H3626/2014	other_database_import	
A/Saitama/96/2014	national_institute_of_infectious_diseases_(niid)	saitama_institute_of_public_health
A/HongKong/5738/2014-egg	centers_for_disease_control_and_prevention	national_institute_for_medical_research
A/HongKong/5738/2014	st._jude_children's_research_hospital	national_institute_for_medical_research
A/Argentina/11126/2014	centers_for_disease_control_and_prevention	cemic_university_hospital
A/Kilifi/154/2014	kemri_wellcome_trust_research_programme_(kwtrp)	kemri_wellcome_trust_research_programme_cgmrc
A/Sydney/71/2014	who_collaborating_centre_for_reference_and_research_on_influenza	who_collaborating_centre_for_reference_and_research_on_influenza
A/Nagano/2202/2015	national_institute_of_infectious_diseases_(niid)	nagano_environmental_conservation_research_institute
A/StPetersburg/RII80/2014	who_national_influenza_centre_russian_federation	
A/Paraguay/4413/2014	centers_for_disease_control_and_prevention	central_laboratory_of_public_health
A/HongKong/4801/2014-egg	st._jude_children's_research_hospital	crick_worldwide_influenza_centre
A/HongKong/4801/2014	centers_for_disease_control_and_prevention	crick_worldwide_influenza_centre
A/SouthAustralia/9/2015-egg	centers_for_disease_control_and_prevention	who_collaborating_centre_for_reference_and_research_on_influenza
A/Chicago/YGA_04096/2012	other_database_import	
A/Boston/DOA2-240/2013	other_database_import	
A/Boston/DOA2-242/2013	other_database_import	
A/Thailand/CU-B7367/2012	other_database_import	
A/SantaClara/YGA_03009/2013	other_database_import	
A/Hangzhou/A511/2013	hangzhou_center_for_disease_control_and_prevention	hangzhou_center_for_disease_control_and_prevention
A/SantaClara/YGA_03064/2013	other_database_import	
A/Georgia/3/2013-egg	centers_for_disease_control_and_prevention	georgia_public_health_laboratory
A/Helsinki/951/2013	other_database_import	
A/Perth/258/2013	who_collaborating_centre_for_reference_and_research_on_influenza	pathwest_qe_ii_medical_centre
A/Thailand/CU-B7885/2013	other_database_import	
A/SantaClara/YGA_03060/2013	other_database_import	
A/PassoFundo/LACENRS-1533/2013	other_database_import	
A/Thailand/KS10537/2013	other_database_import	
A/Niigata/13F071/2014	other_database_import	
A/Sweden/139/2013	swedish_institute_for_infectious_disease_control	
A/Songkhla/3076/2013	who_collaborating_centre_for_reference_and_research_on_influenza	who_national_influenza_centre,_national_institute_of_medical_research_(nimr)
A/Niigata/13F416/2014	other_database_import	
A/Niigata/13F335/2014	other_database_import	
A/Stockholm/31/2013	swedish_institute_for_infectious_disease_control	swedish_institute_for_infectious_disease_control
A/Brisbane/165/2013	who_collaborating_centre_for_reference_and_research_on_influenza	queensland_health_scientific_services
A/Singapore/H2013901/2013	other_database_import	
A/Cambodia/1384/2014	centers_for_disease_control_and_prevention	national_public_health_laboratory
A/Cambodia/1370/2014	centers_for_disease_control_and_prevention	national_public_health_laboratory
A/Myanmar/13M061/2013	niigata_university	
A/Stockholm/22/2013	swedish_institute_for_infectious_disease_control	swedish_institute_for_infectious_disease_control
A/Stockholm/12/2014	swedish_institute_for_infectious_disease_control	swedish_institute_for_infectious_disease_control
A/Hawkesbay/1/2013	who_collaborating_centre_for_reference_and_research_on_influenza	institute_of_environmental_science_and_research
A/Hangzhou/A803/2013	hangzhou_center_for_disease_control_and_prevention	hangzhou_center_for_disease_control_and_prevention
A/Northwestauckland/6/2013	who_collaborating_centre_for_reference_and_research_on_influenza	institute_of_environmental_science_and_research
A/Canberra/127/2013	who_collaborating_centre_for_reference_and_research_on_influenza	canberra_hospital
A/Hangzhou/A806/2013	hangzhou_center_for_disease_control_and_prevention	hangzhou_center_for_disease_control_and_prevention
A/Kenya/124/2014	centers_for_disease_control_and_prevention	cdc_kenya
A/Myanmar/13M087/2013	niigata_university	
A/Myanmar/13M085/2013	niigata_university	
A/Hangzhou/B735/2013	hangzhou_center_for_disease_control_and_prevention	hangzhou_center_for_disease_control_and_prevention
A/SaudiArabia/4/2013	other_database_import	
A/SaudiArabia/5/2013	other_database_import	
A/Utah/7/2013-egg	centers_for_disease_control_and_prevention	utah_department_of_health
A/Stockholm/40/2013	swedish_institute_for_infectious_disease_control	
A/Hangzhou/A816/2013	hangzhou_center_for_disease_control_and_prevention	hangzhou_center_for_disease_control_and_prevention
A/Hangzhou/A796/2013	hangzhou_center_for_disease_control_and_prevention	hangzhou_center_for_disease_control_and_prevention
A/Hangzhou/A776/2013	hangzhou_center_for_disease_control_and_prevention	hangzhou_center_for_disease_control_and_prevention
A/Washington/18/2013-egg	centers_for_disease_control_and_prevention	washington_state_public_health_laboratory
A/Washington/18/2013	centers_for_disease_control_and_prevention	washington_state_public_health_laboratory
A/Utah/7/2013	centers_for_disease_control_and_prevention	utah_department_of_health
A/SouthAfrica/A_South-Africa-PERCH_017_2013/2013		kenya_medical_research_institute,_virus_epidemiology_research_group
A/Nagasaki/13N100/2014	niigata_university	
A/Srilanka/68/2013	who_collaborating_centre_for_reference_and_research_on_influenza	medical_research_institute
A/Netherlands/2249/2013	erasmus_medical_center	erasmus_medical_center
A/Hangzhou/A800/2013	hangzhou_center_for_disease_control_and_prevention	hangzhou_center_for_disease_control_and_prevention
A/Kyoto/13K012/2014	other_database_import	
A/Victoria/505/2013-egg	centers_for_disease_control_and_prevention	monash_medical_centre
A/Stockholm/29/2013	swedish_institute_for_infectious_disease_control	swedish_institute_for_infectious_disease_control
A/Egypt/4982/2014	centers_for_disease_control_and_prevention	u.s._naval_medical_research_unit_no.3
A/Srilanka/42/2014	who_collaborating_centre_for_reference_and_research_on_influenza	medical_research_institute
A/Sweden/12/2015	swedish_institute_for_infectious_disease_control	
A/StPetersburg/22/2015	centers_for_disease_control_and_prevention	russian_academy_of_medical_sciences
A/England/45160093/2014	microbiology_services_colindale,_public_health_england	microbiology_services_colindale,_public_health_england
A/Newcastle/54/2014	who_collaborating_centre_for_reference_and_research_on_influenza	john_hunter_hospital
A/Newcastle/22/2014-egg	centers_for_disease_control_and_prevention	who_collaborating_centre_for_reference_and_research_on_influenza
A/Alabama/9/2014	centers_for_disease_control_and_prevention	adph_bureau_of_clinical_laboratories
A/Victoria/1000/2015-egg	who_collaborating_centre_for_reference_and_research_on_influenza	institute_of_medical_and_veterinary_science_(imvs)
A/Victoria/3063/2015	who_collaborating_centre_for_reference_and_research_on_influenza	austin_health
A/Utah/29/2014	centers_for_disease_control_and_prevention	utah_department_of_health
A/Scotland/44/2014	nhs_greater_glasgow_and_clyde	nhs_greater_glasgow_and_clyde
A/England/87/2015	microbiology_services_colindale,_public_health_england	microbiology_services_colindale,_public_health_england
A/NorthCarolina/23/2015	centers_for_disease_control_and_prevention	north_carolina_state_laboratory_of_public_health
A/PortoAlegre/LACENRS-2232/2014	other_database_import	
A/Paraguay/97/2014	centers_for_disease_control_and_prevention	central_laboratory_of_public_health
A/CruzAlta/LACENRS-2045/2014	other_database_import	
A/Chiangrai/186/2014	who_collaborating_centre_for_reference_and_research_on_influenza	who_national_influenza_centre,_national_institute_of_medical_research_(nimr)
A/RhodeIsland/21/2014	centers_for_disease_control_and_prevention	rhode_island_department_of_health
A/Argentina/11093/2014	centers_for_disease_control_and_prevention	cemic_university_hospital
A/SantaCruzdoSul/LACENRS-1625/2014	other_database_import	
A/Bage/LACENRS-1200/2014	other_database_import	
A/Viamao/LACENRS-733/2014	other_database_import	
A/Alegrete/LACENRS-1624/2014	other_database_import	
A/PortoAlegre/LACENRS-1447/2014	other_database_import	
A/Santiago/70123/2014	centers_for_disease_control_and_prevention	instituto_de_salud_publica_de_chile_
A/Lebanon/14L45/2014	niigata_university	
A/Bolivia/667/2014	centers_for_disease_control_and_prevention	cenetrop
A/Bolivia/716/2014	centers_for_disease_control_and_prevention	cenetrop
A/Bolivia/906/2014	centers_for_disease_control_and_prevention	cenetrop
A/Paraguay/94/2014	centers_for_disease_control_and_prevention	central_laboratory_of_public_health
A/Iquique/62331/2014	centers_for_disease_control_and_prevention	instituto_de_salud_publica_de_chile_
A/Brazil/6261/2015	centers_for_disease_control_and_prevention	instituto_adolfo_lutz
A/CruzAlta/LACENRS-2623/2014	other_database_import	
A/Lebanon/14L78/2014	niigata_university	
A/Brazil/9879/2014	centers_for_disease_control_and_prevention	instituto_adolfo_lutz
A/Lebanon/14L56/2014	niigata_university	
A/Fiji/1/2014	who_collaborating_centre_for_reference_and_research_on_influenza	fiji_centre_for_communicable_disease_control
A/Ilopolis/LACENRS-1322/2014	other_database_import	
A/Boston/YGA_00006/2012	other_database_import	
A/Gambia/A_Gambia-PERCH_016_2012/2012		kenya_medical_research_institute,_virus_epidemiology_research_group
A/Zambia/A_Zambia-PERCH_025_2013/2013		kenya_medical_research_institute,_virus_epidemiology_research_group
A/Sydney/83/2013	who_collaborating_centre_for_reference_and_research_on_influenza	clinical_virology_unit,_cdim
A/Hangzhou/B600/2013	hangzhou_center_for_disease_control_and_prevention	hangzhou_center_for_disease_control_and_prevention
A/Hangzhou/A662/2013	hangzhou_center_for_disease_control_and_prevention	hangzhou_center_for_disease_control_and_prevention
A/Hangzhou/B718/2013	hangzhou_center_for_disease_control_and_prevention	hangzhou_center_for_disease_control_and_prevention
A/Hangzhou/A601/2013	hangzhou_center_for_disease_control_and_prevention	hangzhou_center_for_disease_control_and_prevention
A/Nagasaki/13N007/2014	other_database_import	
A/Hangzhou/A789/2013	hangzhou_center_for_disease_control_and_prevention	hangzhou_center_for_disease_control_and_prevention
A/Hangzhou/A698/2013	hangzhou_center_for_disease_control_and_prevention	hangzhou_center_for_disease_control_and_prevention
A/Hangzhou/A683/2013	hangzhou_center_for_disease_control_and_prevention	hangzhou_center_for_disease_control_and_prevention
A/Hangzhou/A649/2013	hangzhou_center_for_disease_control_and_prevention	hangzhou_center_for_disease_control_and_prevention
A/Zambia/A_Zambia-PERCH_022_2013/2013		kenya_medical_research_institute,_virus_epidemiology_research_group
A/PortoAlegre/LACENRS-275/2013	other_database_import	
A/Gambia/A_Gambia-PERCH_007_2012/2012		kenya_medical_research_institute,_virus_epidemiology_research_group
A/CostaRica/4009/2013-egg	centers_for_disease_control_and_prevention	laboratorio_nacional_de_influenza
A/Boston/YGA_01126/2013	other_database_import	
A/Arkansas/13/2013-egg	centers_for_disease_control_and_prevention	arkansas_department_of_health
A/Myanmar/14M391/2014	niigata_university	
A/Shanxi-Xinghualing/1663/2014	centers_for_disease_control_and_prevention	who_chinese_national_influenza_center
A/Niigata/13F024/2014	other_database_import	
A/Bangladesh/9334/2013-egg	centers_for_disease_control_and_prevention	institute_of_epidemiology_disease_control_and_research_(iedcr)_&_bangladesh_national_influenza_centre_(nic)
A/Khabarovsk/6/2015	centers_for_disease_control_and_prevention	state_research_center_of_virology_and_biotechnology_vector
A/Wellington/81/2014	who_collaborating_centre_for_reference_and_research_on_influenza	institute_of_environmental_science_&_research
A/Kazakhstan/194/2014	centers_for_disease_control_and_prevention	csee
A/Tanzania/542/2014	centers_for_disease_control_and_prevention	national_influenza_lab
A/Vietnam/629/2014	centers_for_disease_control_and_prevention	national_institute_of_hygiene_and_epidemiology
A/Lao/122/2015	centers_for_disease_control_and_prevention	national_center_for_laboratory_and_epidemiology
A/Yunnan-Linxiang/11032/2014	centers_for_disease_control_and_prevention	who_chinese_national_influenza_center
A/Palau/6775/2014	centers_for_disease_control_and_prevention	state_of_hawaii_department_of_health
A/Tanzania/3557/2014	centers_for_disease_control_and_prevention	national_influenza_lab
A/Bangladesh/10009/2014	centers_for_disease_control_and_prevention	institute_of_epidemiology_disease_control_and_research_(iedcr)_&_bangladesh_national_influenza_centre_(nic)
A/Switzerland/9715293/2013	centers_for_disease_control_and_prevention	national_institute_for_medical_research
A/Chita/12/2014	centers_for_disease_control_and_prevention	state_research_center_of_virology_and_biotechnology_vector
A/NewYork/5/2014-egg	centers_for_disease_control_and_prevention	new_york_state_department_of_health
A/NewYork/5/2014	centers_for_disease_control_and_prevention	new_york_state_department_of_health
A/Uvurkhangai/1959/2014	who_collaborating_centre_for_reference_and_research_on_influenza	national_center_for_communicable_diseases
A/SaudiArabia/8/2014	other_database_import	
A/Chita/264/2014	centers_for_disease_control_and_prevention	russian_academy_of_medical_sciences
A/Jiangsu-Qingpu/1660/2015-egg	ns	seasonal_h3n2
A/Florida/35/2014	centers_for_disease_control_and_prevention	florida_department_of_health_tampa
A/Tak/1845/2014	centers_for_disease_control_and_prevention	who_national_influenza_centre,_national_institute_of_medical_research_(nimr)
A/Singapore/OHC022/2013	ministry_of_health,_singapore	ministry_of_health,_singapore
A/Texas/34/2014-egg	centers_for_disease_control_and_prevention	texas_department_of_state_health_services_laboratory_services
A/Texas/34/2014	centers_for_disease_control_and_prevention	texas_department_of_state_health_services_laboratory_services
A/Singapore/OHC019/2013	ministry_of_health,_singapore	ministry_of_health,_singapore
A/Cambodia/FSS28237/2014	who_collaborating_centre_for_reference_and_research_on_influenza	namru_2,_cambodia
A/Liaoning-Heping/1430/2014	centers_for_disease_control_and_prevention	who_chinese_national_influenza_center
A/Tanzania/3588/2014	centers_for_disease_control_and_prevention	national_influenza_lab
A/Nigeria/120/2014	centers_for_disease_control_and_prevention	national_influenza_reference_laboratory
A/Vietnam/594/2014	centers_for_disease_control_and_prevention	national_institute_of_hygiene_and_epidemiology
A/Peru/68/2015	centers_for_disease_control_and_prevention	us_namru_6
A/Santiago/33417/2015	centers_for_disease_control_and_prevention	instituto_de_salud_publica_de_chile_
A/Chita/258/2014	centers_for_disease_control_and_prevention	russian_academy_of_medical_sciences
A/NorthCarolina/13/2014-egg	centers_for_disease_control_and_prevention	north_carolina_state_laboratory_of_public_health
A/NorthCarolina/13/2014	centers_for_disease_control_and_prevention	north_carolina_state_laboratory_of_public_health
A/Lao/859/2014	centers_for_disease_control_and_prevention	national_center_for_laboratory_and_epidemiology
A/Lao/864/2014	centers_for_disease_control_and_prevention	national_center_for_laboratory_and_epidemiology
A/Lao/842/2014	centers_for_disease_control_and_prevention	national_center_for_laboratory_and_epidemiology
A/Para/134244-IEC/2015	centers_for_disease_control_and_prevention	national_influenza_center
A/SouthAustralia/24/2014	who_collaborating_centre_for_reference_and_research_on_influenza	institute_of_medical_and_veterinary_science_(imvs)
A/Stockholm/6/2014	swedish_institute_for_infectious_disease_control	national_institute_for_medical_research
A/Shaanxi-Changan/1452/2014	centers_for_disease_control_and_prevention	who_chinese_national_influenza_center
A/Switzerland/9715293/2013-egg	st._jude_children's_research_hospital	national_institute_for_medical_research
A/Colombia/6438/2015	centers_for_disease_control_and_prevention	instituto_nacional_de_salud_de_columbia
A/Uruguay/122/2015	centers_for_disease_control_and_prevention	departamento_de_laboratorio_de_salud_publica
A/Brazil/9056/2015	centers_for_disease_control_and_prevention	instituto_adolfo_lutz
A/Arkansas/3/2016	centers_for_disease_control_and_prevention	arkansas_department_of_health
A/Stockholm/75/2015	swedish_institute_for_infectious_disease_control	swedish_institute_for_infectious_disease_control
A/Sweden/46/2015	swedish_institute_for_infectious_disease_control	
A/Afghanistan/855/2015	centers_for_disease_control_and_prevention	national_institute_of_health
A/SaudiArabia/7/2014	other_database_import	
A/SaudiArabia/6/2014	other_database_import	
A/Kazakhstan/26/2015	centers_for_disease_control_and_prevention	csee
A/Ethiopia/1159/2014	centers_for_disease_control_and_prevention	ethiopian_health_and_nutrition_research_institute_(ehnri)
A/Ethiopia/1147/2014	centers_for_disease_control_and_prevention	ethiopian_health_and_nutrition_research_institute_(ehnri)
A/Ethiopia/1140/2014	centers_for_disease_control_and_prevention	ethiopian_health_and_nutrition_research_institute_(ehnri)
A/Singapore/OHC015/2013	ministry_of_health,_singapore	ministry_of_health,_singapore
A/Tasmania/11/2014-egg	who_collaborating_centre_for_reference_and_research_on_influenza	who_collaborating_centre_for_reference_and_research_on_influenza
A/Jiangsu-Sucheng/1309/2016-egg	centers_for_disease_control_and_prevention	who_chinese_national_influenza_center
A/Palau/6775/2014-egg	centers_for_disease_control_and_prevention	state_of_hawaii_department_of_health
A/Palau/6759/2014	centers_for_disease_control_and_prevention	state_of_hawaii_department_of_health
A/Myanmar/14M465/2014	niigata_university	
A/Guizhou-Xinyi/1799/2014	centers_for_disease_control_and_prevention	who_chinese_national_influenza_center
A/SaudiArabia/1/2013	other_database_import	
A/Nc/4690/2014	other_database_import	
A/Stockholm/6/2014-egg	centers_for_disease_control_and_prevention	national_institute_for_medical_research
A/SouthAustralia/55/2014	centers_for_disease_control_and_prevention	who_collaborating_centre_for_reference_and_research_on_influenza
A/Myanmar/14M187/2014	niigata_university	
A/SouthAustralia/55/2014-egg	st._jude_children's_research_hospital	who_collaborating_centre_for_reference_and_research_on_influenza
A/Myanmar/14M039/2014	niigata_university	
A/NewZealand/316/2014	who_collaborating_centre_for_reference_and_research_on_influenza	institute_of_environmental_science_and_research
A/Tanzania/3589/2014	centers_for_disease_control_and_prevention	national_influenza_lab
A/Ethiopia/546/2014	centers_for_disease_control_and_prevention	ethiopian_health_and_nutrition_research_institute_(ehnri)
A/Cambodia/870/2014	centers_for_disease_control_and_prevention	national_public_health_laboratory
A/Miyagi/52/2014	national_institute_of_infectious_diseases_(niid)	miyagi_prefectural_institute_of_public_health_and_environment
A/Henan-Xigong/11041/2014	centers_for_disease_control_and_prevention	who_chinese_national_influenza_center
A/Myanmar/14M240/2014	niigata_university	
A/Kamigoto/1075/2012	the_nagasaki_university	nagasaki_university
A/Boston/YGA_02025/2013	other_database_import	
A/Hawaii/22/2012-egg	centers_for_disease_control_and_prevention	state_of_hawaii_department_of_health
A/Hawaii/22/2012	centers_for_disease_control_and_prevention	state_of_hawaii_department_of_health
A/England/50380175/2015	microbiology_services_colindale,_public_health_england	microbiology_services_colindale,_public_health_england
A/Nebraska/19/2015	centers_for_disease_control_and_prevention	nebraska_public_health_lab
A/Nebraska/19/2015-egg	centers_for_disease_control_and_prevention	nebraska_public_health_lab
A/Mali/A_Mali-PERCH_019_2013/2013		kenya_medical_research_institute,_virus_epidemiology_research_group
A/Mali/A_Mali-PERCH_015_2012/2012		kenya_medical_research_institute,_virus_epidemiology_research_group
A/Mali/A_Mali-PERCH_017_2012/2012		kenya_medical_research_institute,_virus_epidemiology_research_group
A/Kilifi/28/2011	kemri_wellcome_trust_research_programme_(kwtrp)	kemri_wellcome_trust_research_programme_cgmrc
A/Fiji/2/2015-egg	centers_for_disease_control_and_prevention	national_centre_for_scientific_services_for_virology__and_vector_borne_diseases
A/Fiji/7/2015-egg	who_collaborating_centre_for_reference_and_research_on_influenza	national_centre_for_scientific_services_for_virology__and_vector_borne_diseases
A/Nagasaki/14N013/2014	niigata_university	
A/Tomsk/254/2014	centers_for_disease_control_and_prevention	russian_academy_of_medical_sciences
A/Nagasaki/14N012/2014	niigata_university	
A/NewZealand/87/2015	centers_for_disease_control_and_prevention	institute_of_environmental_science_&_research
A/Lao/I1066/2015	national_institute_of_infectious_diseases_(niid)	ministry_of_health_laos
A/Vermont/9/2014	centers_for_disease_control_and_prevention	vermont_department_of_health_laboratory
A/Brisbane/82/2015	centers_for_disease_control_and_prevention	queensland_health_scientific_services
A/Arkansas/16/2014	centers_for_disease_control_and_prevention	arkansas_department_of_health
A/Nagasaki/14N017/2014	niigata_university	
A/England/50460804/2015	microbiology_services_colindale,_public_health_england	microbiology_services_colindale,_public_health_england
A/Rwanda/685/2016	centers_for_disease_control_and_prevention	rwanda_biomedical_center,_national_reference_laboratory
A/England/44540273/2014	microbiology_services_colindale,_public_health_england	microbiology_services_colindale,_public_health_england
A/Canberra/82/2014-egg	centers_for_disease_control_and_prevention	who_collaborating_centre_for_reference_and_research_on_influenza
A/Canberra/82/2014	who_collaborating_centre_for_reference_and_research_on_influenza	who_collaborating_centre_for_reference_and_research_on_influenza
A/NewMexico/3/2015	centers_for_disease_control_and_prevention	new_mexico_department_of_health
A/England/50140078/2014	microbiology_services_colindale,_public_health_england	microbiology_services_colindale,_public_health_england
A/England/45160094/2014	microbiology_services_colindale,_public_health_england	microbiology_services_colindale,_public_health_england
A/Brisbane/82/2015-egg	ns	seasonal_h3n2
A/Scotland/13/2014	nhs_greater_glasgow_and_clyde	nhs_greater_glasgow_and_clyde
A/NewCaledonia/71/2014-egg	centers_for_disease_control_and_prevention	who_collaborating_centre_for_reference_and_research_on_influenza
A/Scotland/127/2014	nhs_greater_glasgow_and_clyde	nhs_greater_glasgow_and_clyde
A/England/50780065/2015	microbiology_services_colindale,_public_health_england	microbiology_services_colindale,_public_health_england
A/Scotland/130/2015	nhs_greater_glasgow_and_clyde	nhs_greater_glasgow_and_clyde
A/England/50140117/2014	microbiology_services_colindale,_public_health_england	microbiology_services_colindale,_public_health_england
A/SouthAfrica/4069/2016	centers_for_disease_control_and_prevention	national_institute_for_communicable_disease
A/SouthAfrica/4940/2015	centers_for_disease_control_and_prevention	national_institute_for_communicable_disease
A/England/50200132/2014	microbiology_services_colindale,_public_health_england	microbiology_services_colindale,_public_health_england
A/Nicaragua/7596_05/2014	other_database_import	
A/Kilifi/102/2015	kemri_wellcome_trust_research_programme_(kwtrp)	kemri_wellcome_trust_research_programme_cgmrc
A/Kilifi/141/2015	kemri_wellcome_trust_research_programme_(kwtrp)	kemri_wellcome_trust_research_programme_cgmrc
A/Kilifi/83/2016	kemri_wellcome_trust_research_programme_(kwtrp)	kemri_wellcome_trust_research_programme_cgmrc
A/Kilifi/76/2016	kemri_wellcome_trust_research_programme_(kwtrp)	kemri_wellcome_trust_research_programme_cgmrc
A/Kilifi/62/2016	wellcome_trust	kemri_wellcome_trust_research_programme_(kwtrp)
A/Mali/108CS/2015	centers_for_disease_control_and_prevention	nic_lab_cvd_mali
A/Okinawa/14T006/2015	niigata_university	
A/Yokohama/184/2014	national_institute_of_infectious_diseases_(niid)	yokohama_city_institute_of_public_health.
A/Saitama/103/2014	centers_for_disease_control_and_prevention	national_institute_of_infectious_diseases_(niid)
A/Aomori/3/2015	national_institute_of_infectious_diseases_(niid)	aomori_prefectural_institute_of_public_health_and_environment
A/Gunma/14G013/2015	niigata_university	
A/Saitama/103/2014-egg	centers_for_disease_control_and_prevention	national_institute_of_infectious_diseases_(niid)
A/Scotland/29/2014	nhs_greater_glasgow_and_clyde	nhs_greater_glasgow_and_clyde
A/NewZealand/431/2015	centers_for_disease_control_and_prevention	institute_of_environmental_science_&_research
A/Gothenburg/4/2013	swedish_institute_for_infectious_disease_control	
A/England/45220053/2014	microbiology_services_colindale,_public_health_england	microbiology_services_colindale,_public_health_england
A/England/72/2015	microbiology_services_colindale,_public_health_england	microbiology_services_colindale,_public_health_england
A/Kyoto/14K003/2014	niigata_university	
A/Scotland/129/2015	nhs_greater_glasgow_and_clyde	nhs_greater_glasgow_and_clyde
A/Newcaledonia/71/2014	who_collaborating_centre_for_reference_and_research_on_influenza	institut_pasteur_new_caledonia
A/England/50100055/2014	microbiology_services_colindale,_public_health_england	microbiology_services_colindale,_public_health_england
A/England/50220065/2014	microbiology_services_colindale,_public_health_england	microbiology_services_colindale,_public_health_england
A/Victoria/5060/2014	who_collaborating_centre_for_reference_and_research_on_influenza	who_collaborating_centre_for_reference_and_research_on_influenza
A/England/75/2015	microbiology_services_colindale,_public_health_england	microbiology_services_colindale,_public_health_england
A/CoteDIvoire/1672/2015	centers_for_disease_control_and_prevention	pasteur_institut_of_côte_d'ivoire
A/Scotland/93/2015	nhs_greater_glasgow_and_clyde	nhs_greater_glasgow_and_clyde
A/England/50200158/2014	microbiology_services_colindale,_public_health_england	microbiology_services_colindale,_public_health_england
A/England/50200115/2014	microbiology_services_colindale,_public_health_england	microbiology_services_colindale,_public_health_england
A/England/50140123/2014	microbiology_services_colindale,_public_health_england	microbiology_services_colindale,_public_health_england
A/England/50100064/2014	microbiology_services_colindale,_public_health_england	microbiology_services_colindale,_public_health_england
A/England/51020042/2015	microbiology_services_colindale,_public_health_england	microbiology_services_colindale,_public_health_england
A/England/606/2014	microbiology_services_colindale,_public_health_england	microbiology_services_colindale,_public_health_england
A/England/603/2014	microbiology_services_colindale,_public_health_england	microbiology_services_colindale,_public_health_england
A/Tanzania/2665/2014	centers_for_disease_control_and_prevention	national_influenza_lab
A/Kazakhstan/274/2015	centers_for_disease_control_and_prevention	csee
A/England/507/2014	microbiology_services_colindale,_public_health_england	microbiology_services_colindale,_public_health_england
A/Kazakhstan/1060/2015	centers_for_disease_control_and_prevention	csee
A/Bahrain/587/2014	centers_for_disease_control_and_prevention	ministry_of_health_bahrain
A/Georgia/21/2014	centers_for_disease_control_and_prevention	georgia_public_health_laboratory
A/England/45200047/2014	microbiology_services_colindale,_public_health_england	microbiology_services_colindale,_public_health_england
A/India/27/2015	centers_for_disease_control_and_prevention	national_institute_of_virology
A/Mali/112CH/2015	centers_for_disease_control_and_prevention	nic_lab_cvd_mali
A/Lao/I936/2015	national_institute_of_infectious_diseases_(niid)	ministry_of_health_laos
A/Sapporo/71/2015	national_institute_of_infectious_diseases_(niid)	sapporo_city_institute_of_public_health
A/Cambodia/861/2015	centers_for_disease_control_and_prevention	national_public_health_laboratory
A/Singapore/INFGP-16-0022/2016	ministry_of_health,_singapore	ministry_of_health,_singapore
A/Bangladesh/12014/2015	centers_for_disease_control_and_prevention	institute_of_epidemiology_disease_control_and_research_(iedcr)_&_bangladesh_national_influenza_centre_(nic)
A/Lao/981/2015	centers_for_disease_control_and_prevention	national_center_for_laboratory_and_epidemiology
A/Cambodia/909/2015	centers_for_disease_control_and_prevention	national_public_health_laboratory
A/Taiwan/1079/2015	national_institute_of_infectious_diseases_(niid)	center_for_disease_control
A/Cambodia/1201/2015	centers_for_disease_control_and_prevention	national_public_health_laboratory
A/Cambodia/842/2015	centers_for_disease_control_and_prevention	national_public_health_laboratory
A/Taiwan/1082/2015	centers_for_disease_control_and_prevention	adimmune_corporation
A/Bangladesh/1010001/2015	centers_for_disease_control_and_prevention	institute_of_epidemiology_disease_control_and_research_(iedcr)_&_bangladesh_national_influenza_centre_(nic)
A/Bangladesh/7004/2015	centers_for_disease_control_and_prevention	institute_of_epidemiology_disease_control_and_research_(iedcr)_&_bangladesh_national_influenza_centre_(nic)
A/Bangladesh/1014003/2015	centers_for_disease_control_and_prevention	institute_of_epidemiology_disease_control_and_research_(iedcr)_&_bangladesh_national_influenza_centre_(nic)
A/Bangladesh/803003/2015	centers_for_disease_control_and_prevention	institute_of_epidemiology_disease_control_and_research_(iedcr)_&_bangladesh_national_influenza_centre_(nic)
A/England/43960141/2014	microbiology_services_colindale,_public_health_england	microbiology_services_colindale,_public_health_england
A/Stockholm/18/2014	swedish_institute_for_infectious_disease_control	
A/Georgia/29/2014	centers_for_disease_control_and_prevention	georgia_public_health_laboratory
A/Ecuador/1845/2015	centers_for_disease_control_and_prevention	inspi
A/Kenya/112/2019	centers_for_disease_control_and_prevention	cdc_kenya
A/Kenya/158/2018	centers_for_disease_control_and_prevention	cdc_kenya
A/Kenya/157/2018	centers_for_disease_control_and_prevention	cdc_kenya
A/Kenya/155/2018	centers_for_disease_control_and_prevention	cdc_kenya
A/Colombia/6646/2017	centers_for_disease_control_and_prevention	instituto_nacional_de_salud_de_columbia
A/Minnesota/1/2018-egg	centers_for_disease_control_and_prevention	minnesota_department_of_health
A/Kenya/154/2018	centers_for_disease_control_and_prevention	cdc_kenya
A/Minnesota/1/2018	centers_for_disease_control_and_prevention	minnesota_department_of_health
A/DistrictOfColumbia/T0187/2017	chang_gung_memorial_hospital	johns_hopkins_center_of_excellence_for_influenza_research_and_surveillance_(jh_ceirs)
A/Virginia/69/2016	centers_for_disease_control_and_prevention	virginia_division_of_consolidated_laboratories
A/DistrictofColumbia/T0113/2017	chang_gung_memorial_hospital	johns_hopkins_center_of_excellence_for_influenza_research_and_surveillance_(jh_ceirs)
A/DistrictOfColumbia/T0140/2017	chang_gung_memorial_hospital	johns_hopkins_center_of_excellence_for_influenza_research_and_surveillance_(jh_ceirs)
A/Vermont/10/2017	centers_for_disease_control_and_prevention	vermont_department_of_health_laboratory
A/Texas/71/2017-egg	centers_for_disease_control_and_prevention	san_antonio_metropolitan_health
A/Texas/71/2017	centers_for_disease_control_and_prevention	san_antonio_metropolitan_health
A/Brisbane/34/2018-egg	centers_for_disease_control_and_prevention	queensland_health_scientific_services
A/Brazil/4827/2018	centers_for_disease_control_and_prevention	instituto_adolfo_lutz
A/Bolivia/3899/2018	centers_for_disease_control_and_prevention	instituto_nacional_de_laboratoriosde_salud_(inlasa)
A/Pennsylvania/64/2018	centers_for_disease_control_and_prevention	new_york_state_department_of_health
A/Texas/32/2020	centers_for_disease_control_and_prevention	san_antonio_metropolitan_health
A/Brisbane/16/2020	who_collaborating_centre_for_reference_and_research_on_influenza	queensland_health_forensic_and_scientific_services_
A/Guatemala/269/2019	centers_for_disease_control_and_prevention	laboratorio_nacional_de_salud_guatemala
A/SouthKorea/10870/2019	u.s._air_force_school_of_aerospace_medicine	u.s._air_force_school_of_aerospace_medicine_
A/Pakistan/31/2020	centers_for_disease_control_and_prevention	national_institute_of_health
A/Wisconsin/388/2019	centers_for_disease_control_and_prevention	city_of_milwaukee_health_department
A/SouthDakota/60/2018-egg	centers_for_disease_control_and_prevention	south_dakota_public_health_lab
A/SouthDakota/60/2018	centers_for_disease_control_and_prevention	south_dakota_public_health_lab
A/Kansas/14/2017	centers_for_disease_control_and_prevention	kansas_department_of_health_and_environment
A/Kansas/14/2017-egg	centers_for_disease_control_and_prevention	kansas_department_of_health_and_environment
A/Vermont/11/2019-egg	centers_for_disease_control_and_prevention	vermont_department_of_health_laboratory
A/Beijing/2019-15554/2018-egg	centers_for_disease_control_and_prevention	who_chinese_national_influenza_center
A/Beijing/2019-15554/2018	centers_for_disease_control_and_prevention	who_chinese_national_influenza_center
A/Ontario/RV2300/2019	centers_for_disease_control_and_prevention	ontario_agency_for_health_protection_and_promotion_(oahpp)
A/Vermont/14/2019	centers_for_disease_control_and_prevention	vermont_department_of_health_laboratory
A/Vermont/11/2019	centers_for_disease_control_and_prevention	vermont_department_of_health_laboratory
A/Vermont/14/2019-egg	centers_for_disease_control_and_prevention	vermont_department_of_health_laboratory
A/Washington/529/2019	centers_for_disease_control_and_prevention	marshfield_clinic_research_foundation
A/Washington/622/2019	centers_for_disease_control_and_prevention	marshfield_clinic_research_foundation
A/Guyane/1879/2019	institut_pasteur	institut_pasteur
A/Belgium/G0023/2019-egg	centers_for_disease_control_and_prevention	scientific_institute_of_public_health
A/Belgium/G0023/2019	scientific_institute_of_public_health_(wiv_isp)	scientific_institute_of_public_health
A/Paris/627/2019	institut_pasteur	
A/Paris/1045/2019	institut_pasteur	
A/Paris/2572/2018-egg	centers_for_disease_control_and_prevention	institut_pasteur
A/Paris/2572/2018	centers_for_disease_control_and_prevention	institut_pasteur
A/Utah/34/2019	centers_for_disease_control_and_prevention	utah_department_of_health
A/Bolivia/591/2019	centers_for_disease_control_and_prevention	cenetrop
A/Washington/S27174/2019		the_brotman_baty_institute_for_precision_medicine
A/NewYork/PV03188/2019	icahn_school_of_medicine_at_mount_sinai	icahn_school_of_medicine_at_mount_sinai
A/Concepcion/67001/2019	instituto_de_salud_publica_de_chile	instituto_de_salud_publica_de_chile
A/Aichi/218/2019	centers_for_disease_control_and_prevention	aichi_prefectural_institute_of_public_health
A/Delaware/36/2019	centers_for_disease_control_and_prevention	delaware_public_health_lab
A/Indiana/26/2019	centers_for_disease_control_and_prevention	indiana_state_department_of_health_laboratories
A/Suriname/802/2019	centers_for_disease_control_and_prevention	central_laboratory,_bureau_of_public_health
A/Florida/68/2019	centers_for_disease_control_and_prevention	florida_department_of_health_tampa
A/Pennsylvania/909/2019	centers_for_disease_control_and_prevention	children's_hospital_of_pittsburgh_upmc
A/Santiago/42040/2019	centers_for_disease_control_and_prevention	instituto_de_salud_publica_de_chile
A/Memphis/33/2019	st._jude_children's_research_hospital	st_jude_children's_research_hospital
A/Argentina/14222/2019	centers_for_disease_control_and_prevention	cemic_university_hospital
A/Santiago/62164/2019	centers_for_disease_control_and_prevention	instituto_de_salud_publica_de_chile
A/Washington/575/2019	centers_for_disease_control_and_prevention	marshfield_clinic_research_foundation
A/Mississippi/16/2018	centers_for_disease_control_and_prevention	mississippi_public_health_laboratory
A/Santiago/49892/2019	centers_for_disease_control_and_prevention	instituto_de_salud_publica_de_chile
A/Kyoto/14K002/2014	niigata_university	
A/Wisconsin/66/2014	centers_for_disease_control_and_prevention	wisconsin_state_laboratory_of_hygiene
A/Bethesda/P0032/2014	other_database_import	
A/Catalonia/NSVH100175691/2015	hospital_universitari_vall_d'hebron	hospital_universitari_vall_d'hebron
A/Iowa/15/2014	centers_for_disease_control_and_prevention	iowa_state_hygienic_laboratory
A/Yekaterinburg/239/2015	centers_for_disease_control_and_prevention	state_research_center_of_virology_and_biotechnology_vector
A/StPetersburg/31/2015	centers_for_disease_control_and_prevention	russian_academy_of_medical_sciences
A/Scotland/57/2015	nhs_greater_glasgow_and_clyde	nhs_greater_glasgow_and_clyde
A/Moscow/134/2015	centers_for_disease_control_and_prevention	ivanovsky_research_institute_of_virology_rams
A/NewZealand/521/2015	centers_for_disease_control_and_prevention	institute_of_environmental_science_&_research
A/SouthAfrica/3984/2015	centers_for_disease_control_and_prevention	national_institute_for_communicable_disease
A/NewZealand/500/2015	centers_for_disease_control_and_prevention	institute_of_environmental_science_&_research
A/NewZealand/323/2015	centers_for_disease_control_and_prevention	institute_of_environmental_science_&_research
A/Kobe/262/2015	national_institute_of_infectious_diseases_(niid)	kobe_institute_of_health
A/Okayama/2/2015	national_institute_of_infectious_diseases_(niid)	okayama_prefectural_institute_for_environmental_science_and_public_health
A/NewZealand/476/2015	centers_for_disease_control_and_prevention	institute_of_environmental_science_&_research
A/NewZealand/324/2015	centers_for_disease_control_and_prevention	institute_of_environmental_science_&_research
A/NewZealand/562/2015	centers_for_disease_control_and_prevention	institute_of_environmental_science_&_research
A/Pennsylvania/63/2014	centers_for_disease_control_and_prevention	upmc_clb_dept_of_microbiology
A/Pennsylvania/67/2014	centers_for_disease_control_and_prevention	upmc_clb_dept_of_microbiology
A/Pennsylvania/58/2014	centers_for_disease_control_and_prevention	upmc_clb_dept_of_microbiology
A/Victoria/511/2015-egg	centers_for_disease_control_and_prevention	monash_medical_centre
A/Victoria/511/2015	centers_for_disease_control_and_prevention	monash_medical_centre
A/Victoria/664/2015	who_collaborating_centre_for_reference_and_research_on_influenza	monash_medical_centre
A/NewZealand/322/2015	centers_for_disease_control_and_prevention	institute_of_environmental_science_&_research
A/NewZealand/282/2015	centers_for_disease_control_and_prevention	institute_of_environmental_science_&_research
A/NewZealand/383/2015	centers_for_disease_control_and_prevention	institute_of_environmental_science_&_research
A/England/50380052/2015	microbiology_services_colindale,_public_health_england	microbiology_services_colindale,_public_health_england
A/Kazakhstan/276/2016	centers_for_disease_control_and_prevention	csee
A/NewZealand/382/2015	centers_for_disease_control_and_prevention	institute_of_environmental_science_&_research
A/NewZealand/588/2015	centers_for_disease_control_and_prevention	institute_of_environmental_science_&_research
A/NewYork/WC-LVD-15-044/2015	other_database_import	
A/Florida/27/2015	centers_for_disease_control_and_prevention	florida_department_of_health_tampa
A/Wisconsin/74/2014	centers_for_disease_control_and_prevention	marshfield_clinic_research_foundation
A/SouthDakota/22/2015	centers_for_disease_control_and_prevention	south_dakota_public_health_lab
A/Michigan/3/2015	centers_for_disease_control_and_prevention	university_of_michigan_sph_epid
A/Brisbane/47/2015-egg	centers_for_disease_control_and_prevention	queensland_health_scientific_services
A/Hawaii/44/2015	centers_for_disease_control_and_prevention	state_of_hawaii_department_of_health
A/Astrakhan/RII23/2014	who_national_influenza_centre_russian_federation	
A/Scotland/88/2015	nhs_greater_glasgow_and_clyde	nhs_greater_glasgow_and_clyde
A/England/50100073/2014	microbiology_services_colindale,_public_health_england	microbiology_services_colindale,_public_health_england
A/Kazakhstan/291/2015	centers_for_disease_control_and_prevention	csee
A/Kazakhstan/158/2015	centers_for_disease_control_and_prevention	csee
A/Kazakhstan/159/2015	centers_for_disease_control_and_prevention	csee
A/Kazakhstan/42/2015	centers_for_disease_control_and_prevention	csee
A/Kazakhstan/166/2015	centers_for_disease_control_and_prevention	csee
A/Kazakhstan/16/2015	centers_for_disease_control_and_prevention	csee
A/Congo/2544/2014	centers_for_disease_control_and_prevention	inrb_service_de_virologie
A/Congo/2526/2014	centers_for_disease_control_and_prevention	inrb_service_de_virologie
A/Congo/2586/2014	centers_for_disease_control_and_prevention	inrb_service_de_virologie
A/Congo/2461/2014	centers_for_disease_control_and_prevention	inrb_service_de_virologie
A/Mali/182CH/2015	centers_for_disease_control_and_prevention	nic_lab_cvd_mali
A/Mali/130CI/2015	centers_for_disease_control_and_prevention	nic_lab_cvd_mali
A/Mali/125CI/2015	centers_for_disease_control_and_prevention	nic_lab_cvd_mali
A/Mali/67CS/2015	centers_for_disease_control_and_prevention	nic_lab_cvd_mali
A/Mali/19HGT/2015	centers_for_disease_control_and_prevention	nic_lab_cvd_mali
A/Mali/81CH/2015	centers_for_disease_control_and_prevention	nic_lab_cvd_mali
A/Mali/117CH/2015	centers_for_disease_control_and_prevention	nic_lab_cvd_mali
A/Mali/90CS/2015	centers_for_disease_control_and_prevention	nic_lab_cvd_mali
A/Mali/205CI/2015	centers_for_disease_control_and_prevention	nic_lab_cvd_mali
A/Singapore/KK943/2014-egg	centers_for_disease_control_and_prevention	who_collaborating_centre_for_reference_and_research_on_influenza
A/Scotland/4/2014	nhs_greater_glasgow_and_clyde	nhs_greater_glasgow_and_clyde
A/Chanthaburi/48/2015	centers_for_disease_control_and_prevention	who_national_influenza_centre,_national_institute_of_medical_research_(nimr)
A/Nagasaki/14N024/2015	niigata_university	
A/Argentina/11594/2015	centers_for_disease_control_and_prevention	cemic_university_hospital
A/SouthAustralia/21/2015-egg	centers_for_disease_control_and_prevention	institute_of_medical_and_veterinary_science_(imvs)
A/SouthAustralia/21/2015	centers_for_disease_control_and_prevention	institute_of_medical_and_veterinary_science_(imvs)
A/HongKong/7617/2014	centers_for_disease_control_and_prevention	government_virus_unit
A/SouthDakota/27/2016	centers_for_disease_control_and_prevention	south_dakota_public_health_lab
A/Hawaii/47/2016	centers_for_disease_control_and_prevention	state_of_hawaii_department_of_health
A/Valparaiso/50516/2016	centers_for_disease_control_and_prevention	instituto_de_salud_publica_de_chile_
A/Peru/3916/2016	centers_for_disease_control_and_prevention	us_namru_6
A/Peru/1216/2016	centers_for_disease_control_and_prevention	us_namru_6
A/Bangladesh/2016/2015	centers_for_disease_control_and_prevention	institute_of_epidemiology_disease_control_and_research_(iedcr)_&_bangladesh_national_influenza_centre_(nic)
A/Bangladesh/1006002/2015	centers_for_disease_control_and_prevention	institute_of_epidemiology_disease_control_and_research_(iedcr)_&_bangladesh_national_influenza_centre_(nic)
A/Bangladesh/2743/2015	centers_for_disease_control_and_prevention	institute_of_epidemiology_disease_control_and_research_(iedcr)_&_bangladesh_national_influenza_centre_(nic)
A/Bangladesh/908007/2015	centers_for_disease_control_and_prevention	institute_of_epidemiology_disease_control_and_research_(iedcr)_&_bangladesh_national_influenza_centre_(nic)
A/Bangladesh/908005/2015	centers_for_disease_control_and_prevention	institute_of_epidemiology_disease_control_and_research_(iedcr)_&_bangladesh_national_influenza_centre_(nic)
A/Bangladesh/3937/2015	centers_for_disease_control_and_prevention	institute_of_epidemiology_disease_control_and_research_(iedcr)_&_bangladesh_national_influenza_centre_(nic)
A/HongKong/7615/2014	centers_for_disease_control_and_prevention	government_virus_unit
A/HongKong/7127/2014	centers_for_disease_control_and_prevention	government_virus_unit
A/Stockholm/17/2014	swedish_institute_for_infectious_disease_control	
A/Mie/21/2015	centers_for_disease_control_and_prevention	national_institute_of_infectious_diseases_(niid)
A/Brazil/187/2015	centers_for_disease_control_and_prevention	oswaldo_cruz_institute___fiocruz___laboratory_of_respiratory_viruses_and_measles_(lvrs)
A/Pennsylvania/3/2015	centers_for_disease_control_and_prevention	pennsylvania_department_of_health
A/Hunan-Wuling/11088/2015	centers_for_disease_control_and_prevention	who_chinese_national_influenza_center
A/Argentina/116/2016	centers_for_disease_control_and_prevention	instituto_nacional_de_enfermedades_infecciosas
A/Bolivia/1770/2016	centers_for_disease_control_and_prevention	cenetrop
A/Niigata/14F004/2015	niigata_university	
A/Gangwon/1602/2015	centers_for_disease_control_and_prevention	national_institute_of_health
A/Incheon/1593/2015	centers_for_disease_control_and_prevention	national_institute_of_health
A/Taiwan/1033/2015	centers_for_disease_control_and_prevention	adimmune_corporation
A/BurkinaFaso/611/2015	centers_for_disease_control_and_prevention	irss
A/HongKong/11742/2015	centers_for_disease_control_and_prevention	government_virus_unit
A/Vietnam/157/2015	centers_for_disease_control_and_prevention	national_institute_of_hygiene_and_epidemiology
A/Alaska/48/2015	centers_for_disease_control_and_prevention	alaska_state_virology_lab
A/Fiji/16/2015	who_collaborating_centre_for_reference_and_research_on_influenza	national_centre_for_scientific_services_for_virology__and_vector_borne_diseases
A/Bangladesh/807002/2015	centers_for_disease_control_and_prevention	institute_of_epidemiology_disease_control_and_research_(iedcr)_&_bangladesh_national_influenza_centre_(nic)
A/PassoFundo/LACENRS-1854/2015	other_database_import	
A/NewYork/WC-LVD-15-015/2015	other_database_import	
A/HongKong/11741/2015	centers_for_disease_control_and_prevention	government_virus_unit
A/Kentucky/4/2015	centers_for_disease_control_and_prevention	kentucky_division_of_laboratory_services
A/Kentucky/14/2014	centers_for_disease_control_and_prevention	kentucky_division_of_laboratory_services
A/Wisconsin/48/2014	centers_for_disease_control_and_prevention	wisconsin_state_laboratory_of_hygiene
A/RioGrandeDoNorte/135497-IEC/2015	centers_for_disease_control_and_prevention	national_influenza_center
A/Lao/648/2015	centers_for_disease_control_and_prevention	national_center_for_laboratory_and_epidemiology
A/Yokohama/123/2016	national_institute_of_infectious_diseases_(niid)	yokohama_city_institute_of_public_health.
A/Brazil/168/2015	centers_for_disease_control_and_prevention	instituto_adolfo_lutz
A/Chanthaburi/49/2015	centers_for_disease_control_and_prevention	who_national_influenza_centre,_national_institute_of_medical_research_(nimr)
A/Victoria/503/2015-egg	centers_for_disease_control_and_prevention	monash_medical_centre
A/SaudiArabia/19/2015	other_database_import	
A/Brazil/2002/2015	centers_for_disease_control_and_prevention	instituto_adolfo_lutz
A/Nigeria/357/2015	centers_for_disease_control_and_prevention	national_influenza_reference_laboratory
A/Vietnam/16018/2016	centers_for_disease_control_and_prevention	national_institute_of_hygiene_and_epidemiology
A/Vietnam/160/2015	centers_for_disease_control_and_prevention	national_institute_of_hygiene_and_epidemiology
A/Bangladesh/914007/2015	centers_for_disease_control_and_prevention	institute_of_epidemiology_disease_control_and_research_(iedcr)_&_bangladesh_national_influenza_centre_(nic)
A/SaudiArabia/18/2015	other_database_import	
A/Mie/27/2016	national_institute_of_infectious_diseases_(niid)	mie_prefecture_health_and_environment_research_institute
A/Vietnam/6058/2016	centers_for_disease_control_and_prevention	national_institute_of_hygiene_and_epidemiology
A/Lao/913/2015	centers_for_disease_control_and_prevention	national_center_for_laboratory_and_epidemiology
A/Bangladesh/9015/2015	centers_for_disease_control_and_prevention	institute_of_epidemiology_disease_control_and_research_(iedcr)_&_bangladesh_national_influenza_centre_(nic)
A/Argentina/168/2015	centers_for_disease_control_and_prevention	instituto_nacional_de_enfermedades_infecciosas
A/NakhonRatachasima/35/2015	centers_for_disease_control_and_prevention	who_national_influenza_centre,_national_institute_of_medical_research_(nimr)
A/Chanthaburi/117/2015	centers_for_disease_control_and_prevention	who_national_influenza_centre,_national_institute_of_medical_research_(nimr)
A/Taiwan/1066/2015	centers_for_disease_control_and_prevention	adimmune_corporation
A/Alaska/84/2015	centers_for_disease_control_and_prevention	alaska_state_virology_lab
A/CoteDIvoire/1916/2015	centers_for_disease_control_and_prevention	pasteur_institut_of_côte_d'ivoire
A/Alaska/49/2015	centers_for_disease_control_and_prevention	alaska_state_virology_lab
A/Macau/611810/2015	who_collaborating_centre_for_reference_and_research_on_influenza	laboratorio_de_saude_publico
A/HongKong/7620/2014	centers_for_disease_control_and_prevention	government_virus_unit
A/California/101/2015	centers_for_disease_control_and_prevention	california_department_of_health_services
A/Alaska/240/2015	centers_for_disease_control_and_prevention	alaska_state_virology_lab
A/Alaska/240/2015-egg	centers_for_disease_control_and_prevention	alaska_state_virology_lab
A/Vietnam/100/2015	centers_for_disease_control_and_prevention	national_institute_of_hygiene_and_epidemiology
A/Niigata/14F067/2015	niigata_university	
A/Gunma/14G008/2015	niigata_university	
A/Niigata/14F007/2015	niigata_university	
A/Gunma/14G002/2015	niigata_university	
A/Ibaraki/1/2015	national_institute_of_infectious_diseases_(niid)	ibaraki_prefectural_institute_of_public_health
A/Nagasaki/14N018/2014	niigata_university	
A/Stockholm/42/2015	swedish_institute_for_infectious_disease_control	
A/Chiba-C/80/2016	national_institute_of_infectious_diseases_(niid)	chiba_city_institute_of_health_and_environment
A/AltoHospicio/50992/2016	centers_for_disease_control_and_prevention	instituto_de_salud_publica_de_chile_
A/Taiwan/1065/2015	centers_for_disease_control_and_prevention	adimmune_corporation
A/Scotland/102/2014	nhs_greater_glasgow_and_clyde	nhs_greater_glasgow_and_clyde
A/Sagamihara/38/2017	national_institute_of_infectious_diseases_(niid)	sagamihara_city_laboratory_of_public_health
A/Taipei/95/2016	other_database_import	
A/Kanagawa/IC1612/2017	national_institute_of_infectious_diseases_(niid)	national_institute_of_infectious_diseases_(niid)
A/Bangladesh/2007/2015	centers_for_disease_control_and_prevention	institute_of_epidemiology_disease_control_and_research_(iedcr)_&_bangladesh_national_influenza_centre_(nic)
A/Bangladesh/910003/2015	centers_for_disease_control_and_prevention	institute_of_epidemiology_disease_control_and_research_(iedcr)_&_bangladesh_national_influenza_centre_(nic)
A/England/61820159/2016	microbiology_services_colindale,_public_health_england	microbiology_services_colindale,_public_health_england
A/England/53340242/2015	microbiology_services_colindale,_public_health_england	microbiology_services_colindale,_public_health_england
A/Taiwan/1067/2015	centers_for_disease_control_and_prevention	adimmune_corporation
A/Fiji/60/2016-egg	centers_for_disease_control_and_prevention	national_centre_for_scientific_services_for_virology__and_vector_borne_diseases
A/Fiji/60/2016	who_collaborating_centre_for_reference_and_research_on_influenza	national_centre_for_scientific_services_for_virology__and_vector_borne_diseases
A/Bangladesh/1151/2015	centers_for_disease_control_and_prevention	institute_of_epidemiology_disease_control_and_research_(iedcr)_&_bangladesh_national_influenza_centre_(nic)
A/Bangladesh/910006/2015	centers_for_disease_control_and_prevention	institute_of_epidemiology_disease_control_and_research_(iedcr)_&_bangladesh_national_influenza_centre_(nic)
A/Bangladesh/1005001/2015	centers_for_disease_control_and_prevention	institute_of_epidemiology_disease_control_and_research_(iedcr)_&_bangladesh_national_influenza_centre_(nic)
A/Bourgogne/2294/2016	institut_pasteur	
A/Dnipro/767/2016	centers_for_disease_control_and_prevention	institute_of_epidemiology_and_infectious_diseases_ams_of_ukraine
A/India/1460/2016	centers_for_disease_control_and_prevention	national_institute_of_virology
A/Iquique/56115/2017	centers_for_disease_control_and_prevention	instituto_de_salud_publica_de_chile_
A/Connecticut/25/2017	centers_for_disease_control_and_prevention	connecticut_department._of_public_health
A/Sydney/52/2017-egg	centers_for_disease_control_and_prevention	clinical_virology_unit,_cdim
A/Michigan/256/2017	centers_for_disease_control_and_prevention	university_of_michigan_sph_epid
A/Rancagua/53519/2017	centers_for_disease_control_and_prevention	instituto_de_salud_publica_de_chile_
A/Kanagawa/AC1606/2016	national_institute_of_infectious_diseases_(niid)	national_institute_of_infectious_diseases_(niid)
A/Kilifi/88/2016	kemri_wellcome_trust_research_programme_(kwtrp)	kemri_wellcome_trust_research_programme_cgmrc
A/Colombia/6741/2017	centers_for_disease_control_and_prevention	instituto_nacional_de_salud_de_columbia
A/Colombia/5121/2017	centers_for_disease_control_and_prevention	instituto_nacional_de_salud_de_columbia
A/Podporozhye/RII940S/2016	who_national_influenza_centre_russian_federation	
A/Tanzania/4365/2017	centers_for_disease_control_and_prevention	national_influenza_lab
A/Bolivia/836/2017	centers_for_disease_control_and_prevention	cenetrop
A/Yokohama/179/2016	national_institute_of_infectious_diseases_(niid)	yokohama_city_institute_of_public_health.
A/Singapore/GP2646/2016-egg	centers_for_disease_control_and_prevention	ministry_of_health,_singapore
A/Singapore/GP2646/2016	ministry_of_health,_singapore	ministry_of_health,_singapore
A/Kanagawa/AC1616/2016	national_institute_of_infectious_diseases_(niid)	national_institute_of_infectious_diseases_(niid)
A/Kilifi/111/2016	kemri_wellcome_trust_research_programme_(kwtrp)	kemri_wellcome_trust_research_programme_cgmrc
A/Lipetsk/RII779S/2016	who_national_influenza_centre_russian_federation	
A/Tokyo/EH1605/2017	national_institute_of_infectious_diseases_(niid)	national_institute_of_infectious_diseases_(niid)
A/Dnipro/245/2017	centers_for_disease_control_and_prevention	institute_of_epidemiology_and_infectious_diseases_ams_of_ukraine
A/StPetersburg/RII333/2016	who_national_influenza_centre_russian_federation	
A/Kilifi/119/2016	kemri_wellcome_trust_research_programme_(kwtrp)	kemri_wellcome_trust_research_programme_cgmrc
A/Kilifi/57/2016	kemri_wellcome_trust_research_programme_(kwtrp)	kemri_wellcome_trust_research_programme_cgmrc
A/Dnipro/729/2016	centers_for_disease_control_and_prevention	institute_of_epidemiology_and_infectious_diseases_ams_of_ukraine
A/Dnipro/732/2016	centers_for_disease_control_and_prevention	institute_of_epidemiology_and_infectious_diseases_ams_of_ukraine
A/NovgorogVelikiy/65/2017	centers_for_disease_control_and_prevention	ivanovsky_research_institute_of_virology_rams
A/Birobidjan/92/2017	centers_for_disease_control_and_prevention	ivanovsky_research_institute_of_virology_rams
A/Wisconsin/91/2017	centers_for_disease_control_and_prevention	marshfield_clinic_research_foundation
A/Fukuoka/16241/2016	national_institute_of_infectious_diseases_(niid)	fukuoka_institute_of_public_health_and_environmental_sciences
A/Dnipro/681/2016	centers_for_disease_control_and_prevention	institute_of_epidemiology_and_infectious_diseases_ams_of_ukraine
A/Kanagawa/IC1623/2017	national_institute_of_infectious_diseases_(niid)	national_institute_of_infectious_diseases_(niid)
A/Pennsylvania/103/2016	centers_for_disease_control_and_prevention	pennsylvania_department_of_health
A/Florida/109/2016	centers_for_disease_control_and_prevention	florida_department_of_health_tampa
A/Dnipro/713/2016	centers_for_disease_control_and_prevention	institute_of_epidemiology_and_infectious_diseases_ams_of_ukraine
A/Nagasaki/13N101/2014	niigata_university	
A/Hyogo/4001/2014	centers_for_disease_control_and_prevention	national_institute_of_infectious_diseases_(niid)
A/Alberta/RV3240/2014	centers_for_disease_control_and_prevention	national_microbiology_laboratory,_health_canada
A/Texas/95/2014	centers_for_disease_control_and_prevention	texas_childrens_hospital
A/Linkou/81/2016	other_database_import	
A/Taipei/11/2015	other_database_import	
A/Taiwan/1091/2015	national_institute_of_infectious_diseases_(niid)	center_for_disease_control
A/SaudiArabia/31/2015	other_database_import	
A/SaudiArabia/29/2015	other_database_import	
A/Paris/3446/2016	institut_pasteur	
A/HongKong/123/2017	centers_for_disease_control_and_prevention	government_virus_unit
A/Basel/USB0021378/2016	import_from_public_domain	
A/Ningbo/18/2021	ningbo_international_travel_healthcare_center	ningbo_international_travel_healthcare_center
A/Singapore/TT1374/2016-egg	centers_for_disease_control_and_prevention	ministry_of_health,_singapore
A/Brazil/809/2016	centers_for_disease_control_and_prevention	instituto_adolfo_lutz
A/Norway/4849/2016-egg	centers_for_disease_control_and_prevention	who_national_influenza_centre
A/London/16U932220-68_S20_L001/2016	university_college_london	department_of_clinical_virology,_university_college_london_hospitals_nhs_foundation_trust
A/Kanagawa/ZC1602/2016	national_institute_of_infectious_diseases_(niid)	national_institute_of_infectious_diseases_(niid)
A/Basel/USB0033608/2017	import_from_public_domain	
A/Singapore/KK1100/2016	ministry_of_health,_singapore	ministry_of_health,_singapore
A/Sweden/105/2016	swedish_institute_for_infectious_disease_control	
A/Tasmania/219/2016	who_collaborating_centre_for_reference_and_research_on_influenza	hobart_pathology
A/Kaliningrad/RII449S/2016	who_national_influenza_centre_russian_federation	
A/Kilifi/96/2016	kemri_wellcome_trust_research_programme_(kwtrp)	kemri_wellcome_trust_research_programme_cgmrc
A/Bridgend/4113/2017	public_health_wales_microbiology	public_health_wales_microbiology
A/Nakhonphanom/410/2016	centers_for_disease_control_and_prevention	who_national_influenza_centre,_national_institute_of_medical_research_(nimr)
A/NorthCarolina/1/2017	centers_for_disease_control_and_prevention	north_carolina_state_laboratory_of_public_health
A/Tasmania/219/2016-egg	who_collaborating_centre_for_reference_and_research_on_influenza	hobart_pathology
A/Linkou/153/2016	other_database_import	
A/Singapore/TT1334/2016	ministry_of_health,_singapore	
A/Lao/3158/2016	centers_for_disease_control_and_prevention	national_center_for_laboratory_and_epidemiology
A/England/65060424/2016	microbiology_services_colindale,_public_health_england	microbiology_services_colindale,_public_health_england
A/Singapore/TT1374/2016	ministry_of_health,_singapore	ministry_of_health,_singapore
A/Kanagawa/AC1620/2017	national_institute_of_infectious_diseases_(niid)	national_institute_of_infectious_diseases_(niid)
A/HongKong/3548/2017	centers_for_disease_control_and_prevention	government_virus_unit
A/Victoria/2118/2018	who_collaborating_centre_for_reference_and_research_on_influenza	alfred_hospital
A/Singapore/GP1559/2019	ministry_of_health,_singapore	ministry_of_health,_singapore
A/Singapore/TT1165/2018	ministry_of_health,_singapore	ministry_of_health,_singapore
A/SouthAustralia/181/2018	who_collaborating_centre_for_reference_and_research_on_influenza	institute_of_medical_and_veterinary_science_(imvs)
A/Perth/155/2018	who_collaborating_centre_for_reference_and_research_on_influenza	pathwest_qe_ii_medical_centre
A/Perth/172/2018	who_collaborating_centre_for_reference_and_research_on_influenza	pathwest_qe_ii_medical_centre
A/Victoria/912/2018	who_collaborating_centre_for_reference_and_research_on_influenza	cabrini_pathology
A/Denmark/285/2020	statens_serum_institute	statens_serum_institute
A/Iowa/71/2019	centers_for_disease_control_and_prevention	iowa_state_hygienic_laboratory
A/SouthCarolina/11631/2020	u.s._air_force_school_of_aerospace_medicine	u.s._air_force_school_of_aerospace_medicine_
A/Denmark/302/2020	statens_serum_institute	statens_serum_institute
A/Guyane/50/2020	centers_for_disease_control_and_prevention	national_influenza_center_french_guiana_and_french_indies
A/Romania/8/2019	national_institute_of_infectious_diseases_prof._dr._matei_bals	national_institute_for_infectious_diseases_“prof._dr._matei_balș”
A/England/393/2019	microbiology_services_colindale,_public_health_england	microbiology_services_colindale,_public_health_england
A/Nepal/20FL0243/2020	national_institute_of_infectious_diseases_(niid)	national_public_health_laboratory
A/England/467/2019	microbiology_services_colindale,_public_health_england	microbiology_services_colindale,_public_health_england
A/Belgium/IS0193/2020	sciensano	sciensano
A/Aichi/98/2020	national_institute_of_infectious_diseases_(niid)	aichi_prefectural_institute_of_public_health
A/Bulgaria/64/2020	centers_for_disease_control_and_prevention	national_influenza_laboratory,_natl._center_of_inf._&_parasitic_dis
A/England/395/2019	microbiology_services_colindale,_public_health_england	microbiology_services_colindale,_public_health_england
A/England/200260852/2020	microbiology_services_colindale,_public_health_england	microbiology_services_colindale,_public_health_england
A/England/495/2019	microbiology_services_colindale,_public_health_england	microbiology_services_colindale,_public_health_england
A/Romania/257832/2020	cantacuzino_institute	cantacuzino_institute
A/SouthAustralia/4/2020	who_collaborating_centre_for_reference_and_research_on_influenza	institute_of_medical_and_veterinary_science_(imvs)
A/England/195040640/2019	microbiology_services_colindale,_public_health_england	microbiology_services_colindale,_public_health_england
A/Luxembourg/LNS2665434/2020	laboratoire_national_de_sant?	laboratoire_national_de_santé_
A/England/357/2019	microbiology_services_colindale,_public_health_england	microbiology_services_colindale,_public_health_england
A/England/607/2019	microbiology_services_colindale,_public_health_england	microbiology_services_colindale,_public_health_england
A/England/195100191/2019	microbiology_services_colindale,_public_health_england	microbiology_services_colindale,_public_health_england
A/Sydney/22/2020	who_collaborating_centre_for_reference_and_research_on_influenza	childrens_hospital_westmead
A/England/195000649/2019	microbiology_services_colindale,_public_health_england	microbiology_services_colindale,_public_health_england
A/England/194880442/2019	microbiology_services_colindale,_public_health_england	microbiology_services_colindale,_public_health_england
A/England/863/2019	microbiology_services_colindale,_public_health_england	microbiology_services_colindale,_public_health_england
A/Paris/1327/2018	institut_pasteur	
A/Samara/7/2017	centers_for_disease_control_and_prevention	russian_academy_of_medical_sciences
A/Sergach/RII542S/2016	who_national_influenza_centre_russian_federation	
A/Ethiopia/2432/2017	centers_for_disease_control_and_prevention	ethiopian_public_health_institute,_national_influenza_laboratory
A/Kazakhstan/78/2016	centers_for_disease_control_and_prevention	csee
A/Magadan/148/2017	state_research_center_of_virology_and_biotechnology_(vector)	
A/Karaganda/55/2017	centers_for_disease_control_and_prevention	cdc_central_asia_office
A/Tanzania/2549/2017	centers_for_disease_control_and_prevention	national_influenza_lab
A/Basel/USB0031188/2017	import_from_public_domain	
A/Basel/USB0025658/2017	import_from_public_domain	
A/Saratov/RII490S/2016	who_national_influenza_centre_russian_federation	
A/Antananarivo/2623/2017	centers_for_disease_control_and_prevention	institut_pasteur_de_madagascar
A/Kenya/165/2018	centers_for_disease_control_and_prevention	cdc_kenya
A/Basel/USB0015618/2016	import_from_public_domain	
A/Aniva/RII904S/2016	who_national_influenza_centre_russian_federation	
A/Basel/USB0015478/2016	import_from_public_domain	
A/Basel/USB0023158/2017	import_from_public_domain	
A/Makhachkala/RII949S/2016	who_national_influenza_centre_russian_federation	
A/Saratov/RII489S/2016	who_national_influenza_centre_russian_federation	
A/Ulaanbaatar/285/2017	centers_for_disease_control_and_prevention	national_center_for_communicable_diseases
A/Petropavlovsk-Kamchatsky/RII802S/2016	who_national_influenza_centre_russian_federation	
A/StPetersburg/RII867S/2016	who_national_influenza_centre_russian_federation	
A/Simpheropol/RII847S/2016	who_national_influenza_centre_russian_federation	
A/Kazakhstan/6804/2017	centers_for_disease_control_and_prevention	cdc_central_asia_office
A/Volgograd/RII745S/2016	who_national_influenza_centre_russian_federation	
A/Saratov/RII494S/2016	who_national_influenza_centre_russian_federation	
A/Kyrgyzstan/456/2017	centers_for_disease_control_and_prevention	national_virology_laboratory,_center_microbiological_investigations
A/SouthAfrica/R7102/2017	national_institute_of_communicable_diseases	national_institute_for_communcable_diseases
A/Saint-Etienne/1294/2017	centers_for_disease_control_and_prevention	cnr_influenza_france_sud
A/Venev/RII358S/2016	who_national_influenza_centre_russian_federation	
A/Korsakov/RII908S/2016	who_national_influenza_centre_russian_federation	
A/Lao/2928/2017	centers_for_disease_control_and_prevention	national_center_for_laboratory_and_epidemiology
A/Nigeria/3572/2018	centers_for_disease_control_and_prevention	national_influenza_reference_laboratory
A/Mali/28/2019	centers_for_disease_control_and_prevention	nic_lab_cvd_mali
A/Togo/206/2019	centers_for_disease_control_and_prevention	institute_national_d'hygiene
A/Penza/76/2017	centers_for_disease_control_and_prevention	ivanovsky_research_institute_of_virology_rams
A/Brazil/478/2017	centers_for_disease_control_and_prevention	instituto_oswaldo_cruz_fiocruz___laboratory_of_respiratory_viruses_and_measles_(lvrs)
A/Indonesia/Nihrd-Bjm579/2017	centers_for_disease_control_and_prevention	ministry_of_health,_nihrd
A/StPetersburg/RII698S/2016	who_national_influenza_centre_russian_federation	
A/VinaDelMar/32678/2017	centers_for_disease_control_and_prevention	instituto_de_salud_publica_de_chile_
A/Khovd/240/2017	centers_for_disease_control_and_prevention	national_center_for_communicable_diseases
A/Kazakhstan/6690/2016	centers_for_disease_control_and_prevention	cdc_central_asia_office
A/Tosno/RII718S/2016	who_national_influenza_centre_russian_federation	
A/Kazakhstan/6261/2016	centers_for_disease_control_and_prevention	cdc_central_asia_office
A/Ohio/31/2017	centers_for_disease_control_and_prevention	ohio_department_of_health_laboratories
A/Ohio/31/2017-egg	centers_for_disease_control_and_prevention	ohio_department_of_health_laboratories
A/BurkinaFaso/827/2018	centers_for_disease_control_and_prevention	irss
A/Tasmania/1020/2017	who_collaborating_centre_for_reference_and_research_on_influenza	institute_of_medical_and_veterinary_science_(imvs)
A/Kazakhstan/6155/2016	centers_for_disease_control_and_prevention	cdc_central_asia_office
A/SierraLeone/193/2017	centers_for_disease_control_and_prevention	central_public_health_reference_laboratory
A/Kazakhstan/24/2018	centers_for_disease_control_and_prevention	csee
A/SPetersburg/RII-313S/2017	centers_for_disease_control_and_prevention	russian_academy_of_medical_sciences
A/BasseNormandie/258/2018	institut_pasteur	
A/NewYork/PV01289/2018	icahn_school_of_medicine_at_mount_sinai	icahn_school_of_medicine_at_mount_sinai
A/Kyrgyzstan/466/2017	centers_for_disease_control_and_prevention	national_virology_laboratory,_center_microbiological_investigations
A/Kazakhstan/82/2017	centers_for_disease_control_and_prevention	csee
A/Taiwan/446/2017	national_institute_of_infectious_diseases_(niid)	center_for_disease_control
A/Yokohama/148/2017	national_institute_of_infectious_diseases_(niid)	yokohama_city_institute_of_public_health.
A/HongKong/4818/2017	centers_for_disease_control_and_prevention	government_virus_unit
A/Yokohama/150/2017	national_institute_of_infectious_diseases_(niid)	yokohama_city_institute_of_public_health.
A/Fujian-Licheng/1729/2017	centers_for_disease_control_and_prevention	who_chinese_national_influenza_center
A/Neimenggu-Keerqin/1871/2018	centers_for_disease_control_and_prevention	who_chinese_national_influenza_center
A/Congo/27/2019	centers_for_disease_control_and_prevention	inrb_service_de_virologie
A/Congo/422/2018	centers_for_disease_control_and_prevention	inrb_service_de_virologie
A/Lao/SA380/2015	national_institute_of_infectious_diseases_(niid)	ministry_of_health_laos
A/Lao/I983/2015	national_institute_of_infectious_diseases_(niid)	ministry_of_health_laos
A/Peru/5116/2016	centers_for_disease_control_and_prevention	us_namru_6
A/HongKong/15609/2015	centers_for_disease_control_and_prevention	government_virus_unit
A/Ecuador/1673/2015	centers_for_disease_control_and_prevention	inspi
A/Washington/40/2015	centers_for_disease_control_and_prevention	washington_state_public_health_laboratory
A/Minnesota/30/2016	centers_for_disease_control_and_prevention	minnesota_department_of_health
A/HongKong/2298/2016	centers_for_disease_control_and_prevention	government_virus_unit
A/Gothenburg/1/2015	swedish_institute_for_infectious_disease_control	
A/Hawaii/45/2015	centers_for_disease_control_and_prevention	state_of_hawaii_department_of_health
A/Nagano-C/21/2016	centers_for_disease_control_and_prevention	nagano_city_health_center
A/Taiwan/1098/2015	national_institute_of_infectious_diseases_(niid)	center_for_disease_control
A/Hyogo/2003/2015	national_institute_of_infectious_diseases_(niid)	hyogo_prefectural_institute_of_public_health_and_consumer_sciences
A/Shizuoka/34/2015	centers_for_disease_control_and_prevention	shizuoka_institute_of_environment_and_hygiene
A/Bangladesh/402/2016	centers_for_disease_control_and_prevention	institute_of_epidemiology_disease_control_and_research_(iedcr)_&_bangladesh_national_influenza_centre_(nic)
A/Papeete/1623/2016	institut_pasteur	
A/Rengo/55681/2017	centers_for_disease_control_and_prevention	instituto_de_salud_publica_de_chile_
A/Yokohama/176/2016	national_institute_of_infectious_diseases_(niid)	yokohama_city_institute_of_public_health.
A/HongKong/50/2016-egg	centers_for_disease_control_and_prevention	government_virus_unit
A/Taiwan/1099/2015	national_institute_of_infectious_diseases_(niid)	center_for_disease_control
A/Yamaguchi/30/2016	national_institute_of_infectious_diseases_(niid)	yamaguchi_prefectural_institute_of_public_health_and_environment
A/Florida/50/2016	centers_for_disease_control_and_prevention	florida_department_of_health_jacksonville
A/Minnesota/12/2017	centers_for_disease_control_and_prevention	minnesota_department_of_health
A/England/65120006/2016	microbiology_services_colindale,_public_health_england	microbiology_services_colindale,_public_health_england
A/Kanagawa/IC1624/2017	national_institute_of_infectious_diseases_(niid)	national_institute_of_infectious_diseases_(niid)
A/Singapore/TT0555/2017	ministry_of_health,_singapore	ministry_of_health,_singapore
A/Dnipro/579/2016	centers_for_disease_control_and_prevention	institute_of_epidemiology_and_infectious_diseases_ams_of_ukraine
A/Dnipro/582/2016	centers_for_disease_control_and_prevention	institute_of_epidemiology_and_infectious_diseases_ams_of_ukraine
A/Oman/5474/2016	centers_for_disease_control_and_prevention	central_public_health_laboratory,_ministry_of_health
A/Bangladesh/97/2016	centers_for_disease_control_and_prevention	institute_of_epidemiology_disease_control_and_research_(iedcr)_&_bangladesh_national_influenza_centre_(nic)
A/Washington/85/2016	centers_for_disease_control_and_prevention	seattle_&_king_county_public_health_lab
A/HongKong/15611/2015	centers_for_disease_control_and_prevention	government_virus_unit
A/SriLanka/61/2015	who_collaborating_centre_for_reference_and_research_on_influenza	medical_research_institute
A/Norway/3806/2016-egg	centers_for_disease_control_and_prevention	mikrobiologisk_laboratorium,_sykehuset_i_vestfold
A/Singapore/INFGP-16-1203/2016	ministry_of_health,_singapore	ministry_of_health,_singapore
A/Singapore/INFEN-16-0172/2016	ministry_of_health,_singapore	ministry_of_health,_singapore
A/Tanzania/673/2016	centers_for_disease_control_and_prevention	national_influenza_lab
A/Tanzania/2173/2016	centers_for_disease_control_and_prevention	national_influenza_lab
A/Tanzania/2231/2016	centers_for_disease_control_and_prevention	national_influenza_lab
A/SouthAfrica/3680/2016	centers_for_disease_control_and_prevention	national_institute_for_communicable_disease
A/Congo/939/2016	centers_for_disease_control_and_prevention	inrb_service_de_virologie
A/Antananarivo/1067/2016-egg	centers_for_disease_control_and_prevention	institut_pasteur_de_madagascar
A/Antananarivo/1067/2016	centers_for_disease_control_and_prevention	institut_pasteur_de_madagascar
A/RhodeIsland/26/2016	centers_for_disease_control_and_prevention	rhode_island_department_of_health
A/Kanagawa/IC1614/2017	national_institute_of_infectious_diseases_(niid)	national_institute_of_infectious_diseases_(niid)
A/Bretagne/3041/2016	institut_pasteur	
A/Taiwan/910/2016	national_institute_of_infectious_diseases_(niid)	center_for_disease_control
A/Bangladesh/222/2016	centers_for_disease_control_and_prevention	institute_of_epidemiology_disease_control_and_research_(iedcr)_&_bangladesh_national_influenza_centre_(nic)
A/Bangladesh/96/2016	centers_for_disease_control_and_prevention	institute_of_epidemiology_disease_control_and_research_(iedcr)_&_bangladesh_national_influenza_centre_(nic)
A/Peru/61016/2016	centers_for_disease_control_and_prevention	us_namru_6
A/Singapore/Infimh-16-0019/2016-egg	st._jude_children's_research_hospital	erasmus_medical_center
A/Singapore/Infimh-16-0019/2016	centers_for_disease_control_and_prevention	erasmus_medical_center
A/Singapore/INFKK-16-0498/2016	ministry_of_health,_singapore	ministry_of_health,_singapore
A/SouthAustralia/189/2018	who_collaborating_centre_for_reference_and_research_on_influenza	institute_of_medical_and_veterinary_science_(imvs)
A/Sydney/1038/2018	who_collaborating_centre_for_reference_and_research_on_influenza	institute_of_medical_and_veterinary_science_(imvs)
A/Santiago/60427/2018	instituto_de_salud_publica_de_chile	instituto_de_salud_publica_de_chile
A/Oman/5466/2016	centers_for_disease_control_and_prevention	central_public_health_laboratory,_ministry_of_health
A/Sukhothai/99/2017	centers_for_disease_control_and_prevention	who_national_influenza_centre,_national_institute_of_medical_research_(nimr)
A/Mukdahan/197/2017	centers_for_disease_control_and_prevention	who_national_influenza_centre,_national_institute_of_medical_research_(nimr)
A/SakonNakhon/282/2017	centers_for_disease_control_and_prevention	who_national_influenza_centre,_national_institute_of_medical_research_(nimr)
A/Kanagawa/IC1625/2017	national_institute_of_infectious_diseases_(niid)	national_institute_of_infectious_diseases_(niid)
A/NewMexico/57/2016	centers_for_disease_control_and_prevention	new_mexico_department_of_health
A/England/70300381/2017	microbiology_services_colindale,_public_health_england	microbiology_services_colindale,_public_health_england
A/Kanagawa/AC1608/2016	national_institute_of_infectious_diseases_(niid)	national_institute_of_infectious_diseases_(niid)
A/Wakayama/137/2016	national_institute_of_infectious_diseases_(niid)	wakayama_prefectural_research_center_of_environment_and_public_health
A/England/70400230/2017	microbiology_services_colindale,_public_health_england	microbiology_services_colindale,_public_health_england
A/Keelung/81/2016	other_database_import	
A/Lao/F3572/2016	national_institute_of_infectious_diseases_(niid)	ministry_of_health_laos
A/Louisiana/29/2016	centers_for_disease_control_and_prevention	louisiana_department_of_health_and_hospitals
A/Tokyo/16109/2016	national_institute_of_infectious_diseases_(niid)	tokyo_metropolitan_institute_of_public_health
A/Canberra/7/2016	who_collaborating_centre_for_reference_and_research_on_influenza	canberra_hospital
A/SouthAfrica/4989/2016	centers_for_disease_control_and_prevention	national_institute_for_communicable_disease
A/Bangladesh/704002/2016	centers_for_disease_control_and_prevention	institute_of_epidemiology_disease_control_and_research_(iedcr)_&_bangladesh_national_influenza_centre_(nic)
A/Kanagawa/IC1605/2016	national_institute_of_infectious_diseases_(niid)	national_institute_of_infectious_diseases_(niid)
A/Bangladesh/4019/2016	centers_for_disease_control_and_prevention	institute_of_epidemiology_disease_control_and_research_(iedcr)_&_bangladesh_national_influenza_centre_(nic)
A/Guyane/6/2017	centers_for_disease_control_and_prevention	national_influenza_center_french_guiana_and_french_indies
A/Alabama/17/2016	centers_for_disease_control_and_prevention	adph_bureau_of_clinical_laboratories
A/Guyane/2782/2016	institut_pasteur	
A/Pennsylvania/129/2017	centers_for_disease_control_and_prevention	children's_hospital_of_pittsburgh_upmc
A/Oman/5477/2016	centers_for_disease_control_and_prevention	central_public_health_laboratory,_ministry_of_health
A/RioGrandedoSul/287/2017	who_collaborating_centre_for_reference_and_research_on_influenza	lacen/rs___laboratório_central_de_saúde_pública_do_rio_grande_do_sul
A/Guyane/2776/2016	institut_pasteur	
A/Washington/106/2016	other_database_import	washington_state_public_health_laboratory
A/Delaware/32/2016	centers_for_disease_control_and_prevention	delaware_public_health_lab
A/Delaware/32/2016-egg	centers_for_disease_control_and_prevention	delaware_public_health_lab
A/Washington/106/2016-egg	centers_for_disease_control_and_prevention	washington_state_public_health_laboratory
A/Suriname/1716/2016	centers_for_disease_control_and_prevention	institute_for_biomedical_sciences
A/Alaska/244/2015	centers_for_disease_control_and_prevention	alaska_state_virology_lab
A/Alaska/232/2015	centers_for_disease_control_and_prevention	alaska_state_virology_lab
A/Alaska/232/2015-egg	centers_for_disease_control_and_prevention	alaska_state_virology_lab
A/Ontario/RV2379/2015	centers_for_disease_control_and_prevention	national_microbiology_laboratory,_health_canada
A/Saskatchewan/RV0049/2016	centers_for_disease_control_and_prevention	national_microbiology_laboratory,_health_canada
A/Nicaragua/8900-01AV1/2016		st._jude_children's_research_hospital,_host_microbe_interactions
A/Taiwan/904/2016	centers_for_disease_control_and_prevention	adimmune_corporation
A/Shimane/62/2016	national_institute_of_infectious_diseases_(niid)	shimane_prefectural_institute_of_public_health_and_environmental_science
A/Taiwan/960/2016	centers_for_disease_control_and_prevention	adimmune_corporation
A/HongKong/2391/2016	centers_for_disease_control_and_prevention	government_virus_unit
A/Taiwan/914/2016	centers_for_disease_control_and_prevention	adimmune_corporation
A/Taiwan/794/2016	centers_for_disease_control_and_prevention	adimmune_corporation
A/Linkou/164/2016	other_database_import	
A/Peru/5817/2017	centers_for_disease_control_and_prevention	us_namru_6
A/Singapore/TT1316/2016	ministry_of_health,_singapore	
A/Taiwan/416/2017	national_institute_of_infectious_diseases_(niid)	center_for_disease_control
A/Taiwan/1095/2016	centers_for_disease_control_and_prevention	adimmune_corporation
A/Sagamihara/17/2016	national_institute_of_infectious_diseases_(niid)	sagamihara_city_laboratory_of_public_health
A/Kanagawa/IC1609/2017	national_institute_of_infectious_diseases_(niid)	national_institute_of_infectious_diseases_(niid)
A/Keelung/91/2016	other_database_import	
A/Taiwan/437/2017	national_institute_of_infectious_diseases_(niid)	center_for_disease_control
A/Taiwan/516/2017	national_institute_of_infectious_diseases_(niid)	center_for_disease_control
A/Ningbo/37/2021	ningbo_international_travel_healthcare_center	ningbo_international_travel_healthcare_center
A/SouthAfrica/R6078/2017	national_institute_of_communicable_diseases	national_institute_for_communcable_diseases
A/Basel/USB0027778/2017	import_from_public_domain	
A/Saint-Etienne/845/2017	centers_for_disease_control_and_prevention	cnr_influenza_france_sud
A/Arkansas/18/2017-egg	ns	seasonal_h3n2
A/Arkansas/18/2017	centers_for_disease_control_and_prevention	arkansas_department_of_health
A/Idaho/37/2016-egg	centers_for_disease_control_and_prevention	state_of_idaho_bureau_of_laboratories
A/Singapore/TT1324/2016	ministry_of_health,_singapore	
A/Vietnam/6016/2016	centers_for_disease_control_and_prevention	national_institute_of_hygiene_and_epidemiology
A/England/64760613/2016	microbiology_services_colindale,_public_health_england	microbiology_services_colindale,_public_health_england
A/NizhnyTagil/RII322S/2016	who_national_influenza_centre_russian_federation	
A/Basel/USB0033438/2016	import_from_public_domain	
A/Alsace/3215/2016	institut_pasteur	institut_pasteur
A/Basel/USB0023208/2017	import_from_public_domain	
A/Dnipro/728/2016	centers_for_disease_control_and_prevention	institute_of_epidemiology_and_infectious_diseases_ams_of_ukraine
A/Victoria/2506/2016	who_collaborating_centre_for_reference_and_research_on_influenza	royal_melbourne_hospital
A/SouthAfrica/5231/2016	centers_for_disease_control_and_prevention	national_institute_for_communicable_disease
A/SouthAustralia/135/2016-egg	centers_for_disease_control_and_prevention	institute_of_medical_and_veterinary_science_(imvs)
A/England/70420063/2017	microbiology_services_colindale,_public_health_england	microbiology_services_colindale,_public_health_england
A/England/70480363/2017	microbiology_services_colindale,_public_health_england	microbiology_services_colindale,_public_health_england
A/Colombia/1368/2016	centers_for_disease_control_and_prevention	instituto_nacional_de_salud_de_columbia
A/Ethiopia/1766/2017	centers_for_disease_control_and_prevention	ethiopian_public_health_institute,_national_influenza_laboratory
A/Colombia/1408/2016	centers_for_disease_control_and_prevention	instituto_nacional_de_salud_de_columbia
A/Basel/USB0027108/2017	import_from_public_domain	
A/Colombia/1297/2016	centers_for_disease_control_and_prevention	instituto_nacional_de_salud_de_columbia
A/Michigan/70/2017	centers_for_disease_control_and_prevention	university_of_michigan_sph_epid
A/Bangladesh/429/2016	centers_for_disease_control_and_prevention	institute_of_epidemiology_disease_control_and_research_(iedcr)_&_bangladesh_national_influenza_centre_(nic)
A/Idaho/37/2016	centers_for_disease_control_and_prevention	state_of_idaho_bureau_of_laboratories
A/Sydney/125/2016	who_collaborating_centre_for_reference_and_research_on_influenza	westmead_hospital
A/HongKong/40/2016	centers_for_disease_control_and_prevention	government_virus_unit
A/Tochigi/17142/2017	national_institute_of_infectious_diseases_(niid)	tochigi_prefectural_institute_of_public_health_and_environmental_science
A/Dnipro/736/2016	centers_for_disease_control_and_prevention	institute_of_epidemiology_and_infectious_diseases_ams_of_ukraine
A/Netherlands/3455/2016	national_institute_for_public_health_and_the_environment_(rivm)	national_institute_for_public_health_and_the_environment_(rivm)
A/Bolivia/2170/2018	centers_for_disease_control_and_prevention	cenetrop
A/SouthAustralia/135/2016	centers_for_disease_control_and_prevention	institute_of_medical_and_veterinary_science_(imvs)
A/Basel/USB0020438/2016	import_from_public_domain	
A/Lyon/11/2017	cnr_des_virus_influenza_r?gion_sud_france	
A/HongKong/15590/2015	centers_for_disease_control_and_prevention	government_virus_unit
A/SouthAfrica/5034/2016	centers_for_disease_control_and_prevention	national_institute_for_communicable_disease
A/Ayutthaya/351/2016	centers_for_disease_control_and_prevention	who_national_influenza_centre,_national_institute_of_medical_research_(nimr)
A/Singapore/INFGP-16-0344/2016	ministry_of_health,_singapore	ministry_of_health,_singapore
A/Singapore/INFKK-16-0123/2016	ministry_of_health,_singapore	ministry_of_health,_singapore
A/Afghanistan/4959/2016	centers_for_disease_control_and_prevention	national_public_health_laboratory
A/Lyon/2278/2016	cnr_des_virus_influenza_r?gion_sud_france	
A/Singapore/MOH0129/2016	ministry_of_health,_singapore	
A/Lao/1023/2015	centers_for_disease_control_and_prevention	national_center_for_laboratory_and_epidemiology
A/Timor-Leste/1/2017	who_collaborating_centre_for_reference_and_research_on_influenza	laboratório_nacional_da_saúde
A/Wisconsin/91/2016	centers_for_disease_control_and_prevention	wisconsin_state_laboratory_of_hygiene
A/Petropavlovsk-Kamchatski/RII-3461S/2018	who_national_influenza_centre_russian_federation	
A/Ningbo/61/2021	ningbo_international_travel_healthcare_center	ningbo_international_travel_healthcare_center
A/Kanagawa/IC1710/2017-egg	ns	seasonal_h3n2
A/HongKong/4823/2017	centers_for_disease_control_and_prevention	government_virus_unit
A/Ningbo/13/2021	ningbo_international_travel_healthcare_center	ningbo_international_travel_healthcare_center
A/Ningbo/41/2021	ningbo_international_travel_healthcare_center	ningbo_international_travel_healthcare_center
A/Brisbane/318/2016-egg	who_collaborating_centre_for_reference_and_research_on_influenza	queensland_health_scientific_services
A/Brisbane/321/2016-egg	centers_for_disease_control_and_prevention	queensland_health_scientific_services
A/Sweden/41/2017	swedish_institute_for_infectious_disease_control	
A/Taiwan/458/2017	national_institute_of_infectious_diseases_(niid)	center_for_disease_control
A/Norway/4465/2016-egg	centers_for_disease_control_and_prevention	stavanger_universitetssykehus,_avd._for_medisinsk_mikrobiologi
A/England/70220036/2017	microbiology_services_colindale,_public_health_england	microbiology_services_colindale,_public_health_england
A/Singapore/GP0138/2017	ministry_of_health,_singapore	ministry_of_health,_singapore
A/Kanagawa/AC1622/2017	national_institute_of_infectious_diseases_(niid)	national_institute_of_infectious_diseases_(niid)
A/Taiwan/848/2016	centers_for_disease_control_and_prevention	adimmune_corporation
A/Ningbo/44/2021	ningbo_international_travel_healthcare_center	ningbo_international_travel_healthcare_center
A/Lyon/2397/2016	centers_for_disease_control_and_prevention	cnr_influenza_france_sud
A/NovgorogVelikiy/66/2017	centers_for_disease_control_and_prevention	ivanovsky_research_institute_of_virology_rams
A/Basel/USB0015398/2016	import_from_public_domain	
A/England/965/2016	microbiology_services_colindale,_public_health_england	microbiology_services_colindale,_public_health_england
A/Singapore/GP0423/2017	ministry_of_health,_singapore	ministry_of_health,_singapore
A/England/65100002/2016	microbiology_services_colindale,_public_health_england	microbiology_services_colindale,_public_health_england
A/Basel/USB0028678/2017	import_from_public_domain	
A/Ningbo/53/2021	ningbo_international_travel_healthcare_center	ningbo_international_travel_healthcare_center
A/Niigata/926/2016	national_institute_of_infectious_diseases_(niid)	niigata_prefectural_institute_of_public_health_and_environmental_sciences
A/HongKong/3555/2017	centers_for_disease_control_and_prevention	government_virus_unit
A/Jiangsu-wuxi/177/2018	wuxi_center_for_disease_control_and_prevention	wuxi_center_for_disease_control_and_prevention
A/Washington/16/2017-egg	centers_for_disease_control_and_prevention	washington_state_public_health_laboratory
A/Washington/16/2017	centers_for_disease_control_and_prevention	washington_state_public_health_laboratory
A/Taiwan/805/2016	centers_for_disease_control_and_prevention	adimmune_corporation
A/Taiwan/890/2016	national_institute_of_infectious_diseases_(niid)	center_for_disease_control
A/Dnipro/716/2016	centers_for_disease_control_and_prevention	institute_of_epidemiology_and_infectious_diseases_ams_of_ukraine
A/Colombia/5071/2017	centers_for_disease_control_and_prevention	instituto_nacional_de_salud_de_columbia
A/NorthCarolina/4/2017	centers_for_disease_control_and_prevention	north_carolina_state_laboratory_of_public_health
A/Wisconsin/19/2017-egg	centers_for_disease_control_and_prevention	wisconsin_state_laboratory_of_hygiene
A/Kanagawa/IC1610/2017-egg	ns	seasonal_h3n2
A/Kanagawa/IC1610/2017	national_institute_of_infectious_diseases_(niid)	national_institute_of_infectious_diseases_(niid)
A/NewYork/109/2016	centers_for_disease_control_and_prevention	new_york_city_department_of_health
A/Taiwan/1096/2016	centers_for_disease_control_and_prevention	adimmune_corporation
A/Wisconsin/19/2017	centers_for_disease_control_and_prevention	wisconsin_state_laboratory_of_hygiene
A/SriLanka/61/2015-egg	centers_for_disease_control_and_prevention	medical_research_institute
A/Taiwan/1075/2015	centers_for_disease_control_and_prevention	adimmune_corporation
A/Bangladesh/2007/2016	centers_for_disease_control_and_prevention	institute_of_epidemiology_disease_control_and_research_(iedcr)_&_bangladesh_national_influenza_centre_(nic)
A/Brisbane/141/2018	who_collaborating_centre_for_reference_and_research_on_influenza	queensland_health_scientific_services
A/Simpheropol/RII837S/2016	who_national_influenza_centre_russian_federation	
A/Bangladesh/3002/2016	centers_for_disease_control_and_prevention	institute_of_epidemiology_disease_control_and_research_(iedcr)_&_bangladesh_national_influenza_centre_(nic)
A/Cowbridge/8371/2018	public_health_wales_microbiology	public_health_wales_microbiology
A/Newquay/5831/2018	public_health_wales_microbiology	public_health_wales_microbiology
A/England/80600316/2018	microbiology_services_colindale,_public_health_england	microbiology_services_colindale,_public_health_england
A/Wisconsin/8/2018	centers_for_disease_control_and_prevention	marshfield_clinic_research_foundation
A/HongKong/4946/2017-egg	centers_for_disease_control_and_prevention	government_virus_unit
A/Wisconsin/69/2017	centers_for_disease_control_and_prevention	marshfield_clinic_research_foundation
A/StPetersburg/RII-400/2018	who_national_influenza_centre_russian_federation	
A/Saitama-C/12/2015	national_institute_of_infectious_diseases_(niid)	saitama_city_institute_of_health__science_and_research
A/StPetersburg/RII-447/2018	who_national_influenza_centre_russian_federation	
A/Luga/RII-3956S/2018	who_national_influenza_centre_russian_federation	
A/Pskov/RII739S/2016	who_national_influenza_centre_russian_federation	
A/Russia/121/2017	centers_for_disease_control_and_prevention	russian_academy_of_medical_sciences
A/SouthAfrica/R7183/2017	national_institute_of_communicable_diseases	national_institute_for_communcable_diseases
A/SouthAfrica/R7934/2017	national_institute_of_communicable_diseases	national_institute_for_communcable_diseases
A/Osaka-C/2075/2017	national_institute_of_infectious_diseases_(niid)	osaka_city_institute_of_public_health_and_environmental_sciences
A/HongKong/CUHK3014/2018	chinese_university_of_hong_kong	the_chinese_university_of_hong_kong
A/England/80540707/2018	microbiology_services_colindale,_public_health_england	microbiology_services_colindale,_public_health_england
A/Taiwan/80749/2018	national_institute_of_infectious_diseases_(niid)	center_for_disease_control
A/Victoria/747/2018	who_collaborating_centre_for_reference_and_research_on_influenza	monash_medical_centre
A/Michigan/254/2018	centers_for_disease_control_and_prevention	university_of_michigan_sph_epid
A/Connecticut/25/2018-egg	centers_for_disease_control_and_prevention	connecticut_department._of_public_health
A/Samara/RII-843S/2018	who_national_influenza_centre_russian_federation	
A/HongKong/675/2018	centers_for_disease_control_and_prevention	government_virus_unit
A/Oklahoma/17/2018	centers_for_disease_control_and_prevention	oklahoma_state_department_of_health
A/Michigan/226/2018	centers_for_disease_control_and_prevention	university_of_michigan_sph_epid
A/Yaroslavyl/128/2018	centers_for_disease_control_and_prevention	ivanovsky_research_institute_of_virology_rams
A/Connecticut/25/2018	centers_for_disease_control_and_prevention	connecticut_department._of_public_health
A/Ekaterinburg/RII-4717S/2018	who_national_influenza_centre_russian_federation	
A/Belgium/G0522/2018	scientific_institute_of_public_health_(wiv_isp)	sciensano_(scientific_institute_of_public_health)
A/Samara/RII-842S/2018	who_national_influenza_centre_russian_federation	
A/England/80780396/2018	microbiology_services_colindale,_public_health_england	microbiology_services_colindale,_public_health_england
A/England/81140628/2018	microbiology_services_colindale,_public_health_england	microbiology_services_colindale,_public_health_england
A/RioGrandeDoSul/27/2018	centers_for_disease_control_and_prevention	instituto_oswaldo_cruz_fiocruz___laboratory_of_respiratory_viruses_and_measles_(lvrs)
A/StPetersburg/RII-4366S/2019	who_national_influenza_centre_russian_federation	research_institute_of_influenza,_ministry_of_healthcare_of_the_russian_federation
A/StPetersburg/RII-4350S/2019	who_national_influenza_centre_russian_federation	research_institute_of_influenza,_ministry_of_healthcare_of_the_russian_federation
A/Sweden/60/2017	swedish_institute_for_infectious_disease_control	
A/Basel/USB0023488/2017	import_from_public_domain	
A/Bolivia/1628/2017	centers_for_disease_control_and_prevention	instituto_nacional_de_laboratoriosde_salud_(inlasa)
A/Bargoed/9468/2018	public_health_wales_microbiology	public_health_wales_microbiology
A/Switzerland/8060/2017-egg	st._jude_children's_research_hospital	hopital_cantonal_universitaire_de_geneves
A/Switzerland/8060/2017	centers_for_disease_control_and_prevention	hopital_cantonal_universitaire_de_geneves
A/Parana/727/2017	centers_for_disease_control_and_prevention	laboratório_central_do_estado_do_paraná___lacen/pr
A/AbuDhabi/50/2018	centers_for_disease_control_and_prevention	shaikh_khalifa_medical_city
A/Cardiff/8272/2018	public_health_wales_microbiology	public_health_wales_microbiology
A/Niigata/327/2018	national_institute_of_infectious_diseases_(niid)	niigata_prefectural_institute_of_public_health_and_environmental_sciences
A/Brisbane/1/2018-egg	centers_for_disease_control_and_prevention	queensland_health_scientific_services
A/Michigan/166/2018	centers_for_disease_control_and_prevention	university_of_michigan_sph_epid
A/ChiangMai/10/2018	centers_for_disease_control_and_prevention	who_national_influenza_centre,_national_institute_of_medical_research_(nimr)
A/Kanagawa/AC1740/2018-egg	centers_for_disease_control_and_prevention	national_institute_of_infectious_diseases_(niid)
A/Kanagawa/IC1718/2018-egg	centers_for_disease_control_and_prevention	national_institute_of_infectious_diseases_(niid)
A/Taiwan/79429/2018	national_institute_of_infectious_diseases_(niid)	center_for_disease_control
A/Kanagawa/IC1739/2018	national_institute_of_infectious_diseases_(niid)	national_institute_of_infectious_diseases_(niid)
A/Concepcion/44028/2018	instituto_de_salud_publica_de_chile	instituto_de_salud_publica_de_chile_
A/Kanagawa/IC1726/2018	national_institute_of_infectious_diseases_(niid)	national_institute_of_infectious_diseases_(niid)
A/Hawaii/58/2017	centers_for_disease_control_and_prevention	state_of_hawaii_department_of_health
A/Sweden/39/2018	public_health_agency_of_sweden	
A/Temuco/82862/2018	instituto_de_salud_publica_de_chile	instituto_de_salud_publica_de_chile
A/Kanagawa/AC1739/2018	national_institute_of_infectious_diseases_(niid)	national_institute_of_infectious_diseases_(niid)
A/Brazil/7947/2018	centers_for_disease_control_and_prevention	instituto_adolfo_lutz
A/SouthAfrica/R6242/2017	national_institute_of_communicable_diseases	national_institute_for_communcable_diseases
A/Concepcion/54935/2018	instituto_de_salud_publica_de_chile	instituto_de_salud_publica_de_chile
A/Carmarthen/5184/2017	public_health_wales_microbiology	
A/Mie/21/2018	national_institute_of_infectious_diseases_(niid)	mie_prefecture_health_and_environment_research_institute
A/Taiwan/81233/2018	centers_for_disease_control_and_prevention	adimmune_corporation
A/England/75060551/2017	microbiology_services_colindale,_public_health_england	microbiology_services_colindale,_public_health_england
A/NewYork/32/2018	centers_for_disease_control_and_prevention	new_york_state_department_of_health
A/Nagano/2197/2018	national_institute_of_infectious_diseases_(niid)	nagano_environmental_conservation_research_institute
A/Bretagne/207/2018	institut_pasteur	
A/Bretagne/1565/2017-egg	centers_for_disease_control_and_prevention	institut_pasteur
A/Bretagne/1565/2017	institut_pasteur	institut_pasteur
A/Penmaenmawr/6523/2018	public_health_wales_microbiology	public_health_wales_microbiology
A/Sapporo/33/2018	national_institute_of_infectious_diseases_(niid)	sapporo_city_institute_of_public_health
A/Sapporo/45/2018	national_institute_of_infectious_diseases_(niid)	sapporo_city_institute_of_public_health
A/Iquique/85567/2018	instituto_de_salud_publica_de_chile	instituto_de_salud_publica_de_chile
A/AltoHospicio/44625/2018	instituto_de_salud_publica_de_chile	instituto_de_salud_publica_de_chile_
A/Chiba-C/73/2018	national_institute_of_infectious_diseases_(niid)	chiba_city_institute_of_health_and_environment
A/Iquique/85564/2018	instituto_de_salud_publica_de_chile	instituto_de_salud_publica_de_chile
A/Nigeria/3625/2018	centers_for_disease_control_and_prevention	national_influenza_reference_laboratory
A/StClears/2727/2018	public_health_wales_microbiology	public_health_wales_microbiology
A/Abertillery/1971/2018	public_health_wales_microbiology	public_health_wales_microbiology
A/Cardiff/9945/2018	public_health_wales_microbiology	public_health_wales_microbiology
A/Abertillery/5073/2018	public_health_wales_microbiology	public_health_wales_microbiology
A/England/81140617/2018	microbiology_services_colindale,_public_health_england	microbiology_services_colindale,_public_health_england
A/Miyagi/2/2018	national_institute_of_infectious_diseases_(niid)	miyagi_prefectural_institute_of_public_health_and_environment
A/England/80720504/2018	microbiology_services_colindale,_public_health_england	microbiology_services_colindale,_public_health_england
A/England/80920331/2018	microbiology_services_colindale,_public_health_england	microbiology_services_colindale,_public_health_england
A/Dijon/1176/2017	institut_pasteur	institut_pasteur
A/Washington/147/2018	centers_for_disease_control_and_prevention	marshfield_clinic_research_foundation
A/Argentina/2075/2017	centers_for_disease_control_and_prevention	instituto_nacional_de_enfermedades_infecciosas
A/Wisconsin/341/2018	centers_for_disease_control_and_prevention	marshfield_clinic_research_foundation
A/Arizona/71/2017	centers_for_disease_control_and_prevention	arizona_department_of_health_services
A/Tywyn/6254/2018	public_health_wales_microbiology	public_health_wales_microbiology
A/Miyagi/10/2018	national_institute_of_infectious_diseases_(niid)	miyagi_prefectural_institute_of_public_health_and_environment
A/Slovenia/2792/2017-egg	centers_for_disease_control_and_prevention	laboratory_for_virology,_national_institute_of_public_health
A/Illinois/32/2018	centers_for_disease_control_and_prevention	new_york_state_department_of_health
A/Kalamata/540/2017-egg	centers_for_disease_control_and_prevention	hellenic_pasteur_institute
A/RhodeIsland/1/2018	centers_for_disease_control_and_prevention	rhode_island_department_of_health
A/Nebraska/12/2017	centers_for_disease_control_and_prevention	nebraska_public_health_lab
A/Mauritius/CHL-I-1046/2018	ministry_of_health_and_wellness,_mauritius	national_influenza_centre,_department_of_molecular_biology_and_virology
A/Mauritius/CHL-I-1020/2018	ministry_of_health_and_wellness,_mauritius	national_influenza_centre,_department_of_molecular_biology_and_virology
A/NewYork/PV01625/2018	icahn_school_of_medicine_at_mount_sinai	icahn_school_of_medicine_at_mount_sinai
A/Arizona/77/2017	centers_for_disease_control_and_prevention	arizona_department_of_health_services
A/Picardie/1264/2019	institut_pasteur	
A/Luxembourg/19003743/2019	laboratoire_national_de_sant?	laboratoire_national_de_santé_
A/Argentina/911/2019	centers_for_disease_control_and_prevention	instituto_nacional_de_enfermedades_infecciosas
A/Bahia/745/2019	centers_for_disease_control_and_prevention	instituto_oswaldo_cruz_fiocruz___laboratory_of_respiratory_viruses_and_measles_(lvrs)
A/Argentina/840/2019	centers_for_disease_control_and_prevention	instituto_nacional_de_enfermedades_infecciosas
A/Argentina/841/2019	centers_for_disease_control_and_prevention	instituto_nacional_de_enfermedades_infecciosas
A/Dijon/2788/2018	institut_pasteur	
A/BishopAuckland/5068/2018	public_health_wales_microbiology_cardiff	public_health_wales_microbiology_cardiff
A/Colombia/396/2018	centers_for_disease_control_and_prevention	instituto_nacional_de_salud_de_columbia
A/Argentina/50/2019	centers_for_disease_control_and_prevention	instituto_nacional_de_enfermedades_infecciosas
A/Argentina/1445/2019	centers_for_disease_control_and_prevention	instituto_nacional_de_enfermedades_infecciosas
A/Victoria/1037/2017	who_collaborating_centre_for_reference_and_research_on_influenza	institute_of_medical_and_veterinary_science_(imvs)
A/England/74820686/2017	microbiology_services_colindale,_public_health_england	microbiology_services_colindale,_public_health_england
A/Washington/106/2018	centers_for_disease_control_and_prevention	marshfield_clinic_research_foundation
A/Argentina/184/2017	centers_for_disease_control_and_prevention	instituto_nacional_de_enfermedades_infecciosas
A/Kanagawa/IC1734/2018-egg	ns	seasonal_h3n2
A/Kanagawa/IC1734/2018	national_institute_of_infectious_diseases_(niid)	national_institute_of_infectious_diseases_(niid)
A/Brisbane/190/2017-egg	centers_for_disease_control_and_prevention	queensland_health_scientific_services
A/Kanagawa/AC1740/2018	national_institute_of_infectious_diseases_(niid)	national_institute_of_infectious_diseases_(niid)
A/Antofagasta/77946/2018	instituto_de_salud_publica_de_chile	instituto_de_salud_publica_de_chile
A/Iquique/21652/2019	instituto_de_salud_publica_de_chile	instituto_de_salud_publica_de_chile
A/Yamanashi/18202/2018	national_institute_of_infectious_diseases_(niid)	yamanashi_institute_for_public_health
A/Colombia/113/2018	centers_for_disease_control_and_prevention	instituto_nacional_de_salud_de_columbia
A/Kanagawa/AC1709/2017-egg	centers_for_disease_control_and_prevention	national_institute_of_infectious_diseases_(niid)
A/Kanagawa/AC1704/2017-egg	ns	seasonal_h3n2
A/Sakai/23/2018	national_institute_of_infectious_diseases_(niid)	sakai_city_institute_of_public_health
A/Kanagawa/IC1745/2018	national_institute_of_infectious_diseases_(niid)	national_institute_of_infectious_diseases_(niid)
A/Kanagawa/IC1745/2018-egg	centers_for_disease_control_and_prevention	national_institute_of_infectious_diseases_(niid)
A/Sweden/21/2017	swedish_institute_for_infectious_disease_control	
A/Bolivia/866/2017	centers_for_disease_control_and_prevention	instituto_nacional_de_laboratoriosde_salud_(inlasa)
A/Beijing-Chaoyang/12841/2018	centers_for_disease_control_and_prevention	who_chinese_national_influenza_center
A/Stockholm/23/2018	public_health_agency_of_sweden	
A/Bangkok/28/2019	centers_for_disease_control_and_prevention	who_national_influenza_centre,_national_institute_of_medical_research_(nimr)
A/Sakha/2V/2018	state_research_center_of_virology_and_biotechnology_(vector)	
A/Carmarthen/5313/2017	public_health_wales_microbiology	public_health_wales_microbiology
A/California/140/2017	centers_for_disease_control_and_prevention	california_department_of_health_services
A/Nebraska/1/2018	centers_for_disease_control_and_prevention	nebraska_public_health_lab
A/Concepcion/54932/2018	instituto_de_salud_publica_de_chile	instituto_de_salud_publica_de_chile
A/Iquique/81054/2018	instituto_de_salud_publica_de_chile	instituto_de_salud_publica_de_chile
A/Michigan/UOM150524133835/2018	marshfield_clinic_research_institute	university_of_michigan_clinical_microbiology_laboratory
A/Singapore/KK0259/2018-egg	centers_for_disease_control_and_prevention	ministry_of_health,_singapore
A/Kanagawa/77/2018	national_institute_of_infectious_diseases_(niid)	kanagawa_prefectural_institute_of_public_health
A/Uruguay/412/2017	centers_for_disease_control_and_prevention	departamento_de_laboratorio_de_salud_pública_(dlsp)
A/Tasmania/1032/2017	who_collaborating_centre_for_reference_and_research_on_influenza	institute_of_medical_and_veterinary_science_(imvs)
A/Niigata-C/33/2018	national_institute_of_infectious_diseases_(niid)	niigata_city_institute_of_public_health_and_environment
A/Brisbane/43/2018-egg	centers_for_disease_control_and_prevention	queensland_health_scientific_services
A/England/80140578/2018	microbiology_services_colindale,_public_health_england	microbiology_services_colindale,_public_health_england
A/Nnewfoundland/RV1805/2018	centers_for_disease_control_and_prevention	national_microbiology_laboratory,_health_canada
A/Ayutthaya/176/2018	centers_for_disease_control_and_prevention	who_national_influenza_centre,_national_institute_of_medical_research_(nimr)
A/Greece/35/2017-egg	st._jude_children's_research_hospital	aristotelian_university_of_thessaloniki
A/SouthAfrica/R6243/2017	national_institute_of_communicable_diseases	national_institute_for_communcable_diseases
A/Uruguay/235/2019	centers_for_disease_control_and_prevention	departamento_de_laboratorio_de_salud_pública_(dlsp)
A/Luxembourg/19015252/2019	laboratoire_national_de_sant?	laboratoire_national_de_santé_
A/Argentina/59/2019	centers_for_disease_control_and_prevention	instituto_nacional_de_enfermedades_infecciosas
A/Guyane/589/2019	centers_for_disease_control_and_prevention	national_influenza_center_french_guiana_and_french_indies
A/Bolivia/15/2019	centers_for_disease_control_and_prevention	instituto_nacional_de_laboratoriosde_salud_(inlasa)
A/Picardie/1420/2019	institut_pasteur	
A/Wisconsin/244/2018	centers_for_disease_control_and_prevention	marshfield_clinic_research_foundation
A/Michigan/UOM150524133763/2018	marshfield_clinic_research_institute	university_of_michigan_clinical_microbiology_laboratory
A/Valdiva/100553/2018	centers_for_disease_control_and_prevention	instituto_de_salud_publica_de_chile_
A/Michigan/173/2018	centers_for_disease_control_and_prevention	university_of_michigan_sph_epid
A/Kanagawa/IC1739/2018-egg	ns	seasonal_h3n2
A/Yokohama/53/2018	national_institute_of_infectious_diseases_(niid)	yokohama_city_institute_of_public_health.
A/Preston/7107/2018	public_health_wales_microbiology	public_health_wales_microbiology
A/RhodeIsland/1/2018-egg	centers_for_disease_control_and_prevention	rhode_island_department_of_health
A/Wisconsin/345/2017	centers_for_disease_control_and_prevention	marshfield_clinic_research_foundation
A/Texas/120/2018	centers_for_disease_control_and_prevention	baylor_scott_and_white_health
A/Nebraska/1/2018-egg	centers_for_disease_control_and_prevention	nebraska_public_health_lab
A/SouthAfrica/5035/2016	centers_for_disease_control_and_prevention	national_institute_for_communicable_disease
A/Singapore/Inftt-16-0612/2016-egg	centers_for_disease_control_and_prevention	who_collaborating_centre_for_reference_and_research_on_influenza
A/Florida/68/2016	centers_for_disease_control_and_prevention	florida_department_of_health_tampa
A/Singapore/GP2594/2016	ministry_of_health,_singapore	
A/Taiwan/307/2017	national_institute_of_infectious_diseases_(niid)	center_for_disease_control
A/Bangladesh/2/2017	centers_for_disease_control_and_prevention	institute_of_epidemiology_disease_control_and_research_(iedcr)_&_bangladesh_national_influenza_centre_(nic)
A/Sydney/233/2019	who_collaborating_centre_for_reference_and_research_on_influenza	clinical_virology_unit,_cdim
A/Afghanistan/9241/2019	centers_for_disease_control_and_prevention	national_public_health_laboratory
A/Aberystwyth/8812/2017	public_health_wales_microbiology	public_health_wales_microbiology
A/PortTalbot/3763/2017	public_health_wales_microbiology	molecular_diagnostics_unit_
A/Wrexham/4801/2017	public_health_wales_microbiology	public_health_wales_microbiology
A/Mauritius/CHL-I-1058/2018	ministry_of_health_and_wellness,_mauritius	national_influenza_centre,_department_of_molecular_biology_and_virology
A/Sapporo/91/2016	national_institute_of_infectious_diseases_(niid)	sapporo_city_institute_of_public_health
A/Brazil/6359/2016	centers_for_disease_control_and_prevention	instituto_adolfo_lutz
A/Oman/4909/2016	centers_for_disease_control_and_prevention	central_public_health_laboratory,_ministry_of_health
A/StPetersburg/RII-262/2019	centers_for_disease_control_and_prevention	russian_academy_of_medical_sciences
A/Kursk/18/2019	who_national_influenza_centre_russian_federation	_center_of_hygiene_and_epidemiology_in_kursk_oblast
A/Koygorodok/RII-4264S/2019	who_national_influenza_centre_russian_federation	"fbuz_""center_of_hygiene_and_epidemiology"""
A/NizhnyNovgorod/14645V/2018	state_research_center_of_virology_and_biotechnology_(vector)	state_research_center_of_virology_and_biotechnology_(vector)
A/Demidov/RII-4183S/2019	who_national_influenza_centre_russian_federation	center_of_hygiene_and_epidemiology_in_smolensk_oblast
A/Taiwan/95714/2018	centers_for_disease_control_and_prevention	adimmune_corporation
A/Congo/510/2017	centers_for_disease_control_and_prevention	inrb_service_de_virologie
A/Congo/467/2017	centers_for_disease_control_and_prevention	inrb_service_de_virologie
A/Greece/4/2017-egg	centers_for_disease_control_and_prevention	aristotelian_university_of_thessaloniki
A/Uruguay/343/2017	centers_for_disease_control_and_prevention	departamento_de_laboratorio_de_salud_pública_(dlsp)
A/Caernarfon/8500/2018	public_health_wales_microbiology	public_health_wales_microbiology
A/Kawasaki/68/2018	national_institute_of_infectious_diseases_(niid)	kawasaki_city_institute_of_public_health_
A/Victoria/2072/2017	who_collaborating_centre_for_reference_and_research_on_influenza	alfred_hospital
A/Singapore/MOH0127/2017	ministry_of_health,_singapore	ministry_of_health,_singapore
A/Pakistan/232/2017	centers_for_disease_control_and_prevention	national_institute_of_health
A/Vermont/18/2017	centers_for_disease_control_and_prevention	vermont_department_of_health_laboratory
A/Afghanistan/787/2017	centers_for_disease_control_and_prevention	national_public_health_laboratory
A/Afghanistan/622/2017	centers_for_disease_control_and_prevention	national_public_health_laboratory
A/Afghanistan/437/2017	centers_for_disease_control_and_prevention	national_public_health_laboratory
A/Afghanistan/428/2017	centers_for_disease_control_and_prevention	national_public_health_laboratory
A/Bhutan/846/2018	centers_for_disease_control_and_prevention	royal_centre_for_disease_control
A/Bangladesh/9004/2017	centers_for_disease_control_and_prevention	institute_of_epidemiology_disease_control_and_research_(iedcr)_&_bangladesh_national_influenza_centre_(nic)
A/India/4666/2018	centers_for_disease_control_and_prevention	national_institute_of_virology
A/Santiago/57803/2018	instituto_de_salud_publica_de_chile	instituto_de_salud_publica_de_chile
A/Lao/3894/2017	centers_for_disease_control_and_prevention	national_center_for_laboratory_and_epidemiology
A/Lao/F3603/2017	national_institute_of_infectious_diseases_(niid)	national_center_for_laboratory_and_epidemiology
A/Lao/2852/2017	centers_for_disease_control_and_prevention	national_center_for_laboratory_and_epidemiology
A/Lao/3877/2017	centers_for_disease_control_and_prevention	national_center_for_laboratory_and_epidemiology
A/Lao/2918/2017	centers_for_disease_control_and_prevention	national_center_for_laboratory_and_epidemiology
A/Lao/3311/2017	centers_for_disease_control_and_prevention	national_center_for_laboratory_and_epidemiology
A/Lao/3842/2017	centers_for_disease_control_and_prevention	national_center_for_laboratory_and_epidemiology
A/HongKong/2286/2017-egg	centers_for_disease_control_and_prevention	government_virus_unit
A/Perth/170/2018	who_collaborating_centre_for_reference_and_research_on_influenza	pathwest_qe_ii_medical_centre
A/Victoria/946/2017	who_collaborating_centre_for_reference_and_research_on_influenza	who_collaborating_centre_for_reference_and_research_on_influenza
A/Mie/39/2017	national_institute_of_infectious_diseases_(niid)	mie_prefecture_health_and_environment_research_institute
A/SouthAustralia/174/2018	who_collaborating_centre_for_reference_and_research_on_influenza	institute_of_medical_and_veterinary_science_(imvs)
A/Pakistan/111/2019	centers_for_disease_control_and_prevention	national_institute_of_health
A/Singapore/KK1048/2016	ministry_of_health,_singapore	
A/Phetchaburi/28/2018	centers_for_disease_control_and_prevention	who_national_influenza_centre,_national_institute_of_medical_research_(nimr)
A/Bangladesh/155/2018	centers_for_disease_control_and_prevention	institute_of_epidemiology_disease_control_and_research_(iedcr)_&_bangladesh_national_influenza_centre_(nic)
A/Bangladesh/3012/2017	centers_for_disease_control_and_prevention	institute_of_epidemiology_disease_control_and_research_(iedcr)_&_bangladesh_national_influenza_centre_(nic)
A/Cambodia/775/2017	centers_for_disease_control_and_prevention	national_public_health_laboratory
A/Hyogo/1239/2018	national_institute_of_infectious_diseases_(niid)	hyogo_prefectural_institute_of_public_health_and_consumer_sciences
A/BurkinaFaso/2397/2018	centers_for_disease_control_and_prevention	irss
A/Bhutan/1220/2018	centers_for_disease_control_and_prevention	royal_centre_for_disease_control
A/Niger/6545/2019	centers_for_disease_control_and_prevention	centre_de_recherche_medicale_et_sanitaire_(cermes)
A/PuertoMontt/65324/2018	instituto_de_salud_publica_de_chile	instituto_de_salud_publica_de_chile
A/Brisbane/133/2016	who_collaborating_centre_for_reference_and_research_on_influenza	queensland_health_forensic_and_scientific_services_
A/Fiji/74/2017	who_collaborating_centre_for_reference_and_research_on_influenza	national_centre_for_scientific_services_for_virology__and_vector_borne_diseases
A/Victoria/949/2017	who_collaborating_centre_for_reference_and_research_on_influenza	who_collaborating_centre_for_reference_and_research_on_influenza
A/Brisbane/1046/2017	who_collaborating_centre_for_reference_and_research_on_influenza	institute_of_medical_and_veterinary_science_(imvs)
A/Sydney/1173/2017	who_collaborating_centre_for_reference_and_research_on_influenza	institute_of_medical_and_veterinary_science_(imvs)
A/Kanagawa/IC1608/2017	national_institute_of_infectious_diseases_(niid)	national_institute_of_infectious_diseases_(niid)
A/Kanagawa/206/2017	national_institute_of_infectious_diseases_(niid)	kanagawa_prefectural_institute_of_public_health
A/Niigata-C/44/2017	national_institute_of_infectious_diseases_(niid)	niigata_city_institute_of_public_health_and_environment
A/Kanagawa/IC1631/2017	national_institute_of_infectious_diseases_(niid)	national_institute_of_infectious_diseases_(niid)
A/Kanagawa/AC1732/2018	national_institute_of_infectious_diseases_(niid)	national_institute_of_infectious_diseases_(niid)
A/Singapore/TT0279/2017	ministry_of_health,_singapore	ministry_of_health,_singapore
A/Brisbane/29/2017-egg	centers_for_disease_control_and_prevention	queensland_health_scientific_services
A/NewZealand/722/2017	centers_for_disease_control_and_prevention	institute_of_environmental_science_&_research
A/Kanagawa/IC1608/2017-egg	ns	seasonal_h3n2
A/Yakutsk/RII-1079S/2019	who_national_influenza_centre_russian_federation	center_of_hygiene_and_epidemiology_in_republic_of_sakha_(yakutia)
A/Vietnam/GHS1071/2017	centers_for_disease_control_and_prevention	pasteur_institute,_influenza_laboratory
A/Hawaii/44/2017-egg	centers_for_disease_control_and_prevention	state_of_hawaii_department_of_health
A/Hawaii/44/2017	centers_for_disease_control_and_prevention	state_of_hawaii_department_of_health
A/Bangladesh/2097/2017	centers_for_disease_control_and_prevention	institute_of_epidemiology_disease_control_and_research_(iedcr)_&_bangladesh_national_influenza_centre_(nic)
A/Kamchatka/1/2018	state_research_center_of_virology_and_biotechnology_(vector)	
A/Singapore/GP0573/2017	ministry_of_health,_singapore	ministry_of_health,_singapore
A/HongKong/2277/2017-egg	centers_for_disease_control_and_prevention	government_virus_unit
A/NewZealand/770/2017	centers_for_disease_control_and_prevention	institute_of_environmental_science_&_research
A/Bangladesh/15205/2018	centers_for_disease_control_and_prevention	institute_of_epidemiology_disease_control_and_research_(iedcr)_&_bangladesh_national_influenza_centre_(nic)
A/AbuDhabi/240/2018	centers_for_disease_control_and_prevention	shaikh_khalifa_medical_city
A/Aberystwyth/5413/2017	public_health_wales_microbiology	public_health_wales_microbiology
A/Rhyl/1947/2017	public_health_wales_microbiology	public_health_wales_microbiology
A/England/75280623/2017	microbiology_services_colindale,_public_health_england	microbiology_services_colindale,_public_health_england
A/Mold/7024/2017	public_health_wales_microbiology	public_health_wales_microbiology
A/Wrexham/7024/2017	public_health_wales_microbiology	molecular_diagnostics_unit_
A/Buckley/4801/2017	public_health_wales_microbiology	public_health_wales_microbiology
A/HongKong/674/2018-egg	centers_for_disease_control_and_prevention	government_virus_unit
A/Kanagawa/ZC1617/2017-egg	centers_for_disease_control_and_prevention	national_institute_of_infectious_diseases_(niid)
A/Bangladesh/64/2017	centers_for_disease_control_and_prevention	institute_of_epidemiology_disease_control_and_research_(iedcr)_&_bangladesh_national_influenza_centre_(nic)
A/Brisbane/207/2017	who_collaborating_centre_for_reference_and_research_on_influenza	queensland_health_scientific_services
A/Kanagawa/ZC1617/2017	centers_for_disease_control_and_prevention	national_institute_of_infectious_diseases_(niid)
A/Singapore/KK1381/2017	ministry_of_health,_singapore	ministry_of_health,_singapore
A/SouthAustralia/1052/2017	who_collaborating_centre_for_reference_and_research_on_influenza	institute_of_medical_and_veterinary_science_(imvs)
A/Bhutan/1216/2018	centers_for_disease_control_and_prevention	royal_centre_for_disease_control
A/Timor-Leste/24/2018	who_collaborating_centre_for_reference_and_research_on_influenza	laboratório_nacional_da_saúde
A/Bangladesh/2248/2017	centers_for_disease_control_and_prevention	institute_of_epidemiology_disease_control_and_research_(iedcr)_&_bangladesh_national_influenza_centre_(nic)
A/Ayutthaya/93/2018	centers_for_disease_control_and_prevention	who_national_influenza_centre,_national_institute_of_medical_research_(nimr)
A/Lopburi/1262/2018	centers_for_disease_control_and_prevention	who_national_influenza_centre,_national_institute_of_medical_research_(nimr)
A/Netherlands/10260/2018-egg	centers_for_disease_control_and_prevention	national_institute_for_public_health_and_the_environment_(rivm)
A/Paris/88/2018	institut_pasteur	
A/Groznyi/RII-2741S/2019	who_national_influenza_centre_russian_federation	center_of_hygiene_and_epidemiology_in_republic of_chechnya
A/Khanti-Mansiysk/1/2018	state_research_center_of_virology_and_biotechnology_(vector)	
A/Victoria/1021/2017	who_collaborating_centre_for_reference_and_research_on_influenza	institute_of_medical_and_veterinary_science_(imvs)
A/Bangladesh/4024/2017	centers_for_disease_control_and_prevention	institute_of_epidemiology_disease_control_and_research_(iedcr)_&_bangladesh_national_influenza_centre_(nic)
A/NewZealand/2379/2017	centers_for_disease_control_and_prevention	institute_of_environmental_science_&_research
A/India/4612/2018	centers_for_disease_control_and_prevention	national_institute_of_virology
A/HongKong/1130/2018	centers_for_disease_control_and_prevention	government_virus_unit
A/HongKong/1077/2018	centers_for_disease_control_and_prevention	government_virus_unit
A/Bangladesh/3044/2017	centers_for_disease_control_and_prevention	institute_of_epidemiology_disease_control_and_research_(iedcr)_&_bangladesh_national_influenza_centre_(nic)
A/Verkh-Chebula/RII-2987S/2019	who_national_influenza_centre_russian_federation	center_of_hygiene_and_epidemiology_in_kemerovo_region
A/Anzhero-Sudzhensk/RII-2997S/2019	who_national_influenza_centre_russian_federation	center_of_hygiene_and_epidemiology_in_kemerovo_region
A/Novosibirsk/RII-4981S/2019	who_national_influenza_centre_russian_federation	research_institute_of_experimental_and_clinical_medicine
A/India/4658/2018	centers_for_disease_control_and_prevention	national_institute_of_virology
A/Kuwait/6404/2018	centers_for_disease_control_and_prevention	public_health_laboratory,_virology_unit
A/AbuDhabi/258/2018	centers_for_disease_control_and_prevention	shaikh_khalifa_medical_city
A/Paris/1440/2018	institut_pasteur	
A/India/4667/2018	centers_for_disease_control_and_prevention	national_institute_of_virology
A/AbuDhabi/55/2018	centers_for_disease_control_and_prevention	shaikh_khalifa_medical_city
A/Kenya/162/2018	centers_for_disease_control_and_prevention	cdc_kenya
A/SouthAustralia/1067/2017	who_collaborating_centre_for_reference_and_research_on_influenza	institute_of_medical_and_veterinary_science_(imvs)
A/AbuDhabi/240/2018-egg	centers_for_disease_control_and_prevention	shaikh_khalifa_medical_city
A/Pakistan/214/2019	centers_for_disease_control_and_prevention	national_institute_of_health
A/Mie/45/2017	national_institute_of_infectious_diseases_(niid)	mie_prefecture_health_and_environment_research_institute
A/BurkinaFaso/15/2019	centers_for_disease_control_and_prevention	irss
A/Moscow/RII-02/2019	centers_for_disease_control_and_prevention	russian_academy_of_medical_sciences
A/BurkinaFaso/2417/2018	centers_for_disease_control_and_prevention	irss
A/Bangladesh/156/2018	centers_for_disease_control_and_prevention	institute_of_epidemiology_disease_control_and_research_(iedcr)_&_bangladesh_national_influenza_centre_(nic)
A/Khanti-Mansiysk/4/2018	state_research_center_of_virology_and_biotechnology_(vector)	
A/AbuDhabi/54/2018	centers_for_disease_control_and_prevention	shaikh_khalifa_medical_city
A/SriLanka/41/2018	who_collaborating_centre_for_reference_and_research_on_influenza	medical_research_institute
A/Temuco/79799/2018	instituto_de_salud_publica_de_chile	instituto_de_salud_publica_de_chile
A/Myanmar/18M217/2018	national_institute_of_infectious_diseases_(niid)	national_health_laboratory
A/Myanmar/18M139/2018	centers_for_disease_control_and_prevention	national_health_laboratory
A/Myanmar/18M210/2018	national_institute_of_infectious_diseases_(niid)	national_health_laboratory
A/Niger/6243/2018	centers_for_disease_control_and_prevention	centre_de_recherche_medicale_et_sanitaire_(cermes)
A/SouthAfrica/R8116/2017	national_institute_of_communicable_diseases	national_institute_for_communcable_diseases
A/SouthAfrica/R7218/2017	national_institute_of_communicable_diseases	national_institute_for_communcable_diseases
A/Southafrica/R7908/2017	national_institute_of_communicable_diseases	national_institute_for_communcable_diseases
A/SouthAfrica/R07368/2017	centers_for_disease_control_and_prevention	national_institute_for_communicable_disease
A/Mozambique/418/2018	centers_for_disease_control_and_prevention	laboratório_de_isolamento_viral
A/SouthAfrica/R7925/2017	national_institute_of_communicable_diseases	national_institute_for_communcable_diseases
A/SouthAfrica/3389/2017	national_institute_of_communicable_diseases	national_institute_for_communcable_diseases
A/Taiwan/411/2017	national_institute_of_infectious_diseases_(niid)	center_for_disease_control
A/Sweden/81/2017	public_health_agency_of_sweden	
A/India/3370/2017	centers_for_disease_control_and_prevention	national_institute_of_virology
A/Maldives/1068/2017	centers_for_disease_control_and_prevention	ministry_of_health
A/Stockholm/40/2017	public_health_agency_of_sweden	
A/SriLanka/96/2017	who_collaborating_centre_for_reference_and_research_on_influenza	medical_research_institute
A/India/2610/2017	centers_for_disease_control_and_prevention	national_institute_of_virology
A/HongKong/2012/2017	centers_for_disease_control_and_prevention	government_virus_unit
A/Bangladesh/2002/2018	centers_for_disease_control_and_prevention	institute_of_epidemiology_disease_control_and_research_(iedcr)_&_bangladesh_national_influenza_centre_(nic)
A/Bangladesh/4008/2018	centers_for_disease_control_and_prevention	institute_of_epidemiology_disease_control_and_research_(iedcr)_&_bangladesh_national_influenza_centre_(nic)
A/Bangladesh/2013/2018	centers_for_disease_control_and_prevention	institute_of_epidemiology_disease_control_and_research_(iedcr)_&_bangladesh_national_influenza_centre_(nic)
A/Sydney/1160/2017	who_collaborating_centre_for_reference_and_research_on_influenza	institute_of_medical_and_veterinary_science_(imvs)
A/Christchurch/521/2018	who_collaborating_centre_for_reference_and_research_on_influenza	canterbury_health_services
A/Singapore/SGH0602/2018	ministry_of_health,_singapore	ministry_of_health,_singapore
A/SouthAustralia/186/2018	who_collaborating_centre_for_reference_and_research_on_influenza	institute_of_medical_and_veterinary_science_(imvs)
A/HongKong/CUHK3006/2018	chinese_university_of_hong_kong	the_chinese_university_of_hong_kong
A/HongKong/2060/2018	centers_for_disease_control_and_prevention	hong_kong_department_of_health
A/HongKong/CUHK3011/2018	chinese_university_of_hong_kong	the_chinese_university_of_hong_kong
A/HongKong/CUHK3012/2018	chinese_university_of_hong_kong	the_chinese_university_of_hong_kong
A/HongKong/CUHK3001/2018	chinese_university_of_hong_kong	the_chinese_university_of_hong_kong
A/Singapore/GP1616/2018	ministry_of_health,_singapore	ministry_of_health,_singapore
A/Sydney/22/2018-egg	centers_for_disease_control_and_prevention	clinical_virology_unit,_cdim
A/Madagascar/1123/2018	centers_for_disease_control_and_prevention	institut_pasteur_de_madagascar
A/Singapore/GP0454/2018-egg	centers_for_disease_control_and_prevention	ministry_of_health,_singapore
A/Sydney/22/2018	who_collaborating_centre_for_reference_and_research_on_influenza	clinical_virology_unit,_cdim
A/AbuDhabi/107/2017	centers_for_disease_control_and_prevention	shaikh_khalifa_medical_city
A/India/3135/2017	centers_for_disease_control_and_prevention	national_institute_of_virology
A/HongKong/4825/2017	centers_for_disease_control_and_prevention	government_virus_unit
A/Bangladesh/3003/2017	centers_for_disease_control_and_prevention	institute_of_epidemiology_disease_control_and_research_(iedcr)_&_bangladesh_national_influenza_centre_(nic)
A/AbuDhabi/7/2017	centers_for_disease_control_and_prevention	shaikh_khalifa_medical_city
A/Pakistan/8/2017	centers_for_disease_control_and_prevention	national_institute_of_health
A/Tochigi/18102/2018	national_institute_of_infectious_diseases_(niid)	tochigi_prefectural_institute_of_public_health_and_environmental_science
A/Mie/36/2017	national_institute_of_infectious_diseases_(niid)	mie_prefecture_health_and_environment_research_institute
A/AbuDhabi/179/2017	centers_for_disease_control_and_prevention	shaikh_khalifa_medical_city
A/Maldives/1135/2017	centers_for_disease_control_and_prevention	ministry_of_health
A/Bangladesh/2178/2017	centers_for_disease_control_and_prevention	institute_of_epidemiology_disease_control_and_research_(iedcr)_&_bangladesh_national_influenza_centre_(nic)
A/Kanagawa/IC1725/2018-egg	ns	seasonal_h3n2
A/Kanagawa/IC1725/2018	centers_for_disease_control_and_prevention	national_institute_of_infectious_diseases_(niid)
A/Kanagawa/AC1736/2018-egg	ns	seasonal_h3n2
A/Kanagawa/AC1736/2018	national_institute_of_infectious_diseases_(niid)	national_institute_of_infectious_diseases_(niid)
A/India/6023/2017	centers_for_disease_control_and_prevention	national_institute_of_virology
A/Bangladesh/3031/2018	centers_for_disease_control_and_prevention	institute_of_epidemiology_disease_control_and_research_(iedcr)_&_bangladesh_national_influenza_centre_(nic)
A/Belgium/H0161/2018	scientific_institute_of_public_health_(wiv_isp)	sciensano_(scientific_institute_of_public_health)
A/Beijing-Huairou/1557/2018	centers_for_disease_control_and_prevention	who_chinese_national_influenza_center
A/Zhejiang-NH/118/2020	zhejiang_provincial_center_for_disease_control_and_prevention	jiaxing_center_for_disease_control_and_prevention
A/HongKong/2671/2019-egg	centers_for_disease_control_and_prevention	government_virus_unit
A/HongKong/2671/2019	centers_for_disease_control_and_prevention	government_virus_unit
A/Singapore/KK0618/2019	ministry_of_health,_singapore	ministry_of_health,_singapore
A/Rencheng/1402/2019	jining_center_for_disease_control_and_prevention	_jining_center_for_disease_control_and_prevention
A/Guangxi-Xixiangtang/1572/2019	who_chinese_national_influenza_center	who_chinese_national_influenza_center
A/StPetersburg/RII-178/2020	centers_for_disease_control_and_prevention	russian_academy_of_medical_sciences
A/StPetersburg/RII-4087S/2020	who_national_influenza_centre_russian_federation	research_institute_of_influenza,_ministry_of_healthcare_of_the_russian_federation
A/HongKong/CUHK3079/2019	chinese_university_of_hong_kong	the_chinese_university_of_hong_kong
A/Lao/F0546/2020	national_institute_of_infectious_diseases_(niid)	national_center_for_laboratory_and_epidemiology
A/Lao/3463/2019	centers_for_disease_control_and_prevention	national_center_for_laboratory_and_epidemiology
A/Rencheng/122/2020	jining_center_for_disease_control_and_prevention	_jining_center_for_disease_control_and_prevention
A/RioGrandedoSul/122/2020	instituto_oswaldo_cruz_fiocruz___laboratory_of_respiratory_viruses_and_measles_(lvrs)	lacen/rs___laboratório_central_de_saúde_pública_do_rio_grande_do_sul
A/HongKong/4710/2019	centers_for_disease_control_and_prevention	government_virus_unit
A/Singapore/SGH0664/2018	ministry_of_health,_singapore	ministry_of_health,_singapore
A/Rencheng/33/2019	jining_center_for_disease_control_and_prevention	_jining_center_for_disease_control_and_prevention
A/Kanagawa/ZC1841/2019-egg	centers_for_disease_control_and_prevention	national_institute_of_infectious_diseases_(niid)
A/Rencheng/16/2020	jining_center_for_disease_control_and_prevention	_jining_center_for_disease_control_and_prevention
A/Osaka-C/2002/2020	national_institute_of_infectious_diseases_(niid)	osaka_city_institute_of_public_health_and_environmental_sciences
A/Rencheng/128/2020	jining_center_for_disease_control_and_prevention	_jining_center_for_disease_control_and_prevention
A/SouthAustralia/2/2019-egg	centers_for_disease_control_and_prevention	institute_of_medical_and_veterinary_science_(imvs)
A/SouthAustralia/4/2019-egg	centers_for_disease_control_and_prevention	institute_of_medical_and_veterinary_science_(imvs)
A/Zhejiang-NH/177/2020	zhejiang_provincial_center_for_disease_control_and_prevention	jiaxing_center_for_disease_control_and_prevention
A/Zhejiang-NH/191/2020	zhejiang_provincial_center_for_disease_control_and_prevention	jiaxing_center_for_disease_control_and_prevention
A/Zhejiang-NH/12/2020	zhejiang_provincial_center_for_disease_control_and_prevention	jiaxing_center_for_disease_control_and_prevention
A/Wakayama/118/2019	centers_for_disease_control_and_prevention	wakayama_prefectural_research_center_of_environment_and_public_health
A/Zhejiang-NH/126/2020	zhejiang_provincial_center_for_disease_control_and_prevention	jiaxing_center_for_disease_control_and_prevention
A/Zhejiang-NH/122/2020	zhejiang_provincial_center_for_disease_control_and_prevention	jiaxing_center_for_disease_control_and_prevention
A/Zhejiang-NH/1919/2019	zhejiang_provincial_center_for_disease_control_and_prevention	jiaxing_center_for_disease_control_and_prevention
A/Kawasaki/13/2020	national_institute_of_infectious_diseases_(niid)	kawasaki_city_institute_of_public_health_
A/Rencheng/11388/2019	jining_center_for_disease_control_and_prevention	_jining_center_for_disease_control_and_prevention
A/Rencheng/1377/2019	jining_center_for_disease_control_and_prevention	_jining_center_for_disease_control_and_prevention
A/Guangxi-Qinnan/1757/2019	who_chinese_national_influenza_center	who_chinese_national_influenza_center
A/Rencheng/115/2020	jining_center_for_disease_control_and_prevention	_jining_center_for_disease_control_and_prevention
A/Singapore/KK0339/2019	ministry_of_health,_singapore	ministry_of_health,_singapore
A/Lao/1214/2019	centers_for_disease_control_and_prevention	national_center_for_laboratory_and_epidemiology
A/Saitama/89/2020	national_institute_of_infectious_diseases_(niid)	saitama_institute_of_public_health
A/Taiwan/83734/2019	centers_for_disease_control_and_prevention	center_for_disease_control
A/Gunma/39/2020	national_institute_of_infectious_diseases_(niid)	gunma_prefectural_institute_of_public_health_and_environmental_sciences
A/SouthAustralia/5/2020	who_collaborating_centre_for_reference_and_research_on_influenza	institute_of_medical_and_veterinary_science_(imvs)
A/StPetersburg/RII-3097S/2020	who_national_influenza_centre_russian_federation	research_institute_of_influenza,_ministry_of_healthcare_of_the_russian_federation
A/StPetersburg/RII-2974S/2020	who_national_influenza_centre_russian_federation	research_institute_of_influenza,_ministry_of_healthcare_of_the_russian_federation
A/Rencheng/11380/2019	jining_center_for_disease_control_and_prevention	jining_center_for_disease_control_and_prevention
A/Moscow/18/2020	n.f._gamaleya_research_center_for_epidemiology_and_microbiology	nic_russia,_ivanovsky_research_institute_of_virology
A/Yunnan-Wenshan/1599/2020	who_chinese_national_influenza_center	who_chinese_national_influenza_center
A/Yunnan-Wenshan/1591/2020	who_chinese_national_influenza_center	who_chinese_national_influenza_center
A/Yunnan-Wenshan/1592/2020	who_chinese_national_influenza_center	who_chinese_national_influenza_center
A/Yunnan-Wenshan/1606/2020	who_chinese_national_influenza_center	who_chinese_national_influenza_center
A/Yunnan-Wenshan/1594/2020	who_chinese_national_influenza_center	who_chinese_national_influenza_center
A/Yunnan-Wenshan/1593/2020	who_chinese_national_influenza_center	who_chinese_national_influenza_center
A/Singapore/GP2126/2018	ministry_of_health,_singapore	ministry_of_health,_singapore
A/Trang/416/2019	centers_for_disease_control_and_prevention	who_national_influenza_centre,_national_institute_of_medical_research_(nimr)
A/Ayutthaya/67/2020	centers_for_disease_control_and_prevention	who_national_influenza_centre,_national_institute_of_medical_research_(nimr)
A/Saitama/94/2020	national_institute_of_infectious_diseases_(niid)	saitama_institute_of_public_health
A/Sapporo/18/2020	national_institute_of_infectious_diseases_(niid)	sapporo_city_institute_of_public_health
A/Gunma/35/2020	national_institute_of_infectious_diseases_(niid)	gunma_prefectural_institute_of_public_health_and_environmental_sciences
A/Lao/53/2019	centers_for_disease_control_and_prevention	national_center_for_laboratory_and_epidemiology
A/ChiangMai/51/2020	who_collaborating_centre_for_reference_and_research_on_influenza	who_national_influenza_centre,_national_institute_of_medical_research_(nimr)
A/Singapore/KK0009/2020	ministry_of_health,_singapore	ministry_of_health,_singapore
A/Gunma/51/2020	national_institute_of_infectious_diseases_(niid)	gunma_prefectural_institute_of_public_health_and_environmental_sciences
A/Lao/3874/2019	centers_for_disease_control_and_prevention	national_center_for_laboratory_and_epidemiology
A/Gunma/36/2020	national_institute_of_infectious_diseases_(niid)	gunma_prefectural_institute_of_public_health_and_environmental_sciences
A/SouthKorea/11230/2020	u.s._air_force_school_of_aerospace_medicine	u.s._air_force_school_of_aerospace_medicine_
A/SouthKorea/11262/2020	u.s._air_force_school_of_aerospace_medicine	u.s._air_force_school_of_aerospace_medicine_
A/Bangladesh/1190614034/2019	centers_for_disease_control_and_prevention	icddr,b_international_centre_for_diarrhoeal_disease_research,_bangladesh
A/Yokohama/224/2019	national_institute_of_infectious_diseases_(niid)	yokohama_city_institute_of_public_health.
A/HongKong/4709/2019	centers_for_disease_control_and_prevention	government_virus_unit
A/Bangladesh/1190608005/2019	centers_for_disease_control_and_prevention	icddr,b_international_centre_for_diarrhoeal_disease_research,_bangladesh
A/Yokohama/212/2019	centers_for_disease_control_and_prevention	yokohama_city_institute_of_public_health.
A/Bangladesh/3190603030/2019	centers_for_disease_control_and_prevention	icddr,b_international_centre_for_diarrhoeal_disease_research,_bangladesh
A/England/194820759/2019	microbiology_services_colindale,_public_health_england	microbiology_services_colindale,_public_health_england
A/Bangladesh/3190608003/2019	centers_for_disease_control_and_prevention	icddr,b_international_centre_for_diarrhoeal_disease_research,_bangladesh
A/Bangladesh/3190612025/2019	centers_for_disease_control_and_prevention	icddr,b_international_centre_for_diarrhoeal_disease_research,_bangladesh
A/Bangladesh/1013/2019	centers_for_disease_control_and_prevention	icddr,b_international_centre_for_diarrhoeal_disease_research,_bangladesh
A/SouthKorea/11266/2020	u.s._air_force_school_of_aerospace_medicine	u.s._air_force_school_of_aerospace_medicine_
A/Bangladesh/1190710007/2019	centers_for_disease_control_and_prevention	icddr,b_international_centre_for_diarrhoeal_disease_research,_bangladesh
A/Bangladesh/3190810006/2019	centers_for_disease_control_and_prevention	icddr,b_international_centre_for_diarrhoeal_disease_research,_bangladesh
A/Bangladesh/3190814013/2019	centers_for_disease_control_and_prevention	icddr,b_international_centre_for_diarrhoeal_disease_research,_bangladesh
A/Bangladesh/3190613016/2019	centers_for_disease_control_and_prevention	icddr,b_international_centre_for_diarrhoeal_disease_research,_bangladesh
A/Darwin/726/2019-egg	who_collaborating_centre_for_reference_and_research_on_influenza	influenza_surveillance_centre_for_disease_control
A/Yokohama/225/2019	national_institute_of_infectious_diseases_(niid)	yokohama_city_institute_of_public_health.
A/Bangladesh/4035/2019	centers_for_disease_control_and_prevention	icddr,b_international_centre_for_diarrhoeal_disease_research,_bangladesh
A/Philippines/1343/2019	centers_for_disease_control_and_prevention	research_institute_for_tropical_medicine,_virology_department
A/Philippines/952/2019	centers_for_disease_control_and_prevention	research_institute_for_tropical_medicine,_virology_department
A/Philippines/1375/2019	centers_for_disease_control_and_prevention	research_institute_for_tropical_medicine,_virology_department
A/Bangladesh/1190603004/2019	centers_for_disease_control_and_prevention	icddr,b_international_centre_for_diarrhoeal_disease_research,_bangladesh
A/Lebanon/15/2020	centers_for_disease_control_and_prevention	rafic_hariri_university_hospital_4th_floor_dna/research_lab
A/Philippines/1500/2019	centers_for_disease_control_and_prevention	research_institute_for_tropical_medicine,_virology_department
A/Bangladesh/1190503042/2019	centers_for_disease_control_and_prevention	icddr,b_international_centre_for_diarrhoeal_disease_research,_bangladesh
A/HangaRoa/44910/2019	centers_for_disease_control_and_prevention	instituto_de_salud_publica_de_chile
A/Bangladesh/2044/2019	centers_for_disease_control_and_prevention	icddr,b_international_centre_for_diarrhoeal_disease_research,_bangladesh
A/Bangladesh/1190613016/2019	centers_for_disease_control_and_prevention	icddr,b_international_centre_for_diarrhoeal_disease_research,_bangladesh
A/Bangladesh/3190714017/2019	centers_for_disease_control_and_prevention	icddr,b_international_centre_for_diarrhoeal_disease_research,_bangladesh
A/Bangladesh/1190808008/2019	centers_for_disease_control_and_prevention	icddr,b_international_centre_for_diarrhoeal_disease_research,_bangladesh
A/RhodeIsland/8/2020	centers_for_disease_control_and_prevention	rhode_island_department_of_health
A/Hawaii/19/2020	centers_for_disease_control_and_prevention	state_of_hawaii_department_of_health
A/SouthKorea/11636/2020	u.s._air_force_school_of_aerospace_medicine	u.s._air_force_school_of_aerospace_medicine_
A/SouthKorea/11639/2020	u.s._air_force_school_of_aerospace_medicine	u.s._air_force_school_of_aerospace_medicine_
A/StPetersburg/RII-4106S/2020	who_national_influenza_centre_russian_federation	research_institute_of_influenza,_ministry_of_healthcare_of_the_russian_federation
A/NewJersey/9/2020	centers_for_disease_control_and_prevention	new_jersey_department_of_health_&_senior_services
A/Maryland/19/2020	centers_for_disease_control_and_prevention	maryland_department_of_health_and_mental_hygiene
A/Pennsylvania/1025/2019-egg	centers_for_disease_control_and_prevention	pennsylvania_department_of_health
A/Washington/S27462/2020		the_brotman_baty_institute_for_precision_medicine
A/Pennsylvania/1025/2019	centers_for_disease_control_and_prevention	pennsylvania_department_of_health
A/StPetersburg/RII-4417S/2020	who_national_influenza_centre_russian_federation	research_institute_of_influenza,_ministry_of_healthcare_of_the_russian_federation
A/Pennsylvania/1026/2019-egg	centers_for_disease_control_and_prevention	pennsylvania_department_of_health
A/Pennsylvania/1026/2019	centers_for_disease_control_and_prevention	pennsylvania_department_of_health
A/StPetersburg/RII-3140S/2020	who_national_influenza_centre_russian_federation	research_institute_of_influenza,_ministry_of_healthcare_of_the_russian_federation
A/StPetersburg/RII-190/2020	centers_for_disease_control_and_prevention	russian_academy_of_medical_sciences
A/StPetersburg/RII-2973S/2020	who_national_influenza_centre_russian_federation	research_institute_of_influenza,_ministry_of_healthcare_of_the_russian_federation
A/StPetersburg/RII-2865S/2020	who_national_influenza_centre_russian_federation	research_institute_of_influenza,_ministry_of_healthcare_of_the_russian_federation
A/StPetersburg/RII-3383S/2020	who_national_influenza_centre_russian_federation	research_institute_of_influenza,_ministry_of_healthcare_of_the_russian_federation
A/Bangladesh/3007/2017	centers_for_disease_control_and_prevention	institute_of_epidemiology_disease_control_and_research_(iedcr)_&_bangladesh_national_influenza_centre_(nic)
A/Bangladesh/1234/2017	centers_for_disease_control_and_prevention	institute_of_epidemiology_disease_control_and_research_(iedcr)_&_bangladesh_national_influenza_centre_(nic)
A/Groznyi/RII-2764S/2019	who_national_influenza_centre_russian_federation	center_of_hygiene_and_epidemiology_in_republic of_chechnya
A/Linkoping/62/2018	public_health_agency_of_sweden	
A/Mali/101/2018	centers_for_disease_control_and_prevention	nic_lab_cvd_mali
A/HongKong/CUHK3004/2018	chinese_university_of_hong_kong	the_chinese_university_of_hong_kong
A/Niigata/165/2019	national_institute_of_infectious_diseases_(niid)	niigata_prefectural_institute_of_public_health_and_environmental_sciences
A/Singapore/TT1154/2018	ministry_of_health,_singapore	ministry_of_health,_singapore
A/Maldives/340/2018	centers_for_disease_control_and_prevention	ministry_of_health
A/Maldives/462/2018	centers_for_disease_control_and_prevention	ministry_of_health
A/Madagascar/889/2019	centers_for_disease_control_and_prevention	institut_pasteur_de_madagascar
A/SouthAustralia/184/2018	who_collaborating_centre_for_reference_and_research_on_influenza	institute_of_medical_and_veterinary_science_(imvs)
A/Maldives/925/2018	centers_for_disease_control_and_prevention	ministry_of_health
A/Maldives/810/2018	centers_for_disease_control_and_prevention	ministry_of_health
A/Maldives/657/2018	centers_for_disease_control_and_prevention	ministry_of_health
A/Norway/3275/2018-egg	centers_for_disease_control_and_prevention	who_national_influenza_centre
A/Norway/3275/2018	centers_for_disease_control_and_prevention	who_national_influenza_centre
A/Desnogorsk/RII-4178S/2019	who_national_influenza_centre_russian_federation	center_of_hygiene_and_epidemiology_in_smolensk_oblast
A/Zhejiang-NH/1285/2019	zhejiang_provincial_center_for_disease_control_and_prevention	jiaxing_center_for_disease_control_and_prevention
A/Vietnam/236/2018	centers_for_disease_control_and_prevention	national_institute_of_hygiene_and_epidemiology
A/Chongqing-Yuzhong/11841/2018	centers_for_disease_control_and_prevention	who_chinese_national_influenza_center
A/Victoria/2123/2018	who_collaborating_centre_for_reference_and_research_on_influenza	alfred_hospital
A/Victoria/743/2018	who_collaborating_centre_for_reference_and_research_on_influenza	monash_medical_centre
A/HongKong/CUHK3033/2019	chinese_university_of_hong_kong	the_chinese_university_of_hong_kong
A/HongKong/CUHK3015/2018	chinese_university_of_hong_kong	the_chinese_university_of_hong_kong
A/Bangkok/343/2018	centers_for_disease_control_and_prevention	who_national_influenza_centre,_national_institute_of_medical_research_(nimr)
A/Jiangsu-wuxi/128/2020	wuxi_center_for_disease_control_and_prevention	wuxi_center_for_disease_control_and_prevention
A/Vologda/RII-1090S/2020	who_national_influenza_centre_russian_federation	center_of_hygiene_and_epidemiology_in_vologda_oblast
A/Jiangsu-wuxi/152/2020	wuxi_center_for_disease_control_and_prevention	wuxi_center_for_disease_control_and_prevention
A/Vietnam/211/2018	centers_for_disease_control_and_prevention	national_institute_of_hygiene_and_epidemiology
A/Lao/2423/2019	centers_for_disease_control_and_prevention	national_center_for_laboratory_and_epidemiology
A/Ishikawa/1/2020	national_institute_of_infectious_diseases_(niid)	ishikawa_prefectural_institute_of_public_health_and_environmental_science
A/Bolivia/436/2020	centers_for_disease_control_and_prevention	instituto_nacional_de_laboratoriosde_salud_(inlasa)
A/Vietnam/208/2018	centers_for_disease_control_and_prevention	national_institute_of_hygiene_and_epidemiology
A/Brisbane/146/2018	who_collaborating_centre_for_reference_and_research_on_influenza	queensland_health_scientific_services
A/Singapore/GP0074/2019	ministry_of_health,_singapore	ministry_of_health,_singapore
A/Victoria/2120/2018	who_collaborating_centre_for_reference_and_research_on_influenza	alfred_hospital
A/AbuDhabi/54/2019	centers_for_disease_control_and_prevention	shaikh_khalifa_medical_city
A/Newcastle/82/2018-egg	centers_for_disease_control_and_prevention	john_hunter_hospital
A/Newcastle/82/2018	centers_for_disease_control_and_prevention	john_hunter_hospital
A/England/200120924/2019	microbiology_services_colindale,_public_health_england	microbiology_services_colindale,_public_health_england
A/Sydney/1084/2019	who_collaborating_centre_for_reference_and_research_on_influenza	institute_of_medical_and_veterinary_science_(imvs)
A/Darwin/419/2019	who_collaborating_centre_for_reference_and_research_on_influenza	influenza_surveillance_centre_for_disease_control
A/Sapporo/61/2019	national_institute_of_infectious_diseases_(niid)	sapporo_city_institute_of_public_health
A/Perth/1055/2019	who_collaborating_centre_for_reference_and_research_on_influenza	institute_of_medical_and_veterinary_science_(imvs)
A/Galve/4/2019	public_health_agency_of_sweden	
A/Vietnam/Lisn18336/2018	centers_for_disease_control_and_prevention	pasteur_institute,_influenza_laboratory
A/Netherlands/10247/2019	national_institute_for_public_health_and_the_environment_(rivm)	national_institute_for_public_health_and_the_environment_(rivm)
A/Lulea/1/2020	public_health_agency_of_sweden	laboratoriemedicin,_mikrobiologiska_laboratoriet,_sunderby_sjukhus_lulea
A/Florida/6/2020	centers_for_disease_control_and_prevention	florida_department_of_health_tampa
A/Nagano/2598/2019	national_institute_of_infectious_diseases_(niid)	nagano_environmental_conservation_research_institute
A/Nagano/2599/2019	national_institute_of_infectious_diseases_(niid)	nagano_environmental_conservation_research_institute
A/Bangor/4641/2019	public_health_wales_microbiology_cardiff	public_health_wales_microbiology_cardiff
A/PaysDeLoire/1661/2020	institut_pasteur	institut_pasteur
A/Sydney/1107/2019	who_collaborating_centre_for_reference_and_research_on_influenza	institute_of_medical_and_veterinary_science_(imvs)
A/SosnovyiBor/RII-1864S/2019	who_national_influenza_centre_russian_federation	research_institute_of_influenza,_ministry_of_healthcare_of_the_russian_federation
A/Denmark/263/2020	statens_serum_institute	statens_serum_institute
A/HongKong/CUHK3111/2019	chinese_university_of_hong_kong	the_chinese_university_of_hong_kong
A/Lao/F0453/2020	national_institute_of_infectious_diseases_(niid)	national_center_for_laboratory_and_epidemiology
A/Darwin/423/2019	who_collaborating_centre_for_reference_and_research_on_influenza	influenza_surveillance_centre_for_disease_control
A/Delaware/1/2020	centers_for_disease_control_and_prevention	delaware_public_health_lab
A/StPetersburg/RII-173/2019	who_national_influenza_centre_russian_federation	research_institute_of_influenza,_ministry_of_healthcare_of_the_russian_federation
A/Perth/1102/2019	who_collaborating_centre_for_reference_and_research_on_influenza	institute_of_medical_and_veterinary_science_(imvs)
A/SouthAustralia/1108/2019	who_collaborating_centre_for_reference_and_research_on_influenza	institute_of_medical_and_veterinary_science_(imvs)
A/SouthAustralia/1020/2019	who_collaborating_centre_for_reference_and_research_on_influenza	institute_of_medical_and_veterinary_science_(imvs)
A/Victoria/1014/2019	who_collaborating_centre_for_reference_and_research_on_influenza	institute_of_medical_and_veterinary_science_(imvs)
A/SouthAustralia/255/2019	who_collaborating_centre_for_reference_and_research_on_influenza	institute_of_medical_and_veterinary_science_(imvs)
A/Groznyi/RII-2749S/2019	who_national_influenza_centre_russian_federation	center_of_hygiene_and_epidemiology_in_republic of_chechnya
A/Novosibirsk/RII-4973S/2019	who_national_influenza_centre_russian_federation	research_institute_of_experimental_and_clinical_medicine
A/Berlin/5/2020	robert_koch_institute_nationales_referenzzentrum_f?r_influenza	robert_koch_institute_nationales_referenzzentrum_für_influenza
A/England/200181193/2020	microbiology_services_colindale,_public_health_england	microbiology_services_colindale,_public_health_england
A/StPetersburg/RII-3587S/2020	who_national_influenza_centre_russian_federation	research_institute_of_influenza,_ministry_of_healthcare_of_the_russian_federation
A/Washington/S27456/2020		the_brotman_baty_institute_for_precision_medicine
A/Washington/S27454/2020		the_brotman_baty_institute_for_precision_medicine
A/Alagoas/552/2020	centers_for_disease_control_and_prevention	instituto_oswaldo_cruz_fiocruz___laboratory_of_respiratory_viruses_and_measles_(lvrs)
A/Pennsylvania/178/2020	centers_for_disease_control_and_prevention	children's_hospital_of_pittsburgh_upmc
A/Argentina/14818/2020	centers_for_disease_control_and_prevention	intituto_nacional_de_epidemiologia
A/England/194780654/2019	microbiology_services_colindale,_public_health_england	microbiology_services_colindale,_public_health_england
A/Sweden/91/2020	public_health_agency_of_sweden	public_health_agency_of_sweden
A/Vologda/RII-3086S/2019	who_national_influenza_centre_russian_federation	center_of_hygiene_and_epidemiology_in_vologda_oblast
A/SouthAustralia/9/2020	who_collaborating_centre_for_reference_and_research_on_influenza	institute_of_medical_and_veterinary_science_(imvs)
A/Hawaii/21/2020	centers_for_disease_control_and_prevention	state_of_hawaii_department_of_health
A/Kanagawa/IC18103/2019	national_institute_of_infectious_diseases_(niid)	national_institute_of_infectious_diseases_(niid)
A/Kanagawa/AC1868/2019	national_institute_of_infectious_diseases_(niid)	national_institute_of_infectious_diseases_(niid)
A/NordPasDeCalais/91/2020	institut_pasteur	institut_pasteur
A/Taiwan/70430/2019	centers_for_disease_control_and_prevention	adimmune_corporation
A/HongKong/CUHK3054/2019	chinese_university_of_hong_kong	the_chinese_university_of_hong_kong
A/Christchurch/515/2019-egg	centers_for_disease_control_and_prevention	canterbury_health_services
A/Victoria/2104/2019	who_collaborating_centre_for_reference_and_research_on_influenza	alfred_hospital
A/Bahia/466104/2020	laborat?rio_central_de_sa?de_publica_do_estado_da_bahia	laboratório_central_de_saúde_pública_professor_gonçalo_moniz,_lacen_ba
A/Kanagawa/ZC1805/2019	centers_for_disease_control_and_prevention	national_institute_of_infectious_diseases_(niid)
A/Kanagawa/IC1877/2019	national_institute_of_infectious_diseases_(niid)	national_institute_of_infectious_diseases_(niid)
A/Parana/1994/2020	instituto_oswaldo_cruz_fiocruz___laboratory_of_respiratory_viruses_and_measles_(lvrs)	laboratório_central_do_estado_do_paraná___lacen/pr
A/Bahia/447803/2020	laborat?rio_central_de_sa?de_publica_do_estado_da_bahia	laboratório_central_de_saúde_pública_professor_gonçalo_moniz,_lacen_ba
A/MinasGerais/12710/2020	centers_for_disease_control_and_prevention	instituto_oswaldo_cruz_fiocruz___laboratory_of_respiratory_viruses_and_measles_(lvrs)
A/RioDeJaneiro/1990/2020	centers_for_disease_control_and_prevention	instituto_oswaldo_cruz_fiocruz___laboratory_of_respiratory_viruses_and_measles_(lvrs)
A/HongKong/3059/2019	centers_for_disease_control_and_prevention	government_virus_unit
A/Kanagawa/ZC1805/2019-egg	centers_for_disease_control_and_prevention	national_institute_of_infectious_diseases_(niid)
A/Kanagawa/IC1894/2019	national_institute_of_infectious_diseases_(niid)	national_institute_of_infectious_diseases_(niid)
A/Kanagawa/IC18144/2019	national_institute_of_infectious_diseases_(niid)	national_institute_of_infectious_diseases_(niid)
A/Sydney/759/2019	who_collaborating_centre_for_reference_and_research_on_influenza	childrens_hospital_westmead
A/Nakhonphanom/378/2019	centers_for_disease_control_and_prevention	who_national_influenza_centre,_national_institute_of_medical_research_(nimr)
A/NewYork/PV03494/2019	icahn_school_of_medicine_at_mount_sinai	icahn_school_of_medicine_at_mount_sinai
A/SouthKorea/11268/2020	u.s._air_force_school_of_aerospace_medicine	u.s._air_force_school_of_aerospace_medicine_
A/SouthKorea/11275/2020	u.s._air_force_school_of_aerospace_medicine	u.s._air_force_school_of_aerospace_medicine_
A/SouthKorea/11267/2020	u.s._air_force_school_of_aerospace_medicine	u.s._air_force_school_of_aerospace_medicine_
A/Kanagawa/AC1878/2019	national_institute_of_infectious_diseases_(niid)	national_institute_of_infectious_diseases_(niid)
A/Bahia/478710/2020	laborat?rio_central_de_sa?de_publica_do_estado_da_bahia	laboratório_central_de_saúde_pública_professor_gonçalo_moniz,_lacen_ba
A/RioDeJaneiro/428/2020	centers_for_disease_control_and_prevention	instituto_oswaldo_cruz_fiocruz___laboratory_of_respiratory_viruses_and_measles_(lvrs)
A/RiodeJaneiro/406/2020	instituto_oswaldo_cruz_fiocruz___laboratory_of_respiratory_viruses_and_measles_(lvrs)	laboratório_central_de_saúde_pública_(lacen_rj)
A/RioDeJaneiro/406/2020	centers_for_disease_control_and_prevention	instituto_oswaldo_cruz_fiocruz___laboratory_of_respiratory_viruses_and_measles_(lvrs)
A/Sydney/53/2019-egg	centers_for_disease_control_and_prevention	clinical_virology_unit,_cdim
A/Berlin/9/2020	robert_koch_institute_nationales_referenzzentrum_f?r_influenza	robert_koch_institute_nationales_referenzzentrum_für_influenza
A/HongKong/CUHK3036/2019	chinese_university_of_hong_kong	the_chinese_university_of_hong_kong
A/Kanagawa/AC1829/2019	national_institute_of_infectious_diseases_(niid)	national_institute_of_infectious_diseases_(niid)
A/Wisconsin/402/2019	centers_for_disease_control_and_prevention	wisconsin_state_laboratory_of_hygiene
A/Argentina/14373/2019	centers_for_disease_control_and_prevention	cemic_university_hospital
A/HongKong/3056/2019	centers_for_disease_control_and_prevention	government_virus_unit
A/Canberra/1006/2019	who_collaborating_centre_for_reference_and_research_on_influenza	institute_of_medical_and_veterinary_science_(imvs)
A/Parana/51/2020	instituto_oswaldo_cruz_fiocruz___laboratory_of_respiratory_viruses_and_measles_(lvrs)	laboratório_central_do_estado_do_paraná___lacen/pr
A/SouthAustralia/1063/2019	who_collaborating_centre_for_reference_and_research_on_influenza	institute_of_medical_and_veterinary_science_(imvs)
A/SouthAustralia/34/2019-egg	centers_for_disease_control_and_prevention	institute_of_medical_and_veterinary_science_(imvs)
A/SouthAustralia/34/2019	centers_for_disease_control_and_prevention	institute_of_medical_and_veterinary_science_(imvs)
A/Sydney/1111/2019	who_collaborating_centre_for_reference_and_research_on_influenza	institute_of_medical_and_veterinary_science_(imvs)
A/Kanagawa/AC1826/2019	national_institute_of_infectious_diseases_(niid)	national_institute_of_infectious_diseases_(niid)
A/Lao/3185/2019	centers_for_disease_control_and_prevention	national_center_for_laboratory_and_epidemiology
A/Moscow/RII-521S/2018	who_national_influenza_centre_russian_federation	ivanovsky_research_institute_of_virology_rams
A/Belgium/G0033/2019	scientific_institute_of_public_health_(wiv_isp)	scientific_institute_of_public_health
A/Lao/3274/2019	centers_for_disease_control_and_prevention	national_center_for_laboratory_and_epidemiology
A/Victoria/2177/2019	who_collaborating_centre_for_reference_and_research_on_influenza	alfred_hospital
A/Sizyabsk/RII-4261S/2019	who_national_influenza_centre_russian_federation	"fbuz_""center_of_hygiene_and_epidemiology"""
A/SouthAfrica/R06421/2019-egg	centers_for_disease_control_and_prevention	national_institute_for_communicable_disease
A/Singapore/KK2454/2019	ministry_of_health,_singapore	ministry_of_health,_singapore
A/Lao/442/2020	centers_for_disease_control_and_prevention	national_center_for_laboratory_and_epidemiology
A/Washington/695/2019	centers_for_disease_control_and_prevention	washington_state_public_health_laboratory
A/Lao/127/2020	centers_for_disease_control_and_prevention	national_center_for_laboratory_and_epidemiology
A/Kuwait/6435/2018	centers_for_disease_control_and_prevention	public_health_laboratory,_virology_unit
A/Kuwait/6370/2018	centers_for_disease_control_and_prevention	public_health_laboratory,_virology_unit
A/AbuDhabi/133/2018	centers_for_disease_control_and_prevention	shaikh_khalifa_medical_city
A/Oman/995/2019	centers_for_disease_control_and_prevention	central_public_health_laboratory,_ministry_of_health
A/AbuDhabi/117/2018	centers_for_disease_control_and_prevention	shaikh_khalifa_medical_city
A/AbuDhabi/96/2018	centers_for_disease_control_and_prevention	shaikh_khalifa_medical_city
A/Oman/2593/2019	centers_for_disease_control_and_prevention	central_public_health_laboratory,_ministry_of_health
A/Bhutan/885/2019	centers_for_disease_control_and_prevention	royal_centre_for_disease_control
A/Norway/2279/2019-egg	centers_for_disease_control_and_prevention	who_national_influenza_centre
A/Haiti/396/2019	centers_for_disease_control_and_prevention	laboratoire_national_de_sante_publique
A/StPetersburg/RII-1931S/2020	who_national_influenza_centre_russian_federation	research_institute_of_influenza,_ministry_of_healthcare_of_the_russian_federation
A/StPetersburg/RII-2483S/2020	who_national_influenza_centre_russian_federation	research_institute_of_influenza,_ministry_of_healthcare_of_the_russian_federation
A/StPetersburg/RII-431S/2019	who_national_influenza_centre_russian_federation	research_institute_of_influenza,_ministry_of_healthcare_of_the_russian_federation
A/StPetersburg/RII-804S/2020	who_national_influenza_centre_russian_federation	research_institute_of_influenza,_ministry_of_healthcare_of_the_russian_federation
A/Pakistan/213/2019	centers_for_disease_control_and_prevention	national_institute_of_health
A/Bhutan/663/2020	centers_for_disease_control_and_prevention	royal_centre_for_disease_control
A/Bhutan/954/2020	centers_for_disease_control_and_prevention	royal_centre_for_disease_control
A/Bhutan/390/2020	centers_for_disease_control_and_prevention	royal_centre_for_disease_control
A/Luxembourg/LNS8679840/2020	laboratoire_national_de_sant?	laboratoire_national_de_santé_
A/Saitama/92/2020-egg	centers_for_disease_control_and_prevention	saitama_institute_of_public_health
A/Saitama/92/2020	centers_for_disease_control_and_prevention	saitama_institute_of_public_health
A/Luxembourg/LNS3598969/2020	laboratoire_national_de_sant?	laboratoire_national_de_santé_
A/Haiti/304/2020	centers_for_disease_control_and_prevention	laboratoire_national_de_sante_publique
A/SouthKorea/10333/2019	u.s._air_force_school_of_aerospace_medicine	u.s._air_force_school_of_aerospace_medicine_
A/Maldives/1634/2021	centers_for_disease_control_and_prevention	ministry_of_health
A/Maldives/1630/2021	centers_for_disease_control_and_prevention	ministry_of_health
A/Maldives/758/2021	centers_for_disease_control_and_prevention	ministry_of_health
A/Kenya/101/2021	centers_for_disease_control_and_prevention	cdc_kenya
A/Kenya/103/2021	centers_for_disease_control_and_prevention	cdc_kenya
A/Kenya/106/2021	centers_for_disease_control_and_prevention	cdc_kenya
A/Yokohama/187/2019	national_institute_of_infectious_diseases_(niid)	yokohama_city_institute_of_public_health.
A/Afghanistan/5113/2021	centers_for_disease_control_and_prevention	national_public_health_laboratory
A/Afghanistan/4819/2021	centers_for_disease_control_and_prevention	national_public_health_laboratory
A/Bangladesh/1010009/2020	centers_for_disease_control_and_prevention	icddr,b_international_centre_for_diarrhoeal_disease_research,_bangladesh
A/Singapore/INFKK0002/2021-egg	who_collaborating_centre_for_reference_and_research_on_influenza	ministry_of_health,_singapore
A/Singapore/INFKK0002/2021	ministry_of_health,_singapore	ministry_of_health,_singapore
A/Darwin/132/2020	who_collaborating_centre_for_reference_and_research_on_influenza	influenza_surveillance_centre_for_disease_control
A/Darwin/113/2020	who_collaborating_centre_for_reference_and_research_on_influenza	influenza_surveillance_centre_for_disease_control
A/Darwin/3/2021	who_collaborating_centre_for_reference_and_research_on_influenza	influenza_surveillance_centre_for_disease_control
A/Darwin/2/2021	who_collaborating_centre_for_reference_and_research_on_influenza	influenza_surveillance_centre_for_disease_control
A/TimorLeste/21/2021	who_collaborating_centre_for_reference_and_research_on_influenza	laboratório_nacional_da_saúde
A/VinaDelMar/42793/2024	instituto_de_salud_publica_de_chile	instituto_de_salud_publica_de_chile
A/HongKong/3048/2023	crick_worldwide_influenza_centre	government_virus_unit
A/Suriname/547/2023	centers_for_disease_control_and_prevention	central_laboratory,_bureau_of_public_health
A/Suriname/503/2023	centers_for_disease_control_and_prevention	central_laboratory,_bureau_of_public_health
A/Bangladesh/1201012021/2020	centers_for_disease_control_and_prevention	icddr,b_international_centre_for_diarrhoeal_disease_research,_bangladesh
A/Darwin/11/2021	centers_for_disease_control_and_prevention	influenza_surveillance_centre_for_disease_control
A/Darwin/9/2021-egg	national_institute_for_biological_standards_and_control_(nibsc)	victorian_infectious_diseases_reference_laboratory_
A/Darwin/12/2021	who_collaborating_centre_for_reference_and_research_on_influenza	influenza_surveillance_centre_for_disease_control
A/Germany/12970/2022	u.s._air_force_school_of_aerospace_medicine	u.s._air_force_school_of_aerospace_medicine_
A/Hyogo/3002/2022	national_institute_of_infectious_diseases_(niid)	hyogo_prefectural_institute_of_public_health_and_consumer_sciences
A/Michigan/173/2020-egg	centers_for_disease_control_and_prevention	michigan_department_of_community_health
A/Bangladesh/868/2020	centers_for_disease_control_and_prevention	institute_of_epidemiology_disease_control_and_research_(iedcr)_&_bangladesh_national_influenza_centre_(nic)
A/Moscow-GIHSN/1/2022	fsbi_nrcem_gamaleya	nic_russia,_ivanovsky_research_institute_of_virology
A/Netherlands/11041/2022	national_institute_for_public_health_and_the_environment_(rivm)	isala_ziekenhuizen
A/India/CHENNAI-ICPS-25/2021	icmr_national_institute_of_virology	icmr_national_institute_of_virology
A/Alaska/1/2021	centers_for_disease_control_and_prevention	alaska_state_virology_lab
A/Darwin/17/2021	who_collaborating_centre_for_reference_and_research_on_influenza	influenza_surveillance_centre_for_disease_control
A/Tasmania/503/2020-egg	centers_for_disease_control_and_prevention	hobart_pathology
A/Cambodia/e0826360/2020-egg	centers_for_disease_control_and_prevention	institute_pasteur_du_cambodia
A/Pennsylvania/1/2021	centers_for_disease_control_and_prevention	pennsylvania_department_of_health
A/RioGrandedoSul/26/2020	instituto_oswaldo_cruz_fiocruz___laboratory_of_respiratory_viruses_and_measles_(lvrs)	lacen/rs___laboratório_central_de_saúde_pública_do_rio_grande_do_sul
A/Bangladesh/1478/2020	centers_for_disease_control_and_prevention	institute_of_epidemiology_disease_control_and_research_(iedcr)_&_bangladesh_national_influenza_centre_(nic)
A/Finland/183/2020-egg	centers_for_disease_control_and_prevention	national_institute_for_health_and_welfare
A/Vietnam/Vnhcm-Vp238/2020	centers_for_disease_control_and_prevention	pasteur_institute,_influenza_laboratory
A/Bishkek/18/2022	crick_worldwide_influenza_centre	national_virology_laboratory,_center_microbiological_investigations
A/Abudhabi/4493/2022	sheikh_khalifa_medical_city_(skmc)	reference_laboratory_for_infectious_disease_(surveillance_lab)
A/Rencheng/1914/2023	jining_center_for_disease_control_and_prevention	_jining_center_for_disease_control_and_prevention
A/Bangladesh/3014/2020	centers_for_disease_control_and_prevention	icddr,b_international_centre_for_diarrhoeal_disease_research,_bangladesh
A/Bangladesh/2014/2020	centers_for_disease_control_and_prevention	icddr,b_international_centre_for_diarrhoeal_disease_research,_bangladesh
A/Darwin/20/2021	who_collaborating_centre_for_reference_and_research_on_influenza	influenza_surveillance_centre_for_disease_control
A/MecklenburgVorpommern/41/2022	robert_koch_institute_nationales_referenzzentrum_f?r_influenza	robert_koch_institute_nationales_referenzzentrum_für_influenza
A/Ayutthaya/NIC-P3601/2022	thai_national_influenza_center	thai_national_influenza_center
A/India/PUN-NIV298154/2021	centers_for_disease_control_and_prevention	national_institute_of_virology
A/India/2155/2021	centers_for_disease_control_and_prevention	national_institute_of_virology
A/Bangladesh/2/2020	centers_for_disease_control_and_prevention	icddr,b_international_centre_for_diarrhoeal_disease_research,_bangladesh
A/Miyagi/1/2021	national_institute_of_infectious_diseases_(niid)	miyagi_prefectural_institute_of_public_health_and_environment
A/Miyagi/2/2021	national_institute_of_infectious_diseases_(niid)	miyagi_prefectural_institute_of_public_health_and_environment
A/Bhutan/1132/2021	centers_for_disease_control_and_prevention	royal_centre_for_disease_control
A/Bhutan/1125/2021	centers_for_disease_control_and_prevention	royal_centre_for_disease_control
A/Bhutan/FLU-BTC-01151/2022	usamc_armed_forces_medical_research_institute_of_medial_sciences	usamc_afrims_department_of_virology
A/Bhutan/1128/2021	centers_for_disease_control_and_prevention	royal_centre_for_disease_control
A/Bhutan/437/2022	centers_for_disease_control_and_prevention	royal_centre_for_disease_control
A/Bhutan/1121/2021	centers_for_disease_control_and_prevention	royal_centre_for_disease_control
A/Bangladesh/3201003001/2020	centers_for_disease_control_and_prevention	icddr,b_international_centre_for_diarrhoeal_disease_research,_bangladesh
A/Cambodia/713/2020	centers_for_disease_control_and_prevention	national_public_health_laboratory
A/Cambodia/727/2020	centers_for_disease_control_and_prevention	national_public_health_laboratory
A/Cambodia/709/2020	centers_for_disease_control_and_prevention	national_public_health_laboratory
A/KhantyMansia/191-a15V/2021	state_research_center_of_virology_and_biotechnology_(vector)	fbuz_gygiene_and_epidemiology_centre_khanty_mansi_autonomous_okrug_yugra_
A/StPetersburg/RII-57/2021	centers_for_disease_control_and_prevention	research_institute_of_influenza,_ministry_of_healthcare_of_the_russian_federation
A/Afghanistan/5117/2021	centers_for_disease_control_and_prevention	national_public_health_laboratory
A/Darwin/36/2021-egg	centers_for_disease_control_and_prevention	royal_darwin_hospital
A/Darwin/36/2021	who_collaborating_centre_for_reference_and_research_on_influenza	royal_darwin_hospital
A/Bhutan/1/2022	centers_for_disease_control_and_prevention	royal_centre_for_disease_control
A/Bhutan/1334/2022	centers_for_disease_control_and_prevention	royal_centre_for_disease_control
A/Bhutan/1/2023	centers_for_disease_control_and_prevention	royal_centre_for_disease_control
A/Bhutan/7/2023	centers_for_disease_control_and_prevention	royal_centre_for_disease_control
A/Darwin/24/2021	who_collaborating_centre_for_reference_and_research_on_influenza	influenza_surveillance_centre_for_disease_control
A/Myanmar/21M004/2021	niigata_university_(dph)	niigata_university_(idrc)
A/Darwin/23/2021	who_collaborating_centre_for_reference_and_research_on_influenza	influenza_surveillance_centre_for_disease_control
A/Darwin/17/2021-egg	who_collaborating_centre_for_reference_and_research_on_influenza	influenza_surveillance_centre_for_disease_control
A/Myanmar/21M007/2021	niigata_university_(dph)	niigata_university_(idrc)
A/Myanmar/21M144/2021	niigata_university_(dph)	niigata_university_(idrc)
A/NewYork/RVTN700401001/2022	university_of_michigan	university_of_michigan_clinical_microbiology_laboratory
A/Puebla/IBT_IMSS_01116840LCE/2022	instituto_de_biotecnologia,_unam	instituto_mexicano_del_seguro_social_(imss)
A/Bangladesh/1451/2020	centers_for_disease_control_and_prevention	institute_of_epidemiology_disease_control_and_research_(iedcr)_&_bangladesh_national_influenza_centre_(nic)
A/Berlin/3/2021	robert_koch_institute_nationales_referenzzentrum_f?r_influenza	robert_koch_institute_nationales_referenzzentrum_für_influenza
A/Papeete/51874/2021	institut_pasteur	institut_pasteur
A/Netherlands/10005/2021	crick_worldwide_influenza_centre	national_institute_for_public_health_and_the_environment_(rivm)
A/DistritoFederal/22141352/2023	secretaria_de_saude_do_distrito_federal	laboratório_central_de_saúde_pública_do_distrito_federal
A/Victoria/864/2022	who_collaborating_centre_for_reference_and_research_on_influenza	monash_medical_centre
A/Victoria/17/2021	who_collaborating_centre_for_reference_and_research_on_influenza	alfred_hospital
A/Sydney/23/2021	who_collaborating_centre_for_reference_and_research_on_influenza	clinical_virology_unit,_cdim
A/Sydney/22/2021	who_collaborating_centre_for_reference_and_research_on_influenza	clinical_virology_unit,_cdim
A/Guatemala/103005/2021	fundación_para_la_salud_integral_de_los_guatemaltecos	fundación_para_la_salud_integral_de_los_guatemaltecos_(funsalud)
A/Florida/2/2021	centers_for_disease_control_and_prevention	florida_department_of_health_tampa
A/Florida/4/2021-egg	centers_for_disease_control_and_prevention	florida_department_of_health_jacksonville
A/Florida/2/2021-egg	centers_for_disease_control_and_prevention	florida_department_of_health_tampa
A/Denmark/10/2021	statens_serum_institute	statens_serum_institute
A/Lisbon/1/2021	instituto_nacional_de_sa?de_dr._ricardo_jorge	instituto_nacional_de_saúde_dr._ricardo_jorge
A/England/214360698/2021	uk_health_security_agency___colindale	uk_health_security_agency___colindale
A/Catalonia/NSVH88407/2021	hospital_universitari_vall_d'hebron	hospital_universitari_vall_d'hebron
A/Norway/24873/2021	crick_worldwide_influenza_centre	norwegian_institute_of_public_health
A/California/64/2021	centers_for_disease_control_and_prevention	california_department_of_health_services
A/Iquitos/FPI20221/2021	naval_medical_research_unit_6_(namru_6)	naval_medical_research_unit_6_(namru_6)
A/Norway/24873/2021-egg	centers_for_disease_control_and_prevention	norwegian_institute_of_public_health
A/Catalonia/NSVH198228875/2021	hospital_universitari_vall_d'hebron	hospital_universitari_sant_joan_de_reus
A/England/214300981/2021	uk_health_security_agency___colindale	uk_health_security_agency___colindale
A/England/214880490/2021	uk_health_security_agency___colindale	uk_health_security_agency___colindale
A/Honduras/9236/2021	centers_for_disease_control_and_prevention	laboratorio_nacional_de_virologia
A/Netherlands/10002/2021	crick_worldwide_influenza_centre	national_institute_for_public_health_and_the_environment_(rivm)
A/Lao/F1040/2021	national_institute_of_infectious_diseases_(niid)	national_center_for_laboratory_and_epidemiology
A/Lao/F1384/2021	national_institute_of_infectious_diseases_(niid)	national_center_for_laboratory_and_epidemiology
A/Lao/766/2021	centers_for_disease_control_and_prevention	national_center_for_laboratory_and_epidemiology
A/Lao/1424/2021	centers_for_disease_control_and_prevention	national_center_for_laboratory_and_epidemiology
A/Lao/1749/2020	centers_for_disease_control_and_prevention	national_center_for_laboratory_and_epidemiology
A/Lao/1744/2020	centers_for_disease_control_and_prevention	national_center_for_laboratory_and_epidemiology
A/Lao/F0971/2021	national_institute_of_infectious_diseases_(niid)	national_center_for_laboratory_and_epidemiology
A/Lao/819-0112/2021	moru_tropical_health_network	lao_oxford_mahosot_wellcome_trust_research_unit_(lomwru)
A/Lao/1746/2020	centers_for_disease_control_and_prevention	national_center_for_laboratory_and_epidemiology
A/Lao/1747/2020	centers_for_disease_control_and_prevention	national_center_for_laboratory_and_epidemiology
A/Lao/F1221/2021	national_institute_of_infectious_diseases_(niid)	national_center_for_laboratory_and_epidemiology
A/Lao/941/2021	centers_for_disease_control_and_prevention	national_center_for_laboratory_and_epidemiology
A/Philippines/16/2021	who_collaborating_centre_for_reference_and_research_on_influenza	research_institute_of_tropical_medicine
A/StPetersburg/RII-4485S/2021	who_national_influenza_centre_russian_federation	research_institute_of_influenza,_ministry_of_healthcare_of_the_russian_federation
A/Kaliningrad/RII-05/2021	crick_worldwide_influenza_centre	who_national_influenza_centre_russian_federation
A/India/Del-IGSQ718/2019	icmr_national_institute_of_virology	icmr_national_institute_of_virology
A/Maine/31/2019	centers_for_disease_control_and_prevention	maine_health_and_environmental_testing_laboratory
A/India/PUN-NIV312063/2021	centers_for_disease_control_and_prevention	national_institute_of_virology
A/Cambodia/E0826360/2020	centers_for_disease_control_and_prevention	who_collaborating_centre_for_reference_and_research_on_influenza
A/Cambodia/E0826360/2020-egg	centers_for_disease_control_and_prevention	who_collaborating_centre_for_reference_and_research_on_influenza
A/Washington/S27465/2020		the_brotman_baty_institute_for_precision_medicine
A/Thailand/10/2021	centers_for_disease_control_and_prevention	who_national_influenza_centre,_national_institute_of_medical_research_(nimr)
A/Thailand/3/2021	centers_for_disease_control_and_prevention	who_national_influenza_centre,_national_institute_of_medical_research_(nimr)
A/Nepal/NPWR-05637/2021	national_institute_of_infectious_diseases_(niid)	national_public_health_laboratory
A/Darwin/53/2021	who_collaborating_centre_for_reference_and_research_on_influenza	royal_darwin_hospital
A/Mozambique/3650/2022	centers_for_disease_control_and_prevention	laboratório_de_isolamento_viral
A/SouthAfrica/R3557/2022	national_institute_for_communicable_diseases_(nicd)	national_institute_for_communicable_diseases_(nicd)
A/Darwin/6/2021-egg	centers_for_disease_control_and_prevention	who_collaborating_centre_for_reference_and_research_on_influenza
A/Darwin/6/2021	centers_for_disease_control_and_prevention	who_collaborating_centre_for_reference_and_research_on_influenza
A/Singapore/KK0032/2022	ministry_of_health,_singapore	ministry_of_health,_singapore
A/Singapore/KK0002/2022	ministry_of_health,_singapore	ministry_of_health,_singapore
A/Singapore/KK0024/2022	ministry_of_health,_singapore	ministry_of_health,_singapore
A/Bangladesh/1451/2021	centers_for_disease_control_and_prevention	institute_of_epidemiology_disease_control_and_research_(iedcr)_&_bangladesh_national_influenza_centre_(nic)
A/Madagascar/4809/2021	centers_for_disease_control_and_prevention	institut_pasteur_de_madagascar
A/Madagascar/3263/2021	centers_for_disease_control_and_prevention	institut_pasteur_de_madagascar
A/Mahajanga/13264/2021	crick_worldwide_influenza_centre	institut_pasteur_de_madagascar
A/StPetersburg/RII-MH154162S/2023	who_national_influenza_centre_russian_federation	research_institute_of_influenza,_ministry_of_healthcare_of_the_russian_federation
A/ChiangRai/P3770/2022	thai_national_influenza_center	thai_national_influenza_center
A/Niger/10322/2022	centers_for_disease_control_and_prevention	centre_de_recherche_medicale_et_sanitaire_(cermes)
A/Guyane/434/2023	centers_for_disease_control_and_prevention	national_influenza_center_french_guiana_and_french_indies
A/Auckland/61/2023	centers_for_disease_control_and_prevention	institute_of_environmental_science_&_research
A/Lisbon/128/2024	national_institute_for_health_dr._ricardo_jorge	national_institute_of_health_dr._ricardo_jorge,_infectious_diseases_department,_national_influenza_reference_laboratory
A/Thailand/8/2022-egg	national_institute_for_biological_standards_and_control_(nibsc)	victoria_infectious_diseases_reference_laboratory
A/Brisbane/837/2022-egg	centers_for_disease_control_and_prevention	csl_ltd
A/Brisbane/837/2022	who_collaborating_centre_for_reference_and_research_on_influenza	csl_ltd
A/Singapore/MOH0058/2022	ministry_of_health,_singapore	ministry_of_health,_singapore
A/Singapore/GP6627/2022	ministry_of_health,_singapore	ministry_of_health,_singapore
A/Bangkok/P4457/2022	thai_national_influenza_center	thai_national_influenza_center
A/Darwin/2472/2022-egg	centers_for_disease_control_and_prevention	royal_darwin_hospital
A/Dakar/1006/2022	institut_pasteur_de_dakar	institut_pasteur_de_dakar
A/Switzerland/28412/2023	swiss_national_reference_centre_for_influenza	swiss_national_reference_centre_for_influenza
A/India/6529/2023	centers_for_disease_control_and_prevention	national_institute_of_virology
A/SouthSudan/650/2023	crick_worldwide_influenza_centre	national_public_health_laboratory
A/Albania/289813/2022	crick_worldwide_influenza_centre	institute_of_public_health
A/Albania/290270/2022-egg	centers_for_disease_control_and_prevention	institute_of_public_health
A/Peru/LIM-INS-010/2024	instituto_nacional_de_salud_peru	laboratorio_de_referencia_nacional_virus_respiratorios,_instituto_nacional_de_salud
A/Albania/290243/2022-egg	centers_for_disease_control_and_prevention	institute_of_public_health
A/Albania/289813/2022-egg	centers_for_disease_control_and_prevention	institute_of_public_health
A/Albania/290270/2022	crick_worldwide_influenza_centre	institute_of_public_health
A/Canberra/290/2023	who_collaborating_centre_for_reference_and_research_on_influenza	canberra_hospital
A/Chipata/14-NIC-003/2023	national_influenza_center,_zambia	university_teaching_hospital,_moh_zambia
A/Nepal/S421/2023	national_institute_of_infectious_diseases_(niid)	national_public_health_laboratory
A/SouthAustralia/317/2023	who_collaborating_centre_for_reference_and_research_on_influenza	institute_of_medical_and_veterinary_science_(imvs)
A/Zhejiang-NH/11305/2023	zhejiang_provincial_center_for_disease_control_and_prevention	jiaxing_cdc
A/Singapore/KK0739/2023	ministry_of_health,_singapore	ministry_of_health,_singapore
A/SouthAustralia/48/2023	centers_for_disease_control_and_prevention	institute_of_medical_and_veterinary_science_(imvs)
A/Bangkok/NIC-P2994/2022	thai_national_influenza_center	thai_national_influenza_center
A/Taiwan/60005/2022	national_institute_of_infectious_diseases_(niid)	center_for_disease_control
A/Singapore/NTF0021/2022	ministry_of_health,_singapore	ministry_of_health,_singapore
A/Mie/2/2022	national_institute_of_infectious_diseases_(niid)	mie_prefecture_health_and_environment_research_institute
A/Missouri/92/2024	centers_for_disease_control_and_prevention	dr._stacey_house
A/India/Pun-NIVCOV2223179/2022	icmr_national_institute_of_virology	icmr_national_institute_of_virology
A/Darwin/2472/2022	who_collaborating_centre_for_reference_and_research_on_influenza	royal_darwin_hospital
A/Rencheng/1902/2023	jining_center_for_disease_control_and_prevention	_jining_center_for_disease_control_and_prevention
A/Sichuan-Gaoxin/1144/2023	centers_for_disease_control_and_prevention	who_chinese_national_influenza_center
A/Sichuan-Gaoxin/1144/2023-egg	centers_for_disease_control_and_prevention	who_chinese_national_influenza_center
A/Abudhabi/9295/2022	sheikh_khalifa_medical_city_(skmc)	reference_laboratory_for_infectious_disease_(surveillance_lab)
A/Sichuan-Jianyang/35/2023-egg	centers_for_disease_control_and_prevention	who_chinese_national_influenza_center
A/Zhejiang-NH/1387/2023	zhejiang_provincial_center_for_disease_control_and_prevention	jiaxing_center_for_disease_control_and_prevention
A/Shanxi-Taiyuan/102/2023	taiyuan_center_for_disease_control_and_prevention	taiyuan_center_for_disease_control_and_prevention
A/Rencheng/1893/2023	jining_center_for_disease_control_and_prevention	_jining_center_for_disease_control_and_prevention
A/Rencheng/1623/2023	jining_center_for_disease_control_and_prevention	_jining_center_for_disease_control_and_prevention
A/Shanxi-Taiyuan/98/2023	taiyuan_center_for_disease_control_and_prevention	taiyuan_center_for_disease_control_and_prevention
A/Neimenggu-Linhe/1145/2023-egg	centers_for_disease_control_and_prevention	who_chinese_national_influenza_center
A/Dowlais/7299/2022	public_health_wales_microbiology_cardiff	public_health_wales_microbiology_cardiff
A/AbuDhabi/1752695/2022	centers_for_disease_control_and_prevention	shaikh_khalifa_medical_city
A/India/Del-IGSQ518/2023	icmr_national_institute_of_virology	icmr_national_institute_of_virology
A/Algeria/Tebessa/4401	institut_pasteur_d'algerie	institut_pasteur_d'algerie
A/Brandenburg/15/2022-egg	centers_for_disease_control_and_prevention	crick_worldwide_influenza_centre
A/Abudhabi/1815/2022	sheikh_khalifa_medical_city_(skmc)	reference_laboratory_for_infectious_disease_(surveillance_lab)
A/Bangkok/NIC-P3574/2022	thai_national_influenza_center	thai_national_influenza_center
A/Abudhabi/4433/2022	sheikh_khalifa_medical_city_(skmc)	reference_laboratory_for_infectious_disease_(surveillance_lab)
A/Brandenburg/15/2022	robert_koch_institute_nationales_referenzzentrum_f?r_influenza	crick_worldwide_influenza_centre
A/Ashgabat/198S/2022	public_health_and_nutrition_center	public_health_and_nutrition_center
A/California/122/2022-egg	ns	seasonal_h3n2
A/California/122/2022	centers_for_disease_control_and_prevention	centers_for_disease_control_and_prevention
A/NakhonPhanom/P712/2023	thai_national_influenza_center	thai_national_influenza_center
A/Cambodia/g0824376/2022	who_collaborating_centre_for_reference_and_research_on_influenza	institute_pasteur_du_cambodia
A/Cambodia/22100654/2022	national_institute_of_public_health	national_institute_of_public_health
A/Canberra/282/2023	who_collaborating_centre_for_reference_and_research_on_influenza	canberra_hospital
A/Nagano/2417/2023	national_institute_of_infectious_diseases_(niid)	nagano_environmental_conservation_research_institute
A/Kanagawa/IC2311/2023	centers_for_disease_control_and_prevention	national_institute_of_infectious_diseases_(niid)
A/BritishColumbia/PHL-1275/2023	public_health_agency_of_canada	b.c._centre_for_disease_control
A/Nagano-C/22/2024	national_institute_of_infectious_diseases_(niid)	nagano_city_health_center
A/Wellington/57/2023	centers_for_disease_control_and_prevention	institute_of_environmental_science_&_research
A/Singapore/KK2400/2023	ministry_of_health,_singapore	ministry_of_health,_singapore
A/Aichi/193/2023	national_institute_of_infectious_diseases_(niid)	aichi_prefectural_institute_of_public_health
A/Auckland/76/2023	centers_for_disease_control_and_prevention	institute_of_environmental_science_&_research
A/NelsonMarlborough/6/2023	centers_for_disease_control_and_prevention	institute_of_environmental_science_&_research
A/Yokohama/186/2023	national_institute_of_infectious_diseases_(niid)	yokohama_city_institute_of_public_health.
A/Vladivostok/RII-1/2023	who_national_influenza_centre_russian_federation	who_national_influenza_centre_russian_federation
A/HongKong/3020/2023	centers_for_disease_control_and_prevention	government_virus_unit
A/Canarias/1312/2024	instituto_de_salud_carlos_iii	servicio_de_microbiología_hospital_universitario_de_gran_canaria_doctor_negrín
A/Spain/459/2023	crick_worldwide_influenza_centre	universidad_de_valladolid
A/Ranong/D592/2024	thai_national_influenza_center	thai_national_influenza_center
A/NelsonMarlborough/5/2023	centers_for_disease_control_and_prevention	institute_of_environmental_science_&_research
A/HongKong/VC24000936/2024	hong_kong_department_of_health_,_public_health_laboratory_services_branch	hong_kong_department_of_health
A/HongKong/ST220943/2023		university_of_hong_kong,_school_of_public_health,_who_collaborating_centre_for_infectious_disease_epidemiology_and_control
A/Vladivostok/RII-1/2023-egg	who_national_influenza_centre_russian_federation	who_national_influenza_centre_russian_federation
A/Shanghai-Putuo/1727/2023	centers_for_disease_control_and_prevention	who_chinese_national_influenza_center
A/Galicia/21422299010/2023	servicio_galego_de_saude	complexo_hospitalario_universitario_de_vigo
A/Kanagawa/IC2353/2024	national_institute_of_infectious_diseases_(niid)	national_institute_of_infectious_diseases_(niid)
A/CostaRica/INC-1020-826816/2024	inciensa,_investigación_y_enseñanza_en_nutrición_y_salud	sección_de_diagnóstico_molecular,_hospital_clínica_bíblica
A/HongKong/20/2022	centers_for_disease_control_and_prevention	government_virus_unit
A/AbuDhabi/4299563/2022	centers_for_disease_control_and_prevention	shaikh_khalifa_medical_city
A/Victoria/2665/2023	who_collaborating_centre_for_reference_and_research_on_influenza	austin_health
A/Ayutthaya/NIC-P2509/2022	thai_national_influenza_center	thai_national_influenza_center
A/Hiroshima/11/2024	national_institute_of_infectious_diseases_(niid)	center_for_public_health_and_environment,_hiroshima_prefectural_technology_research_institute
A/NakhonPhanom/P4139/2022	thai_national_influenza_center	thai_national_influenza_center
A/Mie/5/2023	national_institute_of_infectious_diseases_(niid)	mie_prefecture_health_and_environment_research_institute
A/Delaware/DE-DHSS-413/2024	delaware_public_health_laboratory	delaware_public_health_lab
A/Japan/14341/2023	u.s._air_force_school_of_aerospace_medicine	u.s._air_force_school_of_aerospace_medicine_
A/Bangladesh/1012/2024	centers_for_disease_control_and_prevention	icddr,b_international_centre_for_diarrhoeal_disease_research,_bangladesh
A/HongKong/1538/2023	crick_worldwide_influenza_centre	government_virus_unit
A/Abudhabi/3747/2024	sheikh_khalifa_medical_city_(skmc)	reference_laboratory_for_infectious_disease_(surveillance_lab)
A/Shanghai-Putuo/1727/2023-egg	centers_for_disease_control_and_prevention	who_chinese_national_influenza_center
A/Fiji/282/2023	who_collaborating_centre_for_reference_and_research_on_influenza	national_centre_for_scientific_services_for_virology__and_vector_borne_diseases
A/CastillaLaMancha/240416/2023	instituto_de_salud_carlos_iii	instituto_de_salud_carlos_iii
A/Tasmania/503/2020	centers_for_disease_control_and_prevention	hobart_pathology
A/Vietnam/Vnhcm-Gs507/2020	centers_for_disease_control_and_prevention	pasteur_institute,_influenza_laboratory
A/Darwin/22/2021	who_collaborating_centre_for_reference_and_research_on_influenza	influenza_surveillance_centre_for_disease_control
A/Bahrain/9339/2021	centers_for_disease_control_and_prevention	ministry_of_health_bahrain
A/Singapore/INFTT0001/2021	ministry_of_health,_singapore	ministry_of_health,_singapore
A/Delaware/1/2021	centers_for_disease_control_and_prevention	delaware_public_health_lab
A/Alaska/1/2021-egg	centers_for_disease_control_and_prevention	alaska_state_virology_lab
A/Delaware/1/2021-egg	centers_for_disease_control_and_prevention	delaware_public_health_lab
A/Darwin/37/2021	who_collaborating_centre_for_reference_and_research_on_influenza	royal_darwin_hospital
A/Darwin/42/2021	who_collaborating_centre_for_reference_and_research_on_influenza	royal_darwin_hospital
A/Cambodia/1180/2020	centers_for_disease_control_and_prevention	national_public_health_laboratory
A/Cambodia/1189/2020	centers_for_disease_control_and_prevention	national_public_health_laboratory
A/Cambodia/3648/2020	centers_for_disease_control_and_prevention	national_public_health_laboratory
A/Darwin/29/2021	who_collaborating_centre_for_reference_and_research_on_influenza	royal_darwin_hospital
A/India/2167/2021	centers_for_disease_control_and_prevention	national_institute_of_virology
A/India/1492/2021	centers_for_disease_control_and_prevention	national_institute_of_virology
A/Bahrain/6396/2021	centers_for_disease_control_and_prevention	ministry_of_health_bahrain
A/Darwin/24/2021-egg	centers_for_disease_control_and_prevention	influenza_surveillance_centre_for_disease_control
A/Darwin/22/2021-egg	centers_for_disease_control_and_prevention	influenza_surveillance_centre_for_disease_control
A/Zhejiang-NH/1715/2022	zhejiang_provincial_center_for_disease_control_and_prevention	jiaxing_center_for_disease_control_and_prevention
A/HongKong/10/2022	centers_for_disease_control_and_prevention	government_virus_unit
A/Guangdong-Zhongshan/1443/2022	centers_for_disease_control_and_prevention	who_chinese_national_influenza_center
A/Guizhou-Liuzhite/326/2022	centers_for_disease_control_and_prevention	who_chinese_national_influenza_center
A/Guangzhou/86/2022	the_university_of_hong_kong	the_first_affiliated_hospital_of_guangzhou_medical_university
A/Zhejiang-NH/318/2022	zhejiang_provincial_center_for_disease_control_and_prevention	jiaxing_center_for_disease_control_and_prevention
A/Zhejiang-NH/1828/2022	zhejiang_provincial_center_for_disease_control_and_prevention	jiaxing_cdc
A/Rencheng/1992/2022	jining_center_for_disease_control_and_prevention	_jining_center_for_disease_control_and_prevention
A/Rencheng/1961/2022	jining_center_for_disease_control_and_prevention	_jining_center_for_disease_control_and_prevention
A/Sichuan-Fucheng/11625/2022-egg	who_collaborating_centre_for_reference_and_research_on_influenza	who_chinese_national_influenza_center
A/Zhejiang-Gongshu/1920/2022-egg	centers_for_disease_control_and_prevention	who_chinese_national_influenza_center
A/Rencheng/11051/2022	jining_center_for_disease_control_and_prevention	_jining_center_for_disease_control_and_prevention
A/Rencheng/11040/2022	jining_center_for_disease_control_and_prevention	_jining_center_for_disease_control_and_prevention
A/Zhejiang-NH/11281/2022	zhejiang_provincial_center_for_disease_control_and_prevention	jiaxing_cdc
A/Zhejiang-NH/11088/2022	zhejiang_provincial_center_for_disease_control_and_prevention	jiaxing_center_for_disease_control_and_prevention
A/Jiangsu-wuxi/858/2022	wuxi_center_for_disease_control_and_prevention	wuxi_center_for_disease_control_and_prevention
A/Jiangsu-wuxi/829/2022	wuxi_center_for_disease_control_and_prevention	wuxi_center_for_disease_control_and_prevention
A/Jiangsu-wuxi/779/2022	wuxi_center_for_disease_control_and_prevention	wuxi_center_for_disease_control_and_prevention
A/Jiangsu-wuxi/724/2022	wuxi_center_for_disease_control_and_prevention	wuxi_center_for_disease_control_and_prevention
A/Bangladesh/1157/2020	centers_for_disease_control_and_prevention	institute_of_epidemiology_disease_control_and_research_(iedcr)_&_bangladesh_national_influenza_centre_(nic)
A/Kenya/GIHSN-HCL022161296901/2021	maladies_infectieuses,_hospices_civils_de_lyon	kenya_medical_research_institute
A/Cambodia/719/2020	centers_for_disease_control_and_prevention	national_public_health_laboratory
A/Bangladesh/1922/2020	centers_for_disease_control_and_prevention	institute_of_epidemiology_disease_control_and_research_(iedcr)_&_bangladesh_national_influenza_centre_(nic)
A/Bangladesh/2009/2020	centers_for_disease_control_and_prevention	icddr,b_international_centre_for_diarrhoeal_disease_research,_bangladesh
A/Philippines/14/2021	who_collaborating_centre_for_reference_and_research_on_influenza	research_institute_of_tropical_medicine
A/Norway/16606/2021-egg	centers_for_disease_control_and_prevention	who_national_influenza_centre
A/Shimane/2/2022	national_institute_of_infectious_diseases_(niid)	shimane_prefectural_institute_of_public_health_and_environmental_science
A/Philippines/24/2021	who_collaborating_centre_for_reference_and_research_on_influenza	research_institute_of_tropical_medicine
A/Bangladesh/10009/2020	centers_for_disease_control_and_prevention	icddr,b_international_centre_for_diarrhoeal_disease_research,_bangladesh
A/Yamagata/1/2021	centers_for_disease_control_and_prevention	yamagata_prefectural_institute_of_public_health
A/Yamagata/2/2021	national_institute_of_infectious_diseases_(niid)	yamagata_prefectural_institute_of_public_health
A/Michigan/173/2020	centers_for_disease_control_and_prevention	michigan_department_of_community_health
A/Okinawa/193/2022	national_institute_of_infectious_diseases_(niid)	okinawa_prefectural_institute_of_health_and_environment
A/Sapporo/1/2022	national_institute_of_infectious_diseases_(niid)	sapporo_city_institute_of_public_health
A/Yamaguchi/1/2022	national_institute_of_infectious_diseases_(niid)	yamaguchi_prefectural_institute_of_public_health_and_environment
A/Fukuoka/FS21/2022	national_institute_of_infectious_diseases_(niid)	fukuoka_institute_of_public_health_and_environmental_sciences
A/Hyogo/4002/2022	national_institute_of_infectious_diseases_(niid)	hyogo_prefectural_institute_of_public_health_and_consumer_sciences
A/Hyogo/4010/2022	national_institute_of_infectious_diseases_(niid)	hyogo_prefectural_institute_of_public_health_and_consumer_sciences
A/Bangladesh/2006/2020	centers_for_disease_control_and_prevention	icddr,b_international_centre_for_diarrhoeal_disease_research,_bangladesh
A/Darwin/19/2021	who_collaborating_centre_for_reference_and_research_on_influenza	influenza_surveillance_centre_for_disease_control
A/India/Del-IGSQ738/2021	icmr_national_institute_of_virology	icmr_national_institute_of_virology
A/Kyiv/412/2022	maladies_infectieuses,_hospices_civils_de_lyon	institute_of_epidemiology_and_infectious_diseases_ams_of_ukraine
A/Salekhard/RII-MH51165S/2021	who_national_influenza_centre_russian_federation	center_of_hygiene_and_epidemiology_in_yamalo_nenets_autonomous_okrug
A/StPetersburg/RII-4541S/2021	who_national_influenza_centre_russian_federation	research_institute_of_influenza,_ministry_of_healthcare_of_the_russian_federation
A/Moscow/52-14V/2021	state_research_center_of_virology_and_biotechnology_(vector)	center_of_hygiene_and_epidemiology_in_moscow
A/StPetersburg/RII-69/2021	centers_for_disease_control_and_prevention	research_institute_of_influenza,_ministry_of_healthcare_of_the_russian_federation
A/StPetersburg/RII-4315S/2021	who_national_influenza_centre_russian_federation	research_institute_of_influenza,_ministry_of_healthcare_of_the_russian_federation
A/StPetersburg/RII-23/2021	crick_worldwide_influenza_centre	who_national_influenza_centre_russian_federation
A/StPetersburg/RII-5891S/2021	who_national_influenza_centre_russian_federation	research_institute_of_influenza,_ministry_of_healthcare_of_the_russian_federation
A/Lipetsk/9-1V/2021	state_research_center_of_virology_and_biotechnology_(vector)	center_of_hygiene_and_epidemiology_in_lipetsk_region
A/Saitama/1/2021	national_institute_of_infectious_diseases_(niid)	saitama_institute_of_public_health
A/Kaliningrad/RII-MH38820S/2021	who_national_influenza_centre_russian_federation	research_institute_of_influenza,_ministry_of_healthcare_of_the_russian_federation
A/Russia/109-77V/2021	state_research_center_of_virology_and_biotechnology_(vector)	the_center_of_hygiene_and_epidemiology_in_the_republic_of_crimea_and_the_city_of_federal_significance_sevastopol
A/Denmark/110/2021	statens_serum_institute	statens_serum_institute
A/England/215281673/2021	uk_health_security_agency___colindale	uk_health_security_agency___colindale
A/Denmark/2620/2022	statens_serum_institute	statens_serum_institute
A/CastillaLaMancha/2273/2022	instituto_de_salud_carlos_iii	instituto_de_salud_carlos_iii
A/Uppsala/4/2021	public_health_agency_of_sweden	klinisk_mikrobiologi,_akademiska_sjukhuset_uppsala
A/Norrkoping/1/2021	public_health_agency_of_sweden	klinisk_mikrobiologi,_universitetssjukhuset_linkoping
A/Denmark/97/2021	statens_serum_institute	statens_serum_institute
A/Linkoping/3/2021	public_health_agency_of_sweden	klinisk_mikrobiologi,_universitetssjukhuset_linkoping
A/Tripoli/5644/2021	crick_worldwide_influenza_centre	rafic_hariri_university_hospital_4th_floor_dna/research_lab
A/Sydney/18/2021	who_collaborating_centre_for_reference_and_research_on_influenza	clinical_virology_unit,_cdim
A/Slovenia/9216/2022-egg	centers_for_disease_control_and_prevention	laboratory_for_virology,_national_institute_of_public_health
A/Netherlands/7/2021	erasmus_medical_center	erasmus_medical_center
A/Netherlands/7/2021-egg	erasmus_medical_center	erasmus_medical_center
A/CastillaLaMancha/1581/2022	instituto_de_salud_carlos_iii	instituto_de_salud_carlos_iii
A/Tunisia/2287/2022	centers_for_disease_control_and_prevention	hopital_charles_nicolle
A/Niedersachsen/3/2021	robert_koch_institute_nationales_referenzzentrum_f?r_influenza	robert_koch_institute_nationales_referenzzentrum_für_influenza
A/ChiangRai/NIC-P2400/2022	thai_national_influenza_center	thai_national_influenza_center
A/Uppsala/6/2021	public_health_agency_of_sweden	klinisk_mikrobiologi,_akademiska_sjukhuset_uppsala
A/Galicia/21825651/2022	servicio_galego_de_saude	complexo_hospitalario_universitario_de_vigo
A/Slovenia/9318/2022-egg	centers_for_disease_control_and_prevention	laboratory_for_virology,_national_institute_of_public_health
A/CastillaLaMancha/1693/2022	instituto_de_salud_carlos_iii	instituto_de_salud_carlos_iii
A/Netherlands/10163/2022	national_institute_for_public_health_and_the_environment_(rivm)	national_institute_for_public_health_and_the_environment_(rivm)
A/Denmark/2485/2022	statens_serum_institute	statens_serum_institute
A/Texas/13136/2022	u.s._air_force_school_of_aerospace_medicine	u.s._air_force_school_of_aerospace_medicine_
A/Michigan/UOM10044740473/2022	university_of_michigan	university_of_michigan_clinical_microbiology_laboratory
A/DistrictOfColumbia/14/2021	centers_for_disease_control_and_prevention	vanderbilt_university_medical_center
A/Virginia/8/2021	centers_for_disease_control_and_prevention	virginia_division_of_consolidated_laboratories
A/Yokohama/3/2021	national_institute_of_infectious_diseases_(niid)	yokohama_city_institute_of_public_health.
A/NewYork/PV42592/2021	icahn_school_of_medicine_at_mount_sinai	icahn_school_of_medicine_at_mount_sinai
A/Arizona/10/2021	centers_for_disease_control_and_prevention	arizona_department_of_health_services
A/NewYorkCity/PV42558/2021	icahn_school_of_medicine_at_mount_sinai	icahn_school_of_medicine_at_mount_sinai
A/NewYorkCity/PV42537/2021	icahn_school_of_medicine_at_mount_sinai	icahn_school_of_medicine_at_mount_sinai
A/Pennsylvania/14/2021	centers_for_disease_control_and_prevention	children's_hospital_of_pittsburgh_upmc
A/RhodeIsland/4/2021-egg	centers_for_disease_control_and_prevention	rhode_island_department_of_health
A/Michigan/UOM10042628415/2021	university_of_michigan	university_of_michigan_clinical_microbiology_laboratory
A/Iowa/7/2021-egg	centers_for_disease_control_and_prevention	iowa_state_hygienic_laboratory
A/Michigan/UOM10042569175/2021	university_of_michigan	university_of_michigan_clinical_microbiology_laboratory
A/SouthDakota/INBRE-028028/2021		
A/Maryland/12784/2022	u.s._air_force_school_of_aerospace_medicine	u.s._air_force_school_of_aerospace_medicine_
A/Maryland/12987/2022	u.s._air_force_school_of_aerospace_medicine	u.s._air_force_school_of_aerospace_medicine_
A/Fiji/16/2022	who_collaborating_centre_for_reference_and_research_on_influenza	national_centre_for_scientific_services_for_virology__and_vector_borne_diseases
A/Yokohama/2/2021	national_institute_of_infectious_diseases_(niid)	yokohama_city_institute_of_public_health.
A/Michigan/UOM10042817325/2021	university_of_michigan	university_of_michigan_clinical_microbiology_laboratory
A/Kansas/1/2021	centers_for_disease_control_and_prevention	kansas_department_of_health_and_environment
A/Michigan/15/2021	centers_for_disease_control_and_prevention	michigan_department_of_community_health
A/MexicoCity/IBT_IMSS_01120186LCE/2022	instituto_de_biotecnologia,_unam	instituto_mexicano_del_seguro_social_(imss)
A/Texas/12811/2022	u.s._air_force_school_of_aerospace_medicine	u.s._air_force_school_of_aerospace_medicine_
A/RhodeIsland/4/2021	centers_for_disease_control_and_prevention	rhode_island_department_of_health
A/Iowa/7/2021	centers_for_disease_control_and_prevention	iowa_state_hygienic_laboratory
A/Ohio/12559/2021	u.s._air_force_school_of_aerospace_medicine	u.s._air_force_school_of_aerospace_medicine_
A/Iowa/10/2021	centers_for_disease_control_and_prevention	iowa_state_hygienic_laboratory
A/Florida/4/2021	centers_for_disease_control_and_prevention	florida_department_of_health_jacksonville
A/Bangladesh/1200903008/2020	centers_for_disease_control_and_prevention	icddr,b_international_centre_for_diarrhoeal_disease_research,_bangladesh
A/Pennsylvania/1/2021-egg	centers_for_disease_control_and_prevention	pennsylvania_department_of_health
A/Darwin/21/2021	who_collaborating_centre_for_reference_and_research_on_influenza	influenza_surveillance_centre_for_disease_control
A/Cambodia/IAHC230236/2023	national_institute_of_public_health	national_institute_of_public_health
A/India/PUN-NIV323256/2021	centers_for_disease_control_and_prevention	national_institute_of_virology
A/Santiago/66602/2022	instituto_de_salud_publica	instituto_de_salud_publica_de_chile
A/Ecuador/3922/2021	centers_for_disease_control_and_prevention	inspi
A/Galicia/19449797/2021	servicio_galego_de_saude	complexo_hospitalario_universitario_de_vigo
A/Bangladesh/1916/2020	centers_for_disease_control_and_prevention	institute_of_epidemiology_disease_control_and_research_(iedcr)_&_bangladesh_national_influenza_centre_(nic)
A/Bhutan/1994/2022	centers_for_disease_control_and_prevention	royal_centre_for_disease_control
A/India/Kerala-22-05-V419/2022	centers_for_disease_control_and_prevention	national_institute_of_virology
A/Bhutan/1975/2022	centers_for_disease_control_and_prevention	royal_centre_for_disease_control
A/Bhutan/FLU-BTI-01436/2022	usamc_armed_forces_medical_research_institute_of_medial_sciences	usamc_afrims_department_of_virology
A/Bhutan/FLU-BTD-01326/2022	usamc_armed_forces_medical_research_institute_of_medial_sciences	usamc_afrims_department_of_virology
A/Bhutan/1397/2022	centers_for_disease_control_and_prevention	royal_centre_for_disease_control
A/Bhutan/4/2023	centers_for_disease_control_and_prevention	royal_centre_for_disease_control
A/SouthAfrica/R06270/2023	national_institute_for_communicable_diseases_(nicd)	national_institute_for_communicable_diseases_(nicd)
A/Kenya/KLF231792/2023	kemri_wellcome_trust_research_programme	kemri_wellcome_trust_research_programme_(kwtrp)
A/India/Sal-NIV237312/2023	icmr_national_institute_of_virology	icmr_national_institute_of_virology
A/India/Del-IGSQ557/2023	icmr_national_institute_of_virology	icmr_national_institute_of_virology
A/Kenya/102/2023	centers_for_disease_control_and_prevention	cdc_kenya
A/Abudhabi/4154/2022	sheikh_khalifa_medical_city_(skmc)	reference_laboratory_for_infectious_disease_(surveillance_lab)
A/Bangladesh/2138/2023	centers_for_disease_control_and_prevention	institute_of_epidemiology_disease_control_and_research_(iedcr)_&_bangladesh_national_influenza_centre_(nic)
A/Singapore/CGH0041/2023	ministry_of_health,_singapore	ministry_of_health,_singapore
A/StPetersburg/RII-MH151535S/2023	who_national_influenza_centre_russian_federation	research_institute_of_influenza,_ministry_of_healthcare_of_the_russian_federation
A/StPetersburg/RII-171/2023-egg	who_national_influenza_centre_russian_federation	who_national_influenza_centre_russian_federation
A/StPetersburg/RII-171/2023	who_national_influenza_centre_russian_federation	who_national_influenza_centre_russian_federation
A/StPetersburg/RII-MH154930S/2023	who_national_influenza_centre_russian_federation	research_institute_of_influenza,_ministry_of_healthcare_of_the_russian_federation
A/Bangkok/P3987/2023	thai_national_influenza_center	thai_national_influenza_center
A/Bangladesh/3031/2023	centers_for_disease_control_and_prevention	icddr,b_international_centre_for_diarrhoeal_disease_research,_bangladesh
A/India/Pune-NIV231818/2023	icmr_national_institute_of_virology	icmr_national_institute_of_virology
A/Kenya/KLF231748/2023	kemri_wellcome_trust_research_programme	kemri_wellcome_trust_research_programme_(kwtrp)
A/Singapore/TT0764/2023	ministry_of_health,_singapore	ministry_of_health,_singapore
A/Singapore/GP15529/2023	ministry_of_health,_singapore	ministry_of_health,_singapore
A/Finland/434/2023	finnish_institute_for_health_and_welfare,_thl	nordlab_oulu
A/Bangladesh/2860/2023	centers_for_disease_control_and_prevention	institute_of_epidemiology_disease_control_and_research_(iedcr)_&_bangladesh_national_influenza_centre_(nic)
A/Bangladesh/icddrb-1230810054/2023	international_centre_for_diarrhoeal_disease_research_(icddr,b)	international_centre_for_diarrhoeal_disease_research_(icddr,b)
A/Kenya/KLF231763/2023	kemri_wellcome_trust_research_programme	kemri_wellcome_trust_research_programme_(kwtrp)
A/Bangladesh/icddrb-1230810007/2023	international_centre_for_diarrhoeal_disease_research_(icddr,b)	international_centre_for_diarrhoeal_disease_research_(icddr,b)
A/Zambia/4461/2023	centers_for_disease_control_and_prevention	university_teaching_hospital,_moh_zambia
A/BritishColumbia/RV01618/2023	public_health_agency_of_canada_(phac)	b.c._centre_for_disease_control
A/Qatar/47-VI-23-0091678/2023	crick_worldwide_influenza_centre	supreme_health_council
A/SouthAfrica/R07902/2023	national_institute_for_communicable_diseases_(nicd)	national_institute_for_communicable_diseases_(nicd)
A/Abudhabi/14000/2023	sheikh_khalifa_medical_city_(skmc)	reference_laboratory_for_infectious_disease_(surveillance_lab)
A/Bangladesh/icddrb-3230904034/2023	international_centre_for_diarrhoeal_disease_research_(icddr,b)	international_centre_for_diarrhoeal_disease_research_(icddr,b)
A/Singapore/TT0712/2023	ministry_of_health,_singapore	ministry_of_health,_singapore
A/SouthAfrica/PET28665/2023	vaccines_and_infectious_diseases_analytics_research_unit	wits_vida
A/India/Del-IGSQ560/2023	icmr_national_institute_of_virology	icmr_national_institute_of_virology
A/SouthAfrica/R06014/2023	national_institute_for_communicable_diseases_(nicd)	national_institute_for_communicable_diseases_(nicd)
A/India/Thi-NIV239257/2023	icmr_national_institute_of_virology	icmr_national_institute_of_virology
A/ChiangRai/P4258/2023	thai_national_influenza_center	thai_national_influenza_center
A/Zhejiang-NH/1756/2023	zhejiang_provincial_center_for_disease_control_and_prevention	jiaxing_cdc
A/Hunan-Hecheng/1382/2023-egg	centers_for_disease_control_and_prevention	who_chinese_national_influenza_center
A/Hunan-Hecheng/1382/2023	centers_for_disease_control_and_prevention	who_chinese_national_influenza_center
A/Anhui-Jinan/11028/2023	centers_for_disease_control_and_prevention	who_chinese_national_influenza_center
A/Zhejiang-NH/1364/2023	zhejiang_provincial_center_for_disease_control_and_prevention	jiaxing_center_for_disease_control_and_prevention
A/Lao/4193/2023	centers_for_disease_control_and_prevention	national_center_for_laboratory_and_epidemiology
A/Congo/2133/2023	centers_for_disease_control_and_prevention	inrb_service_de_virologie
A/Congo/2021/2023	centers_for_disease_control_and_prevention	inrb_service_de_virologie
A/Congo/2142/2023	centers_for_disease_control_and_prevention	inrb_service_de_virologie
A/Anhui-Jinan/11028/2023-egg	centers_for_disease_control_and_prevention	who_chinese_national_influenza_center
A/HongKong/1533/2023	centers_for_disease_control_and_prevention	government_virus_unit
A/Shanxi-Taiyuan/1914/2023	taiyuan_center_for_disease_control_and_prevention	taiyuan_center_for_disease_control_and_prevention
A/HongKong/1544/2023	crick_worldwide_influenza_centre	government_virus_unit
A/HongKong/1540/2023	crick_worldwide_influenza_centre	government_virus_unit
A/Kamchatka/109-12V/2023	state_research_center_of_virology_and_biotechnology_(vector)	fbuz_centre_of_hygiene_and_epidemiology
A/Lao/820-1528/2023	moru_tropical_health_network	lao_oxford_mahosot_wellcome_trust_research_unit_(lomwru)
A/Lao/820-1506/2023	moru_tropical_health_network	lao_oxford_mahosot_wellcome_trust_research_unit_(lomwru)
A/HongKong/681/2018-egg	centers_for_disease_control_and_prevention	government_virus_unit
A/CoteDIvoire/14/2019	centers_for_disease_control_and_prevention	pasteur_institut_of_côte_d'ivoire
A/CoteDIvoire/202/2019	centers_for_disease_control_and_prevention	pasteur_institut_of_côte_d'ivoire
A/Togo/450/2019	centers_for_disease_control_and_prevention	institute_national_d'hygiene
A/Cambodia/1054/2017	centers_for_disease_control_and_prevention	national_public_health_laboratory
A/BurkinaFaso/1035/2018	centers_for_disease_control_and_prevention	irss
A/Jeonbuk/1427/2018	national_institute_of_infectious_diseases_(niid)	national_institute_of_health
A/SouthAustralia/160/2018	who_collaborating_centre_for_reference_and_research_on_influenza	institute_of_medical_and_veterinary_science_(imvs)
A/Zambia/6/2021	centers_for_disease_control_and_prevention	university_teaching_hospital,_moh_zambia
A/Kenya/142/2021	centers_for_disease_control_and_prevention	cdc_kenya
A/Kenya/W134/2021		university_of_texas_medical_branch
A/Kenya/GIHSN-HCL022159939201/2021	maladies_infectieuses,_hospices_civils_de_lyon	kenya_medical_research_institute
A/Arkhangelsk/18/2019	who_national_influenza_centre_russian_federation	center_of_hygiene_and_epidemiology_in_arkhangelsk_region
A/Singapore/TT0829/2018	ministry_of_health,_singapore	ministry_of_health,_singapore
A/Singapore/TT0284/2019	ministry_of_health,_singapore	ministry_of_health,_singapore
A/Oman/1405/2019	centers_for_disease_control_and_prevention	central_public_health_laboratory,_ministry_of_health
A/Lebanon/679/2018	centers_for_disease_control_and_prevention	rafic_hariri_university_hospital_4th_floor_dna/research_lab
A/Beijing-Miyun/53/2020-egg	centers_for_disease_control_and_prevention	who_chinese_national_influenza_center
A/Beijing-Miyun/53/2020	who_chinese_national_influenza_center	who_chinese_national_influenza_center
A/Beijing-Miyun/51/2020-egg	centers_for_disease_control_and_prevention	who_chinese_national_influenza_center
A/Beijing-Miyun/51/2020	who_chinese_national_influenza_center	who_chinese_national_influenza_center
A/Beijing-Miyun/51/2019-egg	centers_for_disease_control_and_prevention	who_chinese_national_influenza_center
A/Beijing-Miyun/51/2019	who_chinese_national_influenza_center	who_chinese_national_influenza_center
A/Rencheng/119/2020	jining_center_for_disease_control_and_prevention	_jining_center_for_disease_control_and_prevention
A/Beijing-Daxin/33/2020-egg	who_chinese_national_influenza_center	who_chinese_national_influenza_center
A/Beijing-Daxin/33/2020	who_chinese_national_influenza_center	who_chinese_national_influenza_center
A/Mali/345/2019	centers_for_disease_control_and_prevention	nic_lab_cvd_mali
A/Stockholm/7/2020	public_health_agency_of_sweden	public_health_agency_of_sweden
A/Beijing-Miyun/54/2020-egg	who_chinese_national_influenza_center	who_chinese_national_influenza_center
A/Beijing-Miyun/54/2020	who_chinese_national_influenza_center	who_chinese_national_influenza_center
A/Togo/1740/2019	centers_for_disease_control_and_prevention	institute_national_d'hygiene
A/Nigeria/4256/2019	centers_for_disease_control_and_prevention	ncdc_public_health_reference_laboratory
A/Novosibirsk/RII-27192S/2020	who_national_influenza_centre_russian_federation	research_institute_of_experimental_and_clinical_medicine
A/Togo/771/2020	centers_for_disease_control_and_prevention	institute_national_d'hygiene
A/Dakar/1/2020	crick_worldwide_influenza_centre	institut_pasteur_de_dakar__
A/Mali/86/2020	centers_for_disease_control_and_prevention	nic_lab_cvd_mali
A/Mali/78/2020	centers_for_disease_control_and_prevention	nic_lab_cvd_mali
A/Dakar/2/2020	crick_worldwide_influenza_centre	institut_pasteur_de_dakar__
A/Mali/67/2020	centers_for_disease_control_and_prevention	nic_lab_cvd_mali
A/Dakar/3/2020	crick_worldwide_influenza_centre	institut_pasteur_de_dakar__
A/Togo/230/2020	centers_for_disease_control_and_prevention	institute_national_d'hygiene
A/Togo/1911/2019	centers_for_disease_control_and_prevention	institute_national_d'hygiene
A/Paris/2554/2019-egg	centers_for_disease_control_and_prevention	institut_pasteur
A/Togo/526/2020	centers_for_disease_control_and_prevention	institute_national_d'hygiene
A/Nigeria/5059/2020	centers_for_disease_control_and_prevention	ncdc_public_health_reference_laboratory
A/Mali/101/2020	centers_for_disease_control_and_prevention	nic_lab_cvd_mali
A/Mali/119/2020	centers_for_disease_control_and_prevention	nic_lab_cvd_mali
A/NewYork/2/2020	centers_for_disease_control_and_prevention	new_york_city_department_of_health
A/Mali/44/2020	centers_for_disease_control_and_prevention	nic_lab_cvd_mali
A/Berlin/4/2020	robert_koch_institute_nationales_referenzzentrum_f?r_influenza	robert_koch_institute_nationales_referenzzentrum_für_influenza
A/EspiritoSanto/191/2020	instituto_oswaldo_cruz_fiocruz___laboratory_of_respiratory_viruses_and_measles_(lvrs)	lacen/es___laboratório_central_de_saúde_pública_do_espírito_santo
A/Niger/8892/2021	centers_for_disease_control_and_prevention	centre_de_recherche_medicale_et_sanitaire_(cermes)
A/Niger/8902/2021	centers_for_disease_control_and_prevention	centre_de_recherche_medicale_et_sanitaire_(cermes)
A/Togo/1411/2021	centers_for_disease_control_and_prevention	institute_national_d'hygiene
A/Togo/1094/2021	centers_for_disease_control_and_prevention	institute_national_d'hygiene
A/Togo/459/2020	centers_for_disease_control_and_prevention	institute_national_d'hygiene
A/Mali/20019/2020	centers_for_disease_control_and_prevention	nic_lab_cvd_mali
A/England/200640430/2020	microbiology_services_colindale,_public_health_england	microbiology_services_colindale,_public_health_england
A/Togo/1018/2021	centers_for_disease_control_and_prevention	institute_national_d'hygiene
A/Togo/982/2021	centers_for_disease_control_and_prevention	institute_national_d'hygiene
A/Ghana/364/2022	centers_for_disease_control_and_prevention	noguchi_memorial_institute_for_medical_research_(nmimr)
A/Ghana/1673/2022	centers_for_disease_control_and_prevention	noguchi_memorial_institute_for_medical_research_(nmimr)
A/Togo/1810/2022	centers_for_disease_control_and_prevention	institute_national_d'hygiene
A/Togo/1942/2022	centers_for_disease_control_and_prevention	institute_national_d'hygiene
A/Togo/1796/2022	centers_for_disease_control_and_prevention	institute_national_d'hygiene
A/BurkinaFaso/2489/2022	centers_for_disease_control_and_prevention	irss
A/Lisbon/107/2023	instituto_nacional_de_saude_dr._ricardo_jorge	national_institute_of_health_dr._ricardo_jorge,_infectious_diseases_department,_national_influenza_reference_laboratory
A/Ghana/FS-24-2723/2024	noguchi_memorial_institute_for_medical_research_	noguchi_memorial_institute_for_medical_research
A/Zhejiang-NH/11014/2023	zhejiang_provincial_center_for_disease_control_and_prevention	jiaxing_center_for_disease_control_and_prevention
A/India/Pun-NIVSARI1947/2022	icmr_national_institute_of_virology	icmr_national_institute_of_virology
A/Kobe/22067/2022	national_institute_of_infectious_diseases_(niid)	kobe_institute_of_health
A/Tokyo/22FS001/2022	niigata_university_(dph)	niigata_university_(idrc)
A/Nara/14/2023	national_institute_of_infectious_diseases_(niid)	nara_prefectural_institute_for_hygiene_and_environment
A/Chiba/6/2023	national_institute_of_infectious_diseases_(niid)	chiba_prefectural_institute_of_public_health
A/Japan/USAFSAM-14105/2023		
A/Nagano/2223/2022	national_institute_of_infectious_diseases_(niid)	nagano_environmental_conservation_research_institute
A/Yamagata/1/2022	national_institute_of_infectious_diseases_(niid)	yamagata_prefectural_institute_of_public_health
A/Nepal/22FL2210/2022	national_institute_of_infectious_diseases_(niid)	national_public_health_laboratory
A/Guyana/1548/2023	centers_for_disease_control_and_prevention	national_public_health_reference_laboratory
A/Guyana/5526/2023	centers_for_disease_control_and_prevention	national_public_health_reference_laboratory
A/BurkinaFaso/3206/2024	centers_for_disease_control_and_prevention	irss
A/Dakar/8/2024	crick_worldwide_influenza_centre	institut_pasteur_de_dakar__
A/BurkinaFaso/2319/2024	centers_for_disease_control_and_prevention	irss
A/Senegal/IPD-0349/2024	institut_pasteur_de_dakar	institut_pasteur_de_dakar
A/BurkinaFaso/2152/2023	crick_worldwide_influenza_centre	institut_de_recherche_en_sciences_de_la_santé_(irss)
A/France/IDF-IPP29542/2023-egg	ns	seasonal_h3n2
A/Senegal/IPD-1628/2024	institut_pasteur_de_dakar	institut_pasteur_de_dakar
A/Togo/127/2020	centers_for_disease_control_and_prevention	institute_national_d'hygiene
A/Togo/450/2020	centers_for_disease_control_and_prevention	institute_national_d'hygiene
A/Philippines/1/2021	who_collaborating_centre_for_reference_and_research_on_influenza	research_institute_of_tropical_medicine
A/Santiago/26038/2020	centers_for_disease_control_and_prevention	instituto_de_salud_publica_de_chile
A/Paris/2554/2019	institut_pasteur	institut_pasteur
A/Togo/245/2020	centers_for_disease_control_and_prevention	institute_national_d'hygiene
A/Togo/434/2020	centers_for_disease_control_and_prevention	institute_national_d'hygiene
A/Delaware/12110/2020	u.s._air_force_school_of_aerospace_medicine	u.s._air_force_school_of_aerospace_medicine_
A/Delaware/11974/2020	u.s._air_force_school_of_aerospace_medicine	u.s._air_force_school_of_aerospace_medicine_
A/Mali/20025/2020	centers_for_disease_control_and_prevention	nic_lab_cvd_mali
A/Yokohama/68/2020	centers_for_disease_control_and_prevention	yokohama_city_institute_of_public_health.
A/Perth/20/2020-egg	centers_for_disease_control_and_prevention	pathwest_qe_ii_medical_centre
A/Perth/20/2020	centers_for_disease_control_and_prevention	pathwest_qe_ii_medical_centre
A/Zhejiang-NH/129/2020	zhejiang_provincial_center_for_disease_control_and_prevention	jiaxing_center_for_disease_control_and_prevention
A/Victoria/22/2020	who_collaborating_centre_for_reference_and_research_on_influenza	royal_chidrens_hospital
A/Pennsylvania/2/2020	centers_for_disease_control_and_prevention	pennsylvania_department_of_health
A/Kenya/109/2022	centers_for_disease_control_and_prevention	cdc_kenya
A/Saopaulo/59464/2022	university_of_sao_paulo	serrana
A/Colombia/3699/2022	centers_for_disease_control_and_prevention	instituto_nacional_de_salud_de_columbia
A/Bahia/292039061/2021	laborat?rio_central_de_sa?de_publica_do_estado_da_bahia	laboratório_central_de_saúde_pública_professor_gonçalo_moniz,_lacen_ba
A/Brazil/BA-LACEN-BA033-292028772/2021	laborat?rio_central_de_sa?de_publica_do_estado_da_bahia	laboratório_central_de_saúde_pública_professor_gonçalo_moniz,_lacen_ba
A/SouthAfrica/PET20555/2021	university_of_the_witwatersrand	wits_vida
A/Santiago/416/2023	instituto_de_salud_publica_de_chile	instituto_de_salud_publica_de_chile
A/NewYork/13628/2022	u.s._air_force_school_of_aerospace_medicine	u.s._air_force_school_of_aerospace_medicine_
A/Victoria/3503/2022	who_collaborating_centre_for_reference_and_research_on_influenza	royal_melbourne_hospital
A/Bangladesh/2682/2022	centers_for_disease_control_and_prevention	institute_of_epidemiology_disease_control_and_research_(iedcr)_&_bangladesh_national_influenza_centre_(nic)
A/NewZealand/1762/2022	centers_for_disease_control_and_prevention	institute_of_environmental_science_&_research
A/NewZealand/3570/2022	centers_for_disease_control_and_prevention	institute_of_environmental_science_&_research
A/NewZealand/3637/2022	centers_for_disease_control_and_prevention	institute_of_environmental_science_&_research
A/DistritoFederal/2367/2022	secretaria_de_saude_do_distrito_federal	laboratório_central_de_saúde_pública_do_distrito_federal
A/Taiwan/70002/2022	national_institute_of_infectious_diseases_(niid)	center_for_disease_control
A/NakhonPhanom/NIC-P3020/2022	thai_national_influenza_center	thai_national_influenza_center
A/Nagano/2205/2022	national_institute_of_infectious_diseases_(niid)	nagano_environmental_conservation_research_institute
A/Nagasaki/21FS016/2021	niigata_university_(dph)	niigata_university_(idrc)
A/SaoPaulo/IAL/C8699/2022	instituto_adolfo_lutz	instituto_adolfo_lutz___national_influenza_center
A/SaoPaulo/IAL/C9691/2021	instituto_adolfo_lutz	instituto_adolfo_lutz___national_influenza_center
A/Baltimore/JH-0607/2022	johns_hopkins_school_of_medicine	johns_hopkins_school_of_medicine
A/Argentina/3084/2022	centers_for_disease_control_and_prevention	instituto_nacional_de_enfermedades_infecciosas
A/Egypt/HT220778/2022	center_of_scientific_excellence_for_influenza_viruses,_national_research_centre_(nrc),_egypt.	center_of_scientific_excellence_for_influenza_viruses,_national_research_centre_(nrc),_egypt.
A/Darwin/2478/2022	who_collaborating_centre_for_reference_and_research_on_influenza	royal_darwin_hospital
A/Yokohama/1/2021	national_institute_of_infectious_diseases_(niid)	yokohama_city_institute_of_public_health.
A/SaoPaulo/IAL/C7089/2021	instituto_adolfo_lutz	instituto_adolfo_lutz___national_influenza_center
A/Okinawa/194/2022	national_institute_of_infectious_diseases_(niid)	okinawa_prefectural_institute_of_health_and_environment
A/Victoria/44/2022	who_collaborating_centre_for_reference_and_research_on_influenza	monash_medical_centre
A/SaoPaulo/IAL/C9007/2022	instituto_adolfo_lutz	instituto_adolfo_lutz___national_influenza_center
A/DistritoFederal/2310/2021	secretaria_de_saude_do_distrito_federal	laboratório_central_de_saúde_pública_do_distrito_federal
A/Bangladesh/8/2022	centers_for_disease_control_and_prevention	icddr,b_international_centre_for_diarrhoeal_disease_research,_bangladesh
A/RiodeJaneiro/61752/2021	instituto_oswaldo_cruz_fiocruz___laboratory_of_respiratory_viruses_and_measles_(lvrs)	instituto_oswaldo_cruz_fiocruz___laboratory_of_respiratory_viruses_and_measles_(lvrs)
A/Singapore/INFTT0006/2021	ministry_of_health,_singapore	ministry_of_health,_singapore
A/Amapa/182497-IEC/2021	evandro_chagas_institute	lacen/ap___laboratório_central_de_saúde_pública_do_amapá
A/Bahia/292030445/2021	laborat?rio_central_de_sa?de_publica_do_estado_da_bahia	laboratório_central_de_saúde_pública_professor_gonçalo_moniz,_lacen_ba
A/Alagoas/64256/2021	instituto_oswaldo_cruz_fiocruz___laboratory_of_respiratory_viruses_and_measles_(lvrs)	laboratório_central_de_saúde_pública_de_alagoas,_lacen_al
A/RioDeJaneiro/62705/2021	centers_for_disease_control_and_prevention	instituto_oswaldo_cruz_fiocruz___laboratory_of_respiratory_viruses_and_measles_(lvrs)
A/Peru/GIHSN-HCL023164192701/2023	cnr_virus_des_infections_respiratoires,_france_sud	center_for_veterinary_diagnostics___regional_animal_health_office_no.6
A/RiodeJaneiro/61997/2021	instituto_oswaldo_cruz_fiocruz___laboratory_of_respiratory_viruses_and_measles_(lvrs)	instituto_oswaldo_cruz_fiocruz___laboratory_of_respiratory_viruses_and_measles_(lvrs)
A/Bangladesh/9034/2022	centers_for_disease_control_and_prevention	icddr,b_international_centre_for_diarrhoeal_disease_research,_bangladesh
A/Victoria/59/2022	who_collaborating_centre_for_reference_and_research_on_influenza	royal_chidrens_hospital
A/Vanuatu/8/2022	who_collaborating_centre_for_reference_and_research_on_influenza	vila_central_hospital
A/Argentina/2983/2022	centers_for_disease_control_and_prevention	instituto_nacional_de_enfermedades_infecciosas
A/Brisbane/60/2022	who_collaborating_centre_for_reference_and_research_on_influenza	institute_of_medical_and_veterinary_science_(imvs)
A/SouthAustralia/58/2022	who_collaborating_centre_for_reference_and_research_on_influenza	institute_of_medical_and_veterinary_science_(imvs)
A/Darwin/2321/2022	who_collaborating_centre_for_reference_and_research_on_influenza	royal_darwin_hospital
A/Colombia/ICT00160/2022	naval_medical_research_unit_6_(namru_6)	naval_medical_research_unit_6_(namru_6)
A/Congo/26/2022	centers_for_disease_control_and_prevention	inrb_service_de_virologie
A/Congo/339/2021	centers_for_disease_control_and_prevention	inrb_service_de_virologie
A/Zambia/6122/2022	centers_for_disease_control_and_prevention	university_teaching_hospital,_moh_zambia
A/Mozambique/8925/2023	centers_for_disease_control_and_prevention	laboratório_de_isolamento_viral
A/Zambia/9275/2022	centers_for_disease_control_and_prevention	university_teaching_hospital,_moh_zambia
A/Sydney/444/2022	who_collaborating_centre_for_reference_and_research_on_influenza	childrens_hospital_westmead
A/Sydney/464/2022	who_collaborating_centre_for_reference_and_research_on_influenza	childrens_hospital_westmead
A/Goias/66776/2021	centers_for_disease_control_and_prevention	instituto_oswaldo_cruz_fiocruz___laboratory_of_respiratory_viruses_and_measles_(lvrs)
A/Bahia/292047226/2022	laborat?rio_central_de_sa?de_publica_do_estado_da_bahia	laboratório_central_de_saúde_pública_professor_gonçalo_moniz,_lacen_ba
A/SaoPaulo/IAL/C7450/2021	instituto_adolfo_lutz	instituto_adolfo_lutz___national_influenza_center
A/SaoPaulo/IAL/C8540/2021	instituto_adolfo_lutz	instituto_adolfo_lutz___national_influenza_center
A/RiodeJaneiro/66706/2021	instituto_oswaldo_cruz_fiocruz___laboratory_of_respiratory_viruses_and_measles_(lvrs)	laboratório_central_de_saúde_pública_(lacen_rj)
A/Bangladesh/2587/2022	centers_for_disease_control_and_prevention	institute_of_epidemiology_disease_control_and_research_(iedcr)_&_bangladesh_national_influenza_centre_(nic)
A/DistritoFederal/19624965/2022	secretaria_de_saude_do_distrito_federal	laboratório_central_de_saúde_pública_do_distrito_federal
A/SaoPaulo/IAL/C7365/2021	instituto_adolfo_lutz	instituto_adolfo_lutz___national_influenza_center
A/Maldives/720/2022	centers_for_disease_control_and_prevention	ministry_of_health
A/Sichuan-Gaoxin/1138/2023-egg	centers_for_disease_control_and_prevention	who_chinese_national_influenza_center
A/Darwin/107/2022	who_collaborating_centre_for_reference_and_research_on_influenza	royal_darwin_hospital
A/Victoria/70/2022	who_collaborating_centre_for_reference_and_research_on_influenza	alfred_hospital
A/Victoria/76/2022	who_collaborating_centre_for_reference_and_research_on_influenza	monash_medical_centre
A/Guyane/3/2022	centers_for_disease_control_and_prevention	national_influenza_center_french_guiana_and_french_indies
A/SaoPaulo/IAL/C7689/2021	instituto_adolfo_lutz	instituto_adolfo_lutz___national_influenza_center
A/Antofagasta/31896/2023	instituto_de_salud_publica_de_chile	instituto_de_salud_publica_de_chile
A/Victoria/3508/2022	who_collaborating_centre_for_reference_and_research_on_influenza	royal_melbourne_hospital
A/Sichuan-Gaoxin/1138/2023	centers_for_disease_control_and_prevention	who_chinese_national_influenza_center
A/Gunma/3409/2023	national_institute_of_infectious_diseases_(niid)	gunma_prefectural_institute_of_public_health_and_environmental_sciences
A/Michigan/HFHSL361130327/2023	university_of_michigan	henry_ford_health_microbiology_laboratory
A/Nigeria/4084/2019	centers_for_disease_control_and_prevention	ncdc_public_health_reference_laboratory
A/Nigeria/3983/2019	centers_for_disease_control_and_prevention	ncdc_public_health_reference_laboratory
A/CoteDIvoire/1541/2019	centers_for_disease_control_and_prevention	pasteur_institut_of_côte_d'ivoire
A/Togo/634/2019	centers_for_disease_control_and_prevention	institute_national_d'hygiene
A/Washington/17/2020	centers_for_disease_control_and_prevention	washington_state_public_health_laboratory
A/Mali/9043/2019	centers_for_disease_control_and_prevention	nic_lab_cvd_mali
A/Brisbane/148/2019-egg	who_collaborating_centre_for_reference_and_research_on_influenza	queensland_health_forensic_and_scientific_services_
A/Nigeria/4189/2019	centers_for_disease_control_and_prevention	ncdc_public_health_reference_laboratory
A/Abudhabi/9700/2022	sheikh_khalifa_medical_city_(skmc)	reference_laboratory_for_infectious_disease_(surveillance_lab)
A/Saopaulo/59471/2022	university_of_sao_paulo	serrana
A/Lebanon/116/2022	centers_for_disease_control_and_prevention	rafic_hariri_university_hospital_4th_floor_dna/research_lab
A/Lebanon/GIHSN-HCL023019053001/2022	cnr_virus_des_infections_respiratoires,_france_sud	center_for_infectious_diseases_research_
A/Lebanon/105/2023	centers_for_disease_control_and_prevention	rafic_hariri_university_hospital_4th_floor_dna/research_lab
A/Galicia/51966332/2022	servicio_galego_de_saude	complexo_hospitalario_universitario_de_vigo
A/Michigan/UOM10048762299/2022	university_of_michigan	university_of_michigan_clinical_microbiology_laboratory
A/Pirangucu/311313943/2022	ezequiel_dias_foundation_(funed)	ezequiel_dias_foundation_(funed)
A/Goias/IAL/C10227/2022	instituto_adolfo_lutz	instituto_adolfo_lutz___national_influenza_center
A/Georgia/2/2022-egg	centers_for_disease_control_and_prevention	georgia_public_health_laboratory
A/Georgia/2/2022	centers_for_disease_control_and_prevention	georgia_public_health_laboratory
A/Saopaulo/CEVI_2200936/2022	instituto_butantan	instituto_butantan
A/SouthAfrica/R08173/2022	national_institute_for_communicable_diseases_(nicd)	national_institute_for_communicable_diseases_(nicd)
A/Saskatchewan/SKFLU279237/2022	row_roamnow_provincial_laboratory	roy_romanow_provincial_laboratory
A/Monterrey/84497/2023		universidad_autonoma_de_nuevo_leon
A/Henan-Shihe/1977/2023-egg	centers_for_disease_control_and_prevention	who_chinese_national_influenza_center
A/Henan-Shihe/1480/2023-egg	centers_for_disease_control_and_prevention	who_chinese_national_influenza_center
A/Ehime/22/2023	national_institute_of_infectious_diseases_(niid)	ehime_prefecture_institute_of_public_health_and_environmental_science
A/SouthSudan/644/2023	crick_worldwide_influenza_centre	national_public_health_laboratory
A/Ethiopia/SGH236_EPI0027/2023	ethiopian_public_health_institute	ethiopian_public_health_institute,_national_influenza_laboratory
A/Delaware/52/2022	centers_for_disease_control_and_prevention	delaware_public_health_lab
A/Netherlands/11486/2022	national_institute_for_public_health_and_the_environment_(rivm)	comicro_b.v.
A/PuertoRico/26/2022	centers_for_disease_control_and_prevention	puerto_rico_department_of_health
A/MinasGerais/848/2023	centers_for_disease_control_and_prevention	funed_mg
A/Brazil/5682/2023	centers_for_disease_control_and_prevention	instituto_adolfo_lutz
A/Saopaulo/58706/2022	university_of_sao_paulo	serrana
A/Yucatan/IBT_IMSS_01023969UIMY/2022	instituto_de_biotecnologia,_unam	instituto_mexicano_del_seguro_social_(imss)
A/Colombia/116/2023	centers_for_disease_control_and_prevention	instituto_nacional_de_salud_de_columbia
A/PuertoRico/31/2022-egg	who_collaborating_centre_for_reference_and_research_on_influenza	csl_ltd
A/Missouri/13249/2022	u.s._air_force_school_of_aerospace_medicine	u.s._air_force_school_of_aerospace_medicine_
A/EspiritoSanto/22374/2022	instituto_oswaldo_cruz_fiocruz___laboratory_of_respiratory_viruses_and_measles_(lvrs)	lacen/es___laboratório_central_de_saúde_pública_do_espírito_santo
A/Missouri/13745/2022	u.s._air_force_school_of_aerospace_medicine	u.s._air_force_school_of_aerospace_medicine_
A/MinasGerais/23189/2022	instituto_oswaldo_cruz_fiocruz___laboratory_of_respiratory_viruses_and_measles_(lvrs)	funed_mg
A/Santiago/726/2023	instituto_de_salud_publica_de_chile	instituto_de_salud_publica_de_chile
A/PuertoRico/31/2022	centers_for_disease_control_and_prevention	csl_ltd
A/Colombia/56/2023	centers_for_disease_control_and_prevention	instituto_nacional_de_salud_de_columbia
A/Nevada/6/2023	centers_for_disease_control_and_prevention	southern_nevada_public_health_lab
A/Norway/29511/2021-egg	centers_for_disease_control_and_prevention	norwegian_institute_of_public_health
A/Norway/29511/2021	crick_worldwide_influenza_centre	norwegian_institute_of_public_health
A/DistritoFederal/21105582/2022	secretaria_de_saude_do_distrito_federal	laboratório_central_de_saúde_pública_do_distrito_federal
A/Catalonia/Nsvh161512067/2022-egg	centers_for_disease_control_and_prevention	national_institute_for_medical_research
A/Shiga/28/2023	national_institute_of_infectious_diseases_(niid)	shiga_prefectural_institute_of_public_health
A/Nagano/2221/2023	national_institute_of_infectious_diseases_(niid)	nagano_environmental_conservation_research_institute
A/Miyazaki/27/2023	national_institute_of_infectious_diseases_(niid)	miyazaki_prefectural_institute_for_public_health_and_environment
A/England/225240599/2022	uk_health_security_agency___colindale	uk_health_security_agency___colindale
A/Algeria/Tebessa/4318	institut_pasteur_d'algerie	institut_pasteur_d'algerie
A/England/225100810/2022	uk_health_security_agency___colindale	uk_health_security_agency___colindale
A/RioGrandeDoSul/4054/2023	centers_for_disease_control_and_prevention	instituto_oswaldo_cruz_fiocruz___laboratory_of_respiratory_viruses_and_measles_(lvrs)
A/BritishColumbia/PHL-805/2023	public_health_agency_of_canada	b.c._centre_for_disease_control
A/CzechRepublic/5179/2022	national_institute_of_public_health_(czech_republic)	national_institute_of_public_health
A/Hyogo/1026/2023	national_institute_of_infectious_diseases_(niid)	hyogo_prefectural_institute_of_public_health_and_consumer_sciences
A/Leon/4311/2023	crick_worldwide_influenza_centre	universidad_de_valladolid
A/Abudhabi/4564/2022	sheikh_khalifa_medical_city_(skmc)	reference_laboratory_for_infectious_disease_(surveillance_lab)
A/Lebanon/GIHSN-HCL023019208501/2022	cnr_virus_des_infections_respiratoires,_france_sud	center_for_infectious_diseases_research_
A/Berlin/235/2022	robert_koch_institute_nationales_referenzzentrum_f?r_influenza	robert_koch_institute_nationales_referenzzentrum_für_influenza
A/Switzerland/28719/2022	swiss_national_reference_centre_for_influenza	swiss_national_reference_centre_for_influenza
A/England/230200166/2023	uk_health_security_agency___colindale	uk_health_security_agency___colindale
A/Kanagawa/ZC2202/2022	national_institute_of_infectious_diseases_(niid)	national_institute_of_infectious_diseases_(niid)
A/IleDeFrance/232/2023	institut_pasteur	institut_pasteur
A/LaRioja/3835/2022	instituto_de_salud_carlos_iii	servicio_de_microbiología_hospital_san_pedro
A/Denmark/235/2023	statens_serum_institute	statens_serum_institut_
A/Hessen/100/2022	robert_koch_institute_nationales_referenzzentrum_f?r_influenza	robert_koch_institute_nationales_referenzzentrum_für_influenza
A/Brisbane/819/2022	who_collaborating_centre_for_reference_and_research_on_influenza	queensland_health_forensic_and_scientific_services_
A/Guyane/187/2023	centers_for_disease_control_and_prevention	national_influenza_center_french_guiana_and_french_indies
A/Aichi/98/2023	national_institute_of_infectious_diseases_(niid)	aichi_prefectural_institute_of_public_health
A/Gifu-C/12/2023	national_institute_of_infectious_diseases_(niid)	gifu_municipal_institute_of_public_health
A/Switzerland/28719/2022-egg	centers_for_disease_control_and_prevention	swiss_national_reference_centre_for_influenza
A/Montana/8/2023-egg	ns	seasonal_h3n2
A/Montana/8/2023	centers_for_disease_control_and_prevention	montana_laboratory_services_bureau
A/Michigan/UOM-62813/2023		import_from_public_domain
A/Michigan/HFHSL362097597/2023	university_of_michigan	henry_ford_health_microbiology_laboratory
A/Yamagata/45/2023	national_institute_of_infectious_diseases_(niid)	yamagata_prefectural_institute_of_public_health
A/Massachusetts/IVYG43Q04W8/2023	university_of_michigan	vanderbilt_university_medical_center
A/Cantabria/1222/2023	instituto_de_salud_carlos_iii	servicio_de_microbiología_hospital_universitario_marqués_de_valdecilla
A/Sweden/4723/2023	crick_worldwide_influenza_centre	public_health_agency_of_sweden
A/Abudhabi/UAE/3190	sheikh_khalifa_medical_city_(skmc)	reference_laboratory_for_infectious_disease_(surveillance_lab)
A/Galicia/22025999/2022	servicio_galego_de_saude	complexo_hospitalario_universitario_de_vigo
A/Khabarovsk/53/2022	who_national_influenza_centre_russian_federation	center_of_hygiene_and_epidemiology_in_khabarovsk_territory
A/Vermont/15/2023	centers_for_disease_control_and_prevention	vermont_department_of_health_laboratory
A/Michigan/UOM10049755705/2023	university_of_michigan	university_of_michigan_clinical_microbiology_laboratory
A/Canberra/9/2023	who_collaborating_centre_for_reference_and_research_on_influenza	canberra_hospital
A/Japan/USAFSAM-14170/2023		
A/Saskatchewan/SKFLU276143/2022	roy_romanow_provincial_laboratory	roy_romanow_provincial_laboratory
A/Michigan/UOM10048568817/2022	university_of_michigan	university_of_michigan_clinical_microbiology_laboratory
A/Egypt/2319996/2022	crick_worldwide_influenza_centre	ministry_of_health_and_population
A/AbuDhabi/1950425/2022	centers_for_disease_control_and_prevention	shaikh_khalifa_medical_city
A/SouthAfrica/PET28375/2023	vaccines_and_infectious_diseases_analytics_research_unit	wits_vida
A/Bhutan/1543/2023	centers_for_disease_control_and_prevention	royal_centre_for_disease_control
A/Bhutan/1552/2023	centers_for_disease_control_and_prevention	royal_centre_for_disease_control
A/Lao/925-0342/2022	moru_tropical_health_network	lao_oxford_mahosot_wellcome_trust_research_unit_(lomwru)
A/Bahrain/6896/2022	centers_for_disease_control_and_prevention	ministry_of_health_bahrain
A/Malaysia/TIDREC_KBR-AUFI543/2023	university_of_malaya	hospital_raja_perempuan_zainab_ii
A/India/Jai-NIV24_3447/2024	icmr_national_institute_of_virology	icmr_national_institute_of_virology
A/Ethiopia/ADR651_EPI0068/2023	ethiopian_public_health_institute	ethiopian_public_health_institute,_national_influenza_laboratory
A/Madagascar/3189/2024	crick_worldwide_influenza_centre	institut_pasteur_de_madagascar
A/India/Thi-NIV239218/2023	icmr_national_institute_of_virology	icmr_national_institute_of_virology
A/Singapore/NUH0605/2023	ministry_of_health,_singapore	ministry_of_health,_singapore
A/PhraNakhonSiAyutthaya/BOE246/2023	thai_national_influenza_center	thai_national_influenza_center
A/Malaysia/RP1660/2023	who_collaborating_centre_for_reference_and_research_on_influenza	national_public_health_laboratory,_moh_malaysia
A/Maryland/31/2023	centers_for_disease_control_and_prevention	maryland_department_of_health_and_mental_hygiene
A/Victoria/342/2023	who_collaborating_centre_for_reference_and_research_on_influenza	monash_medical_centre
A/Maldives/845/2022	centers_for_disease_control_and_prevention	ministry_of_health
A/ChiangRai/D1189/2022	thai_national_influenza_center	thai_national_influenza_center
A/ChiangRai/P3736/2022	thai_national_influenza_center	thai_national_influenza_center
A/Massachusetts/23/2023	centers_for_disease_control_and_prevention	massachusetts_department_of_public_health
A/Japan/14108/2023	u.s._air_force_school_of_aerospace_medicine	u.s._air_force_school_of_aerospace_medicine_
A/Okinawa/196/2022	national_institute_of_infectious_diseases_(niid)	okinawa_prefectural_institute_of_health_and_environment
A/Bahrain/9209/2022	centers_for_disease_control_and_prevention	ministry_of_health_bahrain
A/Abudhabi/14761/2023	sheikh_khalifa_medical_city_(skmc)	reference_laboratory_for_infectious_disease_(surveillance_lab)
A/Okinawa/22T001/2022	niigata_university_(dph)	niigata_university_(idrc)
A/Okinawa/197/2022	national_institute_of_infectious_diseases_(niid)	okinawa_prefectural_institute_of_health_and_environment
A/Georgia/3/2023	centers_for_disease_control_and_prevention	georgia_public_health_laboratory
A/Mozambique/4591/2022	centers_for_disease_control_and_prevention	laboratório_de_isolamento_viral
A/Cherepovets/RII-2/2024	who_national_influenza_centre_russian_federation	who_national_influenza_centre_russian_federation
A/Krasnodar/RII-MH181834S/2024	who_national_influenza_centre_russian_federation	research_institute_of_influenza,_ministry_of_healthcare_of_the_russian_federation
A/NewCaledonia/12/2025	who_collaborating_centre_for_reference_and_research_on_influenza	institut_pasteur_new_caledonia
A/NewCaledonia/10/2025	who_collaborating_centre_for_reference_and_research_on_influenza	institut_pasteur_new_caledonia
A/NewCaledonia/101/2024	who_collaborating_centre_for_reference_and_research_on_influenza	institut_pasteur_new_caledonia
A/Malaysia/MKAI_CL20343/2025	public_health_laboratory_ipoh	kk_bandar_alor_setar
A/England/4740283/2024	ukhsa_/_respiratory_virus_unit	uk_health_security_agency___colindale
A/Tokyo/EIS10-562/2024	national_institute_of_infectious_diseases_(niid)	national_institute_of_infectious_diseases_(niid)
A/Yamagata/139/2024	national_institute_of_infectious_diseases_(niid)	yamagata_prefectural_institute_of_public_health
A/Michigan/UOM10048962357/2022	university_of_michigan	university_of_michigan_clinical_microbiology_laboratory
A/Lorraine/3585/2024	crick_worldwide_influenza_centre	institut_pasteur
A/France/ARA-HCL023175167601/2023	cnr_virus_des_infections_respiratoires,_france_sud	cnr_virus_des_infections_respiratoires___france_sud
A/SouthAustralia/318/2023	who_collaborating_centre_for_reference_and_research_on_influenza	institute_of_medical_and_veterinary_science_(imvs)
A/France/IDF-RELAB-IPP32966/2023	crick_worldwide_influenza_centre	institut_pasteur
A/SaoPaulo/358103850-IAL/2025	crick_worldwide_influenza_centre	instituto_oswaldo_cruz_fiocruz___laboratory_of_respiratory_viruses_and_measles_(lvrs)
A/EspiritoSanto/464/2025	instituto_oswaldo_cruz_fiocruz___laboratory_of_respiratory_viruses_and_measles_(lvrs)	lacen/es___laboratório_central_de_saúde_pública_do_espírito_santo
A/India/Pune-NIV235598/2023	who_collaborating_centre_for_reference_and_research_on_influenza	icmr_national_institute_of_virology
A/Lisbon/67/2025	national_institute_for_health_dr._ricardo_jorge	national_institute_of_health_dr._ricardo_jorge,_infectious_diseases_department,_national_influenza_reference_laboratory
A/Galicia/GA-CHUAC-344/2025	hospital_universitario_de_a_coruña	a_coruna_university_hospital_complex_(chuac)
A/Luxembourg/LNS3010027/2025	laboratoire_national_de_santé	laboratoire_national_de_santé_
A/Luxembourg/LNS4528010/2024	laboratoire_national_de_santé	laboratoire_national_de_santé_
A/France/ARA-HCL025000673801/2025	cnr_virus_des_infections_respiratoires,_france_sud	cnr_virus_des_infections_respiratoires___france_sud
A/StPetersburg/RII-MH222343S/2025	who_national_influenza_centre_russian_federation	research_institute_of_influenza,_ministry_of_healthcare_of_the_russian_federation
A/Norway/1222/2025	norwegian_institute_of_public_health	norwegian_institute_of_public_health
A/FrenchGuiana/77/2025	institut_pasteur_de_la_guyane	centre_hospitalier_de_l'ouest_guyanais
A/FrenchGuiana/135/2025	institut_pasteur_de_la_guyane	eurofins___laboratoire_de_biologie_médicale_remire_montjoly
A/France/ARA-HCL025052760101/2025	cnr_virus_des_infections_respiratoires,_france_sud	cnr_virus_des_infections_respiratoires___france_sud
A/Canberra/82/2025	who_collaborating_centre_for_reference_and_research_on_influenza	canberra_hospital
A/Oman/CPHL_725687/2025	ministry_of_health,_central_public_health_laboratory	central_public_health_laboratories_oman
A/France/ARA-RELAB-HCL025025691401/2025	cnr_virus_des_infections_respiratoires,_france_sud	cnr_virus_des_infections_respiratoires___france_sud
A/Ghana/FS-25-0347/2025	noguchi_memorial_institute_for_medical_research_(nmimr)	noguchi_memorial_institute_for_medical_research
A/SouthAustralia/2433906727/2024	sa_pathology_laboratory	sa_pathology
A/Galicia/22689921/2025	servicio_galego_de_saude	complexo_hospitalario_universitario_de_vigo
A/HongKong/229/2025	hong_kong_department_of_health	hong_kong_department_of_health
A/France/IDF-IPP00179/2025	institut_pasteur	institut_pasteur
A/Bari/4/2025	university_of_bari	department_of_interdisciplinary_medicine__university_of_bari
A/Santiago/7731/2025	instituto_de_salud_pública_de_chile	instituto_de_salud_publica_de_chile
A/StPetersburg/RII-7909S/2023	who_national_influenza_centre_russian_federation	who_national_influenza_centre_russian_federation
A/Senegal/IPD-2556/2024	institut_pasteur_de_dakar	institut_pasteur_de_dakar
A/CostaRica/INC-0929-826242/2024	inciensa,_investigación_y_enseñanza_en_nutrición_y_salud	inciensa,_investigación_y_enseñanza_en_nutrición_y_salud
A/Alagoas/CEVI_24001601/2024	instituto_butantan	instituto_butantan
A/Zhejiang-NH/11254/2023	zhejiang_provincial_center_for_disease_control_and_prevention	jiaxing_cdc
A/Shanghai-Fengxian/1912/2023-egg	centers_for_disease_control_and_prevention	who_chinese_national_influenza_center
A/Shanghai-Fengxian/1912/2023	centers_for_disease_control_and_prevention	who_chinese_national_influenza_center
A/ChiangRai/F32/2025	thai_national_influenza_center	thai_national_influenza_center
A/Tokyo/EIS10-666/2024	national_institute_of_infectious_diseases_(niid)	national_institute_of_infectious_diseases_(niid)
A/HongKong/VB24093861/2024	hong_kong_department_of_health_,_public_health_laboratory_services_branch	hong_kong_department_of_health
A/NewYork/PX12796/2024	icahn_school_of_medicine_at_mount_sinai	icahn_school_of_medicine_at_mount_sinai
A/Cambodia/SVH240481/2024	national_institute_of_public_health	national_institute_of_public_health
A/CoteDIvoire/4332/2024	crick_worldwide_influenza_centre	pasteur_institut_of_côte_d'ivoire
A/CoteDIvoire/4250/2024	crick_worldwide_influenza_centre	pasteur_institut_of_côte_d'ivoire
A/CoteDIvoire/3969/2024	crick_worldwide_influenza_centre	pasteur_institut_of_côte_d'ivoire
A/HongKong/1973/2024	crick_worldwide_influenza_centre	government_virus_unit
A/Gus-Khrustalny/RII-MH189181S/2024	who_national_influenza_centre_russian_federation	research_institute_of_influenza,_ministry_of_healthcare_of_the_russian_federation
A/HongKong/8284/2024	centers_for_disease_control_and_prevention	government_virus_unit
A/Vietnam/FP425095/2025	bach_mai_hospital	bach_mai_hospital
A/Tokyo/EIS11-409/2025	national_institute_of_infectious_diseases_(niid)	national_institute_of_infectious_diseases_(niid)
A/Queensland/IN001048/2025	public_and_environmental_health_reference_laboratories_(pehrl)	pathology_queensland
A/Vietnam/PF424431/2025	bach_mai_hospital	bach_mai_hospital
A/Vietnam/PF125018/2025	bach_mai_hospital	bach_mai_hospital
A/Guizhou-Yilongxin/2738/2024	centers_for_disease_control_and_prevention	who_chinese_national_influenza_center
A/Guizhou-Yilongxin/2738/2024-egg	centers_for_disease_control_and_prevention	who_chinese_national_influenza_center
A/HongKong/3072/2023	crick_worldwide_influenza_centre	government_virus_unit
A/HongKong/VB24152491/2024	hong_kong_department_of_health_,_public_health_laboratory_services_branch	hong_kong_department_of_health
A/Roraima/2024-018059-IEC/2024	centers_for_disease_control_and_prevention	national_influenza_center
A/Jilin-Chaoyang/1230/2024-egg	centers_for_disease_control_and_prevention	who_chinese_national_influenza_center
A/Jilin-Chaoyang/1230/2024	centers_for_disease_control_and_prevention	who_chinese_national_influenza_center
A/Jonkoping/SE24-11571/2024	public_health_agency_of_sweden	laboratoriemedicin,_klinisk_mikrobiologi,_lanssjukhuset_ryhov_jonkoping_
A/HongKong/ST222943/2024		university_of_hong_kong,_school_of_public_health,_who_collaborating_centre_for_infectious_disease_epidemiology_and_control
A/Zhejiang-NH/11283/2023	zhejiang_provincial_center_for_disease_control_and_prevention	jiaxing_cdc
A/Sydney/289/2024	who_collaborating_centre_for_reference_and_research_on_influenza	clinical_virology_unit,_cdim
A/Shanghai/SHJA0001/2023-egg	ns	seasonal_h3n2
A/Khabarovsk/6/2023	who_national_influenza_centre_russian_federation	center_of_hygiene_and_epidemiology_in_khabarovsk_territory
A/France/ARA-RELAB-HCL024167995901/2024	cnr_virus_des_infections_respiratoires,_france_sud	cnr_virus_des_infections_respiratoires___france_sud
A/HongKong/7160/2024	centers_for_disease_control_and_prevention	government_virus_unit
A/Paraiba/2023-044623-IEC/2023	evandro_chagas_institute	lacen/pb___laboratório_central_de_saúde_pública_da_paraíba
A/Canada/ABPHL-1151/2024	public_health_agency_of_canada_(phac)	alberta_precision_laboratories,_provincial_laboratory_for_public_health
A/France/ARA-HCL024023627101/2024	cnr_virus_des_infections_respiratoires,_france_sud	cnr_virus_des_infections_respiratoires___france_sud
A/France/ARA-RELAB-HCL024052256501/2024	cnr_virus_des_infections_respiratoires,_france_sud	cnr_virus_des_infections_respiratoires___france_sud
A/Wisconsin/74/2024	centers_for_disease_control_and_prevention	wisconsin_state_laboratory_of_hygiene
A/Michigan/UM-CL24-590710/2024		university_of_michigan,_lauring_lab,_department_of_microbiology_and_immunology
A/Guyana/7623/2024	centers_for_disease_control_and_prevention	national_public_health_reference_laboratory
A/Santiago/37436/2024	instituto_de_salud_publica_de_chile	instituto_de_salud_publica_de_chile
A/Queensland/IN000167/2024	public_and_environmental_health_reference_laboratories_(pehrl)	pathology_queensland
A/Ghana/FS-25-0395/2025	noguchi_memorial_institute_for_medical_research_(nmimr)	noguchi_memorial_institute_for_medical_research
A/Niigata-C/24157/2024	national_institute_of_infectious_diseases_(niid)	niigata_city_institute_of_public_health_and_environment
A/Hawaii/ISC-1095/2025	centers_for_disease_control_and_prevention	state_of_hawaii_department_of_health
A/Bangkok/P388/2025	thai_national_influenza_center	thai_national_influenza_center
A/Cambodia/PKH240409/2024	national_institute_of_public_health	national_institute_of_public_health
A/Ghana/FS-25-0874/2025	noguchi_memorial_institute_for_medical_research_(nmimr)	noguchi_memorial_institute_for_medical_research
A/Ghana/FS-25-0983/2025	noguchi_memorial_institute_for_medical_research_(nmimr)	noguchi_memorial_institute_for_medical_research
A/Ghana/FS-25-0289/2025	noguchi_memorial_institute_for_medical_research_(nmimr)	noguchi_memorial_institute_for_medical_research
A/Niger/43/2024	centers_for_disease_control_and_prevention	centre_de_recherche_medicale_et_sanitaire_(cermes)
A/Ghana/FS-25-0245/2025	noguchi_memorial_institute_for_medical_research_(nmimr)	noguchi_memorial_institute_for_medical_research
A/Ghana/FS-24-6279/2024	noguchi_memorial_institute_for_medical_research_	noguchi_memorial_institute_for_medical_research
A/Ghana/FS-25-0942/2025	noguchi_memorial_institute_for_medical_research_(nmimr)	noguchi_memorial_institute_for_medical_research
A/Ghana/FS-24-3952/2024	noguchi_memorial_institute_for_medical_research_	noguchi_memorial_institute_for_medical_research
A/Oman/CPHL_725504/2025	ministry_of_health,_central_public_health_laboratory	central_public_health_laboratories_oman
A/SouthAfrica/R01597/2025	national_institute_for_communicable_diseases_(nicd)	national_institute_for_communicable_diseases_(nicd)
A/SouthAfrica/PATH-CERI-C066253/2025	center_for_epidemic_response_and_innovation_(ceri)	pathcare
A/Catalonia/NSAV198322313/2025	hospital_universitari_vall_d'hebron	hospital_universitari_arnau_de_vilanova
A/Oman/CPHL_725497/2025	ministry_of_health,_central_public_health_laboratory	central_public_health_laboratories_oman
A/SouthAfrica/R01713/2025	national_institute_for_communicable_diseases_(nicd)	national_institute_for_communicable_diseases_(nicd)
A/Texas/ISC-1117/2025	centers_for_disease_control_and_prevention	texas_department_of_state_health_services_laboratory_services
A/Bangkok/F282/2025	thai_national_influenza_center	thai_national_influenza_center
A/Wisconsin/59/2025	centers_for_disease_control_and_prevention	city_of_milwaukee_health_department
A/StPetersburg/RII-MH225727S/2025	who_national_influenza_centre_russian_federation	research_institute_of_influenza,_ministry_of_healthcare_of_the_russian_federation
A/Baltimore/JH-377/2025	johns_hopkins_school_of_medicine	johns_hopkins_school_of_medicine
A/Lebanon/69/2025	crick_worldwide_influenza_centre	rafic_hariri_university_hospital_4th_floor_dna/research_lab
A/Norway/11360/2023-egg	ns	seasonal_h3n2
A/Norway/11360/2023	crick_worldwide_influenza_centre	who_national_influenza_centre
A/Arizona/30/2024	centers_for_disease_control_and_prevention	arizona_department_of_health_services
A/Maldives/Male-NIV241371/2024	icmr_national_institute_of_virology	indira_gandhi_memorial_hospital
A/Philippines/ILI24-1802/2024	research_institute_for_tropical_medicine	baguio_general_hospital_and_medical_center
A/France/ARA-RELAB-HCL025009267301/2025	cnr_virus_des_infections_respiratoires,_france_sud	cnr_virus_des_infections_respiratoires___france_sud
A/Oman/CPHL_725560/2025	ministry_of_health,_central_public_health_laboratory	central_public_health_laboratories_oman
A/AbuDhabi/12125/2024	centers_for_disease_control_and_prevention	shaikh_khalifa_medical_city
A/France/OCC-RELAB-HCL024045656601/2024	cnr_virus_des_infections_respiratoires,_france_sud	cnr_virus_des_infections_respiratoires___france_sud
A/Abudhabi/20214/2024	sheikh_khalifa_medical_city_(skmc)	reference_laboratory_for_infectious_disease_(surveillance_lab)
A/SouthAustralia/2501807956/2025	sa_pathology_laboratory	sa_pathology
A/Lisbon/216/2023	crick_worldwide_influenza_centre	instituto_nacional_de_saude_(insa)
A/California/H20-362-3977/2024		ginkgo_bioworks
A/SouthKorea/14834/2024	u.s._air_force_school_of_aerospace_medicine	u.s._air_force_school_of_aerospace_medicine_
A/India/Pun-Nivcov244009/2024	centers_for_disease_control_and_prevention	national_institute_of_virology
A/India/PUN-NIV24_2990/2024	centers_for_disease_control_and_prevention	national_institute_of_virology
A/Phuket/P3751/2024	thai_national_influenza_center	thai_national_influenza_center
A/Fujairah/1772/2024	centers_for_disease_control_and_prevention	shaikh_khalifa_medical_city
A/India/Pun-NIVCOV244448/2024	who_collaborating_centre_for_reference_and_research_on_influenza	icmr_national_institute_of_virology
A/Maldives/2410/2024	centers_for_disease_control_and_prevention	ministry_of_health
A/Abudhabi/21080/2024	sheikh_khalifa_medical_city_(skmc)	reference_laboratory_for_infectious_disease_(surveillance_lab)
A/Abudhabi/21090/2024	sheikh_khalifa_medical_city_(skmc)	reference_laboratory_for_infectious_disease_(surveillance_lab)
A/France/IDF-IPP29542/2023	crick_worldwide_influenza_centre	institut_pasteur
A/Bangladesh/icddrb-1240408028/2024	international_centre_for_diarrhoeal_disease_research_(icddr,b)	international_centre_for_diarrhoeal_disease_research_(icddr,b)
A/SaoPaulo/357389770-IAL/2023	centers_for_disease_control_and_prevention	instituto_adolfo_lutz
A/France/ARA-RELAB-HCL024056211601/2024	cnr_virus_des_infections_respiratoires,_france_sud	cnr_virus_des_infections_respiratoires___france_sud
A/England/240200294/2023	uk_health_security_agency___colindale	uk_health_security_agency___colindale
A/England/235120403/2023	ukhsa_/_respiratory_virus_unit	uk_health_security_agency___colindale
A/Bangladesh/3008/2024	centers_for_disease_control_and_prevention	icddr,b_international_centre_for_diarrhoeal_disease_research,_bangladesh
A/France/ARA-RELAB-HCL024031533701/2024	cnr_virus_des_infections_respiratoires,_france_sud	cnr_virus_des_infections_respiratoires___france_sud
A/Parana/7349/2024	oswaldo_cruz_foundation	laboratório_central_do_estado_do_paraná___lacen/pr
A/Dakar/38/2024	crick_worldwide_influenza_centre	institut_pasteur_de_dakar__
A/Stavropol/11/2024	who_national_influenza_centre_russian_federation	center_of_hygiene_and_epidemiology_in_stavropol_territory
A/Singapore/CGH0092/2024	ministry_of_health,_singapore	ministry_of_health,_singapore
A/Alagoas/7429/2024	oswaldo_cruz_foundation	laboratório_central_de_saúde_pública_de_alagoas,_lacen_al
A/RiodeJaneiro/1765/2024	oswaldo_cruz_foundation	instituto_oswaldo_cruz_fiocruz___laboratory_of_respiratory_viruses_and_measles_(lvrs)
A/Khabarovsk/61/2023	who_national_influenza_centre_russian_federation	center_of_hygiene_and_epidemiology_in_khabarovsk_territory
A/SouthAfrica/R00823/2024	crick_worldwide_influenza_centre	national_institute_for_communicable_disease
A/HongKong/2938/2024	hong_kong_department_of_health	hong_kong_department_of_health
A/Netherlands/10580/2024	national_institute_for_public_health_and_the_environment_(rivm)	national_institute_for_public_health_and_the_environment_(rivm)
A/Phuket/BOE395/2023	thai_national_influenza_center	thai_national_influenza_center
A/Netherlands/10591/2023	national_institute_for_public_health_and_the_environment_(rivm)	national_institute_for_public_health_and_the_environment_(rivm)
A/Nicaragua/3467/2024	centers_for_disease_control_and_prevention	laboratorio_de_virologia,_direccion_de_microbiologia
A/StPetersburg/RII-300/2023-egg	who_national_influenza_centre_russian_federation	who_national_influenza_centre_russian_federation
A/StPetersburg/RII-300/2023	who_national_influenza_centre_russian_federation	who_national_influenza_centre_russian_federation
A/Queensland/IN000120/2024	public_and_environmental_health_reference_laboratories_(pehrl)	qld,_sullivan_nicolaides_pathology
A/Sydney/488/2024	who_collaborating_centre_for_reference_and_research_on_influenza	4cyte_pathology
A/Ghana/ARI-24-1048/2024	noguchi_memorial_institute_for_medical_research_	noguchi_memorial_institute_for_medical_research
A/Kanagawa/IC2346/2023-egg	centers_for_disease_control_and_prevention	national_institute_of_infectious_diseases_(niid)
A/Kanagawa/IC2346/2023	centers_for_disease_control_and_prevention	national_institute_of_infectious_diseases_(niid)
A/Denmark/2027/2024	statens_serum_institute	statens_serum_institut_
A/Croatia/10165/RV/2023	crick_worldwide_influenza_centre	croatian_institute_of_public_health_
A/Peru/GIHSN-HCL024085008201/2024	cnr_virus_des_infections_respiratoires,_france_sud	instituto_de_investigacion_nutricional_/instituto_de_medicina_tropical_san_marcos
A/BritishColumbia/RV02651/2024	public_health_agency_of_canada_(phac)	b.c._centre_for_disease_control
A/Peru/LAM-INS-117/2024	instituto_nacional_de_salud_peru	laboratorio_de_referencia_nacional_virus_respiratorios,_instituto_nacional_de_salud
A/Indonesia/BIOKES-IUPG004/2024	balai_besar_laboratorium_biologi_kesehatan	balai_besar_laboratorium_biologi_kesehatan
A/NewYork/66/2025	centers_for_disease_control_and_prevention	new_york_city_department_of_health
A/HongKong/1937/2024	crick_worldwide_influenza_centre	government_virus_unit
A/Maryland/MD-MDH-F-00156/2024	maryland_department_of_health	maryland_department_of_health
A/Galicia/52485542/2025	servicio_galego_de_saude	complexo_hospitalario_universitario_de_vigo
A/Alagoas/610/2025	instituto_oswaldo_cruz_fiocruz___laboratory_of_respiratory_viruses_and_measles_(lvrs)	laboratório_central_de_saúde_pública_de_alagoas,_lacen_al
A/France/ARA-HCL025012257401/2025	cnr_virus_des_infections_respiratoires,_france_sud	cnr_virus_des_infections_respiratoires___france_sud
A/FrenchGuiana/30/2025	institut_pasteur_de_la_guyane	institut_pasteur_de_la_guyane
A/France/BFC-RELAB-IPP03191/2025	institut_pasteur_paris	institut_pasteur
A/SouthAfrica/PATH-CERI-C066247/2025	center_for_epidemic_response_and_innovation_(ceri)	pathcare
A/Luxembourg/LNS6427490/2025	laboratoire_national_de_santé	laboratoire_national_de_santé_
A/Oman/CPHL_725268/2025	ministry_of_health,_central_public_health_laboratory	central_public_health_laboratories_oman
A/France/HDF-RELAB-IPP02694/2025	institut_pasteur_paris	institut_pasteur
A/Osaka/38/2024	national_institute_of_infectious_diseases_(niid)	osaka_prefectural_institute_of_public_health
A/Cameroon/24V-12700/2024	centre_pasteur_of_cameroon	centre_pasteur_du_cameroun
A/Cameroon/10054/2024	crick_worldwide_influenza_centre	centre_pasteur_du_cameroun
A/Oti/FS-24-4750/2024	noguchi_memorial_institute_for_medical_research_	noguchi_memorial_institute_for_medical_research
A/Malaysia/IMR-SARI0422/2025	institute_for_medical_research	hospital_tunku_azizah
A/Netherlands/10561/2023-egg	crick_worldwide_influenza_centre	national_institute_for_public_health_and_the_environment_(rivm)
A/Iasi/566573/2024	cantacuzino_institute	cantacuzino_national_military_medical_institute_for_research_and_development
A/Maldives/1141/2024	centers_for_disease_control_and_prevention	ministry_of_health
A/Croatia/10165/RV/2023-egg	ns	seasonal_h3n2
A/England/40/2023	crick_worldwide_influenza_centre	uk_health_security_agency___colindale
A/Nepal/S2636/2024	national_public_health_laboratory,_nepal	national_public_health_laboratory,_nepal
A/Wellington/69/2024	centers_for_disease_control_and_prevention	institute_of_environmental_science_&_research
A/Jeonnam/4066/2024	korea_disease_control_and_prevention_agency_(kdca)	korea_disease_control_and_prevention_agency_(kdca)
A/HongKong/9740/2024	centers_for_disease_control_and_prevention	government_virus_unit
A/Philippines/ILI24-1547/2024	research_institute_for_tropical_medicine	research_institute_for_tropical_medicine,_virology_department
A/Abudhabi/14125/2023	sheikh_khalifa_medical_city_(skmc)	reference_laboratory_for_infectious_disease_(surveillance_lab)
A/Vietnam/PF124012/2024	bach_mai_hospital	bach_mai_hospital
A/Kaliningrad/RII-17/2024	who_national_influenza_centre_russian_federation	who_national_influenza_centre_russian_federation
A/StPetersburg/RII-60/2024-egg	who_national_influenza_centre_russian_federation	who_national_influenza_centre_russian_federation
A/YoshkarOla/RII-MH172443S/2024	who_national_influenza_centre_russian_federation	research_institute_of_influenza,_ministry_of_healthcare_of_the_russian_federation
A/StPetersburg/RII-MH163717S/2023	who_national_influenza_centre_russian_federation	research_institute_of_influenza,_ministry_of_healthcare_of_the_russian_federation
A/HongKong/2810/2024	crick_worldwide_influenza_centre	government_virus_unit
A/Russia/251-59V/2024	state_research_center_of_virology_and_biotechnology_(vector)	state_research_center_of_virology_and_biotechnology_(vector)
A/StPetersburg/RII-1M/2024-egg	who_national_influenza_centre_russian_federation	who_national_influenza_centre_russian_federation
A/StPetersburg/RII-1M/2024	who_national_influenza_centre_russian_federation	who_national_influenza_centre_russian_federation
A/StPetersburg/RII-303/2023-egg	who_national_influenza_centre_russian_federation	who_national_influenza_centre_russian_federation
A/StPetersburg/RII-303/2023	who_national_influenza_centre_russian_federation	who_national_influenza_centre_russian_federation
A/Victoria/1284/2024	who_collaborating_centre_for_reference_and_research_on_influenza	4cyte_pathology
A/StPetersburg/RII-31M/2024	who_national_influenza_centre_russian_federation	who_national_influenza_centre_russian_federation
A/Saratov/RII-15/2023	who_national_influenza_centre_russian_federation	who_national_influenza_centre_russian_federation
A/Saratov/RII-MH164676S/2023	who_national_influenza_centre_russian_federation	research_institute_of_influenza,_ministry_of_healthcare_of_the_russian_federation
A/StPetersburg/RII-8545S/2023	who_national_influenza_centre_russian_federation	who_national_influenza_centre_russian_federation
A/Nigeria/117/2024	centers_for_disease_control_and_prevention	ncdc_public_health_reference_laboratory
A/Singapore/MOH0333/2024	who_collaborating_centre_for_reference_and_research_on_influenza	ministry_of_health,_singapore
A/Kaliningrad/RII-9/2024	who_national_influenza_centre_russian_federation	who_national_influenza_centre_russian_federation
A/StPetersburg/RII-307/2023-egg	who_national_influenza_centre_russian_federation	who_national_influenza_centre_russian_federation
A/StPetersburg/RII-351/2023-egg	who_national_influenza_centre_russian_federation	who_national_influenza_centre_russian_federation
A/StPetersburg/RII-311/2023	who_national_influenza_centre_russian_federation	who_national_influenza_centre_russian_federation
A/Krasnodar/RII-9/2024	who_national_influenza_centre_russian_federation	who_national_influenza_centre_russian_federation
A/YoshkarOla/RII-MH172440S/2024	who_national_influenza_centre_russian_federation	research_institute_of_influenza,_ministry_of_healthcare_of_the_russian_federation
A/Queensland/IN000983/2025	public_and_environmental_health_reference_laboratories_(pehrl)	qld,_sullivan_nicolaides_pathology
A/Kaliningrad/RII-17/2024-egg	who_national_influenza_centre_russian_federation	who_national_influenza_centre_russian_federation
A/Algeria/339/2025	crick_worldwide_influenza_centre	institut_pasteur_d'algerie
A/Darwin/384/2024	who_collaborating_centre_for_reference_and_research_on_influenza	royal_darwin_hospital
A/StPetersburg/RII-286/2023-egg	who_national_influenza_centre_russian_federation	who_national_influenza_centre_russian_federation
A/Kyrgyzstan/101/2023	crick_worldwide_influenza_centre	national_virology_laboratory,_center_microbiological_investigations
A/StPetersburg/RII-311/2023-egg	who_national_influenza_centre_russian_federation	who_national_influenza_centre_russian_federation
A/StPetersburg/RII-286/2023	who_national_influenza_centre_russian_federation	who_national_influenza_centre_russian_federation
A/StPetersburg/RII-31M/2024-egg	who_national_influenza_centre_russian_federation	who_national_influenza_centre_russian_federation
A/StPetersburg/RII-10/2024-egg	who_national_influenza_centre_russian_federation	who_national_influenza_centre_russian_federation
A/StPetersburg/RII-11/2024-egg	who_national_influenza_centre_russian_federation	who_national_influenza_centre_russian_federation
A/StPetersburg/RII-11/2024	who_national_influenza_centre_russian_federation	who_national_influenza_centre_russian_federation
A/StPetersburg/RII-186/2023	who_national_influenza_centre_russian_federation	who_national_influenza_centre_russian_federation
A/StPetersburg/RII-307/2023	who_national_influenza_centre_russian_federation	who_national_influenza_centre_russian_federation
A/StPetersburg/RII-310/2023	who_national_influenza_centre_russian_federation	who_national_influenza_centre_russian_federation
A/StPetersburg/RII-10/2024	who_national_influenza_centre_russian_federation	who_national_influenza_centre_russian_federation
A/StPetersburg/RII-42M/2024-egg	who_national_influenza_centre_russian_federation	who_national_influenza_centre_russian_federation
A/StPetersburg/RII-355/2023	who_national_influenza_centre_russian_federation	who_national_influenza_centre_russian_federation
A/CostaRica/INC-0911-836293/2024	inciensa,_investigación_y_enseñanza_en_nutrición_y_salud	inciensa,_investigación_y_enseñanza_en_nutrición_y_salud
A/StPetersburg/RII-310/2023-egg	who_national_influenza_centre_russian_federation	who_national_influenza_centre_russian_federation
A/Abudhabi/4594/2024	sheikh_khalifa_medical_city_(skmc)	reference_laboratory_for_infectious_disease_(surveillance_lab)
A/Rancagua/4411/2025	instituto_de_salud_pública_de_chile	instituto_de_salud_publica_de_chile
A/MexicoCity/INER-INF_263/2025	national_institute_of_respiratory_diseases	instituto_nacional_de_enfermedades_respiratorias_
A/California/69/2024	centers_for_disease_control_and_prevention	california_department_of_health_services
A/Tokyo/EIS10-162/2024	national_institute_of_infectious_diseases_(niid)	national_institute_of_infectious_diseases_(niid)
A/Wisconsin/NIRC-IS-1174/2025	centers_for_disease_control_and_prevention	wisconsin_state_laboratory_of_hygiene
A/BritishColumbia/RV03173/2024	public_health_agency_of_canada_(phac)	b.c._centre_for_disease_control
A/Victoria/106/2024	who_collaborating_centre_for_reference_and_research_on_influenza	royal_melbourne_hospital
A/Tokyo/EIS10-763/2024	national_institute_of_infectious_diseases_(niid)	national_institute_of_infectious_diseases_(niid)
A/HongKong/VB24089106/2024	hong_kong_department_of_health_,_public_health_laboratory_services_branch	hong_kong_department_of_health
A/Vietnam/PF325088/2025	bach_mai_hospital	bach_mai_hospital
A/Vietnam/PF125019/2025	bach_mai_hospital	bach_mai_hospital
A/Lisbon/216/2023-egg	crick_worldwide_influenza_centre	instituto_nacional_de_saude_(insa)
A/California/H20-353-9339/2023		ginkgo_bioworks
A/Victoria/3157/2023	who_collaborating_centre_for_reference_and_research_on_influenza	royal_melbourne_hospital
A/Queensland/IN000392/2024	public_and_environmental_health_reference_laboratories_(pehrl)	pathology_queensland
A/Bangkok/P379/2025	thai_national_influenza_center	thai_national_influenza_center
A/NakhonPhanom/F976/2025	thai_national_influenza_center	thai_national_influenza_center
A/SouthAfrica/R01135/2025	national_institute_for_communicable_diseases_(nicd)	national_institute_for_communicable_diseases_(nicd)
A/SouthAfrica/R03209/2025	national_institute_for_communicable_diseases_(nicd)	national_institute_for_communicable_diseases_(nicd)
A/SouthAfrica/R01883/2025	national_institute_for_communicable_diseases_(nicd)	national_institute_for_communicable_diseases_(nicd)
A/Victoria/369/2024	who_collaborating_centre_for_reference_and_research_on_influenza	royal_melbourne_hospital
A/SouthAfrica/R01831/2025	national_institute_for_communicable_diseases_(nicd)	national_institute_for_communicable_diseases_(nicd)
A/SouthAfrica/R03151/2025	national_institute_for_communicable_diseases_(nicd)	national_institute_for_communicable_diseases_(nicd)
A/Queensland/IN000591/2024	public_and_environmental_health_reference_laboratories_(pehrl)	pathology_queensland
A/PhraNakhonSiAyutthaya/F935/2025	thai_national_influenza_center	thai_national_influenza_center
A/PhraNakhonSiAyutthaya/F932/2025	thai_national_influenza_center	thai_national_influenza_center
A/PhraNakhonSiAyutthaya/F682/2025	thai_national_influenza_center	thai_national_influenza_center
A/Tokyo/EIS11-439/2025	national_institute_of_infectious_diseases_(niid)	national_institute_of_infectious_diseases_(niid)
A/Lao/4987/2023	centers_for_disease_control_and_prevention	national_center_for_laboratory_and_epidemiology
A/Cambodia/AHC240125/2024	national_institute_of_public_health	national_institute_of_public_health
A/Maldives/1750/2024	centers_for_disease_control_and_prevention	ministry_of_health
A/Para/18248-IEC/2024	evandro_chagas_institute	evandro_chagas_institute
A/StPetersburg/RII-MH166259S/2024	who_national_influenza_centre_russian_federation	research_institute_of_influenza,_ministry_of_healthcare_of_the_russian_federation
A/Paraiba/11021-IEC/2025	evandro_chagas_institute	evandro_chagas_institute
A/SaoPaulo/358152857-IAL/2025	crick_worldwide_influenza_centre	instituto_oswaldo_cruz_fiocruz___laboratory_of_respiratory_viruses_and_measles_(lvrs)
A/Colorado/ISC-1351/2024	centers_for_disease_control_and_prevention	colorado_department_of_health_lab
A/Pernambuco/34448-IEC/2024	evandro_chagas_institute	evandro_chagas_institute
A/England/1040682/2025	ukhsa_/_respiratory_virus_unit	uk_health_security_agency___colindale
A/Bahrain/2842/2024	centers_for_disease_control_and_prevention	ministry_of_health_bahrain
A/Philippines/ILI24-1969/2024	research_institute_for_tropical_medicine	research_institute_for_tropical_medicine,_virology_department
A/Tokyo/EIS10-645/2024	national_institute_of_infectious_diseases_(niid)	national_institute_of_infectious_diseases_(niid)
A/Philippines/SARI24-1487/2024	research_institute_for_tropical_medicine	southern_philippines_medical_center
A/Lao/4984/2023	centers_for_disease_control_and_prevention	national_center_for_laboratory_and_epidemiology
A/Oman/CPHL_725755/2025	ministry_of_health,_central_public_health_laboratory	central_public_health_laboratories_oman
A/Tokyo/EIS11-026/2024	national_institute_of_infectious_diseases_(niid)	national_institute_of_infectious_diseases_(niid)
A/SriLanka/3/2025	who_collaborating_centre_for_reference_and_research_on_influenza	medical_research_institute
A/Okinawa/401/2025	national_institute_of_infectious_diseases_(niid)	okinawa_prefectural_institute_of_health_and_environment
A/Tunisia/813/2025	crick_worldwide_influenza_centre	national_influenza_centre_tunis,_unit_virology,_microbiology_laboratory,_charles_nicolle's_hospital
A/Tokyo/EIS11-475/2025	national_institute_of_infectious_diseases_(niid)	national_institute_of_infectious_diseases_(niid)
A/Queensland/IN000206/2024	public_and_environmental_health_reference_laboratories_(pehrl)	pathology_queensland
A/Chungbuk/391/2025	korea_disease_control_and_prevention_agency_(kdca)	korea_disease_control_and_prevention_agency_(kdca)
A/Incheon/694/2025	korea_disease_control_and_prevention_agency_(kdca)	korea_disease_control_and_prevention_agency_(kdca)
A/Lulea/SE25-01450/2025	public_health_agency_of_sweden	laboratoriemedicin,_mikrobiologiska_laboratoriet,_sunderby_sjukhus_lulea
A/Gwangju/247/2025	korea_disease_control_and_prevention_agency_(kdca)	korea_disease_control_and_prevention_agency_(kdca)
A/Tokyo/EIS11-268/2024	national_institute_of_infectious_diseases_(niid)	national_institute_of_infectious_diseases_(niid)
A/Queensland/IN000148/2024	public_and_environmental_health_reference_laboratories_(pehrl)	pathology_queensland
A/France/ARA-HCL025014381301/2025	cnr_virus_des_infections_respiratoires,_france_sud	cnr_virus_des_infections_respiratoires___france_sud
A/India/Csn-NIV24_2972/2024	icmr_national_institute_of_virology	icmr_national_institute_of_virology
A/Chaykovsky/RII-MH184486S/2024	who_national_influenza_centre_russian_federation	research_institute_of_influenza,_ministry_of_healthcare_of_the_russian_federation
A/HongKong/2554/2024	hong_kong_department_of_health_,_public_health_laboratory_services_branch	hong_kong_department_of_health
A/Netherlands/10561/2023	crick_worldwide_influenza_centre	national_institute_for_public_health_and_the_environment_(rivm)
A/Perth/653/2023	who_collaborating_centre_for_reference_and_research_on_influenza	pathwest_qe_ii_medical_centre
A/Queensland/IN000548/2024	public_and_environmental_health_reference_laboratories_(pehrl)	pathology_queensland
A/Auckland/135/2024	centers_for_disease_control_and_prevention	institute_of_environmental_science_&_research
A/Perth/722/2024	who_collaborating_centre_for_reference_and_research_on_influenza	medimmune_astrazeneca_global_operations
A/Temuco/27005/2024	instituto_de_salud_publica_de_chile	instituto_de_salud_publica_de_chile
A/Virginia/19/2023	centers_for_disease_control_and_prevention	virginia_division_of_consolidated_laboratories
A/Pernambuco/12647-IEC/2025	evandro_chagas_institute	evandro_chagas_institute
A/Switzerland/71762/2023-egg	ns	seasonal_h3n2
A/Switzerland/71762/2023	crick_worldwide_influenza_centre	swiss_national_reference_centre_for_influenza
A/Switzerland/8649/2023	centers_for_disease_control_and_prevention	national_institute_for_medical_research
A/Switzerland/8649/2023-egg	ns	seasonal_h3n2
A/Switzerland/25797/2023-egg	ns	seasonal_h3n2
A/Switzerland/25797/2023	crick_worldwide_influenza_centre	swiss_national_reference_centre_for_influenza
A/StPetersburg/RII-6444S/2023	who_national_influenza_centre_russian_federation	who_national_influenza_centre_russian_federation
A/Colorado/ISC-1301/2025	centers_for_disease_control_and_prevention	colorado_department_of_health_lab
A/HongKong/802/2025	hong_kong_department_of_health	hong_kong_department_of_health
A/Jeonnam/511/2025	korea_disease_control_and_prevention_agency_(kdca)	korea_disease_control_and_prevention_agency_(kdca)
A/Oman/CPHL_725625/2025	ministry_of_health,_central_public_health_laboratory	central_public_health_laboratories_oman
A/Oman/CPHL_725767/2025	ministry_of_health,_central_public_health_laboratory	central_public_health_laboratories_oman
A/Oman/CPHL_725783/2025	ministry_of_health,_central_public_health_laboratory	central_public_health_laboratories_oman
A/Vietnam/PF224500/2025	bach_mai_hospital	bach_mai_hospital
A/Vietnam/PF125034/2025	bach_mai_hospital	bach_mai_hospital
A/Taiwan/C21525/2024	taiwan_centers_for_disease_control	taiwan_centers_for_disease_control
A/Vietnam/FP325128/2025	bach_mai_hospital	bach_mai_hospital
A/Gangwon/587/2025	korea_disease_control_and_prevention_agency_(kdca)	korea_disease_control_and_prevention_agency_(kdca)
A/SouthAustralia/2503614687/2025	sa_pathology_laboratory	sa_pathology
A/Seoul/597/2025	korea_disease_control_and_prevention_agency_(kdca)	korea_disease_control_and_prevention_agency_(kdca)
A/Tokyo/EIS11-465/2025	national_institute_of_infectious_diseases_(niid)	national_institute_of_infectious_diseases_(niid)
A/Cheboksary/RII-MH223465S/2025	who_national_influenza_centre_russian_federation	research_institute_of_influenza,_ministry_of_healthcare_of_the_russian_federation
A/Chungbuk/380/2025	korea_disease_control_and_prevention_agency_(kdca)	korea_disease_control_and_prevention_agency_(kdca)
A/Tokyo/EIS10-825/2024	national_institute_of_infectious_diseases_(niid)	national_institute_of_infectious_diseases_(niid)
A/SolomonIslands/4/2025	who_collaborating_centre_for_reference_and_research_on_influenza	national_referral_hospital
A/Jeju/523/2025	korea_disease_control_and_prevention_agency_(kdca)	korea_disease_control_and_prevention_agency_(kdca)
A/Tokyo/EIS11-456/2025	national_institute_of_infectious_diseases_(niid)	national_institute_of_infectious_diseases_(niid)
A/SolomonIslands/3/2025	who_collaborating_centre_for_reference_and_research_on_influenza	national_referral_hospital
A/Tokyo/EIS10-826/2024	national_institute_of_infectious_diseases_(niid)	national_institute_of_infectious_diseases_(niid)
A/Bangkok/P399/2025	thai_national_influenza_center	thai_national_influenza_center
A/ChiangRai/F379/2025	thai_national_influenza_center	thai_national_influenza_center
A/HongKong/3042/2024	hong_kong_department_of_health	hong_kong_department_of_health
A/India/Pdy-NIV25_04/2024	icmr_national_institute_of_virology	icmr_national_institute_of_virology
A/Bhutan/1953/2024	centers_for_disease_control_and_prevention	royal_centre_for_disease_control
A/Washington/UW-89120/2025		laboratory_medicine_and_pathology,_university_of_washington_
A/Ulsan/610/2025	korea_disease_control_and_prevention_agency_(kdca)	korea_disease_control_and_prevention_agency_(kdca)
A/Nepal/N132/2025	who_collaborating_centre_for_reference_and_research_on_influenza	national_public_health_laboratory
A/Galicia/GA-CHUAC-158/2024	hospital_universitario_de_a_coruña	a_coruna_university_hospital_complex_(chuac)
A/Myanmar/24M169/2024	niigata_university	niigata_university
A/HongKong/2123/2024	crick_worldwide_influenza_centre	government_virus_unit
A/Andalucia/1537/2024	instituto_de_salud_carlos_iii	servicio_de_microbiología_hospital_virgen_de_las_nieves
A/HongKong/426/2025	hong_kong_department_of_health	hong_kong_department_of_health
A/Massachusetts/ISC-1403/2025	centers_for_disease_control_and_prevention	massachusetts_department_of_public_health
A/FrenchGuiana/87/2025	institut_pasteur_de_la_guyane	centre_hospitalier_de_l'ouest_guyanais
A/Ulsan/319/2025	korea_disease_control_and_prevention_agency_(kdca)	korea_disease_control_and_prevention_agency_(kdca)
A/Massachusetts/ISC-1144/2025	centers_for_disease_control_and_prevention	massachusetts_department_of_public_health
A/India/DHA-NIV24_3092/2024	centers_for_disease_control_and_prevention	national_institute_of_virology
A/SouthAfrica/R03117/2025	national_institute_for_communicable_diseases_(nicd)	national_institute_for_communicable_diseases_(nicd)
A/SouthAustralia/2500704092/2025	sa_pathology_laboratory	sa_pathology
A/NakhonPhanom/F507/2025	thai_national_influenza_center	thai_national_influenza_center
A/Cambodia/KPH240067/2024	national_institute_of_public_health	national_institute_of_public_health
A/Bangladesh/1958/2024	centers_for_disease_control_and_prevention	institute_of_epidemiology_disease_control_and_research_(iedcr)_&_bangladesh_national_influenza_centre_(nic)
A/Bangladesh/icddrb-3240409010/2024	international_centre_for_diarrhoeal_disease_research_(icddr,b)	international_centre_for_diarrhoeal_disease_research_(icddr,b)
A/Baleares/395/2024	instituto_de_salud_carlos_iii	servicio_de_microbiología_hospital_universitario_son_espases
A/Bangladesh/4001/2024	centers_for_disease_control_and_prevention	icddr,b_international_centre_for_diarrhoeal_disease_research,_bangladesh
A/NakhonPhanom/F2412/2024	thai_national_influenza_center	thai_national_influenza_center
A/Cambodia/KVH240157/2024	national_institute_of_public_health	national_institute_of_public_health
A/ChiangRai/P786/2024	thai_national_influenza_center	thai_national_influenza_center
A/Para/18232-IEC/2024	evandro_chagas_institute	evandro_chagas_institute
A/Canberra/462/2023	who_collaborating_centre_for_reference_and_research_on_influenza	canberra_hospital
A/Florida/72/2023	centers_for_disease_control_and_prevention	florida_department_of_health_tampa
A/Abudhabi/21245/2024	sheikh_khalifa_medical_city_(skmc)	reference_laboratory_for_infectious_disease_(surveillance_lab)
A/Oman/CPHL_725323/2025	ministry_of_health,_central_public_health_laboratory	central_public_health_laboratories_oman
A/Tokyo/EIS10-591/2024	centers_for_disease_control_and_prevention	national_institute_of_infectious_diseases_(niid)
A/Oman/CPHL_725357/2025	ministry_of_health,_central_public_health_laboratory	central_public_health_laboratories_oman
A/HongKong/504/2025	hong_kong_department_of_health	hong_kong_department_of_health
A/Oman/CPHL_725588/2025	ministry_of_health,_central_public_health_laboratory	central_public_health_laboratories_oman
A/DistritoFederal/23534405/2024	laboratório_central_de_saúde_pública_do_distrito_federal	laboratório_central_de_saúde_pública_do_distrito_federal
A/Oman/CPHL_725812/2025	ministry_of_health,_central_public_health_laboratory	central_public_health_laboratories_oman
A/Bangkok/F1235/2024	thai_national_influenza_center	thai_national_influenza_center
A/Oman/CPHL_725327/2025	ministry_of_health,_central_public_health_laboratory	central_public_health_laboratories_oman
A/Wisconsin/128/2023	centers_for_disease_control_and_prevention	wisconsin_state_laboratory_of_hygiene
A/Oman/CPHL_725532/2025	ministry_of_health,_central_public_health_laboratory	central_public_health_laboratories_oman
A/Santiago/96240/2023	instituto_de_salud_publica_de_chile	instituto_de_salud_publica_de_chile
A/Tokyo/EIS11-654/2025	national_institute_of_infectious_diseases_(niid)	national_institute_of_infectious_diseases_(niid)
A/Florida/ISC-1167/2024	centers_for_disease_control_and_prevention	florida_department_of_health_tampa
A/Gyeongbuk/588/2025	korea_disease_control_and_prevention_agency_(kdca)	korea_disease_control_and_prevention_agency_(kdca)
A/Jeju/4080/2024	korea_disease_control_and_prevention_agency_(kdca)	korea_disease_control_and_prevention_agency_(kdca)
A/Queensland/IN000051/2024	public_and_environmental_health_reference_laboratories_(pehrl)	pathology_queensland
A/Queensland/IN000029/2024	public_and_environmental_health_reference_laboratories_(pehrl)	mater_pathology
A/Queensland/IN000046/2024	public_and_environmental_health_reference_laboratories_(pehrl)	pathology_queensland
A/NewJersey/GKISBBBE52466/2025		concentric_by_ginkgo_bioworks
A/England/3440678/2024	ukhsa_/_respiratory_virus_unit	uk_health_security_agency___colindale
A/Antofagasta/42973/2024	instituto_de_salud_publica_de_chile	instituto_de_salud_publica_de_chile
A/Bolivia/719/2024	national_center_of_tropical_diseases	cenetrop
A/Bolivia/INF240301093/2024	national_center_of_tropical_diseases	cenetrop
A/SouthAustralia/2503904251/2025	sa_pathology_laboratory	sa_pathology
A/England/235080332/2023	ukhsa_/_respiratory_virus_unit	uk_health_security_agency___colindale
A/Canberra/480/2023	who_collaborating_centre_for_reference_and_research_on_influenza	canberra_hospital
A/Auckland/71/2023	centers_for_disease_control_and_prevention	institute_of_environmental_science_&_research
A/Indiana/8/2023	centers_for_disease_control_and_prevention	indiana_state_department_of_health_laboratories
A/StPetersburg/RII-351/2023	who_national_influenza_centre_russian_federation	who_national_influenza_centre_russian_federation
A/Tasmania/414/2023	who_collaborating_centre_for_reference_and_research_on_influenza	royal_hobart_hospital
A/France/BFC-RELAB-IPP33021/2023	institut_pasteur	institut_pasteur
A/Bangladesh/3043/2024	centers_for_disease_control_and_prevention	icddr,b_international_centre_for_diarrhoeal_disease_research,_bangladesh
A/SouthAustralia/2502706007/2025	sa_pathology_laboratory	sa_pathology
A/Victoria/142/2025	who_collaborating_centre_for_reference_and_research_on_influenza	alfred_hospital
A/SouthAustralia/2503715397/2025	sa_pathology_laboratory	sa_pathology
A/Montana/44/2024	centers_for_disease_control_and_prevention	montana_laboratory_services_bureau
A/Michigan/UM-10062530739/2025		university_of_michigan,_lauring_lab,_department_of_microbiology_and_immunology
A/HongKong/734/2025	hong_kong_department_of_health	hong_kong_department_of_health
A/Victoria/170/2025	who_collaborating_centre_for_reference_and_research_on_influenza	royal_melbourne_hospital
A/Arizona/50/2025	centers_for_disease_control_and_prevention	arizona_state_university
A/NewYork/NIRC-IS-1047/2025	centers_for_disease_control_and_prevention	new_york_state_department_of_health
A/Chungbuk/532/2025	korea_disease_control_and_prevention_agency_(kdca)	korea_disease_control_and_prevention_agency_(kdca)
A/MinasGerais/10228/2024	instituto_oswaldo_cruz_fiocruz___laboratory_of_respiratory_viruses_and_measles_(lvrs)	funed_mg
A/Yakutia/198-9V/2025	state_research_center_of_virology_and_biotechnology_(vector)	center_of_hygiene_and_epidemiology_in_republic_of_sakha_(yakutia)
A/Santiago/11988/2025	instituto_de_salud_pública_de_chile	instituto_de_salud_publica_de_chile
A/HongKong/2124/2024	crick_worldwide_influenza_centre	government_virus_unit
A/Coyhaique/16035/2025	instituto_de_salud_pública_de_chile	instituto_de_salud_publica_de_chile
A/Coyhaique/14936/2025	instituto_de_salud_pública_de_chile	instituto_de_salud_publica_de_chile
A/Coyhaique/14932/2025	instituto_de_salud_pública_de_chile	instituto_de_salud_publica_de_chile
A/HongKong/3062/2024	hong_kong_department_of_health	hong_kong_department_of_health
A/SouthAustralia/2504414460/2025	sa_pathology_laboratory	sa_pathology
A/France/IDF-IPP13862/2024	institut_pasteur_paris	institut_pasteur
A/WestVirginia/8/2025	centers_for_disease_control_and_prevention	west_virginia_office_of_laboratory_services
A/Tokyo/EIS11-171/2024	national_institute_of_infectious_diseases_(niid)	national_institute_of_infectious_diseases_(niid)
A/Tokyo/EIS11-434/2025	national_institute_of_infectious_diseases_(niid)	national_institute_of_infectious_diseases_(niid)
A/France/NAQ-RELAB-HCL025040166201/2025	cnr_virus_des_infections_respiratoires,_france_sud	cnr_virus_des_infections_respiratoires___france_sud
A/Pernambuco/12664-IEC/2025	evandro_chagas_institute	evandro_chagas_institute
A/Pernambuco/9892-IEC/2025	evandro_chagas_institute	evandro_chagas_institute
A/Pernambuco/4005-IEC/2025	evandro_chagas_institute	evandro_chagas_institute
A/Ecuador/6687/2025	centers_for_disease_control_and_prevention	inspi
A/Baltimore/JH-1020/2025	johns_hopkins_school_of_medicine	johns_hopkins_school_of_medicine
A/Minnesota/ISC-1228/2025	centers_for_disease_control_and_prevention	minnesota_department_of_health
A/Ohio/58/2025	centers_for_disease_control_and_prevention	university_hospitals_cleveland_medical_center
A/Massachusetts/ISC-1259/2024	centers_for_disease_control_and_prevention	massachusetts_department_of_public_health
A/Victoria/143/2025	who_collaborating_centre_for_reference_and_research_on_influenza	alfred_hospital
A/Queensland/IN000915/2025	public_and_environmental_health_reference_laboratories_(pehrl)	qld,_sullivan_nicolaides_pathology
A/California/LACPHL-INF01039/2024		los_angeles_county_public_health_laboratories,_lab_microbial_pathogen_submission_group
A/Michigan/UM-10061991845/2025		university_of_michigan,_lauring_lab,_department_of_microbiology_and_immunology
A/HongKong/580/2025	hong_kong_department_of_health	hong_kong_department_of_health