strain	submitting_lab	originating_lab
B/Sydney/503/2005	other_database_import	
B/Akita/27/2001-egg	pb2	seasonal_vic
B/HongKong/6/2001-egg	pb2	seasonal_vic
B/HongKong/22/2001	other_database_import	
B/HongKong/330/2001-egg	pb2	seasonal_vic
B/HongKong/330/2001	other_database_import	
B/HongKong/1434/2002-egg	pb2	seasonal_vic
B/HongKong/167/2002-egg	pb2	seasonal_vic
B/HongKong/1115/2002-egg	pb2	seasonal_vic
B/HongKong/123/2001-egg	pb2	seasonal_vic
B/HongKong/28/2001	other_database_import	
B/Hawaii/10/2001-egg	pb2	seasonal_vic
B/Victoria/506/2002	other_database_import	
B/Trieste/28/2002	other_database_import	
B/Nanchang/6/1998	other_database_import	
B/Chiba/447/1998	other_database_import	
B/Nanchang/2/1997	other_database_import	
B/Henan/22/1997	other_database_import	
B/Shiga/51/1998	other_database_import	
B/Beijing/243/1997	other_database_import	
B/Osaka/547/1997	other_database_import	
B/Shandong/7/1997	other_database_import	erasmus_medical_center
B/Malaysia/15048/1998	other_database_import	
B/Taiwan/1484/2001	other_database_import	
B/Tehran/80/2002	other_database_import	
B/Brisbane/47/2002	other_database_import	
B/Brisbane/7/2002	other_database_import	
B/Moscow/3/2003	other_database_import	
B/India/VD1041860/2010	other_database_import	
B/Barcelona/215/2003	other_database_import	
B/Sydney/24/2002	other_database_import	
B/Sydney/204/2002	other_database_import	
B/Victoria/349/2002	other_database_import	
B/Victoria/115/2002	other_database_import	
B/Sydney/203/2002	other_database_import	
B/Houston/B75/2002	other_database_import	
B/LosAngeles/1/2002	other_database_import	
B/Wellington/8/2002	other_database_import	
B/Victoria/159/2002	other_database_import	
B/Israel/95/2003	other_database_import	
B/Perth/25/2002	other_database_import	
B/Sydney/6/2002	other_database_import	
B/Christchurch/118/2002	other_database_import	
B/Sydney/211/2002	other_database_import	
B/Brisbane/39/2002	other_database_import	
B/Iowa/3/2002-egg	pb2	seasonal_vic
B/Houston/B70/2002	other_database_import	
B/Brisbane/32/2002-egg	pb2	seasonal_vic
B/NewYork/1049/2002	other_database_import	
B/Christchurch/111/2002	other_database_import	
B/Dunedin/1/2002	other_database_import	
B/Auckland/35/2002	other_database_import	
B/Christchurch/84/2002	other_database_import	
B/Taiwan/2643/2002-egg	other_database_import	
B/Sydney/70/2002	other_database_import	
B/Townsville/11/2002	other_database_import	
B/Victoria/502/2002	other_database_import	
B/Taiwan/3246/2002-egg	other_database_import	
B/NewYork/1051/2002	other_database_import	
B/Sydney/7/2002	other_database_import	
B/Sydney/213/2002	other_database_import	
B/Sydney/11/2002	other_database_import	
B/Brisbane/30/2002-egg	other_database_import	
B/Townsville/5/2002	other_database_import	
B/Sydney/72/2002	other_database_import	
B/Brisbane/25/2002-egg	other_database_import	
B/Victoria/356/2002	other_database_import	
B/Sydney/202/2002	other_database_import	
B/Brisbane/27/2002-egg	other_database_import	
B/Brisbane/24/2002-egg	other_database_import	
B/Brisbane/11/2002	other_database_import	
B/Victoria/113/2002	other_database_import	
B/Brisbane/2/2002	other_database_import	
B/Waikato/27/2002	other_database_import	
B/Victoria/412/2002	other_database_import	
B/NewYork/1050/2002	other_database_import	
B/Houston/B77/2002	other_database_import	
B/Houston/B74/2002	other_database_import	
B/Houston/B71/2002	other_database_import	
B/Jeju/303/2003	other_database_import	
B/HongKong/553a/2003	other_database_import	
B/Waikato/6/2002	other_database_import	
B/Houston/B88/2003	other_database_import	
B/HongKong/1351/2002-egg	pb2	seasonal_vic
B/Hawaii/NHRC0001/2003	other_database_import	
B/Thailand/CU-B2390/2010	other_database_import	
B/Singapore/616/2008	who_collaborating_centre_for_reference_and_research_on_influenza	singapore_general_hospital
B/Vietnam/107/2011	centers_for_disease_control_and_prevention	national_institute_of_hygiene_and_epidemiology
B/Vietnam/92/2011	centers_for_disease_control_and_prevention	national_institute_of_hygiene_and_epidemiology
B/Lao/89/2011	centers_for_disease_control_and_prevention	national_center_for_laboratory_and_epidemiology
B/Thailand/CU-B4585/2011	other_database_import	
B/Sydney/19/2005	other_database_import	
B/Taiwan/94/2005	other_database_import	
B/Taiwan/417/2005-egg	other_database_import	
B/Taiwan/70061/2006	other_database_import	
B/Wellington/69/2005	other_database_import	
B/Waikato/58/2005	other_database_import	
B/Christchurch/209/2005	other_database_import	
B/Wellington/94/2005	other_database_import	
B/Wellington/87/2005	other_database_import	
B/Wellington/3/2005	other_database_import	
B/Wellington/18/2005	other_database_import	
B/Auckland/126/2005	other_database_import	
B/Waikato/188/2005	other_database_import	
B/Victoria/514/2005	other_database_import	
B/Malaysia/33772/2005	other_database_import	
B/Malaysia/33808/2006	other_database_import	
B/Malaysia/34094/2006	other_database_import	
B/Malaysia/33937/2006	other_database_import	
B/Malaysia/1781325/2007	other_database_import	
B/Malaysia/1733951/2007	other_database_import	
B/Malaysia/33951/2006	other_database_import	
B/Malaysia/34079/2006	other_database_import	
B/Malaysia/33021/2005	other_database_import	
B/Malaysia/33922/2006	other_database_import	
B/Malaysia/33271/2005	other_database_import	
B/Malaysia/1723975/2007	other_database_import	
B/Malaysia/30552/2004	other_database_import	
B/HongKong/310/2004-egg	pb2	seasonal_vic
B/HongKong/310/2004	other_database_import	
B/Malaysia/29570/2004	other_database_import	
B/Malaysia/30474/2004	other_database_import	
B/Malaysia/31529/2005	other_database_import	
B/Fujian/Gulou1272/2008-egg	other_database_import	
B/Taiwan/70690/2006	other_database_import	
B/Sydney/3/2009	other_database_import	clinical_virology_unit,_cdim
B/HongKong/230/2009-egg	centers_for_disease_control_and_prevention	government_virus_unit
B/Beijing-Xicheng/11082/2010	who_chinese_national_influenza_center	who_chinese_national_influenza_center
B/Malaysia/30238/2004	other_database_import	
B/Malaysia/31752/2005	other_database_import	
B/Nepal/1331/2005-egg	pb2	seasonal_vic
B/Nepal/1331/2005	other_database_import	
B/Sydney/9/2006	other_database_import	
B/Sydney/8/2006	other_database_import	
B/Sydney/7/2006	other_database_import	
B/Sydney/11/2006	other_database_import	
B/Brisbane/38/2006	other_database_import	
B/Malaysia/30743/2005	other_database_import	
B/Malaysia/2506/2004-egg	other_database_import	
B/Malaysia/30589/2005	other_database_import	
B/Michigan/4/2006-egg	pb2	seasonal_vic
B/NewYork/1121/2007	other_database_import	
B/Texas/UR06-0541/2007	other_database_import	
B/SouthCarolina/NHRC0001/2006	other_database_import	
B/Brisbane/74/2006	other_database_import	
B/Brisbane/31/2006	other_database_import	
B/Brisbane/90/2006	other_database_import	
B/Brisbane/77/2006	other_database_import	
B/NewYork/1111/2007	other_database_import	
B/NewYork/1126/2007	other_database_import	
B/California/NHRC0001/2006	other_database_import	
B/NewYork/1091/2006	other_database_import	
B/NewYork/1097/2006	other_database_import	
B/NewYork/1103/2007	other_database_import	
B/Illinois/UR06-0016/2007	other_database_import	
B/Mississippi/UR06-0317/2007	other_database_import	
B/Mississippi/UR06-0551/2007	other_database_import	
B/Texas/NHRC0001/2006	other_database_import	
B/HongKong/90/2008-egg	who_collaborating_centre_for_reference_and_research_on_influenza	centers_for_disease_control_and_prevention
B/Brisbane/4/2007	other_database_import	
B/Victoria/506/2008	other_database_import	
B/Sydney/95/2008	other_database_import	
B/Sydney/65/2008	other_database_import	
B/Sydney/56/2008	other_database_import	westmead_hospital
B/Sydney/504/2007	other_database_import	
B/Sydney/300/2007	other_database_import	
B/Victoria/207/2007	other_database_import	
B/Victoria/210/2007	other_database_import	victorian_infectious_diseases_reference_laboratory_
B/Victoria/206/2007	other_database_import	
B/Victoria/217/2007	other_database_import	
B/Sydney/505/2007	other_database_import	
B/Brisbane/20/2007	other_database_import	
B/Brisbane/10/2007	other_database_import	
B/Brisbane/7/2007	other_database_import	
B/Brisbane/15/2007	other_database_import	
B/Brisbane/13/2007	other_database_import	
B/Brisbane/22/2007	other_database_import	
B/Brisbane/11/2007	other_database_import	
B/Sydney/21/2008	other_database_import	
B/Bolivia/104/2010-egg	centers_for_disease_control_and_prevention	instituto_nacional_de_laboratoriosde_salud_(inlasa)
B/Bolivia/104/2010	centers_for_disease_control_and_prevention	instituto_nacional_de_laboratoriosde_salud_(inlasa)
B/Texas/UR06-0343/2007	other_database_import	
B/Southaustralia/7/2011	who_collaborating_centre_for_reference_and_research_on_influenza	institute_of_medical_and_veterinary_science_(imvs)
B/NewYork/1205/2009	other_database_import	
B/Nicaragua/AGB2-15/2012	other_database_import	
B/Nicaragua/AGB2-24/2012	other_database_import	
B/Nicaragua/AGB2-25/2012	other_database_import	
B/Nicaragua/AGB2-07/2012	other_database_import	
B/Nicaragua/AGB2-29/2012	other_database_import	
B/Usa/8B1/2011		university_of_washington
B/NorthCarolina/4/2011	centers_for_disease_control_and_prevention	north_carolina_state_laboratory_of_public_health
B/NorthCarolina/22/2011	centers_for_disease_control_and_prevention	north_carolina_state_laboratory_of_public_health
B/NewYork/1254/2011	other_database_import	
B/Texas/7/2011	centers_for_disease_control_and_prevention	texas_childrens_hospital
B/NewYork/1242/2010	other_database_import	
B/NewYork/1295/2011	other_database_import	
B/Sydney/22/2011	other_database_import	
B/Iceland/48/2011	crick_worldwide_influenza_centre	landspitali___university_hospital_
B/NewYork/1304/2011	other_database_import	
B/NewYork/1317/2011	other_database_import	
B/NewYork/1261/2011	other_database_import	
B/Boston/DB03/2011	other_database_import	
B/Virginia/4/2011	centers_for_disease_control_and_prevention	virginia_division_of_consolidated_laboratories
B/NewYork/1280/2011	other_database_import	
B/NewYork/1246/2011	other_database_import	
B/Townsville/1/2011	other_database_import	
B/NewYork/1291/2011	other_database_import	
B/Denmark/23/2012	crick_worldwide_influenza_centre	statens_serum_institute
B/Brisbane/61/2011	who_collaborating_centre_for_reference_and_research_on_influenza	queensland_health_scientific_services
B/Brisbane/111/2011	other_database_import	
B/Brisbane/64/2011	other_database_import	
B/Brisbane/94/2011	other_database_import	
B/Townsville/10/2011	other_database_import	
B/Victoria/54/2011	other_database_import	
B/Darwin/1/2012	who_collaborating_centre_for_reference_and_research_on_influenza	royal_darwin_hospital
B/Victoria/593/2011	other_database_import	
B/Victoria/511/2011	other_database_import	
B/Victoria/38/2011	other_database_import	
B/Victoria/46/2011	other_database_import	
B/Victoria/509/2011	other_database_import	
B/Sydney/503/2011	other_database_import	
B/Yaounde/11V-20028/2011	crick_worldwide_influenza_centre	centre_pasteur_du_cameroun
B/Yaounde/11V-18591/2011	crick_worldwide_influenza_centre	centre_pasteur_du_cameroun
B/Cameroon/13V-16387GVFI/2011	crick_worldwide_influenza_centre	centre_pasteur_du_cameroun
B/Cameroon/LEID/07/2011/1846/2011	crick_worldwide_influenza_centre	centre_pasteur_du_cameroun
B/NewYork/1238/2010	other_database_import	
B/Sydney/501/2011	other_database_import	childrens_hospital_westmead
B/NewYork/1308/2011	other_database_import	
B/NewYork/1260/2011	other_database_import	
B/Usa/7H4/2011		university_of_washington
B/NewYork/1266/2011	other_database_import	
B/Cameroon/11V-12076GVFI/2011	crick_worldwide_influenza_centre	centre_pasteur_du_cameroun
B/Yaounde/11V-20231/2011	crick_worldwide_influenza_centre	centre_pasteur_du_cameroun
B/Attecoube/GR887/2011	crick_worldwide_influenza_centre	pasteur_institut_of_côte_d'ivoire
B/Gambia-PERCH/2/2012	kemri_wellcome_trust_research_programme_(kwtrp)	kemri_wellcome_trust_research_programme_(kwtrp)
B/Gambia-PERCH/1/2012	kemri_wellcome_trust_research_programme_(kwtrp)	kemri_wellcome_trust_research_programme_(kwtrp)
B/Mali-PERCH/2/2012	kemri_wellcome_trust_research_programme_(kwtrp)	kemri_wellcome_trust_research_programme_(kwtrp)
B/Mali-PERCH/4/2013	kemri_wellcome_trust_research_programme_(kwtrp)	kemri_wellcome_trust_research_programme_(kwtrp)
B/Mali-PERCH/6/2013	kemri_wellcome_trust_research_programme_(kwtrp)	kemri_wellcome_trust_research_programme_(kwtrp)
B/Mali-PERCH/5/2013	kemri_wellcome_trust_research_programme_(kwtrp)	kemri_wellcome_trust_research_programme_(kwtrp)
B/Mali-PERCH/2/2013	kemri_wellcome_trust_research_programme_(kwtrp)	kemri_wellcome_trust_research_programme_(kwtrp)
B/Mali-PERCH/3/2013	kemri_wellcome_trust_research_programme_(kwtrp)	kemri_wellcome_trust_research_programme_(kwtrp)
B/Mali-PERCH/1/2013	kemri_wellcome_trust_research_programme_(kwtrp)	kemri_wellcome_trust_research_programme_(kwtrp)
B/Georgia/NHRC0001/2003	other_database_import	
B/Geneva/5079/2003	other_database_import	
B/NewYork/1055/2003	other_database_import	
B/NewYork/1057/2003	other_database_import	
B/NewYork/1056/2003	other_database_import	
B/Houston/B86/2003	other_database_import	
B/Illinois/NHRC0001/2003	other_database_import	
B/Temple/B30/2003	other_database_import	
B/NewYork/1394/2003	other_database_import	
B/NewYork/1059/2003	other_database_import	
B/Missouri/NHRC0001/2003	other_database_import	
B/Houston/B87/2003	other_database_import	
B/Auckland/1/2003	other_database_import	
B/California/NHRC0005/2003	other_database_import	
B/California/NHRC0004/2003	other_database_import	
B/Paraguay/636/2003	other_database_import	
B/Temple/B19/2003	other_database_import	
B/NewYork/1058/2003	other_database_import	
B/SouthCarolina/4/2003	other_database_import	
B/Houston/B81/2003	other_database_import	
B/Houston/B84/2003	other_database_import	
B/Temple/B24/2003	other_database_import	
B/Temple/B18/2003	other_database_import	
B/Houston/B79/2003	other_database_import	
B/Temple/B20/2003	other_database_import	
B/Memphis/13/2003	other_database_import	
B/Temple/B21/2003	other_database_import	
B/Temple/B17/2003	other_database_import	
B/Taiwan/91061/2005	other_database_import	
B/Hawaii/13/2004-egg	pb2	seasonal_vic
B/Hawaii/11/2004-egg	pb2	seasonal_vic
B/Hawaii/33/2004	other_database_import	
B/Mississippi/UR06-0492/2007	other_database_import	
B/Mississippi/UR06-0550/2007	other_database_import	
B/NewYork/1109/2007	other_database_import	
B/NewYork/1101/2007	other_database_import	
B/NewYork/1100/2007	other_database_import	
B/NewYork/1117/2007	other_database_import	
B/NewYork/1107/2007	other_database_import	
B/NewYork/1075/2005	other_database_import	
B/Brisbane/38/2005	other_database_import	
B/Brisbane/10/2006	other_database_import	
B/Brisbane/93/2006	other_database_import	
B/NewYork/1084/2005	other_database_import	
B/NewYork/1081/2005	other_database_import	
B/Thailand/CU-243/2006	other_database_import	
B/Thailand/CU-364/2008	other_database_import	
B/Victoria/120/2005	other_database_import	
B/Victoria/518/2005	other_database_import	
B/Victoria/505/2005	other_database_import	monash_medical_centre
B/Sydney/12/2005	other_database_import	
B/Victoria/528/2005	other_database_import	
B/Sydney/504/2005	other_database_import	
B/Victoria/310/2005	other_database_import	
B/Victoria/527/2005	other_database_import	
B/Victoria/522/2005	other_database_import	
B/Brisbane/44/2006	other_database_import	
B/Tennessee/UR06-0559/2007	other_database_import	
B/Tennessee/UR06-0460/2007	other_database_import	
B/Malaysia/1895275/2007	other_database_import	
B/Waikato/1/2007	other_database_import	institute_of_environmental_science_&_research
B/Brisbane/5/2007	other_database_import	
B/Brisbane/6/2007	other_database_import	queensland_health_scientific_services
B/NewYork/1095/2006	other_database_import	
B/Florida/UR06-0003/2006	other_database_import	
B/Florida/UR06-0006/2006	other_database_import	
B/Florida/UR06-0001/2006	other_database_import	
B/Florida/UR06-0002/2006	other_database_import	
B/Illinois/13/2005-egg	pb2	seasonal_vic
B/NewYork/1083/2005	other_database_import	
B/Illinois/47/2005-egg	pb2	seasonal_vic
B/Brisbane/65/2005	other_database_import	
B/Ohio/1/2005-egg	centers_for_disease_control_and_prevention	cincinnati_children's_hospital
B/Victoria/107/2005	other_database_import	
B/NewYork/1079/2005	other_database_import	
B/Florida/2/2006	other_database_import	
B/Brisbane/77/2005	other_database_import	
B/California/NHRC0003/2006	other_database_import	
B/California/NHRC0004/2006	other_database_import	
B/Brisbane/63/2006	other_database_import	
B/Sydney/83/2006	other_database_import	
B/Brisbane/92/2006	other_database_import	
B/Christchurch/4/2006	other_database_import	
B/Victoria/333/2006	other_database_import	
B/Brisbane/90/2005	other_database_import	
B/NewYork/1099/2006	other_database_import	
B/NewYork/1098/2006	other_database_import	
B/Victoria/504/2006	other_database_import	
B/Brisbane/2/2006	other_database_import	
B/California/NHRC0005/2006	other_database_import	
B/Ohio/UR06-0428/2007	other_database_import	
B/Mississippi/UR06-0340/2007	other_database_import	
B/Mississippi/UR06-0446/2007	other_database_import	
B/Ohio/UR06-0410/2007	other_database_import	
B/Victoria/100/2006	other_database_import	
B/Victoria/328/2006	other_database_import	
B/Brisbane/41/2006	other_database_import	
B/Brisbane/7/2006	other_database_import	
B/NewYork/1113/2007	other_database_import	
B/Tennessee/UR06-0310/2007	other_database_import	
B/NewYork/1105/2007	other_database_import	
B/NewYork/1073/2005	other_database_import	
B/SouthCarolina/NHRC0001/2004	other_database_import	
B/NewYork/1092/2006	other_database_import	
B/Brisbane/68/2005	other_database_import	
B/NewYork/1090/2006	other_database_import	
B/NewYork/1093/2006	other_database_import	
B/Brisbane/19/2005	other_database_import	
B/NewYork/1076/2005	other_database_import	
B/Brisbane/43/2005	other_database_import	
B/Taiwan/1734/2006-egg	other_database_import	
B/Taiwan/45/2007-egg	other_database_import	
B/Taiwan/40/2007-egg	other_database_import	
B/Taiwan/99/2007-egg	other_database_import	
B/Taiwan/1838/2006-egg	other_database_import	
B/Taiwan/2755/2006-egg	other_database_import	
B/Taiwan/2894/2006-egg	other_database_import	
B/Taiwan/14/2007-egg	other_database_import	
B/Taiwan/37/2007-egg	other_database_import	
B/Taiwan/70028/2007	other_database_import	
B/Taiwan/42/2007	other_database_import	
B/Brisbane/99/2005	other_database_import	
B/Victoria/110/2006	other_database_import	
B/Victoria/304/2006	other_database_import	royal_chidrens_hospital
B/California/NHRC0006/2006	other_database_import	
B/Victoria/326/2006	other_database_import	
B/Victoria/307/2006	other_database_import	
B/Tennessee/UR06-0407/2007	other_database_import	
B/Tennessee/UR06-0405/2007	other_database_import	
B/Tennessee/UR06-0320/2007	other_database_import	
B/Tennessee/UR06-0318/2007	other_database_import	
B/Tennessee/UR06-0263/2007	other_database_import	
B/Brisbane/103/2005	other_database_import	queensland_health_forensic_and_scientific_services_
B/Victoria/501/2006	other_database_import	
B/NewYork/1089/2006	other_database_import	
B/NewYork/1088/2006	other_database_import	
B/NewYork/1096/2006	other_database_import	
B/Sydney/14/2006	other_database_import	clinical_virology_unit,_cdim
B/Victoria/330/2006	other_database_import	
B/Victoria/306/2006	other_database_import	
B/Sydney/508/2006	other_database_import	
B/Brisbane/9/2006	other_database_import	
B/Georgia/NHRC0001/2006	other_database_import	
B/Sydney/74/2006	other_database_import	
B/Victoria/329/2006	other_database_import	
B/Christchurch/16/2007	other_database_import	
B/Wellington/1/2006	other_database_import	
B/Illinois/NHRC0001/2006	other_database_import	
B/Mississippi/UR06-0477/2007	other_database_import	
B/Tennessee/UR06-0406/2007	other_database_import	
B/Tennessee/UR06-0451/2007	other_database_import	
B/Tennessee/UR06-0431/2007	other_database_import	
B/Tennessee/UR06-0261/2007	other_database_import	
B/Uganda/MUWRP-073/2009	other_database_import	
B/Astrakhan/22/2011	crick_worldwide_influenza_centre	who_national_influenza_centre_russian_federation
B/Thailand/CU-B5910/2011	other_database_import	
B/Madagascar/236/2011	crick_worldwide_influenza_centre	institut_pasteur_de_madagascar
B/Brussels/G0707/2010	crick_worldwide_influenza_centre	scientific_institute_of_public_health
B/Bulgaria/35/2011-egg	crick_worldwide_influenza_centre	national_centre_of_infectious_and_
B/Sydney/504/2011	other_database_import	
B/Thailand/CU-H2132/2010	other_database_import	
B/NewYork/1240/2010	other_database_import	
B/Thailand/CU-B2320/2010	other_database_import	
B/Thailand/CU-B2432/2010	other_database_import	
B/Thailand/CU-H2584/2010	other_database_import	
B/Thailand/CU-H1400/2010	other_database_import	
B/Thailand/CU-B2201/2010	other_database_import	
B/Thailand/CU-H1896/2010	other_database_import	
B/Lusaka/63/2011	crick_worldwide_influenza_centre	university_teaching_hospital
B/Lusaka/127/2011	crick_worldwide_influenza_centre	university_teaching_hospital
B/Lusaka/72/2011	crick_worldwide_influenza_centre	university_teaching_hospital
B/Thailand/CU-H2738/2010	other_database_import	
B/Sichuan-Wenjiang/279/2011	who_chinese_national_influenza_center	who_chinese_national_influenza_center
B/Wuhan/4/2009	other_database_import	
B/Wuhan/7/2009	other_database_import	
B/Sichuan-Jinjiang/277/2011	who_chinese_national_influenza_center	who_chinese_national_influenza_center
B/Chongqing-Jiulongpo/39/2011	who_chinese_national_influenza_center	who_chinese_national_influenza_center
B/Norway/710/2012	crick_worldwide_influenza_centre	who_national_influenza_centre
B/Hunan-Hengnan/35/2011	who_chinese_national_influenza_center	who_chinese_national_influenza_center
B/Guangdong-Huicheng/1235/2011	who_chinese_national_influenza_center	who_chinese_national_influenza_center
B/Victoria/500/2012	who_collaborating_centre_for_reference_and_research_on_influenza	monash_medical_centre
B/Shanghai-Jingan/1392/2011-egg	who_chinese_national_influenza_center	who_chinese_national_influenza_center
B/HongKong/3508/2012	crick_worldwide_influenza_centre	government_virus_unit
B/Shanghai-Songjiang/1204/2011-egg	who_chinese_national_influenza_center	who_chinese_national_influenza_center
B/StPetersburg/24C2/2012	crick_worldwide_influenza_centre	who_national_influenza_centre_russian_federation
B/Hunan-Suxian/54/2011	who_chinese_national_influenza_center	who_chinese_national_influenza_center
B/Hunan-Suxian/56/2011-egg	who_chinese_national_influenza_center	who_chinese_national_influenza_center
B/Jiangsu-Nanjinggulou/1655/2011	who_chinese_national_influenza_center	who_chinese_national_influenza_center
B/Victoria/501/2011	other_database_import	
B/Athens/152/2012	crick_worldwide_influenza_centre	hellenic_pasteur_institute
B/Israel/15/2011	crick_worldwide_influenza_centre	central_virology_laboratory_israel_(nic)
B/Israel/17/2011	crick_worldwide_influenza_centre	central_virology_laboratory_israel_(nic)
B/HongKong/599/2011	crick_worldwide_influenza_centre	government_virus_unit
B/Hunan-Yuhua/1316/2011	who_chinese_national_influenza_center	who_chinese_national_influenza_center
B/Jiangsu-Pizhou/529/2011	who_chinese_national_influenza_center	who_chinese_national_influenza_center
B/Thailand/CU-H3052/2011	other_database_import	
B/Thailand/CU-C1262/2010	other_database_import	
B/Thailand/CU-C1451/2010	other_database_import	
B/Madagascar/245/2011	crick_worldwide_influenza_centre	institut_pasteur_de_madagascar
B/Madagascar/8699/2011	crick_worldwide_influenza_centre	institut_pasteur_de_madagascar
B/Madagascar/7766/2010	crick_worldwide_influenza_centre	institut_pasteur_de_madagascar
B/Madagascar/2550/2011	crick_worldwide_influenza_centre	institut_pasteur_de_madagascar
B/Madagascar/3866/2011	crick_worldwide_influenza_centre	institut_pasteur_de_madagascar
B/Madagascar/201119/2011	crick_worldwide_influenza_centre	institut_pasteur_de_madagascar
B/Madagascar/1191/2011	crick_worldwide_influenza_centre	institut_pasteur_de_madagascar
B/Thailand/CU-B2504/2010	other_database_import	
B/Thailand/CU-C1768/2011	other_database_import	
B/Thailand/CU-B4504/2011	other_database_import	
B/Thailand/CU-B3153/2010	other_database_import	
B/Thailand/CU-B6148/2012	other_database_import	
B/AixEnProvence/1795/2011	crick_worldwide_influenza_centre	crr_virus_influenza_region_sud
B/Thailand/CU-B5522/2011	other_database_import	
B/Thailand/CU-H3002/2011	other_database_import	
B/Thailand/CU-B5734/2011	other_database_import	
B/Thailand/CU-B7215/2012	other_database_import	
B/Norway/1072/2012	crick_worldwide_influenza_centre	who_national_influenza_centre
B/Shanghai-Fengxian/1550/2010	who_chinese_national_influenza_center	who_chinese_national_influenza_center
B/NewYork/1204/2009	other_database_import	
B/Phuket/53/2012	who_collaborating_centre_for_reference_and_research_on_influenza	who_national_influenza_centre,_national_institute_of_medical_research_(nimr)
B/Hunan-Yuhua/1265/2011	who_chinese_national_influenza_center	who_chinese_national_influenza_center
B/Shanghai-Songjiang/176/2011-egg	who_chinese_national_influenza_center	who_chinese_national_influenza_center
B/Shanghai-Songjiang/176/2011	who_chinese_national_influenza_center	who_chinese_national_influenza_center
B/Hunan-Louxing/160/2011	who_chinese_national_influenza_center	who_chinese_national_influenza_center
B/Shaanxi-Beilin/1230/2011	who_chinese_national_influenza_center	who_chinese_national_influenza_center
B/Shanghai-Luwan/1135/2011-egg	who_chinese_national_influenza_center	who_chinese_national_influenza_center
B/HongKong/3496/2012	crick_worldwide_influenza_centre	government_virus_unit
B/Nicaragua/AGB2-08/2012	other_database_import	
B/Thailand/CU-B6240/2012	other_database_import	
B/NewYork/1372/2012	other_database_import	
B/NewYork/1366/2012	other_database_import	
B/Hunan-Hecheng/1104/2011	who_chinese_national_influenza_center	who_chinese_national_influenza_center
B/Hunan-Lusong/1325/2011	who_chinese_national_influenza_center	who_chinese_national_influenza_center
B/HongKong/591/2011	crick_worldwide_influenza_centre	government_virus_unit
B/Macau/200052/2012	who_collaborating_centre_for_reference_and_research_on_influenza	laboratorio_de_saude_publico
B/HongKong/3534/2012	crick_worldwide_influenza_centre	public_health_laboratory_services_branch,_centre_for_health_protection
B/Panama/307237/2010-egg	centers_for_disease_control_and_prevention	instituto_conmemorativo_gorgas_de_estudios_de_la_salud
B/Tennessee/F2013/2011	other_database_import	
B/Tennessee/F2007A/2010	other_database_import	
B/Tennessee/F2005/2010	other_database_import	
B/Jiangxi-Donghu/1329/2010	who_chinese_national_influenza_center	who_chinese_national_influenza_center
B/Shanghai-Chongming/1411/2010	who_chinese_national_influenza_center	who_chinese_national_influenza_center
B/Shanghai-Huangpu/171/2011	who_chinese_national_influenza_center	who_chinese_national_influenza_center
B/Shanghai-Baoshan/152/2011	who_chinese_national_influenza_center	who_chinese_national_influenza_center
B/Guizhou-Nanming/1443/2010	who_chinese_national_influenza_center	who_chinese_national_influenza_center
B/SouthAfrica/5/2012	kemri_wellcome_trust_research_programme_(kwtrp)	kemri_wellcome_trust_research_programme_(kwtrp)
B/Chongqing-Yuzhong/1294/2010	who_chinese_national_influenza_center	who_chinese_national_influenza_center
B/Taiwan/11/2010-egg	centers_for_disease_control_and_prevention	center_for_disease_control
B/Guangxi-Xixiangtang/1545/2010	who_chinese_national_influenza_center	who_chinese_national_influenza_center
B/Beijing-Xicheng/1846/2010	who_chinese_national_influenza_center	who_chinese_national_influenza_center
B/NewYork/1235/2009	other_database_import	
B/Vitebsk/672/2011	crick_worldwide_influenza_centre	laboratory_of_influenza_and_ili_
B/Voronezh/20/2011	crick_worldwide_influenza_centre	who_national_influenza_centre_russian_federation
B/Minsk/1559/2011	crick_worldwide_influenza_centre	laboratory_of_influenza_and_ili_
B/Murmansk/3/2011-egg	crick_worldwide_influenza_centre	who_national_influenza_centre_russian_federation
B/Murmansk/2/2010-egg	crick_worldwide_influenza_centre	russian_academy_of_medical_sciences
B/Ningbo/41/2010	other_database_import	
B/Ningbo/49/2010	other_database_import	
B/Ningbo/429/2010	other_database_import	
B/Townsville/4/2010	other_database_import	
B/Townsville/6/2011	other_database_import	
B/Townsville/5/2011	other_database_import	
B/Sydney/3/2010	other_database_import	
B/Sydney/504/2010	other_database_import	
B/Sydney/1/2010	other_database_import	
B/Sydney/5/2010	other_database_import	
B/Sydney/202/2010	other_database_import	prince_of_wales_hospital
B/Cameroon/11V-12080GVFI/2011	crick_worldwide_influenza_centre	centre_pasteur_du_cameroun
B/Sivas/TR-14/2011	crick_worldwide_influenza_centre	refik_saydam_national_public_health_agency
B/Philippines/2533/2011	who_collaborating_centre_for_reference_and_research_on_influenza	research_institute_of_tropical_medicine
B/Philippines/3701/2011	who_collaborating_centre_for_reference_and_research_on_influenza	research_institute_of_tropical_medicine
B/Shanghai-Hongkou/1255/2011	who_chinese_national_influenza_center	who_chinese_national_influenza_center
B/NewYork/1290/2011	other_database_import	
B/Brisbane/34/2010	other_database_import	
B/Geneva/4201882/2011	crick_worldwide_influenza_centre	hopital_cantonal_universitaire_de_geneves
B/Victoria/503/2010	other_database_import	monash_medical_centre
B/Sydney/6/2010	other_database_import	
B/Victoria/504/2010	other_database_import	
B/Victoria/509/2010	other_database_import	
B/Sydney/204/2010	other_database_import	
B/Brisbane/60-7/2010	other_database_import	
B/Odessa/3886/2010	crick_worldwide_influenza_centre	ministry_of_health_of_ukraine
B/Norway/1276/2011	crick_worldwide_influenza_centre	who_national_influenza_centre
B/Anhui-Luyang/1142/2011	who_chinese_national_influenza_center	who_chinese_national_influenza_center
B/Parma/4/2010	crick_worldwide_influenza_centre	istituto_superiore_di_sanità
B/Estonia/55784/2011	crick_worldwide_influenza_centre	health_protection_inspectorate
B/Slovakia/193/2011	crick_worldwide_influenza_centre	national_public_health_institute_of_slovakia
B/Norway/24/2011	norwegian_institute_of_public_health	who_national_influenza_centre
B/Brisbane/60-12/2010	other_database_import	
B/Israel/4-11/2011	crick_worldwide_influenza_centre	central_virology_laboratory_israel_(nic)
B/Auckland/10/2011	who_collaborating_centre_for_reference_and_research_on_influenza	auckland_hospital
B/Brisbane/108/2011	other_database_import	
B/Lisbon/8/2010	crick_worldwide_influenza_centre	instituto_nacional_de_saude
B/Guangxi-Xixiangtang/1455/2010	who_chinese_national_influenza_center	who_chinese_national_influenza_center
B/Lyon/16167/2011	crick_worldwide_influenza_centre	crr_virus_influenza_region_sud
B/Lyon/CHU/1573	crick_worldwide_influenza_centre	crr_virus_influenza_region_sud
B/Lyon/CHU/1288	crick_worldwide_influenza_centre	crr_virus_influenza_region_sud
B/Fujian-Licheng/118/2010	who_chinese_national_influenza_center	who_chinese_national_influenza_center
B/Jiangsu-Beitang/1141/2011	who_chinese_national_influenza_center	who_chinese_national_influenza_center
B/Fujian-Gulou/1174/2011-egg	who_chinese_national_influenza_center	who_chinese_national_influenza_center
B/Fujian-Cangshan/192/2011-egg	who_chinese_national_influenza_center	who_chinese_national_influenza_center
B/Thailand/CU-B2372/2010	other_database_import	
B/Guangdong-Chikan/1155/2011	who_chinese_national_influenza_center	who_chinese_national_influenza_center
B/Kazakhstan/2078/2011	crick_worldwide_influenza_centre	national_reference_laboratory
B/StPetersburg/93/2011-egg	crick_worldwide_influenza_centre	russian_academy_of_medical_sciences
B/Norway/2075/2011	crick_worldwide_influenza_centre	norwegian_institute_of_public_health
B/Thailand/CU-B5671/2011	other_database_import	
B/Sydney/207/2010	other_database_import	
B/Fujian-Xianyou/137/2011	who_chinese_national_influenza_center	who_chinese_national_influenza_center
B/Tennessee/F2060c59A/2011	other_database_import	
B/Sydney/205/2010	other_database_import	
B/Victoria/829/2011	other_database_import	
B/Christchurch/42/2011	other_database_import	
B/Christchurch/25/2011	other_database_import	
B/Sydney/12/2011	other_database_import	
B/Sydney/206/2011	other_database_import	
B/Sydney/44/2011	other_database_import	
B/Townsville/5/2010	other_database_import	queensland_health_scientific_services
B/Brisbane/11/2010	other_database_import	
B/Brisbane/9/2010	other_database_import	
B/Sydney/508/2010	other_database_import	childrens_hospital_westmead
B/Sydney/7/2010	other_database_import	
B/Brisbane/1/2010	other_database_import	queensland_health_scientific_services
B/Brisbane/33/2010	other_database_import	
B/Sydney/2/2010	other_database_import	
B/Brisbane/60-3/2010	other_database_import	
B/Kharkiv/4178/2010	crick_worldwide_influenza_centre	institute_of_epidemiology_and_infectious_diseases_ams_of_ukraine
B/Kharkiv/4260/2010	crick_worldwide_influenza_centre	institute_of_epidemiology_and_infectious_diseases_ams_of_ukraine
B/Dnipropetrovsk/4719/2011	crick_worldwide_influenza_centre	institute_of_epidemiology_and_infectious_diseases_ams_of_ukraine
B/Odessa/4709/2011	crick_worldwide_influenza_centre	institute_of_epidemiology_and_infectious_diseases_ams_of_ukraine
B/Odessa/4705/2010	crick_worldwide_influenza_centre	ministry_of_health_of_ukraine
B/Khmilnyk/4273/2010	crick_worldwide_influenza_centre	institute_of_epidemiology_and_infectious_diseases_ams_of_ukraine
B/Ukraine/142/2011	crick_worldwide_influenza_centre	institute_of_epidemiology_and_infectious_diseases_ams_of_ukraine
B/Dnipropetrovsk/4411/2010	crick_worldwide_influenza_centre	institute_of_epidemiology_and_infectious_diseases_ams_of_ukraine
B/Ukraine/30/2011	crick_worldwide_influenza_centre	institute_of_epidemiology_and_infectious_diseases_ams_of_ukraine
B/Khmilnyk/4637/2011	crick_worldwide_influenza_centre	institute_of_epidemiology_and_infectious_diseases_ams_of_ukraine
B/StPetersburg/5/2011-egg	crick_worldwide_influenza_centre	russian_academy_of_medical_sciences
B/Donetsk/4546/2011	crick_worldwide_influenza_centre	institute_of_epidemiology_and_infectious_diseases_ams_of_ukraine
B/Serbia/2689/2011	crick_worldwide_influenza_centre	institute_of_immunology_and_virology_torlak
B/Moldova/284/2011	crick_worldwide_influenza_centre	national_centre_for_preventive_medicine
B/Crimea/4980/2011	crick_worldwide_influenza_centre	institute_of_epidemiology_and_infectious_diseases_ams_of_ukraine
B/Victoria/507/2010	other_database_import	monash_medical_centre
B/Sydney/4/2009	other_database_import	clinical_virology_unit,_cdim
B/NewYork/1230/2009	other_database_import	
B/CoteDIvoire/GR1576/2010	crick_worldwide_influenza_centre	pasteur_institut_of_côte_d'ivoire
B/Ghana/850/2011	crick_worldwide_influenza_centre	university_of_ghana
B/CoteDIvoire/GR1520/2010	crick_worldwide_influenza_centre	pasteur_institut_of_côte_d'ivoire
B/Bangladesh/5945/2009-egg	centers_for_disease_control_and_prevention	institute_of_epidemiology_disease_control_and_research_(iedcr)_&_bangladesh_national_influenza_centre_(nic)
B/Victoria/800/2010	other_database_import	austin_health
B/Qatar/2311002267/2011	crick_worldwide_influenza_centre	supreme_health_council
B/Denmark/24/2011	crick_worldwide_influenza_centre	statens_serum_institute
B/Lisbon/13/2010	crick_worldwide_influenza_centre	instituto_nacional_de_saude
B/Latvia/12-41046/2010	crick_worldwide_influenza_centre	state_agency,_infectology_center_of_latvia
B/Georgia/75/2011	crick_worldwide_influenza_centre	national_centre_for_disease_control_and_public_health
B/Denmark/16/2011	crick_worldwide_influenza_centre	statens_serum_institute
B/HongKong/2200/2010	crick_worldwide_influenza_centre	government_virus_unit
B/NewYork/1278/2011	other_database_import	
B/NewYork/1268/2011	other_database_import	
B/Valladolid/57/2010	crick_worldwide_influenza_centre	universidad_de_valladolid
B/England/421/2010	crick_worldwide_influenza_centre	health_protection_agency
B/HongKong/1889/2010	crick_worldwide_influenza_centre	government_virus_unit
B/Ireland/132/2010	crick_worldwide_influenza_centre	national_virus_reference_laboratory
B/Malta/MV000738/2011	crick_worldwide_influenza_centre	mater_dei_hospital
B/NewYork/1249/2011	other_database_import	
B/NewYork/1263/2011	other_database_import	
B/NewYork/1265/2011	other_database_import	
B/NewYork/1248/2011	other_database_import	
B/Ankara/TR-10/2011	crick_worldwide_influenza_centre	refik_saydam_national_public_health_agency
B/Parma/3/2011	crick_worldwide_influenza_centre	istituto_superiore_di_sanità
B/LaRioja/RR6969/2010	crick_worldwide_influenza_centre	universidad_de_valladolid
B/Zamora/52/2010	crick_worldwide_influenza_centre	universidad_de_valladolid
B/Lyon/74/2011	crick_worldwide_influenza_centre	crr_virus_influenza_region_sud
B/Slovenia/201141/2011	crick_worldwide_influenza_centre	laboratory_for_virology,_national_institute_of_public_health
B/Slovenia/1010/2011	crick_worldwide_influenza_centre	laboratory_for_virology,_national_institute_of_public_health
B/Slovenia/819/2011	crick_worldwide_influenza_centre	laboratory_for_virology,_national_institute_of_public_health
B/Luxembourg/558/2010	crick_worldwide_influenza_centre	laboratoire_national_de_sante
B/Ceuta/RR7185/2010	crick_worldwide_influenza_centre	universidad_de_valladolid
B/Lisbon/14/2010	crick_worldwide_influenza_centre	instituto_nacional_de_saude
B/Lisbon/20/2010	crick_worldwide_influenza_centre	instituto_nacional_de_saude
B/Lisbon/21/2010	crick_worldwide_influenza_centre	instituto_nacional_de_saude
B/Lisbon/15/2010	crick_worldwide_influenza_centre	instituto_nacional_de_saude
B/Managua/583901/2010	other_database_import	
B/Managua/559004/2010	other_database_import	
B/Managua/263001/2010	other_database_import	
B/Managua/332301/2010	other_database_import	
B/Managua/16402/2010	other_database_import	
B/Managua/494204/2010	other_database_import	
B/Managua/203701/2010	other_database_import	
B/Managua/282602/2010	other_database_import	
B/Managua/14802/2010	other_database_import	
B/Managua/136101/2010	other_database_import	
B/Managua/187301/2010	other_database_import	
B/Managua/125002/2010	other_database_import	
B/Managua/554904/2010	other_database_import	
B/Managua/446803/2010	other_database_import	
B/Managua/149902/2010	other_database_import	
B/Managua/401505/2010	other_database_import	
B/Managua/443701/2010	other_database_import	
B/Managua/150403/2010	other_database_import	
B/Managua/440306/2010	other_database_import	
B/Managua/209002/2010	other_database_import	
B/Managua/600603/2010	other_database_import	
B/Managua/545402/2010	other_database_import	
B/Managua/477201/2010	other_database_import	
B/Managua/483402/2010	other_database_import	
B/Managua/442604/2010	other_database_import	
B/Managua/589402/2010	other_database_import	
B/Managua/131201/2010	other_database_import	
B/Sydney/1/2009	other_database_import	
B/Norway/201188/2011	crick_worldwide_influenza_centre	who_national_influenza_centre
B/Egypt/46/2010-egg	crick_worldwide_influenza_centre	vacsera
B/Egypt/65/2010-egg	crick_worldwide_influenza_centre	vacsera
B/Egypt/66/2010-egg	crick_worldwide_influenza_centre	vacsera
B/Shanghai-Luwan/1216/2011-egg	who_chinese_national_influenza_center	who_chinese_national_influenza_center
B/Victoria/661/2010	other_database_import	
B/Brisbane/60-9/2010	other_database_import	
B/Sydney/503/2010	other_database_import	
B/Brisbane/60-11/2010	other_database_import	
B/Sydney/505/2010	other_database_import	
B/Sydney/37/2008	other_database_import	
B/Brisbane/101/2008	other_database_import	
B/Brisbane/79/2008	other_database_import	
B/Victoria/225/2008	other_database_import	
B/Wellington/16/2008	other_database_import	
B/Thailand/CU-B2271/2010	other_database_import	
B/Thailand/CU-B2660/2010	other_database_import	
B/Brisbane/121/2008	other_database_import	
B/NewYork/1207/2009	other_database_import	
B/NorthCarolina/WRAIR1582P/2009	other_database_import	
B/Oklahoma/WRAIR1587P/2009	other_database_import	
B/NewYork/1228/2009	other_database_import	
B/NewYork/1220/2009	other_database_import	
B/NewYork/1222/2009	other_database_import	
B/NewYork/1221/2009	other_database_import	
B/Brisbane/33/2008	who_collaborating_centre_for_reference_and_research_on_influenza	queensland_health_scientific_services
B/Sydney/49/2008	other_database_import	
B/Auckland/144/2008	other_database_import	
B/Auckland/84/2008	other_database_import	
B/Auckland/117/2008	other_database_import	
B/Sydney/539/2008	other_database_import	
B/Auckland/36/2008	other_database_import	
B/Auckland/131/2008	other_database_import	
B/Brisbane/45/2008	other_database_import	
B/Sydney/525/2008	other_database_import	
B/Brisbane/119/2008	other_database_import	
B/Victoria/509/2008	other_database_import	
B/Brisbane/102/2008	other_database_import	
B/NewYork/1215/2009	other_database_import	
B/NewYork/1214/2009	other_database_import	
B/NewYork/1223/2009	other_database_import	
B/NewYork/1231/2009	other_database_import	
B/Michigan/1/2009	centers_for_disease_control_and_prevention	michigan_department_of_community_health
B/NewYork/1217/2009	other_database_import	
B/Michigan/2/2009	centers_for_disease_control_and_prevention	michigan_department_of_community_health
B/NewYork/1227/2009	other_database_import	
B/NewYork/1211/2009	other_database_import	
B/NewYork/1270/2011	other_database_import	
B/NewYork/1224/2009	other_database_import	
B/Wellington/25/2008	other_database_import	
B/Wellington/14/2008	other_database_import	
B/NewYork/1232/2009	other_database_import	
B/Agadir/156/2011	crick_worldwide_influenza_centre	institut_national_d_hygiene,_ministere_de_la_sante_sante
B/NewYork/1208/2009	other_database_import	
B/NewYork/1218/2009	other_database_import	
B/Sydney/2/2009	other_database_import	
B/Victoria/520/2008	other_database_import	
B/Victoria/210/2008	other_database_import	victorian_infectious_diseases_reference_laboratory_
B/Brisbane/60/2008-egg	centers_for_disease_control_and_prevention	who_centre_for_reference_&_research_on_influenza
B/Brisbane/60/2008	who_collaborating_centre_for_reference_and_research_on_influenza	who_centre_for_reference_&_research_on_influenza
B/Victoria/226/2008	other_database_import	
B/Auckland/106/2008	other_database_import	
B/Townsville/6/2008	other_database_import	
B/Townsville/5/2008	other_database_import	
B/NewYork/1213/2009	other_database_import	
B/NewYork/1212/2009	other_database_import	
B/Auckland/23/2008	other_database_import	
B/Brisbane/55/2008	other_database_import	
B/England/393/2008-egg	crick_worldwide_influenza_centre	health_protection_agency
B/England/393/2007-egg	crick_worldwide_influenza_centre	microbiology_services_colindale,_public_health_england
B/Paris/1762/2008	crick_worldwide_influenza_centre	institut_pasteur
B/Cameroon/10v-4954/2010	crick_worldwide_influenza_centre	centre_pasteur_du_cameroun
B/Cameroon/LEID/01/2011/1438/2011	crick_worldwide_influenza_centre	centre_pasteur_du_cameroun
B/CoteDIvoire/GR1655/2010	crick_worldwide_influenza_centre	pasteur_institut_of_côte_d'ivoire
B/Ghana/494/2011	crick_worldwide_influenza_centre	university_of_ghana
B/Ghana/516/2011	crick_worldwide_influenza_centre	university_of_ghana
B/Ghana/FS-11-244/2011	crick_worldwide_influenza_centre	university_of_ghana
B/NewYork/1210/2009	other_database_import	
B/NewYork/1219/2009	other_database_import	
B/NewYork/1229/2009	other_database_import	
B/NewYork/1225/2009	other_database_import	
B/NewYork/1202/2009	other_database_import	
B/NewYork/1209/2009	other_database_import	
B/NewYork/1203/2009	other_database_import	
B/NewYork/1216/2009	other_database_import	
B/NewYork/1206/2009	other_database_import	
B/India/C117528/2010	other_database_import	
B/Nevada/3/2011-egg	centers_for_disease_control_and_prevention	nevada_state_health_laboratory
B/NewYork/1305/2011	other_database_import	
B/NewYork/1294/2011	other_database_import	
B/NewYork/1282/2011	other_database_import	
B/NewYork/1262/2011	other_database_import	
B/NewYork/1244/2010	other_database_import	
B/NewYork/1243/2010	other_database_import	
B/Sydney/515/2011	other_database_import	childrens_hospital_westmead
B/Kenya/KCH110237/2011		import_from_public_domain
B/Kenya/KCH112391/2012		import_from_public_domain
B/Tehran/5277/2010	crick_worldwide_influenza_centre	tehran_university_of_medical_sciences
B/Shanghai-Luwan/1169/2011-egg	who_chinese_national_influenza_center	who_chinese_national_influenza_center
B/Beijing-Xicheng/1875/2011	who_chinese_national_influenza_center	who_chinese_national_influenza_center
B/HongKong/2207/2010	crick_worldwide_influenza_centre	government_virus_unit
B/Brisbane/14/2011	other_database_import	
B/Iceland/62/2011	crick_worldwide_influenza_centre	landspitali___university_hospital_
B/Qatar/2311005072/2011	crick_worldwide_influenza_centre	supreme_health_council
B/Waikato/13/2011	other_database_import	
B/Auckland/66/2011	other_database_import	auckland_hospital
B/Townsville/8/2011	other_database_import	
B/SouthAfrica/7/2012	kemri_wellcome_trust_research_programme_(kwtrp)	kemri_wellcome_trust_research_programme_(kwtrp)
B/Kenya-PERCH/4/2013	kemri_wellcome_trust_research_programme_(kwtrp)	kemri_wellcome_trust_research_programme_(kwtrp)
B/Kenya-PERCH/7/2012	kemri_wellcome_trust_research_programme_(kwtrp)	kemri_wellcome_trust_research_programme_(kwtrp)
B/Kenya/KCH109464/2011		import_from_public_domain
B/Kenya-PERCH/2/2011	kemri_wellcome_trust_research_programme_(kwtrp)	kemri_wellcome_trust_research_programme_(kwtrp)
B/Kenya/KCH107275/2011		import_from_public_domain
B/Brisbane/31/2010	other_database_import	
B/Sydney/10/2010	other_database_import	
B/Brisbane/60-5/2010	other_database_import	
B/Chongqing-Wanzhou/1294/2011	who_chinese_national_influenza_center	who_chinese_national_influenza_center
B/Chongqing-Wanzhou/1162/2011	who_chinese_national_influenza_center	who_chinese_national_influenza_center
B/India/C117519/2010	other_database_import	
B/Victoria/25/2011	other_database_import	victorian_infectious_diseases_reference_laboratory_
B/Shanghai-Baoshan/193/2011	who_chinese_national_influenza_center	who_chinese_national_influenza_center
B/Dakar/9/2012	crick_worldwide_influenza_centre	institut_pasteur_de_dakar
B/Dakar/8/2012	crick_worldwide_influenza_centre	institut_pasteur_de_dakar
B/Dakar/3/2012	crick_worldwide_influenza_centre	institut_pasteur_de_dakar
B/Dakar/5/2012	crick_worldwide_influenza_centre	institut_pasteur_de_dakar
B/Dakar/1/2012	crick_worldwide_influenza_centre	institut_pasteur_de_dakar
B/Dakar/4/2012	crick_worldwide_influenza_centre	institut_pasteur_de_dakar
B/Dakar/6/2012	crick_worldwide_influenza_centre	institut_pasteur_de_dakar
B/Dakar/17/2012	crick_worldwide_influenza_centre	institut_pasteur_de_dakar
B/Skuodas/946/2011	crick_worldwide_influenza_centre	lithuanian_aids_center_laboratory
B/Latvia/12-43110p/2010	crick_worldwide_influenza_centre	state_agency,_infectology_center_of_latvia
B/NewYork/1324/2011	other_database_import	
B/Ireland/21653/2011	crick_worldwide_influenza_centre	national_virus_reference_laboratory
B/Serbia/1761/2011	crick_worldwide_influenza_centre	institute_of_immunology_and_virology_torlak
B/Ghana/735/2011	crick_worldwide_influenza_centre	university_of_ghana
B/Nevada/12/2011	centers_for_disease_control_and_prevention	southern_nevada_public_health_lab
B/HongKong/762/2011	crick_worldwide_influenza_centre	government_virus_unit
B/HongKong/767/2011	crick_worldwide_influenza_centre	government_virus_unit
B/Sydney/32/2011	other_database_import	
B/Malta/MV457/2011-egg	crick_worldwide_influenza_centre	mater_dei_hospital
B/Madagascar/3165/2012	crick_worldwide_influenza_centre	institut_pasteur_de_madagascar
B/Madagascar/2853/2012	crick_worldwide_influenza_centre	institut_pasteur_de_madagascar
B/Madagascar/3142/2012	crick_worldwide_influenza_centre	institut_pasteur_de_madagascar
B/Madagascar/2856/2012	crick_worldwide_influenza_centre	institut_pasteur_de_madagascar
B/Madagascar/1591/2012	crick_worldwide_influenza_centre	institut_pasteur_de_madagascar
B/Madagascar/1732/2012	crick_worldwide_influenza_centre	institut_pasteur_de_madagascar
B/Lyon/2760/2012	crick_worldwide_influenza_centre	crr_virus_influenza_region_sud
B/Poitiers/2821/2012	crick_worldwide_influenza_centre	crr_virus_influenza_region_sud
B/Thailand/CU-B7337/2012	other_database_import	
B/Thailand/CU-B6975/2012	other_database_import	
B/NewJersey/1/2012-egg	crick_worldwide_influenza_centre	centers_for_disease_control_and_prevention
B/NewJersey/1/2012	crick_worldwide_influenza_centre	centers_for_disease_control_and_prevention
B/Djibouti/IP1157/2012	crick_worldwide_influenza_centre	crr_virus_influenza_region_sud
B/NewYork/1342/2012	other_database_import	
B/Victoria/830/2013	who_collaborating_centre_for_reference_and_research_on_influenza	austin_health
B/Srilanka/2/2013	who_collaborating_centre_for_reference_and_research_on_influenza	medical_research_institute
B/Townsville/2/2013	who_collaborating_centre_for_reference_and_research_on_influenza	queensland_health_scientific_services
B/Johannesburg/3952/2012-egg	crick_worldwide_influenza_centre	sandringham,_national_institute_for_communicable_d
B/Thailand/CU-B6257/2012	other_database_import	
B/Johannesburg/3958/2012-egg	crick_worldwide_influenza_centre	sandringham,_national_institute_for_communicable_d
B/SouthAfrica/6/2012	kemri_wellcome_trust_research_programme_(kwtrp)	kemri_wellcome_trust_research_programme_(kwtrp)
B/Johannesburg/3462/2012-egg	crick_worldwide_influenza_centre	sandringham,_national_institute_for_communicable_d
B/Lyon/CHU/5056	crick_worldwide_influenza_centre	crr_virus_influenza_region_sud
B/Johannesburg/3964/2012-egg	crick_worldwide_influenza_centre	sandringham,_national_institute_for_communicable_d
B/SouthAfrica/4/2012	kemri_wellcome_trust_research_programme_(kwtrp)	kemri_wellcome_trust_research_programme_(kwtrp)
B/Lisbon/8/2012	crick_worldwide_influenza_centre	instituto_nacional_de_saude
B/SouthAfrica/2/2012	kemri_wellcome_trust_research_programme_(kwtrp)	kemri_wellcome_trust_research_programme_(kwtrp)
B/Perth/505/2012	who_collaborating_centre_for_reference_and_research_on_influenza	princess_margaret_hospital_for_children
B/Kenya/KCH115437/2012		import_from_public_domain
B/Kenya-PERCH/1/2013	kemri_wellcome_trust_research_programme_(kwtrp)	kemri_wellcome_trust_research_programme_(kwtrp)
B/Kenya-PERCH/3/2012	kemri_wellcome_trust_research_programme_(kwtrp)	kemri_wellcome_trust_research_programme_(kwtrp)
B/Kenya-PERCH/3/2011	kemri_wellcome_trust_research_programme_(kwtrp)	kemri_wellcome_trust_research_programme_(kwtrp)
B/Kenya-PERCH/8/2012	kemri_wellcome_trust_research_programme_(kwtrp)	kemri_wellcome_trust_research_programme_(kwtrp)
B/Kenya-PERCH/5/2013	kemri_wellcome_trust_research_programme_(kwtrp)	kemri_wellcome_trust_research_programme_(kwtrp)
B/Kenya-PERCH/2/2012	kemri_wellcome_trust_research_programme_(kwtrp)	kemri_wellcome_trust_research_programme_(kwtrp)
B/Kenya-PERCH/1/2012	kemri_wellcome_trust_research_programme_(kwtrp)	kemri_wellcome_trust_research_programme_(kwtrp)
B/Kenya/KCH116518/2012		import_from_public_domain
B/Kenya/KCH116246/2012		import_from_public_domain
B/Kenya-PERCH/4/2012	kemri_wellcome_trust_research_programme_(kwtrp)	kemri_wellcome_trust_research_programme_(kwtrp)
B/Brisbane/140/2012	who_collaborating_centre_for_reference_and_research_on_influenza	queensland_health_scientific_services
B/Athens/98/2012	crick_worldwide_influenza_centre	hellenic_pasteur_institute
B/Lyon/2696/2012	crick_worldwide_influenza_centre	crr_virus_influenza_region_sud
B/Jordan/30465/2012	crick_worldwide_influenza_centre	laboratory_directorate
B/SachsenAnhalt/1/2012	crick_worldwide_influenza_centre	robert_koch_institute
B/NewYork/1354/2012	other_database_import	
B/NewYork/1338/2012	other_database_import	
B/Norway/2402/2012	crick_worldwide_influenza_centre	who_national_influenza_centre
B/Newcastle/32/2012	who_collaborating_centre_for_reference_and_research_on_influenza	john_hunter_hospital
B/BuenosAires/770/2012	crick_worldwide_influenza_centre	instituto_nacional_de_enfermedades_infecciosas
B/SantaFe/915530/2012	crick_worldwide_influenza_centre	instituto_nacional_de_enfermedades_infecciosas
B/NewYork/1343/2012	other_database_import	
B/Boston/YGB_01045/2013	other_database_import	
B/Boston/YGB_01048/2013	other_database_import	
B/Boston/YGB_01034/2013	other_database_import	
B/Boston/YGB_01044/2013	other_database_import	
B/Boston/YGB_01019/2013	other_database_import	
B/Boston/YGB_01025/2013	other_database_import	
B/Valladolid/99/2012	crick_worldwide_influenza_centre	universidad_de_valladolid
B/Valladolid/96/2012	crick_worldwide_influenza_centre	universidad_de_valladolid
B/Burgos/95/2012	crick_worldwide_influenza_centre	universidad_de_valladolid
B/Tanzania/1905/2014	centers_for_disease_control_and_prevention	national_influenza_lab
B/England/194/2015	microbiology_services_colindale,_public_health_england	microbiology_services_colindale,_public_health_england
B/Louisiana/16/2014	centers_for_disease_control_and_prevention	louisiana_department_of_health_and_hospitals
B/Boston/YGB_01058/2013	other_database_import	
B/Boston/YGB_01042/2013	other_database_import	
B/Brazil/2786/2015	centers_for_disease_control_and_prevention	instituto_adolfo_lutz
B/Catalonia/NSVH100363603/2016	hospital_universitari_vall_d'hebron	hospital_universitari_vall_d'hebron
B/Bahrain/921/2015	centers_for_disease_control_and_prevention	ministry_of_health_bahrain
B/Nepal/582/2016	centers_for_disease_control_and_prevention	national_public_health_laboratory
B/Nepal/FLU-NPBH-02924/2016	usamc_armed_forces_medical_research_institute_of_medial_sciences	usamc_afrims_department_of_virology
B/Nepal/383/2016	centers_for_disease_control_and_prevention	national_public_health_laboratory
B/Nepal/FLU-NPBH-02902/2016	usamc_armed_forces_medical_research_institute_of_medial_sciences	usamc_afrims_department_of_virology
B/Brisbane/1/2013	who_collaborating_centre_for_reference_and_research_on_influenza	queensland_health_scientific_services
B/Nagasaki/13N052/2014	other_database_import	
B/Nagasaki/13N090/2014	other_database_import	
B/Isahaya/13I004/2014	other_database_import	
B/Nagasaki/13N035/2014	other_database_import	
B/Nagasaki/13I003/2014	niigata_university	
B/Nagasaki/13N092/2014	other_database_import	
B/Kyoto/13K014/2014	other_database_import	
B/Kyoto/13SK045/2014	niigata_university	
B/Kyoto/13SK056-2/2014	niigata_university	
B/Kyoto/13SK056/2014	niigata_university	
B/Kyoto/13SK046/2014	niigata_university	
B/Kyoto/13SK043/2014	niigata_university	
B/Kyoto/13SK027/2014	niigata_university	
B/Townsville/5/2013	who_collaborating_centre_for_reference_and_research_on_influenza	queensland_health_scientific_services
B/Wisconsin/5/2013	centers_for_disease_control_and_prevention	wisconsin_state_laboratory_of_hygiene
B/Niigata/13NU024/2014	other_database_import	
B/Andalucia/358/2012	crick_worldwide_influenza_centre	servicio_de_microbiología_hospital_virgen_de_las_nieves
B/Andalucia/358/2012-egg	crick_worldwide_influenza_centre	servicio_de_microbiología_hospital_virgen_de_las_nieves
B/Mali-PERCH/8/2013	kemri_wellcome_trust_research_programme_(kwtrp)	kemri_wellcome_trust_research_programme_(kwtrp)
B/Brisbane/18/2013	who_collaborating_centre_for_reference_and_research_on_influenza	queensland_health_scientific_services
B/NewCaledonia/27/2015-egg	who_collaborating_centre_for_reference_and_research_on_influenza	institut_pasteur_new_caledonia
B/NewCaledonia/27/2015	who_collaborating_centre_for_reference_and_research_on_influenza	institut_pasteur_new_caledonia
B/Boston/YGB_01051/2013	other_database_import	
B/Gambia-PERCH/2/2013	kemri_wellcome_trust_research_programme_(kwtrp)	kemri_wellcome_trust_research_programme_(kwtrp)
B/Gambia-PERCH/3/2013	kemri_wellcome_trust_research_programme_(kwtrp)	kemri_wellcome_trust_research_programme_(kwtrp)
B/Gambia-PERCH/4/2013	kemri_wellcome_trust_research_programme_(kwtrp)	kemri_wellcome_trust_research_programme_(kwtrp)
B/Gambia-PERCH/5/2013	kemri_wellcome_trust_research_programme_(kwtrp)	kemri_wellcome_trust_research_programme_(kwtrp)
B/Gunma/13G027/2014	other_database_import	
B/Niigata/13F290/2014	other_database_import	
B/Niigata/13F179/2014	other_database_import	
B/Niigata/13F117/2014	other_database_import	
B/HongKong/3546/2012	crick_worldwide_influenza_centre	government_virus_unit
B/Victoria/802/2013	who_collaborating_centre_for_reference_and_research_on_influenza	austin_health
B/Milan/3/2012	crick_worldwide_influenza_centre	istituto_superiore_di_sanità
B/Ireland/12M2515/2012	crick_worldwide_influenza_centre	national_virus_reference_laboratory
B/Norway/2429/2011	crick_worldwide_influenza_centre	norwegian_institute_of_public_health
B/Tak/11/2016	centers_for_disease_control_and_prevention	who_national_influenza_centre,_national_institute_of_medical_research_(nimr)
B/Osaka/11/2015	national_institute_of_infectious_diseases_(niid)	osaka_prefectural_institute_of_public_health
B/Nonthaburi/373/2014	centers_for_disease_control_and_prevention	who_national_influenza_centre,_national_institute_of_medical_research_(nimr)
B/Taiwan/341/2015	centers_for_disease_control_and_prevention	adimmune_corporation
B/Taiwan/197/2015	national_institute_of_infectious_diseases_(niid)	center_for_disease_control
B/Reims/1624/2012	crick_worldwide_influenza_centre	institut_pasteur
B/Utah/8/2012-egg	centers_for_disease_control_and_prevention	utah_department_of_health
B/Utah/8/2012	centers_for_disease_control_and_prevention	utah_department_of_health
B/Paraguay/672/2014	centers_for_disease_control_and_prevention	central_laboratory_of_public_health
B/Boston/YGB_01030/2013	other_database_import	
B/Boston/YGB_01036/2013	other_database_import	
B/Bayern/1/2013	crick_worldwide_influenza_centre	robert_koch_institute
B/Formosa/V2367/2012	crick_worldwide_influenza_centre	instituto_nacional_de_enfermedades_infecciosas
B/England/577/2012	crick_worldwide_influenza_centre	health_protection_agency
B/England/579/2012	crick_worldwide_influenza_centre	health_protection_agency
B/England/626/2012	crick_worldwide_influenza_centre	health_protection_agency
B/Vietnam/13VB-1/2012	niigata_university	
B/HongKong/3501/2012	crick_worldwide_influenza_centre	government_virus_unit
B/Christchurch/501/2012	who_collaborating_centre_for_reference_and_research_on_influenza	canterbury_health_services
B/Christchurch/506/2012	who_collaborating_centre_for_reference_and_research_on_influenza	canterbury_health_services
B/Tucuman/A458/2012	crick_worldwide_influenza_centre	instituto_nacional_de_enfermedades_infecciosas
B/Lorraine/1023/2012	crick_worldwide_influenza_centre	crr_virus_influenza_region_sud
B/Mauritius/571/2012	crick_worldwide_influenza_centre	central_health_laboratory
B/Mauritius/718/2012	crick_worldwide_influenza_centre	central_health_laboratory
B/Sachsen/26/2012	crick_worldwide_influenza_centre	robert_koch_institute
B/Norway/1133/2012	crick_worldwide_influenza_centre	who_national_influenza_centre
B/Victoria/18/2012	who_collaborating_centre_for_reference_and_research_on_influenza	victorian_infectious_diseases_reference_laboratory_
B/England/507/2012	crick_worldwide_influenza_centre	health_protection_agency
B/Ireland/12M17522/2012	crick_worldwide_influenza_centre	national_virus_reference_laboratory
B/NewYork/1379/2012	other_database_import	
B/NewYork/1339/2012	other_database_import	
B/NewYork/1386/2012	other_database_import	
B/StPetersburg/18/2012	crick_worldwide_influenza_centre	who_national_influenza_centre_russian_federation
B/Crete/141/2012	crick_worldwide_influenza_centre	hellenic_pasteur_institute
B/Lefkada/58/2012	crick_worldwide_influenza_centre	hellenic_pasteur_institute
B/Jordan/30014/2012	crick_worldwide_influenza_centre	laboratory_directorate
B/Jordan/20440/2012	crick_worldwide_influenza_centre	laboratory_directorate
B/NewYork/1376/2012	other_database_import	
B/NewYork/1365/2012	other_database_import	
B/NewYork/1370/2012	other_database_import	
B/NewYork/1364/2012	other_database_import	
B/PaysdeLoire/1240/2012	crick_worldwide_influenza_centre	crr_virus_influenza_region_sud
B/Nicaragua/AGB2-27/2012	other_database_import	
B/Nicaragua/AGB2-12/2012	other_database_import	
B/Nicaragua/AGB2-47/2012	other_database_import	
B/Nicaragua/AGB2-28/2012	other_database_import	
B/Ukraine/5376/2012	crick_worldwide_influenza_centre	ministry_of_health_of_ukraine
B/Georgia/436/2012	crick_worldwide_influenza_centre	national_centre_for_disease_control_and_public_health
B/Georgia/655/2012	crick_worldwide_influenza_centre	national_centre_for_disease_control_and_public_health
B/NewYork/1362/2012	other_database_import	
B/Darwin/40/2012	who_collaborating_centre_for_reference_and_research_on_influenza	royal_darwin_hospital
B/Cambodia/2/2012	who_collaborating_centre_for_reference_and_research_on_influenza	institute_pasteur_du_cambodia
B/Brisbane/28/2012	who_collaborating_centre_for_reference_and_research_on_influenza	queensland_health_scientific_services
B/Ireland/125/2013	crick_worldwide_influenza_centre	national_virus_reference_laboratory
B/Finland/292/2012	crick_worldwide_influenza_centre	national_institute_for_health_and_welfare
B/Stockholm/5/2012	crick_worldwide_influenza_centre	swedish_institute_for_infectious_disease_control
B/Southaustralia/11/2012	who_collaborating_centre_for_reference_and_research_on_influenza	institute_of_medical_and_veterinary_science_(imvs)
B/Centre/1376/2012	crick_worldwide_influenza_centre	crr_virus_influenza_region_sud
B/Vietnam/5258/2015	centers_for_disease_control_and_prevention	national_institute_of_hygiene_and_epidemiology
B/HongKong/1372/2015	centers_for_disease_control_and_prevention	government_virus_unit
B/Victoria/502/2015	centers_for_disease_control_and_prevention	who_collaborating_centre_for_reference_and_research_on_influenza
B/England/235/2015	microbiology_services_colindale,_public_health_england	microbiology_services_colindale,_public_health_england
B/England/236/2015	microbiology_services_colindale,_public_health_england	microbiology_services_colindale,_public_health_england
B/Brisbane/74/2014	who_collaborating_centre_for_reference_and_research_on_influenza	queensland_health_scientific_services
B/Catalonia/NSVH100372220/2016	hospital_universitari_vall_d'hebron	hospital_universitari_vall_d'hebron
B/Darwin/97/2015	who_collaborating_centre_for_reference_and_research_on_influenza	royal_darwin_hospital
B/Sydney/256/2015	who_collaborating_centre_for_reference_and_research_on_influenza	clinical_virology_unit,_cdim
B/Southauckland/1/2012	who_collaborating_centre_for_reference_and_research_on_influenza	institute_of_environmental_science_and_research
B/Sydney/205/2012	who_collaborating_centre_for_reference_and_research_on_influenza	prince_of_wales_hospital
B/Boston/YGB_01010/2013	other_database_import	
B/Lisbon/3/2012	crick_worldwide_influenza_centre	instituto_nacional_de_saude
B/Boston/YGB_02022/2013	other_database_import	
B/Nicaragua/AGB2-20/2012	other_database_import	
B/NewYork/1349/2012	other_database_import	
B/Nicaragua/AGB2-30/2012	other_database_import	
B/Vietnam/13VB-7/2013	niigata_university	
B/Southauckland/9/2013	who_collaborating_centre_for_reference_and_research_on_influenza	institute_of_environmental_science_&_research
B/Vietnam/13VB-4/2013	niigata_university	
B/Vietnam/13VB-9/2013	niigata_university	
B/Aichi/62/2013	centers_for_disease_control_and_prevention	aichi_prefectural_institute_of_public_health
B/Boston/YGB_01033/2013	other_database_import	
B/Boston/YGB_01040/2013	other_database_import	
B/Boston/YGB_01050/2013	other_database_import	
B/Boston/YGB_01055/2013	other_database_import	
B/Texas/2/2013-egg	centers_for_disease_control_and_prevention	centers_for_disease_control_and_prevention
B/Texas/2/2013	centers_for_disease_control_and_prevention	centers_for_disease_control_and_prevention
B/Boston/YGB_01056/2013	other_database_import	
B/HongKong/6/2013	crick_worldwide_influenza_centre	government_virus_unit
B/HongKong/3608/2012	crick_worldwide_influenza_centre	government_virus_unit
B/Boston/YGB_01035/2013	other_database_import	
B/Boston/YGB_01007/2013	other_database_import	
B/Boston/YGB_01022/2013	other_database_import	
B/Boston/YGB_01005/2013	other_database_import	
B/Boston/YGB_01039/2013	other_database_import	
B/Boston/YGB_01021/2013	other_database_import	
B/Victoria/813/2013	who_collaborating_centre_for_reference_and_research_on_influenza	austin_health
B/Boston/YGB_01009/2013	other_database_import	
B/Canberra/1/2012	who_collaborating_centre_for_reference_and_research_on_influenza	canberra_hospital
B/Iasi/131732/2013	crick_worldwide_influenza_centre	cantacuzino_institute
B/Boston/YGB_01057/2013	other_database_import	
B/Boston/YGB_01049/2013	other_database_import	
B/Boston/YGB_01031/2013	other_database_import	
B/Boston/YGB_01017/2013	other_database_import	
B/Boston/YGB_01006/2013	other_database_import	
B/Boston/YGB_01047/2013	other_database_import	
B/Maryland/14/2015-egg	centers_for_disease_control_and_prevention	maryland_department_of_health_and_mental_hygiene
B/Maryland/14/2015	centers_for_disease_control_and_prevention	maryland_department_of_health_and_mental_hygiene
B/Florida/43/2014-egg	centers_for_disease_control_and_prevention	florida_department_of_health_jacksonville
B/Florida/43/2014	centers_for_disease_control_and_prevention	florida_department_of_health_jacksonville
B/Florida/62/2014	centers_for_disease_control_and_prevention	florida_department_of_health_tampa
B/Florida/57/2014	centers_for_disease_control_and_prevention	florida_department_of_health_jacksonville
B/Paraguay/753/2015	centers_for_disease_control_and_prevention	central_laboratory_of_public_health
B/Paraguay/5133/2015	centers_for_disease_control_and_prevention	central_laboratory_of_public_health
B/Paraguay/9900/2014	centers_for_disease_control_and_prevention	central_laboratory_of_public_health
B/Paraguay/6708/2015	centers_for_disease_control_and_prevention	central_laboratory_of_public_health
B/Paraguay/1131/2015	centers_for_disease_control_and_prevention	central_laboratory_of_public_health
B/Valparaiso/81181/2015	centers_for_disease_control_and_prevention	instituto_de_salud_publica_de_chile_
B/Talca/80905/2015	centers_for_disease_control_and_prevention	instituto_de_salud_publica_de_chile_
B/Linares/79278/2015	centers_for_disease_control_and_prevention	instituto_de_salud_publica_de_chile_
B/Boston/YGB_01023/2013	other_database_import	
B/Nicaragua/AGB2-39/2012	other_database_import	
B/Nicaragua/AGB2-06/2012	other_database_import	
B/Nicaragua/AGB2-43/2012	other_database_import	
B/Nicaragua/AGB2-17/2012	other_database_import	
B/Nicaragua/AGB2-16/2012	other_database_import	
B/Mexico/2511/2014	centers_for_disease_control_and_prevention	laboratorio_de_virus_respiratorio
B/Mexico/2573/2014	centers_for_disease_control_and_prevention	laboratorio_de_virus_respiratorio
B/Chiba-C/75/2014	national_institute_of_infectious_diseases_(niid)	chiba_city_institute_of_health_and_environment
B/NewYork/WC-LVD-14-027/2014	other_database_import	
B/Texas/38/2014	centers_for_disease_control_and_prevention	texas_department_of_state_health_services_laboratory_services
B/Louisiana/11/2014	centers_for_disease_control_and_prevention	louisiana_department_of_health_and_hospitals
B/Louisiana/15/2014	centers_for_disease_control_and_prevention	louisiana_department_of_health_and_hospitals
B/RhodeIsland/3/2015	centers_for_disease_control_and_prevention	rhode_island_department_of_health
B/Paraguay/6747/2015	centers_for_disease_control_and_prevention	central_laboratory_of_public_health
B/Yaroslavl/4/2015	centers_for_disease_control_and_prevention	ivanovsky_research_institute_of_virology_rams
B/Ryazan/1/2015	centers_for_disease_control_and_prevention	russian_academy_of_medical_sciences
B/Texas/41/2014	centers_for_disease_control_and_prevention	baylor_college_of_medicine
B/NewMexico/5/2014	centers_for_disease_control_and_prevention	new_mexico_department_of_health
B/Uruguay/2/2016	centers_for_disease_control_and_prevention	departamento_de_laboratorio_de_salud_publica
B/Uruguay/102/2015	centers_for_disease_control_and_prevention	departamento_de_laboratorio_de_salud_publica
B/Uruguay/98/2015	centers_for_disease_control_and_prevention	departamento_de_laboratorio_de_salud_publica
B/Minnesota/18/2015	centers_for_disease_control_and_prevention	minnesota_department_of_health
B/Brazil/582/2015	centers_for_disease_control_and_prevention	oswaldo_cruz_institute___fiocruz___laboratory_of_respiratory_viruses_and_measles_(lvrs)
B/Brazil/596/2015	centers_for_disease_control_and_prevention	oswaldo_cruz_institute___fiocruz___laboratory_of_respiratory_viruses_and_measles_(lvrs)
B/Shanghai-Pudongxin/11802/2015	centers_for_disease_control_and_prevention	who_chinese_national_influenza_center
B/Yunnan-Zhaoyang/11160/2016	centers_for_disease_control_and_prevention	who_chinese_national_influenza_center
B/Taiwan/217/2016	national_institute_of_infectious_diseases_(niid)	center_for_disease_control
B/Zhejiang-Dinghai/1466/2016-egg	centers_for_disease_control_and_prevention	who_chinese_national_influenza_center
B/Tokyo/EH8/2016	national_institute_of_infectious_diseases_(niid)	national_institute_of_infectious_diseases_(niid)
B/Mexico/1161/2015	centers_for_disease_control_and_prevention	laboratorio_de_virus_respiratorio
B/Mexico/2535/2014	centers_for_disease_control_and_prevention	laboratorio_de_virus_respiratorio
B/Stockholm/6/2014	swedish_institute_for_infectious_disease_control	
B/Sakai/3/2015	national_institute_of_infectious_diseases_(niid)	sakai_city_institute_of_public_health
B/Louisiana/29/2015	centers_for_disease_control_and_prevention	louisiana_department_of_health_and_hospitals
B/Oklahoma/5/2015	centers_for_disease_control_and_prevention	oklahoma_state_department_of_health
B/NewMexico/2/2015	centers_for_disease_control_and_prevention	new_mexico_department_of_health
B/Texas/35/2014	centers_for_disease_control_and_prevention	texas_department_of_state_health_services,_south_texas_laboratory
B/Texas/42/2014	centers_for_disease_control_and_prevention	texas_department_of_state_health_services_laboratory_services
B/Texas/36/2014	centers_for_disease_control_and_prevention	texas_department_of_state_health_services_laboratory_services
B/Indiana/1/2015	centers_for_disease_control_and_prevention	indiana_state_department_of_health_laboratories
B/Florida/39/2015	centers_for_disease_control_and_prevention	florida_department_of_health_tampa
B/Texas/19/2015	centers_for_disease_control_and_prevention	texas_department_of_state_health_services_laboratory_services
B/Bangladesh/311001/2016	centers_for_disease_control_and_prevention	institute_of_epidemiology_disease_control_and_research_(iedcr)_&_bangladesh_national_influenza_centre_(nic)
B/Bangladesh/11002/2015	centers_for_disease_control_and_prevention	institute_of_epidemiology_disease_control_and_research_(iedcr)_&_bangladesh_national_influenza_centre_(nic)
B/Bangladesh/11005/2015	centers_for_disease_control_and_prevention	institute_of_epidemiology_disease_control_and_research_(iedcr)_&_bangladesh_national_influenza_centre_(nic)
B/Missouri/1/2015-egg	centers_for_disease_control_and_prevention	missouri_department._of_health_&_senior_services
B/Arkansas/16/2015	centers_for_disease_control_and_prevention	arkansas_department_of_health
B/Bangladesh/11007/2015	centers_for_disease_control_and_prevention	institute_of_epidemiology_disease_control_and_research_(iedcr)_&_bangladesh_national_influenza_centre_(nic)
B/Missouri/1/2015	centers_for_disease_control_and_prevention	missouri_department._of_health_&_senior_services
B/Mexico/1259/2015	centers_for_disease_control_and_prevention	laboratorio_de_virus_respiratorio
B/Mexico/1434/2015	centers_for_disease_control_and_prevention	laboratorio_de_virus_respiratorio
B/FrenchGuiana/8123/2015	centers_for_disease_control_and_prevention	national_influenza_center_french_guiana_and_french_indies
B/Nevada/18/2015	centers_for_disease_control_and_prevention	southern_nevada_public_health_lab
B/Mexico/1308/2015	centers_for_disease_control_and_prevention	laboratorio_de_virus_respiratorio
B/Ecuador/2934/2017	centers_for_disease_control_and_prevention	inspi
B/Brazil/87066/2015	centers_for_disease_control_and_prevention	instituto_adolfo_lutz
B/Colombia/4924/2015	centers_for_disease_control_and_prevention	instituto_nacional_de_salud_de_columbia
B/Santiago/80460/2015	centers_for_disease_control_and_prevention	instituto_de_salud_publica_de_chile_
B/Concepcion/81218/2015	centers_for_disease_control_and_prevention	instituto_de_salud_publica_de_chile_
B/PuertoMontt/80125/2015	centers_for_disease_control_and_prevention	instituto_de_salud_publica_de_chile_
B/Paraguay/7944/2016	centers_for_disease_control_and_prevention	central_laboratory_of_public_health
B/Coyhaique/81401/2015	centers_for_disease_control_and_prevention	instituto_de_salud_publica_de_chile_
B/Paraguay/5024/2016	centers_for_disease_control_and_prevention	central_laboratory_of_public_health
B/Nicaragua/8686-07AV1/2017		st._jude_children's_research_hospital,_host_microbe_interactions
B/Brazil/6297/2015	centers_for_disease_control_and_prevention	instituto_adolfo_lutz
B/Missouri/5/2015	centers_for_disease_control_and_prevention	missouri_department._of_health_&_senior_services
B/Kentucky/36/2015	centers_for_disease_control_and_prevention	kentucky_division_of_laboratory_services
B/Kentucky/41/2015	centers_for_disease_control_and_prevention	kentucky_division_of_laboratory_services
B/Kentucky/27/2015	centers_for_disease_control_and_prevention	kentucky_division_of_laboratory_services
B/Sweden/11/2016	swedish_institute_for_infectious_disease_control	
B/Uruguay/124/2017	centers_for_disease_control_and_prevention	departamento_de_laboratorio_de_salud_pública_(dlsp)
B/Bahia/128/2017	centers_for_disease_control_and_prevention	instituto_oswaldo_cruz_fiocruz___laboratory_of_respiratory_viruses_and_measles_(lvrs)
B/Brazil/704/2016	centers_for_disease_control_and_prevention	oswaldo_cruz_institute___fiocruz___laboratory_of_respiratory_viruses_and_measles_(lvrs)
B/MinasGerais/68/2017	centers_for_disease_control_and_prevention	instituto_oswaldo_cruz_fiocruz___laboratory_of_respiratory_viruses_and_measles_(lvrs)
B/Hawaii/20/2015	centers_for_disease_control_and_prevention	state_of_hawaii_department_of_health
B/Hawaii/16/2015	centers_for_disease_control_and_prevention	state_of_hawaii_department_of_health
B/Hawaii/13/2015	centers_for_disease_control_and_prevention	state_of_hawaii_department_of_health
B/Hawaii/14/2015-egg	centers_for_disease_control_and_prevention	state_of_hawaii_department_of_health
B/Hawaii/14/2015	centers_for_disease_control_and_prevention	state_of_hawaii_department_of_health
B/Brazil/85943/2015	centers_for_disease_control_and_prevention	instituto_adolfo_lutz
B/Brazil/498/2016	centers_for_disease_control_and_prevention	oswaldo_cruz_institute___fiocruz___laboratory_of_respiratory_viruses_and_measles_(lvrs)
B/Pernambuco/145850-IEC/2017	centers_for_disease_control_and_prevention	national_influenza_center
B/Argentina/11461/2015	centers_for_disease_control_and_prevention	cemic_university_hospital
B/Arizona/2/2015	centers_for_disease_control_and_prevention	arizona_department_of_health_services
B/Florida/78/2015-egg	centers_for_disease_control_and_prevention	florida_department_of_health_jacksonville
B/Florida/78/2015	centers_for_disease_control_and_prevention	florida_department_of_health_jacksonville
B/Florida/79/2015-egg	centers_for_disease_control_and_prevention	florida_department_of_health_jacksonville
B/Florida/79/2015	centers_for_disease_control_and_prevention	florida_department_of_health_jacksonville
B/Saitama/15/2017	national_institute_of_infectious_diseases_(niid)	saitama_institute_of_public_health
B/Miyagi/3/2017	national_institute_of_infectious_diseases_(niid)	miyagi_prefectural_institute_of_public_health_and_environment
B/Cambodia/35906/2017	who_collaborating_centre_for_reference_and_research_on_influenza	institute_pasteur_du_cambodia
B/Kawasaki/90/2016	national_institute_of_infectious_diseases_(niid)	kawasaki_city_institute_of_public_health_
B/Kanagawa/AC1623/2017	national_institute_of_infectious_diseases_(niid)	national_institute_of_infectious_diseases_(niid)
B/Yokosuka/16/2017	national_institute_of_infectious_diseases_(niid)	yokosuka_institute_of_public_health
B/Nagasaki/16N014/2017	niigata_university	niigata_university
B/Kanagawa/IC1638/2017	national_institute_of_infectious_diseases_(niid)	national_institute_of_infectious_diseases_(niid)
B/Gunma/82/2017	national_institute_of_infectious_diseases_(niid)	gunma_prefectural_institute_of_public_health_and_environmental_sciences
B/Nagano/2272/2017	national_institute_of_infectious_diseases_(niid)	nagano_environmental_conservation_research_institute
B/Singapore/INFTT-16-0381/2016	ministry_of_health,_singapore	ministry_of_health,_singapore
B/Lao/1088/2016	centers_for_disease_control_and_prevention	national_center_for_laboratory_and_epidemiology
B/NewZealand/792/2016	centers_for_disease_control_and_prevention	institute_of_environmental_science_&_research
B/NewZealand/650/2016	centers_for_disease_control_and_prevention	institute_of_environmental_science_&_research
B/NewZealand/651/2016	centers_for_disease_control_and_prevention	institute_of_environmental_science_&_research
B/Fukuoka/15287/2016	national_institute_of_infectious_diseases_(niid)	fukuoka_institute_of_public_health_and_environmental_sciences
B/Yokohama/28/2015	national_institute_of_infectious_diseases_(niid)	yokohama_city_institute_of_public_health.
B/Chiba/11/2015	national_institute_of_infectious_diseases_(niid)	chiba_prefectural_institute_of_public_health
B/Shizuoka-C/17/2016	national_institute_of_infectious_diseases_(niid)	shizuoka_city_institute_of_environmental_sciences_and_public_health_
B/Kanagawa/AC35/2016	national_institute_of_infectious_diseases_(niid)	national_institute_of_infectious_diseases_(niid)
B/Lao/3709/2016	centers_for_disease_control_and_prevention	national_center_for_laboratory_and_epidemiology
B/Tasmania/5/2015	who_collaborating_centre_for_reference_and_research_on_influenza	royal_hobart_hospital
B/Stockholm/9/2015	swedish_institute_for_infectious_disease_control	
B/Connecticut/61/2015-egg	centers_for_disease_control_and_prevention	connecticut_department._of_public_health
B/Connecticut/61/2015	centers_for_disease_control_and_prevention	connecticut_department._of_public_health
B/Kanagawa/10/2015	national_institute_of_infectious_diseases_(niid)	kanagawa_prefectural_institute_of_public_health
B/Sakai/2/2015	national_institute_of_infectious_diseases_(niid)	sakai_city_institute_of_public_health
B/Hamamatu-C/15083/2015	national_institute_of_infectious_diseases_(niid)	hamamatsu_city_health_environment_research_center
B/Niigata/509/2015	national_institute_of_infectious_diseases_(niid)	niigata_prefectural_institute_of_public_health_and_environmental_sciences
B/Kawasaki/18/2015	national_institute_of_infectious_diseases_(niid)	kawasaki_city_institute_of_public_health_
B/Toyama/8/2015	national_institute_of_infectious_diseases_(niid)	toyama_institute_of_health
B/Nagasaki/68/2015	national_institute_of_infectious_diseases_(niid)	nagasaki_prefectural_institute_for_environment_research_and_public_health
B/Yokohama/13/2015	national_institute_of_infectious_diseases_(niid)	yokohama_city_institute_of_public_health.
B/Alaska/40/2015	centers_for_disease_control_and_prevention	alaska_state_virology_lab
B/Indiana/25/2015-egg	centers_for_disease_control_and_prevention	indiana_state_department_of_health_laboratories
B/Idaho/21/2015-egg	centers_for_disease_control_and_prevention	state_of_idaho_bureau_of_laboratories
B/Idaho/25/2015-egg	centers_for_disease_control_and_prevention	state_of_idaho_bureau_of_laboratories
B/Minnesota/8/2015	centers_for_disease_control_and_prevention	minnesota_department_of_health
B/NewZealand/427/2015	centers_for_disease_control_and_prevention	institute_of_environmental_science_&_research
B/NewCaledonia/6/2016	who_collaborating_centre_for_reference_and_research_on_influenza	institut_pasteur_new_caledonia
B/Brazil/83320/2015	centers_for_disease_control_and_prevention	instituto_adolfo_lutz
B/Acre/141222-IEC/2016	centers_for_disease_control_and_prevention	national_influenza_center
B/Brazil/4558/2017	centers_for_disease_control_and_prevention	instituto_adolfo_lutz
B/Paraiba/147733-IEC/2017	centers_for_disease_control_and_prevention	national_influenza_center
B/Colombia/8952/2016	centers_for_disease_control_and_prevention	instituto_nacional_de_salud_de_columbia
B/Catalonia/NSVH100364671/2016	hospital_universitari_vall_d'hebron	hospital_universitari_vall_d'hebron
B/Colombia/6700/2015	centers_for_disease_control_and_prevention	instituto_nacional_de_salud_de_columbia
B/Florida/84/2015-egg	centers_for_disease_control_and_prevention	florida_department_of_health_tampa
B/Florida/84/2015	centers_for_disease_control_and_prevention	florida_department_of_health_tampa
B/Colombia/7056/2015	centers_for_disease_control_and_prevention	instituto_nacional_de_salud_de_columbia
B/Colombia/1070/2016	centers_for_disease_control_and_prevention	instituto_nacional_de_salud_de_columbia
B/Venezuela/4/2016	centers_for_disease_control_and_prevention	"instituto_nacional_de_higiene_""rafael_rangel"""
B/Venezuela/1/2016	centers_for_disease_control_and_prevention	"instituto_nacional_de_higiene_""rafael_rangel"""
B/Colombia/6809/2015	centers_for_disease_control_and_prevention	instituto_nacional_de_salud_de_columbia
B/Colombia/7057/2015	centers_for_disease_control_and_prevention	instituto_nacional_de_salud_de_columbia
B/Colombia/9962/2016	centers_for_disease_control_and_prevention	instituto_nacional_de_salud_de_columbia
B/Tokushima/1/2017	national_institute_of_infectious_diseases_(niid)	tokushima_prefectural_centre_for_public_health_and_environmental_sciences
B/Colombia/6810/2015	centers_for_disease_control_and_prevention	instituto_nacional_de_salud_de_columbia
B/Florida/83/2015	centers_for_disease_control_and_prevention	florida_department_of_health_tampa
B/Venezuela/3/2016	centers_for_disease_control_and_prevention	"instituto_nacional_de_higiene_""rafael_rangel"""
B/Texas/168/2016	centers_for_disease_control_and_prevention	dallas_county_health_and_human_services
B/NewMexico/6/2016	centers_for_disease_control_and_prevention	new_mexico_department_of_health
B/NewMexico/42/2016	centers_for_disease_control_and_prevention	new_mexico_department_of_health
B/Colorado/4/2016	centers_for_disease_control_and_prevention	colorado_department_of_health_lab
B/Colorado/26/2016	centers_for_disease_control_and_prevention	colorado_department_of_health_lab
B/Missouri/2/2016	centers_for_disease_control_and_prevention	missouri_department._of_health_&_senior_services
B/NewMexico/4/2016	centers_for_disease_control_and_prevention	new_mexico_department_of_health
B/Texas/66/2016	centers_for_disease_control_and_prevention	baylor_college_of_medicine
B/Florida/58/2016	centers_for_disease_control_and_prevention	florida_department_of_health_tampa
B/SriLanka/31/2015	who_collaborating_centre_for_reference_and_research_on_influenza	medical_research_institute
B/England/361/2015	microbiology_services_colindale,_public_health_england	microbiology_services_colindale,_public_health_england
B/Bahrain/230/2016	centers_for_disease_control_and_prevention	ministry_of_health_bahrain
B/England/71/2017	microbiology_services_colindale,_public_health_england	microbiology_services_colindale,_public_health_england
B/Washington/18/2015	centers_for_disease_control_and_prevention	marshfield_clinic_research_foundation
B/Georgia/25/2015	centers_for_disease_control_and_prevention	georgia_public_health_laboratory
B/Uganda/269/2016	centers_for_disease_control_and_prevention	uganda_virus_research_institute_(uvri),_national_influenza_center
B/Brazil/80287/2015	centers_for_disease_control_and_prevention	instituto_adolfo_lutz
B/Wisconsin/24/2015	centers_for_disease_control_and_prevention	wisconsin_state_laboratory_of_hygiene
B/Mexico/1141/2015	centers_for_disease_control_and_prevention	laboratorio_de_virus_respiratorio
B/England/345/2015	microbiology_services_colindale,_public_health_england	microbiology_services_colindale,_public_health_england
B/NewCaledonia/76/2015	who_collaborating_centre_for_reference_and_research_on_influenza	institut_pasteur_new_caledonia
B/Idaho/25/2015	centers_for_disease_control_and_prevention	state_of_idaho_bureau_of_laboratories
B/Bolivia/2229/2016	centers_for_disease_control_and_prevention	cenetrop
B/Peru/5216/2016	centers_for_disease_control_and_prevention	us_namru_6
B/Peru/5016/2016	centers_for_disease_control_and_prevention	us_namru_6
B/Peru/6216/2016	centers_for_disease_control_and_prevention	us_namru_6
B/Peru/6816/2016	centers_for_disease_control_and_prevention	us_namru_6
B/Montana/13/2015	centers_for_disease_control_and_prevention	montana_public_health_laboratory
B/England/61420012/2016	microbiology_services_colindale,_public_health_england	microbiology_services_colindale,_public_health_england
B/Vermont/4/2016	centers_for_disease_control_and_prevention	vermont_department_of_health_laboratory
B/Stockholm/1/2017	swedish_institute_for_infectious_disease_control	
B/Michigan/69/2017	centers_for_disease_control_and_prevention	university_of_michigan_sph_epid
B/Maryland/4/2017	other_database_import	maryland_department_of_health_and_mental_hygiene
B/NorthCarolina/7/2017	centers_for_disease_control_and_prevention	north_carolina_state_laboratory_of_public_health
B/Hunan-Yuhua/11986/2017	centers_for_disease_control_and_prevention	who_chinese_national_influenza_center
B/Khmelnitsky/153/2017	centers_for_disease_control_and_prevention	institute_of_epidemiology_and_infectious_diseases_ams_of_ukraine
B/Ulaabaatar/1591/2017	centers_for_disease_control_and_prevention	national_center_for_communicable_diseases
B/Kyiv/200/2017	centers_for_disease_control_and_prevention	institute_of_epidemiology_and_infectious_diseases_ams_of_ukraine
B/England/36/2017	microbiology_services_colindale,_public_health_england	microbiology_services_colindale,_public_health_england
B/Kyiv/378/2017	centers_for_disease_control_and_prevention	institute_of_epidemiology_and_infectious_diseases_ams_of_ukraine
B/Dnipro/361/2017	centers_for_disease_control_and_prevention	institute_of_epidemiology_and_infectious_diseases_ams_of_ukraine
B/Dnipro/391/2017	centers_for_disease_control_and_prevention	institute_of_epidemiology_and_infectious_diseases_ams_of_ukraine
B/Moscow/77/2018	who_national_influenza_centre_russian_federation	ivanovsky_research_institute_of_virology_rams
B/Moscow/23/2018	who_national_influenza_centre_russian_federation	
B/Dnipro/336/2017	centers_for_disease_control_and_prevention	institute_of_epidemiology_and_infectious_diseases_ams_of_ukraine
B/StPetersburg/RII-358/2018	centers_for_disease_control_and_prevention	russian_academy_of_medical_sciences
B/StPetersburg/RII-2855S/2018	who_national_influenza_centre_russian_federation	
B/Dnipro/383/2017	centers_for_disease_control_and_prevention	institute_of_epidemiology_and_infectious_diseases_ams_of_ukraine
B/Dnipro/366/2017	centers_for_disease_control_and_prevention	institute_of_epidemiology_and_infectious_diseases_ams_of_ukraine
B/Dnipro/367/2017	centers_for_disease_control_and_prevention	institute_of_epidemiology_and_infectious_diseases_ams_of_ukraine
B/Dnipro/5/2018	centers_for_disease_control_and_prevention	institute_of_epidemiology_and_infectious_diseases_ams_of_ukraine
B/Kaliningrad/310V/2018	state_research_center_of_virology_and_biotechnology_(vector)	
B/Kaliningrad/313V/2018	state_research_center_of_virology_and_biotechnology_(vector)	
B/Khmelnitsky/155/2017	centers_for_disease_control_and_prevention	institute_of_epidemiology_and_infectious_diseases_ams_of_ukraine
B/Zaporizhia/163/2017	centers_for_disease_control_and_prevention	institute_of_epidemiology_and_infectious_diseases_ams_of_ukraine
B/Stockholm/6/2017	public_health_agency_of_sweden	
B/Stockholm/8/2017	public_health_agency_of_sweden	
B/Khakassia/A1/2017	state_research_center_of_virology_and_biotechnology_(vector)	state_research_center_of_virology_and_biotechnology_(vector)
B/Netherlands/1581/2017	national_institute_for_public_health_and_the_environment_(rivm)	national_institute_for_public_health_and_the_environment_(rivm)
B/Odessa/174/2017	centers_for_disease_control_and_prevention	institute_of_epidemiology_and_infectious_diseases_ams_of_ukraine
B/Kharkiv/177/2017	centers_for_disease_control_and_prevention	institute_of_epidemiology_and_infectious_diseases_ams_of_ukraine
B/Kharkiv/193/2017	centers_for_disease_control_and_prevention	institute_of_epidemiology_and_infectious_diseases_ams_of_ukraine
B/Kharkiv/190/2017	centers_for_disease_control_and_prevention	institute_of_epidemiology_and_infectious_diseases_ams_of_ukraine
B/StPetersburg/RII-1/2018	who_national_influenza_centre_russian_federation	russian_academy_of_medical_sciences
B/Yaroslavl/5/2017	centers_for_disease_control_and_prevention	ivanovsky_research_institute_of_virology_rams
B/Yakutia/725/2017	state_research_center_of_virology_and_biotechnology_(vector)	
B/Moscow/91/2017	centers_for_disease_control_and_prevention	ivanovsky_research_institute_of_virology_rams
B/Tula/3/2017	centers_for_disease_control_and_prevention	russian_academy_of_medical_sciences
B/HongKong/8206/2017	centers_for_disease_control_and_prevention	government_virus_unit
B/Ulaanbaatar/1868/2017	centers_for_disease_control_and_prevention	national_center_for_communicable_diseases
B/Ulaabaatar/1767/2017	centers_for_disease_control_and_prevention	national_center_for_communicable_diseases
B/Odessa/170/2017	centers_for_disease_control_and_prevention	institute_of_epidemiology_and_infectious_diseases_ams_of_ukraine
B/Khmelnitsky/152/2017	centers_for_disease_control_and_prevention	institute_of_epidemiology_and_infectious_diseases_ams_of_ukraine
B/Moscow/95/2016	centers_for_disease_control_and_prevention	ivanovsky_research_institute_of_virology_rams
B/Khabarovsk/13/2017	centers_for_disease_control_and_prevention	russian_academy_of_medical_sciences
B/Tomsk/6/2017	centers_for_disease_control_and_prevention	ivanovsky_research_institute_of_virology_rams
B/Ulaabaatar/1616/2017	centers_for_disease_control_and_prevention	national_center_for_communicable_diseases
B/Moscow/93/2016	centers_for_disease_control_and_prevention	ivanovsky_research_institute_of_virology_rams
B/Kyiv/125/2017	centers_for_disease_control_and_prevention	institute_of_epidemiology_and_infectious_diseases_ams_of_ukraine
B/Ulaabaatar/1834/2017	centers_for_disease_control_and_prevention	national_center_for_communicable_diseases
B/Odessa/173/2017	centers_for_disease_control_and_prevention	institute_of_epidemiology_and_infectious_diseases_ams_of_ukraine
B/Tomsk/24/2017	centers_for_disease_control_and_prevention	ivanovsky_research_institute_of_virology_rams
B/Ulaabaatar/1868/2017	centers_for_disease_control_and_prevention	national_center_for_communicable_diseases
B/Ulaanbaatar/1834/2017	centers_for_disease_control_and_prevention	national_center_for_communicable_diseases
B/Kyrgyzstan/854/2017	centers_for_disease_control_and_prevention	national_virology_laboratory,_center_microbiological_investigations
B/Choibalsan/1738/2017	centers_for_disease_control_and_prevention	national_center_for_communicable_diseases
B/Kyiv/205/2017	centers_for_disease_control_and_prevention	institute_of_epidemiology_and_infectious_diseases_ams_of_ukraine
B/Iowa/15/2014	centers_for_disease_control_and_prevention	iowa_state_hygienic_laboratory
B/Darwin/83/2015	who_collaborating_centre_for_reference_and_research_on_influenza	royal_darwin_hospital
B/Taiwan/503/2016	national_institute_of_infectious_diseases_(niid)	center_for_disease_control
B/Taiwan/445/2016	national_institute_of_infectious_diseases_(niid)	center_for_disease_control
B/Bahrain/176/2016	centers_for_disease_control_and_prevention	ministry_of_health_bahrain
B/Bahrain/115/2016	centers_for_disease_control_and_prevention	ministry_of_health_bahrain
B/England/854/2016	microbiology_services_colindale,_public_health_england	microbiology_services_colindale,_public_health_england
B/HongKong/87/2016	centers_for_disease_control_and_prevention	government_virus_unit
B/England/472/2015	microbiology_services_colindale,_public_health_england	microbiology_services_colindale,_public_health_england
B/England/61480721/2016	microbiology_services_colindale,_public_health_england	microbiology_services_colindale,_public_health_england
B/Samara/1/2017	centers_for_disease_control_and_prevention	russian_academy_of_medical_sciences
B/Brisbane/46/2015-egg	centers_for_disease_control_and_prevention	queensland_health_scientific_services
B/Mie/13/2015	national_institute_of_infectious_diseases_(niid)	mie_prefecture_health_and_environment_research_institute
B/Maranhao/145937-IEC/2017	centers_for_disease_control_and_prevention	national_influenza_center
B/Afghanistan/4615/2016	centers_for_disease_control_and_prevention	national_public_health_laboratory
B/England/959/2016	microbiology_services_colindale,_public_health_england	microbiology_services_colindale,_public_health_england
B/Florida/71/2016	centers_for_disease_control_and_prevention	florida_department_of_health_tampa
B/Delaware/13/2016	centers_for_disease_control_and_prevention	delaware_public_health_lab
B/Jilin-Nanguan/1223/2016-egg	centers_for_disease_control_and_prevention	who_chinese_national_influenza_center
B/HongKong/63/2016	centers_for_disease_control_and_prevention	government_virus_unit
B/Incheon/1611/2015	centers_for_disease_control_and_prevention	national_institute_of_health
B/Incheon/1610/2015	centers_for_disease_control_and_prevention	national_institute_of_health
B/Gyeonggi/1616/2015	centers_for_disease_control_and_prevention	national_institute_of_health
B/DominicanRepublic/9853/2016	centers_for_disease_control_and_prevention	laboratorio_de_investigacion_/_centro_de_educacion_medica_y_amistad_dominico_japones_(cemadoja)
B/NewZealand/537/2015	centers_for_disease_control_and_prevention	institute_of_environmental_science_&_research
B/Lebanon/1052/2016	centers_for_disease_control_and_prevention	
B/HongKong/48/2016	centers_for_disease_control_and_prevention	government_virus_unit
B/India/4678/2018	centers_for_disease_control_and_prevention	national_institute_of_virology
B/Stockholm/2/2016	swedish_institute_for_infectious_disease_control	
B/Taiwan/361/2015	national_institute_of_infectious_diseases_(niid)	center_for_disease_control
B/Taiwan/6071/2016	taiwan_cdc	centers_for_disease_control
B/Taiwan/6047/2016	taiwan_cdc	centers_for_disease_control
B/Taiwan/362/2015	national_institute_of_infectious_diseases_(niid)	center_for_disease_control
B/Taiwan/605/2016	national_institute_of_infectious_diseases_(niid)	center_for_disease_control
B/Taiwan/419/2016	national_institute_of_infectious_diseases_(niid)	center_for_disease_control
B/Brazil/6128/2017	centers_for_disease_control_and_prevention	instituto_adolfo_lutz
B/Texas/15/2017	centers_for_disease_control_and_prevention	dallas_county_health_and_human_services
B/Singapore/EN0391/2017	ministry_of_health,_singapore	ministry_of_health,_singapore
B/Montenegro/141/2016	centers_for_disease_control_and_prevention	institute_of_public_health
B/Albania/6596/2016	centers_for_disease_control_and_prevention	institute_of_public_health
B/Lao/F221/2015	national_institute_of_infectious_diseases_(niid)	ministry_of_health_laos
B/Lao/426/2015	centers_for_disease_control_and_prevention	national_center_for_laboratory_and_epidemiology
B/Lao/624/2015	centers_for_disease_control_and_prevention	national_center_for_laboratory_and_epidemiology
B/England/831/2016	microbiology_services_colindale,_public_health_england	microbiology_services_colindale,_public_health_england
B/England/61060102/2016	microbiology_services_colindale,_public_health_england	microbiology_services_colindale,_public_health_england
B/Lao/392/2015	centers_for_disease_control_and_prevention	national_center_for_laboratory_and_epidemiology
B/Lao/F374/2015	national_institute_of_infectious_diseases_(niid)	ministry_of_health_laos
B/Lao/623/2015	centers_for_disease_control_and_prevention	national_center_for_laboratory_and_epidemiology
B/Lao/713/2015	centers_for_disease_control_and_prevention	national_center_for_laboratory_and_epidemiology
B/Lao/396/2016	centers_for_disease_control_and_prevention	national_center_for_laboratory_and_epidemiology
B/Lao/2210/2016	centers_for_disease_control_and_prevention	national_center_for_laboratory_and_epidemiology
B/Bahrain/181/2016	centers_for_disease_control_and_prevention	ministry_of_health_bahrain
B/Hyogo/1046/2015	national_institute_of_infectious_diseases_(niid)	hyogo_prefectural_institute_of_public_health_and_consumer_sciences
B/Bahrain/854/2016	centers_for_disease_control_and_prevention	ministry_of_health_bahrain
B/Shanghai-Songjiang/1173/2017-egg	centers_for_disease_control_and_prevention	who_chinese_national_influenza_center
B/Bahrain/598/2016	centers_for_disease_control_and_prevention	ministry_of_health_bahrain
B/Petropavlovsk/416/2016	centers_for_disease_control_and_prevention	cdc_central_asia_office
B/Afghanistan/4614/2016	centers_for_disease_control_and_prevention	national_public_health_laboratory
B/Bahrain/291/2016	centers_for_disease_control_and_prevention	ministry_of_health_bahrain
B/Kaliningrad/80/2016	centers_for_disease_control_and_prevention	russian_academy_of_medical_sciences
B/Linkoping/4/2017	public_health_agency_of_sweden	public_health_agency_of_sweden
B/Oman/5452/2016	centers_for_disease_control_and_prevention	central_public_health_laboratory,_ministry_of_health
B/Chanthaburi/598/2015	centers_for_disease_control_and_prevention	who_national_influenza_centre,_national_institute_of_medical_research_(nimr)
B/Bahrain/308/2016	centers_for_disease_control_and_prevention	ministry_of_health_bahrain
B/StPetersburg/137/2016	centers_for_disease_control_and_prevention	russian_academy_of_medical_sciences
B/Hiroshima/17/2016	national_institute_of_infectious_diseases_(niid)	center_for_public_health_and_environment,_hiroshima_prefectural_technology_research_institute
B/Chanthaburi/81/2016	centers_for_disease_control_and_prevention	who_national_influenza_centre,_national_institute_of_medical_research_(nimr)
B/Karlstad/2/2016	swedish_institute_for_infectious_disease_control	
B/NorthernIreland/60860016/2016	microbiology_services_colindale,_public_health_england	microbiology_services_colindale,_public_health_england
B/Sweden/10/2016	swedish_institute_for_infectious_disease_control	
B/Indonesia/BJM0937/2019	who_collaborating_centre_for_reference_and_research_on_influenza	ministry_of_health,_nihrd
B/Darwin/130/2017	who_collaborating_centre_for_reference_and_research_on_influenza	royal_darwin_hospital
B/HongKong/729/2017	centers_for_disease_control_and_prevention	government_virus_unit
B/HongKong/718/2017	centers_for_disease_control_and_prevention	government_virus_unit
B/HongKong/6861/2017	centers_for_disease_control_and_prevention	government_virus_unit
B/HongKong/714/2017	centers_for_disease_control_and_prevention	government_virus_unit
B/England/877/2016	microbiology_services_colindale,_public_health_england	microbiology_services_colindale,_public_health_england
B/Suriname/1610/2016	centers_for_disease_control_and_prevention	institute_for_biomedical_sciences
B/WestVirginia/10/2017	other_database_import	west_virginia_office_of_laboratory_services
B/FrenchGuiana/9196/2016	centers_for_disease_control_and_prevention	national_influenza_center_french_guiana_and_french_indies
B/Niigata/16F082/2017	niigata_university	niigata_university
B/Trollhattan/4/2016	swedish_institute_for_infectious_disease_control	
B/Trollhattan/1/2016	swedish_institute_for_infectious_disease_control	
B/Yunnan-Mengzi/1977/2015	centers_for_disease_control_and_prevention	who_chinese_national_influenza_center
B/RioGrandeDoNorte/140530/2016	centers_for_disease_control_and_prevention	national_influenza_center
B/Oman/1961/2018	centers_for_disease_control_and_prevention	central_public_health_laboratory,_ministry_of_health
B/Tottori/7/2017	national_institute_of_infectious_diseases_(niid)	tottori_prefectural_institute_of_public_health_and_environmental_science
B/Bangladesh/31266/2017	centers_for_disease_control_and_prevention	institute_of_epidemiology_disease_control_and_research_(iedcr)_&_bangladesh_national_influenza_centre_(nic)
B/SouthAfrica/5994/2015	centers_for_disease_control_and_prevention	national_institute_for_communicable_disease
B/HongKong/283/2017	centers_for_disease_control_and_prevention	government_virus_unit
B/RioGrandeDoNorte/146306-IEC/2017	centers_for_disease_control_and_prevention	national_influenza_center
B/SantaCatarina/744/2017	centers_for_disease_control_and_prevention	instituto_oswaldo_cruz_fiocruz___laboratory_of_respiratory_viruses_and_measles_(lvrs)
B/Kharkiv/180/2017	centers_for_disease_control_and_prevention	institute_of_epidemiology_and_infectious_diseases_ams_of_ukraine
B/England/925/2016	microbiology_services_colindale,_public_health_england	microbiology_services_colindale,_public_health_england
B/England/824/2016	microbiology_services_colindale,_public_health_england	microbiology_services_colindale,_public_health_england
B/England/476/2015	microbiology_services_colindale,_public_health_england	microbiology_services_colindale,_public_health_england
B/England/828/2016	microbiology_services_colindale,_public_health_england	microbiology_services_colindale,_public_health_england
B/SouthCarolina/19/2017	centers_for_disease_control_and_prevention	south_carolina_department_of_health
B/Ceara/145411-IEC/2017	centers_for_disease_control_and_prevention	national_influenza_center
B/Bolivia/1919/2017	centers_for_disease_control_and_prevention	instituto_nacional_de_laboratoriosde_salud_(inlasa)
B/Bolivia/1855/2017	centers_for_disease_control_and_prevention	instituto_nacional_de_laboratoriosde_salud_(inlasa)
B/Bolivia/1113/2017	centers_for_disease_control_and_prevention	instituto_nacional_de_laboratoriosde_salud_(inlasa)
B/Bolivia/1884/2017	centers_for_disease_control_and_prevention	instituto_nacional_de_laboratoriosde_salud_(inlasa)
B/Bolivia/935/2017	centers_for_disease_control_and_prevention	cenetrop
B/Arkansas/10/2016	centers_for_disease_control_and_prevention	arkansas_department_of_health
B/Maryland/15/2016-egg	centers_for_disease_control_and_prevention	maryland_department_of_health_and_mental_hygiene
B/Maryland/15/2016	other_database_import	maryland_department_of_health_and_mental_hygiene
B/Alabama/2/2017	centers_for_disease_control_and_prevention	adph_bureau_of_clinical_laboratories
B/Alabama/2/2017-egg	centers_for_disease_control_and_prevention	adph_bureau_of_clinical_laboratories
B/NewJersey/9/2017-egg	centers_for_disease_control_and_prevention	new_jersey_department_of_health_&_senior_services
B/NewJersey/9/2017	centers_for_disease_control_and_prevention	new_jersey_department_of_health_&_senior_services
B/Arkhangelsk/RII-01/2018	who_national_influenza_centre_russian_federation	russian_academy_of_medical_sciences
B/Iowa/14/2017-egg	centers_for_disease_control_and_prevention	iowa_state_hygienic_laboratory
B/Iowa/14/2017	centers_for_disease_control_and_prevention	iowa_state_hygienic_laboratory
B/Jamaica/3606/2017	centers_for_disease_control_and_prevention	university_of_the_west_indies
B/Macedonia/464/2018	centers_for_disease_control_and_prevention	institute_of_public_health_(macedonia)
B/Jamaica/1293/2017	centers_for_disease_control_and_prevention	university_of_the_west_indies
B/Suriname/2085/2017	centers_for_disease_control_and_prevention	institute_for_biomedical_sciences
B/Louisiana/6/2018	centers_for_disease_control_and_prevention	louisiana_department_of_health_and_hospitals
B/Kazakhstan/346/2018	centers_for_disease_control_and_prevention	csee
B/Massachusetts/13/2018	centers_for_disease_control_and_prevention	massachusetts_department_of_public_health
B/Trinidad/2326/2017	centers_for_disease_control_and_prevention	caribbean_epidemiology_center
B/Aichi/117/2018	national_institute_of_infectious_diseases_(niid)	aichi_prefectural_institute_of_public_health
B/Tokushima/19/2018	centers_for_disease_control_and_prevention	tokushima_prefectural_centre_for_public_health_and_environmental_sciences
B/Louisiana/36/2017	centers_for_disease_control_and_prevention	louisiana_department_of_health_and_hospitals
B/Colorado/6/2017-egg	centers_for_disease_control_and_prevention	colorado_department_of_health_lab
B/Colorado/6/2017	centers_for_disease_control_and_prevention	colorado_department_of_health_lab
B/England/159/2017	microbiology_services_colindale,_public_health_england	microbiology_services_colindale,_public_health_england
B/Peru/754617/2017	centers_for_disease_control_and_prevention	us_namru_6
B/Peru/4117/2017	centers_for_disease_control_and_prevention	us_namru_6
B/Arizona/8/2018	centers_for_disease_control_and_prevention	arizona_department_of_health_services
B/Utah/4/2018	centers_for_disease_control_and_prevention	utah_department_of_health
B/Kentucky/7/2018	centers_for_disease_control_and_prevention	kentucky_division_of_laboratory_services
B/NewJersey/7/2017	centers_for_disease_control_and_prevention	new_jersey_department_of_health_&_senior_services
B/Brazil/2470/2018	centers_for_disease_control_and_prevention	instituto_adolfo_lutz
B/Palmas/19015480-IAL/2019	centers_for_disease_control_and_prevention	instituto_adolfo_lutz
B/RioGrandeDoSul/1063/2019	centers_for_disease_control_and_prevention	instituto_oswaldo_cruz_fiocruz___laboratory_of_respiratory_viruses_and_measles_(lvrs)
B/Paraguay/4209/2018	centers_for_disease_control_and_prevention	central_laboratory_of_public_health
B/Paraguay/7301/2018	centers_for_disease_control_and_prevention	central_laboratory_of_public_health
B/Argentina/2110/2017	centers_for_disease_control_and_prevention	instituto_nacional_de_enfermedades_infecciosas
B/Paraguay/8729/2018	centers_for_disease_control_and_prevention	central_laboratory_of_public_health
B/Paraguay/8730/2018	centers_for_disease_control_and_prevention	central_laboratory_of_public_health
B/Paraguay/5924/2018	centers_for_disease_control_and_prevention	central_laboratory_of_public_health
B/Argentina/9/2018	centers_for_disease_control_and_prevention	instituto_nacional_de_enfermedades_infecciosas
B/Brazil/4835/2018	centers_for_disease_control_and_prevention	instituto_adolfo_lutz
B/Brazil/2486/2018	centers_for_disease_control_and_prevention	instituto_adolfo_lutz
B/Campinas/1132875-IAL/2019	centers_for_disease_control_and_prevention	instituto_adolfo_lutz
B/SaoPaulo/1148915-IAL/2019	centers_for_disease_control_and_prevention	instituto_adolfo_lutz
B/RibeiraoPreto/19246327-IAL/2019	centers_for_disease_control_and_prevention	instituto_adolfo_lutz
B/RioGrandeDoSul/1044/2019	centers_for_disease_control_and_prevention	instituto_oswaldo_cruz_fiocruz___laboratory_of_respiratory_viruses_and_measles_(lvrs)
B/Brazil/4648/2020	centers_for_disease_control_and_prevention	instituto_adolfo_lutz
B/Suriname/867/2019	centers_for_disease_control_and_prevention	central_laboratory,_bureau_of_public_health
B/Argentina/13339/2017	centers_for_disease_control_and_prevention	cemic_university_hospital
B/Santiago/54067/2017	centers_for_disease_control_and_prevention	instituto_de_salud_publica_de_chile_
B/Brazil/2227/2018	centers_for_disease_control_and_prevention	instituto_adolfo_lutz
B/Brazil/7084/2017	centers_for_disease_control_and_prevention	instituto_adolfo_lutz
B/Paraguay/620/2018	centers_for_disease_control_and_prevention	central_laboratory_of_public_health
B/Argentina/1/2018	centers_for_disease_control_and_prevention	instituto_nacional_de_enfermedades_infecciosas
B/Argentina/58/2018	centers_for_disease_control_and_prevention	instituto_nacional_de_enfermedades_infecciosas
B/Parana/428/2019	centers_for_disease_control_and_prevention	instituto_oswaldo_cruz_fiocruz___laboratory_of_respiratory_viruses_and_measles_(lvrs)
B/Argentina/258/2018	centers_for_disease_control_and_prevention	instituto_nacional_de_enfermedades_infecciosas
B/Argentina/42/2018	centers_for_disease_control_and_prevention	instituto_nacional_de_enfermedades_infecciosas
B/Bolivia/350/2018	centers_for_disease_control_and_prevention	cenetrop
B/Argentina/260/2018	centers_for_disease_control_and_prevention	instituto_nacional_de_enfermedades_infecciosas
B/Bolivia/326/2018	centers_for_disease_control_and_prevention	cenetrop
B/Bolivia/752/2018	centers_for_disease_control_and_prevention	cenetrop
B/Honduras/766/2018	centers_for_disease_control_and_prevention	laboratorio_nacional_de_virologia
B/Guatemala/3800/2017	centers_for_disease_control_and_prevention	laboratorio_nacional_de_salud_guatemala
B/Alaska/17/2018	centers_for_disease_control_and_prevention	alaska_state_virology_lab
B/ElSalvador/697/2018-egg	centers_for_disease_control_and_prevention	contiguo_a_hospital_rosales
B/ElSalvador/697/2018	centers_for_disease_control_and_prevention	contiguo_a_hospital_rosales
B/Florida/12/2017	other_database_import	florida_department_of_health_jacksonville
B/Florida/86/2017	centers_for_disease_control_and_prevention	florida_department_of_health_tampa
B/Louisiana/32/2017	centers_for_disease_control_and_prevention	louisiana_department_of_health_and_hospitals
B/PuertoRico/35/2017	centers_for_disease_control_and_prevention	puerto_rico_department_of_health
B/England/27/2018	microbiology_services_colindale,_public_health_england	microbiology_services_colindale,_public_health_england
B/Brazil/2199/2018	centers_for_disease_control_and_prevention	instituto_adolfo_lutz
B/Parana/151/2018	centers_for_disease_control_and_prevention	instituto_oswaldo_cruz_fiocruz___laboratory_of_respiratory_viruses_and_measles_(lvrs)
B/Ohio/5/2018	centers_for_disease_control_and_prevention	ohio_department_of_health_laboratories
B/Guyane/542/2018	centers_for_disease_control_and_prevention	national_influenza_center_french_guiana_and_french_indies
B/Guyane/316/2018	centers_for_disease_control_and_prevention	national_influenza_center_french_guiana_and_french_indies
B/Suriname/2356/2017	centers_for_disease_control_and_prevention	institute_for_biomedical_sciences
B/Suriname/281/2018	centers_for_disease_control_and_prevention	institute_for_biomedical_sciences
B/Suriname/184/2018	centers_for_disease_control_and_prevention	institute_for_biomedical_sciences
B/Suriname/208/2018	centers_for_disease_control_and_prevention	institute_for_biomedical_sciences
B/Valparaiso/55955/2018	centers_for_disease_control_and_prevention	instituto_de_salud_publica_de_chile_
B/Santiago/47361/2018-egg	centers_for_disease_control_and_prevention	instituto_de_salud_publica_de_chile_
B/Santiago/47361/2018	centers_for_disease_control_and_prevention	instituto_de_salud_publica_de_chile_
B/Amazonas/153158-IEC/2018	centers_for_disease_control_and_prevention	national_influenza_center
B/Paraguay/9511/2019	centers_for_disease_control_and_prevention	central_laboratory_of_public_health
B/Guyane/31/2020	centers_for_disease_control_and_prevention	national_influenza_center_french_guiana_and_french_indies
B/Argentina/56/2020	centers_for_disease_control_and_prevention	instituto_nacional_de_enfermedades_infecciosas
B/Argentina/37/2020	centers_for_disease_control_and_prevention	instituto_nacional_de_enfermedades_infecciosas
B/Suriname/987/2019	centers_for_disease_control_and_prevention	central_laboratory,_bureau_of_public_health
B/Guyane/729/2019	centers_for_disease_control_and_prevention	national_influenza_center_french_guiana_and_french_indies
B/Guyane/705/2019	centers_for_disease_control_and_prevention	national_influenza_center_french_guiana_and_french_indies
B/Norway/2409/2017-egg	centers_for_disease_control_and_prevention	who_national_influenza_centre
B/CostaRica/6551/2017	centers_for_disease_control_and_prevention	laboratorio_nacional_de_influenza
B/Peru/6917/2017	centers_for_disease_control_and_prevention	us_namru_6
B/Peru/2817/2017	centers_for_disease_control_and_prevention	us_namru_6
B/Santiago/51375/2018	centers_for_disease_control_and_prevention	instituto_de_salud_publica_de_chile_
B/PuntaArenas/58278/2018	centers_for_disease_control_and_prevention	instituto_de_salud_publica_de_chile_
B/Argentina/13647/2018	centers_for_disease_control_and_prevention	cemic_university_hospital
B/DominicanRepublic/34/2018	centers_for_disease_control_and_prevention	laboratorio_nacional_de_salud_publica_dr._defillo
B/Ohio/2/2018	centers_for_disease_control_and_prevention	ohio_department_of_health_laboratories
B/Kyiv/156/2018	centers_for_disease_control_and_prevention	institute_of_epidemiology_and_infectious_diseases_ams_of_ukraine
B/Kyiv/185/2018	centers_for_disease_control_and_prevention	institute_of_epidemiology_and_infectious_diseases_ams_of_ukraine
B/NewYork/PV01444/2018	icahn_school_of_medicine_at_mount_sinai	icahn_school_of_medicine_at_mount_sinai
B/SouthAfrica/VW0527/2018	centers_for_disease_control_and_prevention	national_institute_for_communicable_disease
B/SouthAfrica/VW0613/2018	centers_for_disease_control_and_prevention	national_institute_for_communicable_disease
B/HongKong/1301/2018	centers_for_disease_control_and_prevention	government_virus_unit
B/Delaware/21/2018	centers_for_disease_control_and_prevention	delaware_public_health_lab
B/Massachusetts/7/2018	centers_for_disease_control_and_prevention	massachusetts_department_of_public_health
B/Delaware/26/2018	centers_for_disease_control_and_prevention	delaware_public_health_lab
B/Florida/23/2018	centers_for_disease_control_and_prevention	florida_department_of_health_tampa
B/NewYork/PV01156/2018	icahn_school_of_medicine_at_mount_sinai	icahn_school_of_medicine_at_mount_sinai
B/HongKong/1362/2018	centers_for_disease_control_and_prevention	government_virus_unit
B/HongKong/1400/2018	centers_for_disease_control_and_prevention	hong_kong_department_of_health
B/HongKong/1398/2018	centers_for_disease_control_and_prevention	hong_kong_department_of_health
B/Florida/13/2019	centers_for_disease_control_and_prevention	florida_department_of_health_tampa
B/Lebanon/209/2019	centers_for_disease_control_and_prevention	rafic_hariri_university_hospital_4th_floor_dna/research_lab
B/Jiangxi-Qingshanhu/314/2018	centers_for_disease_control_and_prevention	who_chinese_national_influenza_center
B/Montana/11/2019	centers_for_disease_control_and_prevention	montana_laboratory_services_bureau
B/Montana/34/2018-egg	centers_for_disease_control_and_prevention	montana_laboratory_services_bureau
B/Montana/34/2018	centers_for_disease_control_and_prevention	montana_laboratory_services_bureau
B/NewYork/PV01228/2018	icahn_school_of_medicine_at_mount_sinai	icahn_school_of_medicine_at_mount_sinai
B/Michigan/UOMMH19030/2018	university_of_michigan	university_of_michigan_clinical_microbiology_laboratory
B/Minnesota/17/2018	centers_for_disease_control_and_prevention	minnesota_department_of_health
B/Wisconsin/194/2018	centers_for_disease_control_and_prevention	marshfield_clinic_research_foundation
B/Wisconsin/178/2018	centers_for_disease_control_and_prevention	marshfield_clinic_research_foundation
B/Montana/20/2018	centers_for_disease_control_and_prevention	montana_laboratory_services_bureau
B/Missouri/15/2018	centers_for_disease_control_and_prevention	missouri_department._of_health_&_senior_services
B/Utah/15/2018	centers_for_disease_control_and_prevention	utah_department_of_health
B/Utah/5/2018	centers_for_disease_control_and_prevention	utah_department_of_health
B/Alabama/9/2019	centers_for_disease_control_and_prevention	adph_bureau_of_clinical_laboratories
B/Paraguay/461/2019	centers_for_disease_control_and_prevention	central_laboratory_of_public_health
B/Paraguay/1771/2019	centers_for_disease_control_and_prevention	central_laboratory_of_public_health
B/Bolivia/1919/2019	centers_for_disease_control_and_prevention	instituto_nacional_de_laboratoriosde_salud_(inlasa)
B/Bolivia/1133/2019	centers_for_disease_control_and_prevention	instituto_nacional_de_laboratoriosde_salud_(inlasa)
B/Bolivia/1055/2019	centers_for_disease_control_and_prevention	instituto_nacional_de_laboratoriosde_salud_(inlasa)
B/Bolivia/1992/2019	centers_for_disease_control_and_prevention	instituto_nacional_de_laboratoriosde_salud_(inlasa)
B/Bolivia/2006/2019	centers_for_disease_control_and_prevention	instituto_nacional_de_laboratoriosde_salud_(inlasa)
B/Bolivia/1928/2019	centers_for_disease_control_and_prevention	instituto_nacional_de_laboratoriosde_salud_(inlasa)
B/Santiago/76567/2019	instituto_de_salud_publica_de_chile	instituto_de_salud_publica_de_chile
B/Chile/6380/2019	centers_for_disease_control_and_prevention	instituto_de_salud_publica_de_chile
B/Concepcion/76494/2019	instituto_de_salud_publica_de_chile	instituto_de_salud_publica_de_chile
B/VinaDelMar/79888/2019	instituto_de_salud_publica_de_chile	instituto_de_salud_publica_de_chile
B/Concepcion/78616/2019	instituto_de_salud_publica_de_chile	instituto_de_salud_publica_de_chile
B/Santiago/76566/2019	instituto_de_salud_publica_de_chile	instituto_de_salud_publica_de_chile
B/Argentina/2907/2019	centers_for_disease_control_and_prevention	instituto_nacional_de_enfermedades_infecciosas
B/PuertoMontt/82664/2019	instituto_de_salud_publica_de_chile	instituto_de_salud_publica_de_chile
B/PuertoMontt/95747/2019	instituto_de_salud_publica_de_chile	instituto_de_salud_publica_de_chile
B/Washington/10009/2019	u.s._air_force_school_of_aerospace_medicine	u.s._air_force_school_of_aerospace_medicine_
B/Catalonia/NSVH101150018/2019	hospital_universitari_vall_d'hebron	hospital_universitari_vall_d'hebron
B/Catalonia/NSVH101149608/2019	hospital_universitari_vall_d'hebron	hospital_universitari_vall_d'hebron
B/DistrictOfColumbia/14/2018	centers_for_disease_control_and_prevention	dc_public_health_lab
B/Paris/986/2018	institut_pasteur	institut_pasteur
B/Haiti/8577/2017	centers_for_disease_control_and_prevention	laboratoire_national_de_sante_publique
B/Macedonia/483/2018	centers_for_disease_control_and_prevention	institute_of_public_health_(macedonia)
B/Macedonia/469/2018	centers_for_disease_control_and_prevention	institute_of_public_health_(macedonia)
B/Macedonia/494/2018	centers_for_disease_control_and_prevention	institute_of_public_health_(macedonia)
B/Belgium/S1041/2018	scientific_institute_of_public_health_(wiv_isp)	sciensano_(scientific_institute_of_public_health)
B/Belgium/G0434/2018	scientific_institute_of_public_health_(wiv_isp)	sciensano_(scientific_institute_of_public_health)
B/SouthAustralia/27/2019	who_collaborating_centre_for_reference_and_research_on_influenza	institute_of_medical_and_veterinary_science_(imvs)
B/SouthAustralia/21/2019	who_collaborating_centre_for_reference_and_research_on_influenza	institute_of_medical_and_veterinary_science_(imvs)
B/Pakistan/107/2019	centers_for_disease_control_and_prevention	national_institute_of_health
B/Newcastle/2/2019	who_collaborating_centre_for_reference_and_research_on_influenza	john_hunter_hospital
B/HongKong/1408/2018	centers_for_disease_control_and_prevention	hong_kong_department_of_health
B/Singapore/GP0415/2019	ministry_of_health,_singapore	ministry_of_health,_singapore
B/Taiwan/3533/2018	centers_for_disease_control_and_prevention	adimmune_corporation
B/Taiwan/7385/2018	centers_for_disease_control_and_prevention	adimmune_corporation
B/Taiwan/7383/2018	centers_for_disease_control_and_prevention	adimmune_corporation
B/Kenya/129/2019	centers_for_disease_control_and_prevention	cdc_kenya
B/Mozambique/244/2019	centers_for_disease_control_and_prevention	laboratório_de_isolamento_viral
B/Maine/12/2019	centers_for_disease_control_and_prevention	maine_health_and_environmental_testing_laboratory
B/Mozambique/664/2018	centers_for_disease_control_and_prevention	laboratório_de_isolamento_viral
B/Mozambique/671/2018	centers_for_disease_control_and_prevention	laboratório_de_isolamento_viral
B/Madagascar/4181/2019	centers_for_disease_control_and_prevention	institut_pasteur_de_madagascar
B/Madagascar/322/2020	centers_for_disease_control_and_prevention	institut_pasteur_de_madagascar
B/Paris/2931/2019	institut_pasteur	institut_pasteur
B/Sweden/3/2019	public_health_agency_of_sweden	public_health_agency_of_sweden
B/ElSalvador/901/2018	centers_for_disease_control_and_prevention	contiguo_a_hospital_rosales
B/ElSalvador/690/2018-egg	centers_for_disease_control_and_prevention	contiguo_a_hospital_rosales
B/ElSalvador/690/2018	centers_for_disease_control_and_prevention	contiguo_a_hospital_rosales
B/Honduras/779/2018	centers_for_disease_control_and_prevention	laboratorio_nacional_de_virologia
B/Managua/36-19/2019	centers_for_disease_control_and_prevention	laboratorio_de_virologia,_direccion_de_microbiologia
B/Wisconsin/16/2019	centers_for_disease_control_and_prevention	wisconsin_state_laboratory_of_hygiene
B/Guatemala/68/2019	centers_for_disease_control_and_prevention	laboratorio_nacional_de_salud_guatemala
B/Honduras/2032/2018	centers_for_disease_control_and_prevention	laboratorio_nacional_de_virologia
B/Honduras/3627/2018	centers_for_disease_control_and_prevention	laboratorio_nacional_de_virologia
B/Honduras/3543/2018	centers_for_disease_control_and_prevention	laboratorio_nacional_de_virologia
B/Florida/6/2020	centers_for_disease_control_and_prevention	florida_department_of_health_tampa
B/SouthDakota/16/2019	centers_for_disease_control_and_prevention	south_dakota_public_health_lab
B/Uganda/5613/2016	centers_for_disease_control_and_prevention	uganda_virus_research_institute_(uvri),_national_influenza_center
B/Uganda/5519/2016	centers_for_disease_control_and_prevention	uganda_virus_research_institute_(uvri),_national_influenza_center
B/Uganda/4816/2016	centers_for_disease_control_and_prevention	uganda_virus_research_institute_(uvri),_national_influenza_center
B/Kochi/106/2017	national_institute_of_infectious_diseases_(niid)	kochi_public_health_and_sanitation_institute_
B/Gifu/2/2018	national_institute_of_infectious_diseases_(niid)	gifu_prefectural_institute_of_health_and_environmental_sciences
B/Gifu/18/2018	national_institute_of_infectious_diseases_(niid)	gifu_prefectural_institute_of_health_and_environmental_sciences
B/Kochi/110/2017	national_institute_of_infectious_diseases_(niid)	kochi_public_health_and_sanitation_institute_
B/Uganda/2357/2016	centers_for_disease_control_and_prevention	uganda_virus_research_institute_(uvri),_national_influenza_center
B/Singapore/INFGP-16-1159/2016	ministry_of_health,_singapore	ministry_of_health,_singapore
B/Texas/53/2016	centers_for_disease_control_and_prevention	texas_department_of_state_health_services_laboratory_services
B/Singapore/INFGP-16-0299/2016	ministry_of_health,_singapore	ministry_of_health,_singapore
B/Sweden/1/2017	swedish_institute_for_infectious_disease_control	
B/NewZealand/837/2016	centers_for_disease_control_and_prevention	institute_of_environmental_science_&_research
B/TimorLeste/10/2018	who_collaborating_centre_for_reference_and_research_on_influenza	laboratório_nacional_da_saúde
B/Taiwan/308/2016	national_institute_of_infectious_diseases_(niid)	center_for_disease_control
B/Ulaanbaatar/1913/2016	centers_for_disease_control_and_prevention	national_center_for_communicable_diseases
B/Ulaanbaatar/1907/2016	centers_for_disease_control_and_prevention	national_center_for_communicable_diseases
B/Bahrain/918/2016	centers_for_disease_control_and_prevention	ministry_of_health_bahrain
B/Paraguay/7755/2016	centers_for_disease_control_and_prevention	central_laboratory_of_public_health
B/Kentucky/25/2015-egg	centers_for_disease_control_and_prevention	kentucky_division_of_laboratory_services
B/Tanzania/2175/2016	centers_for_disease_control_and_prevention	national_influenza_lab
B/Mozambique/405/2016	centers_for_disease_control_and_prevention	laboratório_de_isolamento_viral
B/Saitama-C/5/2015	national_institute_of_infectious_diseases_(niid)	saitama_city_institute_of_health__science_and_research
B/Gunma/7/2015	national_institute_of_infectious_diseases_(niid)	gunma_prefectural_institute_of_public_health_and_environmental_sciences
B/Singapore/INFKK-16-0510/2016	ministry_of_health,_singapore	ministry_of_health,_singapore
B/SouthAfrica/3077/2016	centers_for_disease_control_and_prevention	national_institute_for_communicable_disease
B/Singapore/INFGP-16-0887/2016	ministry_of_health,_singapore	ministry_of_health,_singapore
B/Zhejiang-Yongkang/1370/2021-egg	who_chinese_national_influenza_center	who_chinese_national_influenza_center
B/Hunan-Kaifu/1276/2021-egg	who_chinese_national_influenza_center	who_chinese_national_influenza_center
B/Kazakhstan/128/2017-egg	centers_for_disease_control_and_prevention	csee
B/Kazakhstan/128/2017	centers_for_disease_control_and_prevention	csee
B/Kazakhstan/6794/2017	centers_for_disease_control_and_prevention	cdc_central_asia_office
B/Kazakhstan/21/2017	centers_for_disease_control_and_prevention	csee
B/HongKong/348/2017	centers_for_disease_control_and_prevention	government_virus_unit
B/Singapore/GP2419/2017	ministry_of_health,_singapore	ministry_of_health,_singapore
B/Quinghai-Gangcha/1209/2018	centers_for_disease_control_and_prevention	who_chinese_national_influenza_center
B/Qinghai-Gangcha/1226/2018	centers_for_disease_control_and_prevention	who_chinese_national_influenza_center
B/Kazakhstan/82/2017	centers_for_disease_control_and_prevention	csee
B/Kazakhstan/169/2017	centers_for_disease_control_and_prevention	csee
B/Chongqing-Banan/1840/2017	centers_for_disease_control_and_prevention	who_chinese_national_influenza_center
B/Liaoning-Yinzhou/1202/2018	centers_for_disease_control_and_prevention	who_chinese_national_influenza_center
B/Bahrain/228/2016	centers_for_disease_control_and_prevention	ministry_of_health_bahrain
B/Bahrain/157/2016	centers_for_disease_control_and_prevention	ministry_of_health_bahrain
B/Bangladesh/3003/2016	centers_for_disease_control_and_prevention	institute_of_epidemiology_disease_control_and_research_(iedcr)_&_bangladesh_national_influenza_centre_(nic)
B/Togo/706/2016	centers_for_disease_control_and_prevention	institute_national_d'hygiene
B/Togo/53/2017	centers_for_disease_control_and_prevention	institute_national_d'hygiene
B/Togo/41/2017	centers_for_disease_control_and_prevention	institute_national_d'hygiene
B/Togo/34/2017	centers_for_disease_control_and_prevention	institute_national_d'hygiene
B/England/2/2017	microbiology_services_colindale,_public_health_england	microbiology_services_colindale,_public_health_england
B/Stockholm/10/2017	public_health_agency_of_sweden	
B/SierraLeone/171/2017	centers_for_disease_control_and_prevention	central_public_health_reference_laboratory
B/SierraLeone/165/2017	centers_for_disease_control_and_prevention	central_public_health_reference_laboratory
B/SierraLeone/140/2017	centers_for_disease_control_and_prevention	central_public_health_reference_laboratory
B/SierraLeone/176/2017	centers_for_disease_control_and_prevention	central_public_health_reference_laboratory
B/SierraLeone/173/2017	centers_for_disease_control_and_prevention	central_public_health_reference_laboratory
B/Bangladesh/8002/2016	centers_for_disease_control_and_prevention	institute_of_epidemiology_disease_control_and_research_(iedcr)_&_bangladesh_national_influenza_centre_(nic)
B/Bangladesh/8018/2016	centers_for_disease_control_and_prevention	institute_of_epidemiology_disease_control_and_research_(iedcr)_&_bangladesh_national_influenza_centre_(nic)
B/Bangladesh/8008/2017	centers_for_disease_control_and_prevention	institute_of_epidemiology_disease_control_and_research_(iedcr)_&_bangladesh_national_influenza_centre_(nic)
B/Bangladesh/8005/2017	centers_for_disease_control_and_prevention	institute_of_epidemiology_disease_control_and_research_(iedcr)_&_bangladesh_national_influenza_centre_(nic)
B/Bangladesh/711005/2016	centers_for_disease_control_and_prevention	institute_of_epidemiology_disease_control_and_research_(iedcr)_&_bangladesh_national_influenza_centre_(nic)
B/Taiwan/694/2016	centers_for_disease_control_and_prevention	adimmune_corporation
B/Wisconsin/45/2016	centers_for_disease_control_and_prevention	wisconsin_state_laboratory_of_hygiene
B/Bangladesh/3076/2016	centers_for_disease_control_and_prevention	institute_of_epidemiology_disease_control_and_research_(iedcr)_&_bangladesh_national_influenza_centre_(nic)
B/Bangladesh/914002/2016	centers_for_disease_control_and_prevention	institute_of_epidemiology_disease_control_and_research_(iedcr)_&_bangladesh_national_influenza_centre_(nic)
B/Bangladesh/711007/2016	centers_for_disease_control_and_prevention	institute_of_epidemiology_disease_control_and_research_(iedcr)_&_bangladesh_national_influenza_centre_(nic)
B/Bangladesh/5063/2016	centers_for_disease_control_and_prevention	institute_of_epidemiology_disease_control_and_research_(iedcr)_&_bangladesh_national_influenza_centre_(nic)
B/Bangladesh/1025/2016	centers_for_disease_control_and_prevention	institute_of_epidemiology_disease_control_and_research_(iedcr)_&_bangladesh_national_influenza_centre_(nic)
B/Bangladesh/1012/2016	centers_for_disease_control_and_prevention	institute_of_epidemiology_disease_control_and_research_(iedcr)_&_bangladesh_national_influenza_centre_(nic)
B/Bangladesh/613010/2016	centers_for_disease_control_and_prevention	institute_of_epidemiology_disease_control_and_research_(iedcr)_&_bangladesh_national_influenza_centre_(nic)
B/Nepal/FLU-NPBH-03747/2017	usamc_armed_forces_medical_research_institute_of_medial_sciences	usamc_afrims_department_of_virology
B/Nepal/FLU-NPBH-03269/2016	usamc_armed_forces_medical_research_institute_of_medial_sciences	usamc_afrims_department_of_virology
B/Nepal/FLU-NPBH-03104/2016	usamc_armed_forces_medical_research_institute_of_medial_sciences	usamc_afrims_department_of_virology
B/Nepal/FLU-NPBH-03084/2016	usamc_armed_forces_medical_research_institute_of_medial_sciences	usamc_afrims_department_of_virology
B/Nepal/FLU-NPBH-03377/2016	usamc_armed_forces_medical_research_institute_of_medial_sciences	usamc_afrims_department_of_virology
B/Bangladesh/1294/2017	centers_for_disease_control_and_prevention	institute_of_epidemiology_disease_control_and_research_(iedcr)_&_bangladesh_national_influenza_centre_(nic)
B/Bangladesh/1011/2017	centers_for_disease_control_and_prevention	institute_of_epidemiology_disease_control_and_research_(iedcr)_&_bangladesh_national_influenza_centre_(nic)
B/Bangladesh/5009/2017	centers_for_disease_control_and_prevention	institute_of_epidemiology_disease_control_and_research_(iedcr)_&_bangladesh_national_influenza_centre_(nic)
B/England/61500293/2016	microbiology_services_colindale,_public_health_england	microbiology_services_colindale,_public_health_england
B/England/878/2016	microbiology_services_colindale,_public_health_england	microbiology_services_colindale,_public_health_england
B/HongKong/49/2016	centers_for_disease_control_and_prevention	government_virus_unit
B/HongKong/739/2017	centers_for_disease_control_and_prevention	government_virus_unit
B/Oman/1144/2018	centers_for_disease_control_and_prevention	central_public_health_laboratory,_ministry_of_health
B/India/9051/2016	centers_for_disease_control_and_prevention	national_institute_of_virology
B/NewZealand/2386/2016	centers_for_disease_control_and_prevention	institute_of_environmental_science_&_research
B/California/104/2015	centers_for_disease_control_and_prevention	california_department_of_health_services
B/Chanthaburi/402/2015	centers_for_disease_control_and_prevention	who_national_influenza_centre,_national_institute_of_medical_research_(nimr)
B/Kyrgyzstan/790/2017	centers_for_disease_control_and_prevention	national_virology_laboratory,_center_microbiological_investigations
B/Kyrgyzstan/100/2017	centers_for_disease_control_and_prevention	national_virology_laboratory,_center_microbiological_investigations
B/Pennsylvania/21/2016	centers_for_disease_control_and_prevention	upmc_clb_dept_of_microbiology
B/Tanzania/2216/2016	centers_for_disease_control_and_prevention	national_influenza_lab
B/Niigata/280/2016	national_institute_of_infectious_diseases_(niid)	niigata_prefectural_institute_of_public_health_and_environmental_sciences
B/Bahrain/196/2016	centers_for_disease_control_and_prevention	ministry_of_health_bahrain
B/Rwanda/678/2016	centers_for_disease_control_and_prevention	rwanda_biomedical_center,_national_reference_laboratory
B/Rwanda/677/2016	centers_for_disease_control_and_prevention	rwanda_biomedical_center,_national_reference_laboratory
B/Bangladesh/896/2016	centers_for_disease_control_and_prevention	institute_of_epidemiology_disease_control_and_research_(iedcr)_&_bangladesh_national_influenza_centre_(nic)
B/Tanzania/2934/2016	centers_for_disease_control_and_prevention	national_influenza_lab
B/Tanzania/2931/2016	centers_for_disease_control_and_prevention	national_influenza_lab
B/Uganda/1625/2016	centers_for_disease_control_and_prevention	uganda_virus_research_institute_(uvri),_national_influenza_center
B/Philippines/838/2017	centers_for_disease_control_and_prevention	center_for_medical_microbiology
B/Fukushima/67/2016	national_institute_of_infectious_diseases_(niid)	fukushima_prefectural_institute_of_public_health
B/Hawaii/46/2016	centers_for_disease_control_and_prevention	state_of_hawaii_department_of_health
B/Philippines/393/2016	centers_for_disease_control_and_prevention	
B/Singapore/INFKK-16-0305/2016	ministry_of_health,_singapore	ministry_of_health,_singapore
B/HongKong/7/2017	centers_for_disease_control_and_prevention	government_virus_unit
B/Philippines/875/2017	centers_for_disease_control_and_prevention	center_for_medical_microbiology
B/Sendai/13/2015	national_institute_of_infectious_diseases_(niid)	sendai_city_institute_of_public_health
B/India/2250/2018	centers_for_disease_control_and_prevention	national_institute_of_virology
B/Kuwait/8938/2018	centers_for_disease_control_and_prevention	public_health_laboratory,_virology_unit
B/Kuwait/8794/2018	centers_for_disease_control_and_prevention	public_health_laboratory,_virology_unit
B/Bahrain/323/2018	centers_for_disease_control_and_prevention	ministry_of_health_bahrain
B/Aichi/68/2018	national_institute_of_infectious_diseases_(niid)	aichi_prefectural_institute_of_public_health
B/HongKong/1304/2018	centers_for_disease_control_and_prevention	government_virus_unit
B/Maldives/992/2018	centers_for_disease_control_and_prevention	ministry_of_health
B/Maldives/1014/2018	centers_for_disease_control_and_prevention	ministry_of_health
B/Maldives/945/2018	centers_for_disease_control_and_prevention	ministry_of_health
B/Maldives/929/2018	centers_for_disease_control_and_prevention	ministry_of_health
B/HongKong/1356/2018	centers_for_disease_control_and_prevention	government_virus_unit
B/Trang/85/2019	centers_for_disease_control_and_prevention	who_national_influenza_centre,_national_institute_of_medical_research_(nimr)
B/Nonthaburi/351/2018	centers_for_disease_control_and_prevention	who_national_influenza_centre,_national_institute_of_medical_research_(nimr)
B/Nonthaburi/2884/2018	centers_for_disease_control_and_prevention	who_national_influenza_centre,_national_institute_of_medical_research_(nimr)
B/Oman/2132/2018	centers_for_disease_control_and_prevention	central_public_health_laboratory,_ministry_of_health
B/Bangladesh/9004/2018	centers_for_disease_control_and_prevention	institute_of_epidemiology_disease_control_and_research_(iedcr)_&_bangladesh_national_influenza_centre_(nic)
B/Victoria/700/2018	who_collaborating_centre_for_reference_and_research_on_influenza	monash_medical_centre
B/Sweden/60/2018	public_health_agency_of_sweden	
B/SouthAustralia/29/2019	who_collaborating_centre_for_reference_and_research_on_influenza	institute_of_medical_and_veterinary_science_(imvs)
B/SouthAustralia/32/2019	who_collaborating_centre_for_reference_and_research_on_influenza	institute_of_medical_and_veterinary_science_(imvs)
B/Maryland/30/2018	centers_for_disease_control_and_prevention	maryland_department_of_health_and_mental_hygiene
B/Maryland/29/2018	centers_for_disease_control_and_prevention	maryland_department_of_health_and_mental_hygiene
B/Maryland/29/2018-egg	centers_for_disease_control_and_prevention	maryland_department_of_health_and_mental_hygiene
B/Maryland/27/2018-egg	centers_for_disease_control_and_prevention	maryland_department_of_health_and_mental_hygiene
B/Maryland/28/2018-egg	centers_for_disease_control_and_prevention	maryland_department_of_health_and_mental_hygiene
B/Maryland/27/2018	centers_for_disease_control_and_prevention	maryland_department_of_health_and_mental_hygiene
B/Maryland/28/2018	centers_for_disease_control_and_prevention	maryland_department_of_health_and_mental_hygiene
B/HongKong/1156/2016	centers_for_disease_control_and_prevention	government_virus_unit
B/Uganda/150/2016	centers_for_disease_control_and_prevention	uganda_virus_research_institute_(uvri),_national_influenza_center
B/Uganda/262/2016	centers_for_disease_control_and_prevention	uganda_virus_research_institute_(uvri),_national_influenza_center
B/Uganda/4919/2016	centers_for_disease_control_and_prevention	uganda_virus_research_institute_(uvri),_national_influenza_center
B/Uganda/4822/2016	centers_for_disease_control_and_prevention	uganda_virus_research_institute_(uvri),_national_influenza_center
B/Uganda/4825/2016	centers_for_disease_control_and_prevention	uganda_virus_research_institute_(uvri),_national_influenza_center
B/Uganda/4807/2016	centers_for_disease_control_and_prevention	uganda_virus_research_institute_(uvri),_national_influenza_center
B/Uganda/142/2016	centers_for_disease_control_and_prevention	uganda_virus_research_institute_(uvri),_national_influenza_center
B/HongKong/727/2017	centers_for_disease_control_and_prevention	government_virus_unit
B/Myanmar/16M564/2016	niigata_university	niigata_university
B/Myanmar/16M074/2016	niigata_university	niigata_university
B/Myanmar/16M525/2016	niigata_university	niigata_university
B/Oman/2016/2018	centers_for_disease_control_and_prevention	central_public_health_laboratory,_ministry_of_health
B/Yokohama/86/2018	national_institute_of_infectious_diseases_(niid)	yokohama_city_institute_of_public_health.
B/Kanagawa/5/2018	national_institute_of_infectious_diseases_(niid)	kanagawa_prefectural_institute_of_public_health
B/Toyama/5/2018	national_institute_of_infectious_diseases_(niid)	toyama_institute_of_health
A/Kanagawa/AC1738/2018	national_institute_of_infectious_diseases_(niid)	national_institute_of_infectious_diseases_(niid)
B/Aichi/85/2018	national_institute_of_infectious_diseases_(niid)	aichi_prefectural_institute_of_public_health
B/Aichi/109/2018	national_institute_of_infectious_diseases_(niid)	aichi_prefectural_institute_of_public_health
B/Fukushima/16/2018	national_institute_of_infectious_diseases_(niid)	fukushima_prefectural_institute_of_public_health
B/NewCaledonia/8/2018	who_collaborating_centre_for_reference_and_research_on_influenza	institut_pasteur_new_caledonia
B/NewCaledonia/27/2017	who_collaborating_centre_for_reference_and_research_on_influenza	institut_pasteur_new_caledonia
B/NewCaledonia/26/2017	who_collaborating_centre_for_reference_and_research_on_influenza	institut_pasteur_new_caledonia
B/NewCaledonia/13/2017	who_collaborating_centre_for_reference_and_research_on_influenza	institut_pasteur_new_caledonia
B/NewCaledonia/11/2017	who_collaborating_centre_for_reference_and_research_on_influenza	institut_pasteur_new_caledonia
B/Nagano/2175/2018	national_institute_of_infectious_diseases_(niid)	nagano_environmental_conservation_research_institute
B/Kagawa/18059/2018	national_institute_of_infectious_diseases_(niid)	kagawa_prefectural_research_institute_for_environmental_sciences_and_public_health
B/Shizuoka/17FS041/2017	niigata_university	niigata_university
B/Wakayama-C/41/2018	national_institute_of_infectious_diseases_(niid)	wakayama_city_institute_of_public_health
B/Kagawa/17656/2017	national_institute_of_infectious_diseases_(niid)	kagawa_prefectural_research_institute_for_environmental_sciences_and_public_health
B/Kanagawa/AC1738/2018	centers_for_disease_control_and_prevention	national_institute_of_infectious_diseases_(niid)
B/Aichi/152/2018	national_institute_of_infectious_diseases_(niid)	aichi_prefectural_institute_of_public_health
B/Kentucky/25/2015	centers_for_disease_control_and_prevention	kentucky_division_of_laboratory_services
B/India/5275/2016	centers_for_disease_control_and_prevention	national_institute_of_virology
B/Nepal/FLU-NPWR-02563/2016	usamc_armed_forces_medical_research_institute_of_medial_sciences	usamc_afrims_department_of_virology
B/Lao/1919/2016	centers_for_disease_control_and_prevention	national_center_for_laboratory_and_epidemiology
B/Tanzania/2930/2016	centers_for_disease_control_and_prevention	national_influenza_lab
B/SouthAfrica/3050/2016	centers_for_disease_control_and_prevention	national_institute_for_communicable_disease
B/California/104/2015-egg	centers_for_disease_control_and_prevention	california_department_of_health_services
B/Bangladesh/12/2016	centers_for_disease_control_and_prevention	institute_of_epidemiology_disease_control_and_research_(iedcr)_&_bangladesh_national_influenza_centre_(nic)
B/Bangladesh/3007/2017	centers_for_disease_control_and_prevention	institute_of_epidemiology_disease_control_and_research_(iedcr)_&_bangladesh_national_influenza_centre_(nic)
B/Bangladesh/1/2016	centers_for_disease_control_and_prevention	institute_of_epidemiology_disease_control_and_research_(iedcr)_&_bangladesh_national_influenza_centre_(nic)
B/Bangladesh/11003/2016	centers_for_disease_control_and_prevention	institute_of_epidemiology_disease_control_and_research_(iedcr)_&_bangladesh_national_influenza_centre_(nic)
B/Bangladesh/710002/2016	centers_for_disease_control_and_prevention	institute_of_epidemiology_disease_control_and_research_(iedcr)_&_bangladesh_national_influenza_centre_(nic)
B/Bangladesh/4004/2016	centers_for_disease_control_and_prevention	institute_of_epidemiology_disease_control_and_research_(iedcr)_&_bangladesh_national_influenza_centre_(nic)
B/Bangladesh/4024/2016	centers_for_disease_control_and_prevention	institute_of_epidemiology_disease_control_and_research_(iedcr)_&_bangladesh_national_influenza_centre_(nic)
B/Bangladesh/1156/2017	centers_for_disease_control_and_prevention	institute_of_epidemiology_disease_control_and_research_(iedcr)_&_bangladesh_national_influenza_centre_(nic)
B/Bangladesh/3004/2017	centers_for_disease_control_and_prevention	institute_of_epidemiology_disease_control_and_research_(iedcr)_&_bangladesh_national_influenza_centre_(nic)
B/California/125/2015	centers_for_disease_control_and_prevention	california_department_of_health_services
B/SouthAfrica/3179/2016	centers_for_disease_control_and_prevention	national_institute_for_communicable_disease
B/Taiwan/65/2017	national_institute_of_infectious_diseases_(niid)	center_for_disease_control
B/Yunnan-Zhaoyang/11210/2016	centers_for_disease_control_and_prevention	who_chinese_national_influenza_center
B/Bangladesh/1269/2017	centers_for_disease_control_and_prevention	institute_of_epidemiology_disease_control_and_research_(iedcr)_&_bangladesh_national_influenza_centre_(nic)
B/HongKong/21/2017	centers_for_disease_control_and_prevention	government_virus_unit
B/India/2456/2018	centers_for_disease_control_and_prevention	national_institute_of_virology
B/Bangladesh/3015/2017	centers_for_disease_control_and_prevention	institute_of_epidemiology_disease_control_and_research_(iedcr)_&_bangladesh_national_influenza_centre_(nic)
B/Darwin/6/2018	who_collaborating_centre_for_reference_and_research_on_influenza	royal_darwin_hospital
B/Osaka-C/12/2018	national_institute_of_infectious_diseases_(niid)	osaka_city_institute_of_public_health_and_environmental_sciences
B/Zhejiang-Jiaojiang/11018/2019-egg	pb2	seasonal_vic
B/Congo/7108/2017	centers_for_disease_control_and_prevention	inrb_service_de_virologie
B/Congo/94/2017	centers_for_disease_control_and_prevention	inrb_service_de_virologie
B/Congo/142/2017	centers_for_disease_control_and_prevention	inrb_service_de_virologie
B/Congo/143/2017	centers_for_disease_control_and_prevention	inrb_service_de_virologie
B/Congo/159/2017	centers_for_disease_control_and_prevention	inrb_service_de_virologie
B/Congo/95/2017	centers_for_disease_control_and_prevention	inrb_service_de_virologie
B/Congo/7097/2017	centers_for_disease_control_and_prevention	inrb_service_de_virologie
B/Congo/96/2017	centers_for_disease_control_and_prevention	inrb_service_de_virologie
B/Sapporo/23/2015	centers_for_disease_control_and_prevention	sapporo_city_institute_of_public_health
B/Kenya/111/2016	centers_for_disease_control_and_prevention	cdc_kenya
B/Peru/2316/2016	centers_for_disease_control_and_prevention	us_namru_6
B/England/70420702/2017	microbiology_services_colindale,_public_health_england	microbiology_services_colindale,_public_health_england
B/Kyrgyzstan/117/2017	centers_for_disease_control_and_prevention	national_virology_laboratory,_center_microbiological_investigations
B/Kyrgyzstan/135/2017	centers_for_disease_control_and_prevention	national_virology_laboratory,_center_microbiological_investigations
B/Kyrgyzstan/115/2017	centers_for_disease_control_and_prevention	national_virology_laboratory,_center_microbiological_investigations
B/Wisconsin/38/2016	other_database_import	wisconsin_state_laboratory_of_hygiene
B/NewJersey/11/2016	centers_for_disease_control_and_prevention	new_jersey_department_of_health_&_senior_services
B/Hawaii/26/2018-egg	centers_for_disease_control_and_prevention	state_of_hawaii_department_of_health
B/Hawaii/26/2018	centers_for_disease_control_and_prevention	state_of_hawaii_department_of_health
B/Singapore/EN0958/2017-egg	centers_for_disease_control_and_prevention	ministry_of_health,_singapore
B/Singapore/EN0958/2017	ministry_of_health,_singapore	ministry_of_health,_singapore
B/Maldives/133/2017	centers_for_disease_control_and_prevention	ministry_of_health
B/Nepal/FLU-NPST-00380/2016	usamc_armed_forces_medical_research_institute_of_medial_sciences	usamc_afrims_department_of_virology
B/Vietnam/GHS43/2016	centers_for_disease_control_and_prevention	pasteur_institute,_influenza_laboratory
B/Vietnam/GHS102/2016	centers_for_disease_control_and_prevention	pasteur_institute,_influenza_laboratory
B/Bangladesh/2005/2017	centers_for_disease_control_and_prevention	institute_of_epidemiology_disease_control_and_research_(iedcr)_&_bangladesh_national_influenza_centre_(nic)
B/Bangladesh/8007/2017	centers_for_disease_control_and_prevention	institute_of_epidemiology_disease_control_and_research_(iedcr)_&_bangladesh_national_influenza_centre_(nic)
B/Bangladesh/1003/2017	centers_for_disease_control_and_prevention	institute_of_epidemiology_disease_control_and_research_(iedcr)_&_bangladesh_national_influenza_centre_(nic)
B/Bangladesh/8010/2017	centers_for_disease_control_and_prevention	institute_of_epidemiology_disease_control_and_research_(iedcr)_&_bangladesh_national_influenza_centre_(nic)
B/Kanagawa/IC45/2016	centers_for_disease_control_and_prevention	national_institute_of_infectious_diseases_(niid)
B/Kanagawa/IC41/2016	national_institute_of_infectious_diseases_(niid)	national_institute_of_infectious_diseases_(niid)
B/Gunma/5/2015	national_institute_of_infectious_diseases_(niid)	gunma_prefectural_institute_of_public_health_and_environmental_sciences
B/Zhejiang-Haishu/11897/2016	centers_for_disease_control_and_prevention	who_chinese_national_influenza_center
B/Michigan/27/2018	centers_for_disease_control_and_prevention	michigan_department_of_community_health
B/HongKong/51/2016	centers_for_disease_control_and_prevention	government_virus_unit
B/HongKong/1546/2016	centers_for_disease_control_and_prevention	government_virus_unit
B/HongKong/1547/2016	centers_for_disease_control_and_prevention	government_virus_unit
B/Singapore/KK0171/2017	ministry_of_health,_singapore	ministry_of_health,_singapore
B/India/5324/2016	centers_for_disease_control_and_prevention	national_institute_of_virology
B/Tanzania/2159/2016	centers_for_disease_control_and_prevention	national_influenza_lab
B/Taiwan/63/2017	national_institute_of_infectious_diseases_(niid)	center_for_disease_control
B/BurkinaFaso/11/2017	centers_for_disease_control_and_prevention	irss
B/Parana/234/2017	centers_for_disease_control_and_prevention	instituto_oswaldo_cruz_fiocruz___laboratory_of_respiratory_viruses_and_measles_(lvrs)
B/Altai/1/2017	state_research_center_of_virology_and_biotechnology_(vector)	
B/GornoAltaysk/4/2017	centers_for_disease_control_and_prevention	state_research_center_of_virology_and_biotechnology_(vector)
B/Kazakhstan/6/2016	centers_for_disease_control_and_prevention	csee
B/Kazakhstan/54/2017-egg	centers_for_disease_control_and_prevention	csee
B/Kazakhstan/54/2017	centers_for_disease_control_and_prevention	csee
B/Kazakhstan/4/2016	centers_for_disease_control_and_prevention	csee
B/Karaganda/72/2017	centers_for_disease_control_and_prevention	cdc_central_asia_office
B/Taraz/238/2016	centers_for_disease_control_and_prevention	cdc_central_asia_office
B/Petropavlovsk/201/2017	centers_for_disease_control_and_prevention	cdc_central_asia_office
B/Kazakhstan/15/2016	centers_for_disease_control_and_prevention	csee
B/Almaty/11/2016	centers_for_disease_control_and_prevention	cdc_central_asia_office
B/Almaty/103/2016	centers_for_disease_control_and_prevention	cdc_central_asia_office
B/Almaty/80/2016	centers_for_disease_control_and_prevention	cdc_central_asia_office
B/Kazakhstan/33/2017	centers_for_disease_control_and_prevention	csee
B/Kazakhstan/34/2017	centers_for_disease_control_and_prevention	csee
B/Yokohama/109/2016	centers_for_disease_control_and_prevention	yokohama_city_institute_of_public_health.
B/Singapore/GP0109/2017	ministry_of_health,_singapore	ministry_of_health,_singapore
B/Singapore/GP0061/2017	ministry_of_health,_singapore	ministry_of_health,_singapore
B/Singapore/TT0476/2017	ministry_of_health,_singapore	ministry_of_health,_singapore
B/Singapore/GP0756/2017	ministry_of_health,_singapore	ministry_of_health,_singapore
B/Tanzania/2200/2016	centers_for_disease_control_and_prevention	national_influenza_lab
B/Kenya/112/2016	centers_for_disease_control_and_prevention	cdc_kenya
B/HongKong/1149/2016	centers_for_disease_control_and_prevention	government_virus_unit
B/Zhejiang-Dinghai/1466/2016	centers_for_disease_control_and_prevention	who_chinese_national_influenza_center
B/HongKong/1545/2016	centers_for_disease_control_and_prevention	government_virus_unit
B/Peru/74/2016	centers_for_disease_control_and_prevention	us_namru_6
B/Hawaii/40/2017	centers_for_disease_control_and_prevention	state_of_hawaii_department_of_health
B/Hawaii/8/2017	centers_for_disease_control_and_prevention	state_of_hawaii_department_of_health
B/Hawaii/55/2017-egg	centers_for_disease_control_and_prevention	state_of_hawaii_department_of_health
B/Hawaii/55/2017	centers_for_disease_control_and_prevention	state_of_hawaii_department_of_health
B/Uganda/5354/2016	centers_for_disease_control_and_prevention	uganda_virus_research_institute_(uvri),_national_influenza_center
B/Uganda/5351/2016	centers_for_disease_control_and_prevention	uganda_virus_research_institute_(uvri),_national_influenza_center
B/Kyrgyzstan/467/2017	centers_for_disease_control_and_prevention	national_virology_laboratory,_center_microbiological_investigations
B/Kyrgyzstan/810/2017	centers_for_disease_control_and_prevention	national_virology_laboratory,_center_microbiological_investigations
B/Kyrgyzstan/119/2017	centers_for_disease_control_and_prevention	national_virology_laboratory,_center_microbiological_investigations
B/Okinawa/16T022/2017	niigata_university	niigata_university
B/Oita/8/2017	national_institute_of_infectious_diseases_(niid)	oita_prefectural_institute_of_health_and_environment
B/Okinawa/16T016/2017	niigata_university	niigata_university
B/Novosibirsk/115/2016	centers_for_disease_control_and_prevention	russian_academy_of_medical_sciences
B/Lao/2392/2016	centers_for_disease_control_and_prevention	national_center_for_laboratory_and_epidemiology
B/Lao/2484/2016	centers_for_disease_control_and_prevention	national_center_for_laboratory_and_epidemiology
B/Tanzania/2946/2016	centers_for_disease_control_and_prevention	national_influenza_lab
B/Arizona/76/2017	centers_for_disease_control_and_prevention	arizona_department_of_health_services
B/Alaska/16/2017	centers_for_disease_control_and_prevention	alaska_state_virology_lab
B/Peru/3118/2018	centers_for_disease_control_and_prevention	us_namru_6
B/Idaho/21/2017	centers_for_disease_control_and_prevention	state_of_idaho_bureau_of_laboratories
B/Kawasaki/79/2017	national_institute_of_infectious_diseases_(niid)	kawasaki_city_institute_of_public_health_
B/California/79/2017	centers_for_disease_control_and_prevention	california_department_of_health_services
B/Mexico/869/2018	centers_for_disease_control_and_prevention	laboratorio_de_virus_respiratorio
B/Bolivia/1123/2017	centers_for_disease_control_and_prevention	cenetrop
B/Uruguay/379/2017	centers_for_disease_control_and_prevention	departamento_de_laboratorio_de_salud_pública_(dlsp)
B/Uruguay/511/2017	centers_for_disease_control_and_prevention	departamento_de_laboratorio_de_salud_pública_(dlsp)
B/Uruguay/383/2017	centers_for_disease_control_and_prevention	departamento_de_laboratorio_de_salud_pública_(dlsp)
B/Indonesia/Nihrd-Bkl649/2017	centers_for_disease_control_and_prevention	ministry_of_health,_nihrd
B/Indonesia/Nihrd-Bjm607/2017	centers_for_disease_control_and_prevention	ministry_of_health,_nihrd
B/Indonesia/Nihrd-Bjm593/2017	centers_for_disease_control_and_prevention	ministry_of_health,_nihrd
B/Maryland/10/2016	centers_for_disease_control_and_prevention	maryland_department_of_health_and_mental_hygiene
B/Bangkok/129/2018	centers_for_disease_control_and_prevention	thai_national_influenza_center
B/FrenchGuiana/7093/2016	centers_for_disease_control_and_prevention	national_influenza_center_french_guiana_and_french_indies
B/HongKong/1154/2016	centers_for_disease_control_and_prevention	government_virus_unit
B/HongKong/1294/2018	centers_for_disease_control_and_prevention	government_virus_unit
B/Togo/708/2016	centers_for_disease_control_and_prevention	institute_national_d'hygiene
B/Tokyo/16895/2017	national_institute_of_infectious_diseases_(niid)	tokyo_metropolitan_institute_of_public_health
B/Kanagawa/AC1631/2017	national_institute_of_infectious_diseases_(niid)	national_institute_of_infectious_diseases_(niid)
B/Mie/13/2017	national_institute_of_infectious_diseases_(niid)	mie_prefecture_health_and_environment_research_institute
B/Miyazaki/20/2017	national_institute_of_infectious_diseases_(niid)	miyazaki_prefectural_institute_for_public_health_and_environment
B/Kanagawa/AC1633/2017	national_institute_of_infectious_diseases_(niid)	national_institute_of_infectious_diseases_(niid)
B/Nagasaki/16N028/2017	niigata_university	niigata_university
B/Bangladesh/3028/2017	centers_for_disease_control_and_prevention	institute_of_epidemiology_disease_control_and_research_(iedcr)_&_bangladesh_national_influenza_centre_(nic)
B/Bangladesh/4014/2019	centers_for_disease_control_and_prevention	icddr,b_international_centre_for_diarrhoeal_disease_research,_bangladesh
B/Bangladesh/1628/2019	centers_for_disease_control_and_prevention	institute_of_epidemiology_disease_control_and_research_(iedcr)_&_bangladesh_national_influenza_centre_(nic)
B/Bangladesh/1625/2019	centers_for_disease_control_and_prevention	institute_of_epidemiology_disease_control_and_research_(iedcr)_&_bangladesh_national_influenza_centre_(nic)
B/Bangladesh/299/2019	centers_for_disease_control_and_prevention	institute_of_epidemiology_disease_control_and_research_(iedcr)_&_bangladesh_national_influenza_centre_(nic)
B/Bangladesh/5012/2017	centers_for_disease_control_and_prevention	institute_of_epidemiology_disease_control_and_research_(iedcr)_&_bangladesh_national_influenza_centre_(nic)
B/Bangladesh/1328/2017	centers_for_disease_control_and_prevention	institute_of_epidemiology_disease_control_and_research_(iedcr)_&_bangladesh_national_influenza_centre_(nic)
B/Bangladesh/702014/2017	centers_for_disease_control_and_prevention	institute_of_epidemiology_disease_control_and_research_(iedcr)_&_bangladesh_national_influenza_centre_(nic)
B/Bangladesh/5006/2017	centers_for_disease_control_and_prevention	institute_of_epidemiology_disease_control_and_research_(iedcr)_&_bangladesh_national_influenza_centre_(nic)
B/Bangladesh/4010/2017	centers_for_disease_control_and_prevention	institute_of_epidemiology_disease_control_and_research_(iedcr)_&_bangladesh_national_influenza_centre_(nic)
B/Bangladesh/655/2017	centers_for_disease_control_and_prevention	institute_of_epidemiology_disease_control_and_research_(iedcr)_&_bangladesh_national_influenza_centre_(nic)
B/Hiroshima/25/2016	national_institute_of_infectious_diseases_(niid)	center_for_public_health_and_environment,_hiroshima_prefectural_technology_research_institute
B/Nagano/2009/2016	national_institute_of_infectious_diseases_(niid)	nagano_environmental_conservation_research_institute
B/Ehime/25/2016	national_institute_of_infectious_diseases_(niid)	ehime_prefecture_institute_of_public_health_and_environmental_science
B/Yokohama/10/2016	national_institute_of_infectious_diseases_(niid)	yokohama_city_institute_of_public_health.
B/Yokohama/13/2016	national_institute_of_infectious_diseases_(niid)	yokohama_city_institute_of_public_health.
B/Taiwan/150/2016	national_institute_of_infectious_diseases_(niid)	center_for_disease_control
B/Kanagawa/24/2016	national_institute_of_infectious_diseases_(niid)	kanagawa_prefectural_institute_of_public_health
B/Sendai/6/2016	national_institute_of_infectious_diseases_(niid)	sendai_city_institute_of_public_health
B/Kanagawa/AC26/2016	national_institute_of_infectious_diseases_(niid)	national_institute_of_infectious_diseases_(niid)
B/Kanagawa/AC36/2016	national_institute_of_infectious_diseases_(niid)	national_institute_of_infectious_diseases_(niid)
B/Tokyo/15724/2016	national_institute_of_infectious_diseases_(niid)	tokyo_metropolitan_institute_of_public_health
B/Tokyo/16088/2016	national_institute_of_infectious_diseases_(niid)	tokyo_metropolitan_institute_of_public_health
B/Hamamatu-C/179/2016	national_institute_of_infectious_diseases_(niid)	hamamatsu_city_health_environment_research_center
B/Gunma/15G090/2016	niigata_university	niigata_university
B/Niigata/15F057/2016	niigata_university	niigata_university
B/Saitama/1/2016	national_institute_of_infectious_diseases_(niid)	saitama_institute_of_public_health
B/Yokohama/31/2016	national_institute_of_infectious_diseases_(niid)	yokohama_city_institute_of_public_health.
B/Hyogo/1100/2016	national_institute_of_infectious_diseases_(niid)	hyogo_prefectural_institute_of_public_health_and_consumer_sciences
B/Saitama/23/2016	national_institute_of_infectious_diseases_(niid)	saitama_institute_of_public_health
B/Kyoto/15K053/2016	niigata_university	niigata_university
B/Sweden/20/2016	swedish_institute_for_infectious_disease_control	
B/Linkoping/1/2017	swedish_institute_for_infectious_disease_control	
B/Michigan/18/2016-egg	centers_for_disease_control_and_prevention	michigan_department_of_community_health
B/Michigan/18/2016	centers_for_disease_control_and_prevention	michigan_department_of_community_health
B/Sendai/4/2017	national_institute_of_infectious_diseases_(niid)	sendai_city_institute_of_public_health
B/Pakistan/52/2017	centers_for_disease_control_and_prevention	national_institute_of_health
B/Congo/391/2017	centers_for_disease_control_and_prevention	inrb_service_de_virologie
B/Congo/312/2017	centers_for_disease_control_and_prevention	inrb_service_de_virologie
B/Congo/352/2017	centers_for_disease_control_and_prevention	inrb_service_de_virologie
B/StPetersburg/90/2016	centers_for_disease_control_and_prevention	russian_academy_of_medical_sciences
B/StPetersburg/183/2016	centers_for_disease_control_and_prevention	russian_academy_of_medical_sciences
B/StPetersburg/163/2016	centers_for_disease_control_and_prevention	russian_academy_of_medical_sciences
B/StPetersburg/293/2016-egg	centers_for_disease_control_and_prevention	russian_academy_of_medical_sciences
B/StPetersburg/293/2016	centers_for_disease_control_and_prevention	russian_academy_of_medical_sciences
B/Cambodia/1287/2015	centers_for_disease_control_and_prevention	national_public_health_laboratory
B/Singapore/Infkk-16-0575/2016-egg	centers_for_disease_control_and_prevention	who_collaborating_centre_for_reference_and_research_on_influenza
B/Tanzania/4350/2017	centers_for_disease_control_and_prevention	national_influenza_lab
B/Tanzania/4351/2017	centers_for_disease_control_and_prevention	national_influenza_lab
B/Shanghai-Baoan/1325/2017-egg	centers_for_disease_control_and_prevention	who_chinese_national_influenza_center
B/Lao/1543/2017	centers_for_disease_control_and_prevention	national_center_for_laboratory_and_epidemiology
B/Lao/2106/2017	centers_for_disease_control_and_prevention	national_center_for_laboratory_and_epidemiology
B/Lao/2152/2017	centers_for_disease_control_and_prevention	national_center_for_laboratory_and_epidemiology
B/Stockholm/15/2016	swedish_institute_for_infectious_disease_control	swedish_institute_for_infectious_disease_control
B/Lao/4324/2016	centers_for_disease_control_and_prevention	national_center_for_laboratory_and_epidemiology
B/Lao/F0107/2017	national_institute_of_infectious_diseases_(niid)	national_center_for_laboratory_and_epidemiology
B/Sendai/1/2016	national_institute_of_infectious_diseases_(niid)	sendai_city_institute_of_public_health
B/California/120/2015	centers_for_disease_control_and_prevention	california_department_of_health_services
B/India/3658/2016	centers_for_disease_control_and_prevention	national_institute_of_virology
B/Kanagawa/80/2016	national_institute_of_infectious_diseases_(niid)	kanagawa_prefectural_institute_of_public_health
B/Paris/1359/2017	institut_pasteur	
B/Singapore/KK0243/2017	ministry_of_health,_singapore	ministry_of_health,_singapore
B/NewZealand/808/2017	centers_for_disease_control_and_prevention	institute_of_environmental_science_&_research
B/England/18/2017	microbiology_services_colindale,_public_health_england	microbiology_services_colindale,_public_health_england
B/Tokyo/15387/2015	national_institute_of_infectious_diseases_(niid)	tokyo_metropolitan_institute_of_public_health
B/Singapore/KK0272/2017	ministry_of_health,_singapore	ministry_of_health,_singapore
B/Singapore/KK0364/2017	ministry_of_health,_singapore	ministry_of_health,_singapore
B/Singapore/TT0131/2017	ministry_of_health,_singapore	ministry_of_health,_singapore
B/Singapore/TT0171/2017	ministry_of_health,_singapore	ministry_of_health,_singapore
B/Toamasina/4011/2016	centers_for_disease_control_and_prevention	institut_pasteur_de_madagascar
B/HongKong/1835/2015	centers_for_disease_control_and_prevention	government_virus_unit
B/Sweden/15/2016	swedish_institute_for_infectious_disease_control	
B/England/61580207/2016	microbiology_services_colindale,_public_health_england	microbiology_services_colindale,_public_health_england
B/Brazil/496/2016	centers_for_disease_control_and_prevention	oswaldo_cruz_institute___fiocruz___laboratory_of_respiratory_viruses_and_measles_(lvrs)
B/Myanmar/16M281/2016	niigata_university	niigata_university
B/NorthDakota/4/2016	centers_for_disease_control_and_prevention	north_dakota_department_of_health
B/Iowa/2/2016	centers_for_disease_control_and_prevention	iowa_state_hygienic_laboratory
B/England/61880796/2016	microbiology_services_colindale,_public_health_england	microbiology_services_colindale,_public_health_england
B/NewHampshire/11/2016	centers_for_disease_control_and_prevention	new_hampshire_public_health_laboratories
B/England/71160415/2017	microbiology_services_colindale,_public_health_england	microbiology_services_colindale,_public_health_england
B/NewYork/1/2017	centers_for_disease_control_and_prevention	new_york_state_department_of_health
B/Connecticut/12/2017	other_database_import	connecticut_department._of_public_health
B/Mali/11/2017	centers_for_disease_control_and_prevention	nic_lab_cvd_mali
B/Tokyo/16959/2017	national_institute_of_infectious_diseases_(niid)	tokyo_metropolitan_institute_of_public_health
B/England/936/2016	microbiology_services_colindale,_public_health_england	microbiology_services_colindale,_public_health_england
B/England/473/2015	microbiology_services_colindale,_public_health_england	microbiology_services_colindale,_public_health_england
B/Sundsvall/1/2017	swedish_institute_for_infectious_disease_control	
B/California/64/2016	centers_for_disease_control_and_prevention	california_department_of_health_services
B/Bolivia/2312/2016	centers_for_disease_control_and_prevention	cenetrop
B/England/833/2016	microbiology_services_colindale,_public_health_england	microbiology_services_colindale,_public_health_england
B/Netherlands/2423/2017	national_institute_for_public_health_and_the_environment_(rivm)	national_institute_for_public_health_and_the_environment_(rivm)
B/Pakistan/1491/2016	centers_for_disease_control_and_prevention	national_institute_of_health
B/Bangladesh/8001/2017	centers_for_disease_control_and_prevention	institute_of_epidemiology_disease_control_and_research_(iedcr)_&_bangladesh_national_influenza_centre_(nic)
B/Okinawa/16T050/2017	niigata_university	niigata_university
B/Florida/94/2016-egg	centers_for_disease_control_and_prevention	florida_department_of_health_tampa
B/Florida/94/2016	centers_for_disease_control_and_prevention	florida_department_of_health_tampa
B/Esteli/224/2017	centers_for_disease_control_and_prevention	laboratorio_de_virologia,_direccion_de_microbiologia
B/Wisconsin/50/2016	other_database_import	wisconsin_state_laboratory_of_hygiene
B/Nicaragua/9494-01-TR2AR2/2017		st._jude_children's_research_hospital,_host_microbe_interactions
B/NorthDakota/5/2017	centers_for_disease_control_and_prevention	north_dakota_department_of_health
B/Florida/13/2017	centers_for_disease_control_and_prevention	florida_department_of_health_tampa
B/Florida/75/2016	centers_for_disease_control_and_prevention	florida_department_of_health_tampa
B/Pennsylvania/61/2016	centers_for_disease_control_and_prevention	pennsylvania_department_of_health
B/Pennsylvania/60/2016-egg	centers_for_disease_control_and_prevention	pennsylvania_department_of_health
B/Pennsylvania/60/2016	centers_for_disease_control_and_prevention	pennsylvania_department_of_health
B/Valparaiso/958/2018	instituto_de_salud_publica_de_chile	instituto_de_salud_publica_de_chile_
B/Santiago/107979/2018	centers_for_disease_control_and_prevention	instituto_de_salud_publica_de_chile_
B/Antofagasta/77932/2018	instituto_de_salud_publica_de_chile	instituto_de_salud_publica_de_chile
B/Fiji/33/2017	who_collaborating_centre_for_reference_and_research_on_influenza	national_centre_for_scientific_services_for_virology__and_vector_borne_diseases
B/NewZealand/543/2017	centers_for_disease_control_and_prevention	institute_of_environmental_science_&_research
B/NewZealand/290/2017	centers_for_disease_control_and_prevention	institute_of_environmental_science_&_research
B/England/60680775/2016	microbiology_services_colindale,_public_health_england	microbiology_services_colindale,_public_health_england
B/Pernambuco/145029-IEC/2016	centers_for_disease_control_and_prevention	national_influenza_center
B/Pernambuco/145023-IEC/2016	centers_for_disease_control_and_prevention	national_influenza_center
B/Pernambuco/145030-IEC/2016	centers_for_disease_control_and_prevention	national_influenza_center
B/BurkinaFaso/178/2017	centers_for_disease_control_and_prevention	irss
B/BurkinaFaso/18/2017	centers_for_disease_control_and_prevention	irss
B/Paraguay/5894/2016	centers_for_disease_control_and_prevention	central_laboratory_of_public_health
B/Idaho/27/2015	centers_for_disease_control_and_prevention	state_of_idaho_bureau_of_laboratories
B/Santiago/44313/2016	centers_for_disease_control_and_prevention	instituto_de_salud_publica_de_chile_
B/Santiago/27247/2016	centers_for_disease_control_and_prevention	instituto_de_salud_publica_de_chile_
B/Nosybe/5221/2016	centers_for_disease_control_and_prevention	institut_pasteur_de_madagascar
B/England/800/2016	microbiology_services_colindale,_public_health_england	microbiology_services_colindale,_public_health_england
B/Hubei-Jiangan/1974/2017	centers_for_disease_control_and_prevention	who_chinese_national_influenza_center
B/Hubei-Maojian/1219/2018	centers_for_disease_control_and_prevention	who_chinese_national_influenza_center
B/Guangxi-Lingshan/359/2018	centers_for_disease_control_and_prevention	who_chinese_national_influenza_center
B/Pakistan/1446/2016	centers_for_disease_control_and_prevention	national_institute_of_health
B/Kyrgyzstan/644/2017	centers_for_disease_control_and_prevention	national_virology_laboratory,_center_microbiological_investigations
B/Kyrgyzstan/72/2017	centers_for_disease_control_and_prevention	national_virology_laboratory,_center_microbiological_investigations
B/Nebraska/1/2017	centers_for_disease_control_and_prevention	nebraska_public_health_lab
B/Missouri/1/2017	other_database_import	missouri_department._of_health_&_senior_services
B/Madagascar/3832/2017	centers_for_disease_control_and_prevention	institut_pasteur_de_madagascar
B/Madagascar/3833/2017	centers_for_disease_control_and_prevention	institut_pasteur_de_madagascar
B/England/809/2016	microbiology_services_colindale,_public_health_england	microbiology_services_colindale,_public_health_england
B/England/61060010/2016	microbiology_services_colindale,_public_health_england	microbiology_services_colindale,_public_health_england
B/Centre/1582/2017	institut_pasteur	institut_pasteur
B/CoteDIvoire/1741/2017	centers_for_disease_control_and_prevention	pasteur_institut_of_côte_d'ivoire
B/Paraguay/1422/2016	centers_for_disease_control_and_prevention	central_laboratory_of_public_health
B/Kanagawa/IC1639/2017	national_institute_of_infectious_diseases_(niid)	national_institute_of_infectious_diseases_(niid)
B/BurkinaFaso/148/2017	centers_for_disease_control_and_prevention	irss
B/NewZealand/2347/2016	centers_for_disease_control_and_prevention	institute_of_environmental_science_&_research
B/Irkutsk/4/2017	centers_for_disease_control_and_prevention	russian_academy_of_medical_sciences
B/Maldives/1291/2017	centers_for_disease_control_and_prevention	ministry_of_health
B/Maldives/1245/2017	centers_for_disease_control_and_prevention	ministry_of_health
B/Bahrain/256/2017	centers_for_disease_control_and_prevention	ministry_of_health_bahrain
B/Bahrain/204/2017	centers_for_disease_control_and_prevention	ministry_of_health_bahrain
B/NewYork/36/2016	centers_for_disease_control_and_prevention	new_york_state_department_of_health
B/Taiwan/697/2016	national_institute_of_infectious_diseases_(niid)	center_for_disease_control
B/NewZealand/1475/2017	centers_for_disease_control_and_prevention	institute_of_environmental_science_&_research
B/Mali/119/2017	centers_for_disease_control_and_prevention	nic_lab_cvd_mali
B/Mali/16/2017	centers_for_disease_control_and_prevention	nic_lab_cvd_mali
B/Mali/17/2017	centers_for_disease_control_and_prevention	nic_lab_cvd_mali
B/Mali/23/2017	centers_for_disease_control_and_prevention	nic_lab_cvd_mali
B/Mali/64/2017	centers_for_disease_control_and_prevention	nic_lab_cvd_mali
B/Mali/101/2017	centers_for_disease_control_and_prevention	nic_lab_cvd_mali
B/Mali/8031/2018	centers_for_disease_control_and_prevention	nic_lab_cvd_mali
B/Mali/29/2018	centers_for_disease_control_and_prevention	nic_lab_cvd_mali
B/Paraguay/2377/2016	centers_for_disease_control_and_prevention	central_laboratory_of_public_health
B/Iwate/34/2017	centers_for_disease_control_and_prevention	research_institute_for_environmental_sciences_and_public_health_of_iwate_prefecture
B/Kanagawa/IC1637/2017	national_institute_of_infectious_diseases_(niid)	national_institute_of_infectious_diseases_(niid)
B/Kanagawa/AC1629/2017	national_institute_of_infectious_diseases_(niid)	national_institute_of_infectious_diseases_(niid)
B/Hyogo/3233/2017	national_institute_of_infectious_diseases_(niid)	hyogo_prefectural_institute_of_public_health_and_consumer_sciences
B/Paraguay/9867/2016	centers_for_disease_control_and_prevention	central_laboratory_of_public_health
B/Parana/1102/2018	centers_for_disease_control_and_prevention	instituto_oswaldo_cruz_fiocruz___laboratory_of_respiratory_viruses_and_measles_(lvrs)
B/Delaware/5/2017	other_database_import	delaware_public_health_lab
B/Kobe/871/2017	national_institute_of_infectious_diseases_(niid)	kobe_institute_of_health
B/Parana/967/2017	centers_for_disease_control_and_prevention	instituto_oswaldo_cruz_fiocruz___laboratory_of_respiratory_viruses_and_measles_(lvrs)
B/Parana/1071/2018	centers_for_disease_control_and_prevention	instituto_oswaldo_cruz_fiocruz___laboratory_of_respiratory_viruses_and_measles_(lvrs)
B/Vietnam/Lisn18353/2018	centers_for_disease_control_and_prevention	pasteur_institute,_influenza_laboratory
B/Vietnam/Lisn18331/2018	centers_for_disease_control_and_prevention	pasteur_institute,_influenza_laboratory
B/Louisiana/16/2019-egg	centers_for_disease_control_and_prevention	louisiana_department_of_health_and_hospitals
B/Louisiana/16/2019	centers_for_disease_control_and_prevention	louisiana_department_of_health_and_hospitals
B/Guangxi-Qinnan/1809/2019	who_chinese_national_influenza_center	who_chinese_national_influenza_center
B/Victoria/909/2019	who_collaborating_centre_for_reference_and_research_on_influenza	royal_chidrens_hospital
B/Victoria/905/2019	who_collaborating_centre_for_reference_and_research_on_influenza	royal_chidrens_hospital
B/Gangwon/1116/2017	national_institute_of_infectious_diseases_(niid)	national_institute_of_health
B/HongKong/6365/2017	centers_for_disease_control_and_prevention	government_virus_unit
B/Hunan-Beihu/1222/2018	centers_for_disease_control_and_prevention	who_chinese_national_influenza_center
B/HongKong/286/2017	centers_for_disease_control_and_prevention	government_virus_unit
B/HongKong/286/2017-egg	centers_for_disease_control_and_prevention	government_virus_unit
B/HongKong/296/2017	centers_for_disease_control_and_prevention	government_virus_unit
B/HongKong/269/2017	centers_for_disease_control_and_prevention	government_virus_unit
B/HongKong/269/2017-egg	centers_for_disease_control_and_prevention	government_virus_unit
B/Kazakhstan/26/2018	centers_for_disease_control_and_prevention	csee
B/Kazakhstan/21/2018	centers_for_disease_control_and_prevention	csee
B/Kazakhstan/366/2018	centers_for_disease_control_and_prevention	csee
B/Kazakhstan/103/2018	centers_for_disease_control_and_prevention	csee
B/Kazakhstan/99/2018	centers_for_disease_control_and_prevention	csee
B/Nagasaki/579/2019	national_institute_of_infectious_diseases_(niid)	nagasaki_prefectural_institute_for_environment_research_and_public_health
B/Niger/6258/2018	centers_for_disease_control_and_prevention	centre_de_recherche_medicale_et_sanitaire_(cermes)
B/Paris/1065/2020	institut_pasteur	institut_pasteur
B/PaysDeLoire/2775/2019	institut_pasteur	institut_pasteur
B/CoteDIvoire/1645/2019	centers_for_disease_control_and_prevention	pasteur_institut_of_côte_d'ivoire
B/CoteDIvoire/2933/2019	centers_for_disease_control_and_prevention	pasteur_institut_of_côte_d'ivoire
B/CoteDIvoire/3028/2019	centers_for_disease_control_and_prevention	pasteur_institut_of_côte_d'ivoire
B/CoteDIvoire/1735/2019	centers_for_disease_control_and_prevention	pasteur_institut_of_côte_d'ivoire
B/CoteDIvoire/1925/2019	centers_for_disease_control_and_prevention	pasteur_institut_of_côte_d'ivoire
B/CoteDIvoire/1908/2019	centers_for_disease_control_and_prevention	pasteur_institut_of_côte_d'ivoire
B/CoteDIvoire/1924/2019	centers_for_disease_control_and_prevention	pasteur_institut_of_côte_d'ivoire
B/Luxembourg/LNS5417144/2020	laboratoire_national_de_sant?	laboratoire_national_de_santé_
B/Slovenia/1584/2020-egg	centers_for_disease_control_and_prevention	laboratory_for_virology,_national_institute_of_public_health
B/Slovenia/1584/2020	centers_for_disease_control_and_prevention	laboratory_for_virology,_national_institute_of_public_health
B/England/195220330/2019	microbiology_services_colindale,_public_health_england	microbiology_services_colindale,_public_health_england
B/Sweden/10/2020	public_health_agency_of_sweden	public_health_agency_of_sweden
B/Romania/13/2019	national_institute_of_infectious_diseases_prof._dr._matei_bals	national_institute_for_infectious_diseases_“prof._dr._matei_balș”
B/Sweden/9/2019	public_health_agency_of_sweden	public_health_agency_of_sweden
B/Sweden/6/2019	public_health_agency_of_sweden	public_health_agency_of_sweden
B/Sweden/41/2020	public_health_agency_of_sweden	public_health_agency_of_sweden
B/Sweden/32/2020	public_health_agency_of_sweden	public_health_agency_of_sweden
B/Haiti/60104/2021	centers_for_disease_control_and_prevention	laboratoire_national_de_sante_publique
B/Santiago/11121/2020	centers_for_disease_control_and_prevention	instituto_de_salud_publica_de_chile
B/Romania/258764/2020	cantacuzino_institute	cantacuzino_institute
B/Luxembourg/LNS9320119/2020	laboratoire_national_de_sant?	laboratoire_national_de_santé_
B/Martinique/86/2020	centers_for_disease_control_and_prevention	national_influenza_center_french_guiana_and_french_indies
B/Martinique/86/2020-egg	centers_for_disease_control_and_prevention	national_influenza_center_french_guiana_and_french_indies
B/Niger/6292/2018	centers_for_disease_control_and_prevention	centre_de_recherche_medicale_et_sanitaire_(cermes)
B/Sergipe/13453/2020	centers_for_disease_control_and_prevention	instituto_oswaldo_cruz_fiocruz___laboratory_of_respiratory_viruses_and_measles_(lvrs)
B/Sergipe/13457/2020	centers_for_disease_control_and_prevention	instituto_oswaldo_cruz_fiocruz___laboratory_of_respiratory_viruses_and_measles_(lvrs)
B/Argentina/14804/2020	centers_for_disease_control_and_prevention	intituto_nacional_de_epidemiologia
B/Macedonia/421/2020-egg	centers_for_disease_control_and_prevention	institute_of_public_health_(macedonia)
B/Macedonia/421/2020	centers_for_disease_control_and_prevention	institute_of_public_health_(macedonia)
B/SantaCatarina/1166/2019	centers_for_disease_control_and_prevention	instituto_oswaldo_cruz_fiocruz___laboratory_of_respiratory_viruses_and_measles_(lvrs)
B/Oregon/11/2020-egg	centers_for_disease_control_and_prevention	oregon_public_health_laboratory
B/Stockholm/10/2020-egg	centers_for_disease_control_and_prevention	klinisk_mikrobiologi,_karolinska_universitetslaboratoriet,_karolinska_universitetssjukhuset_solna
B/Oregon/11/2020	centers_for_disease_control_and_prevention	oregon_public_health_laboratory
B/Stockholm/10/2020	centers_for_disease_control_and_prevention	klinisk_mikrobiologi,_karolinska_universitetslaboratoriet,_karolinska_universitetssjukhuset_solna
B/Lebanon/16/2020-egg	centers_for_disease_control_and_prevention	rafic_hariri_university_hospital_4th_floor_dna/research_lab
B/Lebanon/16/2020	centers_for_disease_control_and_prevention	rafic_hariri_university_hospital_4th_floor_dna/research_lab
B/Guyane/310/2020-egg	centers_for_disease_control_and_prevention	national_influenza_center_french_guiana_and_french_indies
B/Guyane/310/2020	centers_for_disease_control_and_prevention	national_influenza_center_french_guiana_and_french_indies
B/Togo/888/2019	centers_for_disease_control_and_prevention	institute_national_d'hygiene
B/Nigeria/4480/2020	centers_for_disease_control_and_prevention	ncdc_public_health_reference_laboratory
B/Nigeria/4626/2020	centers_for_disease_control_and_prevention	ncdc_public_health_reference_laboratory
B/Niger/7917/2020	centers_for_disease_control_and_prevention	centre_de_recherche_medicale_et_sanitaire_(cermes)
B/Togo/34/2020	centers_for_disease_control_and_prevention	institute_national_d'hygiene
B/Niger/7625/2020	centers_for_disease_control_and_prevention	centre_de_recherche_medicale_et_sanitaire_(cermes)
B/Niger/7644/2020	centers_for_disease_control_and_prevention	centre_de_recherche_medicale_et_sanitaire_(cermes)
B/Niger/7756/2020	centers_for_disease_control_and_prevention	centre_de_recherche_medicale_et_sanitaire_(cermes)
B/Togo/1836/2019	centers_for_disease_control_and_prevention	institute_national_d'hygiene
B/Niger/7820/2020	centers_for_disease_control_and_prevention	centre_de_recherche_medicale_et_sanitaire_(cermes)
B/Niger/7737/2020	centers_for_disease_control_and_prevention	centre_de_recherche_medicale_et_sanitaire_(cermes)
B/Niger/7633/2020	centers_for_disease_control_and_prevention	centre_de_recherche_medicale_et_sanitaire_(cermes)
B/Mali/64/2020	centers_for_disease_control_and_prevention	nic_lab_cvd_mali
B/Mali/20051/2020	centers_for_disease_control_and_prevention	nic_lab_cvd_mali
B/Congo/9682/2019	centers_for_disease_control_and_prevention	inrb_service_de_virologie
B/Mali/20049/2020	centers_for_disease_control_and_prevention	nic_lab_cvd_mali
B/Mali/20055/2020	centers_for_disease_control_and_prevention	nic_lab_cvd_mali
B/Mali/20056/2020	centers_for_disease_control_and_prevention	nic_lab_cvd_mali
B/Mali/20063/2020	centers_for_disease_control_and_prevention	nic_lab_cvd_mali
B/Togo/1917/2019	centers_for_disease_control_and_prevention	institute_national_d'hygiene
B/Togo/1251/2019	centers_for_disease_control_and_prevention	institute_national_d'hygiene
B/Togo/1231/2019	centers_for_disease_control_and_prevention	institute_national_d'hygiene
B/Togo/1089/2019	centers_for_disease_control_and_prevention	institute_national_d'hygiene
B/SouthKorea/11418/2020	u.s._air_force_school_of_aerospace_medicine	u.s._air_force_school_of_aerospace_medicine_
B/Berlin/4/2022	robert_koch_institute_nationales_referenzzentrum_f?r_influenza	robert_koch_institute_nationales_referenzzentrum_für_influenza
B/Congo/18/2020	centers_for_disease_control_and_prevention	inrb_service_de_virologie
B/Nigeria/4392/2020	centers_for_disease_control_and_prevention	ncdc_public_health_reference_laboratory
B/Congo/9/2020	centers_for_disease_control_and_prevention	inrb_service_de_virologie
B/Nigeria/4478/2020	centers_for_disease_control_and_prevention	ncdc_public_health_reference_laboratory
B/Nigeria/4477/2020	centers_for_disease_control_and_prevention	ncdc_public_health_reference_laboratory
B/Congo/9752/2019	centers_for_disease_control_and_prevention	inrb_service_de_virologie
B/Nigeria/4349/2019	centers_for_disease_control_and_prevention	ncdc_public_health_reference_laboratory
B/Congo/9749/2019	centers_for_disease_control_and_prevention	inrb_service_de_virologie
B/Mali/84/2020	centers_for_disease_control_and_prevention	nic_lab_cvd_mali
B/Congo/2/2020	centers_for_disease_control_and_prevention	inrb_service_de_virologie
B/SouthAfrica/1921/2020-egg	centers_for_disease_control_and_prevention	national_institute_for_communicable_disease
B/SouthAfrica/1921/2020	who_collaborating_centre_for_reference_and_research_on_influenza	national_institute_for_communicable_disease
B/Nigeria/3387/2018	centers_for_disease_control_and_prevention	national_influenza_reference_laboratory
B/Nigeria/3338/2018	centers_for_disease_control_and_prevention	national_influenza_reference_laboratory
B/Nigeria/3360/2018	centers_for_disease_control_and_prevention	national_influenza_reference_laboratory
B/Nigeria/3358/2018	centers_for_disease_control_and_prevention	national_influenza_reference_laboratory
B/Mali/76/2018	centers_for_disease_control_and_prevention	nic_lab_cvd_mali
B/Mali/122/2018	centers_for_disease_control_and_prevention	nic_lab_cvd_mali
B/Mali/18095/2018	centers_for_disease_control_and_prevention	nic_lab_cvd_mali
B/Mali/84/2018	centers_for_disease_control_and_prevention	nic_lab_cvd_mali
B/Mali/8024/2018	centers_for_disease_control_and_prevention	nic_lab_cvd_mali
B/Nigeria/3385/2018	centers_for_disease_control_and_prevention	national_influenza_reference_laboratory
B/Guangdong-Nanshan/38/2018-egg	centers_for_disease_control_and_prevention	who_chinese_national_influenza_center
B/Guangdong-Nanshan/36/2018	centers_for_disease_control_and_prevention	who_chinese_national_influenza_center
B/Guangdong-Nanshan/2018-33566/2018-egg	centers_for_disease_control_and_prevention	who_chinese_national_influenza_center
B/Guangdong-Nanshan/2018-33566/2018	centers_for_disease_control_and_prevention	who_chinese_national_influenza_center
B/Niger/6117/2018	centers_for_disease_control_and_prevention	centre_de_recherche_medicale_et_sanitaire_(cermes)
B/Niger/6274/2018	centers_for_disease_control_and_prevention	centre_de_recherche_medicale_et_sanitaire_(cermes)
B/Niger/6317/2018	centers_for_disease_control_and_prevention	centre_de_recherche_medicale_et_sanitaire_(cermes)
B/Niger/6277/2018	centers_for_disease_control_and_prevention	centre_de_recherche_medicale_et_sanitaire_(cermes)
B/Niger/6204/2018	centers_for_disease_control_and_prevention	centre_de_recherche_medicale_et_sanitaire_(cermes)
B/Kenya/128/2019	centers_for_disease_control_and_prevention	cdc_kenya
B/Lulea/1/2019	public_health_agency_of_sweden	laboratoriemedicin,_mikrobiologiska_laboratoriet,_sunderby_sjukhus_lulea
B/Zambia/1186/2022	centers_for_disease_control_and_prevention	university_teaching_hospital,_moh_zambia
B/Kenya/182/2021	centers_for_disease_control_and_prevention	cdc_kenya
B/Kenya/KHDSS230783/2021		import_from_public_domain
B/Kenya/KHDSS250695/2021		import_from_public_domain
B/Catalonia/NSVH534128932/2022	hospital_universitari_vall_d'hebron	hospital_universitari_joan_xxiii_de_tarragona
B/Netherlands/10894/2022-egg	pb2	seasonal_vic
B/Netherlands/10894/2022	national_institute_for_public_health_and_the_environment_(rivm)	pamm
B/Netherlands/11268/2022	national_institute_for_public_health_and_the_environment_(rivm)	pamm
B/Kenya/GIHSN-HCL022160184201/2021	cnr_virus_des_infections_respiratoires,_france_sud	kenya_medical_research_institute
B/Zambia/1318/2022	centers_for_disease_control_and_prevention	university_teaching_hospital,_moh_zambia
B/Zambia/7429/2022	centers_for_disease_control_and_prevention	university_teaching_hospital,_moh_zambia
B/Kenya/GIHSN-HCL022162108901/2021	cnr_virus_des_infections_respiratoires,_france_sud	kenya_medical_research_institute
B/Kenya/GIHSN-HCL022161318501/2021	cnr_virus_des_infections_respiratoires,_france_sud	kenya_medical_research_institute
B/Kenya/GIHSN-HCL022162295001/2021	cnr_virus_des_infections_respiratoires,_france_sud	kenya_medical_research_institute
B/Kenya/116/2022	centers_for_disease_control_and_prevention	cdc_kenya
B/Kenya/GIHSN-HCL022161289701/2021	cnr_virus_des_infections_respiratoires,_france_sud	kenya_medical_research_institute
B/Niger/6247/2018	centers_for_disease_control_and_prevention	centre_de_recherche_medicale_et_sanitaire_(cermes)
B/Togo/455/2019	centers_for_disease_control_and_prevention	institute_national_d'hygiene
B/Mali/8097/2018	centers_for_disease_control_and_prevention	nic_lab_cvd_mali
B/Mali/75/2018	centers_for_disease_control_and_prevention	nic_lab_cvd_mali
B/Victoria/705/2018-egg	centers_for_disease_control_and_prevention	monash_medical_centre
B/Victoria/705/2018	who_collaborating_centre_for_reference_and_research_on_influenza	monash_medical_centre
B/Brisbane/35/2018-egg	centers_for_disease_control_and_prevention	queensland_health_scientific_services
B/Mali/288/2018	centers_for_disease_control_and_prevention	nic_lab_cvd_mali
B/Mali/98/2018	centers_for_disease_control_and_prevention	nic_lab_cvd_mali
B/HongKong/CUHK001/2019	chinese_university_of_hong_kong	the_chinese_university_of_hong_kong
B/Paris/2659/2018	institut_pasteur	institut_pasteur
B/Mali/65/2018	centers_for_disease_control_and_prevention	nic_lab_cvd_mali
B/BurkinaFaso/997/2018	centers_for_disease_control_and_prevention	irss
B/BurkinaFaso/2449/2018	centers_for_disease_control_and_prevention	irss
B/Togo/396/2019	centers_for_disease_control_and_prevention	institute_national_d'hygiene
B/SierraLeone/184/2018	centers_for_disease_control_and_prevention	central_public_health_reference_laboratory
B/Mali/132/2018	centers_for_disease_control_and_prevention	nic_lab_cvd_mali
B/CoteDIvoire/1686/2019	centers_for_disease_control_and_prevention	pasteur_institut_of_côte_d'ivoire
B/Bahrain/232/2019	centers_for_disease_control_and_prevention	ministry_of_health_bahrain
B/England/269/2019	microbiology_services_colindale,_public_health_england	microbiology_services_colindale,_public_health_england
B/Tanzania/1632/2019	centers_for_disease_control_and_prevention	national_influenza_lab
B/Tanzania/1612/2019	centers_for_disease_control_and_prevention	national_influenza_lab
B/Tanzania/1610/2019	centers_for_disease_control_and_prevention	national_influenza_lab
B/AbuDhabi/42/2019	centers_for_disease_control_and_prevention	shaikh_khalifa_medical_city
B/Hawaii/7/2019-egg	centers_for_disease_control_and_prevention	state_of_hawaii_department_of_health
B/NewCaledonia/1/2020	who_collaborating_centre_for_reference_and_research_on_influenza	institut_pasteur_new_caledonia
B/Victoria/4/2020	who_collaborating_centre_for_reference_and_research_on_influenza	victorian_infectious_diseases_reference_laboratory_
B/Hamamatu-C/16/2020	national_institute_of_infectious_diseases_(niid)	hamamatsu_city_health_environment_research_center
B/Tochigi/19160/2020	national_institute_of_infectious_diseases_(niid)	tochigi_prefectural_institute_of_public_health_and_environmental_science
B/Sydney/53/2019	who_collaborating_centre_for_reference_and_research_on_influenza	clinical_virology_unit,_cdim
B/Washington/S27824/2019		the_brotman_baty_institute_for_precision_medicine
B/SriLanka/15/2020	who_collaborating_centre_for_reference_and_research_on_influenza	medical_research_institute
B/SriLanka/28/2020	who_collaborating_centre_for_reference_and_research_on_influenza	medical_research_institute
B/Townsville/17/2019	who_collaborating_centre_for_reference_and_research_on_influenza	queensland_health_forensic_and_scientific_services_
B/Arizona/10357/2019	u.s._air_force_school_of_aerospace_medicine	u.s._air_force_school_of_aerospace_medicine_
B/Arizona/31/2019	centers_for_disease_control_and_prevention	arizona_department_of_health_services
B/Singapore/KK0417/2020	ministry_of_health,_singapore	ministry_of_health,_singapore
B/Hawaii/47/2019	centers_for_disease_control_and_prevention	state_of_hawaii_department_of_health
B/HongKong/733/2019	centers_for_disease_control_and_prevention	government_virus_unit
B/Kanagawa/AC1867/2019-egg	centers_for_disease_control_and_prevention	national_institute_of_infectious_diseases_(niid)
B/Kanagawa/AC1867/2019	national_institute_of_infectious_diseases_(niid)	national_institute_of_infectious_diseases_(niid)
B/Townsville/1/2019	who_collaborating_centre_for_reference_and_research_on_influenza	queensland_health_forensic_and_scientific_services_
B/Christchurch/500/2019	who_collaborating_centre_for_reference_and_research_on_influenza	canterbury_health_services
B/Christchurch/501/2019	who_collaborating_centre_for_reference_and_research_on_influenza	canterbury_health_services
B/California/39/2019	centers_for_disease_control_and_prevention	california_department_of_health_services
B/Madagascar/1451/2021	centers_for_disease_control_and_prevention	institut_pasteur_de_madagascar
B/Madagascar/1640/2021	centers_for_disease_control_and_prevention	institut_pasteur_de_madagascar
B/Madagascar/2623/2021	centers_for_disease_control_and_prevention	institut_pasteur_de_madagascar
B/Singapore/KK2279/2019	ministry_of_health,_singapore	ministry_of_health,_singapore
B/BadenWurttemberg/2/2020	robert_koch_institute_nationales_referenzzentrum_f?r_influenza	robert_koch_institute_nationales_referenzzentrum_für_influenza
B/Singapore/NUH0032/2019	ministry_of_health,_singapore	ministry_of_health,_singapore
B/Texas/81/2019	centers_for_disease_control_and_prevention	baylor_scott_and_white_health
B/Bhutan/100/2020	centers_for_disease_control_and_prevention	royal_centre_for_disease_control
B/Bhutan/1616/2020	centers_for_disease_control_and_prevention	royal_centre_for_disease_control
B/India/598/2019	centers_for_disease_control_and_prevention	national_institute_of_virology
B/Argentina/77/2020	centers_for_disease_control_and_prevention	instituto_nacional_de_enfermedades_infecciosas
B/Chiba-C/21/2020	national_institute_of_infectious_diseases_(niid)	chiba_city_institute_of_health_and_environment
B/Washington/S28161/2020		the_brotman_baty_institute_for_precision_medicine
B/England/200240764/2019	microbiology_services_colindale,_public_health_england	microbiology_services_colindale,_public_health_england
B/England/194980805/2019	microbiology_services_colindale,_public_health_england	microbiology_services_colindale,_public_health_england
B/England/195220282/2019	microbiology_services_colindale,_public_health_england	microbiology_services_colindale,_public_health_england
B/Congo/9774/2019	centers_for_disease_control_and_prevention	inrb_service_de_virologie
B/Congo/7/2020	centers_for_disease_control_and_prevention	inrb_service_de_virologie
B/Congo/25/2020	centers_for_disease_control_and_prevention	inrb_service_de_virologie
B/Congo/13/2020	centers_for_disease_control_and_prevention	inrb_service_de_virologie
B/Luxembourg/LNS9335483/2020	laboratoire_national_de_sant?	laboratoire_national_de_santé_
B/Dijon/83/2020	institut_pasteur	institut_pasteur
B/Christchurch/501/2020	who_collaborating_centre_for_reference_and_research_on_influenza	canterbury_health_services
B/Luxembourg/LNS6130880/2020	laboratoire_national_de_sant?	laboratoire_national_de_santé_
B/Colorado/11335/2020	u.s._air_force_school_of_aerospace_medicine	u.s._air_force_school_of_aerospace_medicine_
B/Cyprus/F938/2020-egg	centers_for_disease_control_and_prevention	nicosia_general_hospital
B/England/200181096/2019	microbiology_services_colindale,_public_health_england	microbiology_services_colindale,_public_health_england
B/England/59/2020	microbiology_services_colindale,_public_health_england	microbiology_services_colindale,_public_health_england
B/StPetersburg/RII-2625S/2020	who_national_influenza_centre_russian_federation	research_institute_of_influenza,_ministry_of_healthcare_of_the_russian_federation
B/Luxembourg/LNS3908485/2020	laboratoire_national_de_sant?	laboratoire_national_de_santé_
B/England/844/2019	microbiology_services_colindale,_public_health_england	microbiology_services_colindale,_public_health_england
B/Cyprus/F938/2020	centers_for_disease_control_and_prevention	nicosia_general_hospital
B/Oklahoma/11800/2020	u.s._air_force_school_of_aerospace_medicine	u.s._air_force_school_of_aerospace_medicine_
B/StPetersburg/RII-2518S/2020	who_national_influenza_centre_russian_federation	research_institute_of_influenza,_ministry_of_healthcare_of_the_russian_federation
B/StPetersburg/RII-3589S/2020	who_national_influenza_centre_russian_federation	research_institute_of_influenza,_ministry_of_healthcare_of_the_russian_federation
B/Montana/7/2020	centers_for_disease_control_and_prevention	montana_laboratory_services_bureau
B/Texas/3/2021	centers_for_disease_control_and_prevention	texas_department_of_state_health_services_laboratory_services
B/Texas/2/2021	centers_for_disease_control_and_prevention	texas_department_of_state_health_services_laboratory_services
B/Texas/1/2021	centers_for_disease_control_and_prevention	texas_department_of_state_health_services_laboratory_services
B/Honduras/6994/2021	centers_for_disease_control_and_prevention	laboratorio_nacional_de_virologia
B/Honduras/3682/2021	centers_for_disease_control_and_prevention	laboratorio_nacional_de_virologia
B/Honduras/7027/2021	centers_for_disease_control_and_prevention	laboratorio_nacional_de_virologia
B/Guatemala/102703/2021	fundación_para_la_salud_integral_de_los_guatemaltecos	fundación_para_la_salud_integral_de_los_guatemaltecos_(funsalud)
B/Guatemala/102705/2021	fundación_para_la_salud_integral_de_los_guatemaltecos	fundación_para_la_salud_integral_de_los_guatemaltecos_(funsalud)
B/Arizona/2/2021	centers_for_disease_control_and_prevention	arizona_department_of_health_services
B/Baltimore/JH-001/2021	johns_hopkins_school_of_medicine	johns_hopkins_school_of_medicine
B/NewMexico/1/2021	centers_for_disease_control_and_prevention	new_mexico_department_of_health
B/California/2/2021	centers_for_disease_control_and_prevention	california_department_of_health_services
B/Nicaragua/SJCRH-740879/2022	st._jude_children's_research_hospital	st._jude_children's_research_hospital
B/Nicaragua/3206/2022	centers_for_disease_control_and_prevention	laboratorio_de_virologia,_direccion_de_microbiologia
B/NorthCarolina/1/2021-egg	centers_for_disease_control_and_prevention	north_carolina_state_laboratory_of_public_health
B/NorthCarolina/1/2021	centers_for_disease_control_and_prevention	north_carolina_state_laboratory_of_public_health
B/RhodeIsland/1/2021	centers_for_disease_control_and_prevention	rhode_island_department_of_health
B/Guatemala/52/2022	centers_for_disease_control_and_prevention	laboratorio_nacional_de_salud_guatemala
B/Arizona/1/2021	centers_for_disease_control_and_prevention	arizona_department_of_health_services
B/Texas/4/2021	centers_for_disease_control_and_prevention	texas_department_of_state_health_services_laboratory_services
B/Guatemala/5/2022	centers_for_disease_control_and_prevention	laboratorio_nacional_de_salud_guatemala
B/Panama/M101762/2021	centers_for_disease_control_and_prevention	instituto_conmemorativo_gorgas_de_estudios_de_la_salud
B/Nicaragua/4804/2022	centers_for_disease_control_and_prevention	laboratorio_de_virologia,_direccion_de_microbiologia
B/Nicaragua/11522-13AV1/2022		st._jude_children's_research_hospital,_host_microbe_interactions
B/Nicaragua/1526/2022	centers_for_disease_control_and_prevention	laboratorio_de_virologia,_direccion_de_microbiologia
B/Nicaragua/908/2022	centers_for_disease_control_and_prevention	laboratorio_de_virologia,_direccion_de_microbiologia
B/Nicaragua/SJCRH-740882/2022	st._jude_children's_research_hospital	st._jude_children's_research_hospital
B/Nicaragua/SJCRH-740885/2022	st._jude_children's_research_hospital	st._jude_children's_research_hospital
B/Nicaragua/12318-05AV1/2022		st._jude_children's_research_hospital,_host_microbe_interactions
B/Nicaragua/SJCRH-740881/2022	st._jude_children's_research_hospital	st._jude_children's_research_hospital
B/Nicaragua/SJCRH-740863/2022		st._jude_children's_research_hospital
B/India/762/2019	centers_for_disease_control_and_prevention	national_institute_of_virology
B/Iowa/37/2019	centers_for_disease_control_and_prevention	iowa_state_hygienic_laboratory
B/England/93320735/2019	microbiology_services_colindale,_public_health_england	microbiology_services_colindale,_public_health_england
B/Akita/3/2020	national_institute_of_infectious_diseases_(niid)	akita_research_center_for_public_health_and_environment
B/Wisconsin/294/2020	centers_for_disease_control_and_prevention	marshfield_clinic_research_foundation
B/Hiroshima/20/2019	national_institute_of_infectious_diseases_(niid)	center_for_public_health_and_environment,_hiroshima_prefectural_technology_research_institute
B/Nagano/2773/2019	national_institute_of_infectious_diseases_(niid)	nagano_environmental_conservation_research_institute
B/Sagamihara/17/2020	national_institute_of_infectious_diseases_(niid)	sagamihara_city_laboratory_of_public_health
B/Gunma/33/2020	national_institute_of_infectious_diseases_(niid)	gunma_prefectural_institute_of_public_health_and_environmental_sciences
B/Sweden/56/2020	public_health_agency_of_sweden	public_health_agency_of_sweden
B/Sweden/44/2020	public_health_agency_of_sweden	public_health_agency_of_sweden
B/England/201061188/2020	uk_health_security_agency___colindale	uk_health_security_agency___colindale
B/NordrheinWestfalen/2/2020	robert_koch_institute_nationales_referenzzentrum_f?r_influenza	robert_koch_institute_nationales_referenzzentrum_für_influenza
B/NorthCarolina/11/2020	centers_for_disease_control_and_prevention	north_carolina_state_laboratory_of_public_health
B/Bhutan/193/2019	centers_for_disease_control_and_prevention	royal_centre_for_disease_control
B/SouthAustralia/163/2019	who_collaborating_centre_for_reference_and_research_on_influenza	institute_of_medical_and_veterinary_science_(imvs)
B/Washington/S28262/2020		the_brotman_baty_institute_for_precision_medicine
B/Novosibirsk/RII-26972S/2020	who_national_influenza_centre_russian_federation	research_institute_of_experimental_and_clinical_medicine
B/Singapore/TT0466/2020	ministry_of_health,_singapore	ministry_of_health,_singapore
B/Argentina/14819/2020	centers_for_disease_control_and_prevention	intituto_nacional_de_epidemiologia
B/India/4728/2019	centers_for_disease_control_and_prevention	national_institute_of_virology
B/Santiago/2520/2020	centers_for_disease_control_and_prevention	instituto_de_salud_publica_de_chile
B/India/1969/2020	centers_for_disease_control_and_prevention	national_institute_of_virology
B/SouthKorea/11813/2020	u.s._air_force_school_of_aerospace_medicine	u.s._air_force_school_of_aerospace_medicine_
B/Luxembourg/LNS7874225/2020	laboratoire_national_de_sant?	laboratoire_national_de_santé_
B/Italy/9913/2019	u.s._air_force_school_of_aerospace_medicine	u.s._air_force_school_of_aerospace_medicine_
B/Washington/66/2020	centers_for_disease_control_and_prevention	marshfield_clinic_research_foundation
B/Wisconsin/66/2020	centers_for_disease_control_and_prevention	wisconsin_state_laboratory_of_hygiene
B/Washington/S28050/2020		the_brotman_baty_institute_for_precision_medicine
B/Kyiv/279/2019	centers_for_disease_control_and_prevention	institute_of_epidemiology_and_infectious_diseases_ams_of_ukraine
B/Bourgogne/54/2020	institut_pasteur	institut_pasteur
B/Luxembourg/LNS2265914/2020	laboratoire_national_de_sant?	laboratoire_national_de_santé_
B/Washington/S28557/2020		the_brotman_baty_institute_for_precision_medicine
B/Iwate/1/2020	national_institute_of_infectious_diseases_(niid)	research_institute_for_environmental_sciences_and_public_health_of_iwate_prefecture
B/Colorado/14/2019	centers_for_disease_control_and_prevention	colorado_department_of_health_lab
B/Alaska/12164/2020	u.s._air_force_school_of_aerospace_medicine	u.s._air_force_school_of_aerospace_medicine_
B/Wisconsin/46/2020	centers_for_disease_control_and_prevention	marshfield_clinic_research_foundation
B/NewMexico/11380/2020	u.s._air_force_school_of_aerospace_medicine	u.s._air_force_school_of_aerospace_medicine_
B/Washington/S27709/2019		the_brotman_baty_institute_for_precision_medicine
B/Washington/S28387/2020		the_brotman_baty_institute_for_precision_medicine
B/England/843/2019	microbiology_services_colindale,_public_health_england	microbiology_services_colindale,_public_health_england
B/Yokohama/1/2020	centers_for_disease_control_and_prevention	yokohama_city_institute_of_public_health.
B/Singapore/GP0319/2020	ministry_of_health,_singapore	ministry_of_health,_singapore
B/Fukushima/1/2020	national_institute_of_infectious_diseases_(niid)	fukushima_prefectural_institute_of_public_health
B/Japan/10597/2019	u.s._air_force_school_of_aerospace_medicine	u.s._air_force_school_of_aerospace_medicine_
B/Nagano/2102/2020	national_institute_of_infectious_diseases_(niid)	nagano_environmental_conservation_research_institute
B/Wisconsin/255/2020	centers_for_disease_control_and_prevention	marshfield_clinic_research_foundation
B/Washington/10439/2019	u.s._air_force_school_of_aerospace_medicine	u.s._air_force_school_of_aerospace_medicine_
B/Japan/10595/2019	u.s._air_force_school_of_aerospace_medicine	u.s._air_force_school_of_aerospace_medicine_
B/Pennsylvania/31/2019	centers_for_disease_control_and_prevention	pennsylvania_department_of_health
B/Washington/S28338/2020		the_brotman_baty_institute_for_precision_medicine
B/Missouri/12179/2020	u.s._air_force_school_of_aerospace_medicine	u.s._air_force_school_of_aerospace_medicine_
B/Washington/S27696/2019		the_brotman_baty_institute_for_precision_medicine
B/Sydney/4/2020	who_collaborating_centre_for_reference_and_research_on_influenza	childrens_hospital_westmead
B/California/50/2019	centers_for_disease_control_and_prevention	california_department_of_health_services
B/Texas/58/2019	centers_for_disease_control_and_prevention	baylor_scott_and_white_health
B/Bhutan/643/2019	centers_for_disease_control_and_prevention	royal_centre_for_disease_control
B/Victoria/21/2020	who_collaborating_centre_for_reference_and_research_on_influenza	alfred_hospital
B/Brisbane/44/2019	who_collaborating_centre_for_reference_and_research_on_influenza	queensland_health_forensic_and_scientific_services_
B/Stockholm/11/2019	public_health_agency_of_sweden	klinisk_mikrobiologi,_karolinska_universitetslaboratoriet,_karolinska_universitetssjukhuset_solna
B/Bhutan/188/2019	centers_for_disease_control_and_prevention	royal_centre_for_disease_control
B/Nepal/20FL0286/2020	national_institute_of_infectious_diseases_(niid)	national_public_health_laboratory
B/SriLanka/25/2020	who_collaborating_centre_for_reference_and_research_on_influenza	medical_research_institute
B/Iwate/4/2020	national_institute_of_infectious_diseases_(niid)	research_institute_for_environmental_sciences_and_public_health_of_iwate_prefecture
B/India/3991/2019	centers_for_disease_control_and_prevention	national_institute_of_virology
B/Paris/119/2020	institut_pasteur	institut_pasteur
B/Bhutan/633/2019	centers_for_disease_control_and_prevention	royal_centre_for_disease_control
B/Washington/127/2020	centers_for_disease_control_and_prevention	marshfield_clinic_research_foundation
B/England/194280525/2019	microbiology_services_colindale,_public_health_england	microbiology_services_colindale,_public_health_england
B/Pennsylvania/40/2020	centers_for_disease_control_and_prevention	children's_hospital_of_pittsburgh_upmc
B/Washington/12203/2020	u.s._air_force_school_of_aerospace_medicine	u.s._air_force_school_of_aerospace_medicine_
B/Singapore/GP0039/2020	ministry_of_health,_singapore	ministry_of_health,_singapore
B/Nepal/20FL0443/2020	national_institute_of_infectious_diseases_(niid)	national_public_health_laboratory
B/Bhutan/235/2019	centers_for_disease_control_and_prevention	royal_centre_for_disease_control
B/Texas/113/2019	centers_for_disease_control_and_prevention	baylor_scott_and_white_health
B/Niigata/812/2020	national_institute_of_infectious_diseases_(niid)	niigata_prefectural_institute_of_public_health_and_environmental_sciences
B/Sapporo/21/2020	national_institute_of_infectious_diseases_(niid)	sapporo_city_institute_of_public_health
B/Maine/6/2020	centers_for_disease_control_and_prevention	maine_health_and_environmental_testing_laboratory
B/Texas/111/2019	centers_for_disease_control_and_prevention	baylor_scott_and_white_health
B/Texas/9980/2019	u.s._air_force_school_of_aerospace_medicine	u.s._air_force_school_of_aerospace_medicine_
B/Santiago/24326/2020	centers_for_disease_control_and_prevention	instituto_de_salud_publica_de_chile
B/Washington/61/2020	centers_for_disease_control_and_prevention	marshfield_clinic_research_foundation
B/Washington/S27850/2019		the_brotman_baty_institute_for_precision_medicine
B/Texas/93/2019	centers_for_disease_control_and_prevention	baylor_scott_and_white_health
B/Orenburg/2/2020	centers_for_disease_control_and_prevention	ivanovsky_research_institute_of_virology_rams
B/Missouri/4/2020	centers_for_disease_control_and_prevention	missouri_department._of_health_&_senior_services
B/Bhutan/1113/2020	centers_for_disease_control_and_prevention	royal_centre_for_disease_control
B/Bhutan/296/2020	centers_for_disease_control_and_prevention	royal_centre_for_disease_control
B/Arkansas/11712/2020	u.s._air_force_school_of_aerospace_medicine	u.s._air_force_school_of_aerospace_medicine_
B/SouthKorea/11420/2020	u.s._air_force_school_of_aerospace_medicine	u.s._air_force_school_of_aerospace_medicine_
B/Bhutan/221/2019	centers_for_disease_control_and_prevention	royal_centre_for_disease_control
B/Bolivia/26/2020	centers_for_disease_control_and_prevention	instituto_nacional_de_laboratoriosde_salud_(inlasa)
B/Hokkaido/19FS268/2020	niigata_university	niigata_university
B/PaysDeLoire/1042/2020	institut_pasteur	institut_pasteur
B/Centre/938/2020	institut_pasteur	institut_pasteur
B/Phetchaburi/177/2019	centers_for_disease_control_and_prevention	who_national_influenza_centre,_national_institute_of_medical_research_(nimr)
B/Singapore/TT0473/2020	ministry_of_health,_singapore	ministry_of_health,_singapore
B/Bhutan/236/2019	centers_for_disease_control_and_prevention	royal_centre_for_disease_control
B/Bhutan/176/2019	centers_for_disease_control_and_prevention	royal_centre_for_disease_control
B/Abudhabi/64/2019	centers_for_disease_control_and_prevention	shaikh_khalifa_medical_city
B/Aichi/49/2019	national_institute_of_infectious_diseases_(niid)	aichi_prefectural_institute_of_public_health
B/StPetersburg/RII-2809S/2020	who_national_influenza_centre_russian_federation	research_institute_of_influenza,_ministry_of_healthcare_of_the_russian_federation
B/Singapore/GP1128/2019	ministry_of_health,_singapore	ministry_of_health,_singapore
B/Russia/328/2019	centers_for_disease_control_and_prevention	russian_academy_of_medical_sciences
B/Washington/S28209/2020		the_brotman_baty_institute_for_precision_medicine
B/England/194980797/2019	microbiology_services_colindale,_public_health_england	microbiology_services_colindale,_public_health_england
B/England/696/2019	microbiology_services_colindale,_public_health_england	microbiology_services_colindale,_public_health_england
B/Nepal/20FL0516/2020	national_institute_of_infectious_diseases_(niid)	national_public_health_laboratory
B/StPetersburg/RII-3961S/2020	who_national_influenza_centre_russian_federation	research_institute_of_influenza,_ministry_of_healthcare_of_the_russian_federation
B/HongKong/734/2019	centers_for_disease_control_and_prevention	government_virus_unit
B/Yokohama/18/2019	centers_for_disease_control_and_prevention	yokohama_city_institute_of_public_health.
B/Peru/119/2019	centers_for_disease_control_and_prevention	laboratorio_de_referencia_nacional_virus_respiratorios,_instituto_nacional_de_salud
B/Hunan-Daxaing/120/2020-egg	centers_for_disease_control_and_prevention	who_chinese_national_influenza_center
B/Victoria/5/2020	who_collaborating_centre_for_reference_and_research_on_influenza	victorian_infectious_diseases_reference_laboratory_
B/Sapporo/11/2019	national_institute_of_infectious_diseases_(niid)	sapporo_city_institute_of_public_health
B/Kitakyushu/3/2019	national_institute_of_infectious_diseases_(niid)	kitakyusyu_city_institute_of_enviromental_sciences
B/Yamagata/29/2020	national_institute_of_infectious_diseases_(niid)	yamagata_prefectural_institute_of_public_health
B/Singapore/TT0476/2020	ministry_of_health,_singapore	ministry_of_health,_singapore
B/Sweden/45/2020	public_health_agency_of_sweden	public_health_agency_of_sweden
B/Santiago/1391/2020-egg	centers_for_disease_control_and_prevention	instituto_de_salud_publica_de_chile
B/Santiago/14751/2020-egg	centers_for_disease_control_and_prevention	instituto_de_salud_publica_de_chile
B/Singapore/NTF0033/2019	ministry_of_health,_singapore	ministry_of_health,_singapore
B/Lao/544/2020	centers_for_disease_control_and_prevention	national_center_for_laboratory_and_epidemiology
B/Ehime/6/2019	national_institute_of_infectious_diseases_(niid)	ehime_prefecture_institute_of_public_health_and_environmental_science
B/Lao/292/2020	centers_for_disease_control_and_prevention	national_center_for_laboratory_and_epidemiology
B/ChiangRai/28/2020	who_collaborating_centre_for_reference_and_research_on_influenza	who_national_influenza_centre,_national_institute_of_medical_research_(nimr)
B/Lao/630/2020	centers_for_disease_control_and_prevention	national_center_for_laboratory_and_epidemiology
B/Romania/259315/2020	cantacuzino_institute	cantacuzino_institute
B/Romania/8/2019	national_institute_of_infectious_diseases_prof._dr._matei_bals	national_institute_for_infectious_diseases_“prof._dr._matei_balș”
B/Ekaterinburg/RII-52S/2020	who_national_influenza_centre_russian_federation	ekaterinburg_research_institute_of_viral_infections
B/Irkutsk/RII-2537S/2020	who_national_influenza_centre_russian_federation	center_of_hygiene_and_epidemiology_in_republic_of_udmurtia
B/Moscow/RII-495S/2019	who_national_influenza_centre_russian_federation	nic_russia,_ivanovsky_research_institute_of_virology
B/Zhejiang-Shangcheng/1558/2019	who_chinese_national_influenza_center	who_chinese_national_influenza_center
B/Tokyo/19FS179/2020	niigata_university	niigata_university
B/HongKong/308/2019	centers_for_disease_control_and_prevention	government_virus_unit
B/Malaysia/RP3257/2019	who_collaborating_centre_for_reference_and_research_on_influenza	institut_penyelidikan_perubatan
B/Bangladesh/1536/2019	centers_for_disease_control_and_prevention	institute_of_epidemiology_disease_control_and_research_(iedcr)_&_bangladesh_national_influenza_centre_(nic)
B/Kenya/118/2020	centers_for_disease_control_and_prevention	cdc_kenya
B/Kenya/120/2020	centers_for_disease_control_and_prevention	cdc_kenya
B/Bangladesh/8001/2019	centers_for_disease_control_and_prevention	institute_of_epidemiology_disease_control_and_research_(iedcr)_&_bangladesh_national_influenza_centre_(nic)
B/Washington/2/2019-egg	centers_for_disease_control_and_prevention	washington_state_public_health_laboratory
B/Washington/2/2019	centers_for_disease_control_and_prevention	washington_state_public_health_laboratory
B/Bolivia/540/2020	centers_for_disease_control_and_prevention	instituto_nacional_de_laboratoriosde_salud_(inlasa)
B/Singapore/EN0338/2019	ministry_of_health,_singapore	ministry_of_health,_singapore
B/ElSalvador/928/2019	centers_for_disease_control_and_prevention	contiguo_a_hospital_rosales
B/ElSalvador/671/2019	centers_for_disease_control_and_prevention	contiguo_a_hospital_rosales
B/Singapore/TT0379/2019	ministry_of_health,_singapore	ministry_of_health,_singapore
B/Arizona/11704/2020	u.s._air_force_school_of_aerospace_medicine	u.s._air_force_school_of_aerospace_medicine_
B/Guam/9829/2019	import_from_public_domain	
B/Guam/9827/2019	import_from_public_domain	
B/Guam/9828/2019	import_from_public_domain	
B/Chelyabinsk/963/2018	state_research_center_of_virology_and_biotechnology_(vector)	state_research_center_of_virology_and_biotechnology_(vector)
B/HongKong/743/2019	centers_for_disease_control_and_prevention	government_virus_unit
B/Lebanon/441/2019	centers_for_disease_control_and_prevention	rafic_hariri_university_hospital_4th_floor_dna/research_lab
B/Hubei-Echeng/11999/2019	who_chinese_national_influenza_center	who_chinese_national_influenza_center
B/Sichuan-Gaoxin/1560/2019	who_chinese_national_influenza_center	who_chinese_national_influenza_center
B/Sydney/704/2019	who_collaborating_centre_for_reference_and_research_on_influenza	childrens_hospital_westmead
B/SriLanka/31/2020	who_collaborating_centre_for_reference_and_research_on_influenza	medical_research_institute
B/Singapore/GP1558/2019	ministry_of_health,_singapore	ministry_of_health,_singapore
B/Singapore/KK0847/2019	ministry_of_health,_singapore	ministry_of_health,_singapore
B/Hunan-Jishou/1433/2021-egg	who_chinese_national_influenza_center	who_chinese_national_influenza_center
B/Hunan-Jishou/1433/2021	who_chinese_national_influenza_center	who_chinese_national_influenza_center
B/HongKong/CUHK028/2019	chinese_university_of_hong_kong	the_chinese_university_of_hong_kong
B/HongKong/CUHK027/2019	chinese_university_of_hong_kong	the_chinese_university_of_hong_kong
B/HongKong/CUHK025/2019	chinese_university_of_hong_kong	the_chinese_university_of_hong_kong
B/NewYork/PV05171/2019	icahn_school_of_medicine_at_mount_sinai	icahn_school_of_medicine_at_mount_sinai
B/Lao/383/2020	centers_for_disease_control_and_prevention	national_center_for_laboratory_and_epidemiology
B/Yunnan-Qilin/1130/2020-egg	who_chinese_national_influenza_center	who_chinese_national_influenza_center
B/Yunnan-Qilin/1121/2020-egg	centers_for_disease_control_and_prevention	who_chinese_national_influenza_center
B/Yunnan-Qilin/1133/2020-egg	who_chinese_national_influenza_center	who_chinese_national_influenza_center
B/Yunnan-Qilin/1121/2020	who_chinese_national_influenza_center	who_chinese_national_influenza_center
B/Bhutan/229/2019	centers_for_disease_control_and_prevention	royal_centre_for_disease_control
B/Singapore/KK1230/2019	ministry_of_health,_singapore	ministry_of_health,_singapore
B/Singapore/KK0771/2019	ministry_of_health,_singapore	ministry_of_health,_singapore
B/Singapore/MOH0112/2019	ministry_of_health,_singapore	ministry_of_health,_singapore
B/SouthKorea/11424/2020	u.s._air_force_school_of_aerospace_medicine	u.s._air_force_school_of_aerospace_medicine_
B/Aichi/59/2020	national_institute_of_infectious_diseases_(niid)	aichi_prefectural_institute_of_public_health
B/Ratchaburi/216/2019	centers_for_disease_control_and_prevention	who_national_influenza_centre,_national_institute_of_medical_research_(nimr)
B/Cambodia/e0130368/2020	who_collaborating_centre_for_reference_and_research_on_influenza	institute_pasteur_du_cambodia
B/Newcastle/55/2019	who_collaborating_centre_for_reference_and_research_on_influenza	john_hunter_hospital
B/Guangdong-Dongwanbendi/1523/2019-egg	who_chinese_national_influenza_center	who_chinese_national_influenza_center
B/Bahrain/6/2020-egg	centers_for_disease_control_and_prevention	ministry_of_health_bahrain
B/Bahrain/6/2020	centers_for_disease_control_and_prevention	ministry_of_health_bahrain
B/Saipan/1049/2019	centers_for_disease_control_and_prevention	guam_department_of_public_health
B/Ishikawa/153/2019	national_institute_of_infectious_diseases_(niid)	ishikawa_prefectural_institute_of_public_health_and_environmental_science
B/Saitama/1/2019	national_institute_of_infectious_diseases_(niid)	saitama_institute_of_public_health
B/HongKong/746/2019	centers_for_disease_control_and_prevention	government_virus_unit
B/Saipan/1051/2019	centers_for_disease_control_and_prevention	guam_department_of_public_health
B/Saipan/1052/2019	centers_for_disease_control_and_prevention	guam_department_of_public_health
B/Sichuan-Gaoxin/531/2018-egg	centers_for_disease_control_and_prevention	who_chinese_national_influenza_center
B/Okinawa/18T030/2019	niigata_university	niigata_university
B/SouthKorea/9969/2019	u.s._air_force_school_of_aerospace_medicine	u.s._air_force_school_of_aerospace_medicine_
B/SouthKorea/9974/2019	u.s._air_force_school_of_aerospace_medicine	u.s._air_force_school_of_aerospace_medicine_
B/SouthKorea/9968/2019	u.s._air_force_school_of_aerospace_medicine	u.s._air_force_school_of_aerospace_medicine_
B/SouthKorea/9967/2019	u.s._air_force_school_of_aerospace_medicine	u.s._air_force_school_of_aerospace_medicine_
B/SouthKorea/9962/2019	u.s._air_force_school_of_aerospace_medicine	u.s._air_force_school_of_aerospace_medicine_
B/SouthKorea/9960/2019	u.s._air_force_school_of_aerospace_medicine	u.s._air_force_school_of_aerospace_medicine_
B/SouthKorea/9959/2019	u.s._air_force_school_of_aerospace_medicine	u.s._air_force_school_of_aerospace_medicine_
B/SouthKorea/9971/2019	u.s._air_force_school_of_aerospace_medicine	u.s._air_force_school_of_aerospace_medicine_
B/SouthKorea/9966/2019	u.s._air_force_school_of_aerospace_medicine	u.s._air_force_school_of_aerospace_medicine_
B/SouthKorea/9963/2019	u.s._air_force_school_of_aerospace_medicine	u.s._air_force_school_of_aerospace_medicine_
B/SouthKorea/9956/2019	u.s._air_force_school_of_aerospace_medicine	u.s._air_force_school_of_aerospace_medicine_
B/SouthKorea/9970/2019	u.s._air_force_school_of_aerospace_medicine	u.s._air_force_school_of_aerospace_medicine_
B/SouthKorea/9976/2019	u.s._air_force_school_of_aerospace_medicine	u.s._air_force_school_of_aerospace_medicine_
B/SouthKorea/9958/2019	u.s._air_force_school_of_aerospace_medicine	u.s._air_force_school_of_aerospace_medicine_
B/Kenya/127/2019	centers_for_disease_control_and_prevention	cdc_kenya
B/Uganda/CST50271/2020		import_from_public_domain
B/SierraLeone/197/2018	centers_for_disease_control_and_prevention	central_public_health_reference_laboratory
B/Argentina/2844/2019	centers_for_disease_control_and_prevention	instituto_nacional_de_enfermedades_infecciosas
B/Wellington/8/2019	who_collaborating_centre_for_reference_and_research_on_influenza	institute_of_environmental_science_and_research
B/Bahrain/351/2019	centers_for_disease_control_and_prevention	ministry_of_health_bahrain
B/HongKong/218/2019	centers_for_disease_control_and_prevention	government_virus_unit
B/Chanthaburi/26/2020	who_collaborating_centre_for_reference_and_research_on_influenza	who_national_influenza_centre,_national_institute_of_medical_research_(nimr)
B/Bangladesh/4040/2019	centers_for_disease_control_and_prevention	icddr,b_international_centre_for_diarrhoeal_disease_research,_bangladesh
B/Bangladesh/9010/2019	centers_for_disease_control_and_prevention	icddr,b_international_centre_for_diarrhoeal_disease_research,_bangladesh
B/Bangladesh/61/2019	centers_for_disease_control_and_prevention	icddr,b_international_centre_for_diarrhoeal_disease_research,_bangladesh
B/England/287/2019	microbiology_services_colindale,_public_health_england	microbiology_services_colindale,_public_health_england
B/Singapore/NTF0047/2019	ministry_of_health,_singapore	ministry_of_health,_singapore
B/Congo/9738/2019	centers_for_disease_control_and_prevention	inrb_service_de_virologie
B/Congo/368/2019	centers_for_disease_control_and_prevention	inrb_service_de_virologie
B/Congo/306/2019	centers_for_disease_control_and_prevention	inrb_service_de_virologie
B/Congo/292/2019	centers_for_disease_control_and_prevention	inrb_service_de_virologie
B/Congo/219/2019	centers_for_disease_control_and_prevention	inrb_service_de_virologie
B/Yokohama/1/2019	national_institute_of_infectious_diseases_(niid)	yokohama_city_institute_of_public_health.
B/Oman/2250/2019	centers_for_disease_control_and_prevention	central_public_health_laboratory,_ministry_of_health
B/Oman/2706/2019	centers_for_disease_control_and_prevention	central_public_health_laboratory,_ministry_of_health
B/Zhejiang-Wenling/2273/2021-egg	who_chinese_national_influenza_center	who_chinese_national_influenza_center
B/Bolivia/1110/2019	centers_for_disease_control_and_prevention	instituto_nacional_de_laboratoriosde_salud_(inlasa)
B/Philippines/1490/2019	centers_for_disease_control_and_prevention	research_institute_for_tropical_medicine,_virology_department
B/HongKong/736/2019	centers_for_disease_control_and_prevention	government_virus_unit
B/Afghanistan/1040/2019	centers_for_disease_control_and_prevention	national_public_health_laboratory
B/Singapore/KK0670/2020	ministry_of_health,_singapore	ministry_of_health,_singapore
B/Lao/737/2020	centers_for_disease_control_and_prevention	national_center_for_laboratory_and_epidemiology
B/Singapore/KK0623/2020	ministry_of_health,_singapore	ministry_of_health,_singapore
B/HongKong/737/2019	centers_for_disease_control_and_prevention	government_virus_unit
B/HongKong/574/2019-egg	centers_for_disease_control_and_prevention	government_virus_unit
B/HongKong/574/2019	centers_for_disease_control_and_prevention	government_virus_unit
B/Guangdong-Rongcheng/1531/2019	who_chinese_national_influenza_center	who_chinese_national_influenza_center
B/Afghanistan/1586/2019	centers_for_disease_control_and_prevention	national_public_health_laboratory
B/Afghanistan/2271/2019	centers_for_disease_control_and_prevention	national_public_health_laboratory
B/HongKong/742/2019	centers_for_disease_control_and_prevention	government_virus_unit
B/England/190740523/2019	microbiology_services_colindale,_public_health_england	microbiology_services_colindale,_public_health_england
B/NorthDakota/11951/2020	u.s._air_force_school_of_aerospace_medicine	u.s._air_force_school_of_aerospace_medicine_
B/Kanagawa/IC18169/2019-egg	centers_for_disease_control_and_prevention	national_institute_of_infectious_diseases_(niid)
B/Kanagawa/IC18169/2019	centers_for_disease_control_and_prevention	national_institute_of_infectious_diseases_(niid)
B/Sichuan-Gaoxin/513/2018	centers_for_disease_control_and_prevention	who_chinese_national_influenza_center
B/HongKong/744/2019	centers_for_disease_control_and_prevention	government_virus_unit
B/HongKong/741/2019	centers_for_disease_control_and_prevention	government_virus_unit
B/Singapore/MOH0108/2019	ministry_of_health,_singapore	ministry_of_health,_singapore
B/Bangladesh/1190404003/2019	centers_for_disease_control_and_prevention	icddr,b_international_centre_for_diarrhoeal_disease_research,_bangladesh
B/Saipan/1050/2019	centers_for_disease_control_and_prevention	guam_department_of_public_health
B/Canberra/10/2019	who_collaborating_centre_for_reference_and_research_on_influenza	canberra_hospital
B/Stockholm/6/2019	public_health_agency_of_sweden	klinisk_mikrobiologi,_karolinska_universitetslaboratoriet,_karolinska_universitetssjukhuset_solna
B/Aichi/51/2019	national_institute_of_infectious_diseases_(niid)	aichi_prefectural_institute_of_public_health
B/Saitama/36/2020	national_institute_of_infectious_diseases_(niid)	saitama_institute_of_public_health
B/Aichi/58/2020	national_institute_of_infectious_diseases_(niid)	aichi_prefectural_institute_of_public_health
B/Bangladesh/3008/2019	centers_for_disease_control_and_prevention	institute_of_epidemiology_disease_control_and_research_(iedcr)_&_bangladesh_national_influenza_centre_(nic)
B/Yamagata/162/2019	national_institute_of_infectious_diseases_(niid)	yamagata_prefectural_institute_of_public_health
B/Okinawa/18T034/2019	niigata_university	niigata_university
B/Singapore/KK1122/2019	ministry_of_health,_singapore	ministry_of_health,_singapore
B/Singapore/KK1126/2019	ministry_of_health,_singapore	ministry_of_health,_singapore
B/Christchurch/502/2020	who_collaborating_centre_for_reference_and_research_on_influenza	canterbury_health_services
B/Kawasaki/14/2019	national_institute_of_infectious_diseases_(niid)	kawasaki_city_institute_of_public_health_
B/Darwin/53/2019	who_collaborating_centre_for_reference_and_research_on_influenza	influenza_surveillance_centre_for_disease_control
B/Darwin/51/2019	who_collaborating_centre_for_reference_and_research_on_influenza	influenza_surveillance_centre_for_disease_control
B/Darwin/32/2019	who_collaborating_centre_for_reference_and_research_on_influenza	influenza_surveillance_centre_for_disease_control
B/Darwin/19/2019	who_collaborating_centre_for_reference_and_research_on_influenza	influenza_surveillance_centre_for_disease_control
B/Darwin/27/2019	who_collaborating_centre_for_reference_and_research_on_influenza	influenza_surveillance_centre_for_disease_control
B/Darwin/47/2019	who_collaborating_centre_for_reference_and_research_on_influenza	influenza_surveillance_centre_for_disease_control
B/Darwin/39/2019	who_collaborating_centre_for_reference_and_research_on_influenza	influenza_surveillance_centre_for_disease_control
B/Darwin/37/2019	who_collaborating_centre_for_reference_and_research_on_influenza	influenza_surveillance_centre_for_disease_control
B/Iowa/5/2020	centers_for_disease_control_and_prevention	iowa_state_hygienic_laboratory
B/Mississippi/10061/2019	u.s._air_force_school_of_aerospace_medicine	u.s._air_force_school_of_aerospace_medicine_
B/Germany/10956/2019	u.s._air_force_school_of_aerospace_medicine	u.s._air_force_school_of_aerospace_medicine_
B/Singapore/TT0487/2019	ministry_of_health,_singapore	ministry_of_health,_singapore
B/SriLanka/14/2020	who_collaborating_centre_for_reference_and_research_on_influenza	medical_research_institute
B/Singapore/KK0751/2019	ministry_of_health,_singapore	ministry_of_health,_singapore
B/Illinois/11345/2020	u.s._air_force_school_of_aerospace_medicine	u.s._air_force_school_of_aerospace_medicine_
B/Sydney/1079/2019	who_collaborating_centre_for_reference_and_research_on_influenza	institute_of_medical_and_veterinary_science_(imvs)
B/Singapore/KK0673/2020	ministry_of_health,_singapore	ministry_of_health,_singapore
B/Okinawa/18T037/2019	niigata_university	niigata_university
B/Lao/653/2020	centers_for_disease_control_and_prevention	national_center_for_laboratory_and_epidemiology
B/Japan/11751/2020	u.s._air_force_school_of_aerospace_medicine	u.s._air_force_school_of_aerospace_medicine_
B/Niigata-C/21/2020	national_institute_of_infectious_diseases_(niid)	niigata_city_institute_of_public_health_and_environment
B/Jiangxi-Linchuan/11608/2019	who_chinese_national_influenza_center	who_chinese_national_influenza_center
B/Chile/2432/2019	centers_for_disease_control_and_prevention	instituto_de_salud_publica_de_chile
B/Myanmar/19M105/2019	niigata_university	niigata_university
B/Lao/1149/2019	centers_for_disease_control_and_prevention	national_center_for_laboratory_and_epidemiology
B/Peru/6212/2019	centers_for_disease_control_and_prevention	laboratorio_de_referencia_nacional_virus_respiratorios,_instituto_nacional_de_salud
B/Bolivia/64/2020	centers_for_disease_control_and_prevention	instituto_nacional_de_laboratoriosde_salud_(inlasa)
B/Colombia/6181/2021	centers_for_disease_control_and_prevention	instituto_nacional_de_salud_de_columbia
B/Luxembourg/LNS4511465/2020	laboratoire_national_de_sant?	laboratoire_national_de_santé_
B/Luxembourg/LNS1668926/2020	laboratoire_national_de_sant?	laboratoire_national_de_santé_
B/Bangkok/16/2019	centers_for_disease_control_and_prevention	who_national_influenza_centre,_national_institute_of_medical_research_(nimr)
B/Ibaraki/1/2020	national_institute_of_infectious_diseases_(niid)	ibaraki_prefectural_institute_of_public_health
B/Arkansas/11/2019	centers_for_disease_control_and_prevention	arkansas_department_of_health
B/Brazil/4816/2020	centers_for_disease_control_and_prevention	instituto_adolfo_lutz
B/Brazil/6531/2020	centers_for_disease_control_and_prevention	instituto_adolfo_lutz
B/SaoPaulo/IAL/C5054/2020	instituto_adolfo_lutz	instituto_adolfo_lutz___regional_de_santo_andre
B/Parana/49/2020	centers_for_disease_control_and_prevention	instituto_oswaldo_cruz_fiocruz___laboratory_of_respiratory_viruses_and_measles_(lvrs)
B/Argentina/79/2020	centers_for_disease_control_and_prevention	instituto_nacional_de_enfermedades_infecciosas
B/Sweden/23/2020	public_health_agency_of_sweden	public_health_agency_of_sweden
B/Argentina/78/2020	centers_for_disease_control_and_prevention	instituto_nacional_de_enfermedades_infecciosas
B/Argentina/72/2020	centers_for_disease_control_and_prevention	instituto_nacional_de_enfermedades_infecciosas
B/Argentina/80/2020	centers_for_disease_control_and_prevention	instituto_nacional_de_enfermedades_infecciosas
B/Lao/482/2020	centers_for_disease_control_and_prevention	national_center_for_laboratory_and_epidemiology
B/Lao/935/2020	centers_for_disease_control_and_prevention	national_center_for_laboratory_and_epidemiology
B/Taiwan/70496/2019	centers_for_disease_control_and_prevention	adimmune_corporation
B/Taiwan/70492/2019	centers_for_disease_control_and_prevention	adimmune_corporation
B/Madagascar/344/2020	centers_for_disease_control_and_prevention	institut_pasteur_de_madagascar
B/Paris/2038/2019	institut_pasteur	institut_pasteur
B/Brandenburg/3/2020	robert_koch_institute_nationales_referenzzentrum_f?r_influenza	robert_koch_institute_nationales_referenzzentrum_für_influenza
B/Wisconsin/222/2020	centers_for_disease_control_and_prevention	marshfield_clinic_research_foundation
B/Luxembourg/LNS4226999/2020	laboratoire_national_de_sant?	laboratoire_national_de_santé_
B/Luxembourg/LNS0262100/2020	laboratoire_national_de_sant?	laboratoire_national_de_santé_
B/Moscow/33/2020	n.f._gamaleya_research_center_for_epidemiology_and_microbiology	nic_russia,_ivanovsky_research_institute_of_virology
B/Moscow/22/2020	n.f._gamaleya_research_center_for_epidemiology_and_microbiology	nic_russia,_ivanovsky_research_institute_of_virology
B/Moscow/17/2020	n.f._gamaleya_research_center_for_epidemiology_and_microbiology	nic_russia,_ivanovsky_research_institute_of_virology
B/Osaka/31/2020	national_institute_of_infectious_diseases_(niid)	osaka_prefectural_institute_of_public_health
B/Ishikawa/12/2020	national_institute_of_infectious_diseases_(niid)	ishikawa_prefectural_institute_of_public_health_and_environmental_science
B/Nagano-C/30/2020	national_institute_of_infectious_diseases_(niid)	nagano_city_health_center
B/Gifu/2/2020	national_institute_of_infectious_diseases_(niid)	gifu_prefectural_institute_of_health_and_environmental_sciences
B/Kyoto-C/10/2020	national_institute_of_infectious_diseases_(niid)	kyoto_city_institute_of_health_and_environmental_sciences
B/Nagano/2060/2020	national_institute_of_infectious_diseases_(niid)	nagano_environmental_conservation_research_institute
B/Georgia/11/2019	centers_for_disease_control_and_prevention	georgia_public_health_laboratory
B/Osaka-C/1/2020	national_institute_of_infectious_diseases_(niid)	osaka_city_institute_of_public_health_and_environmental_sciences
B/Akita/1/2020	national_institute_of_infectious_diseases_(niid)	akita_research_center_for_public_health_and_environment
B/Nagano/2092/2020	national_institute_of_infectious_diseases_(niid)	nagano_environmental_conservation_research_institute
B/StPetersburg/RII-318S/2019	who_national_influenza_centre_russian_federation	research_institute_of_influenza,_ministry_of_healthcare_of_the_russian_federation
B/StPetersburg/RII-433S/2019	who_national_influenza_centre_russian_federation	research_institute_of_influenza,_ministry_of_healthcare_of_the_russian_federation
B/Moscow/21/2019	n.f._gamaleya_research_center_for_epidemiology_and_microbiology	nic_russia,_ivanovsky_research_institute_of_virology
B/Vietnam/Vnhcm-Gs511/2019	centers_for_disease_control_and_prevention	pasteur_institute,_influenza_laboratory
B/Moscow/14/2019	centers_for_disease_control_and_prevention	ivanovsky_research_institute_of_virology_rams
B/Lao/2512/2019	centers_for_disease_control_and_prevention	national_center_for_laboratory_and_epidemiology
B/Indonesia/NIHRDDPS817/2020	who_collaborating_centre_for_reference_and_research_on_influenza	ministry_of_health,_nihrd
B/Romania/129/2020	national_institute_of_infectious_diseases_prof._dr._matei_bals	national_institute_for_infectious_diseases_“prof._dr._matei_balș”
B/Romania/259284/2020	cantacuzino_institute	cantacuzino_institute
B/Romania/258571/2020	cantacuzino_institute	cantacuzino_institute
B/Romania/798/2020	national_institute_of_infectious_diseases_prof._dr._matei_bals	national_institute_for_infectious_diseases_“prof._dr._matei_balș”
B/Argentina/8/2020	centers_for_disease_control_and_prevention	instituto_nacional_de_enfermedades_infecciosas
B/Lopburi/394/2019	centers_for_disease_control_and_prevention	who_national_influenza_centre,_national_institute_of_medical_research_(nimr)
B/Florida/39/2019	centers_for_disease_control_and_prevention	florida_department_of_health_tampa
B/Virginia/10131/2019	u.s._air_force_school_of_aerospace_medicine	u.s._air_force_school_of_aerospace_medicine_
B/Kansas/1/2020	centers_for_disease_control_and_prevention	kansas_department_of_health_and_environment
B/Argentina/25/2020	centers_for_disease_control_and_prevention	instituto_nacional_de_enfermedades_infecciosas
B/Sweden/9/2020	public_health_agency_of_sweden	public_health_agency_of_sweden
B/Lao/2464/2019	centers_for_disease_control_and_prevention	national_center_for_laboratory_and_epidemiology
B/SouthKorea/10250/2019	u.s._air_force_school_of_aerospace_medicine	u.s._air_force_school_of_aerospace_medicine_
B/SouthCarolina/12190/2020	u.s._air_force_school_of_aerospace_medicine	u.s._air_force_school_of_aerospace_medicine_
B/Argentina/92/2020	centers_for_disease_control_and_prevention	instituto_nacional_de_enfermedades_infecciosas
B/Argentina/52/2020	centers_for_disease_control_and_prevention	instituto_nacional_de_enfermedades_infecciosas
B/Argentina/64/2020	centers_for_disease_control_and_prevention	instituto_nacional_de_enfermedades_infecciosas
B/Argentina/51/2020	centers_for_disease_control_and_prevention	instituto_nacional_de_enfermedades_infecciosas
B/Argentina/87/2020	centers_for_disease_control_and_prevention	instituto_nacional_de_enfermedades_infecciosas
B/Argentina/83/2020	centers_for_disease_control_and_prevention	instituto_nacional_de_enfermedades_infecciosas
B/Delaware/12168/2020	u.s._air_force_school_of_aerospace_medicine	u.s._air_force_school_of_aerospace_medicine_
B/Argentina/84/2020	centers_for_disease_control_and_prevention	instituto_nacional_de_enfermedades_infecciosas
B/Stockholm/11/2020	public_health_agency_of_sweden	klinisk_mikrobiologi,_karolinska_universitetslaboratoriet,_karolinska_universitetssjukhuset_solna
B/HongKong/738/2019	centers_for_disease_control_and_prevention	government_virus_unit
B/Vietnam/Vnhcm-Gs26/2020	centers_for_disease_control_and_prevention	pasteur_institute,_influenza_laboratory
B/Lao/452/2020	centers_for_disease_control_and_prevention	national_center_for_laboratory_and_epidemiology
B/Lao/3676/2019	centers_for_disease_control_and_prevention	national_center_for_laboratory_and_epidemiology
B/Lao/262/2020	centers_for_disease_control_and_prevention	national_center_for_laboratory_and_epidemiology
B/Smolensk/RII-601S/2019	who_national_influenza_centre_russian_federation	center_of_hygiene_and_epidemiology_in_smolensk_oblast
B/StPetersburg/RII-105/2020	who_national_influenza_centre_russian_federation	research_institute_of_influenza,_ministry_of_healthcare_of_the_russian_federation
B/StPetersburg/RII-633S/2019	who_national_influenza_centre_russian_federation	research_institute_of_influenza,_ministry_of_healthcare_of_the_russian_federation
B/StPetersburg/RII-107S/2019	who_national_influenza_centre_russian_federation	research_institute_of_influenza,_ministry_of_healthcare_of_the_russian_federation
B/StPetersburg/RII-2632S/2020	who_national_influenza_centre_russian_federation	research_institute_of_influenza,_ministry_of_healthcare_of_the_russian_federation
B/StPetersburg/RII-159/2020	centers_for_disease_control_and_prevention	russian_academy_of_medical_sciences
B/StPetersburg/RII-2600S/2020	who_national_influenza_centre_russian_federation	research_institute_of_influenza,_ministry_of_healthcare_of_the_russian_federation
B/StPetersburg/RII-4179S/2020	who_national_influenza_centre_russian_federation	research_institute_of_influenza,_ministry_of_healthcare_of_the_russian_federation
B/Chita/RII-1018S/2020	who_national_influenza_centre_russian_federation	"fbuz_""center_of_hygiene_and_epidemiology""_in_zabaikalskom_krae_"
B/StPetersburg/RII-1598S/2020	who_national_influenza_centre_russian_federation	research_institute_of_influenza,_ministry_of_healthcare_of_the_russian_federation
B/StPetersburg/RII-1843S/2020	who_national_influenza_centre_russian_federation	research_institute_of_influenza,_ministry_of_healthcare_of_the_russian_federation
B/StPetersburg/RII-1920S/2020	who_national_influenza_centre_russian_federation	research_institute_of_influenza,_ministry_of_healthcare_of_the_russian_federation
B/Gurzuf/RII-957S/2020	who_national_influenza_centre_russian_federation	research_institute_of_influenza,_ministry_of_healthcare_of_the_russian_federation
B/StPetersburg/RII-1422S/2020	who_national_influenza_centre_russian_federation	research_institute_of_influenza,_ministry_of_healthcare_of_the_russian_federation
B/Gurzuf/RII-972S/2020	who_national_influenza_centre_russian_federation	research_institute_of_influenza,_ministry_of_healthcare_of_the_russian_federation
B/StPetersburg/RII-871S/2020	who_national_influenza_centre_russian_federation	research_institute_of_influenza,_ministry_of_healthcare_of_the_russian_federation
B/StPetersburg/RII-157/2020	centers_for_disease_control_and_prevention	russian_academy_of_medical_sciences
B/StPetersburg/RII-3332S/2020	who_national_influenza_centre_russian_federation	research_institute_of_influenza,_ministry_of_healthcare_of_the_russian_federation
B/StPetersburg/RII-163/2020	centers_for_disease_control_and_prevention	russian_academy_of_medical_sciences
B/StPetersburg/RII-3397S/2020	who_national_influenza_centre_russian_federation	research_institute_of_influenza,_ministry_of_healthcare_of_the_russian_federation
B/StPetersburg/RII-3183S/2020	who_national_influenza_centre_russian_federation	research_institute_of_influenza,_ministry_of_healthcare_of_the_russian_federation
B/Moscow/41/2020	centers_for_disease_control_and_prevention	ivanovsky_research_institute_of_virology_rams
B/Moscow/RII-508S/2019	who_national_influenza_centre_russian_federation	nic_russia,_ivanovsky_research_institute_of_virology
B/Moscow/RII-484S/2019	who_national_influenza_centre_russian_federation	nic_russia,_ivanovsky_research_institute_of_virology
B/Moscow/53/2020	centers_for_disease_control_and_prevention	ivanovsky_research_institute_of_virology_rams
B/Moscow/RII-491S/2019	who_national_influenza_centre_russian_federation	nic_russia,_ivanovsky_research_institute_of_virology
B/Moscow/352/2019	n.f._gamaleya_research_center_for_epidemiology_and_microbiology	nic_russia,_ivanovsky_research_institute_of_virology
B/Russia/256/2019	centers_for_disease_control_and_prevention	russian_academy_of_medical_sciences
B/Novosibirsk/RII-27104S/2020	who_national_influenza_centre_russian_federation	research_institute_of_experimental_and_clinical_medicine
B/Moscow/RII-213S/2019	who_national_influenza_centre_russian_federation	center_of_hygiene_and_epidemiology_in_moscow
B/StPetersburg/RII-327S/2019	who_national_influenza_centre_russian_federation	"fbuz_""center_of_hyhiene_and_epidemiology"""
B/Moscow/25/2019	centers_for_disease_control_and_prevention	ivanovsky_research_institute_of_virology_rams
B/Moscow/RII-506S/2019	who_national_influenza_centre_russian_federation	nic_russia,_ivanovsky_research_institute_of_virology
B/Irkutsk/RII-2338S/2020	who_national_influenza_centre_russian_federation	center_of_hygiene_and_epidemiology_in_republic_of_udmurtia
B/Moscow/43/2020	centers_for_disease_control_and_prevention	ivanovsky_research_institute_of_virology_rams
B/Vladivostok/4/2019	centers_for_disease_control_and_prevention	ivanovsky_research_institute_of_virology_rams
B/Vladivostok/RII-324S/2019	who_national_influenza_centre_russian_federation	center_of_hygiene_and_epidemiology_in_primorie_territory
B/Moscow/41/2019	n.f._gamaleya_research_center_for_epidemiology_and_microbiology	nic_russia,_ivanovsky_research_institute_of_virology
B/SaoPaulo/IAL/C5041/2020	instituto_adolfo_lutz	instituto_adolfo_lutz___regional_de_santo_andre
B/Vladivostok/1/2019	who_national_influenza_centre_russian_federation	center_of_hygiene_and_epidemiology_in_primorie_territory
B/Haiti/40206/2021	centers_for_disease_control_and_prevention	laboratoire_national_de_sante_publique
B/Haiti/80406/2021	centers_for_disease_control_and_prevention	laboratoire_national_de_sante_publique
B/Haiti/70283/2021	centers_for_disease_control_and_prevention	laboratoire_national_de_sante_publique
B/Haiti/10333/2021	centers_for_disease_control_and_prevention	laboratoire_national_de_sante_publique
B/Haiti/60564/2021	centers_for_disease_control_and_prevention	laboratoire_national_de_sante_publique
B/Florida/1/2021	centers_for_disease_control_and_prevention	florida_department_of_health_tampa
B/Haiti/200819/2021	centers_for_disease_control_and_prevention	laboratoire_national_de_sante_publique
B/Toyama/36/2015	national_institute_of_infectious_diseases_(niid)	toyama_institute_of_health
B/California/111/2015	centers_for_disease_control_and_prevention	california_department_of_health_services
B/Pennsylvania/19/2016-egg	centers_for_disease_control_and_prevention	pennsylvania_department_of_health
B/Pennsylvania/19/2016	centers_for_disease_control_and_prevention	pennsylvania_department_of_health
B/Iowa/33/2015	centers_for_disease_control_and_prevention	iowa_state_hygienic_laboratory
B/Utah/55/2016	centers_for_disease_control_and_prevention	utah_department_of_health
B/Hawaii/22/2016	centers_for_disease_control_and_prevention	state_of_hawaii_department_of_health
B/Montana/2/2016	centers_for_disease_control_and_prevention	montana_laboratory_services_bureau
B/Nevada/25/2016	centers_for_disease_control_and_prevention	southern_nevada_public_health_lab
B/Indiana/8/2016	centers_for_disease_control_and_prevention	indiana_state_department_of_health_laboratories
B/Indiana/8/2016-egg	centers_for_disease_control_and_prevention	indiana_state_department_of_health_laboratories
B/NewMexico/28/2016	other_database_import	new_mexico_department_of_health
B/Oregon/32/2016	centers_for_disease_control_and_prevention	oregon_public_health_laboratory
B/Canberra/5/2019	who_collaborating_centre_for_reference_and_research_on_influenza	canberra_hospital
B/HongKong/5016/2017	centers_for_disease_control_and_prevention	government_virus_unit
B/HongKong/8084/2017	centers_for_disease_control_and_prevention	government_virus_unit
B/Lao/2820/2016	centers_for_disease_control_and_prevention	national_center_for_laboratory_and_epidemiology
B/Lao/F0541/2017	national_institute_of_infectious_diseases_(niid)	national_center_for_laboratory_and_epidemiology
B/Lao/3156/2016	centers_for_disease_control_and_prevention	national_center_for_laboratory_and_epidemiology
B/Arizona/71/2017	centers_for_disease_control_and_prevention	arizona_department_of_health_services
B/Lao/3428/2016	centers_for_disease_control_and_prevention	national_center_for_laboratory_and_epidemiology
B/Lao/2805/2016	centers_for_disease_control_and_prevention	national_center_for_laboratory_and_epidemiology
B/Lao/3949/2017	centers_for_disease_control_and_prevention	national_center_for_laboratory_and_epidemiology
B/Osaka/19/2016	national_institute_of_infectious_diseases_(niid)	osaka_prefectural_institute_of_public_health
B/Phetchaburi/59/2016	centers_for_disease_control_and_prevention	who_national_influenza_centre,_national_institute_of_medical_research_(nimr)
B/Lao/3994/2016	centers_for_disease_control_and_prevention	national_center_for_laboratory_and_epidemiology
B/Lao/4488/2016	centers_for_disease_control_and_prevention	national_center_for_laboratory_and_epidemiology
B/Lao/4001/2016	centers_for_disease_control_and_prevention	national_center_for_laboratory_and_epidemiology
B/Nagasaki/15N048/2016	niigata_university	niigata_university
B/Nagasaki/15N040/2016	niigata_university	niigata_university
B/Lao/4651/2016	centers_for_disease_control_and_prevention	national_center_for_laboratory_and_epidemiology
B/Lao/276/2017	centers_for_disease_control_and_prevention	national_center_for_laboratory_and_epidemiology
B/Lao/227/2017	centers_for_disease_control_and_prevention	national_center_for_laboratory_and_epidemiology
B/Lao/F0548/2017	national_institute_of_infectious_diseases_(niid)	national_center_for_laboratory_and_epidemiology
B/Lao/324/2017	centers_for_disease_control_and_prevention	national_center_for_laboratory_and_epidemiology
B/Lao/F0056/2017	national_institute_of_infectious_diseases_(niid)	national_center_for_laboratory_and_epidemiology
B/Lao/743/2017	centers_for_disease_control_and_prevention	national_center_for_laboratory_and_epidemiology
B/Lao/3830/2016	centers_for_disease_control_and_prevention	national_center_for_laboratory_and_epidemiology
B/Bangladesh/451/2016	centers_for_disease_control_and_prevention	institute_of_epidemiology_disease_control_and_research_(iedcr)_&_bangladesh_national_influenza_centre_(nic)
B/Singapore/INFKK-16-0467/2016	ministry_of_health,_singapore	ministry_of_health,_singapore
B/Singapore/GP0531/2017	ministry_of_health,_singapore	ministry_of_health,_singapore
B/Bangladesh/8002/2017	centers_for_disease_control_and_prevention	institute_of_epidemiology_disease_control_and_research_(iedcr)_&_bangladesh_national_influenza_centre_(nic)
B/Singapore/INFGP-16-0980/2016	ministry_of_health,_singapore	ministry_of_health,_singapore
B/Bangladesh/2025/2017	centers_for_disease_control_and_prevention	institute_of_epidemiology_disease_control_and_research_(iedcr)_&_bangladesh_national_influenza_centre_(nic)
B/Indonesia/Nihrd-Lpg592/2017	centers_for_disease_control_and_prevention	ministry_of_health,_nihrd
B/Indonesia/Nihrd-Lpg590/2017	centers_for_disease_control_and_prevention	ministry_of_health,_nihrd
B/Indonesia/Nihrd-Lpg584/2017	centers_for_disease_control_and_prevention	ministry_of_health,_nihrd
B/Singapore/TT0739/2017	ministry_of_health,_singapore	ministry_of_health,_singapore
B/TimorLeste/41/2018	who_collaborating_centre_for_reference_and_research_on_influenza	laboratório_nacional_da_saúde
B/TimorLeste/52/2018	who_collaborating_centre_for_reference_and_research_on_influenza	laboratório_nacional_da_saúde
B/TimorLeste/40/2018	who_collaborating_centre_for_reference_and_research_on_influenza	laboratório_nacional_da_saúde
B/NewZealand/1230/2016	centers_for_disease_control_and_prevention	institute_of_environmental_science_&_research
B/Fukui/20/2018	national_institute_of_infectious_diseases_(niid)	fukui_prefectural_institute_of_public_health
B/Nigeria/3351/2018	centers_for_disease_control_and_prevention	national_influenza_reference_laboratory
B/Oman/2651/2019	centers_for_disease_control_and_prevention	central_public_health_laboratory,_ministry_of_health
B/Niger/6134/2018-egg	centers_for_disease_control_and_prevention	centre_de_recherche_medicale_et_sanitaire_(cermes)
B/Niger/6134/2018	centers_for_disease_control_and_prevention	centre_de_recherche_medicale_et_sanitaire_(cermes)
B/RhodeIsland/1/2019-egg	centers_for_disease_control_and_prevention	rhode_island_department_of_health
B/RhodeIsland/1/2019	centers_for_disease_control_and_prevention	rhode_island_department_of_health
B/Bangladesh/3025/2019	centers_for_disease_control_and_prevention	institute_of_epidemiology_disease_control_and_research_(iedcr)_&_bangladesh_national_influenza_centre_(nic)
B/Bangladesh/1131/2019	centers_for_disease_control_and_prevention	institute_of_epidemiology_disease_control_and_research_(iedcr)_&_bangladesh_national_influenza_centre_(nic)
B/Bangladesh/1133/2019	centers_for_disease_control_and_prevention	institute_of_epidemiology_disease_control_and_research_(iedcr)_&_bangladesh_national_influenza_centre_(nic)
B/Bangladesh/3065/2019	centers_for_disease_control_and_prevention	icddr,b_international_centre_for_diarrhoeal_disease_research,_bangladesh
B/Philippines/4/2020	who_collaborating_centre_for_reference_and_research_on_influenza	research_institute_of_tropical_medicine
B/Singapore/KK2799/2019	ministry_of_health,_singapore	ministry_of_health,_singapore
B/Bangladesh/4026/2019	centers_for_disease_control_and_prevention	icddr,b_international_centre_for_diarrhoeal_disease_research,_bangladesh
B/Victoria/2113/2019-egg	who_collaborating_centre_for_reference_and_research_on_influenza	alfred_hospital
B/Victoria/2110/2019-egg	who_collaborating_centre_for_reference_and_research_on_influenza	alfred_hospital
B/Bangladesh/525/2019	centers_for_disease_control_and_prevention	institute_of_epidemiology_disease_control_and_research_(iedcr)_&_bangladesh_national_influenza_centre_(nic)
B/Bangladesh/1132/2019	centers_for_disease_control_and_prevention	institute_of_epidemiology_disease_control_and_research_(iedcr)_&_bangladesh_national_influenza_centre_(nic)
B/Bangladesh/1121/2019	centers_for_disease_control_and_prevention	institute_of_epidemiology_disease_control_and_research_(iedcr)_&_bangladesh_national_influenza_centre_(nic)
B/Bangladesh/522/2020	centers_for_disease_control_and_prevention	institute_of_epidemiology_disease_control_and_research_(iedcr)_&_bangladesh_national_influenza_centre_(nic)
B/Nepal/20FL0829/2020	national_institute_of_infectious_diseases_(niid)	national_public_health_laboratory
B/Bangladesh/434/2019	centers_for_disease_control_and_prevention	institute_of_epidemiology_disease_control_and_research_(iedcr)_&_bangladesh_national_influenza_centre_(nic)
B/Bangladesh/4022/2019	centers_for_disease_control_and_prevention	icddr,b_international_centre_for_diarrhoeal_disease_research,_bangladesh
B/Bhutan/1132/2020	centers_for_disease_control_and_prevention	royal_centre_for_disease_control
B/Bhutan/1177/2020	centers_for_disease_control_and_prevention	royal_centre_for_disease_control
B/Bhutan/862/2020	centers_for_disease_control_and_prevention	royal_centre_for_disease_control
B/Bhutan/1602/2020	centers_for_disease_control_and_prevention	royal_centre_for_disease_control
B/Bhutan/182/2019	centers_for_disease_control_and_prevention	royal_centre_for_disease_control
B/India/4060/2020	centers_for_disease_control_and_prevention	national_institute_of_virology
B/Niigata-C/6/2019	centers_for_disease_control_and_prevention	niigata_city_institute_of_public_health_and_environment
B/Stockholm/4/2021	public_health_agency_of_sweden	klinisk_mikrobiologi,_karolinska_universitetslaboratoriet,_karolinska_universitetssjukhuset_solna
B/NewHampshire/1/2021-egg	centers_for_disease_control_and_prevention	new_hampshire_public_health_laboratories
B/NewHampshire/1/2021	centers_for_disease_control_and_prevention	new_hampshire_public_health_laboratories
B/Hunan-Tianyuan/1282/2021-egg	who_chinese_national_influenza_center	who_chinese_national_influenza_center
B/Hunan-Tianyuan/1288/2021-egg	who_chinese_national_influenza_center	who_chinese_national_influenza_center
B/Jiangxi-Jizhou/135/2021	who_chinese_national_influenza_center	who_chinese_national_influenza_center
B/Fujian-Xinluo/11615/2021	who_chinese_national_influenza_center	who_chinese_national_influenza_center
B/Zhejiang-Jiashan/33/2022	zhejiang_provincial_center_for_disease_control_and_prevention	jiaxing_center_for_disease_control_and_prevention
B/Zhejiang-Nanhu/1411/2022	zhejiang_provincial_center_for_disease_control_and_prevention	jiaxing_center_for_disease_control_and_prevention
B/Zhejiang-Jiaojiang/1209/2021-egg	who_chinese_national_influenza_center	who_chinese_national_influenza_center
B/Hunan-Louxin/1171/2021-egg	who_chinese_national_influenza_center	who_chinese_national_influenza_center
B/Guangxi-Haicheng/1604/2021	who_chinese_national_influenza_center	who_chinese_national_influenza_center
B/Hubei-Zengdou/37/2021-egg	centers_for_disease_control_and_prevention	who_chinese_national_influenza_center
B/Shanghai-Changning/1900/2021-egg	who_chinese_national_influenza_center	who_chinese_national_influenza_center
B/Rencheng/1176/2022	jining_center_for_disease_control_and_prevention	_jining_center_for_disease_control_and_prevention
B/Rencheng/1169/2022	jining_center_for_disease_control_and_prevention	_jining_center_for_disease_control_and_prevention
B/Shanghai-Jingan/12767/2021-egg	who_chinese_national_influenza_center	who_chinese_national_influenza_center
B/Shanghai-Huangpu/1922/2021-egg	who_chinese_national_influenza_center	who_chinese_national_influenza_center
B/Shanghai-Huangpu/1922/2021	who_chinese_national_influenza_center	who_chinese_national_influenza_center
B/Jiangsu-Suzhou/12A05/2021	suzhou_center_for_disease_prevention_and_control	suzhou_center_for_disease_prevention_and_control
B/Zhejiang-Nanhu/11013/2021	zhejiang_provincial_center_for_disease_control_and_prevention	jiaxing_center_for_disease_control_and_prevention
B/Zhejiang-Xiacheng/11085/2021-egg	pb2	seasonal_vic
B/Zhejiang-Xiacheng/11085/2021	centers_for_disease_control_and_prevention	who_chinese_national_influenza_center
B/Hunan-Beihu/1596/2021-egg	who_chinese_national_influenza_center	who_chinese_national_influenza_center
B/Hunan-Beihu/1542/2021-egg	who_chinese_national_influenza_center	who_chinese_national_influenza_center
B/Guangdong-Xiangzhou/8316/2022-egg	centers_for_disease_control_and_prevention	who_chinese_national_influenza_center
B/Guangdong-Xiangzhou/11487/2022	centers_for_disease_control_and_prevention	who_chinese_national_influenza_center
B/Guangdong-Renhua/34/2021-egg	who_chinese_national_influenza_center	who_chinese_national_influenza_center
B/Guangdong-Zhenjiang/1516/2021	who_chinese_national_influenza_center	who_chinese_national_influenza_center
B/Guangdong-Zhenjiang/1516/2021-egg	who_chinese_national_influenza_center	who_chinese_national_influenza_center
B/Guangdong-Zhenjiang/1485/2021-egg	who_chinese_national_influenza_center	who_chinese_national_influenza_center
B/Guangdong-Zhenjiang/1608/2021	who_chinese_national_influenza_center	who_chinese_national_influenza_center
B/Shandong-Wulian/326/2021-egg	who_chinese_national_influenza_center	who_chinese_national_influenza_center
B/Jiangxi-Zhanggong/38/2021	who_chinese_national_influenza_center	who_chinese_national_influenza_center
B/Guangdong-Dongwanbendi/1674/2021-egg	who_chinese_national_influenza_center	who_chinese_national_influenza_center
B/Hunan-Yanfeng/1205/2021-egg	who_chinese_national_influenza_center	who_chinese_national_influenza_center
B/Hunan-Yanfeng/1205/2021	who_chinese_national_influenza_center	who_chinese_national_influenza_center
B/Jiangsu-Suzhou/CML/2022	suzhou_center_for_disease_prevention_and_control	suzhou_center_for_disease_prevention_and_control
B/Jiangsu-Suzhou/MZY/2022	suzhou_center_for_disease_prevention_and_control	suzhou_center_for_disease_prevention_and_control
B/Jiangsu-Suzhou/MYL/2022	suzhou_center_for_disease_prevention_and_control	suzhou_center_for_disease_prevention_and_control
B/Hubei-Dangyang/2300/2021	who_chinese_national_influenza_center	who_chinese_national_influenza_center
B/Hunan-Yuhu/1245/2021-egg	who_chinese_national_influenza_center	who_chinese_national_influenza_center
B/Hainan-Meilan/316/2021-egg	who_chinese_national_influenza_center	who_chinese_national_influenza_center
B/Hainan-Meilan/32/2021-egg	who_chinese_national_influenza_center	who_chinese_national_influenza_center
B/Hainan-Meilan/311/2021-egg	who_chinese_national_influenza_center	who_chinese_national_influenza_center
B/Hainan-Meilan/31/2021-egg	who_chinese_national_influenza_center	who_chinese_national_influenza_center
B/Hainan-Meilan/32/2021	who_chinese_national_influenza_center	who_chinese_national_influenza_center
B/Zhejiang-Nanhu/1854/2021	centers_for_disease_control_and_prevention	who_chinese_national_influenza_center
B/Hubei-Shishou/268/2021-egg	who_chinese_national_influenza_center	who_chinese_national_influenza_center
B/Guizhou-Xixiu/1218/2021-egg	who_chinese_national_influenza_center	who_chinese_national_influenza_center
B/Henan-Xigong/1326/2021-egg	who_chinese_national_influenza_center	who_chinese_national_influenza_center
B/Henan-Xigong/1326/2021	who_chinese_national_influenza_center	who_chinese_national_influenza_center
B/Rencheng/1291/2022	jining_center_for_disease_control_and_prevention	_jining_center_for_disease_control_and_prevention
B/Rencheng/1252/2022	jining_center_for_disease_control_and_prevention	_jining_center_for_disease_control_and_prevention
B/Jiangsu-Suzhou/HKR/2022	suzhou_center_for_disease_prevention_and_control	suzhou_center_for_disease_prevention_and_control
B/Henan-Xigong/1118/2021-egg	centers_for_disease_control_and_prevention	who_chinese_national_influenza_center
B/Henan-Luolong/1258/2021-egg	who_chinese_national_influenza_center	who_chinese_national_influenza_center
B/Henan-Xigong/1118/2021	who_chinese_national_influenza_center	who_chinese_national_influenza_center
B/Henan-Shihe/1400/2021	who_chinese_national_influenza_center	who_chinese_national_influenza_center
B/Henan-Luolong/1328/2021-egg	who_chinese_national_influenza_center	who_chinese_national_influenza_center
B/Shanghai-Qingpu/1658/2021-egg	who_chinese_national_influenza_center	who_chinese_national_influenza_center
B/Hubei-Qiaokou/1425/2021-egg	who_chinese_national_influenza_center	who_chinese_national_influenza_center
B/Gansu-Baiyin/1252/2021	who_chinese_national_influenza_center	who_chinese_national_influenza_center
B/Gansu-Jingyuan/1211/2021	who_chinese_national_influenza_center	who_chinese_national_influenza_center
B/Jiangxi-Zhushan/1203/2021-egg	who_chinese_national_influenza_center	who_chinese_national_influenza_center
B/Gansu-Jingyuan/1410/2021-egg	who_chinese_national_influenza_center	who_chinese_national_influenza_center
B/Gansu-Xifeng/1401/2021	who_chinese_national_influenza_center	who_chinese_national_influenza_center
B/Hubei-Duodao/511/2021-egg	who_chinese_national_influenza_center	who_chinese_national_influenza_center
B/Guangdong-Xiangzhou/11264/2022	centers_for_disease_control_and_prevention	who_chinese_national_influenza_center
B/Gansu-Wudou/1183/2021	who_chinese_national_influenza_center	who_chinese_national_influenza_center
B/Gansu-Baiyin/1246/2021	who_chinese_national_influenza_center	who_chinese_national_influenza_center
B/Hubei-Qiaokou/1178/2021-egg	who_chinese_national_influenza_center	who_chinese_national_influenza_center
B/Gansu-Baiyin/1281/2021	who_chinese_national_influenza_center	who_chinese_national_influenza_center
B/Gansu-Baiyin/1281/2021-egg	who_chinese_national_influenza_center	who_chinese_national_influenza_center
B/Rencheng/1125/2022	jining_center_for_disease_control_and_prevention	_jining_center_for_disease_control_and_prevention
B/Jiangsu-Suzhou/JSM/2022	suzhou_center_for_disease_prevention_and_control	suzhou_center_for_disease_prevention_and_control
B/Jiangsu-Suzhou/LJY/2022	suzhou_center_for_disease_prevention_and_control	suzhou_center_for_disease_prevention_and_control
B/Jiangsu-Suzhou/12A20/2021	suzhou_center_for_disease_prevention_and_control	suzhou_center_for_disease_prevention_and_control
B/Gansu-Wudou/1184/2021-egg	who_chinese_national_influenza_center	who_chinese_national_influenza_center
B/Gansu-Wudou/1184/2021	who_chinese_national_influenza_center	who_chinese_national_influenza_center
B/Jiangsu-Suzhou/XYY/2022	suzhou_center_for_disease_prevention_and_control	suzhou_center_for_disease_prevention_and_control
B/Hubei-Xiacheng/11000/2021-egg	centers_for_disease_control_and_prevention	who_chinese_national_influenza_center
B/Hubei-Xiacheng/11000/2021	centers_for_disease_control_and_prevention	who_chinese_national_influenza_center
B/Hubei-Qiaokou/1178/2021	who_chinese_national_influenza_center	who_chinese_national_influenza_center
B/Gansu-Baiyin/1269/2021-egg	who_chinese_national_influenza_center	who_chinese_national_influenza_center
B/Gansu-Baiyin/1269/2021	who_chinese_national_influenza_center	who_chinese_national_influenza_center
B/Gansu-Wudou/1183/2021-egg	who_chinese_national_influenza_center	who_chinese_national_influenza_center
B/Hubei-Dongxihu/2144/2021-egg	who_chinese_national_influenza_center	who_chinese_national_influenza_center
B/Gansu-Linxia/1558/2021	who_chinese_national_influenza_center	who_chinese_national_influenza_center
B/Jiangsu-Suzhou/SZM/2022	suzhou_center_for_disease_prevention_and_control	suzhou_center_for_disease_prevention_and_control
B/HubeiWujiagang/1782/2021-egg	who_chinese_national_influenza_center	who_chinese_national_influenza_center
B/Jiangxi-Donghu/11455/2021	who_chinese_national_influenza_center	who_chinese_national_influenza_center
B/Hubei-Jingzhou/311/2021-egg	who_chinese_national_influenza_center	who_chinese_national_influenza_center
B/Hubei-Jiangan/1555/2021-egg	who_chinese_national_influenza_center	who_chinese_national_influenza_center
B/Hubei-Jiangan/1555/2021	who_chinese_national_influenza_center	who_chinese_national_influenza_center
B/Zhejiang-Nanhu/1125/2022	zhejiang_provincial_center_for_disease_control_and_prevention	jiaxing_center_for_disease_control_and_prevention
B/Zhejiang-Nanhu/19/2022	zhejiang_provincial_center_for_disease_control_and_prevention	jiaxing_center_for_disease_control_and_prevention
B/Zhejiang-Nanhu/1189/2022	zhejiang_provincial_center_for_disease_control_and_prevention	jiaxing_center_for_disease_control_and_prevention
B/Jiangsu-Suzhou/ZJY/2022	suzhou_center_for_disease_prevention_and_control	suzhou_center_for_disease_control_and_prevention
B/Shanghai-Chongming/38/2021-egg	centers_for_disease_control_and_prevention	who_chinese_national_influenza_center
B/Zhejiang-Nanhu/1358/2022	zhejiang_provincial_center_for_disease_control_and_prevention	jiaxing_center_for_disease_control_and_prevention
B/Shaanxi-Baota/1278/2022-egg	pb2	seasonal_vic
B/Shaanxi-Baota/1278/2022	centers_for_disease_control_and_prevention	who_chinese_national_influenza_center
B/Shanghai-Chongming/38/2021	centers_for_disease_control_and_prevention	who_chinese_national_influenza_center
B/Rencheng/1354/2022	jining_center_for_disease_control_and_prevention	_jining_center_for_disease_control_and_prevention
B/Rencheng/1211/2022	jining_center_for_disease_control_and_prevention	_jining_center_for_disease_control_and_prevention
B/Zhejiang-Nanhu/1522/2022	zhejiang_provincial_center_for_disease_control_and_prevention	jiaxing_center_for_disease_control_and_prevention
B/Rencheng/1126/2022	jining_center_for_disease_control_and_prevention	_jining_center_for_disease_control_and_prevention
B/Rencheng/11488/2021	jining_center_for_disease_control_and_prevention	_jining_center_for_disease_control_and_prevention
B/Rencheng/1127/2022	jining_center_for_disease_control_and_prevention	_jining_center_for_disease_control_and_prevention
B/Stockholm/3/2019	public_health_agency_of_sweden	klinisk_mikrobiologi,_karolinska_universitetslaboratoriet,_karolinska_universitetssjukhuset_solna
B/Sichuan-Jingyang/12048/2019-egg	centers_for_disease_control_and_prevention	who_chinese_national_influenza_center
B/Sichuan-Jingyang/12048/2019	centers_for_disease_control_and_prevention	who_chinese_national_influenza_center
B/Texas/43/2019-egg	centers_for_disease_control_and_prevention	texas_department_of_state_health_services_laboratory_services
B/Texas/43/2019	centers_for_disease_control_and_prevention	texas_department_of_state_health_services_laboratory_services
B/Santiago/1228/2020	centers_for_disease_control_and_prevention	instituto_de_salud_publica_de_chile
B/Brazil/6517/2020	centers_for_disease_control_and_prevention	instituto_adolfo_lutz
B/Mali/187/2019	centers_for_disease_control_and_prevention	nic_lab_cvd_mali
B/CoteDIvoire/948/2020-egg	centers_for_disease_control_and_prevention	pasteur_institut_of_côte_d'ivoire
B/Hunan-Kaifu/1602/2021	who_chinese_national_influenza_center	who_chinese_national_influenza_center
B/Hunan-Yanfeng/1309/2021-egg	who_chinese_national_influenza_center	who_chinese_national_influenza_center
B/Hubei-Chongyang/215/2021-egg	who_chinese_national_influenza_center	who_chinese_national_influenza_center
B/Hubei-Chongyang/286/2021-egg	who_chinese_national_influenza_center	who_chinese_national_influenza_center
B/Hubei-Chongyang/286/2021	who_chinese_national_influenza_center	who_chinese_national_influenza_center
B/Jiangxi-Donghu/1751/2021-egg	who_chinese_national_influenza_center	who_chinese_national_influenza_center
B/Jiangxi-Donghu/1751/2021	who_chinese_national_influenza_center	who_chinese_national_influenza_center
B/Jiangxi-Guixi/144/2021	who_chinese_national_influenza_center	who_chinese_national_influenza_center
B/Guizhou-Kaili/347/2020-egg	who_chinese_national_influenza_center	who_chinese_national_influenza_center
B/Hubei-Xianan/31/2021	who_chinese_national_influenza_center	who_chinese_national_influenza_center
B/Shandong-Ningjin/32/2021-egg	who_chinese_national_influenza_center	who_chinese_national_influenza_center
B/Shanghai-Changning/1249/2021-egg	who_chinese_national_influenza_center	who_chinese_national_influenza_center
B/Hubei-Xianan/545/2021-egg	who_chinese_national_influenza_center	who_chinese_national_influenza_center
B/Jiangxi-Yuanzhou/12151/2020	who_chinese_national_influenza_center	who_chinese_national_influenza_center
B/Hunan-Kaifu/162/2021-egg	who_chinese_national_influenza_center	who_chinese_national_influenza_center
B/Hunan-Kaifu/162/2021	who_chinese_national_influenza_center	who_chinese_national_influenza_center
B/Henan-Luolong/174/2021-egg	who_chinese_national_influenza_center	who_chinese_national_influenza_center
B/Henan-Luolong/169/2021-egg	who_chinese_national_influenza_center	who_chinese_national_influenza_center
B/Henan-Luolong/1122/2021-egg	who_chinese_national_influenza_center	who_chinese_national_influenza_center
B/Henan-Luolong/187/2021-egg	who_chinese_national_influenza_center	who_chinese_national_influenza_center
B/Henan-Luolong/1122/2021	who_chinese_national_influenza_center	who_chinese_national_influenza_center
B/Hunan-Tianyuan/348/2021-egg	who_chinese_national_influenza_center	who_chinese_national_influenza_center
B/Jiangxi-Yuanzhou/12190/2020	who_chinese_national_influenza_center	who_chinese_national_influenza_center
B/Hubei-Jiangan/1403/2021	who_chinese_national_influenza_center	who_chinese_national_influenza_center
B/Neimenggu-Donghe/1394/2021	who_chinese_national_influenza_center	who_chinese_national_influenza_center
B/Jiangxi-Yuanzhou/12059/2020	who_chinese_national_influenza_center	who_chinese_national_influenza_center
B/Jiangxi-Yuanzhou/12153/2020	who_chinese_national_influenza_center	who_chinese_national_influenza_center
B/Jiangxi-Yuanzhou/12007/2020	who_chinese_national_influenza_center	who_chinese_national_influenza_center
B/Jiangxi-Yuanzhou/12055/2020	who_chinese_national_influenza_center	who_chinese_national_influenza_center
B/Hunan-Zhengxiang/322/2021	who_chinese_national_influenza_center	who_chinese_national_influenza_center
B/Hunan-Zhengxiang/322/2021-egg	who_chinese_national_influenza_center	who_chinese_national_influenza_center
B/Hubei-Jiangan/1403/2021-egg	who_chinese_national_influenza_center	who_chinese_national_influenza_center
B/Neimenggu-Donghe/1394/2021-egg	who_chinese_national_influenza_center	who_chinese_national_influenza_center
B/HubeiWujiagang/185/2021-egg	who_chinese_national_influenza_center	who_chinese_national_influenza_center
B/HubeiWujiagang/185/2021	who_chinese_national_influenza_center	who_chinese_national_influenza_center
B/Hubei-Qiaokou/223/2021-egg	who_chinese_national_influenza_center	who_chinese_national_influenza_center
B/Hubei-Qiaokou/223/2021	who_chinese_national_influenza_center	who_chinese_national_influenza_center
B/Guangdong-Pengjiang/1903/2021-egg	who_chinese_national_influenza_center	who_chinese_national_influenza_center
B/Guangdong-Chikan/1877/2021	centers_for_disease_control_and_prevention	who_chinese_national_influenza_center
B/Guangdong-Chikan/1877/2021-egg	centers_for_disease_control_and_prevention	who_chinese_national_influenza_center
B/Henan-Shanyang/37/2021-egg	centers_for_disease_control_and_prevention	who_chinese_national_influenza_center
B/Henan-Shanyang/311/2021	who_chinese_national_influenza_center	who_chinese_national_influenza_center
B/Henan-Shanyang/311/2021-egg	who_chinese_national_influenza_center	who_chinese_national_influenza_center
B/Henan-Shanyang/37/2021	who_chinese_national_influenza_center	who_chinese_national_influenza_center
B/Ningxia-Shapotou/1226/2021-egg	who_chinese_national_influenza_center	who_chinese_national_influenza_center
B/Guangdong-Zhenjiang/1193/2021-egg	who_chinese_national_influenza_center	who_chinese_national_influenza_center
B/Hunan-Yuhua/1170/2021-egg	who_chinese_national_influenza_center	who_chinese_national_influenza_center
B/Hunan-Yuhua/1334/2021	who_chinese_national_influenza_center	who_chinese_national_influenza_center
B/Hunan-Yuhua/1334/2021-egg	who_chinese_national_influenza_center	who_chinese_national_influenza_center
B/Heilongjiang-Aimin/150/2021	who_chinese_national_influenza_center	who_chinese_national_influenza_center
B/Shandong-Kuiwen/361/2021-egg	who_chinese_national_influenza_center	who_chinese_national_influenza_center
B/Shandong-Kuiwen/361/2021	who_chinese_national_influenza_center	who_chinese_national_influenza_center
B/Ningxia-Shapotou/1200/2021-egg	who_chinese_national_influenza_center	who_chinese_national_influenza_center
B/Ningxia-Shapotou/1174/2021-egg	who_chinese_national_influenza_center	who_chinese_national_influenza_center
B/Hunan-Yuhua/1170/2021	who_chinese_national_influenza_center	who_chinese_national_influenza_center
B/Ningxia-Shapotou/1200/2021	who_chinese_national_influenza_center	who_chinese_national_influenza_center
B/Guizhou-Kaili/348/2020-egg	who_chinese_national_influenza_center	who_chinese_national_influenza_center
B/Guangxi-Hengxian/310/2020	who_chinese_national_influenza_center	who_chinese_national_influenza_center
B/Jiangxi-Donghu/12132/2020	who_chinese_national_influenza_center	who_chinese_national_influenza_center
B/Jiangxi-Jizhou/16/2021	who_chinese_national_influenza_center	who_chinese_national_influenza_center
B/Hunan-Yanfeng/1309/2021	who_chinese_national_influenza_center	who_chinese_national_influenza_center
B/Guangxi-Hengxian/38/2020	who_chinese_national_influenza_center	who_chinese_national_influenza_center
B/Guizhou-Kaili/11079/2020-egg	who_chinese_national_influenza_center	who_chinese_national_influenza_center
B/Hunan-Yuhua/194/2021	who_chinese_national_influenza_center	who_chinese_national_influenza_center
B/Hubei-Echeng/1322/2021-egg	who_chinese_national_influenza_center	who_chinese_national_influenza_center
B/Jiangxi-Xihu/1218/2021-egg	who_chinese_national_influenza_center	who_chinese_national_influenza_center
B/Hubei-Xianan/1164/2021-egg	who_chinese_national_influenza_center	who_chinese_national_influenza_center
B/Hubei-Xianan/1164/2021	who_chinese_national_influenza_center	who_chinese_national_influenza_center
B/WuhanJiangan/1224/2021	wuhan_center_for_disease_control_and_prevention	wuhan_center_for_disease_control_and_prevention
B/Hubei-Jiangan/1224/2021-egg	who_chinese_national_influenza_center	who_chinese_national_influenza_center
B/Hubei-Jiangan/1224/2021	who_chinese_national_influenza_center	who_chinese_national_influenza_center
B/Neimenggu-Donghe/1330/2021-egg	who_chinese_national_influenza_center	who_chinese_national_influenza_center
B/Neimenggu-Donghe/1323/2021-egg	who_chinese_national_influenza_center	who_chinese_national_influenza_center
B/Neimenggu-Dongsheng/1276/2021-egg	who_chinese_national_influenza_center	who_chinese_national_influenza_center
B/Neimenggu-Dongsheng/1277/2021	who_chinese_national_influenza_center	who_chinese_national_influenza_center
B/Neimenggu-Dongsheng/1233/2021-egg	who_chinese_national_influenza_center	who_chinese_national_influenza_center
B/Neimenggu-Xincheng/1358/2021-egg	who_chinese_national_influenza_center	who_chinese_national_influenza_center
B/Neimenggu-Dongsheng/1233/2021	who_chinese_national_influenza_center	who_chinese_national_influenza_center
B/Neimenggu-Xincheng/1370/2021-egg	who_chinese_national_influenza_center	who_chinese_national_influenza_center
B/Neimenggu-Xincheng/1370/2021	who_chinese_national_influenza_center	who_chinese_national_influenza_center
B/Zhejiang-Yuecheng/1279/2021-egg	who_chinese_national_influenza_center	who_chinese_national_influenza_center
B/Guizhou-Kaili/11090/2020-egg	who_chinese_national_influenza_center	who_chinese_national_influenza_center
B/Guizhou-Kaili/11085/2020-egg	who_chinese_national_influenza_center	who_chinese_national_influenza_center
B/Guizhou-Kaili/11071/2020-egg	who_chinese_national_influenza_center	who_chinese_national_influenza_center
B/Guizhou-Kaili/11089/2020-egg	who_chinese_national_influenza_center	who_chinese_national_influenza_center
B/Guizhou-Kaili/11089/2020	who_chinese_national_influenza_center	who_chinese_national_influenza_center
B/Guizhou-Kaili/11102/2020-egg	who_chinese_national_influenza_center	who_chinese_national_influenza_center
B/Hubei-Xiling/1280/2021-egg	who_chinese_national_influenza_center	who_chinese_national_influenza_center
B/Hubei-Xiling/1280/2021	who_chinese_national_influenza_center	who_chinese_national_influenza_center
B/Guangxi-Hengxian/312/2020	who_chinese_national_influenza_center	who_chinese_national_influenza_center
B/Shandong-Ningjin/31/2021	who_chinese_national_influenza_center	who_chinese_national_influenza_center
B/Guizhou-Kaili/344/2020-egg	who_chinese_national_influenza_center	who_chinese_national_influenza_center
B/Shandong-Ningjin/33/2021	who_chinese_national_influenza_center	who_chinese_national_influenza_center
B/Guizhou-Kaili/11104/2020-egg	who_chinese_national_influenza_center	who_chinese_national_influenza_center
B/Jiangxi-Xihu/1356/2021-egg	who_chinese_national_influenza_center	who_chinese_national_influenza_center
B/Shandong-Ningjin/31/2021-egg	who_chinese_national_influenza_center	who_chinese_national_influenza_center
B/Shandong-Tianqiao/179/2021-egg	who_chinese_national_influenza_center	who_chinese_national_influenza_center
B/Hubei-Echeng/1322/2021	who_chinese_national_influenza_center	who_chinese_national_influenza_center
B/Jiangxi-Guixi/11160/2020	who_chinese_national_influenza_center	who_chinese_national_influenza_center
B/Guizhou-Kaili/11098/2020-egg	who_chinese_national_influenza_center	who_chinese_national_influenza_center
B/Jiangxi-Guixi/11162/2020	who_chinese_national_influenza_center	who_chinese_national_influenza_center
B/Guizhou-Kaili/346/2020-egg	who_chinese_national_influenza_center	who_chinese_national_influenza_center
B/Hunan-Yuhua/194/2021-egg	who_chinese_national_influenza_center	who_chinese_national_influenza_center
B/Shandong-Ningjin/33/2021-egg	who_chinese_national_influenza_center	who_chinese_national_influenza_center
B/Gansu-Linxia/1558/2021-egg	who_chinese_national_influenza_center	who_chinese_national_influenza_center
B/Guangdong-Futian/1748/2021-egg	who_chinese_national_influenza_center	who_chinese_national_influenza_center
B/Hubei-Xianan/1346/2021	who_chinese_national_influenza_center	who_chinese_national_influenza_center
B/Hunan-Tianyuan/386/2021-egg	who_chinese_national_influenza_center	who_chinese_national_influenza_center
B/Shandong-Ningjin/310/2021-egg	who_chinese_national_influenza_center	who_chinese_national_influenza_center
B/Shandong-Ningjin/310/2021	who_chinese_national_influenza_center	who_chinese_national_influenza_center
B/Jiangxi-Donghu/12097/2020	who_chinese_national_influenza_center	who_chinese_national_influenza_center
B/Jiangxi-Yushui/392/2020	who_chinese_national_influenza_center	who_chinese_national_influenza_center
B/Jiangxi-Yushui/3118/2020	who_chinese_national_influenza_center	who_chinese_national_influenza_center
B/Shandong-Ningjin/32/2021	who_chinese_national_influenza_center	who_chinese_national_influenza_center
B/Jiangxi-Qingyunpu/312/2020	who_chinese_national_influenza_center	who_chinese_national_influenza_center
B/Sichuan-Qingyang/1885/2021	who_chinese_national_influenza_center	who_chinese_national_influenza_center
B/Guizhou-Douyun/198/2021-egg	who_chinese_national_influenza_center	who_chinese_national_influenza_center
B/Guizhou-Douyun/120/2021	who_chinese_national_influenza_center	who_chinese_national_influenza_center
B/Guizhou-Douyun/318/2020-egg	who_chinese_national_influenza_center	who_chinese_national_influenza_center
B/Guizhou-Douyun/11092/2020-egg	who_chinese_national_influenza_center	who_chinese_national_influenza_center
B/Guizhou-Douyun/112/2021-egg	who_chinese_national_influenza_center	who_chinese_national_influenza_center
B/Guizhou-Douyun/16/2021-egg	who_chinese_national_influenza_center	who_chinese_national_influenza_center
B/Guizhou-Douyun/16/2021	who_chinese_national_influenza_center	who_chinese_national_influenza_center
B/Guizhou-Douyun/112/2021	who_chinese_national_influenza_center	who_chinese_national_influenza_center
B/Guizhou-Huichuan/125/2021	who_chinese_national_influenza_center	who_chinese_national_influenza_center
B/Guizhou-Douyun/11092/2020	who_chinese_national_influenza_center	who_chinese_national_influenza_center
B/Guizhou-Huichuan/1158/2021-egg	who_chinese_national_influenza_center	who_chinese_national_influenza_center
B/Sichuan-Qingyang/1885/2021-egg	who_chinese_national_influenza_center	who_chinese_national_influenza_center
B/Guizhou-Huichuan/1251/2021	who_chinese_national_influenza_center	who_chinese_national_influenza_center
B/Guizhou-Douyun/18/2021-egg	who_chinese_national_influenza_center	who_chinese_national_influenza_center
B/Guizhou-Douyun/17/2021-egg	who_chinese_national_influenza_center	who_chinese_national_influenza_center
B/Guizhou-Douyun/18/2021	who_chinese_national_influenza_center	who_chinese_national_influenza_center
B/Guizhou-Douyun/17/2021	who_chinese_national_influenza_center	who_chinese_national_influenza_center
B/Guizhou-Douyun/11113/2020	who_chinese_national_influenza_center	who_chinese_national_influenza_center
B/Guizhou-Douyun/11113/2020-egg	who_chinese_national_influenza_center	who_chinese_national_influenza_center
B/Jiangxi-Guixi/11159/2020	who_chinese_national_influenza_center	who_chinese_national_influenza_center
B/Jiangxi-Guixi/15/2021	who_chinese_national_influenza_center	who_chinese_national_influenza_center
B/Guangdong-Yuncheng/1502/2021-egg	who_chinese_national_influenza_center	who_chinese_national_influenza_center
B/Jiangxi-Yushui/389/2020	who_chinese_national_influenza_center	who_chinese_national_influenza_center
B/Hubei-Xianan/1346/2021-egg	who_chinese_national_influenza_center	who_chinese_national_influenza_center
B/Jiangxi-Xinzhou/1186/2021-egg	who_chinese_national_influenza_center	who_chinese_national_influenza_center
B/Guangxi-Hengxian/39/2020	who_chinese_national_influenza_center	who_chinese_national_influenza_center
B/Henan-Zhaoling/1269/2021	who_chinese_national_influenza_center	who_chinese_national_influenza_center
B/Henan-Zhongyuan/1291/2021-egg	who_chinese_national_influenza_center	who_chinese_national_influenza_center
B/Henan-Zhongyuan/1291/2021	who_chinese_national_influenza_center	who_chinese_national_influenza_center
B/Guangdong-Zhongshan/1225/2021-egg	who_chinese_national_influenza_center	who_chinese_national_influenza_center
B/Jiangxi-Qingyunpu/36/2020	who_chinese_national_influenza_center	who_chinese_national_influenza_center
B/Guizhou-Kaili/345/2020-egg	who_chinese_national_influenza_center	who_chinese_national_influenza_center
B/Zhejiang-Yongkang/1370/2021	who_chinese_national_influenza_center	who_chinese_national_influenza_center
B/Hubei-Qiaokou/21/2021	who_chinese_national_influenza_center	who_chinese_national_influenza_center
B/Hubei-Qiaokou/113/2021-egg	who_chinese_national_influenza_center	who_chinese_national_influenza_center
B/Hubei-Qiaokou/113/2021	who_chinese_national_influenza_center	who_chinese_national_influenza_center
B/Hubei-Qiaokou/124/2021-egg	who_chinese_national_influenza_center	who_chinese_national_influenza_center
B/Hubei-Qiaokou/21/2021-egg	who_chinese_national_influenza_center	who_chinese_national_influenza_center
B/Guizhou-Douyun/174/2021	who_chinese_national_influenza_center	who_chinese_national_influenza_center
B/Guizhou-Douyun/170/2021	who_chinese_national_influenza_center	who_chinese_national_influenza_center
B/Guizhou-Douyun/138/2021-egg	who_chinese_national_influenza_center	who_chinese_national_influenza_center
B/Guizhou-Douyun/137/2021-egg	who_chinese_national_influenza_center	who_chinese_national_influenza_center
B/Guizhou-Douyun/110/2021-egg	who_chinese_national_influenza_center	who_chinese_national_influenza_center
B/Guizhou-Douyun/11054/2020	who_chinese_national_influenza_center	who_chinese_national_influenza_center
B/Guizhou-Douyun/138/2021	who_chinese_national_influenza_center	who_chinese_national_influenza_center
B/Guizhou-Huichuan/1175/2021-egg	who_chinese_national_influenza_center	who_chinese_national_influenza_center
B/Guizhou-Huichuan/1175/2021	who_chinese_national_influenza_center	who_chinese_national_influenza_center
B/Guizhou-Huichuan/1158/2021	who_chinese_national_influenza_center	who_chinese_national_influenza_center
B/Guizhou-Douyun/120/2021-egg	who_chinese_national_influenza_center	who_chinese_national_influenza_center
B/Guizhou-Douyun/317/2020-egg	who_chinese_national_influenza_center	who_chinese_national_influenza_center
B/Guizhou-Douyun/142/2021-egg	who_chinese_national_influenza_center	who_chinese_national_influenza_center
B/Guizhou-Douyun/141/2021-egg	who_chinese_national_influenza_center	who_chinese_national_influenza_center
B/Sichuan-Fucheng/1868/2021-egg	who_chinese_national_influenza_center	who_chinese_national_influenza_center
B/Sichuan-Fucheng/1868/2021	who_chinese_national_influenza_center	who_chinese_national_influenza_center
B/Zhejiang-Nanhu/1775/2021	zhejiang_provincial_center_for_disease_control_and_prevention	jiaxing_center_for_disease_control_and_prevention
B/Sichuan-Gaoxin/1534/2021-egg	who_chinese_national_influenza_center	who_chinese_national_influenza_center
B/Sichuan-Qingyang/11361/2021-egg	who_chinese_national_influenza_center	who_chinese_national_influenza_center
B/Sichuan-Qingyang/11361/2021	who_chinese_national_influenza_center	who_chinese_national_influenza_center
B/Hubei-Qiaokou/124/2021	who_chinese_national_influenza_center	who_chinese_national_influenza_center
B/Zhejiang-Nanhu/1184/2021-egg	who_chinese_national_influenza_center	who_chinese_national_influenza_center
B/Zhejiang-Nanhu/1184/2021	who_chinese_national_influenza_center	who_chinese_national_influenza_center
B/Jiangxi-Zhushan/1104/2021-egg	who_chinese_national_influenza_center	who_chinese_national_influenza_center
B/Hubei-Xianan/180/2021-egg	who_chinese_national_influenza_center	who_chinese_national_influenza_center
B/Hubei-Xianan/545/2021	who_chinese_national_influenza_center	who_chinese_national_influenza_center
B/Jiangxi-Zhushan/1161/2021-egg	who_chinese_national_influenza_center	who_chinese_national_influenza_center
B/Jiangxi-Zhushan/1161/2021	who_chinese_national_influenza_center	who_chinese_national_influenza_center
B/Guangxi-Yuzhou/1773/2021	who_chinese_national_influenza_center	who_chinese_national_influenza_center
B/Hubei-Liangzihu/32/2021-egg	who_chinese_national_influenza_center	who_chinese_national_influenza_center
B/Hubei-Liangzihu/32/2021	who_chinese_national_influenza_center	who_chinese_national_influenza_center
B/Guangxi-Hengxian/39/2021	who_chinese_national_influenza_center	who_chinese_national_influenza_center
B/Guizhou-Kaili/11069/2020-egg	who_chinese_national_influenza_center	who_chinese_national_influenza_center
B/Jiangxi-Jizhou/11118/2020	who_chinese_national_influenza_center	who_chinese_national_influenza_center
B/Fujian-Zhangpu/34/2021-egg	centers_for_disease_control_and_prevention	who_chinese_national_influenza_center
B/Fujian-Zhangpu/34/2021	who_chinese_national_influenza_center	who_chinese_national_influenza_center
B/Fujian-Zhangpu/318/2021-egg	who_chinese_national_influenza_center	who_chinese_national_influenza_center
B/Fujian-Zhangpu/318/2021	who_chinese_national_influenza_center	who_chinese_national_influenza_center
B/Guizhou-Huichuan/125/2021-egg	who_chinese_national_influenza_center	who_chinese_national_influenza_center
B/Jiangxi-Linchuan/1197/2021-egg	who_chinese_national_influenza_center	who_chinese_national_influenza_center
B/Jiangxi-Zhushan/1164/2021	centers_for_disease_control_and_prevention	who_chinese_national_influenza_center
B/Henan-Jinshui/1318/2021-egg	who_chinese_national_influenza_center	who_chinese_national_influenza_center
B/Henan-Jinshui/1318/2021	who_chinese_national_influenza_center	who_chinese_national_influenza_center
B/Zhejiang-Nanhu/1205/2021	zhejiang_provincial_center_for_disease_control_and_prevention	jiaxing_center_for_disease_control_and_prevention
B/Sichuan-Gaoxin/1591/2021-egg	who_chinese_national_influenza_center	who_chinese_national_influenza_center
B/Sichuan-Gaoxin/1591/2021	who_chinese_national_influenza_center	who_chinese_national_influenza_center
B/Jiangxi-Xinzhou/1186/2021	who_chinese_national_influenza_center	who_chinese_national_influenza_center
B/Hunan-Yuhua/1404/2021-egg	who_chinese_national_influenza_center	who_chinese_national_influenza_center
B/HubeiWujiagang/1375/2021-egg	who_chinese_national_influenza_center	who_chinese_national_influenza_center
B/HubeiWujiagang/1375/2021	who_chinese_national_influenza_center	who_chinese_national_influenza_center
B/HubeiWujiagang/1299/2021	who_chinese_national_influenza_center	who_chinese_national_influenza_center
B/HubeiWujiagang/1299/2021-egg	who_chinese_national_influenza_center	who_chinese_national_influenza_center
B/HubeiWujiagang/1411/2021-egg	who_chinese_national_influenza_center	who_chinese_national_influenza_center
B/HubeiWujiagang/1411/2021	who_chinese_national_influenza_center	who_chinese_national_influenza_center
B/Guizhou-Kaili/13/2021-egg	who_chinese_national_influenza_center	who_chinese_national_influenza_center
B/Hunan-Tianyuan/338/2021-egg	who_chinese_national_influenza_center	who_chinese_national_influenza_center
B/Hunan-Tianyuan/1345/2021-egg	who_chinese_national_influenza_center	who_chinese_national_influenza_center
B/Guangdong-Dongwanbendi/545/2021-egg	who_chinese_national_influenza_center	who_chinese_national_influenza_center
B/Guangdong-Dongwanbendi/545/2021	who_chinese_national_influenza_center	who_chinese_national_influenza_center
B/Fujian-Yanping/11232/2021-egg	who_chinese_national_influenza_center	who_chinese_national_influenza_center
B/Jiangxi-Yushui/366/2020	who_chinese_national_influenza_center	who_chinese_national_influenza_center
B/Guizhou-Huichuan/1251/2021-egg	who_chinese_national_influenza_center	who_chinese_national_influenza_center
B/Guizhou-Kaili/17/2021-egg	who_chinese_national_influenza_center	who_chinese_national_influenza_center
B/Hunan-Lusong/1232/2021-egg	who_chinese_national_influenza_center	who_chinese_national_influenza_center
B/Hunan-Lusong/1232/2021	who_chinese_national_influenza_center	who_chinese_national_influenza_center
B/Fujian-Jianou/324/2021-egg	who_chinese_national_influenza_center	who_chinese_national_influenza_center
B/Fujian-Jianou/324/2021	who_chinese_national_influenza_center	who_chinese_national_influenza_center
B/Fujian-Sanyuan/2541/2021	who_chinese_national_influenza_center	who_chinese_national_influenza_center
B/Fujian-Sanyuan/2541/2021-egg	who_chinese_national_influenza_center	who_chinese_national_influenza_center
B/Jiangxi-Donghu/119/2021	who_chinese_national_influenza_center	who_chinese_national_influenza_center
B/Guizhou-Kaili/11077/2020-egg	who_chinese_national_influenza_center	who_chinese_national_influenza_center
B/Hubei-Qiaokou/1334/2021-egg	who_chinese_national_influenza_center	who_chinese_national_influenza_center
B/Hubei-Qiaokou/1334/2021	who_chinese_national_influenza_center	who_chinese_national_influenza_center
B/Shandong-Linshu/312/2021-egg	who_chinese_national_influenza_center	who_chinese_national_influenza_center
B/Shandong-Linshu/312/2021	who_chinese_national_influenza_center	who_chinese_national_influenza_center
B/Rencheng/1115/2022	jining_center_for_disease_control_and_prevention	_jining_center_for_disease_control_and_prevention
B/Beijing-Chaoyang/1540/2022-egg	centers_for_disease_control_and_prevention	who_chinese_national_influenza_center
B/Beijing-Chaoyang/1540/2022	centers_for_disease_control_and_prevention	who_chinese_national_influenza_center
B/Rencheng/1122/2022	jining_center_for_disease_control_and_prevention	_jining_center_for_disease_control_and_prevention
B/Rencheng/1210/2022	jining_center_for_disease_control_and_prevention	_jining_center_for_disease_control_and_prevention
B/Rencheng/1128/2022	jining_center_for_disease_control_and_prevention	_jining_center_for_disease_control_and_prevention
B/Jiangxi-Donghu/11264/2020	who_chinese_national_influenza_center	who_chinese_national_influenza_center
B/Jiangxi-Yushui/11104/2020	who_chinese_national_influenza_center	who_chinese_national_influenza_center
B/Jiangxi-Yushui/386/2020	who_chinese_national_influenza_center	who_chinese_national_influenza_center
B/Jiangxi-Yushui/388/2020	who_chinese_national_influenza_center	who_chinese_national_influenza_center
B/Jiangxi-Yushui/379/2020	who_chinese_national_influenza_center	who_chinese_national_influenza_center
B/Jiangxi-Yushui/375/2020	who_chinese_national_influenza_center	who_chinese_national_influenza_center
B/Jiangxi-Yushui/376/2020	who_chinese_national_influenza_center	who_chinese_national_influenza_center
B/Jiangxi-Yushui/380/2020	who_chinese_national_influenza_center	who_chinese_national_influenza_center
B/Jiangxi-Yushui/381/2020	who_chinese_national_influenza_center	who_chinese_national_influenza_center
B/Jiangxi-Yushui/340/2020	who_chinese_national_influenza_center	who_chinese_national_influenza_center
B/Hunan-Kaifu/126/2021-egg	who_chinese_national_influenza_center	who_chinese_national_influenza_center
B/Hunan-Kaifu/126/2021	who_chinese_national_influenza_center	who_chinese_national_influenza_center
B/Jiangxi-Xihu/166/2021	who_chinese_national_influenza_center	who_chinese_national_influenza_center
B/Hubei-Xianan/1387/2021	who_chinese_national_influenza_center	who_chinese_national_influenza_center
B/Sichuan-Gaoxin/1667/2021-egg	who_chinese_national_influenza_center	who_chinese_national_influenza_center
B/Qinghai-Yushu/194/2021-egg	who_chinese_national_influenza_center	who_chinese_national_influenza_center
B/Qinghai-Yushu/1161/2021	who_chinese_national_influenza_center	who_chinese_national_influenza_center
B/Sichuan-Gaoxin/1701/2021-egg	who_chinese_national_influenza_center	who_chinese_national_influenza_center
B/Sichuan-Gaoxin/1701/2021	who_chinese_national_influenza_center	who_chinese_national_influenza_center
B/Guizhou-Douyun/1104/2021-egg	who_chinese_national_influenza_center	who_chinese_national_influenza_center
B/Jiangxi-Xihu/1218/2021	who_chinese_national_influenza_center	who_chinese_national_influenza_center
B/Jiangxi-Yushui/3107/2020	who_chinese_national_influenza_center	who_chinese_national_influenza_center
B/Hubei-Xianan/31/2021-egg	who_chinese_national_influenza_center	who_chinese_national_influenza_center
B/Jiangxi-Yuehu/1292/2021	who_chinese_national_influenza_center	who_chinese_national_influenza_center
B/Hunan-Kaifu/1433/2021-egg	who_chinese_national_influenza_center	who_chinese_national_influenza_center
B/Hunan-Kaifu/1433/2021	who_chinese_national_influenza_center	who_chinese_national_influenza_center
B/Guangdong-Maonan/316/2021-egg	pb2	seasonal_vic
B/Guangdong-Maonan/316/2021	centers_for_disease_control_and_prevention	who_chinese_national_influenza_center
B/Henan-Weidong/1952/2023-egg	centers_for_disease_control_and_prevention	who_chinese_national_influenza_center
B/Henan-Weidong/1952/2023	centers_for_disease_control_and_prevention	who_chinese_national_influenza_center
B/Nepal/FLU-NPWR-02707/2016	usamc_armed_forces_medical_research_institute_of_medial_sciences	usamc_afrims_department_of_virology
B/Singapore/TT1119/2018	ministry_of_health,_singapore	ministry_of_health,_singapore
B/India/4710/2018	centers_for_disease_control_and_prevention	national_institute_of_virology
B/Bahrain/652/2018	centers_for_disease_control_and_prevention	ministry_of_health_bahrain
B/India/4194/2018	centers_for_disease_control_and_prevention	national_institute_of_virology
B/India/4709/2018	centers_for_disease_control_and_prevention	national_institute_of_virology
B/Singapore/KK1692/2018	ministry_of_health,_singapore	ministry_of_health,_singapore
B/HongKong/1410/2018	centers_for_disease_control_and_prevention	government_virus_unit
B/Myanmar/18M348/2018	national_institute_of_infectious_diseases_(niid)	national_health_laboratory
B/Singapore/KK1479/2018	ministry_of_health,_singapore	ministry_of_health,_singapore
B/Singapore/KK0670/2019	ministry_of_health,_singapore	ministry_of_health,_singapore
B/Singapore/KK0183/2019	ministry_of_health,_singapore	ministry_of_health,_singapore
B/India/4711/2018	centers_for_disease_control_and_prevention	national_institute_of_virology
B/Singapore/KK0341/2022	ministry_of_health,_singapore	ministry_of_health,_singapore
B/Okinawa/228/2023	national_institute_of_infectious_diseases_(niid)	okinawa_prefectural_institute_of_health_and_environment
B/Bahrain/9761/2023	centers_for_disease_control_and_prevention	ministry_of_health_bahrain
B/Darwin/13/2022	who_collaborating_centre_for_reference_and_research_on_influenza	royal_darwin_hospital
B/Valparaiso/35491/2023	instituto_de_salud_publica	instituto_de_salud_publica_de_chile
B/Bangladesh/18/2023	centers_for_disease_control_and_prevention	icddr,b_international_centre_for_diarrhoeal_disease_research,_bangladesh
B/Singapore/SAR20466/2023	ministry_of_health,_singapore	ministry_of_health,_singapore
B/Singapore/GP4572/2024	ministry_of_health,_singapore	ministry_of_health,_singapore
B/Sydney/7/2023	who_collaborating_centre_for_reference_and_research_on_influenza	prince_of_wales_hospital
B/Ethiopia/2621/2022	centers_for_disease_control_and_prevention	ethiopian_public_health_institute,_national_influenza_laboratory
B/Bahia/293017143/2023	laborat?rio_central_de_sa?de_publica_do_estado_da_bahia	laboratório_central_de_saúde_pública_professor_gonçalo_moniz,_lacen_ba
B/Netherlands/11896/2022	national_institute_for_public_health_and_the_environment_(rivm)	national_institute_for_public_health_and_the_environment_(rivm)
B/Chita/RII-MH128121S/2023	who_national_influenza_centre_russian_federation	research_institute_of_influenza,_ministry_of_healthcare_of_the_russian_federation
B/StPetersburg/RII-55/2023	who_national_influenza_centre_russian_federation	research_institute_of_influenza,_ministry_of_healthcare_of_the_russian_federation
B/Bangladesh/3032/2022	centers_for_disease_control_and_prevention	icddr,b_international_centre_for_diarrhoeal_disease_research,_bangladesh
B/Luxembourg/LNS7402693/2023	laboratoire_national_de_sant?	laboratoire_national_de_santé_
B/France/PAC-HCL023044214201/2023	cnr_virus_des_infections_respiratoires,_france_sud	cnr_virus_des_infections_respiratoires___france_sud
B/California/15/2023	centers_for_disease_control_and_prevention	california_department_of_health_services
B/Arica/72257/2024	instituto_de_salud_pública_de_chile	instituto_de_salud_publica_de_chile
B/Amazonas/2023-011205-IEC/2023	evandro_chagas_institute	evandro_chagas_institute
B/Alagoas/5256/2023	instituto_oswaldo_cruz_fiocruz___laboratory_of_respiratory_viruses_and_measles_(lvrs)	laboratório_central_de_saúde_pública_de_alagoas,_lacen_al
B/Dunedin/1/2023	who_collaborating_centre_for_reference_and_research_on_influenza	institute_of_environmental_science_and_research_(esr)
B/France/ARA-HCL023006214901/2023	cnr_virus_des_infections_respiratoires,_france_sud	cnr_virus_des_infections_respiratoires___france_sud
B/Tunisia/3556/2023	crick_worldwide_influenza_centre	national_influenza_centre_tunis,_unit_virology,_microbiology_laboratory,_charles_nicolle's_hospital
B/Miyazaki/11/2023	national_institute_of_infectious_diseases_(niid)	miyazaki_prefectural_institute_for_public_health_and_environment
B/Moscow/29/2022-egg	d.i._ivanovsky_research_institute_of_virology_moph_of__rf,moscow	nrcem_gamaleya_
B/Moscow/29/2022	d.i._ivanovsky_research_institute_of_virology_moph_of__rf,moscow	nrcem_gamaleya_
B/ProvenceAlpesCoteDAzur/54364/2022	institut_pasteur	institut_pasteur
B/England/225040248/2022	uk_health_security_agency___colindale	uk_health_security_agency___colindale
B/Dubai/5488/2023	centers_for_disease_control_and_prevention	shaikh_khalifa_medical_city
A/Pakistan/NIC/ICT/533/2025	national_institute_of_health_pakistan	national_institute_of_health
A/Pakistan/NIC/ICT/59/2025	national_institute_of_health_pakistan	national_institute_of_health
B/Khabarovsk/269/2023	who_national_influenza_centre_russian_federation	center_of_hygiene_and_epidemiology_in_khabarovsk_territory
B/Tajikistan/1449/2023	crick_worldwide_influenza_centre	"""vefa""_center"
B/CzechRepublic/1980/2023	national_institute_of_public_health_(czech_republic)	national_institute_of_public_health
B/Estonia/173429/2023	crick_worldwide_influenza_centre	health_protection_inspectorate
B/StPetersburg/RII-10966S/2023	who_national_influenza_centre_russian_federation	research_institute_of_influenza,_ministry_of_healthcare_of_the_russian_federation
B/Singapore/GP2328/2023	ministry_of_health,_singapore	ministry_of_health,_singapore
B/Colorado/1/2022	centers_for_disease_control_and_prevention	colorado_department_of_health_lab
B/Colorado/2/2022	centers_for_disease_control_and_prevention	colorado_department_of_health_lab
B/Saransk/RII-MH129913S/2023	who_national_influenza_centre_russian_federation	research_institute_of_influenza,_ministry_of_healthcare_of_the_russian_federation
B/StPetersburg/RII-35/2023	who_national_influenza_centre_russian_federation	research_institute_of_influenza,_ministry_of_healthcare_of_the_russian_federation
B/Astrakhan/RII-MH129966S/2023	who_national_influenza_centre_russian_federation	center_of_hygiene_and_epidemiology_in_astrakhan_region
B/Samara/11/2023	who_national_influenza_centre_russian_federation	research_institute_of_influenza,_ministry_of_healthcare_of_the_russian_federation
B/Baleares/4838/2022	instituto_de_salud_carlos_iii	servicio_de_microbiología_hospital_universitario_son_espases
B/England/224180767/2022	uk_health_security_agency___colindale	uk_health_security_agency___colindale
B/England/225020768/2022	uk_health_security_agency___colindale	uk_health_security_agency___colindale
B/StPetersburg/RII-38V/2022	who_national_influenza_centre_russian_federation	research_institute_of_influenza,_ministry_of_healthcare_of_the_russian_federation
B/StPetersburg/RII-9864S/2023	who_national_influenza_centre_russian_federation	research_institute_of_influenza,_ministry_of_healthcare_of_the_russian_federation
B/StPetersburg/RII-31/2023	who_national_influenza_centre_russian_federation	research_institute_of_influenza,_ministry_of_healthcare_of_the_russian_federation
B/StPetersburg/RII-25/2023	who_national_influenza_centre_russian_federation	research_institute_of_influenza,_ministry_of_healthcare_of_the_russian_federation
B/StPetersburg/RII-176/2022	who_national_influenza_centre_russian_federation	research_institute_of_influenza,_ministry_of_healthcare_of_the_russian_federation
B/France/ARA-HCL022216134801/2022	cnr_virus_des_infections_respiratoires,_france_sud	cnr_virus_des_infections_respiratoires___france_sud
B/StPetersburg/RII-68/2023	who_national_influenza_centre_russian_federation	research_institute_of_influenza,_ministry_of_healthcare_of_the_russian_federation
B/France/ARA-HCL023034357601/2023	cnr_virus_des_infections_respiratoires,_france_sud	cnr_virus_des_infections_respiratoires___france_sud
B/StPetersburg/RII-11513S/2023	who_national_influenza_centre_russian_federation	research_institute_of_influenza,_ministry_of_healthcare_of_the_russian_federation
B/Bulgaria/950/2023	centers_for_disease_control_and_prevention	national_influenza_laboratory,_natl._center_of_inf._&_parasitic_dis
B/SouthAfrica/R00198/2023	crick_worldwide_influenza_centre	national_institute_for_communicable_disease
B/Hessen/10/2023	robert_koch_institute_nationales_referenzzentrum_f?r_influenza	robert_koch_institute_nationales_referenzzentrum_für_influenza
B/Luxembourg/LNS3191080/2022	laboratoire_national_de_sant?	laboratoire_national_de_santé_
B/NewYork/PV86088/2023	icahn_school_of_medicine_at_mount_sinai	icahn_school_of_medicine_at_mount_sinai
B/France/PAC-HCL022198646101/2022	cnr_virus_des_infections_respiratoires,_france_sud	cnr_virus_des_infections_respiratoires___france_sud
B/StPetersburg/RII-124/2023	who_national_influenza_centre_russian_federation	research_institute_of_influenza,_ministry_of_healthcare_of_the_russian_federation
B/Catalonia/NSVH198264904/2023	hospital_universitari_vall_d'hebron	hospital_universitari_doctor_josep_trueta
A/Abudhabi/2311/2022	sheikh_khalifa_medical_city_(skmc)	reference_laboratory_for_infectious_disease_(surveillance_lab)
B/France/ARA-HCL022197778701/2022	cnr_virus_des_infections_respiratoires,_france_sud	cnr_virus_des_infections_respiratoires___france_sud
B/Netherlands/12165/2022	national_institute_for_public_health_and_the_environment_(rivm)	royal_gd
B/Netherlands/12190/2022	national_institute_for_public_health_and_the_environment_(rivm)	royal_gd
B/Catalonia/NSVH102003213/2023	hospital_universitari_vall_d'hebron	hospital_universitari_vall_d'hebron
B/Zhejiang-Haishu/1528/2023-egg	centers_for_disease_control_and_prevention	who_chinese_national_influenza_center
B/Berlin/15/2023	robert_koch_institute_nationales_referenzzentrum_f?r_influenza	robert_koch_institute_nationales_referenzzentrum_für_influenza
B/Tunisia/3546/2023	crick_worldwide_influenza_centre	national_influenza_centre_tunis,_unit_virology,_microbiology_laboratory,_charles_nicolle's_hospital
B/BanskaBystrica/166/2023	crick_worldwide_influenza_centre	national_public_health_institute_of_slovakia
B/Catalonia/NSVH198267249/2023	hospital_universitari_vall_d'hebron	hospital_universitari_de_vic
B/Niger/3018/2022	centers_for_disease_control_and_prevention	centre_de_recherche_medicale_et_sanitaire_(cermes)
B/Switzerland/23703/2022	swiss_national_reference_centre_for_influenza	swiss_national_reference_centre_for_influenza
B/Singapore/SAR22811/2023	ministry_of_health,_singapore	ministry_of_health,_singapore
B/Singapore/SAR20040/2023	ministry_of_health,_singapore	ministry_of_health,_singapore
B/Singapore/SAR9734/2023	ministry_of_health,_singapore	ministry_of_health,_singapore
B/Singapore/SAR0531/2024	ministry_of_health,_singapore	ministry_of_health,_singapore
B/Ghana/1434/2022	centers_for_disease_control_and_prevention	noguchi_memorial_institute_for_medical_research_(nmimr)
B/Nigeria/6350/2021	centers_for_disease_control_and_prevention	ncdc_public_health_reference_laboratory
B/Kenya/KCH210663/2021		import_from_public_domain
B/Kenya/KHDSS230662/2021		import_from_public_domain
B/Rostov/340V/2021	state_research_center_of_virology_and_biotechnology_(vector)	center_of_hygiene_and_epidemiology_in_rostov_region_
B/SouthAfrica/10890/2021	centers_for_disease_control_and_prevention	national_institute_for_communicable_disease
B/Zambia/9309/2022	centers_for_disease_control_and_prevention	university_teaching_hospital,_moh_zambia
B/Zambia/1409/2022	centers_for_disease_control_and_prevention	university_teaching_hospital,_moh_zambia
B/Togo/828/2020	centers_for_disease_control_and_prevention	institute_national_d'hygiene
B/Togo/879/2020	centers_for_disease_control_and_prevention	institute_national_d'hygiene
B/Nigeria/4969/2020	centers_for_disease_control_and_prevention	ncdc_public_health_reference_laboratory
B/Togo/1398/2022	centers_for_disease_control_and_prevention	institute_national_d'hygiene
B/Dakar/4/2024	crick_worldwide_influenza_centre	institut_pasteur_de_dakar__
B/Niger/3188/2022	centers_for_disease_control_and_prevention	centre_de_recherche_medicale_et_sanitaire_(cermes)
B/Amapa/2023-008660-IEC/2023	evandro_chagas_institute	evandro_chagas_institute
B/England/224500525/2022	uk_health_security_agency___colindale	uk_health_security_agency___colindale
B/Ghana/1377/2024	centers_for_disease_control_and_prevention	noguchi_memorial_institute_for_medical_research_(nmimr)
B/Niger/3256/2022	centers_for_disease_control_and_prevention	centre_de_recherche_medicale_et_sanitaire_(cermes)
B/Ekaterinburg/RII-02/2021	centers_for_disease_control_and_prevention	russian_academy_of_medical_sciences
B/Ekaterinburg/RII-02V/2021	who_national_influenza_centre_russian_federation	ekaterinburg_research_institute_of_viral_infections
B/Ekaterinburg/RII-01V/2021	who_national_influenza_centre_russian_federation	ekaterinburg_research_institute_of_viral_infections
B/Ekaterinburg/RII-01/2021	centers_for_disease_control_and_prevention	russian_academy_of_medical_sciences
B/Niger/8336/2020	centers_for_disease_control_and_prevention	centre_de_recherche_medicale_et_sanitaire_(cermes)
B/France/ARA-HCL022182997001/2022	cnr_virus_des_infections_respiratoires,_france_sud	cnr_virus_des_infections_respiratoires___france_sud
B/Cameroon/9806/2023	crick_worldwide_influenza_centre	centre_pasteur_du_cameroun
B/Cameroon/10678/2023	crick_worldwide_influenza_centre	centre_pasteur_du_cameroun
B/Luxembourg/LNS8020868/2023	laboratoire_national_de_sant?	laboratoire_national_de_santé_
B/CostaRica/INC-0446-805368/2023	inciensa,_investigacion_y_ensenanza_en_nutricion_y_salud	inciensa,_investigación_y_enseñanza_en_nutrición_y_salud
B/Netherlands/10335/2023-egg	centers_for_disease_control_and_prevention	national_institute_for_public_health_and_the_environment_(rivm)
B/Netherlands/10335/2023	national_institute_for_public_health_and_the_environment_(rivm)	national_institute_for_public_health_and_the_environment_(rivm)
B/CoteDIvoire/2415/2023	centers_for_disease_control_and_prevention	pasteur_institut_of_côte_d'ivoire
B/NewCaledonia/12/2023	who_collaborating_centre_for_reference_and_research_on_influenza	institut_pasteur_new_caledonia
B/Ontario/RV00492/2023	centers_for_disease_control_and_prevention	national_microbiology_laboratory,_public_health_agency_of_canada_(phac)
B/Madagascar/3131/2024	centers_for_disease_control_and_prevention	institut_pasteur_de_madagascar
B/Fianarantsoa/2052/2024	crick_worldwide_influenza_centre	institut_pasteur_de_madagascar
B/NewCaledonia/6/2023	who_collaborating_centre_for_reference_and_research_on_influenza	institut_pasteur_new_caledonia
B/NewCaledonia/17/2023	who_collaborating_centre_for_reference_and_research_on_influenza	institut_pasteur_new_caledonia
B/NewCaledonia/2/2023	who_collaborating_centre_for_reference_and_research_on_influenza	institut_pasteur_new_caledonia
B/Catalonia/NSVH199824630/2023	hospital_universitari_vall_d'hebron	hospital_universitari_vall_d'hebron
B/Maryland/1/2021-egg	pb2	seasonal_vic
B/Nigeria/6457/2021	centers_for_disease_control_and_prevention	ncdc_public_health_reference_laboratory
B/Maryland/1/2021	centers_for_disease_control_and_prevention	maryland_department_of_health_and_mental_hygiene
B/Niger/3572/2023	centers_for_disease_control_and_prevention	centre_de_recherche_medicale_et_sanitaire_(cermes)
B/Bangui/399/2023	crick_worldwide_influenza_centre	institut_pasteur_de_bangui
B/Congo/1840/2022	centers_for_disease_control_and_prevention	inrb_service_de_virologie
B/Congo/1740/2022	centers_for_disease_control_and_prevention	inrb_service_de_virologie
B/CoteDIvoire/1834/2022	centers_for_disease_control_and_prevention	pasteur_institut_of_côte_d'ivoire
B/CoteDIvoire/1348/2022	centers_for_disease_control_and_prevention	pasteur_institut_of_côte_d'ivoire
B/BurkinaFaso/2518/2022	centers_for_disease_control_and_prevention	irss
B/Togo/399/2023	centers_for_disease_control_and_prevention	institute_national_d'hygiene
B/CoteDIvoire/3974/2023	centers_for_disease_control_and_prevention	pasteur_institut_of_côte_d'ivoire
B/Togo/175/2024	centers_for_disease_control_and_prevention	institute_national_d'hygiene
B/BurkinaFaso/52/2022	centers_for_disease_control_and_prevention	irss
B/CoteDIvoire/3189/2023	centers_for_disease_control_and_prevention	pasteur_institut_of_côte_d'ivoire
B/CoteDIvoire/3187/2023	centers_for_disease_control_and_prevention	pasteur_institut_of_côte_d'ivoire
B/Sydney/4/2023	who_collaborating_centre_for_reference_and_research_on_influenza	prince_of_wales_hospital
B/BurkinaFaso/2849/2022	centers_for_disease_control_and_prevention	irss
B/BurkinaFaso/1419/2022	centers_for_disease_control_and_prevention	irss
B/BurkinaFaso/2795/2022	centers_for_disease_control_and_prevention	irss
B/BurkinaFaso/1490/2022	centers_for_disease_control_and_prevention	irss
B/Bangladesh/3004/2021	centers_for_disease_control_and_prevention	icddr,b_international_centre_for_diarrhoeal_disease_research,_bangladesh
B/Bangladesh/2124/2021	centers_for_disease_control_and_prevention	institute_of_epidemiology_disease_control_and_research_(iedcr)_&_bangladesh_national_influenza_centre_(nic)
B/Bangladesh/849/2021	centers_for_disease_control_and_prevention	institute_of_epidemiology_disease_control_and_research_(iedcr)_&_bangladesh_national_influenza_centre_(nic)
B/Bahrain/5832/2021	centers_for_disease_control_and_prevention	ministry_of_health_bahrain
B/Michigan/1/2021-egg	centers_for_disease_control_and_prevention	michigan_department_of_community_health
B/Michigan/1/2021	centers_for_disease_control_and_prevention	michigan_department_of_community_health
B/Bahrain/7711/2021	centers_for_disease_control_and_prevention	ministry_of_health_bahrain
B/SouthAfrica/R13857/2021	crick_worldwide_influenza_centre	national_institute_for_communicable_disease
B/Bahrain/1425/2021	centers_for_disease_control_and_prevention	ministry_of_health_bahrain
B/Bahrain/5608/2021	centers_for_disease_control_and_prevention	ministry_of_health_bahrain
B/Bahrain/2852/2021	centers_for_disease_control_and_prevention	ministry_of_health_bahrain
B/Bahrain/7715/2021	centers_for_disease_control_and_prevention	ministry_of_health_bahrain
B/Bahrain/1305/2021	centers_for_disease_control_and_prevention	ministry_of_health_bahrain
B/SouthAfrica/13142/2021	who_collaborating_centre_for_reference_and_research_on_influenza	national_institute_for_communicable_disease
B/Stockholm/2/2021	public_health_agency_of_sweden	klinisk_mikrobiologi,_karolinska_universitetslaboratoriet,_karolinska_universitetssjukhuset_solna
B/SouthAfrica/8461/2021	centers_for_disease_control_and_prevention	national_institute_for_communicable_disease
B/SouthAfrica/R13645/2021	crick_worldwide_influenza_centre	national_institute_for_communicable_disease
B/SouthAfrica/8987/2021	centers_for_disease_control_and_prevention	national_institute_for_communicable_disease
B/SouthAfrica/8887/2021	centers_for_disease_control_and_prevention	national_institute_for_communicable_disease
B/SouthAfrica/8978/2021	centers_for_disease_control_and_prevention	national_institute_for_communicable_disease
B/Bahrain/3759/2021	centers_for_disease_control_and_prevention	ministry_of_health_bahrain
B/England/211560497/2021	microbiology_services_colindale,_public_health_england	microbiology_services_colindale,_public_health_england
B/ZabaykalskyKrai/349V/2021	state_research_center_of_virology_and_biotechnology_(vector)	"fbuz_""center_of_hygiene_and_epidemiology""_in_zabaikalskom_krae_"
B/Stockholm/3/2021	public_health_agency_of_sweden	klinisk_mikrobiologi,_karolinska_universitetslaboratoriet,_karolinska_universitetssjukhuset_solna
B/Austria/1359417/2021-egg	who_collaborating_centre_for_reference_and_research_on_influenza	seqirus_vaccines_limited,_uk
B/Austria/1359417/2021	who_collaborating_centre_for_reference_and_research_on_influenza	seqirus_vaccines_limited,_uk
B/Netherlands/12022/2022	national_institute_for_public_health_and_the_environment_(rivm)	pamm
B/SouthAfrica/R10432/2022	who_collaborating_centre_for_reference_and_research_on_influenza	national_institute_for_communicable_disease
B/Netherlands/10076/2023	national_institute_for_public_health_and_the_environment_(rivm)	national_institute_for_public_health_and_the_environment_(rivm)
B/France/ARA-HCL023031558401/2023	cnr_virus_des_infections_respiratoires,_france_sud	cnr_virus_des_infections_respiratoires___france_sud
B/Netherlands/11910/2022	national_institute_for_public_health_and_the_environment_(rivm)	national_institute_for_public_health_and_the_environment_(rivm)
B/SouthAfrica/PET25667/2022	vaccines_and_infectious_diseases_analytics_research_unit	wits_vida
B/SouthAfrica/R6539/2022	centers_for_disease_control_and_prevention	national_institute_for_communicable_disease
B/SouthAfrica/R10901/2022	national_institute_for_communicable_diseases_(nicd)	national_institute_for_communicable_disease
B/SouthAfrica/R11714/2022	who_collaborating_centre_for_reference_and_research_on_influenza	national_institute_for_communicable_disease
B/SouthAfrica/PET25947/2022	vaccines_and_infectious_diseases_analytics_research_unit	wits_vida
B/SouthAfrica/R07847/2022	centers_for_disease_control_and_prevention	national_institute_for_communicable_disease
B/SouthAfrica/R08117/2022	centers_for_disease_control_and_prevention	national_institute_for_communicable_disease
B/Catalonia/NSVH198266255/2023	hospital_universitari_vall_d'hebron	hospital_universitari_arnau_de_vilanova
B/France/ARA-HCL022218273001/2022	cnr_virus_des_infections_respiratoires,_france_sud	cnr_virus_des_infections_respiratoires___france_sud
B/Bangladesh/2039/2021	centers_for_disease_control_and_prevention	institute_of_epidemiology_disease_control_and_research_(iedcr)_&_bangladesh_national_influenza_centre_(nic)
B/Bahrain/7807/2021	centers_for_disease_control_and_prevention	ministry_of_health_bahrain
B/Bahrain/157/2021	centers_for_disease_control_and_prevention	ministry_of_health_bahrain
B/Bahrain/7887/2021	centers_for_disease_control_and_prevention	ministry_of_health_bahrain
B/Afghanistan/74/2020	centers_for_disease_control_and_prevention	national_public_health_laboratory
B/Afghanistan/2/2021	centers_for_disease_control_and_prevention	national_public_health_laboratory
B/Bangladesh/1210503026/2021	centers_for_disease_control_and_prevention	icddr,b_international_centre_for_diarrhoeal_disease_research,_bangladesh
B/India/4943/2021	centers_for_disease_control_and_prevention	national_institute_of_virology
B/Darwin/7/2021	who_collaborating_centre_for_reference_and_research_on_influenza	royal_darwin_hospital
B/India/1339/2021	centers_for_disease_control_and_prevention	national_institute_of_virology
B/Moscow/1/2022	d.i._ivanovsky_research_institute_of_virology_moph_of__rf,moscow	nrcem_gamaleya_
B/Moscow/23/2022	d.i._ivanovsky_research_institute_of_virology_moph_of__rf,moscow	nrcem_gamaleya_
B/Moscow/1/2021	d.i._ivanovsky_research_institute_of_virology_moph_of__rf,moscow	nrcem_gamaleya_
B/StPetersburg/RII-07/2022	centers_for_disease_control_and_prevention	research_institute_of_influenza,_ministry_of_healthcare_of_the_russian_federation
B/Sakhalin/209-51V/2022	state_research_center_of_virology_and_biotechnology_(vector)	center_of_hygiene_and_epidemiology_in_sakhalin_oblast
B/StPetersburg/RII-7762S/2021	who_national_influenza_centre_russian_federation	research_institute_of_influenza,_ministry_of_healthcare_of_the_russian_federation
B/StPetersburg/RII-4579S/2021	who_national_influenza_centre_russian_federation	research_institute_of_influenza,_ministry_of_healthcare_of_the_russian_federation
B/Afghanistan/124/2020	centers_for_disease_control_and_prevention	national_public_health_laboratory
B/Bangladesh/2007/2021	centers_for_disease_control_and_prevention	icddr,b_international_centre_for_diarrhoeal_disease_research,_bangladesh
B/Bangladesh/1195/2021	centers_for_disease_control_and_prevention	institute_of_epidemiology_disease_control_and_research_(iedcr)_&_bangladesh_national_influenza_centre_(nic)
B/Bangladesh/810002/2021	centers_for_disease_control_and_prevention	icddr,b_international_centre_for_diarrhoeal_disease_research,_bangladesh
B/Bangladesh/613015/2021	centers_for_disease_control_and_prevention	icddr,b_international_centre_for_diarrhoeal_disease_research,_bangladesh
B/Bangladesh/3210810004/2021	centers_for_disease_control_and_prevention	icddr,b_international_centre_for_diarrhoeal_disease_research,_bangladesh
B/Singapore/KK0904/2022	ministry_of_health,_singapore	ministry_of_health,_singapore
B/Lao/2402/2022	centers_for_disease_control_and_prevention	national_center_for_laboratory_and_epidemiology
B/Lao/2299/2022	centers_for_disease_control_and_prevention	national_center_for_laboratory_and_epidemiology
B/Singapore/TT0100/2023	ministry_of_health,_singapore	ministry_of_health,_singapore
B/Ayutthaya/P4123/2022	thai_national_influenza_center	thai_national_influenza_center
B/Chanthaburi/3975/2022	centers_for_disease_control_and_prevention	who_national_influenza_centre,_national_institute_of_medical_research_(nimr)
B/Lao/F1517/2022	national_institute_of_infectious_diseases_(niid)	national_center_for_laboratory_and_epidemiology
B/Lao/2452/2022	centers_for_disease_control_and_prevention	national_center_for_laboratory_and_epidemiology
B/Lao/2456/2022	centers_for_disease_control_and_prevention	national_center_for_laboratory_and_epidemiology
B/Lao/2450/2022	centers_for_disease_control_and_prevention	national_center_for_laboratory_and_epidemiology
B/Lao/2439/2022	centers_for_disease_control_and_prevention	national_center_for_laboratory_and_epidemiology
B/Bangladesh/8027/2021	centers_for_disease_control_and_prevention	icddr,b_international_centre_for_diarrhoeal_disease_research,_bangladesh
B/Bangladesh/3210612030/2021	centers_for_disease_control_and_prevention	icddr,b_international_centre_for_diarrhoeal_disease_research,_bangladesh
B/Bangladesh/2033/2021	centers_for_disease_control_and_prevention	icddr,b_international_centre_for_diarrhoeal_disease_research,_bangladesh
B/Bangladesh/3059/2021	centers_for_disease_control_and_prevention	icddr,b_international_centre_for_diarrhoeal_disease_research,_bangladesh
B/Bangladesh/2005/2021	centers_for_disease_control_and_prevention	icddr,b_international_centre_for_diarrhoeal_disease_research,_bangladesh
B/Bangladesh/603008/2021	centers_for_disease_control_and_prevention	icddr,b_international_centre_for_diarrhoeal_disease_research,_bangladesh
B/Bangladesh/9003/2021	centers_for_disease_control_and_prevention	icddr,b_international_centre_for_diarrhoeal_disease_research,_bangladesh
B/Bangladesh/610010/2021	centers_for_disease_control_and_prevention	icddr,b_international_centre_for_diarrhoeal_disease_research,_bangladesh
B/Lao/F2093/2022	national_institute_of_infectious_diseases_(niid)	national_center_for_laboratory_and_epidemiology
B/Bangladesh/8004/2021	centers_for_disease_control_and_prevention	icddr,b_international_centre_for_diarrhoeal_disease_research,_bangladesh
B/Bangladesh/19/2021	centers_for_disease_control_and_prevention	icddr,b_international_centre_for_diarrhoeal_disease_research,_bangladesh
B/Bangladesh/3210810018/2021	centers_for_disease_control_and_prevention	icddr,b_international_centre_for_diarrhoeal_disease_research,_bangladesh
B/Bangladesh/646/2021	centers_for_disease_control_and_prevention	institute_of_epidemiology_disease_control_and_research_(iedcr)_&_bangladesh_national_influenza_centre_(nic)
B/Bangladesh/3012/2021	centers_for_disease_control_and_prevention	icddr,b_international_centre_for_diarrhoeal_disease_research,_bangladesh
B/ChiangRai/NIC-P2887/2022	thai_national_influenza_center	thai_national_influenza_center
B/India/Dibrugarh-NIVQC562/2021	icmr_national_institute_of_virology	icmr_national_institute_of_virology
B/Singapore/OHC2164/2021	ministry_of_health,_singapore	ministry_of_health,_singapore
B/Singapore/KK0003/2021	ministry_of_health,_singapore	ministry_of_health,_singapore
B/Singapore/SAR77450/2021	ministry_of_health,_singapore	ministry_of_health,_singapore
B/Singapore/WUH6685/2021	ministry_of_health,_singapore	ministry_of_health,_singapore
B/Singapore/WUH4855/2021	ministry_of_health,_singapore	ministry_of_health,_singapore
B/Singapore/WUH4750/2021	ministry_of_health,_singapore	ministry_of_health,_singapore
B/Singapore/WUH7832/2021	ministry_of_health,_singapore	ministry_of_health,_singapore
B/Singapore/WUH8011/2021	ministry_of_health,_singapore	ministry_of_health,_singapore
B/Singapore/WUH7007/2021	ministry_of_health,_singapore	ministry_of_health,_singapore
B/Singapore/WUH7660/2021	ministry_of_health,_singapore	ministry_of_health,_singapore
B/Singapore/SAR24668/2021	ministry_of_health,_singapore	ministry_of_health,_singapore
B/Singapore/WUH6393/2021	ministry_of_health,_singapore	ministry_of_health,_singapore
B/Singapore/SAR51638/2021	ministry_of_health,_singapore	ministry_of_health,_singapore
B/Singapore/INFTT0005/2021	ministry_of_health,_singapore	ministry_of_health,_singapore
B/Singapore/SAR33763/2021	ministry_of_health,_singapore	ministry_of_health,_singapore
B/Singapore/WUH7277/2021	ministry_of_health,_singapore	ministry_of_health,_singapore
B/Singapore/SAR56916/2021	ministry_of_health,_singapore	ministry_of_health,_singapore
B/Singapore/WUH7097/2021	ministry_of_health,_singapore	ministry_of_health,_singapore
B/Singapore/WUH7991/2021	ministry_of_health,_singapore	ministry_of_health,_singapore
B/Singapore/WUH7377/2021	ministry_of_health,_singapore	ministry_of_health,_singapore
B/Singapore/WUH7667/2021	ministry_of_health,_singapore	ministry_of_health,_singapore
B/Singapore/WUH0784/2021-egg	centers_for_disease_control_and_prevention	ministry_of_health,_singapore
B/Singapore/WUH5489/2021	ministry_of_health,_singapore	ministry_of_health,_singapore
B/Singapore/WUH5812/2021	ministry_of_health,_singapore	ministry_of_health,_singapore
B/Singapore/WUH7381/2021	ministry_of_health,_singapore	ministry_of_health,_singapore
B/Singapore/WUH6286/2021	ministry_of_health,_singapore	ministry_of_health,_singapore
B/Singapore/SAR51629/2021	ministry_of_health,_singapore	ministry_of_health,_singapore
B/Singapore/WUH1964/2021	ministry_of_health,_singapore	ministry_of_health,_singapore
B/Singapore/WUH1644/2021	ministry_of_health,_singapore	ministry_of_health,_singapore
B/Singapore/WUH0784/2021	centers_for_disease_control_and_prevention	ministry_of_health,_singapore
B/Singapore/WUH1818/2021	ministry_of_health,_singapore	ministry_of_health,_singapore
B/Singapore/WUH6527/2021	ministry_of_health,_singapore	ministry_of_health,_singapore
B/Singapore/HAN8938/2021	ministry_of_health,_singapore	ministry_of_health,_singapore
B/Singapore/SAR24624/2021	ministry_of_health,_singapore	ministry_of_health,_singapore
B/Singapore/SAR94214/2021	ministry_of_health,_singapore	ministry_of_health,_singapore
B/Singapore/SAR1758/2022	ministry_of_health,_singapore	ministry_of_health,_singapore
B/Singapore/SAR1316/2022	ministry_of_health,_singapore	ministry_of_health,_singapore
B/Kenya/187/2021	centers_for_disease_control_and_prevention	cdc_kenya
B/Reunion/HCL023033251401/2022	cnr_virus_des_infections_respiratoires,_france_sud	cnr_virus_des_infections_respiratoires___france_sud
B/Moramanga/1821/2023	crick_worldwide_influenza_centre	institut_pasteur_de_madagascar
B/Zambia/1131/2022	centers_for_disease_control_and_prevention	university_teaching_hospital,_moh_zambia
B/Madagascar/5182/2022	centers_for_disease_control_and_prevention	institut_pasteur_de_madagascar
B/Madagascar/1093/2023	centers_for_disease_control_and_prevention	institut_pasteur_de_madagascar
B/Toamasina/1420/2023	crick_worldwide_influenza_centre	institut_pasteur_de_madagascar
B/Toamasina/1248/2023	crick_worldwide_influenza_centre	institut_pasteur_de_madagascar
B/Madagascar/5177/2022	centers_for_disease_control_and_prevention	institut_pasteur_de_madagascar
B/Antananarivo/50041/2023	crick_worldwide_influenza_centre	institut_pasteur_de_madagascar
B/HongKong/15/2023	crick_worldwide_influenza_centre	hong_kong_department_of_health
B/Toliara/1641/2023	crick_worldwide_influenza_centre	institut_pasteur_de_madagascar
B/Madagascar/1069/2023	centers_for_disease_control_and_prevention	institut_pasteur_de_madagascar
B/England/214881269/2021	uk_health_security_agency___colindale	uk_health_security_agency___colindale
B/Kenya/KHDSS240831/2021		import_from_public_domain
B/Kenya/KCH172014/2021		import_from_public_domain
B/Kenya/KHDSS230847/2021		import_from_public_domain
B/Kenya/KHDSS220777/2021		import_from_public_domain
B/Kenya/KHDSS240780/2021		import_from_public_domain
B/Kenya/KCH210656/2021		import_from_public_domain
B/Kenya/KCH210657/2021		import_from_public_domain
B/Kenya/KHDSS250639/2021		import_from_public_domain
B/Kenya/KCH210629/2021		import_from_public_domain
B/Kenya/KHDSS250830/2021		import_from_public_domain
B/Kenya/KHDSS220760/2021		import_from_public_domain
B/Berlin/1/2021	robert_koch_institute_nationales_referenzzentrum_f?r_influenza	robert_koch_institute_nationales_referenzzentrum_für_influenza
B/Baltimore/JH-002/2021	johns_hopkins_school_of_medicine	johns_hopkins_school_of_medicine
B/PuntaArenas/62662/2023	instituto_de_salud_publica_de_chile	instituto_de_salud_publica_de_chile
B/Serbia/2483/2023	centers_for_disease_control_and_prevention	institute_of_immunology_and_virology_torlak
B/NewYork/PV90478/2023	icahn_school_of_medicine_at_mount_sinai	icahn_school_of_medicine_at_mount_sinai
B/NewYork/PV91166/2023	icahn_school_of_medicine_at_mount_sinai	icahn_school_of_medicine_at_mount_sinai
B/Hessen/47/2023	robert_koch_institute_nationales_referenzzentrum_f?r_influenza	robert_koch_institute_nationales_referenzzentrum_für_influenza
B/Catalonia/3514402NS/2023-egg	centers_for_disease_control_and_prevention	barcelona,_facultad_de_medicina
B/Ohio/41/2024	centers_for_disease_control_and_prevention	university_hospitals_cleveland_medical_center
B/Ohio/120/2024	centers_for_disease_control_and_prevention	university_hospitals_cleveland_medical_center
B/MinasGerais/5535/2023	instituto_oswaldo_cruz_fiocruz___laboratory_of_respiratory_viruses_and_measles_(lvrs)	funed_mg
B/Catalonia/NSVH170117656/2022	hospital_universitari_vall_d'hebron	hospital_universitari_vall_d'hebron
B/Antofagasta/30550/2024	instituto_de_salud_publica_de_chile	instituto_de_salud_publica_de_chile
B/PuntaArenas/68549/2023	instituto_de_salud_publica_de_chile	instituto_de_salud_publica_de_chile
B/Coyhaique/44767/2023	instituto_de_salud_publica_de_chile	instituto_de_salud_publica_de_chile
B/Talca/86666/2023	centers_for_disease_control_and_prevention	instituto_de_salud_publica_de_chile
B/Santiago/7346/2024	instituto_de_salud_publica_de_chile	instituto_de_salud_publica_de_chile
B/LaSerena/61703/2024	instituto_de_salud_pública_de_chile	instituto_de_salud_publica_de_chile
B/Antofagasta/91825/2024	instituto_de_salud_pública_de_chile	instituto_de_salud_publica_de_chile
B/England/213781209/2021	microbiology_services_colindale,_public_health_england	microbiology_services_colindale,_public_health_england
B/Victoria/20/2023	who_collaborating_centre_for_reference_and_research_on_influenza	austin_health
B/Kenya/GIHSN-HCL023181305901/2023	cnr_virus_des_infections_respiratoires,_france_sud	kenya_medical_research_institute
B/Uganda/1725/2022	centers_for_disease_control_and_prevention	uganda_virus_research_institute_(uvri),_national_influenza_center
B/Malaysia/IMR-SARI564/2023	national_institute_of_health,_malaysia_	hospital_sultanah_aminah
B/Michigan/MIS-L375169359/2024		university_of_michigan,_lauring_lab,_department_of_microbiology_and_immunology
B/Queensland/IN000767/2024	public_and_environmental_health_reference_laboratories_(pehrl)	pathology_queensland
B/Perth/467/2024	who_collaborating_centre_for_reference_and_research_on_influenza	pathwest_qe_ii_medical_centre
B/Tonga/5/2023	who_collaborating_centre_for_reference_and_research_on_influenza	centers_for_disease_control_and_prevention
B/Yamanashi/23035/2023	national_institute_of_infectious_diseases_(niid)	yamanashi_institute_for_public_health
B/Cameroon/1851/2024	crick_worldwide_influenza_centre	centre_pasteur_du_cameroun
B/Cameroon/12709/2023	crick_worldwide_influenza_centre	centre_pasteur_du_cameroun
B/Cameroon/12366/2023	crick_worldwide_influenza_centre	centre_pasteur_du_cameroun
B/Cameroon/10315/2023	crick_worldwide_influenza_centre	centre_pasteur_du_cameroun
B/CountiesManukau/11/2023	who_collaborating_centre_for_reference_and_research_on_influenza	institute_of_environmental_science_and_research_(esr)
B/Abudhabi/1065/2023	sheikh_khalifa_medical_city_(skmc)	reference_laboratory_for_infectious_disease_(surveillance_lab)
B/Hawaii/16/2023	centers_for_disease_control_and_prevention	state_of_hawaii_department_of_health
B/CountiesManukau/27/2023	who_collaborating_centre_for_reference_and_research_on_influenza	institute_of_environmental_science_and_research_(esr)
B/SouthDakota/7/2024	centers_for_disease_control_and_prevention	south_dakota_public_health_lab
B/Wakayama/122/2023	national_institute_of_infectious_diseases_(niid)	wakayama_prefectural_research_center_of_environment_and_public_health
B/Hiroshima/6/2023	national_institute_of_infectious_diseases_(niid)	center_for_public_health_and_environment,_hiroshima_prefectural_technology_research_institute
B/NelsonMarlborough/6/2023	centers_for_disease_control_and_prevention	institute_of_environmental_science_&_research
B/AbuDhabi/2210731356/2021	centers_for_disease_control_and_prevention	shaikh_khalifa_medical_city
B/Bangladesh/3015/2021	centers_for_disease_control_and_prevention	icddr,b_international_centre_for_diarrhoeal_disease_research,_bangladesh
B/Bangladesh/1033/2021	centers_for_disease_control_and_prevention	icddr,b_international_centre_for_diarrhoeal_disease_research,_bangladesh
B/Singapore/KK0742/2022	ministry_of_health,_singapore	ministry_of_health,_singapore
B/Singapore/SAR53363/2022	ministry_of_health,_singapore	ministry_of_health,_singapore
B/Singapore/KK0868/2022	ministry_of_health,_singapore	ministry_of_health,_singapore
B/Connecticut/1/2021-egg	centers_for_disease_control_and_prevention	connecticut_department._of_public_health
B/Connecticut/1/2021	centers_for_disease_control_and_prevention	connecticut_department._of_public_health
B/Hawaii/1/2023	centers_for_disease_control_and_prevention	state_of_hawaii_department_of_health
B/Hiroshima/1/2023	national_institute_of_infectious_diseases_(niid)	center_for_public_health_and_environment,_hiroshima_prefectural_technology_research_institute
B/Ehime/114/2023	national_institute_of_infectious_diseases_(niid)	ehime_prefecture_institute_of_public_health_and_environmental_science
B/HongKong/76/2023	centers_for_disease_control_and_prevention	government_virus_unit
B/Sundsvall/1/2021	public_health_agency_of_sweden	sundsvalls_sjukhus,_laboratoriemedicin_västernorrland
B/Bahrain/1025/2021	centers_for_disease_control_and_prevention	ministry_of_health_bahrain
B/Victoria/2/2021	who_collaborating_centre_for_reference_and_research_on_influenza	alfred_hospital
B/Philippines/16/2021	who_collaborating_centre_for_reference_and_research_on_influenza	research_institute_of_tropical_medicine
B/Haiti/150/2021	centers_for_disease_control_and_prevention	laboratoire_national_de_sante_publique
B/Haiti/247/2021	centers_for_disease_control_and_prevention	laboratoire_national_de_sante_publique
B/Texas/5/2021	centers_for_disease_control_and_prevention	texas_department_of_state_health_services_laboratory_services
B/Haiti/315/2021	centers_for_disease_control_and_prevention	laboratoire_national_de_sante_publique
B/Haiti/575/2021	centers_for_disease_control_and_prevention	laboratoire_national_de_sante_publique
B/Haiti/289/2021	centers_for_disease_control_and_prevention	laboratoire_national_de_sante_publique
B/Haiti/284/2021	centers_for_disease_control_and_prevention	laboratoire_national_de_sante_publique
B/Massachusetts/1/2021-egg	centers_for_disease_control_and_prevention	massachusetts_department_of_public_health
B/NewYork/PV42660/2021	icahn_school_of_medicine_at_mount_sinai	icahn_school_of_medicine_at_mount_sinai
B/Massachusetts/1/2021	centers_for_disease_control_and_prevention	massachusetts_department_of_public_health
B/Bahrain/377/2021	centers_for_disease_control_and_prevention	ministry_of_health_bahrain
B/RhodeIsland/5/2021	centers_for_disease_control_and_prevention	rhode_island_department_of_health
B/Philippines/15/2021	who_collaborating_centre_for_reference_and_research_on_influenza	research_institute_of_tropical_medicine
B/Iquitos/FPI20544/2022	naval_medical_research_unit_6_(namru_6)	naval_medical_research_unit_6_(namru_6)
B/Iquitos/FPI20530/2022	naval_medical_research_unit_6_(namru_6)	naval_medical_research_unit_6_(namru_6)
B/Yurimaguas/FPY01728/2022	naval_medical_research_unit_6_(namru_6)	naval_medical_research_unit_6_(namru_6)
B/NewYork/PV63253/2022	icahn_school_of_medicine_at_mount_sinai	icahn_school_of_medicine_at_mount_sinai
B/Amazonas/2022-014045-IEC/2022	evandro_chagas_institute	evandro_chagas_institute
B/Amazonas/2022-014047-IEC/2022	evandro_chagas_institute	evandro_chagas_institute
B/Trinidad/1384/2022	centers_for_disease_control_and_prevention	caribbean_epidemiology_center
B/SantaCatarina/22283/2022	instituto_oswaldo_cruz_fiocruz___laboratory_of_respiratory_viruses_and_measles_(lvrs)	lacen_sc
B/Roraima/27061/2022	instituto_oswaldo_cruz_fiocruz___laboratory_of_respiratory_viruses_and_measles_(lvrs)	instituto_oswaldo_cruz_fiocruz___laboratory_of_respiratory_viruses_and_measles_(lvrs)
B/CostaRica/5721/2022	centers_for_disease_control_and_prevention	laboratorio_nacional_de_influenza
B/CostaRica/4328/2022	centers_for_disease_control_and_prevention	laboratorio_nacional_de_influenza
B/Guatemala/673/2022	centers_for_disease_control_and_prevention	laboratorio_nacional_de_salud_guatemala
B/NewYork/PV63320/2022	icahn_school_of_medicine_at_mount_sinai	icahn_school_of_medicine_at_mount_sinai
B/Goias/IAL/C10369/2022	instituto_adolfo_lutz	instituto_adolfo_lutz___national_influenza_center
B/DistritoFederal/IAL/C10394/2022	instituto_adolfo_lutz	instituto_adolfo_lutz___national_influenza_center
B/DistritoFederal/IAL/C9881/2022	instituto_adolfo_lutz	instituto_adolfo_lutz___national_influenza_center
B/Abudhabi/939/2023	sheikh_khalifa_medical_city_(skmc)	reference_laboratory_for_infectious_disease_(surveillance_lab)
B/Zambia/467/2024	centers_for_disease_control_and_prevention	university_teaching_hospital,_moh_zambia
B/Stockholm/5/2021	public_health_agency_of_sweden	klinisk_mikrobiologi,_karolinska_universitetslaboratoriet,_karolinska_universitetssjukhuset_solna
B/Bangladesh/8016/2022	centers_for_disease_control_and_prevention	icddr,b_international_centre_for_diarrhoeal_disease_research,_bangladesh
B/Oman/2262/2022	centers_for_disease_control_and_prevention	central_public_health_laboratory,_ministry_of_health
B/Michigan/UOM10051084201/2022	university_of_michigan	university_of_michigan_clinical_microbiology_laboratory
B/Bangladesh/3029/2022	centers_for_disease_control_and_prevention	icddr,b_international_centre_for_diarrhoeal_disease_research,_bangladesh
B/HongKong/6/2022	centers_for_disease_control_and_prevention	hong_kong_department_of_health
B/Malaysia/IMR-SARI0041/2023	institute_for_medical_research	hospital_pulau_pinang
B/France/ARA-HCL023046810101/2023	cnr_virus_des_infections_respiratoires,_france_sud	cnr_virus_des_infections_respiratoires___france_sud
B/HongKong/4/2022	centers_for_disease_control_and_prevention	government_virus_unit
B/Concepcion/19536/2023	instituto_de_salud_publica	instituto_de_salud_publica_de_chile
B/Bolivia/12/2023	centers_for_disease_control_and_prevention	instituto_nacional_de_laboratoriosde_salud_(inlasa)
B/Uruguay/3817/2022	centers_for_disease_control_and_prevention	departamento_de_laboratorio_de_salud_pública_(dlsp)
B/Bolivia/72960VIR/2022	centers_for_disease_control_and_prevention	instituto_nacional_de_laboratoriosde_salud_(inlasa)
B/Bolivia/62279VIR/2022	centers_for_disease_control_and_prevention	instituto_nacional_de_laboratoriosde_salud_(inlasa)
B/Victoria/34/2023	who_collaborating_centre_for_reference_and_research_on_influenza	monash_medical_centre
B/Arizona/1/2022	centers_for_disease_control_and_prevention	arizona_department_of_health_services
B/Argentina/2460/2022	centers_for_disease_control_and_prevention	intituto_nacional_de_epidemiologia
B/Chile/5469/2022	centers_for_disease_control_and_prevention	instituto_de_salud_publica_de_chile
B/Alagoas/4390/2023	centers_for_disease_control_and_prevention	laboratório_central_de_saúde_pública_de_alagoas,_lacen_al
B/NewYork/PV86110/2023	icahn_school_of_medicine_at_mount_sinai	icahn_school_of_medicine_at_mount_sinai
B/Bolivia/2985/2022	centers_for_disease_control_and_prevention	instituto_nacional_de_laboratoriosde_salud_(inlasa)
B/Santiago/127776/2022	instituto_de_salud_publica	instituto_de_salud_publica_de_chile
B/Bolivia/2569/2022	centers_for_disease_control_and_prevention	instituto_nacional_de_laboratoriosde_salud_(inlasa)
B/Bolivia/2876/2022	centers_for_disease_control_and_prevention	instituto_nacional_de_laboratoriosde_salud_(inlasa)
B/Michigan/3/2022	centers_for_disease_control_and_prevention	michigan_department_of_community_health
B/Argentina/2297/2022	centers_for_disease_control_and_prevention	intituto_nacional_de_epidemiologia
B/Peru/UPCH_3760/2022	universidad_peruana_cayetano_heredia	instituto_de_medicine_tropical_alexander_von_humboldt___upch
B/Alagoas/1152/2023	centers_for_disease_control_and_prevention	laboratório_central_de_saúde_pública_de_alagoas,_lacen_al
B/Parana/22953/2022	instituto_oswaldo_cruz_fiocruz___laboratory_of_respiratory_viruses_and_measles_(lvrs)	laboratório_central_do_estado_do_paraná___lacen/pr
B/Bolivia/44/2023	centers_for_disease_control_and_prevention	instituto_nacional_de_laboratoriosde_salud_(inlasa)
B/Idaho/1/2022	centers_for_disease_control_and_prevention	state_of_idaho_bureau_of_laboratories
B/Chile/321/2022	centers_for_disease_control_and_prevention	instituto_de_salud_publica_de_chile
B/Tokushima/1/2023	national_institute_of_infectious_diseases_(niid)	tokushima_prefectural_centre_for_public_health_and_environmental_sciences
B/MatoGrossodoSul/IAL/C10293/2022	instituto_adolfo_lutz	instituto_adolfo_lutz___national_influenza_center
B/Uruguay/3800/2022	centers_for_disease_control_and_prevention	departamento_de_laboratorio_de_salud_pública_(dlsp)
B/Sydney/15/2022	who_collaborating_centre_for_reference_and_research_on_influenza	childrens_hospital_westmead
B/Bahrain/6776/2022	centers_for_disease_control_and_prevention	ministry_of_health_bahrain
B/England/215121917/2021	uk_health_security_agency___colindale	uk_health_security_agency___colindale
B/Switzerland/57945/2021	swiss_national_reference_centre_for_influenza	hopital_cantonal_universitaire_de_geneves
B/Switzerland/11488/2021	swiss_national_reference_centre_for_influenza	hopital_cantonal_universitaire_de_geneves
B/India/Dibrugarh-NIVQC569/2021	icmr_national_institute_of_virology	icmr_national_institute_of_virology
B/India/Dibrugarh-NIVQC574/2021	icmr_national_institute_of_virology	icmr_national_institute_of_virology
B/India/1846/2021	centers_for_disease_control_and_prevention	national_institute_of_virology
B/England/214800290/2021	uk_health_security_agency___colindale	uk_health_security_agency___colindale
B/England/214120822/2021	microbiology_services_colindale,_public_health_england	microbiology_services_colindale,_public_health_england
B/India/2163/2021	centers_for_disease_control_and_prevention	national_institute_of_virology
B/India/Aurangabad-NIVQC63/2021	icmr_national_institute_of_virology	icmr_national_institute_of_virology
B/Singapore/SAR0950/2022	ministry_of_health,_singapore	ministry_of_health,_singapore
B/Singapore/SAR0691/2022	ministry_of_health,_singapore	ministry_of_health,_singapore
B/Bahrain/609/2021	centers_for_disease_control_and_prevention	ministry_of_health_bahrain
B/Nebraska/1/2022	centers_for_disease_control_and_prevention	nebraska_public_health_lab
B/Bahrain/2223/2022	centers_for_disease_control_and_prevention	ministry_of_health_bahrain
B/AbuDhabi/3430298/2021	centers_for_disease_control_and_prevention	shaikh_khalifa_medical_city
B/Bahrain/9938/2021	centers_for_disease_control_and_prevention	ministry_of_health_bahrain
B/StPetersburg/RII-08/2022	centers_for_disease_control_and_prevention	research_institute_of_influenza,_ministry_of_healthcare_of_the_russian_federation
B/StPetersburg/RII-10/2022	centers_for_disease_control_and_prevention	research_institute_of_influenza,_ministry_of_healthcare_of_the_russian_federation
B/Mixco/112FLU/2023	laboratorio_nacional_de_salud,_guatemala	laboratorio_nacional_de_salud,_guatemala
B/RhodeIsland/24/2023	centers_for_disease_control_and_prevention	rhode_island_department_of_health
B/California/27/2023	centers_for_disease_control_and_prevention	california_department_of_health_services
B/Bangladesh/9/2023	centers_for_disease_control_and_prevention	icddr,b_international_centre_for_diarrhoeal_disease_research,_bangladesh
B/Kenya/GIHSN-HCL023181294301/2022	cnr_virus_des_infections_respiratoires,_france_sud	kenya_medical_research_institute
B/Khabarovsk/283/2023	who_national_influenza_centre_russian_federation	center_of_hygiene_and_epidemiology_in_khabarovsk_territory
B/Khabarovsk/202/2022	who_national_influenza_centre_russian_federation	center_of_hygiene_and_epidemiology_in_khabarovsk_territory
B/Victoria/37/2023	who_collaborating_centre_for_reference_and_research_on_influenza	monash_medical_centre
B/UlanUde/6/2023	who_national_influenza_centre_russian_federation	center_of_hygiene_and_epidemiology_in_republic_of_buryatia
B/Pennsylvania/1/2022	centers_for_disease_control_and_prevention	pennsylvania_department_of_health
B/Novosibirsk/8222S/2023	who_national_influenza_centre_russian_federation	research_institute_of_experimental_and_clinical_medicine
B/Pakistan/320/2022	centers_for_disease_control_and_prevention	national_institute_of_health
B/England/225040246/2022	uk_health_security_agency___colindale	uk_health_security_agency___colindale
B/Bahrain/2960/2023	centers_for_disease_control_and_prevention	ministry_of_health_bahrain
B/Denmark/585/2023	statens_serum_institute	statens_serum_institut_
B/HongKong/7720/2023	centers_for_disease_control_and_prevention	government_virus_unit
B/Mauritius/P49720/2023	crick_worldwide_influenza_centre	ministry_of_health_and_wellness,_mauritius
B/Bangkok/P3166/2024	thai_national_influenza_center	thai_national_influenza_center
B/Singapore/GP13317/2022	ministry_of_health,_singapore	ministry_of_health,_singapore
B/AbuDhabi/4313/2023	centers_for_disease_control_and_prevention	shaikh_khalifa_medical_city
B/England/225000983/2022	uk_health_security_agency___colindale	uk_health_security_agency___colindale
B/Shanxi-Taiyuan/1147/2024	taiyuan_center_for_disease_control_and_prevention	taiyuan_center_for_disease_control_and_prevention
B/Singapore/GP10673/2023	ministry_of_health,_singapore	ministry_of_health,_singapore
B/Singapore/KK2282/2023	ministry_of_health,_singapore	ministry_of_health,_singapore
B/Andalucia/1875/2023	instituto_de_salud_carlos_iii	servicio_de_microbiología_hospital_virgen_de_las_nieves
B/Darwin/11/2021	who_collaborating_centre_for_reference_and_research_on_influenza	royal_darwin_hospital
B/Victoria/12/2022	who_collaborating_centre_for_reference_and_research_on_influenza	who_collaborating_centre_for_reference_and_research_on_influenza
B/ChiangRai/NIC-P3056/2022	thai_national_influenza_center	thai_national_influenza_center
B/ChiangRai/88/2022	centers_for_disease_control_and_prevention	who_national_influenza_centre,_national_institute_of_medical_research_(nimr)
B/ChiangRai/NIC-P2895/2022	thai_national_influenza_center	thai_national_influenza_center
B/ChiangRai/P4547/2022	thai_national_influenza_center	thai_national_influenza_center
B/ChiangRai/P4150/2022	thai_national_influenza_center	thai_national_influenza_center
B/ChiangRai/P760/2023	thai_national_influenza_center	thai_national_influenza_center
B/Victoria/11/2022	who_collaborating_centre_for_reference_and_research_on_influenza	who_collaborating_centre_for_reference_and_research_on_influenza
B/SuratThani/P4420/2022	thai_national_influenza_center	thai_national_influenza_center
B/Lao/F4377/2022	national_institute_of_infectious_diseases_(niid)	national_center_for_laboratory_and_epidemiology
B/Songkhla/FSEQ07/2023	thai_national_influenza_center	thai_national_influenza_center
B/Kitakyushu/10/2023	national_institute_of_infectious_diseases_(niid)	kitakyusyu_city_institute_of_enviromental_sciences
B/Denmark/38/2022	statens_serum_institute	statens_serum_institut_
B/Brisbane/23/2023	who_collaborating_centre_for_reference_and_research_on_influenza	4cyte_pathology
B/CountiesManukau/18/2023	who_collaborating_centre_for_reference_and_research_on_influenza	institute_of_environmental_science_and_research_(esr)
B/Victoria/20/2022	who_collaborating_centre_for_reference_and_research_on_influenza	austin_health
B/HongKong/8/2022	centers_for_disease_control_and_prevention	hong_kong_department_of_health
B/ChiangRai/P1199/2023	thai_national_influenza_center	thai_national_influenza_center
B/ChiangRai/P1253/2023	thai_national_influenza_center	thai_national_influenza_center
B/France/ARA-HCL023000152801/2023	cnr_virus_des_infections_respiratoires,_france_sud	cnr_virus_des_infections_respiratoires___france_sud
B/Victoria/17/2022	who_collaborating_centre_for_reference_and_research_on_influenza	who_collaborating_centre_for_reference_and_research_on_influenza
B/Tokyo/22181/2023	national_institute_of_infectious_diseases_(niid)	tokyo_metropolitan_institute_of_public_health
B/Singapore/GP11974/2022	ministry_of_health,_singapore	ministry_of_health,_singapore
B/Osaka/1/2023	centers_for_disease_control_and_prevention	osaka_city_institute_of_public_health_and_environmental_sciences
B/Darwin/10/2022	who_collaborating_centre_for_reference_and_research_on_influenza	royal_darwin_hospital
B/Thailand/5/2022	who_collaborating_centre_for_reference_and_research_on_influenza	who_national_influenza_centre,_national_institute_of_medical_research_(nimr)
B/Saitama-C/1/2023	national_institute_of_infectious_diseases_(niid)	saitama_city_institute_of_health__science_and_research
B/Saitama/1/2022	national_institute_of_infectious_diseases_(niid)	saitama_institute_of_public_health
B/Kanagawa/IC2223/2023	national_institute_of_infectious_diseases_(niid)	national_institute_of_infectious_diseases_(niid)
B/Nagano/2137/2023	national_institute_of_infectious_diseases_(niid)	nagano_environmental_conservation_research_institute
B/Nagano/2142/2023	national_institute_of_infectious_diseases_(niid)	nagano_environmental_conservation_research_institute
B/Sapporo/2/2023	national_institute_of_infectious_diseases_(niid)	sapporo_city_institute_of_public_health
B/Aichi/4/2023	national_institute_of_infectious_diseases_(niid)	aichi_prefectural_institute_of_public_health
B/Yokohama/1/2023	national_institute_of_infectious_diseases_(niid)	yokohama_city_institute_of_public_health.
B/Saitama-C/3/2023	national_institute_of_infectious_diseases_(niid)	saitama_city_institute_of_health__science_and_research
B/California/1/2021	centers_for_disease_control_and_prevention	california_department_of_health_services
B/India/Pune-NIVCoV352587/2021	icmr_national_institute_of_virology	icmr_national_institute_of_virology
B/Maldives/809/2024	centers_for_disease_control_and_prevention	ministry_of_health
B/SouthAustralia/2/2022	who_collaborating_centre_for_reference_and_research_on_influenza	institute_of_medical_and_veterinary_science_(imvs)
B/Bhutan/1086/2023	centers_for_disease_control_and_prevention	royal_centre_for_disease_control
B/England/5120981/2024	ukhsa_/_respiratory_virus_unit	uk_health_security_agency___colindale
B/Bahrain/116/2024	centers_for_disease_control_and_prevention	ministry_of_health_bahrain
B/Michigan/MIS-L376606853/2024		university_of_michigan,_lauring_lab,_department_of_microbiology_and_immunology
B/Delaware/16/2023	centers_for_disease_control_and_prevention	delaware_public_health_lab
B/Texas/1/2024	centers_for_disease_control_and_prevention	texas_department_of_state_health_services_laboratory_services
B/Texas/2/2024	centers_for_disease_control_and_prevention	texas_department_of_state_health_services_laboratory_services
B/Lao/3815/2023	centers_for_disease_control_and_prevention	national_center_for_laboratory_and_epidemiology
B/SuratThani/P1291/2023	thai_national_influenza_center	thai_national_influenza_center
B/Taranaki/4/2023	centers_for_disease_control_and_prevention	institute_of_environmental_science_&_research
B/Brisbane/240/2023	who_collaborating_centre_for_reference_and_research_on_influenza	queensland_health_forensic_and_scientific_services_
B/Victoria/1455/2023	who_collaborating_centre_for_reference_and_research_on_influenza	vic___australian_clinical_labs_(acl)___geelong
B/Abudhabi/14532/2023	sheikh_khalifa_medical_city_(skmc)	reference_laboratory_for_infectious_disease_(surveillance_lab)
B/Bangkok/P5002/2023	thai_national_influenza_center	thai_national_influenza_center
B/Yokohama/5/2023	national_institute_of_infectious_diseases_(niid)	yokohama_city_institute_of_public_health.
B/Fukui/10/2024	national_institute_of_infectious_diseases_(niid)	fukui_prefectural_institute_of_public_health
B/Gwangju/3859/2024	korea_disease_control_and_prevention_agency_(kdca)	korea_disease_control_and_prevention_agency_(kdca)
B/Gwangju/3823/2024	korea_disease_control_and_prevention_agency_(kdca)	korea_disease_control_and_prevention_agency_(kdca)
B/PhraNakhonSiAyutthaya/P4605/2023	thai_national_influenza_center	thai_national_influenza_center
B/NakhonPhanom/P1137/2024	thai_national_influenza_center	thai_national_influenza_center
B/SuratThani/P5623/2023	thai_national_influenza_center	thai_national_influenza_center
B/Abudhabi/10681/2024	sheikh_khalifa_medical_city_(skmc)	reference_laboratory_for_infectious_disease_(surveillance_lab)
B/AbuDhabi/11674/2024	centers_for_disease_control_and_prevention	shaikh_khalifa_medical_city
B/India/Salem-NIV239731/2023	icmr_national_institute_of_virology	icmr_national_institute_of_virology
B/Bhutan/1355/2023	centers_for_disease_control_and_prevention	royal_centre_for_disease_control
B/Bhutan/1617/2023	centers_for_disease_control_and_prevention	royal_centre_for_disease_control
B/Bhutan/1717/2023	centers_for_disease_control_and_prevention	royal_centre_for_disease_control
B/Ranong/76/2023	centers_for_disease_control_and_prevention	who_national_influenza_centre,_national_institute_of_medical_research_(nimr)
B/Ranong/P5247/2023	thai_national_influenza_center	thai_national_influenza_center
B/Saskatchewan/SKFLU354243/2024	roy_romanow_provincial_laboratory	roy_romanow_provincial_laboratory
B/Bhutan/1467/2024	centers_for_disease_control_and_prevention	royal_centre_for_disease_control
B/Bhutan/1474/2024	centers_for_disease_control_and_prevention	royal_centre_for_disease_control
B/Bhutan/1699/2023	centers_for_disease_control_and_prevention	royal_centre_for_disease_control
B/Bhutan/1470/2024	centers_for_disease_control_and_prevention	royal_centre_for_disease_control
B/Bhutan/1459/2024	centers_for_disease_control_and_prevention	royal_centre_for_disease_control
B/Volzhsk/RII-1/2025	who_national_influenza_centre_russian_federation	who_national_influenza_centre_russian_federation
B/Manitoba/RV00127/2025	public_health_agency_of_canada_(phac)	cadham_provincial_laboratory
B/Manitoba/RV01645-25/2025	public_health_agency_of_canada_(phac)	cadham_provincial_laboratory
B/Manitoba/RV00904-25/2025	public_health_agency_of_canada_(phac)	cadham_provincial_laboratory
B/Bhutan/1473/2024	centers_for_disease_control_and_prevention	royal_centre_for_disease_control
B/Bhutan/BTF-01474/2024	centers_for_disease_control_and_prevention	royal_centre_for_disease_control
B/Bhutan/1406/2024	centers_for_disease_control_and_prevention	royal_centre_for_disease_control
B/Bhutan/1514/2024	centers_for_disease_control_and_prevention	royal_centre_for_disease_control
B/Bhutan/600/2024	centers_for_disease_control_and_prevention	royal_centre_for_disease_control
B/Bhutan/1487/2024	centers_for_disease_control_and_prevention	royal_centre_for_disease_control
B/Bhutan/1321/2023	centers_for_disease_control_and_prevention	royal_centre_for_disease_control
B/HongKong/217/2024	crick_worldwide_influenza_centre	government_virus_unit
B/Oman/CPHL_7243800/2024	ministry_of_health,_central_public_health_laboratory	central_public_health_laboratories_oman
B/NorthDakota/6/2023	centers_for_disease_control_and_prevention	north_dakota_department_of_health
B/Bahrain/7770/2024	centers_for_disease_control_and_prevention	ministry_of_health_bahrain
B/Switzerland/329/2024	crick_worldwide_influenza_centre	swiss_national_reference_centre_for_influenza
B/HongKong/64/2023	crick_worldwide_influenza_centre	government_virus_unit
B/Guangdong-Dongwanbendi/2973/2023-egg	centers_for_disease_control_and_prevention	who_chinese_national_influenza_center
B/Guangdong-Dongwanbendi/2973/2023	centers_for_disease_control_and_prevention	who_chinese_national_influenza_center
B/HongKong/59/2023	crick_worldwide_influenza_centre	government_virus_unit
B/Maldives/1035/2024	centers_for_disease_control_and_prevention	ministry_of_health
B/Bangkok/P5/2025	thai_national_influenza_center	thai_national_influenza_center
B/Bangkok/P200/2025	thai_national_influenza_center	thai_national_influenza_center
B/Shandong-Boshan/1321/2024-egg	centers_for_disease_control_and_prevention	who_chinese_national_influenza_center
B/Shandong-Boshan/1321/2024	centers_for_disease_control_and_prevention	who_chinese_national_influenza_center
B/Lao/F0965/2024	national_institute_of_infectious_diseases_(niid)	national_center_for_laboratory_and_epidemiology
B/HongKong/65/2023	centers_for_disease_control_and_prevention	government_virus_unit
B/HongKong/73/2023	crick_worldwide_influenza_centre	government_virus_unit
B/Tak/F2073/2024	thai_national_influenza_center	thai_national_influenza_center
B/ChiangRai/F333/2025	thai_national_influenza_center	thai_national_influenza_center
B/ChiangRai/F457/2025	thai_national_influenza_center	thai_national_influenza_center
B/Iowa/52/2023	centers_for_disease_control_and_prevention	iowa_state_hygienic_laboratory
B/Victoria/586/2023	who_collaborating_centre_for_reference_and_research_on_influenza	austin_health
B/Colorado/37/2024	centers_for_disease_control_and_prevention	colorado_department_of_health_lab
B/Peru/LIM-INS-336/2024	instituto_nacional_de_salud_peru	laboratorio_de_referencia_nacional_virus_respiratorios,_instituto_nacional_de_salud
B/Peru/LIM-INS-406/2024	instituto_nacional_de_salud_peru	laboratorio_de_referencia_nacional_virus_respiratorios,_instituto_nacional_de_salud
B/India/Madurai-NIV2319012/2023	icmr_national_institute_of_virology	icmr_national_institute_of_virology
B/India/Mys-NIV24_2483/2024	who_collaborating_centre_for_reference_and_research_on_influenza	icmr_national_institute_of_virology
B/Pennsylvania/127/2024	centers_for_disease_control_and_prevention	children's_hospital_of_pittsburgh_upmc
B/Ghana/8388/2023	crick_worldwide_influenza_centre	university_of_ghana
B/StPetersburg/RII-MH193242S/2024	who_national_influenza_centre_russian_federation	research_institute_of_influenza,_ministry_of_healthcare_of_the_russian_federation
B/StPetersburg/RII-59/2024	crick_worldwide_influenza_centre	who_national_influenza_centre_russian_federation
B/Colombia/1735/2024	centers_for_disease_control_and_prevention	instituto_nacional_de_salud_de_columbia
B/Colombia/1737/2024	centers_for_disease_control_and_prevention	instituto_nacional_de_salud_de_columbia
B/Queensland/IN000947/2025	public_and_environmental_health_reference_laboratories_(pehrl)	qld,_sullivan_nicolaides_pathology
B/NewYork/PX14445/2025	icahn_school_of_medicine_at_mount_sinai	icahn_school_of_medicine_at_mount_sinai
B/NewYork/PX11583/2024	icahn_school_of_medicine_at_mount_sinai	icahn_school_of_medicine_at_mount_sinai
B/IndiA/Udaipur-NIV_24_953/2024	icmr_national_institute_of_virology	icmr_national_institute_of_virology
B/India/Udaipur-Niv_24_953/2024	centers_for_disease_control_and_prevention	national_institute_of_virology
B/Phuket/P1962/2024	thai_national_influenza_center	thai_national_influenza_center
B/Valdivia/90862/2024	instituto_de_salud_pública_de_chile	instituto_de_salud_publica_de_chile
B/Coyhaique/91360/2024	instituto_de_salud_pública_de_chile	instituto_de_salud_publica_de_chile
B/VinaDelMar/85906/2024	instituto_de_salud_pública_de_chile	instituto_de_salud_publica_de_chile
B/Santiago/74217/2024	instituto_de_salud_pública_de_chile	instituto_de_salud_publica_de_chile
B/Valdivia/84150/2024	instituto_de_salud_pública_de_chile	instituto_de_salud_publica_de_chile
B/VinaDelMar/96722/2024	instituto_de_salud_pública_de_chile	instituto_de_salud_publica_de_chile
B/Tyumen/197-3V/2024	state_research_center_of_virology_and_biotechnology_(vector)	fbuz_center_of_hygiene_and_epidemiology_in_tyumen_oblast
B/Massachusetts/15250/2025	u.s._air_force_school_of_aerospace_medicine	u.s._air_force_school_of_aerospace_medicine_
B/Queensland/IN000722/2024	public_and_environmental_health_reference_laboratories_(pehrl)	mater_pathology
B/Ulsan/557/2025	korea_disease_control_and_prevention_agency_(kdca)	korea_disease_control_and_prevention_agency_(kdca)
B/Ulsan/556/2025	korea_disease_control_and_prevention_agency_(kdca)	korea_disease_control_and_prevention_agency_(kdca)
B/Victoria/176/2024	who_collaborating_centre_for_reference_and_research_on_influenza	royal_melbourne_hospital
B/Sydney/33/2024	who_collaborating_centre_for_reference_and_research_on_influenza	childrens_hospital_westmead
B/India/Kol-NIV24_3352/2024	who_collaborating_centre_for_reference_and_research_on_influenza	icmr_national_institute_of_virology
B/India/Alip-NIV24_3352/2024	icmr_national_institute_of_virology	icmr_national_institute_of_virology
B/France/PAC-RELAB-HCL025012763301/2025	cnr_virus_des_infections_respiratoires,_france_sud	cnr_virus_des_infections_respiratoires___france_sud
B/NakhonPhanom/F316/2025	thai_national_influenza_center	thai_national_influenza_center
B/Germany/15740/2025	u.s._air_force_school_of_aerospace_medicine	u.s._air_force_school_of_aerospace_medicine_
B/India/PUN-NIV24_3276/2024-egg	centers_for_disease_control_and_prevention	national_institute_of_virology
B/Samara/3/2025	who_national_influenza_centre_russian_federation	fbuz_gygiene_and_epidemiology_centre_samara_oblast
B/Queensland/IN000958/2025	public_and_environmental_health_reference_laboratories_(pehrl)	mater_pathology
B/India/Dib-NIV24_3335/2024	who_collaborating_centre_for_reference_and_research_on_influenza	icmr_national_institute_of_virology
B/StPetersburg/RII-MH225296S/2025	who_national_influenza_centre_russian_federation	research_institute_of_influenza,_ministry_of_healthcare_of_the_russian_federation
B/Queensland/IN000819/2024	public_and_environmental_health_reference_laboratories_(pehrl)	qld,_sullivan_nicolaides_pathology
B/Stavropol/2/2025	who_national_influenza_centre_russian_federation	center_of_hygiene_and_epidemiology_in_stavropol_territory
B/England/580217/2025	ukhsa_/_respiratory_virus_unit	uk_health_security_agency___colindale
B/Tokyo/EIS11-138/2024	national_institute_of_infectious_diseases_(niid)	national_institute_of_infectious_diseases_(niid)
B/Luga/RII-1331S/2025	who_national_influenza_centre_russian_federation	research_institute_of_influenza,_ministry_of_healthcare_of_the_russian_federation
B/StPetersburg/RII-1668S/2025	who_national_influenza_centre_russian_federation	research_institute_of_influenza,_ministry_of_healthcare_of_the_russian_federation
B/StPetersburg/RII-MH226158S/2025	who_national_influenza_centre_russian_federation	research_institute_of_influenza,_ministry_of_healthcare_of_the_russian_federation
B/StPetersburg/RII-MH225896S/2025	who_national_influenza_centre_russian_federation	research_institute_of_influenza,_ministry_of_healthcare_of_the_russian_federation
B/Algeria/278/2025	crick_worldwide_influenza_centre	institut_pasteur_d'algerie
B/HongKong/390/2024	centers_for_disease_control_and_prevention	government_virus_unit
B/Canberra/2/2025	who_collaborating_centre_for_reference_and_research_on_influenza	canberra_hospital
B/HongKong/228/2024	crick_worldwide_influenza_centre	government_virus_unit
B/Brazil/SP-LEIAL4316/2025	instituto_adolfo_lutz	instituto_adolfo_lutz___national_influenza_center
B/Brazil/SP-LEIAL4317/2025	instituto_adolfo_lutz	instituto_adolfo_lutz___national_influenza_center
B/Canberra/1/2025	who_collaborating_centre_for_reference_and_research_on_influenza	canberra_hospital
B/Queensland/IN000443/2024	public_and_environmental_health_reference_laboratories_(pehrl)	qld,_sullivan_nicolaides_pathology
B/Singapore/GP10680/2024	ministry_of_health,_singapore	ministry_of_health,_singapore
B/AbuDhabi/11338/2024	centers_for_disease_control_and_prevention	shaikh_khalifa_medical_city
B/Singapore/SAR0848/2024	ministry_of_health,_singapore	ministry_of_health,_singapore
B/Kenya/145/2024	centers_for_disease_control_and_prevention	cdc_kenya
B/Darwin/3/2025	who_collaborating_centre_for_reference_and_research_on_influenza	royal_darwin_hospital
B/Queensland/IN000899/2025	public_and_environmental_health_reference_laboratories_(pehrl)	pathology_queensland
B/Queensland/IN000957/2025	public_and_environmental_health_reference_laboratories_(pehrl)	mater_pathology
B/Victoria/174/2024	who_collaborating_centre_for_reference_and_research_on_influenza	monash_medical_centre
B/Queensland/IN000955/2025	public_and_environmental_health_reference_laboratories_(pehrl)	pathology_queensland
B/Romania/346/2025	national_institute_of_infectious_diseases_prof._dr._matei_bals	national_institute_of_infectious_diseases_prof._dr._matei_bals
B/Ukraine/3129/2025	public_health_center,_ministry_of_health_ukraine	public_health_center,_ministry_of_health_ukraine
B/India/Del-NIV24_3291/2024	who_collaborating_centre_for_reference_and_research_on_influenza	icmr_national_institute_of_virology
B/StPetersburg/RII-MH225272S/2025	who_national_influenza_centre_russian_federation	research_institute_of_influenza,_ministry_of_healthcare_of_the_russian_federation
B/Abudhabi/6420/2024	sheikh_khalifa_medical_city_(skmc)	reference_laboratory_for_infectious_disease_(surveillance_lab)
B/AbuDhabi/8917/2024	centers_for_disease_control_and_prevention	shaikh_khalifa_medical_city
B/England/340084/2025	ukhsa_/_respiratory_virus_unit	uk_health_security_agency___colindale
B/Bhutan/1549/2024	centers_for_disease_control_and_prevention	royal_centre_for_disease_control
B/Queensland/IN000956/2025	public_and_environmental_health_reference_laboratories_(pehrl)	mater_pathology
B/Queensland/IN000945/2025	public_and_environmental_health_reference_laboratories_(pehrl)	qld,_sullivan_nicolaides_pathology
B/Podporozhye/RII-1420S/2025	who_national_influenza_centre_russian_federation	research_institute_of_influenza,_ministry_of_healthcare_of_the_russian_federation
B/Novgorod/RII-MH226737S/2025	who_national_influenza_centre_russian_federation	research_institute_of_influenza,_ministry_of_healthcare_of_the_russian_federation
B/StPetersburg/RII-24/2025-egg	who_national_influenza_centre_russian_federation	who_national_influenza_centre_russian_federation
B/Kaliningrad/RII-2/2025	who_national_influenza_centre_russian_federation	who_national_influenza_centre_russian_federation
B/StPetersburg/RII-MH224947S/2025	who_national_influenza_centre_russian_federation	research_institute_of_influenza,_ministry_of_healthcare_of_the_russian_federation
B/StPetersburg/RII-24/2025	who_national_influenza_centre_russian_federation	who_national_influenza_centre_russian_federation
B/Kaliningrad/RII-24/2024	who_national_influenza_centre_russian_federation	who_national_influenza_centre_russian_federation
B/Ukraine/2735/2024	crick_worldwide_influenza_centre	ministry_of_health_of_ukraine
B/AbuDhabi/16659/2023	centers_for_disease_control_and_prevention	shaikh_khalifa_medical_city
B/SouthAfrica/5582/2024	centers_for_disease_control_and_prevention	national_institute_for_communicable_disease
B/SouthAfrica/PATH-CERI-K062962/2024	center_for_epidemic_response_and_innovation_(ceri)	pathcare
B/SouthAfrica/NHLS-SU-CERI-K062102/2024	center_for_epidemic_response_and_innovation_(ceri)	national_health_laboratory_service,_stellenbosch_university
B/SouthAfrica/NHLS-SU-CERI-K061914/2024	center_for_epidemic_response_and_innovation_(ceri)	pathcare
B/StPetersburg/RII-MH222391S/2025	who_national_influenza_centre_russian_federation	research_institute_of_influenza,_ministry_of_healthcare_of_the_russian_federation
B/StPetersburg/RII-MH225871S/2025	who_national_influenza_centre_russian_federation	research_institute_of_influenza,_ministry_of_healthcare_of_the_russian_federation
B/StPetersburg/RII-1524S/2025	who_national_influenza_centre_russian_federation	research_institute_of_influenza,_ministry_of_healthcare_of_the_russian_federation
B/StPetersburg/RII-MH225124S/2025	who_national_influenza_centre_russian_federation	research_institute_of_influenza,_ministry_of_healthcare_of_the_russian_federation
B/Kirovsk/RII-MH224516S/2025	who_national_influenza_centre_russian_federation	research_institute_of_influenza,_ministry_of_healthcare_of_the_russian_federation
B/StPetersburg/RII-1452S/2025	who_national_influenza_centre_russian_federation	research_institute_of_influenza,_ministry_of_healthcare_of_the_russian_federation
B/StPetersburg/RII-23/2025-egg	who_national_influenza_centre_russian_federation	who_national_influenza_centre_russian_federation
B/StPetersburg/RII-23/2025	who_national_influenza_centre_russian_federation	who_national_influenza_centre_russian_federation
B/Mayotte/HCL025021151701/2025	cnr_virus_des_infections_respiratoires,_france_sud	cnr_virus_des_infections_respiratoires___france_sud
B/France/PAC-RELAB-HCL025003985801/2025	cnr_virus_des_infections_respiratoires,_france_sud	cnr_virus_des_infections_respiratoires___france_sud
B/Switzerland/UN-SNRCI-HUG-46974647/2025	university_of_geneva	swiss_national_reference_centre_for_influenza
B/Senegal/IPD-5328/2024	institut_pasteur_de_dakar	institut_pasteur_de_dakar
B/NizhnyNovgorod/RII-3/2025	who_national_influenza_centre_russian_federation	who_national_influenza_centre_russian_federation
B/Senegal/IPD-5331/2024	institut_pasteur_de_dakar	institut_pasteur_de_dakar
B/Stavropol/13/2025	who_national_influenza_centre_russian_federation	center_of_hygiene_and_epidemiology_in_stavropol_territory
B/India/Pun-NIVCOV242342/2024	icmr_national_institute_of_virology	icmr_national_institute_of_virology
B/Kenya/146/2024	centers_for_disease_control_and_prevention	cdc_kenya
B/SouthAfrica/NHLS-UCT-CERI-K063096/2024	center_for_epidemic_response_and_innovation_(ceri)	national_health_laboratory_services,_university_of_cape_town
B/SouthAfrica/PATH-CERI-K062724/2024	center_for_epidemic_response_and_innovation_(ceri)	pathcare
B/SouthAfrica/7851/2024	centers_for_disease_control_and_prevention	national_institute_for_communicable_disease
B/SouthAfrica/NHLS-SU-CERI-K061898/2024	center_for_epidemic_response_and_innovation_(ceri)	national_health_laboratory_service,_stellenbosch_university
B/SouthAfrica/R02733/2024	national_institute_for_communicable_diseases_(nicd)	national_institute_for_communicable_diseases_(nicd)
B/SouthAfrica/R03924/2024	national_institute_for_communicable_diseases_(nicd)	national_institute_for_communicable_diseases_(nicd)
B/SouthAfrica/NHLS-SU-CERI-K062362/2024	center_for_epidemic_response_and_innovation_(ceri)	national_health_laboratory_service,_stellenbosch_university
B/Abudhabi/6436/2024	sheikh_khalifa_medical_city_(skmc)	reference_laboratory_for_infectious_disease_(surveillance_lab)
B/Salamanca/176/2024	crick_worldwide_influenza_centre	universidad_de_valladolid
B/Lisbon/98/2024	national_institute_for_health_dr._ricardo_jorge	national_institute_of_health_dr._ricardo_jorge,_infectious_diseases_department,_national_influenza_reference_laboratory
B/Para/8018-IEC/2025	evandro_chagas_institute	evandro_chagas_institute
B/Ukraine/2914/2025	public_health_center,_ministry_of_health_ukraine	public_health_center,_ministry_of_health_ukraine
B/Ukraine/2896/2024	public_health_center,_ministry_of_health_ukraine	public_health_center,_ministry_of_health_ukraine
B/HongKong/218/2024	crick_worldwide_influenza_centre	government_virus_unit
B/Maldives/1834/2024	centers_for_disease_control_and_prevention	ministry_of_health
B/Malaysia/IMR-SARI0388/2025	institute_for_medical_research	hospital_sultanah_aminah
B/Perth/455/2024	who_collaborating_centre_for_reference_and_research_on_influenza	pathwest_qe_ii_medical_centre
B/Maldives/2135/2024	centers_for_disease_control_and_prevention	ministry_of_health
B/Maldives/1749/2024	centers_for_disease_control_and_prevention	ministry_of_health
B/Maldives/1643/2024	centers_for_disease_control_and_prevention	ministry_of_health
B/Maldives/1325/2024	centers_for_disease_control_and_prevention	ministry_of_health
A/Pakistan/NIC/ICT/284/2025	national_institute_of_health_pakistan	national_institute_of_health
A/Pakistan/NIC/ICT/218/2025	national_institute_of_health_pakistan	national_institute_of_health
A/Pakistan/NIC/KTH/13/2025	national_institute_of_health_pakistan	national_institute_of_health
A/Pakistan/NIC/ICT/01/2025	national_institute_of_health_pakistan	national_institute_of_health
A/Pakistan/NMC/28/2025	national_institute_of_health_pakistan	national_institute_of_health
A/Pakistan/NIC/ICT/520/2025	national_institute_of_health_pakistan	national_institute_of_health
B/Fukushima/3/2023	national_institute_of_infectious_diseases_(niid)	fukushima_prefectural_institute_of_public_health
B/Fukushima/2/2023	national_institute_of_infectious_diseases_(niid)	fukushima_prefectural_institute_of_public_health
B/England/225020852/2022	uk_health_security_agency___colindale	uk_health_security_agency___colindale
B/RioGrandedoNorte/2023-009789-IEC/2023	evandro_chagas_institute	evandro_chagas_institute
B/EspiritoSanto/3686/2023	instituto_oswaldo_cruz_fiocruz___laboratory_of_respiratory_viruses_and_measles_(lvrs)	lacen/es___laboratório_central_de_saúde_pública_do_espírito_santo
B/Alagoas/3960/2023	instituto_oswaldo_cruz_fiocruz___laboratory_of_respiratory_viruses_and_measles_(lvrs)	laboratório_central_de_saúde_pública_de_alagoas,_lacen_al
B/Paraiba/2023-010834-IEC/2023	evandro_chagas_institute	evandro_chagas_institute
B/Abudhabi/3614/2022	sheikh_khalifa_medical_city_(skmc)	reference_laboratory_for_infectious_disease_(surveillance_lab)
B/Oman/7179/2022	centers_for_disease_control_and_prevention	central_public_health_laboratory,_ministry_of_health
B/Maine/1/2022	centers_for_disease_control_and_prevention	maine_health_and_environmental_testing_laboratory
B/Abudhabi/258/2023	sheikh_khalifa_medical_city_(skmc)	reference_laboratory_for_infectious_disease_(surveillance_lab)
B/Oman/2976/2022	centers_for_disease_control_and_prevention	central_public_health_laboratory,_ministry_of_health
B/Bangladesh/8009/2023	centers_for_disease_control_and_prevention	icddr,b_international_centre_for_diarrhoeal_disease_research,_bangladesh
B/Abudhabi/6349/2022	sheikh_khalifa_medical_city_(skmc)	reference_laboratory_for_infectious_disease_(surveillance_lab)
A/Saskatchewan/SKFLU308174/2023	roy_romanow_provincial_laboratory	roy_romanow_provincial_laboratory
B/Zambia/1755/2023	centers_for_disease_control_and_prevention	university_teaching_hospital,_moh_zambia
B/Bangladesh/3001/2023	centers_for_disease_control_and_prevention	icddr,b_international_centre_for_diarrhoeal_disease_research,_bangladesh
B/RiodeJaneiro/7526/2024	oswaldo_cruz_foundation	instituto_oswaldo_cruz_fiocruz___laboratory_of_respiratory_viruses_and_measles_(lvrs)
B/Bahrain/2632/2023	centers_for_disease_control_and_prevention	ministry_of_health_bahrain
B/Krasnoyarsk/RII-MH129628S/2022	who_national_influenza_centre_russian_federation	center_of_hygiene_and_epidemiology_in_krasnoyarsk_krai
B/England/240601014/2024	ukhsa_/_respiratory_virus_unit	uk_health_security_agency___colindale
B/Ghana/7145/2024	centers_for_disease_control_and_prevention	noguchi_memorial_institute_for_medical_research_(nmimr)
B/Darwin/254/2023	who_collaborating_centre_for_reference_and_research_on_influenza	royal_darwin_hospital
B/SouthAustralia/191/2023	who_collaborating_centre_for_reference_and_research_on_influenza	institute_of_medical_and_veterinary_science_(imvs)
B/Darwin/256/2023	who_collaborating_centre_for_reference_and_research_on_influenza	royal_darwin_hospital
B/Darwin/264/2023	who_collaborating_centre_for_reference_and_research_on_influenza	royal_darwin_hospital
B/Darwin/23/2022	who_collaborating_centre_for_reference_and_research_on_influenza	royal_darwin_hospital
B/Darwin/120/2023	who_collaborating_centre_for_reference_and_research_on_influenza	royal_darwin_hospital
B/Darwin/233/2023	who_collaborating_centre_for_reference_and_research_on_influenza	royal_darwin_hospital
B/Darwin/278/2023	who_collaborating_centre_for_reference_and_research_on_influenza	royal_darwin_hospital
B/NewZealand/2727/2022	centers_for_disease_control_and_prevention	institute_of_environmental_science_&_research
B/Abudhabi/9705/2022	sheikh_khalifa_medical_city_(skmc)	reference_laboratory_for_infectious_disease_(surveillance_lab)
B/CountiesManukau/14/2023	who_collaborating_centre_for_reference_and_research_on_influenza	institute_of_environmental_science_and_research_(esr)
B/Bahrain/8244/2022	centers_for_disease_control_and_prevention	ministry_of_health_bahrain
B/UlanUde/RII-01V/2022	who_national_influenza_centre_russian_federation	research_institute_of_influenza,_ministry_of_healthcare_of_the_russian_federation
B/StPetersburg/RII-20V/2022	who_national_influenza_centre_russian_federation	research_institute_of_influenza,_ministry_of_healthcare_of_the_russian_federation
B/Syria/7390/2023	centers_for_disease_control_and_prevention	syria_public_health_laboratory
B/Netherlands/12239/2022	national_institute_for_public_health_and_the_environment_(rivm)	national_institute_for_public_health_and_the_environment_(rivm)
B/Netherlands/12134/2022	national_institute_for_public_health_and_the_environment_(rivm)	national_institute_for_public_health_and_the_environment_(rivm)
B/Netherlands/12168/2022	national_institute_for_public_health_and_the_environment_(rivm)	national_institute_for_public_health_and_the_environment_(rivm)
B/Netherlands/12224/2022	national_institute_for_public_health_and_the_environment_(rivm)	pamm
B/Romania/146BF/2023	national_institute_of_infectious_diseases_prof._dr._matei_bals	national_institute_for_infectious_diseases_“prof._dr._matei_balș”
B/Singapore/KK1240/2023	ministry_of_health,_singapore	ministry_of_health,_singapore
B/Abudhabi/6806/2024	sheikh_khalifa_medical_city_(skmc)	reference_laboratory_for_infectious_disease_(surveillance_lab)
B/Miyagi/1/2023	national_institute_of_infectious_diseases_(niid)	miyagi_prefectural_institute_of_public_health_and_environment
B/Louisiana/EVTL-100055/2023	lsu_health_shreveport	lsuhs_emerging_viral_threat_lab
B/Ohio/100/2024	centers_for_disease_control_and_prevention	university_hospitals_cleveland_medical_center
B/NewYork/PV152101/2024	icahn_school_of_medicine_at_mount_sinai	icahn_school_of_medicine_at_mount_sinai
B/Michigan/UOM10051095174/2022	university_of_michigan	university_of_michigan_clinical_microbiology_laboratory
B/Michigan/MISAPPHIREL365344324/2023	university_of_michigan	henry_ford_health_microbiology_laboratory
B/England/241740383/2024	ukhsa_/_respiratory_virus_unit	uk_health_security_agency___colindale
B/Switzerland/7265/2024	crick_worldwide_influenza_centre	swiss_national_reference_centre_for_influenza
B/France/PAC-RELAB-HCL025018659901/2025	cnr_virus_des_infections_respiratoires,_france_sud	cnr_virus_des_infections_respiratoires___france_sud
B/Slovakia/4457/2023	comenius_university_science_park	national_public_health_institute_of_slovakia
B/Michigan/UOM10051077438/2022	university_of_michigan	university_of_michigan_clinical_microbiology_laboratory
B/Michigan/UOM10051010788/2022	university_of_michigan	university_of_michigan_clinical_microbiology_laboratory
B/Luxembourg/LNS8551439/2023	laboratoire_national_de_sant?	laboratoire_national_de_santé_
B/Mayotte/HCL023058455801/2023	cnr_virus_des_infections_respiratoires,_france_sud	cnr_virus_des_infections_respiratoires___france_sud
B/Bangladesh/4038/2023	centers_for_disease_control_and_prevention	icddr,b_international_centre_for_diarrhoeal_disease_research,_bangladesh
B/Baltimore/JH-272/2023	johns_hopkins_school_of_medicine	johns_hopkins_school_of_medicine
B/NewMexico/20/2023	centers_for_disease_control_and_prevention	new_mexico_department_of_health
B/California/SMCPHL-649/2024	san_mateo_county_public_health_laboratory	san_mateo_county_public_health_laboratory
B/HongKong/7574/2023	centers_for_disease_control_and_prevention	government_virus_unit
B/Kanagawa/AC2217/2023	national_institute_of_infectious_diseases_(niid)	national_institute_of_infectious_diseases_(niid)
B/Mexico/7429/2023	centers_for_disease_control_and_prevention	laboratorio_de_virus_respiratorio
B/Louisiana/17/2023	centers_for_disease_control_and_prevention	louisiana_department_of_health_and_hospitals
B/Mayotte/HCL023058462001/2023	cnr_virus_des_infections_respiratoires,_france_sud	cnr_virus_des_infections_respiratoires___france_sud
B/Bratislava/155/2023	crick_worldwide_influenza_centre	national_public_health_institute_of_slovakia
B/Catalonia/NSBE252771298/2023	hospital_universitari_vall_d'hebron	hospital_universitari_de_bellvitge
B/Lebanon/539/2023	centers_for_disease_control_and_prevention	rafic_hariri_university_hospital_4th_floor_dna/research_lab
B/Zhejiang-Yiwu/1366/2023-egg	centers_for_disease_control_and_prevention	who_chinese_national_influenza_center
B/SouthDakota/23/2024	centers_for_disease_control_and_prevention	south_dakota_public_health_lab
B/Netherlands/10374/2023	national_institute_for_public_health_and_the_environment_(rivm)	national_institute_for_public_health_and_the_environment_(rivm)
B/Zhejiang-Yiwu/1366/2023	centers_for_disease_control_and_prevention	who_chinese_national_influenza_center
B/Guam/5544/2025	centers_for_disease_control_and_prevention	guam_department_of_public_health
B/Hessen/9/2024	robert_koch_institute_nationales_referenzzentrum_für_influenza	robert_koch_institute_nationales_referenzzentrum_für_influenza
B/Bangladesh/1006/2023	centers_for_disease_control_and_prevention	icddr,b_international_centre_for_diarrhoeal_disease_research,_bangladesh
B/Bangladesh/1001/2023	centers_for_disease_control_and_prevention	icddr,b_international_centre_for_diarrhoeal_disease_research,_bangladesh
B/Denmark/269/2023	statens_serum_institute	statens_serum_institut_
B/StPetersburg/RII-26V/2022	who_national_influenza_centre_russian_federation	research_institute_of_influenza,_ministry_of_healthcare_of_the_russian_federation
B/Abudhabi/7137/2024	sheikh_khalifa_medical_city_(skmc)	reference_laboratory_for_infectious_disease_(surveillance_lab)
B/Gifu/1/2023	national_institute_of_infectious_diseases_(niid)	gifu_prefectural_institute_of_health_and_environmental_sciences
B/Hiroshima/1/2024	national_institute_of_infectious_diseases_(niid)	center_for_public_health_and_environment,_hiroshima_prefectural_technology_research_institute
B/Yokohama/38/2024	national_institute_of_infectious_diseases_(niid)	yokohama_city_institute_of_public_health.
B/Aichi/70/2024	national_institute_of_infectious_diseases_(niid)	aichi_prefectural_institute_of_public_health
B/Shimane/1/2024	national_institute_of_infectious_diseases_(niid)	shimane_prefectural_institute_of_public_health_and_environmental_science
B/Sapporo/2/2024	national_institute_of_infectious_diseases_(niid)	sapporo_city_institute_of_public_health
B/Osaka/4/2023	national_institute_of_infectious_diseases_(niid)	osaka_prefectural_institute_of_public_health
B/NewYork/PV90377/2023	icahn_school_of_medicine_at_mount_sinai	icahn_school_of_medicine_at_mount_sinai
B/Washington/12/2023	centers_for_disease_control_and_prevention	washington_state_public_health_laboratory
B/Catalonia/NSVH102447613/2024	hospital_universitari_vall_d'hebron	hospital_universitari_vall_d'hebron
B/Texas/72/2024	centers_for_disease_control_and_prevention	baylor_scott_and_white_health
B/Tahiti/5/2024	who_collaborating_centre_for_reference_and_research_on_influenza	institute_malarde_clinical_laboratory
B/ChiangRai/P5212/2023	thai_national_influenza_center	thai_national_influenza_center
B/PhraNakhonSiAyutthaya/P2975/2023	thai_national_influenza_center	thai_national_influenza_center
B/ChiangRai/P4824/2023	thai_national_influenza_center	thai_national_influenza_center
B/Kanagawa/IC2363/2024	national_institute_of_infectious_diseases_(niid)	national_institute_of_infectious_diseases_(niid)
B/Okinawa/326/2024	national_institute_of_infectious_diseases_(niid)	okinawa_prefectural_institute_of_health_and_environment
B/England/241221030/2024	ukhsa_/_respiratory_virus_unit	uk_health_security_agency___colindale
B/England/241140972/2024	ukhsa_/_respiratory_virus_unit	uk_health_security_agency___colindale
B/Thuringen/6/2024	robert_koch_institute_nationales_referenzzentrum_für_influenza	robert_koch_institute_nationales_referenzzentrum_für_influenza
B/Ajman/10551/2023	centers_for_disease_control_and_prevention	shaikh_khalifa_medical_city
B/ChiangRai/P1096/2024	thai_national_influenza_center	thai_national_influenza_center
B/ChiangRai/P0024/2023	thai_national_influenza_center	thai_national_influenza_center
B/Hiroshima/8/2023	national_institute_of_infectious_diseases_(niid)	center_for_public_health_and_environment,_hiroshima_prefectural_technology_research_institute
B/NewYork/PV86839/2023	icahn_school_of_medicine_at_mount_sinai	icahn_school_of_medicine_at_mount_sinai
B/NewYork/PV86793/2023	icahn_school_of_medicine_at_mount_sinai	icahn_school_of_medicine_at_mount_sinai
B/Massachusetts/21/2024	centers_for_disease_control_and_prevention	massachusetts_department_of_public_health
B/SouthAfrica/PATH-CERI-C066228/2025	center_for_epidemic_response_and_innovation_(ceri)	pathcare
B/Ukraine/GIHSN-HCL024071961301/2024	cnr_virus_des_infections_respiratoires,_france_sud	"si_""kyiv_city_cdc_moh"""
B/RheinlandPfalz/14/2024	robert_koch_institute_nationales_referenzzentrum_für_influenza	robert_koch_institute_nationales_referenzzentrum_für_influenza
B/Massachusetts/8/2024	centers_for_disease_control_and_prevention	massachusetts_department_of_public_health
B/BritishColumbia/RV01870/2024	public_health_agency_of_canada_(phac)	b.c._centre_for_disease_control
B/Florida/4/2024	centers_for_disease_control_and_prevention	florida_department_of_health_tampa
B/Saopaulo/CEVI_24001995/2024	instituto_butantan	instituto_butantan
B/MatoGrossodoSul/MS-FIOCRUZ-FMS521/2025	fundação_oswaldo_cruz_(fiocruz)	lacen/ms_laboratório_central_de_saúde_pública_de_mato_grosso_do_sul
B/Nevada/6/2025	centers_for_disease_control_and_prevention	southern_nevada_public_health_lab
B/SaoPaulo/358020204-IAL/2024	centers_for_disease_control_and_prevention	instituto_adolfo_lutz
B/Catalonia/NSVH102038862/2023	hospital_universitari_vall_d'hebron	hospital_universitari_vall_d'hebron
B/Ohio/87/2024	centers_for_disease_control_and_prevention	university_hospitals_cleveland_medical_center
B/Senegal/IPD-4309/2024	institut_pasteur_de_dakar	institut_pasteur_de_dakar
B/Minasgerais/CEVI_24002323/2024	instituto_butantan	instituto_butantan
B/NewYork/PX16526/2025	icahn_school_of_medicine_at_mount_sinai	icahn_school_of_medicine_at_mount_sinai
B/Massachusetts/3/2025	centers_for_disease_control_and_prevention	massachusetts_department_of_public_health
B/RhodeIsland/5/2025	centers_for_disease_control_and_prevention	rhode_island_department_of_health
B/Michigan/MIS-L374425308/2024		university_of_michigan,_lauring_lab,_department_of_microbiology_and_immunology
B/StPetersburg/RII-MH225763S/2025	who_national_influenza_centre_russian_federation	research_institute_of_influenza,_ministry_of_healthcare_of_the_russian_federation
B/Mayotte/HCL025013242101/2025	cnr_virus_des_infections_respiratoires,_france_sud	cnr_virus_des_infections_respiratoires___france_sud
B/Arizona/2/2025	centers_for_disease_control_and_prevention	arizona_state_university
B/Peru/LIM-INS-369/2024	instituto_nacional_de_salud_peru	laboratorio_de_referencia_nacional_virus_respiratorios,_instituto_nacional_de_salud
B/Peru/TAC-INS-296/2024	instituto_nacional_de_salud_peru	laboratorio_de_referencia_nacional_virus_respiratorios,_instituto_nacional_de_salud
B/Guam/5543/2025	centers_for_disease_control_and_prevention	guam_department_of_public_health
B/Florida/ISC-1003/2025	centers_for_disease_control_and_prevention	florida_department_of_health_tampa
B/Manitoba/RV03165/2024	public_health_agency_of_canada_(phac)	cadham_provincial_laboratory
B/Bangkok/P5170/2023	thai_national_influenza_center	thai_national_influenza_center
B/Queensland/IN000951/2025	public_and_environmental_health_reference_laboratories_(pehrl)	qld,_sullivan_nicolaides_pathology
B/MatoGrossodoSul/MS-FIOCRUZ-FMS510/2025	fundação_oswaldo_cruz_(fiocruz)	lacen/ms_laboratório_central_de_saúde_pública_de_mato_grosso_do_sul
B/Maryland/MD-MDH-F-00243/2024	maryland_department_of_health	maryland_department_of_health
B/RhodeIsland/15480/2025	u.s._air_force_school_of_aerospace_medicine	u.s._air_force_school_of_aerospace_medicine_
B/England/500091/2025	ukhsa_/_respiratory_virus_unit	uk_health_security_agency___colindale
B/RioGrandeDoNorte/4672-IEC/2025	evandro_chagas_institute	evandro_chagas_institute
B/VinaDelMar/102180/2024	instituto_de_salud_pública_de_chile	instituto_de_salud_publica_de_chile
B/Vietnam/PF124176/2024	bach_mai_hospital	bach_mai_hospital
B/Tokyo/QRTNRT086/2023	national_institute_of_infectious_diseases_(niid)	national_institute_of_infectious_diseases_(niid)
B/Utah/15/2023	centers_for_disease_control_and_prevention	utah_department_of_health
B/Montana/2/2025	centers_for_disease_control_and_prevention	montana_laboratory_services_bureau
B/England/5180164/2024	ukhsa_/_respiratory_virus_unit	uk_health_security_agency___colindale
B/SuratThani/F3072/2024	thai_national_influenza_center	thai_national_influenza_center
B/Galicia/GA-CHUAC-68/2024	hospital_universitario_de_a_coruña	a_coruna_university_hospital_complex_(chuac)
B/Bahrain/907/2024	centers_for_disease_control_and_prevention	ministry_of_health_bahrain
B/Ceuta/389/2025	instituto_de_salud_carlos_iii	servicio_de_microbiología_hospital_universitario_de_ceuta
B/Queensland/IN000953/2025	public_and_environmental_health_reference_laboratories_(pehrl)	qld,_sullivan_nicolaides_pathology
B/Queensland/IN000903/2025	public_and_environmental_health_reference_laboratories_(pehrl)	pathology_queensland
B/Catalonia/NSBE251030967/2025	hospital_universitari_vall_d'hebron	hospital_universitari_de_bellvitge
B/Andalucia/PMC-00362/2024	fundación_progreso_y_salud	servicio_de_microbiología_hospital_universitario_san_cecilio
B/Israel/R18710/2024	crick_worldwide_influenza_centre	central_virology_laboratory_israel_(nic)
B/Missouri/139/2024	centers_for_disease_control_and_prevention	dr._stacey_house
B/Tahiti/2/2025	who_collaborating_centre_for_reference_and_research_on_influenza	institute_malarde_clinical_laboratory
B/France/ARA-RELAB-IPP01779/2025	institut_pasteur_paris	institut_pasteur
B/France/PAC-RELAB-HCL024203212901/2024	cnr_virus_des_infections_respiratoires,_france_sud	cnr_virus_des_infections_respiratoires___france_sud
B/France/PAC-RELAB-HCL025012762101/2025	cnr_virus_des_infections_respiratoires,_france_sud	cnr_virus_des_infections_respiratoires___france_sud
B/France/BRE-IPP00913/2025	institut_pasteur_paris	institut_pasteur
B/France/NAQ-RELAB-HCL025022405201/2025	cnr_virus_des_infections_respiratoires,_france_sud	cnr_virus_des_infections_respiratoires___france_sud
B/NewJersey/GKISBBBE04740/2025		concentric_by_ginkgo_bioworks
B/France/OCC-RELAB-HCL025033216201/2025	cnr_virus_des_infections_respiratoires,_france_sud	cnr_virus_des_infections_respiratoires___france_sud
B/France/ARA-HCL025017928801/2025	cnr_virus_des_infections_respiratoires,_france_sud	cnr_virus_des_infections_respiratoires___france_sud
B/France/ARA-HCL025019133801/2025	cnr_virus_des_infections_respiratoires,_france_sud	cnr_virus_des_infections_respiratoires___france_sud
B/France/ARA-RELAB-HCL025031053801/2025	cnr_virus_des_infections_respiratoires,_france_sud	cnr_virus_des_infections_respiratoires___france_sud
B/France/ARA-HCL024203254901/2024	cnr_virus_des_infections_respiratoires,_france_sud	cnr_virus_des_infections_respiratoires___france_sud
B/France/ARA-RELAB-HCL025017855001/2025	cnr_virus_des_infections_respiratoires,_france_sud	cnr_virus_des_infections_respiratoires___france_sud
B/France/ARA-HCL024201326201/2024	cnr_virus_des_infections_respiratoires,_france_sud	cnr_virus_des_infections_respiratoires___france_sud
B/France/ARA-HCL025032407801/2025	cnr_virus_des_infections_respiratoires,_france_sud	cnr_virus_des_infections_respiratoires___france_sud
B/France/ARA-HCL025035675501/2025	cnr_virus_des_infections_respiratoires,_france_sud	cnr_virus_des_infections_respiratoires___france_sud
B/Missouri/123/2024	centers_for_disease_control_and_prevention	dr._stacey_house
B/RhodeIsland/16/2024	centers_for_disease_control_and_prevention	rhode_island_department_of_health
B/Catalonia/2279261NS/2023-egg	centers_for_disease_control_and_prevention	national_institute_for_medical_research
B/Catalonia/2279261NS/2023	centers_for_disease_control_and_prevention	national_institute_for_medical_research
B/SouthDakota/9/2023	centers_for_disease_control_and_prevention	south_dakota_public_health_lab
B/Michigan/MIS-L376609608/2024		university_of_michigan,_lauring_lab,_department_of_microbiology_and_immunology
B/Tak/P918/2024	thai_national_influenza_center	thai_national_influenza_center
B/Tak/P1019/2024	thai_national_influenza_center	thai_national_influenza_center
B/Saskatchewan/SKFLU357089/2024	roy_romanow_provincial_laboratory	roy_romanow_provincial_laboratory
B/Georgia/13/2024	centers_for_disease_control_and_prevention	georgia_public_health_laboratory
B/Minnesota/ISC-1012/2023	centers_for_disease_control_and_prevention	minnesota_department_of_health
B/Manitoba/RV00912-25/2025	public_health_agency_of_canada_(phac)	cadham_provincial_laboratory
B/Chillan/95118/2024	instituto_de_salud_pública_de_chile	instituto_de_salud_publica_de_chile
B/Talcahuano/97827/2024	instituto_de_salud_pública_de_chile	instituto_de_salud_publica_de_chile
B/Bolivia/12778/2024	centers_for_disease_control_and_prevention	instituto_nacional_de_laboratoriosde_salud_(inlasa)
B/LaSerena/78390/2024	instituto_de_salud_pública_de_chile	instituto_de_salud_publica_de_chile
B/Louisiana/1/2025	centers_for_disease_control_and_prevention	louisiana_department_of_health_and_hospitals
B/England/181163/2024	ukhsa_/_respiratory_virus_unit	uk_health_security_agency___colindale
B/SouthCarolina/1/2025	centers_for_disease_control_and_prevention	south_carolina_department_of_health
B/VinaDelMar/102679/2024	instituto_de_salud_pública_de_chile	instituto_de_salud_publica_de_chile
B/VinaDelMar/97942/2024	instituto_de_salud_pública_de_chile	instituto_de_salud_publica_de_chile
B/Arizona/5/2025	centers_for_disease_control_and_prevention	arizona_state_university
B/Parana/369/2025	instituto_oswaldo_cruz_fiocruz___laboratory_of_respiratory_viruses_and_measles_(lvrs)	laboratório_central_do_estado_do_paraná___lacen/pr
B/Gyeongbuk/3887/2024	korea_disease_control_and_prevention_agency_(kdca)	korea_disease_control_and_prevention_agency_(kdca)
B/Guam/5545/2025	centers_for_disease_control_and_prevention	guam_department_of_public_health
B/EspiritoSanto/13010/2024	instituto_oswaldo_cruz_fiocruz___laboratory_of_respiratory_viruses_and_measles_(lvrs)	lacen/es___laboratório_central_de_saúde_pública_do_espírito_santo
B/Nevada/2/2025	centers_for_disease_control_and_prevention	southern_nevada_public_health_lab
B/Massachusetts/ISC-1003/2025	centers_for_disease_control_and_prevention	massachusetts_department_of_public_health
B/Ukraine/3164/2025	public_health_center,_ministry_of_health_ukraine	public_health_center,_ministry_of_health_ukraine
B/EspiritoSanto/469/2025	instituto_oswaldo_cruz_fiocruz___laboratory_of_respiratory_viruses_and_measles_(lvrs)	lacen/es___laboratório_central_de_saúde_pública_do_espírito_santo
B/PuntaArenas/86812/2024	instituto_de_salud_pública_de_chile	instituto_de_salud_publica_de_chile
B/MatoGrossodoSul/MS-FIOCRUZ-FMS513/2025	fundação_oswaldo_cruz_(fiocruz)	lacen/ms_laboratório_central_de_saúde_pública_de_mato_grosso_do_sul
B/MatoGrossodoSul/MS-FIOCRUZ-FMS520/2025	fundação_oswaldo_cruz_(fiocruz)	lacen/ms_laboratório_central_de_saúde_pública_de_mato_grosso_do_sul
B/RiodeJaneiro/12586/2024	instituto_oswaldo_cruz_fiocruz___laboratory_of_respiratory_viruses_and_measles_(lvrs)	laboratorio_central_do_estado_do_rio_de_janeiro___lacen/rj___noel_nutels
B/MatoGrossodoSul/MS-FIOCRUZ-FMS516/2025	fundação_oswaldo_cruz_(fiocruz)	lacen/ms_laboratório_central_de_saúde_pública_de_mato_grosso_do_sul
B/MatoGrossodoSul/MS-FIOCRUZ-FMS519/2025	fundação_oswaldo_cruz_(fiocruz)	lacen/ms_laboratório_central_de_saúde_pública_de_mato_grosso_do_sul
B/MatoGrossodoSul/MS-FIOCRUZ-FMS511/2025	fundação_oswaldo_cruz_(fiocruz)	lacen/ms_laboratório_central_de_saúde_pública_de_mato_grosso_do_sul
B/Victoria/1/2025	who_collaborating_centre_for_reference_and_research_on_influenza	royal_melbourne_hospital
B/Norway/8401/2024	norwegian_institute_of_public_health	ostfold_hospital___fredrikstad,_dept._of_microbiology
B/Canarias/729/2025	instituto_de_salud_carlos_iii	servicio_de_microbiología_hospital_universitario_de_gran_canaria_doctor_negrín
B/Catalonia/NSGT198319342/2025	hospital_universitari_vall_d'hebron	hospital_universitari_germans_trias_i_pujol_
B/Queensland/IN000950/2025	public_and_environmental_health_reference_laboratories_(pehrl)	qld,_sullivan_nicolaides_pathology
B/AbuDhabi/3330615/2021	centers_for_disease_control_and_prevention	shaikh_khalifa_medical_city
B/Queensland/IN000898/2025	public_and_environmental_health_reference_laboratories_(pehrl)	pathology_queensland
B/SaudiArabia/11846/2024	crick_worldwide_influenza_centre	ministry_of_health_riyadh
B/Sydney/447/2023	who_collaborating_centre_for_reference_and_research_on_influenza	4cyte_pathology
B/Victoria/603/2023	who_collaborating_centre_for_reference_and_research_on_influenza	royal_chidrens_hospital
B/Sydney/653/2023	who_collaborating_centre_for_reference_and_research_on_influenza	4cyte_pathology
B/India/Dib-NIV24_3337/2024	who_collaborating_centre_for_reference_and_research_on_influenza	icmr_national_institute_of_virology
B/NewYork/PX14767/2025	icahn_school_of_medicine_at_mount_sinai	icahn_school_of_medicine_at_mount_sinai
B/France/BFC-RELAB-IPP00429/2025	institut_pasteur	institut_pasteur
B/Darwin/1/2025	who_collaborating_centre_for_reference_and_research_on_influenza	royal_darwin_hospital
B/Tasmania/18/2024	who_collaborating_centre_for_reference_and_research_on_influenza	royal_hobart_hospital
B/Osaka/QRTKIX018/2023	national_institute_of_infectious_diseases_(niid)	national_institute_of_infectious_diseases_(niid)
B/Sydney/4/2022	who_collaborating_centre_for_reference_and_research_on_influenza	childrens_hospital_westmead
B/Niger/3948/2023	centers_for_disease_control_and_prevention	centre_de_recherche_medicale_et_sanitaire_(cermes)
B/SouthSudan/989/2023	crick_worldwide_influenza_centre	national_public_health_laboratory
B/Togo/614/2024	centers_for_disease_control_and_prevention	institute_national_d'hygiene
B/Abudhabi/11362/2024	sheikh_khalifa_medical_city_(skmc)	reference_laboratory_for_infectious_disease_(surveillance_lab)
B/England/214681390/2021	uk_health_security_agency___colindale	uk_health_security_agency___colindale
B/Victoria/18/2022	who_collaborating_centre_for_reference_and_research_on_influenza	austin_health
B/England/225040253/2022	uk_health_security_agency___colindale	uk_health_security_agency___colindale
B/StPetersburg/RII-8407S/2023	who_national_influenza_centre_russian_federation	research_institute_of_influenza,_ministry_of_healthcare_of_the_russian_federation
B/Abudhabi/7783/2022	sheikh_khalifa_medical_city_(skmc)	reference_laboratory_for_infectious_disease_(surveillance_lab)
B/Washington/1/2022	centers_for_disease_control_and_prevention	washington_state_public_health_laboratory
B/StPetersburg/RII-74/2023	who_national_influenza_centre_russian_federation	research_institute_of_influenza,_ministry_of_healthcare_of_the_russian_federation
B/Denmark/150/2022	statens_serum_institute	statens_serum_institut_
B/Stockholm/7/2023	public_health_agency_of_sweden	klinisk_mikrobiologi,_karolinska_universitetslaboratoriet,_karolinska_universitetssjukhuset_solna
B/Netherlands/10007/2021	crick_worldwide_influenza_centre	national_institute_for_public_health_and_the_environment_(rivm)
B/Qatar/47-VI-21-4381753/2021	crick_worldwide_influenza_centre	supreme_health_council
B/Bahrain/2833/2022	centers_for_disease_control_and_prevention	ministry_of_health_bahrain
B/Bahrain/3305/2022	centers_for_disease_control_and_prevention	ministry_of_health_bahrain
B/Bahrain/734/2022	centers_for_disease_control_and_prevention	ministry_of_health_bahrain
B/Bahrain/4648/2022	centers_for_disease_control_and_prevention	ministry_of_health_bahrain
A/Abudhabi/2644/2022	sheikh_khalifa_medical_city_(skmc)	reference_laboratory_for_infectious_disease_(surveillance_lab)
B/India/5075/2022	centers_for_disease_control_and_prevention	national_institute_of_virology
B/France/ARA-HCL023018746401/2023	cnr_virus_des_infections_respiratoires,_france_sud	cnr_virus_des_infections_respiratoires___france_sud
B/Bangladesh/1606/2023	centers_for_disease_control_and_prevention	institute_of_epidemiology_disease_control_and_research_(iedcr)_&_bangladesh_national_influenza_centre_(nic)
B/Mauritius/P49967/2023	crick_worldwide_influenza_centre	ministry_of_health_and_wellness,_mauritius
B/CostaRica/6115/2023	centers_for_disease_control_and_prevention	laboratorio_nacional_de_influenza
B/CostaRica/INC-0505-808200/2023	inciensa,_investigacion_y_ensenanza_en_nutricion_y_salud	inciensa,_investigación_y_enseñanza_en_nutrición_y_salud
B/Massachusetts/ISC-1016/2025	centers_for_disease_control_and_prevention	massachusetts_department_of_public_health
B/Nebraska/7/2025	centers_for_disease_control_and_prevention	nebraska_public_health_lab
B/HongKong/16/2023	centers_for_disease_control_and_prevention	hong_kong_department_of_health
B/Brisbane/1/2022	who_collaborating_centre_for_reference_and_research_on_influenza	who_collaborating_centre_for_reference_and_research_on_influenza
B/England/52/2024	crick_worldwide_influenza_centre	uk_health_security_agency___colindale
B/England/240300251/2024	ukhsa_/_respiratory_virus_unit	uk_health_security_agency___colindale
B/Malaysia/IMR-SARI0070a/2024	institute_for_medical_research	tuanku_ja'afar_hospital
B/Switzerland/329/2024-egg	crick_worldwide_influenza_centre	swiss_national_reference_centre_for_influenza
B/Greece/5509/2024-egg	crick_worldwide_influenza_centre	aristotelian_university_of_thessaloniki
B/Greece/5509/2024	crick_worldwide_influenza_centre	aristotelian_university_of_thessaloniki
B/India/Salem-NIV237315/2023	who_collaborating_centre_for_reference_and_research_on_influenza	icmr_national_institute_of_virology
B/Mayotte/HCL023058458601/2023	cnr_virus_des_infections_respiratoires,_france_sud	cnr_virus_des_infections_respiratoires___france_sud
B/Mayotte/HCL023058436101/2023	cnr_virus_des_infections_respiratoires,_france_sud	cnr_virus_des_infections_respiratoires___france_sud
B/Bangladesh/1035/2023	centers_for_disease_control_and_prevention	icddr,b_international_centre_for_diarrhoeal_disease_research,_bangladesh
B/India/Pun-NIV226678/2022	icmr_national_institute_of_virology	icmr_national_institute_of_virology
B/Victoria/43/2023	who_collaborating_centre_for_reference_and_research_on_influenza	austin_health
B/England/224060386/2022	uk_health_security_agency___colindale	uk_health_security_agency___colindale
B/India/Ker-NIV225096/2022	icmr_national_institute_of_virology	icmr_national_institute_of_virology
B/Osaka/2/2023	national_institute_of_infectious_diseases_(niid)	osaka_prefectural_institute_of_public_health
B/HongKong/8442/2023	crick_worldwide_influenza_centre	government_virus_unit
B/HongKong/7592/2023	centers_for_disease_control_and_prevention	government_virus_unit
A/Taiwan/S26047/2024	taiwan_centers_for_disease_control	taiwan_centers_for_disease_control
B/Manitoba/RV01389/2024	public_health_agency_of_canada_(phac)	cadham_provincial_laboratory
B/Manitoba/RV02743/2024	public_health_agency_of_canada_(phac)	cadham_provincial_laboratory
B/Guam/5371/2024	centers_for_disease_control_and_prevention	guam_department_of_public_health
B/Queensland/IN000949/2025	public_and_environmental_health_reference_laboratories_(pehrl)	qld,_sullivan_nicolaides_pathology
B/Darwin/23/2024	who_collaborating_centre_for_reference_and_research_on_influenza	royal_darwin_hospital
B/Bangkok/P251/2025	thai_national_influenza_center	thai_national_influenza_center
B/Sydney/13/2022	who_collaborating_centre_for_reference_and_research_on_influenza	who_collaborating_centre_for_reference_and_research_on_influenza
B/Maldives/1775/2023	centers_for_disease_control_and_prevention	ministry_of_health
B/Bangladesh/3/2023	centers_for_disease_control_and_prevention	icddr,b_international_centre_for_diarrhoeal_disease_research,_bangladesh
B/Abudhabi/3585/2022	sheikh_khalifa_medical_city_(skmc)	reference_laboratory_for_infectious_disease_(surveillance_lab)
B/AbuDhabi/3437/2022	centers_for_disease_control_and_prevention	shaikh_khalifa_medical_city
B/India/Pun-NIV226861/2022	icmr_national_institute_of_virology	icmr_national_institute_of_virology
B/Abudhabi/806/2023	sheikh_khalifa_medical_city_(skmc)	reference_laboratory_for_infectious_disease_(surveillance_lab)
B/Abudhabi/4567/2024	sheikh_khalifa_medical_city_(skmc)	reference_laboratory_for_infectious_disease_(surveillance_lab)
B/Victoria/13/2022	who_collaborating_centre_for_reference_and_research_on_influenza	who_collaborating_centre_for_reference_and_research_on_influenza
B/India/1159/2022	centers_for_disease_control_and_prevention	national_institute_of_virology
B/Ishikawa/230/2023	national_institute_of_infectious_diseases_(niid)	ishikawa_prefectural_institute_of_public_health_and_environmental_science
B/SouthAustralia/182/2023	who_collaborating_centre_for_reference_and_research_on_influenza	institute_of_medical_and_veterinary_science_(imvs)
B/Bhutan/790/2022	centers_for_disease_control_and_prevention	royal_centre_for_disease_control
B/Bhutan/1175/2022	centers_for_disease_control_and_prevention	royal_centre_for_disease_control
B/Bhutan/FLU-BTE-01175/2022	usamc_armed_forces_medical_research_institute_of_medial_sciences	usamc_afrims_department_of_virology
B/Bhutan/751/2022	centers_for_disease_control_and_prevention	royal_centre_for_disease_control
B/Bhutan/2038/2022	centers_for_disease_control_and_prevention	royal_centre_for_disease_control
B/Bhutan/1442/2023	centers_for_disease_control_and_prevention	royal_centre_for_disease_control
B/Bhutan/FLU-BTG-00983/2022	usamc_armed_forces_medical_research_institute_of_medial_sciences	usamc_afrims_department_of_virology
B/Bhutan/2074/2022	centers_for_disease_control_and_prevention	royal_centre_for_disease_control
B/Bhutan/1241/2022	centers_for_disease_control_and_prevention	royal_centre_for_disease_control
B/Bhutan/FLU-BTC-01241/2022	usamc_armed_forces_medical_research_institute_of_medial_sciences	usamc_afrims_department_of_virology
B/AbuDhabi/3532886/2021	centers_for_disease_control_and_prevention	shaikh_khalifa_medical_city
B/NakhonPhanom/P4219/2023	thai_national_influenza_center	thai_national_influenza_center
B/Singapore/GP14644/2023	ministry_of_health,_singapore	ministry_of_health,_singapore
B/ChiangRai/P5035/2023	thai_national_influenza_center	thai_national_influenza_center
B/Ranong/P5324/2023	thai_national_influenza_center	thai_national_influenza_center
B/Bangkok/P5030/2023	thai_national_influenza_center	thai_national_influenza_center
B/Lisbon/3/2021	instituto_nacional_de_sa?de_dr._ricardo_jorge	instituto_nacional_de_saúde_dr._ricardo_jorge
B/Lisbon/4/2021	instituto_nacional_de_sa?de_dr._ricardo_jorge	instituto_nacional_de_saúde_dr._ricardo_jorge
B/Lisbon/5/2021	instituto_nacional_de_sa?de_dr._ricardo_jorge	instituto_nacional_de_saúde_dr._ricardo_jorge
B/California/1/2022	centers_for_disease_control_and_prevention	california_department_of_health_services
B/SuratThani/P4595/2022	thai_national_influenza_center	thai_national_influenza_center
B/Lao/F4476/2022	national_institute_of_infectious_diseases_(niid)	national_center_for_laboratory_and_epidemiology
B/Cambodia/g0816372/2022	who_collaborating_centre_for_reference_and_research_on_influenza	institute_pasteur_du_cambodia
B/Cambodia/CCH220070/2022	national_institute_of_public_health	national_institute_of_public_health
B/LaSerena/37316/2023	instituto_de_salud_publica	instituto_de_salud_publica_de_chile
B/Peru/UPCH_3837/2022	universidad_peruana_cayetano_heredia	instituto_de_medicine_tropical_alexander_von_humboldt___upch
B/Myanmar/24M423/2024	niigata_university	niigata_university
B/Myanmar/24M249/2024	niigata_university	niigata_university
B/Nicaragua/SJCRH-740878/2022	st._jude_children's_research_hospital	st._jude_children's_research_hospital
B/WestVirginia/2/2023	centers_for_disease_control_and_prevention	west_virginia_office_of_laboratory_services
B/AbuDhabi/2743/2022	centers_for_disease_control_and_prevention	shaikh_khalifa_medical_city
B/Ecuador/1036/2022	centers_for_disease_control_and_prevention	inspi
B/RiodeJaneiro/2341/2023	oswaldo_cruz_foundation	instituto_oswaldo_cruz_fiocruz___laboratory_of_respiratory_viruses_and_measles_(lvrs)
B/Spain/HULP-MD-061670878/2022	idipaz_research_institute	servicio_de_microbiología_hospital_universitario_la_paz
B/Paraiba/2023-016009-IEC/2023	evandro_chagas_institute	evandro_chagas_institute
B/Januaria/311510781/2023	ezequiel_dias_foundation_(funed)	ezequiel_dias_foundation_(funed)
B/Bhutan/1528/2023	centers_for_disease_control_and_prevention	royal_centre_for_disease_control
B/Bhutan/1249/2023	centers_for_disease_control_and_prevention	royal_centre_for_disease_control
B/Bhutan/1541/2023	centers_for_disease_control_and_prevention	royal_centre_for_disease_control
B/Bhutan/2110/2023	centers_for_disease_control_and_prevention	royal_centre_for_disease_control
B/Bhutan/2091/2023	centers_for_disease_control_and_prevention	royal_centre_for_disease_control
B/Bhutan/1464/2023	centers_for_disease_control_and_prevention	royal_centre_for_disease_control
B/Bhutan/2157/2023	centers_for_disease_control_and_prevention	royal_centre_for_disease_control
B/Bhutan/1003/2023	centers_for_disease_control_and_prevention	royal_centre_for_disease_control
B/Santiago/12736/2023	instituto_de_salud_publica	instituto_de_salud_publica_de_chile
B/Saopaulo/CEVI_2300152/2023	instituto_butantan	instituto_butantan
B/Nicaragua/760521/2023		st._jude_children's_research_hospital,_host_microbe_interactions
B/Abudhabi/7149/2022	sheikh_khalifa_medical_city_(skmc)	reference_laboratory_for_infectious_disease_(surveillance_lab)
B/SaoPaulo/IAL/C10310/2022	instituto_adolfo_lutz	instituto_adolfo_lutz___national_influenza_center
B/Maranhao/2023-009114-IEC/2023	evandro_chagas_institute	evandro_chagas_institute
B/Peru/UPCH_3767/2022	universidad_peruana_cayetano_heredia	instituto_de_medicine_tropical_alexander_von_humboldt___upch
B/Saopaulo/CEVI_2300311/2023	instituto_butantan	instituto_butantan
B/Chile/9027/2022	centers_for_disease_control_and_prevention	instituto_de_salud_publica_de_chile
B/RioGrandeDoNorte/2023-012262-IEC/2023	evandro_chagas_institute	evandro_chagas_institute
B/Valparaiso/27432/2023	instituto_de_salud_publica	instituto_de_salud_publica_de_chile
B/CostaRica/INC-0283-801422/2023	inciensa,_investigacion_y_ensenanza_en_nutricion_y_salud	división_de_microbiología,_laboratorio_clínico,_hospital_nacional_de_niños_dr._carlos_luis_sáenz_herrera_
B/Bahia/6070/2023	instituto_oswaldo_cruz_fiocruz___laboratory_of_respiratory_viruses_and_measles_(lvrs)	laboratório_central_de_saúde_pública_professor_gonçalo_moniz,_lacen_ba
B/Bahia/292950939/2023	laborat?rio_central_de_sa?de_publica_do_estado_da_bahia	laboratório_central_de_saúde_pública_professor_gonçalo_moniz,_lacen_ba
B/SaoPaulo/IAL/C10571/2023	instituto_adolfo_lutz	instituto_adolfo_lutz___national_influenza_center
B/Peru/UPCH_3781/2022	universidad_peruana_cayetano_heredia	instituto_de_medicine_tropical_alexander_von_humboldt___upch
B/Peru/GIHSN-HCL023027344601/2022	cnr_virus_des_infections_respiratoires,_france_sud	center_for_veterinary_diagnostics___regional_animal_health_office_no.6
B/India/1280/2022	centers_for_disease_control_and_prevention	national_institute_of_virology
B/Peru/UPCH_3765/2022	universidad_peruana_cayetano_heredia	instituto_de_medicine_tropical_alexander_von_humboldt___upch
B/Peru/UPCH_3812/2022	universidad_peruana_cayetano_heredia	instituto_de_medicine_tropical_alexander_von_humboldt___upch
B/Brazil/7495/2023	centers_for_disease_control_and_prevention	instituto_adolfo_lutz
B/Maranhao/2023-009164-IEC/2023	evandro_chagas_institute	evandro_chagas_institute
B/Saopaulo/CEVI_2300051/2023	instituto_butantan	instituto_butantan
B/Maldives/1701/2021	centers_for_disease_control_and_prevention	ministry_of_health
B/Victoria/1378/2023	who_collaborating_centre_for_reference_and_research_on_influenza	royal_melbourne_hospital
B/Abudhabi/5798/2024	sheikh_khalifa_medical_city_(skmc)	reference_laboratory_for_infectious_disease_(surveillance_lab)
B/Bhutan/2258/2023	centers_for_disease_control_and_prevention	royal_centre_for_disease_control
B/Darwin/2/2025	who_collaborating_centre_for_reference_and_research_on_influenza	royal_darwin_hospital
B/Bangladesh/2230910022/2023	centers_for_disease_control_and_prevention	icddr,b_international_centre_for_diarrhoeal_disease_research,_bangladesh
B/Lisbon/1/2021	instituto_nacional_de_sa?de_dr._ricardo_jorge	instituto_nacional_de_saúde_dr._ricardo_jorge
B/Pennsylvania/1/2021	centers_for_disease_control_and_prevention	pennsylvania_department_of_health
B/Lisbon/2/2021	instituto_nacional_de_sa?de_dr._ricardo_jorge	instituto_nacional_de_saúde_dr._ricardo_jorge
B/Ranong/D60/2025	thai_national_influenza_center	thai_national_influenza_center
B/HongKong/3701/2024	centers_for_disease_control_and_prevention	government_virus_unit
B/India/PUN-NIVCOV241324/2024	who_collaborating_centre_for_reference_and_research_on_influenza	icmr_national_institute_of_virology
B/India/Pun-Nivcov241324/2024	centers_for_disease_control_and_prevention	national_institute_of_virology
B/Albania/303247/2024	crick_worldwide_influenza_centre	institute_of_public_health
B/Victoria/57/2024	who_collaborating_centre_for_reference_and_research_on_influenza	austin_health
B/Brazil/MS-IAL-LEIAL3864/2024	instituto_adolfo_lutz	instituto_adolfo_lutz___national_influenza_center
B/NewJersey/GKISBBBF29238/2025		concentric_by_ginkgo_bioworks
B/Paraiba/1567-IEC/2025	evandro_chagas_institute	evandro_chagas_institute
B/HongKong/222/2024	crick_worldwide_influenza_centre	government_virus_unit
B/Lisbon/220/2024	national_institute_for_health_dr._ricardo_jorge	national_institute_of_health_dr._ricardo_jorge,_infectious_diseases_department,_national_influenza_reference_laboratory
B/Bangladesh/2026/2023	centers_for_disease_control_and_prevention	icddr,b_international_centre_for_diarrhoeal_disease_research,_bangladesh
B/AbuDhabi/4029/2022	centers_for_disease_control_and_prevention	shaikh_khalifa_medical_city
B/Utah/6/2023	centers_for_disease_control_and_prevention	utah_department_of_health
B/Tokyo/22103/2023	centers_for_disease_control_and_prevention	tokyo_metropolitan_institute_of_public_health
B/SouthAustralia/17/2023	who_collaborating_centre_for_reference_and_research_on_influenza	institute_of_medical_and_veterinary_science_(imvs)
B/Bhutan/2499/2023	centers_for_disease_control_and_prevention	royal_centre_for_disease_control
B/SouthAfrica/R01183/2024	crick_worldwide_influenza_centre	national_institute_for_communicable_disease
B/SouthAfrica/NHLS-UCT-CERI-K063094/2024	center_for_epidemic_response_and_innovation_(ceri)	national_health_laboratory_services,_university_of_cape_town
B/SouthAfrica/NHLS-SU-K061738/2024	center_for_epidemic_response_and_innovation_(ceri)	national_health_laboratory_service,_stellenbosch_university
B/SouthAfrica/R11553/2023	national_institute_for_communicable_diseases_(nicd)	national_institute_for_communicable_diseases_(nicd)
B/Mozambique/694472/2024	crick_worldwide_influenza_centre	laboratório_de_isolamento_viral
B/Zambia/515/2024	centers_for_disease_control_and_prevention	university_teaching_hospital,_moh_zambia
B/SouthAfrica/R00020/2024	national_institute_for_communicable_diseases_(nicd)	national_institute_for_communicable_diseases_(nicd)
B/SouthAfrica/R03537/2024	national_institute_for_communicable_diseases_(nicd)	national_institute_for_communicable_diseases_(nicd)
B/SouthAfrica/6868/2024	centers_for_disease_control_and_prevention	national_institute_for_communicable_disease
B/SouthAfrica/8481/2024	centers_for_disease_control_and_prevention	national_institute_for_communicable_disease
B/Darwin/13/2024	who_collaborating_centre_for_reference_and_research_on_influenza	royal_darwin_hospital
B/CountiesManukau/6/2023	who_collaborating_centre_for_reference_and_research_on_influenza	institute_of_environmental_science_and_research_(esr)
B/Aichi/5/2023	national_institute_of_infectious_diseases_(niid)	aichi_prefectural_institute_of_public_health
B/Bangkok/P321/2025	thai_national_influenza_center	thai_national_influenza_center
B/Abudhabi/4342/2024	sheikh_khalifa_medical_city_(skmc)	reference_laboratory_for_infectious_disease_(surveillance_lab)
B/Tak/P1400/2024	thai_national_influenza_center	thai_national_influenza_center
B/Myanmar/24M312/2024	niigata_university	niigata_university
B/BosniaHerzegovina/2442/2023	crick_worldwide_influenza_centre	university_of_sarajevo
B/Bangkok/P5128/2023	thai_national_influenza_center	thai_national_influenza_center
B/HongKong/5489/2024	centers_for_disease_control_and_prevention	government_virus_unit
B/Malaysia/IMR-SARI0588/2025	institute_for_medical_research	hospital_sultanah_aminah
B/NakhonPhanom/P5547/2023	thai_national_influenza_center	thai_national_influenza_center
B/Singapore/GP12605/2024	ministry_of_health,_singapore	ministry_of_health,_singapore
B/Singapore/GP2835/2024	ministry_of_health,_singapore	ministry_of_health,_singapore
B/Queensland/IN000124/2024	public_and_environmental_health_reference_laboratories_(pehrl)	qld,_sullivan_nicolaides_pathology
B/Dubai/11448/2023	centers_for_disease_control_and_prevention	shaikh_khalifa_medical_city
B/Bangladesh/7/2023	centers_for_disease_control_and_prevention	icddr,b_international_centre_for_diarrhoeal_disease_research,_bangladesh
B/Talca/69155/2024	instituto_de_salud_pública_de_chile	instituto_de_salud_publica_de_chile
B/HongKong/21/2025	hong_kong_department_of_health	hong_kong_department_of_health
B/Queensland/IN000941/2025	public_and_environmental_health_reference_laboratories_(pehrl)	pathology_queensland
B/Victoria/89/2024	who_collaborating_centre_for_reference_and_research_on_influenza	4cyte_pathology
B/Victoria/113/2024	who_collaborating_centre_for_reference_and_research_on_influenza	monash_medical_centre
B/India/Pun-Nivcov24_4405/2024-egg	centers_for_disease_control_and_prevention	national_institute_of_virology
B/Norway/2554/2025	norwegian_institute_of_public_health	norwegian_institute_of_public_health
B/England/5100097/2024	ukhsa_/_respiratory_virus_unit	uk_health_security_agency___colindale
B/Abudhabi/4087/2024	sheikh_khalifa_medical_city_(skmc)	reference_laboratory_for_infectious_disease_(surveillance_lab)
B/Saopaulo/CEVI_24001989/2024	instituto_butantan	instituto_butantan
B/Bangladesh/3270/2023	centers_for_disease_control_and_prevention	institute_of_epidemiology_disease_control_and_research_(iedcr)_&_bangladesh_national_influenza_centre_(nic)
B/England/241620178/2024	ukhsa_/_respiratory_virus_unit	uk_health_security_agency___colindale
B/Darwin/2/2024	who_collaborating_centre_for_reference_and_research_on_influenza	royal_darwin_hospital
B/Bangkok/P2620/2024	thai_national_influenza_center	thai_national_influenza_center
B/Singapore/GP17189/2024	ministry_of_health,_singapore	ministry_of_health,_singapore
B/Malaysia/IMR-SARI0172/2025	institute_for_medical_research	hospital_pulau_pinang
B/Malaysia/IMR-SARI0124/2025	institute_for_medical_research	hospital_umum_sarawak
B/Singapore/KK2237/2024	ministry_of_health,_singapore	ministry_of_health,_singapore
B/Maldives/2370/2024	centers_for_disease_control_and_prevention	ministry_of_health
B/Maldives/2313/2024	centers_for_disease_control_and_prevention	ministry_of_health
B/England/520352/2025	ukhsa_/_respiratory_virus_unit	uk_health_security_agency___colindale
B/England/420234/2025	ukhsa_/_respiratory_virus_unit	uk_health_security_agency___colindale
B/Gyeonggi/425/2025	korea_disease_control_and_prevention_agency_(kdca)	korea_disease_control_and_prevention_agency_(kdca)
B/Gyeonggi/423/2025	korea_disease_control_and_prevention_agency_(kdca)	korea_disease_control_and_prevention_agency_(kdca)
B/HongKong/58/2023	crick_worldwide_influenza_centre	government_virus_unit
B/HongKong/71/2023	crick_worldwide_influenza_centre	government_virus_unit
B/HongKong/62/2023	crick_worldwide_influenza_centre	government_virus_unit
B/HongKong/6952/2023	crick_worldwide_influenza_centre	government_virus_unit
B/HongKong/68/2023	crick_worldwide_influenza_centre	government_virus_unit
B/HongKong/60/2023	centers_for_disease_control_and_prevention	government_virus_unit
A/Taiwan/S25866/2024	taiwan_centers_for_disease_control	taiwan_centers_for_disease_control
B/HongKong/67/2023	centers_for_disease_control_and_prevention	government_virus_unit
B/Yamagata/77/2024	national_institute_of_infectious_diseases_(niid)	yamagata_prefectural_institute_of_public_health
B/Fukuoka-C/1/2023	national_institute_of_infectious_diseases_(niid)	fukuoka_city_institute_for_hygiene_and_the_environment
B/Oita/5/2023	national_institute_of_infectious_diseases_(niid)	oita_prefectural_institute_of_health_and_environment
B/Sendai/23/2024	national_institute_of_infectious_diseases_(niid)	sendai_city_institute_of_public_health
B/Guangxi-Beiliu/2298/2023	centers_for_disease_control_and_prevention	who_chinese_national_influenza_center
B/Nara/3/2024	national_institute_of_infectious_diseases_(niid)	nara_prefectural_institute_for_hygiene_and_environment
B/Kanagawa/AC2356/2024	national_institute_of_infectious_diseases_(niid)	national_institute_of_infectious_diseases_(niid)
B/Yokohama/7/2024	national_institute_of_infectious_diseases_(niid)	yokohama_city_institute_of_public_health.
B/Vietnam/PF124193/2024	bach_mai_hospital	bach_mai_hospital
B/HongKong/66/2023	crick_worldwide_influenza_centre	government_virus_unit
B/HongKong/61/2023	centers_for_disease_control_and_prevention	government_virus_unit
B/HongKong/77/2023	crick_worldwide_influenza_centre	government_virus_unit
B/HongKong/70/2023	centers_for_disease_control_and_prevention	government_virus_unit
B/Shanxi-Taiyuan/2065/2023	taiyuan_center_for_disease_control_and_prevention	taiyuan_center_for_disease_control_and_prevention
A/Shanxi-Taiyuan/2424/2023	taiyuan_center_for_disease_control_and_prevention	taiyuan_center_for_disease_control_and_prevention
B/Guangxi-Beiliu/2298/2023-egg	centers_for_disease_control_and_prevention	who_chinese_national_influenza_center
B/HongKong/72/2023	centers_for_disease_control_and_prevention	government_virus_unit
A/Shanxi-Taiyuan/1708/2023	taiyuan_center_for_disease_control_and_prevention	taiyuan_center_for_disease_control_and_prevention
B/Shanxi-Taiyuan/1995/2023	taiyuan_center_for_disease_control_and_prevention	taiyuan_center_for_disease_control_and_prevention
A/Pakistan/NIC/ICT/131/2025	national_institute_of_health_pakistan	national_institute_of_health
B/Victoria/65/2024	who_collaborating_centre_for_reference_and_research_on_influenza	austin_health
B/England/460278/2025	ukhsa_/_respiratory_virus_unit	uk_health_security_agency___colindale
B/Vermont/1/2025	centers_for_disease_control_and_prevention	vermont_department_of_health_laboratory
B/NewYork/GKISBBBE72437/2025		concentric_by_ginkgo_bioworks
B/Shanxi-Taiyuan/857/2024	taiyuan_center_for_disease_control_and_prevention	taiyuan_center_for_disease_control_and_prevention
B/Shanxi-Taiyuan/682/2024	taiyuan_center_for_disease_control_and_prevention	taiyuan_center_for_disease_control_and_prevention
B/NovaScotia/RV01504/2024	public_health_agency_of_canada_(phac)	queen_elizabeth_ii_health_sciences_centre
B/HongKong/63/2023	centers_for_disease_control_and_prevention	government_virus_unit
B/Queensland/IN000952/2025	public_and_environmental_health_reference_laboratories_(pehrl)	qld,_sullivan_nicolaides_pathology
B/Vietnam/PF224095/2024	bach_mai_hospital	bach_mai_hospital
B/Shanxi-Taiyuan/1228/2024	taiyuan_center_for_disease_control_and_prevention	taiyuan_center_for_disease_control_and_prevention
B/StPetersburg/RII-50/2024	who_national_influenza_centre_russian_federation	who_national_influenza_centre_russian_federation
B/Ulaanbaatar/1035/2024	national_institute_of_infectious_diseases_(niid)	national_center_for_communicable_diseases
B/Singapore/NUH0001/2024	ministry_of_health,_singapore	ministry_of_health,_singapore
B/Ashgabat/1/2024	crick_worldwide_influenza_centre	turkmenistan_reference_laboratory
B/Paraiba/1563-IEC/2025	evandro_chagas_institute	evandro_chagas_institute
B/MatoGrossodoSul/MS-FIOCRUZ-FMS525/2025	fundação_oswaldo_cruz_(fiocruz)	lacen/ms_laboratório_central_de_saúde_pública_de_mato_grosso_do_sul
B/Parana/367/2025	instituto_oswaldo_cruz_fiocruz___laboratory_of_respiratory_viruses_and_measles_(lvrs)	laboratório_central_do_estado_do_paraná___lacen/pr
B/Queensland/IN000605/2024	public_and_environmental_health_reference_laboratories_(pehrl)	qld,_sullivan_nicolaides_pathology
B/Rondonia/278/2025	instituto_oswaldo_cruz_fiocruz___laboratory_of_respiratory_viruses_and_measles_(lvrs)	laboratório_central_de_saúde_pública_(lacen/ro)
B/Parana/370/2025	instituto_oswaldo_cruz_fiocruz___laboratory_of_respiratory_viruses_and_measles_(lvrs)	laboratório_central_do_estado_do_paraná___lacen/pr
B/Brazil/SP-LEIAL4277/2025	instituto_adolfo_lutz	instituto_adolfo_lutz___national_influenza_center
B/France/IDF-RELAB-IPP01769/2025	institut_pasteur_paris	institut_pasteur
B/France/ARA-RELAB-HCL024166023201/2024	cnr_virus_des_infections_respiratoires,_france_sud	cnr_virus_des_infections_respiratoires___france_sud
B/France/NAQ-RELAB-HCL025017034601/2025	cnr_virus_des_infections_respiratoires,_france_sud	cnr_virus_des_infections_respiratoires___france_sud
B/Florida/ISC-1009/2025	centers_for_disease_control_and_prevention	florida_department_of_health_tampa
B/StPetersburg/RII-31/2025	who_national_influenza_centre_russian_federation	who_national_influenza_centre_russian_federation
B/France/OCC-RELAB-HCL025033214601/2025	cnr_virus_des_infections_respiratoires,_france_sud	cnr_virus_des_infections_respiratoires___france_sud
B/SuratThani/F618/2025	thai_national_influenza_center	thai_national_influenza_center
B/France/ARA-HCL025019100701/2025	cnr_virus_des_infections_respiratoires,_france_sud	cnr_virus_des_infections_respiratoires___france_sud
B/France/GES-IPP01278/2025	institut_pasteur	institut_pasteur
B/France/ARA-RELAB-HCL025030373201/2025	cnr_virus_des_infections_respiratoires,_france_sud	cnr_virus_des_infections_respiratoires___france_sud
B/HongKong/195/2024	crick_worldwide_influenza_centre	government_virus_unit
B/Singapore/GP7166/2024	ministry_of_health,_singapore	ministry_of_health,_singapore
B/Denmark/78/2024	statens_serum_institute	statens_serum_institut
B/Incheon/4031/2024	korea_disease_control_and_prevention_agency_(kdca)	korea_disease_control_and_prevention_agency_(kdca)
B/Jeonbuk/4038/2024	korea_disease_control_and_prevention_agency_(kdca)	korea_disease_control_and_prevention_agency_(kdca)
B/Jeonbuk/4039/2024	korea_disease_control_and_prevention_agency_(kdca)	korea_disease_control_and_prevention_agency_(kdca)
B/Chungbuk/3772/2024	korea_disease_control_and_prevention_agency_(kdca)	korea_disease_control_and_prevention_agency_(kdca)
B/Daegu/3928/2024	korea_disease_control_and_prevention_agency_(kdca)	korea_disease_control_and_prevention_agency_(kdca)
B/Iowa/9/2025	centers_for_disease_control_and_prevention	iowa_state_hygienic_laboratory
B/Para/7993-IEC/2025	evandro_chagas_institute	evandro_chagas_institute
B/Para/4051-IEC/2025	evandro_chagas_institute	evandro_chagas_institute
B/Hyogo/3004/2024	national_institute_of_infectious_diseases_(niid)	hyogo_prefectural_institute_of_public_health_and_consumer_sciences
B/HongKong/209/2024	hong_kong_department_of_health	hong_kong_department_of_health
B/Okinawa/332/2024	national_institute_of_infectious_diseases_(niid)	okinawa_prefectural_institute_of_health_and_environment
B/Tak/F2046/2024	thai_national_influenza_center	thai_national_influenza_center
B/HongKong/219/2024	crick_worldwide_influenza_centre	government_virus_unit
B/HongKong/4224/2024	centers_for_disease_control_and_prevention	government_virus_unit
B/Saitama-C/1/2024	national_institute_of_infectious_diseases_(niid)	saitama_city_institute_of_health__science_and_research
B/NakhonPhanom/D63/2025	thai_national_influenza_center	thai_national_influenza_center
B/NakhonPhanom/F587/2025	thai_national_influenza_center	thai_national_influenza_center
B/NakhonPhanom/F771/2025	thai_national_influenza_center	thai_national_influenza_center
B/NakhonPhanom/F478/2025	thai_national_influenza_center	thai_national_influenza_center
B/Bangkok/F1627/2024	thai_national_influenza_center	thai_national_influenza_center
B/NakhonPhanom/F717/2025	thai_national_influenza_center	thai_national_influenza_center
B/NakhonPhanom/F359/2025	thai_national_influenza_center	thai_national_influenza_center
B/NakhonPhanom/D90/2025	thai_national_influenza_center	thai_national_influenza_center
B/NakhonPhanom/F654/2025	thai_national_influenza_center	thai_national_influenza_center
B/NakhonPhanom/F721/2025	thai_national_influenza_center	thai_national_influenza_center
B/NakhonPhanom/F720/2025	thai_national_influenza_center	thai_national_influenza_center
B/Lao/2811/2024	centers_for_disease_control_and_prevention	national_center_for_laboratory_and_epidemiology
B/NakhonPhanom/F312/2025	thai_national_influenza_center	thai_national_influenza_center
B/NakhonPhanom/D102/2025	thai_national_influenza_center	thai_national_influenza_center
B/NakhonPhanom/F499/2025	thai_national_influenza_center	thai_national_influenza_center
B/Bangkok/P128/2025	thai_national_influenza_center	thai_national_influenza_center
B/NakhonPhanom/F548/2025	thai_national_influenza_center	thai_national_influenza_center
B/NakhonPhanom/D101/2025	thai_national_influenza_center	thai_national_influenza_center
B/NakhonPhanom/F481/2025	thai_national_influenza_center	thai_national_influenza_center
B/NakhonPhanom/F655/2025	thai_national_influenza_center	thai_national_influenza_center
B/NakhonPhanom/D118/2025	thai_national_influenza_center	thai_national_influenza_center
B/HongKong/74/2023	centers_for_disease_control_and_prevention	government_virus_unit
B/HongKong/75/2023	crick_worldwide_influenza_centre	government_virus_unit
B/Bahrain/5659/2024	centers_for_disease_control_and_prevention	ministry_of_health_bahrain
B/SouthAustralia/10/2024	who_collaborating_centre_for_reference_and_research_on_influenza	institute_of_medical_and_veterinary_science_(imvs)
B/HongKong/916/2024	centers_for_disease_control_and_prevention	government_virus_unit
B/Yamagata/140/2024	national_institute_of_infectious_diseases_(niid)	yamagata_prefectural_institute_of_public_health
B/Vietnam/4305/2024	centers_for_disease_control_and_prevention	pasteur_institute,_influenza_laboratory
B/Shanxi-Taiyuan/1180/2024	taiyuan_center_for_disease_control_and_prevention	taiyuan_center_for_disease_control_and_prevention
B/HongKong/200/2024	hong_kong_department_of_health_,_public_health_laboratory_services_branch	hong_kong_department_of_health
B/Singapore/KK2471/2024	ministry_of_health,_singapore	ministry_of_health,_singapore
B/France/IDF-RELAB-IPP08051/2024	institut_pasteur	institut_pasteur
B/Pakistan/107/2024	centers_for_disease_control_and_prevention	national_institute_of_health
B/NakhonPhanom/D76/2025	thai_national_influenza_center	thai_national_influenza_center
B/HongKong/VB24129219/2024	hong_kong_department_of_health_,_public_health_laboratory_services_branch	hong_kong_department_of_health
B/HongKong/193/2024	crick_worldwide_influenza_centre	government_virus_unit
B/HongKong/VB24170761/2024	hong_kong_department_of_health_,_public_health_laboratory_services_branch	hong_kong_department_of_health
B/HongKong/1079/2024	centers_for_disease_control_and_prevention	government_virus_unit
B/HongKong/4493/2024	centers_for_disease_control_and_prevention	government_virus_unit
B/Seoul/296/2025	korea_disease_control_and_prevention_agency_(kdca)	korea_disease_control_and_prevention_agency_(kdca)
B/HongKong/3/2025	hong_kong_department_of_health	hong_kong_department_of_health
B/HongKong/EPI1021/2025		university_of_hong_kong,_school_of_public_health,_who_collaborating_centre_for_infectious_disease_epidemiology_and_control
B/Turkey/27253933/2024	crick_worldwide_influenza_centre	istanbul_university
B/Tak/F670/2025	thai_national_influenza_center	thai_national_influenza_center
B/France/NAQ-RELAB-HCL025005657001/2024	cnr_virus_des_infections_respiratoires,_france_sud	cnr_virus_des_infections_respiratoires___france_sud
B/Madagascar/3804/2024	crick_worldwide_influenza_centre	institut_pasteur_de_madagascar
B/Madagascar/132/2025	institut_pasteur_de_madagascar	institut_pasteur_de_madagascar
B/Madagascar/134/2025	institut_pasteur_de_madagascar	institut_pasteur_de_madagascar
B/Madagascar/139/2025	institut_pasteur_de_madagascar	institut_pasteur_de_madagascar
B/Madagascar/3421/2024	centers_for_disease_control_and_prevention	institut_pasteur_de_madagascar
B/Shanxi-Taiyuan/729/2024	taiyuan_center_for_disease_control_and_prevention	taiyuan_center_for_disease_control_and_prevention
B/Bangkok/P354/2025	thai_national_influenza_center	thai_national_influenza_center
B/Queensland/IN000946/2025	public_and_environmental_health_reference_laboratories_(pehrl)	qld,_sullivan_nicolaides_pathology
B/Para/7999-IEC/2025	evandro_chagas_institute	evandro_chagas_institute
B/Para/7997-IEC/2025	evandro_chagas_institute	evandro_chagas_institute
B/Para/8005-IEC/2025	evandro_chagas_institute	evandro_chagas_institute
B/Para/8022-IEC/2025	evandro_chagas_institute	evandro_chagas_institute
B/Para/8004-IEC/2025	evandro_chagas_institute	evandro_chagas_institute
B/Para/8019-IEC/2025	evandro_chagas_institute	evandro_chagas_institute
B/Para/4048-IEC/2025	evandro_chagas_institute	evandro_chagas_institute
B/Para/4052-IEC/2025	evandro_chagas_institute	evandro_chagas_institute
B/Para/3142-IEC/2025	evandro_chagas_institute	evandro_chagas_institute
B/Shizuoka/66/2024	national_institute_of_infectious_diseases_(niid)	shizuoka_institute_of_environment_and_hygiene
B/Shizuoka/73/2024	national_institute_of_infectious_diseases_(niid)	shizuoka_institute_of_environment_and_hygiene
B/HongKong/3697/2024	centers_for_disease_control_and_prevention	government_virus_unit
B/EspiritoSanto/466/2025	instituto_oswaldo_cruz_fiocruz___laboratory_of_respiratory_viruses_and_measles_(lvrs)	lacen/es___laboratório_central_de_saúde_pública_do_espírito_santo
B/HongKong/3847/2024	centers_for_disease_control_and_prevention	government_virus_unit
B/HongKong/3779/2024	centers_for_disease_control_and_prevention	government_virus_unit
B/HongKong/905/2024	centers_for_disease_control_and_prevention	government_virus_unit
B/Philippines/1900/2024	centers_for_disease_control_and_prevention	research_institute_for_tropical_medicine,_virology_department
B/Perth/462/2024	who_collaborating_centre_for_reference_and_research_on_influenza	pathwest_qe_ii_medical_centre
B/Maldives/1169/2024	centers_for_disease_control_and_prevention	ministry_of_health
B/HongKong/79/2023	centers_for_disease_control_and_prevention	government_virus_unit
B/StPetersburg/RII-53/2024	crick_worldwide_influenza_centre	who_national_influenza_centre_russian_federation
B/Stockholm/SE24-53110/2024	public_health_agency_of_sweden	klinisk_mikrobiologi,_karolinska_universitetslaboratoriet,_karolinska_universitetssjukhuset_solna
B/StPetersburg/RII-57/2024	who_national_influenza_centre_russian_federation	who_national_influenza_centre_russian_federation
B/Singapore/KK0975/2024	ministry_of_health,_singapore	ministry_of_health,_singapore
B/StPetersburg/RII-MH179084S/2024	who_national_influenza_centre_russian_federation	research_institute_of_influenza,_ministry_of_healthcare_of_the_russian_federation
B/StPetersburg/RII-MH179083S/2024	who_national_influenza_centre_russian_federation	research_institute_of_influenza,_ministry_of_healthcare_of_the_russian_federation
B/HongKong/VB24147368/2024	hong_kong_department_of_health_,_public_health_laboratory_services_branch	hong_kong_department_of_health
B/Aomori/38/2024	national_institute_of_infectious_diseases_(niid)	aomori_prefectural_institute_of_public_health_and_environment
B/Liaoning-Yinzhou/1221/2024-egg	centers_for_disease_control_and_prevention	who_chinese_national_influenza_center
B/Liaoning-Yinzhou/1221/2024	centers_for_disease_control_and_prevention	who_chinese_national_influenza_center
B/StPetersburg/RII-MH186077S/2024	who_national_influenza_centre_russian_federation	research_institute_of_influenza,_ministry_of_healthcare_of_the_russian_federation
B/Nagano/2101/2024	national_institute_of_infectious_diseases_(niid)	nagano_environmental_conservation_research_institute
B/StPetersburg/RII-MH188110S/2024	who_national_influenza_centre_russian_federation	research_institute_of_influenza,_ministry_of_healthcare_of_the_russian_federation
B/SaoPaulo/357806264-IAL/2024	centers_for_disease_control_and_prevention	instituto_adolfo_lutz
B/HongKong/3384/2024	centers_for_disease_control_and_prevention	government_virus_unit
B/HongKong/2228/2024	centers_for_disease_control_and_prevention	government_virus_unit
B/MecklenburgVorpommern/9/2024	robert_koch_institute_nationales_referenzzentrum_für_influenza	robert_koch_institute_nationales_referenzzentrum_für_influenza
B/Michigan/UM-10057030868/2024		university_of_michigan,_lauring_lab,_department_of_microbiology_and_immunology
B/HongKong/EPI0911/2024		university_of_hong_kong,_school_of_public_health,_who_collaborating_centre_for_infectious_disease_epidemiology_and_control
B/Canberra/3/2025	who_collaborating_centre_for_reference_and_research_on_influenza	canberra_hospital
B/StPetersburg/RII-1816S/2025	who_national_influenza_centre_russian_federation	research_institute_of_influenza,_ministry_of_healthcare_of_the_russian_federation
B/NewYork/PX16056/2025	icahn_school_of_medicine_at_mount_sinai	icahn_school_of_medicine_at_mount_sinai
B/NewYork/PX16388/2025	icahn_school_of_medicine_at_mount_sinai	icahn_school_of_medicine_at_mount_sinai
B/RhodeIsland/15252/2025	u.s._air_force_school_of_aerospace_medicine	u.s._air_force_school_of_aerospace_medicine_
B/RiodeJaneiro/155/2025	instituto_oswaldo_cruz_fiocruz___laboratory_of_respiratory_viruses_and_measles_(lvrs)	university_of_são_paulo
B/Para/8021-IEC/2025	evandro_chagas_institute	evandro_chagas_institute
B/Para/7991-IEC/2025	evandro_chagas_institute	evandro_chagas_institute
B/Aomori/33/2024	national_institute_of_infectious_diseases_(niid)	aomori_prefectural_institute_of_public_health_and_environment
B/England/241540905/2024	ukhsa_/_respiratory_virus_unit	uk_health_security_agency___colindale
B/Maldives/2239/2024	centers_for_disease_control_and_prevention	ministry_of_health
B/Kanagawa/AC2358/2024	national_institute_of_infectious_diseases_(niid)	national_institute_of_infectious_diseases_(niid)
B/BritishColumbia/RV01495/2024	public_health_agency_of_canada_(phac)	b.c._centre_for_disease_control
B/Chiba-C/25/2024	national_institute_of_infectious_diseases_(niid)	chiba_city_institute_of_health_and_environment
B/SriLanka/2/2025	who_collaborating_centre_for_reference_and_research_on_influenza	medical_research_institute
B/Victoria/56/2024	who_collaborating_centre_for_reference_and_research_on_influenza	austin_health
B/Queensland/IN000431/2024	public_and_environmental_health_reference_laboratories_(pehrl)	qld,_sullivan_nicolaides_pathology
B/HongKong/1648/2024	centers_for_disease_control_and_prevention	government_virus_unit
B/Victoria/3/2025	who_collaborating_centre_for_reference_and_research_on_influenza	royal_chidrens_hospital
B/Queensland/IN000759/2024	public_and_environmental_health_reference_laboratories_(pehrl)	qld,_sullivan_nicolaides_pathology
B/Queensland/IN000783/2024	public_and_environmental_health_reference_laboratories_(pehrl)	qld,_sullivan_nicolaides_pathology
B/Queensland/IN000724/2024	public_and_environmental_health_reference_laboratories_(pehrl)	pathology_queensland
B/Victoria/110/2024	who_collaborating_centre_for_reference_and_research_on_influenza	austin_health
B/Victoria/106/2024	who_collaborating_centre_for_reference_and_research_on_influenza	austin_health
B/Brisbane/27/2024	who_collaborating_centre_for_reference_and_research_on_influenza	4cyte_pathology
B/AbuDhabi/7803/2024	centers_for_disease_control_and_prevention	shaikh_khalifa_medical_city
B/Lao/2847/2024	centers_for_disease_control_and_prevention	national_center_for_laboratory_and_epidemiology
B/Darwin/4/2024	who_collaborating_centre_for_reference_and_research_on_influenza	royal_darwin_hospital
B/Ulsan/3839/2024	korea_disease_control_and_prevention_agency_(kdca)	korea_disease_control_and_prevention_agency_(kdca)
B/Gyeonggi/560/2025	korea_disease_control_and_prevention_agency_(kdca)	korea_disease_control_and_prevention_agency_(kdca)
B/Ulsan/307/2025	korea_disease_control_and_prevention_agency_(kdca)	korea_disease_control_and_prevention_agency_(kdca)
B/Ulsan/305/2025	korea_disease_control_and_prevention_agency_(kdca)	korea_disease_control_and_prevention_agency_(kdca)
B/Darwin/3/2024	who_collaborating_centre_for_reference_and_research_on_influenza	royal_darwin_hospital
B/Chiba/38/2024	national_institute_of_infectious_diseases_(niid)	chiba_prefectural_institute_of_public_health
B/SriLanka/1/2025	who_collaborating_centre_for_reference_and_research_on_influenza	medical_research_institute
B/SriLanka/27/2024	who_collaborating_centre_for_reference_and_research_on_influenza	medical_research_institute
B/SriLanka/42/2024	who_collaborating_centre_for_reference_and_research_on_influenza	medical_research_institute