strain	submitting_lab	originating_lab
A/HongKong/434/1996	other_database_import	
A/NewYork/625/1996	other_database_import	
A/Netherlands/1/1995	other_database_import	
A/Tochigi/44/1995	other_database_import	
A/Memphis/24/1995	other_database_import	
A/Malaysia/7832/1995	other_database_import	
A/Malaysia/7145/1995	other_database_import	
A/SouthAustralia/1/1995	who_collaborating_centre_for_reference_and_research_on_influenza	institute_of_medical_and_veterinary_science_(imvs)
A/HongKong/3/1995	other_database_import	
A/Finland/338/1995	other_database_import	
A/HongKong/20/1996	other_database_import	
A/Niigata/137/1996	other_database_import	
A/Fukushima/114/1996	other_database_import	
A/Malaysia/7831/1995	other_database_import	
A/Nice/491/1997	other_database_import	
A/Lyon/1781/1996	other_database_import	
A/Singapore/1/1996	other_database_import	
A/NewYork/617/1996	other_database_import	
A/Geneva/3958/1996	other_database_import	
A/Netherlands/178/1995	other_database_import	national_institute_for_public_health_and_the_environment_(rivm)
A/HongKong/49/1995	other_database_import	
A/HongKong/1/1997	other_database_import	
A/Oslo/21/1997	other_database_import	
A/Malaysia/11473/1996	other_database_import	
A/NewYork/587/1996	other_database_import	
A/NewYork/583/1997	other_database_import	
A/NewYork/576/1997	other_database_import	
A/NewYork/574/1996	other_database_import	
A/NewYork/560/1997	other_database_import	
A/NewYork/575/1996	other_database_import	
A/NewYork/594/1996	other_database_import	
A/NewYork/564/1997	other_database_import	
A/NewYork/600/1996	other_database_import	
A/Shiga/20/1995	other_database_import	
A/Victoria/75/1995	other_database_import	
A/Miyagi/29/1995	other_database_import	
A/Finland/339/1995	other_database_import	
A/NewYork/636/1996	other_database_import	
A/Netherlands/91/1996	other_database_import	
A/Finland/381/1995	other_database_import	
A/NewYork/652/1996	other_database_import	
A/Brisbane/7/1996	who_collaborating_centre_for_reference_and_research_on_influenza	queensland_health_forensic_and_scientific_services_
A/Netherlands/271/1995	other_database_import	
A/NewYork/639/1995	other_database_import	
A/NewYork/634/1995	other_database_import	
A/NewYork/613/1996	other_database_import	
A/NewYork/623/1995	other_database_import	
A/NewYork/611/1995	other_database_import	
A/NewYork/618/1995	other_database_import	
A/NewYork/612/1995	other_database_import	
A/NewYork/628/1995	other_database_import	
A/Helsinki/824/2013	other_database_import	
A/Paris/908/1997	other_database_import	
A/Lyon/2279/1995	other_database_import	
A/NewYork/606/1995	other_database_import	
A/NewYork/619/1996	other_database_import	
A/NewYork/647/1995	other_database_import	
A/NewYork/648/1995	other_database_import	
A/NewYork/609/1995	other_database_import	
A/NewYork/610/1995	other_database_import	
A/HongKong/42/1996	other_database_import	
A/Malaysia/10111/1996	other_database_import	
A/Malaysia/10135/1996	other_database_import	
A/Brisbane/8/1996	erasmus_medical_center	erasmus_medical_center
A/NewYork/585/1997	other_database_import	
A/NewYork/584/1996	other_database_import	
A/NewYork/570/1996	other_database_import	
A/NewYork/601/1996	other_database_import	
A/NewYork/555/1996	other_database_import	
A/Shiga/25/1997	other_database_import	
A/Malaysia/12726/1997	other_database_import	
A/Taiwan/1342/1997	other_database_import	
A/SouthAfrica/1147/1996-egg	other_database_import	
A/Siena/1/1997	other_database_import	
A/HongKong/358/1996	other_database_import	
A/NewYork/569/1997	other_database_import	
A/NewYork/571/1996	other_database_import	
A/NewYork/518/1998	other_database_import	
A/Netherlands/5/1998	other_database_import	
A/NewYork/541/1998	other_database_import	
A/Malaysia/10360/1996	other_database_import	
A/Malaysia/10370/1996	other_database_import	
A/NewYork/567/1996	other_database_import	
A/NewYork/577/1996	other_database_import	
A/NewYork/586/1996	other_database_import	
A/NewYork/554/1996	other_database_import	
A/Malaysia/10877/1996	other_database_import	
A/NewYork/263/1999	other_database_import	
A/Perth/9/1997	who_collaborating_centre_for_reference_and_research_on_influenza	pathwest_qe_ii_medical_centre
A/Perth/201lL/1998	who_collaborating_centre_for_reference_and_research_on_influenza	who_collaborating_centre_for_reference_and_research_on_influenza
A/Perth/201E/1998	who_collaborating_centre_for_reference_and_research_on_influenza	pathwest_qe_ii_medical_centre
A/HongKong/357/1996	other_database_import	
A/Fukushima/140/1996	other_database_import	
A/Taiwan/1335/1997	other_database_import	
A/NewYork/506/1998	other_database_import	
A/NewYork/505/1997	other_database_import	
A/NewYork/522/1997	other_database_import	
A/NewYork/546/1998	other_database_import	
A/NewYork/536/1998	other_database_import	
A/NewYork/550/1998	other_database_import	
A/NewYork/501/1997	other_database_import	
A/NewYork/545/1997	other_database_import	
A/NewYork/538/1998	other_database_import	
A/NewYork/525/1998	other_database_import	
A/NewYork/528/1998	other_database_import	
A/NewYork/532/1998	other_database_import	
A/NewYork/533/1998	other_database_import	
A/Taiwan/1338/1997	other_database_import	
A/Malaysia/10997/1996	other_database_import	
A/Auckland/10/1997	other_database_import	
A/Netherlands/300/1997	other_database_import	
A/Sydney/5/1997-egg	erasmus_medical_center	erasmus_medical_center
A/NewSouthWales/20/1999	other_database_import	
A/NewSouthWales/21/1999	other_database_import	
A/Netherlands/301/1999	erasmus_medical_center	erasmus_medical_center
A/NewYork/138/1999	other_database_import	
A/NewYork/435/2000	other_database_import	
A/NewYork/526/1997	other_database_import	
A/NewYork/531/1998	other_database_import	
A/NewYork/509/1997	other_database_import	
A/NewYork/544/1998	other_database_import	
A/NewYork/530/1998	other_database_import	
A/NewYork/547/1997	other_database_import	
A/NewYork/507/1997	other_database_import	
A/NewYork/516/1997	other_database_import	
A/NewYork/524/1997	other_database_import	
A/NewYork/515/1997	other_database_import	
A/NewYork/511/1997	other_database_import	
A/NewYork/543/1998	other_database_import	
A/NewYork/519/1998	other_database_import	
A/NewYork/503/1997	other_database_import	
A/NewYork/512/1998	other_database_import	
A/NewYork/508/1997	other_database_import	
A/NewSouthWales/5/1999	other_database_import	
A/Malaysia/10717/1996	other_database_import	
A/Malaysia/10969/1996	other_database_import	
A/Malaysia/10970/1996	other_database_import	
A/Malaysia/10807/1996	other_database_import	
A/NewYork/457/1999	other_database_import	
A/NewYork/333/1999	other_database_import	
A/NewYork/347/1999	other_database_import	
A/NewYork/327/1999	other_database_import	
A/NewYork/325/1999	other_database_import	
A/NewYork/330/1998	other_database_import	
A/NewYork/332/1999	other_database_import	
A/WesternAustralia/13/2001	other_database_import	
A/Fujian/140/2000-egg	who_collaborating_centre_for_reference_and_research_on_influenza	centers_for_disease_control_and_prevention
A/Taiwan/124/2001	other_database_import	
A/Canterbury/37/2001	other_database_import	
A/Canterbury/10/2001	other_database_import	
A/Netherlands/126/2001	other_database_import	
A/WestCoast/28/2001	other_database_import	
A/WestCoast/32/2001	other_database_import	
A/SouthAustralia/47/2000	other_database_import	
A/Wellington/9/2000	other_database_import	
A/NewSouthWales/33/2000	other_database_import	
A/NewSouthWales/32/2000	other_database_import	
A/Waikato/4/2000	other_database_import	
A/WesternAustralia/9/2000	other_database_import	
A/Auckland/596/2000	other_database_import	
A/Queensland/9/2000	other_database_import	
A/SouthAustralia/76/2000	other_database_import	
A/Queensland/1/2000	other_database_import	
A/Canterbury/97/2000	other_database_import	
A/Canterbury/68/2000	other_database_import	
A/SouthAustralia/11/2000	other_database_import	
A/Canterbury/73/2000	other_database_import	
A/NewSouthWales/16/1999	other_database_import	
A/NewSouthWales/2/1999	other_database_import	
A/NewSouthWales/13/1999	other_database_import	
A/NewYork/313/1998	other_database_import	
A/NewYork/280/1999	other_database_import	
A/NewYork/252/1999	other_database_import	
A/NewYork/240/1998	other_database_import	
A/Netherlands/88/2003	other_database_import	
A/NewYork/197/2003	other_database_import	
A/NewYork/301/2001	other_database_import	
A/Netherlands/118/2001	erasmus_medical_center	erasmus_medical_center
A/NewYork/55/2001	other_database_import	centers_for_disease_control_and_prevention
A/NewYork/71/2001	other_database_import	
A/NewYork/419/2002	other_database_import	
A/NewYork/273/2001	other_database_import	
A/NewYork/418/2002	other_database_import	
A/Genoa/1/2002	other_database_import	
A/Denmark/13/2002	other_database_import	
A/Taiwan/3446/2002	other_database_import	
A/Taiwan/3565/2002	other_database_import	
A/Auckland/608/2002	other_database_import	
A/Denmark/8/2002	other_database_import	
A/England/4024313/2003	other_database_import	
A/Netherlands/312/2003	other_database_import	
A/NewYork/59/2003	other_database_import	
A/England/547/2003	other_database_import	
A/England/754/2003	other_database_import	
A/NewYork/124/2001	other_database_import	
A/NewYork/82/2001	other_database_import	
A/NewYork/94/2001	other_database_import	
A/NewYork/131/2001	other_database_import	
A/NewYork/81/2002	other_database_import	
A/NewYork/91/2002	other_database_import	
A/NewYork/83/2001	other_database_import	
A/NewYork/408/2002	other_database_import	
A/NewYork/134/2002	other_database_import	
A/NewYork/127/2001	other_database_import	
A/NewYork/77/2001	other_database_import	
A/NewYork/108/2002	other_database_import	
A/NewYork/88/2002	other_database_import	
A/WesternAustralia/24/2002	other_database_import	
A/Queensland/29/2002	other_database_import	
A/NewYork/202/2003	other_database_import	
A/Queensland/30/2002	other_database_import	
A/Denmark/5/2002	other_database_import	
A/NewYork/113/2002	other_database_import	
A/Finland/170/2003	other_database_import	
A/Netherlands/120/2002	other_database_import	
A/Waikato/52/2002	other_database_import	
A/Canterbury/69/2002	other_database_import	
A/Wellington/80/2002	other_database_import	
A/Waikato/51/2002	other_database_import	
A/Canterbury/5/2002	other_database_import	
A/Canterbury/79/2002	other_database_import	
A/Wellington/38/2002	other_database_import	
A/Canterbury/49/2002	other_database_import	
A/Canterbury/19/2002	other_database_import	
A/Canterbury/22/2002	other_database_import	
A/Canterbury/21/2002	other_database_import	
A/Canterbury/14/2002	other_database_import	
A/Canterbury/60/2002	other_database_import	
A/Auckland/611/2002	other_database_import	
A/NewYork/116/2002	other_database_import	
A/NewYork/101/2002	other_database_import	
A/Taiwan/231/2002	other_database_import	
A/NewYork/122/2002	other_database_import	
A/NewYork/128/2002	other_database_import	
A/NewYork/75/2002	other_database_import	
A/NewYork/412/2002	other_database_import	
A/NewYork/402/2001	other_database_import	
A/NewYork/90/2002	other_database_import	
A/WesternAustralia/15/2001	other_database_import	
A/Queensland/14/2001	other_database_import	
A/Queensland/12/2001	other_database_import	
A/Queensland/20/2001	other_database_import	
A/Queensland/16/2001	other_database_import	
A/Auckland/603/2001	other_database_import	
A/WesternAustralia/16/2001	other_database_import	
A/NewYork/76/2002	other_database_import	
A/NewYork/401/2001	other_database_import	
A/NewYork/80/2001	other_database_import	
A/Waikato/105/2001	other_database_import	
A/Wellington/34/2001	other_database_import	
A/Auckland/604/2001	other_database_import	
A/Auckland/602/2001	other_database_import	
A/NewYork/84/2001	other_database_import	
A/Auckland/614/2002	other_database_import	
A/WesternAustralia/28/2002	other_database_import	
A/NewYork/105/2002	other_database_import	
A/NewYork/114/2002	other_database_import	
A/NewYork/85/2001	other_database_import	
A/Illinois/NHRC0001/2002	other_database_import	
A/Denmark/22/2002	other_database_import	
A/NewYork/215/2003	other_database_import	
A/India/Pun03287/2003	icmr_national_institute_of_virology	icmr_national_institute_of_virology
A/Taiwan/1075/2004	other_database_import	
A/Queensland/31/2003	other_database_import	
A/California/NHRC0006/2003	other_database_import	
A/Mexico/InDRE2662/2003-egg	other_database_import	
A/Missouri/NHRC0002/2004	other_database_import	
A/NewYork/24/2003	other_database_import	
A/NewYork/39/2003	other_database_import	
A/NewYork/22/2003	other_database_import	
A/Waikato/61/2003	other_database_import	
A/Waikato/54/2003	other_database_import	
A/Malaysia/25804/2003	other_database_import	
A/Australia/NHRC0006/2003	other_database_import	
A/NewYork/10/2004	other_database_import	
A/NewYork/6/2004	other_database_import	
A/NewYork/473/2003	other_database_import	
A/NewYork/45/2003	other_database_import	
A/Waikato/15/2003	other_database_import	
A/Canterbury/397/2003	other_database_import	
A/Wellington/34/2003	other_database_import	institute_of_environmental_science_&_research
A/Canterbury/406/2003	other_database_import	
A/Queensland/36/2003	other_database_import	
A/Queensland/39/2003	other_database_import	
A/Canterbury/387/2003	other_database_import	
A/Canterbury/438/2003	other_database_import	
A/Canterbury/418/2003	other_database_import	
A/Canterbury/410/2003	other_database_import	
A/Canterbury/400/2003	other_database_import	
A/Denmark/15-02/2004	other_database_import	
A/Hanoi/HN30110/2004	other_database_import	
A/England/957/2003	other_database_import	
A/England/491/2003	other_database_import	
A/England/487/2003	other_database_import	
A/England/568/2003	other_database_import	
A/England/430/2003	other_database_import	
A/England/917/2003	other_database_import	
A/Taiwan/89/2003	other_database_import	
A/Scotland/81/2003	other_database_import	
A/England/475/2003	other_database_import	
A/England/788/2003	other_database_import	
A/England/740/2003	other_database_import	
A/England/532/2003	other_database_import	
A/NewYork/474/2003	other_database_import	
A/England/446/2003	other_database_import	
A/England/493/2003	other_database_import	
A/Memphis/31/2003	other_database_import	
A/SouthCarolina/NHRC0001/2003	other_database_import	
A/NewYork/9/2003	other_database_import	
A/NewYork/35/2003	other_database_import	
A/NewYork/8/2003	other_database_import	
A/NewYork/43/2003	other_database_import	
A/NewYork/64/2003	other_database_import	
A/Georgia/NHRC0001/2004	other_database_import	
A/Illinois/NHRC0001/2004	other_database_import	
A/NewYork/33/2004	other_database_import	
A/NewYork/40/2003	other_database_import	
A/Waikato/75/2003	other_database_import	
A/Malaysia/25890/2003	other_database_import	
A/Malaysia/25957/2003	other_database_import	
A/Malaysia/26003/2003	other_database_import	
A/Waikato/29/2003	other_database_import	
A/Canterbury/443/2003	other_database_import	
A/Okayama/23/2004	who_collaborating_centre_for_reference_and_research_on_influenza	national_institute_of_infectious_diseases_(niid)
A/England/585/2003	other_database_import	
A/Malaysia/25849/2003	other_database_import	
A/Wellington/9/2003	other_database_import	
A/Queensland/35/2003	other_database_import	
A/HongKong/HKU83/2004	other_database_import	
A/HongKong/HKU5/2004	other_database_import	
A/Malaysia/29997/2004	other_database_import	
A/Queensland/48/2004	other_database_import	
A/Queensland/47/2004	other_database_import	
A/Malaysia/17230/1998	other_database_import	
A/Malaysia/17392/1998	other_database_import	
A/Netherlands/427/1998	other_database_import	
A/Malaysia/17332/1998	other_database_import	
A/Netherlands/462/1998	other_database_import	
A/Malaysia/10759/1999	other_database_import	
A/NewYork/283/1999	other_database_import	
A/Moscow/10/1999-egg	other_database_import	
A/Malaysia/12974/1997	other_database_import	
A/Malaysia/12550/1997	other_database_import	
A/Malaysia/12766/1997	other_database_import	
A/Moscow/10/1999	other_database_import	
A/NewSouthWales/4/1999	other_database_import	
A/NewSouthWales/17/1999	other_database_import	
A/Townsville/2/1999	who_collaborating_centre_for_reference_and_research_on_influenza	queensland_health_forensic_and_scientific_services_
A/NewSouthWales/22/1999	other_database_import	
A/NewSouthWales/3/1999	other_database_import	
A/NewSouthWales/8/1999	other_database_import	
A/NewSouthWales/6/1999	other_database_import	
A/NewSouthWales/7/1999	other_database_import	
A/Taiwan/365/1999	other_database_import	
A/NewYork/176/2000	other_database_import	
A/NewYork/158/2000	other_database_import	
A/NewYork/156/2000	other_database_import	
A/NewYork/160/2000	other_database_import	
A/NewYork/174/2000	other_database_import	
A/California/32/1999-egg	other_database_import	
A/NewYork/182/2000	other_database_import	
A/NewYork/429/2000	other_database_import	
A/NewYork/431/2000	other_database_import	
A/NewYork/149/1999	other_database_import	
A/Canterbury/98/2000	other_database_import	
A/NewYork/168/2000	other_database_import	
A/NewYork/421/1999	other_database_import	
A/Netherlands/3/2000	other_database_import	
A/NewSouthWales/19/1999	other_database_import	
A/NewSouthWales/15/1999	other_database_import	
A/India/Pun003589/2000	icmr_national_institute_of_virology	icmr_national_institute_of_virology
A/Canterbury/61/2000	other_database_import	
A/India/Pun003783/2000	icmr_national_institute_of_virology	icmr_national_institute_of_virology
A/Malaysia/17998/1998	other_database_import	
A/Malaysia/18121/1998	other_database_import	
A/Malaysia/18128/1998	other_database_import	
A/Canterbury/7/2001	other_database_import	
A/Canterbury/149/2001	other_database_import	
A/Canterbury/50/2001	other_database_import	
A/Netherlands/124/2001	other_database_import	
A/Waikato/5/2001	other_database_import	
A/Taiwan/384/2001	other_database_import	
A/NewYork/171/1999	other_database_import	
A/Canterbury/2/2000	other_database_import	
A/Malaysia/12942/1997	other_database_import	
A/Malaysia/12904/1997	other_database_import	
A/Malaysia/13002/1997	other_database_import	
A/Malaysia/12990/1997	other_database_import	
A/NewYork/154/2000	other_database_import	
A/Missouri/NHRC0001/2000	other_database_import	
A/Denmark/205/2000	other_database_import	
A/NewYork/157/1999	other_database_import	
A/NewYork/148/2000	other_database_import	
A/NewYork/153/1999	other_database_import	
A/NewYork/179/1999	other_database_import	
A/Queensland/4/2000	other_database_import	
A/NewYork/434/2000	other_database_import	
A/Illinois/NHRC0001/1999	other_database_import	
A/NewYork/142/2000	other_database_import	
A/NewYork/439/2000	other_database_import	
A/NewYork/433/2000	other_database_import	
A/NewYork/170/2000	other_database_import	
A/NewYork/437/2000	other_database_import	
A/NewYork/187/2000	other_database_import	
A/UlanUde/1/2000-egg	other_database_import	centers_for_disease_control_and_prevention
A/NewYork/147/1999	other_database_import	
A/Denmark/35/2000	other_database_import	
A/NewYork/189/1999	other_database_import	
A/Canterbury/179/1999	other_database_import	
A/Malaysia/13094/1997	other_database_import	
A/Malaysia/12132/1997	other_database_import	
A/Malaysia/12106/1997	other_database_import	
A/Malaysia/13328/1997	other_database_import	
A/Malaysia/13329/1997	other_database_import	
A/Malaysia/13246/1997	other_database_import	
A/Taiwan/317/1998	other_database_import	
A/Taiwan/287/1998	other_database_import	
A/Taiwan/511/1999	other_database_import	
A/Taiwan/429/1999	other_database_import	
A/Taiwan/55/2001	other_database_import	
A/Taiwan/160/2001	other_database_import	
A/Taiwan/263/2000	other_database_import	
A/Taiwan/431/2000	other_database_import	
A/Hanoi/1766/2001	other_database_import	
A/Taiwan/299/2002	other_database_import	
A/Taiwan/872/2002	other_database_import	
A/India/Pun025506/2002	icmr_national_institute_of_virology	icmr_national_institute_of_virology
A/Malaysia/26822/2004	other_database_import	
A/Hanoi/HN30136/2004	other_database_import	
A/Denmark/1-2/2004	other_database_import	
A/NewYork/357/2005	other_database_import	
A/Hanoi/HN30240/2004	other_database_import	
A/Singapore/NHRC0012/2003	other_database_import	
A/Singapore/NHRC0008/2003	other_database_import	
A/Singapore/NHRC0001/2003	other_database_import	
A/Singapore/NHRC0009/2003	other_database_import	
A/Hyogo/36/2004	other_database_import	
A/Fukui/20/2004	other_database_import	
A/Wellington/1/2004-egg	erasmus_medical_center	erasmus_medical_center
A/Wellington/1/2004	erasmus_medical_center	erasmus_medical_center
A/NewYork/462/2005	other_database_import	
A/Taiwan/799/2006	other_database_import	
A/Taiwan/103/2007	other_database_import	
A/Sendai-H/441/2007	other_database_import	
A/Denmark/35/2006	other_database_import	
A/Malaysia/1674395/2006	other_database_import	
A/Malaysia/1676558/2006	other_database_import	
A/Malaysia/1666665/2006	other_database_import	
A/Malaysia/1665090/2006	other_database_import	
A/Netherlands/33/2007	erasmus_medical_center	erasmus_medical_center
A/Malaysia/1681079/2006	other_database_import	
A/Brisbane/9/2006-egg	other_database_import	queensland_health_forensic_and_scientific_services_
A/Malaysia/1657167/2006	other_database_import	
A/Thailand/CU231/2006	other_database_import	
A/Taiwan/3/2007	other_database_import	
A/HongKong/HKU22/2004	other_database_import	
A/Malaysia/26989/2004	other_database_import	
A/TayNguyen/TN92/2003	other_database_import	
A/TayNguyen/TN83/2003	other_database_import	
A/TayNguyen/TN160/2003	other_database_import	
A/TayNguyen/TN905/2003	other_database_import	
A/TayNguyen/TN152/2003	other_database_import	
A/Hanoi/HN3094/2004	other_database_import	
A/Hanoi/HN30108/2004	other_database_import	
A/Hanoi/HN30109/2004	other_database_import	
A/Hanoi/HN30135/2004	other_database_import	
A/TayNguyen/TN49/2004	other_database_import	
A/Hanoi/ISBM16/2005	other_database_import	
A/BacGiang/BG003/2004	other_database_import	
A/TayNguyen/TN46/2004	other_database_import	
A/NewYork/55/2004-egg	other_database_import	new_york_presbyterian_hospital_columbia_university_medical_center,_microbiology_department
A/NewYork/376/2005	other_database_import	
A/NewYork/236/2004	other_database_import	
A/NewYork/380/2004	other_database_import	
A/Taiwan/20/2004	other_database_import	
A/Taiwan/586/2004	other_database_import	
A/Taiwan/24/2004	other_database_import	
A/Taiwan/95/2004	other_database_import	
A/Taiwan/61/2004	other_database_import	
A/Taiwan/350/2004	other_database_import	
A/Taiwan/266/2004	other_database_import	
A/Taiwan/1111/2004	other_database_import	
A/NewYork/378/2005	other_database_import	
A/NewYork/466/2004	other_database_import	
A/NewYork/464/2005	other_database_import	
A/NewYork/371/2004	other_database_import	
A/NewYork/365/2004	other_database_import	
A/Taiwan/100/2006	other_database_import	
A/Denmark/68/2005	other_database_import	
A/NewYork/258/2005	other_database_import	
A/SouthCarolina/NHRC0002/2005	other_database_import	
A/NewYork/190/2004	other_database_import	
A/NewYork/386/2004	other_database_import	
A/NewYork/355/2004	other_database_import	
A/NewYork/356/2004	other_database_import	
A/NewYork/908/2004	other_database_import	
A/NewYork/362/2004	other_database_import	
A/NewYork/389/2005	other_database_import	
A/NewYork/913/2005	other_database_import	
A/NewYork/390/2005	other_database_import	
A/California/NHRC0010/2005	other_database_import	
A/Malaysia/29255/2004	other_database_import	
A/Malaysia/NHRC0001/2004	other_database_import	
A/Malaysia/29890/2004	other_database_import	
A/Waikato/45/2004	other_database_import	
A/NewYork/364/2004	other_database_import	
A/Quebec/26-041105/2005	other_database_import	
A/Quebec/26-191206/2006	other_database_import	
A/Quebec/26-281106/2006	other_database_import	
A/Canterbury/200/2004	other_database_import	
A/Canterbury/304/2004	other_database_import	
A/Canterbury/312/2004	other_database_import	
A/WesternAustralia/51/2004	other_database_import	
A/WesternAustralia/56/2004	other_database_import	
A/Canterbury/207/2004	other_database_import	
A/Canterbury/315/2004	other_database_import	
A/California/7/2004	other_database_import	centers_for_disease_control_and_prevention
A/Waikato/69/2004	other_database_import	
A/NewYork/1028/2006	other_database_import	
A/NewYork/1048/2006	other_database_import	
A/NewYork/1006/2006	other_database_import	
A/NewYork/1036/2006	other_database_import	
A/Illinois/NHRC0002/2006	other_database_import	
A/Canterbury/101/2004	other_database_import	
A/WesternAustralia/61/2004	other_database_import	
A/Canterbury/3/2005	other_database_import	
A/Netherlands/93/2005	erasmus_medical_center	erasmus_medical_center
A/TayNguyen/TN403/2005	other_database_import	
A/TayNguyen/TN380/2005	other_database_import	
A/TayNguyen/TN381/2005	other_database_import	
A/Waikato/51/2004	other_database_import	
A/Waikato/12/2004	other_database_import	
A/Whanganui/69/2004	other_database_import	
A/Waikato/3/2005	other_database_import	
A/Queensland/43/2004	other_database_import	
A/Waikato/26/2004	other_database_import	
A/NewYork/379/2004	other_database_import	
A/NewYork/384/2005	other_database_import	
A/Malaysia/29361/2004	other_database_import	
A/Wellington/18/2004	other_database_import	
A/Waikato/72/2004	other_database_import	
A/Netherlands/42/2006	erasmus_medical_center	erasmus_medical_center
A/Nepal/921/2006-egg	other_database_import	centers_for_disease_control_and_prevention
A/NewYork/1084/2007	other_database_import	
A/NewYork/1090/2007	other_database_import	
A/Taiwan/21/2007	other_database_import	
A/Thailand/CU228/2006	other_database_import	
A/Sendai-H/271/2007	other_database_import	
A/Thailand/CU260/2006	other_database_import	
A/Sendai-H/F150/2007	other_database_import	
A/Hanoi/TX023/2007-egg	other_database_import	
A/Netherlands/363/2006-egg	other_database_import	
A/Hanoi/Q163/2007	other_database_import	
A/Hanoi/Q148/2007-egg	other_database_import	
A/Hanoi/Q071/2007	other_database_import	
A/Hanoi/BM061/2007	other_database_import	
A/Hanoi/TX072/2007	other_database_import	
A/Hanoi/N015/2007-egg	other_database_import	
A/Hanoi/N078/2007	other_database_import	
A/Hanoi/N71/2007	other_database_import	
A/Hanoi/TX067/2007	other_database_import	
A/Hanoi/TX058/2007-egg	other_database_import	
A/Malaysia/29930/2004	other_database_import	
A/HongKong/HKU44/2005	other_database_import	
A/Denmark/84/2005	other_database_import	
A/TayNguyen/TN393/2005	other_database_import	
A/NewJersey/NHRC0001/2005	other_database_import	
A/Sendai-H/F005/2006	other_database_import	
A/Sendai-H/132/2006	other_database_import	
A/Sendai-H/401/2006	other_database_import	
A/Denmark/67/2005	other_database_import	
A/Canterbury/260/2005	other_database_import	
A/SouthAustralia/18/2005	other_database_import	
A/Waikato/15/2005	other_database_import	
A/Canterbury/248/2005	other_database_import	
A/Canterbury/212/2005	other_database_import	
A/Wellington/9/2005	other_database_import	institute_of_environmental_science_and_research_(esr)
A/Canterbury/266/2005	other_database_import	
A/Australia/NHRC0010/2005	other_database_import	
A/Australia/NHRC0007/2005	other_database_import	
A/Waikato/12/2005	other_database_import	
A/Otago/2/2005	other_database_import	institute_of_environmental_science_and_research_(esr)
A/Canterbury/186/2005	other_database_import	
A/Wellington/1/2005	other_database_import	institute_of_environmental_science_and_research_(esr)
A/Taiwan/92/2002	other_database_import	
A/Taiwan/3/2003	other_database_import	center_for_disease_control
A/Taiwan/47/2003	other_database_import	
A/Taiwan/12/2003	other_database_import	
A/Taiwan/22/2003	other_database_import	
A/Taiwan/2/2003	other_database_import	
A/Taiwan/59/2003	other_database_import	
A/Wyoming/3/2003-egg	who_collaborating_centre_for_reference_and_research_on_influenza	iowa_state_hygienic_laboratory
A/Wyoming/3/2003	other_database_import	iowa_state_hygienic_laboratory
A/Mexico/InDRE835/2003-egg	other_database_import	
A/Mexico/InDRE756/2003-egg	other_database_import	
A/Mexico/InDRE940/2003-egg	other_database_import	
A/Taiwan/63/2003	other_database_import	
A/Taiwan/58/2003	other_database_import	
A/Taiwan/24/2003	other_database_import	
A/Singapore/NHRC0002/2003	other_database_import	
A/Singapore/NHRC0007/2003	other_database_import	
A/Singapore/NHRC0010/2003	other_database_import	
A/Fujian/445/2003-egg	other_database_import	
A/Taiwan/139/2003	other_database_import	
A/Taiwan/145/2003	other_database_import	
A/Taiwan/115/2003	other_database_import	
A/Taiwan/143/2003	other_database_import	
A/Taiwan/981/2004	other_database_import	
A/Taiwan/612/2004	other_database_import	
A/Hanoi/ARI189/2003	other_database_import	
A/Hanoi/BM766/2003	other_database_import	
A/Taiwan/478/2002	other_database_import	
A/Fujian/411/2002-egg	erasmus_medical_center	erasmus_medical_center
A/Fujian/411/2002	erasmus_medical_center	erasmus_medical_center
A/NewYork/269/2003	other_database_import	
A/Hanoi/BM767/2003	other_database_import	
A/Hanoi/662/2004	other_database_import	
A/Hanoi/BM769/2004	other_database_import	
A/Malaysia/23606/2002	other_database_import	
A/Philippines/472/2002-egg	who_collaborating_centre_for_reference_and_research_on_influenza	research_institute_for_tropical_medicine,_virology_department
A/Taiwan/3286/2003	other_database_import	
A/Taiwan/78/2003	other_database_import	
A/Taiwan/99/2003	other_database_import	
A/Taiwan/144/2003	other_database_import	
A/Taiwan/9/2004-egg	other_database_import	
A/HongKong/HKU86/2004	other_database_import	
A/Taiwan/393/2004	other_database_import	
A/HongKong/HKU88/2004	other_database_import	
A/HongKong/HKU28/2004	other_database_import	
A/HongKong/HKU20/2004	other_database_import	
A/HongKong/HKU122/2004	other_database_import	
A/Mexico/InDRE2601/2003-egg	other_database_import	
A/Missouri/NHRC0001/2005	other_database_import	
A/Mexico/InDRE2112/2005-egg	other_database_import	
A/Mexico/InDRE2160/2005-egg	other_database_import	
A/NewYork/4/2006	other_database_import	
A/NewYork/928/2006	other_database_import	
A/Texas/NHRC0002/2006	other_database_import	
A/NewYork/1013/2006	other_database_import	
A/NewYork/7/2006	other_database_import	
A/NewYork/1019/2006	other_database_import	
A/Taiwan/211/2006	other_database_import	
A/Taiwan/133/2006	other_database_import	
A/Taiwan/41/2006	other_database_import	
A/Taiwan/15/2006	other_database_import	
A/Taiwan/1/2006	other_database_import	
A/Taiwan/605/2005	other_database_import	
A/Taiwan/600/2005	other_database_import	
A/TayNguyen/TN405/2005	other_database_import	
A/HongKong/HKU109/2005	other_database_import	
A/Thailand/CU46/2006	other_database_import	
A/Taiwan/729/2006	other_database_import	
A/Thailand/CU23/2006	other_database_import	
A/Hanoi/Q372/2005	other_database_import	
A/HongKong/HKU51/2005	other_database_import	
A/TayNguyen/TN362/2005	other_database_import	
A/Taiwan/260/2005	other_database_import	
A/Taiwan/482/2005	other_database_import	
A/HongKong/NHRC0001/2005	other_database_import	
A/NewYork/1016/2006	other_database_import	
A/California/NHRC0001/2005	other_database_import	
A/Malaysia/33827/2006	other_database_import	
A/Taiwan/512/2005	other_database_import	
A/Taiwan/188/2005	other_database_import	
A/HongKong/HKU54/2005	other_database_import	
A/HongKong/HKU62/2005	other_database_import	
A/Taiwan/645/2006	other_database_import	
A/Taiwan/776/2006	other_database_import	
A/Taiwan/718/2006	other_database_import	
A/HongKong/HKU74/2005	other_database_import	
A/TayNguyen/HCM52/2006	other_database_import	
A/TayNguyen/TN388/2005	other_database_import	
A/TayNguyen/TN335/2005	other_database_import	
A/TayNguyen/TN346/2005	other_database_import	
A/Canterbury/220/2005	other_database_import	
A/Canterbury/166/2005	other_database_import	
A/Hiroshima/52/2005	other_database_import	national_institute_of_infectious_diseases_(niid)
A/Canterbury/24/2005	other_database_import	
A/California/NHRC0001/2006	other_database_import	
A/India/Pun059124/2005	icmr_national_institute_of_virology	icmr_national_institute_of_virology
A/Sendai-H/41/2006	other_database_import	
A/Malaysia/34015/2006	other_database_import	
A/Taiwan/70307/2007-egg	other_database_import	
A/Taiwan/70002/2007-egg	other_database_import	
A/Thailand/MR07011/2007	other_database_import	
A/Hanoi/BM38/2007-egg	other_database_import	
A/Taiwan/70113/2007-egg	other_database_import	
A/Taiwan/214/2007	other_database_import	
A/Taiwan/788/2006	other_database_import	
A/Taiwan/790/2006	other_database_import	
A/Taiwan/18/2007	other_database_import	
A/Sendai-H/F093/2007	other_database_import	
A/Taiwan/306/2007	other_database_import	
A/Taiwan/1452/2007-egg	other_database_import	
A/Victoria/208/2007	who_collaborating_centre_for_reference_and_research_on_influenza	victorian_infectious_diseases_reference_laboratory_
A/Sendai-H/115/2007	other_database_import	
A/Singapore/53C/2007	other_database_import	
A/Taiwan/303/2007	other_database_import	
A/Taiwan/450/2007	other_database_import	
A/Taiwan/1/2007	other_database_import	
A/Tokyo/Ut-Sk-1/2007	other_database_import	
A/Taiwan/212/2007	other_database_import	
A/Taiwan/131/2007	other_database_import	
A/Taiwan/302/2007	other_database_import	
A/Taiwan/301/2007	other_database_import	
A/Taiwan/5/2007	other_database_import	
A/Taiwan/4/2007	other_database_import	
A/Taiwan/7/2007	other_database_import	
A/Taiwan/33/2007	other_database_import	
A/Wisconsin/67/2005	other_database_import	centers_for_disease_control_and_prevention_
A/HongKong/HKU76/2005	other_database_import	
A/Malaysia/33817/2006	other_database_import	
A/Malaysia/33561/2006	other_database_import	
A/Malaysia/31944/2005	other_database_import	
A/HongKong/HKU68/2005	other_database_import	
A/HongKong/HKU56/2005	other_database_import	
A/HongKong/HKU100/2005	other_database_import	
A/NewYork/1039/2006	other_database_import	
A/NewYork/1008/2006	other_database_import	
A/Malaysia/32133/2005	other_database_import	
A/TayNguyen/TN332/2005	other_database_import	
A/Mexico/InDRE2246/2005-egg	other_database_import	
A/Canterbury/26/2005	other_database_import	
A/TayNguyen/TN406/2005	other_database_import	
A/NewYork/1015/2006	other_database_import	
A/Mexico/InDRE29/2006-egg	other_database_import	
A/Malaysia/31998/2005	other_database_import	
A/Malaysia/32171/2005	other_database_import	
A/HongKong/HKU55/2005	other_database_import	
A/Mexico/InDRE2227/2005-egg	other_database_import	
A/California/NHRC0005/2005	other_database_import	
A/Taiwan/86/2006	other_database_import	
A/HongKong/HKU63/2005	other_database_import	
A/Georgia/NHRC0001/2006	other_database_import	
A/NewYork/1001/2005	other_database_import	
A/NewYork/1014/2006	other_database_import	
A/Taiwan/85/2006	other_database_import	
A/Denmark/112/2006	other_database_import	
A/Taiwan/466/2005	other_database_import	
A/TayNguyen/TN368/2005	other_database_import	
A/Malaysia/33386/2005	other_database_import	
A/Malaysia/33464/2006	other_database_import	
A/Denmark/10/2006	other_database_import	
A/Malaysia/32226/2005	other_database_import	
A/WesternAustralia/79/2005	other_database_import	
A/Taiwan/717/2006	other_database_import	
A/Taiwan/754/2006	other_database_import	
A/Taiwan/758/2006	other_database_import	
A/Kuwait/AF03/2008	other_database_import	
A/Mexico/24010/2008	other_database_import	
A/Qatar/AF02/2008	other_database_import	
A/California/UR06-0547/2007	other_database_import	
A/Guangdong/ST798/2008	other_database_import	
A/India/Pun0715485/2007	icmr_national_institute_of_virology	icmr_national_institute_of_virology
A/Thailand/IY07006/2007	other_database_import	
A/Sendai-H/F193/2007	other_database_import	
A/Thailand/CU-1103/2008	other_database_import	
A/India/Chn1216346/2012	icmr_national_institute_of_virology	icmr_national_institute_of_virology
A/India/Pun083571/2008	icmr_national_institute_of_virology	icmr_national_institute_of_virology
A/NewYork/1088/2007	other_database_import	
A/Malaysia/1779027/2007	other_database_import	
A/Netherlands/348/2007	other_database_import	
A/Hanoi/Q118/2007	other_database_import	
A/Mississippi/UR06-0197/2007	other_database_import	
A/Taiwan/449/2007	other_database_import	
A/Brisbane/10/2007	who_collaborating_centre_for_reference_and_research_on_influenza	queensland_health_scientific_services
A/Illinois/UR06-0436/2007	other_database_import	
A/Vermont/UR06-0483/2007	other_database_import	
A/Vermont/UR06-0448/2007	other_database_import	
A/Taiwan/4/2008	other_database_import	
A/Taiwan/21/2008	other_database_import	
A/Taiwan/2361/2007-egg	other_database_import	
A/Taiwan/1/2008	other_database_import	
A/Wisconsin/3/2007-egg	other_database_import	centers_for_disease_control_and_prevention
A/Colorado/UR06-0453/2007	other_database_import	
A/Managua/28/2007	other_database_import	
A/Kentucky/UR06-0044/2007	other_database_import	
A/Managua/3012_01/2007	other_database_import	
A/Malaysia/1770921/2007	other_database_import	
A/Malaysia/1755590/2007	other_database_import	
A/Nicaragua/4367_01/2007	other_database_import	
A/Managua/15/2007	other_database_import	
A/Nicaragua/4509_01/2007	other_database_import	
A/Managua/68_01/2007	other_database_import	
A/NewYork/1154/2008	other_database_import	
A/Boston/64/2008	other_database_import	
A/Malaysia/1963888/2008	other_database_import	
A/Malaysia/1965896/2008	other_database_import	
A/Perth/902/2007	who_collaborating_centre_for_reference_and_research_on_influenza	pathwest_qe_ii_medical_centre
A/Perth/904/2007	who_collaborating_centre_for_reference_and_research_on_influenza	pathwest_qe_ii_medical_centre
A/Perth/900/2007	who_collaborating_centre_for_reference_and_research_on_influenza	pathwest_qe_ii_medical_centre
A/NewYork/1089/2007	other_database_import	
A/Hanoi/BM171/2007	other_database_import	
A/Oregon/UR06-0450/2007	other_database_import	
A/Kentucky/UR06-0571/2007	other_database_import	
A/Netherlands/69/2007	other_database_import	
A/LangSon/LS281/2007	other_database_import	
A/Brisbane/602/2007	who_collaborating_centre_for_reference_and_research_on_influenza	queensland_health_forensic_and_scientific_services_
A/Taiwan/422/2008	other_database_import	
A/Cheongju/H471/2008	other_database_import	
A/Iraq/WRAIR1157P/2009	other_database_import	
A/Korea/WRAIR1391P/2009	other_database_import	
A/Peru/WRAIR1508P/2007	other_database_import	
A/Boston/3/2008	other_database_import	
A/Ohio/UR07-0016/2008	other_database_import	
A/Korea/AF05/2008	other_database_import	
A/Boston/2/2008	other_database_import	
A/NewYork/1140/2008	other_database_import	
A/Pennsylvania/PIT39/2008	other_database_import	
A/Taiwan/304/2007	other_database_import	
A/Taiwan/34/2007	other_database_import	
A/Singapore/68Q/2007	other_database_import	
A/Taiwan/70120/2008-egg	other_database_import	
A/Taiwan/72106/2007-egg	other_database_import	
A/Hanoi/TX320/2007	other_database_import	
A/Taiwan/367/2008	other_database_import	
A/Taiwan/3/2008	other_database_import	
A/Malaysia/1922209/2008	other_database_import	
A/Singapore/64K/2007	other_database_import	
A/Taiwan/201/2008	other_database_import	
A/Thailand/KS07193/2008	other_database_import	
A/Thailand/KS08204/2008	other_database_import	
A/Thailand/CU356/2008	other_database_import	
A/Thailand/CU370/2008	other_database_import	
A/Paris/1094/2009	institut_pasteur	
A/Paris/711/2008	institut_pasteur	
A/Netherlands/377/2008	erasmus_medical_center	erasmus_medical_center
A/Taiwan/424/2008	other_database_import	
A/Taiwan/425/2008	other_database_import	
A/Thailand/CU-1102/2008	other_database_import	
A/Netherlands/379/2008	erasmus_medical_center	erasmus_medical_center
A/California/VRDL183/2009	other_database_import	
A/Netherlands/69/2009	other_database_import	
A/California/VRDL278/2009	other_database_import	
A/Arizona/WRAIR1562P/2009	other_database_import	
A/Paris/1082/2009	institut_pasteur	
A/Taiwan/749/2009	other_database_import	
A/Netherlands/761/2009	other_database_import	
A/Thailand/KS08398/2010	other_database_import	
A/ShanghaiLuwan/1400/2010	who_chinese_national_influenza_center	who_chinese_national_influenza_center
A/Cambodia/1/2010	who_collaborating_centre_for_reference_and_research_on_influenza	institute_pasteur_du_cambodia
A/Singapore/C2010682V/2010	other_database_import	
A/Shanghai-Luwan/1568/2010	who_chinese_national_influenza_center	who_chinese_national_influenza_center
A/Singapore/H2010619/2010	other_database_import	
A/Thailand/KS08384/2010	other_database_import	
A/Singapore/H2010559C/2010-egg	pb1	seasonal_h3n2
A/Singapore/H2010559C/2010	other_database_import	
A/Netherlands/9/2010	erasmus_medical_center	erasmus_medical_center
A/Singapore/H2010384/2010	other_database_import	
A/Singapore/H2010564C/2010-egg	pb1	seasonal_h3n2
A/Singapore/H2010564C/2010	other_database_import	
A/Thailand/SN10452/2010	other_database_import	
A/Moscow/WRAIR4307N/2011	other_database_import	
A/Moscow/WRAIR4307T/2011	other_database_import	
A/Tianjin-Hedong/195/2011	who_chinese_national_influenza_center	who_chinese_national_influenza_center
A/BeijingXicheng/1293/2011	who_chinese_national_influenza_center	who_chinese_national_influenza_center
A/BeijingXicheng/1409/2011	who_chinese_national_influenza_center	who_chinese_national_influenza_center
A/ChongqingWanzhou/182/2011	who_chinese_national_influenza_center	who_chinese_national_influenza_center
A/Hunan-Beihu/1143/2011-egg	who_chinese_national_influenza_center	who_chinese_national_influenza_center
A/Indonesia/306_S57_L001/2011	university_college_london	universitas_udayana
A/Singapore/H2011140C/2011-egg	pb1	seasonal_h3n2
A/Singapore/H2011140C/2011	other_database_import	
A/MexicoCity/WRAIR3570T/2010	other_database_import	
A/MexicoCity/WRAIR3580T/2010	other_database_import	
A/Usa/7O1/2011		university_of_washington
A/Nicaragua/AGA2-32/2011	other_database_import	
A/Victoria/802/2012	who_collaborating_centre_for_reference_and_research_on_influenza	austin_health
A/Perth/41/2012	who_collaborating_centre_for_reference_and_research_on_influenza	pathwest_qe_ii_medical_centre
A/CzechRepublic/138/2012	other_database_import	
A/CzechRepublic/114/2012	other_database_import	
A/CzechRepublic/130/2012	other_database_import	
A/Stockholm/42/2011	swedish_national_institute_for_communicable_disease_control	swedish_institute_for_infectious_disease_control
A/Netherlands/700/2011	erasmus_medical_center	erasmus_medical_center
A/Peru/PER353/2012	other_database_import	
A/PuertoRico/36/2012-egg	centers_for_disease_control_and_prevention	puerto_rico_department_of_health
A/Peru/PER321/2010	other_database_import	
A/Peru/PER316/2012	other_database_import	
A/Peru/PER226/2011	other_database_import	
A/Peru/PER390/2010	other_database_import	
A/Peru/PER377/2010	other_database_import	
A/Peru/PER392/2010	other_database_import	
A/Tennessee/F2065/2011	other_database_import	
A/Victoria/506/2011	who_collaborating_centre_for_reference_and_research_on_influenza	monash_medical_centre
A/Singapore/C2010937V/2010	other_database_import	
A/Singapore/H2010797/2010	other_database_import	
A/Thailand/PY08156/2010	other_database_import	
A/Iowa/19/2010-egg	centers_for_disease_control_and_prevention	iowa_state_hygienic_laboratory
A/Iowa/19/2010	centers_for_disease_control_and_prevention	iowa_state_hygienic_laboratory
A/Iowa/119/2010-egg	other_database_import	
A/Goroka/5/2011	who_collaborating_centre_for_reference_and_research_on_influenza	papua_new_guinea_institute_of_medical_research
A/Townsville/117/2010	who_collaborating_centre_for_reference_and_research_on_influenza	queensland_health_scientific_services
A/SantaMaria/LACENRS-231/2011	other_database_import	
A/PaimFilho/LACENRS-32/2011	other_database_import	
A/Canela/LACENRS-102/2011	other_database_import	
A/Soledade/LACENRS-820/2011	other_database_import	
A/FredericoWestphalen/LACENRS-2130/2012	other_database_import	
A/PortoAlegre/LACENRS-557/2011	other_database_import	
A/Uruguaiana/LACENRS-368/2011	other_database_import	
A/NovoHamburgo/LACENRS-201/2011	other_database_import	
A/Nicaragua/AGA2-109/2012	other_database_import	
A/FredericoWestphalen/LACENRS-204/2012	other_database_import	
A/Chicago/YGA_04085/2012	other_database_import	
A/Houston/JMM_180/2013	other_database_import	
A/Boston/YGA_01098/2012	other_database_import	
A/Tennessee/F2053/2011	other_database_import	
A/Boston/DOA50/2011	other_database_import	
A/Boston/DOA87/2011	other_database_import	
A/Brisbane/382/2011	who_collaborating_centre_for_reference_and_research_on_influenza	queensland_health_scientific_services
A/Perth/10/2010-egg	other_database_import	pathwest_qe_ii_medical_centre
A/Heilongjiang-Xiangyang/1125/2011	who_chinese_national_influenza_center	who_chinese_national_influenza_center
A/Singapore/C2011027V/2011	other_database_import	
A/Hubei-Wuchang/1271/2010	who_chinese_national_influenza_center	who_chinese_national_influenza_center
A/Paris/1477/2010	institut_pasteur	
A/Paris/1478/2010	institut_pasteur	
A/Usa/7H3/2011		university_of_washington
A/Singapore/H2010822/2010	other_database_import	
A/Peru/PER035/2010	other_database_import	
A/Thailand/MR08398/2010	other_database_import	
A/Tennessee/F2048A/2011	other_database_import	
A/Tennessee/F2084c83A/2011	other_database_import	
A/CzechRepublic/126/2012	other_database_import	
A/Kentucky/5/2011-egg	centers_for_disease_control_and_prevention	centers_for_disease_control_and_prevention
A/Kentucky/5/2011	centers_for_disease_control_and_prevention	centers_for_disease_control_and_prevention
A/Victoria/103/2011	who_collaborating_centre_for_reference_and_research_on_influenza	victorian_infectious_diseases_reference_laboratory_
A/Brisbane/395/2011	who_collaborating_centre_for_reference_and_research_on_influenza	queensland_health_scientific_services
A/Victoria/893/2011	who_collaborating_centre_for_reference_and_research_on_influenza	austin_health
A/Boston/DOA01/2011	other_database_import	
A/Boston/DOA33/2011	other_database_import	
A/Boston/DOA80/2011	other_database_import	
A/Boston/DOA78/2011	other_database_import	
A/Peru/PER398/2010	other_database_import	
A/Peru/PER302/2011	other_database_import	
A/Peru/PER206/2011	other_database_import	
A/Peru/PER400/2012	other_database_import	
A/Peru/PER081/2012	other_database_import	
A/Peru/PER144/2012	other_database_import	
A/Peru/PER096/2012	other_database_import	
A/Peru/PER078/2012	other_database_import	
A/Peru/PER314/2012	other_database_import	
A/Peru/PER099/2012	other_database_import	
A/Peru/PER356/2012	other_database_import	
A/Peru/PER387/2010	other_database_import	
A/Peru/PER011/2010	other_database_import	
A/Bage/LACENRS-294/2011	other_database_import	
A/PortoAlegre/LACENRS-822/2011	other_database_import	
A/Peru/PER333/2011	other_database_import	
A/Peru/PER130/2011	other_database_import	
A/Peru/PER203/2011	other_database_import	
A/Peru/PER298/2011	other_database_import	
A/Peru/PER388/2011	other_database_import	
A/Peru/PER290/2011	other_database_import	
A/Peru/PER397/2011	other_database_import	
A/Peru/PER378/2011	other_database_import	
A/Peru/PER006/2011	other_database_import	
A/Peru/PER265/2011	other_database_import	
A/Peru/PER163/2011	other_database_import	
A/Heilongjiang-Longsha/160/2010	who_chinese_national_influenza_center	who_chinese_national_influenza_center
A/TianjinHexi/18/2010	who_chinese_national_influenza_center	who_chinese_national_influenza_center
A/Nanjing/1654/2010	other_database_import	
A/Taiwan/851/2010-egg	centers_for_disease_control_and_prevention	adimmune_corporation
A/ShanghaiLuwan/188/2011-egg	who_chinese_national_influenza_center	who_chinese_national_influenza_center
A/TianjinNankai/1842/2010	who_chinese_national_influenza_center	who_chinese_national_influenza_center
A/Hubei-Qiaokou/1271/2010	who_chinese_national_influenza_center	who_chinese_national_influenza_center
A/Heilongjiang-Xiangyang/1134/2011	who_chinese_national_influenza_center	who_chinese_national_influenza_center
A/Belgrade/WRAIR2379N/2010	other_database_import	
A/Heilongjiang-Taoshan/147/2011	who_chinese_national_influenza_center	who_chinese_national_influenza_center
A/Anhui-Baohe/1456/2010	who_chinese_national_influenza_center	who_chinese_national_influenza_center
A/Jilin-Chuanying/1156/2011	who_chinese_national_influenza_center	who_chinese_national_influenza_center
A/Liaoning-Haizhou/1118/2011	who_chinese_national_influenza_center	who_chinese_national_influenza_center
A/Nanjing/1655/2010	other_database_import	
A/Hunan-Wuling/1304/2011	who_chinese_national_influenza_center	who_chinese_national_influenza_center
A/Jiangxi-Donghu/1682/2010	who_chinese_national_influenza_center	who_chinese_national_influenza_center
A/Hunan-Yanfeng/165/2011	who_chinese_national_influenza_center	who_chinese_national_influenza_center
A/Heilongjiang-Nangang/124/2011	who_chinese_national_influenza_center	who_chinese_national_influenza_center
A/Niigata/1149/2010	other_database_import	
A/Niigata/1143/2010	other_database_import	
A/Netherlands/63/2011	erasmus_medical_center	erasmus_medical_center
A/Niigata/1147/2010	other_database_import	niigata_prefectural_institute_of_public_health_and_environmental_sciences
A/Niigata/1144/2010	other_database_import	niigata_prefectural_institute_of_public_health_and_environmental_sciences
A/Niigata/1148/2010	other_database_import	
A/Niigata/1150/2010	other_database_import	
A/Niigata/1146/2010	other_database_import	
A/KhanhHoa/KH466/2008	other_database_import	
A/Victoria/373/2007	who_collaborating_centre_for_reference_and_research_on_influenza	victorian_infectious_diseases_reference_laboratory_
A/Hue/H207/2008	other_database_import	
A/LangSon/LS218/2007	other_database_import	
A/Cheongju/H383/2007	other_database_import	
A/Cheongju/H398/2008	other_database_import	
A/Cheongju/H412/2008	other_database_import	
A/Cheongju/H407/2008	other_database_import	
A/KhanhHoa/KH363/2008	other_database_import	
A/KhanhHoa/KH475/2008	other_database_import	
A/KhanhHoa/KH494/2008	other_database_import	
A/KhanhHoa/KH488/2008	other_database_import	
A/KhanhHoa/KH474/2008	other_database_import	
A/Delaware/WRAIR1240/2009	other_database_import	
A/Japan/WRAIR1140P/2009	other_database_import	
A/Pennsylvania/PIT43/2008	other_database_import	
A/Paris/2030/2008	institut_pasteur	
A/NewYork/1135/2008	other_database_import	
A/Mississippi/UR07-0024/2008	other_database_import	
A/Kentucky/UR07-0085/2008	other_database_import	
A/NewYork/1134/2008	other_database_import	
A/Perth/16/2009-egg	pb1	seasonal_h3n2
A/Perth/16/2009	who_collaborating_centre_for_reference_and_research_on_influenza	pathwest_qe_ii_medical_centre
A/DistrictofColumbia/WRAIR0301/2010	other_database_import	
A/Iraq/WRAIR1252P/2009	other_database_import	
A/Iraq/WRAIR1244P/2009	other_database_import	
A/Kuwait/WRAIR1561P/2009	other_database_import	
A/Dakar/WRAIR0013N/2009	other_database_import	
A/Guam/WRAIR1670P/2009	other_database_import	
A/NewYork/1146/2008	other_database_import	
A/Kuwait/WRAIR1143P/2009	other_database_import	
A/Kyrgyzstan/WRAIR1255P/2008	other_database_import	
A/Kyrgyzstan/WRAIR1121P/2008	other_database_import	
A/California/VRDL332/2009	other_database_import	
A/Thailand/SN07141/2008	other_database_import	
A/Japan/WRAIR1059P/2008	other_database_import	
A/Kyrgyzstan/WRAIR1256P/2008	other_database_import	
A/Taiwan/558/2009	other_database_import	
A/Taiwan/556/2009	other_database_import	
A/Paris/358/2007	institut_pasteur	
A/Paris/1980/2008	institut_pasteur	
A/Thailand/CU379/2008	other_database_import	
A/SouthKorea/WRAIR1171P/2009	other_database_import	
A/Guam/WRAIR1557P/2009	other_database_import	
A/DaNang/DN453/2008	other_database_import	
A/Thailand/CU-H16/2009	other_database_import	
A/Thailand/CU-B1697/2009	other_database_import	
A/NewYork/1192/2009	other_database_import	
A/Paris/965/2009	institut_pasteur	
A/Paris/1981/2009	institut_pasteur	
A/Paris/1068/2009	institut_pasteur	
A/Uganda/MUWRP-039/2008	other_database_import	
A/Uganda/MUWRP-033/2008	other_database_import	
A/Uganda/MUWRP-031/2008	other_database_import	
A/Uganda/MUWRP-024/2008	other_database_import	
A/Uganda/MUWRP-043/2008	other_database_import	
A/Uganda/MUWRP-048/2008	other_database_import	
A/Paris/1983/2009	institut_pasteur	
A/Paris/2285/2009	institut_pasteur	
A/Uganda/MUWRP-029/2008	other_database_import	
A/Uganda/MUWRP-002/2008	other_database_import	
A/Uganda/MUWRP-021/2008	other_database_import	
A/Uganda/MUWRP-001/2008	other_database_import	
A/Uganda/MUWRP-046/2008	other_database_import	
A/Uganda/MUWRP-014/2008	other_database_import	
A/Uganda/MUWRP-023/2008	other_database_import	
A/Uganda/MUWRP-007/2008	other_database_import	
A/Uganda/MUWRP-040/2008	other_database_import	
A/Uganda/MUWRP-041/2008	other_database_import	
A/Uganda/MUWRP-038/2008	other_database_import	
A/Uganda/MUWRP-005/2008	other_database_import	
A/Uganda/MUWRP-037/2008	other_database_import	
A/Uganda/MUWRP-034/2008	other_database_import	
A/Florida/UR07-0102/2008	other_database_import	
A/Taiwan/426/2009	other_database_import	
A/Paris/1973/2008	institut_pasteur	
A/Mexico/24008/2009	other_database_import	
A/California/VRDL394/2009	other_database_import	
A/California/VRDL188/2009	other_database_import	
A/Japan/WRAIR1037P/2009	other_database_import	
A/Paris/1066/2009	institut_pasteur	
A/Paris/1069/2009	institut_pasteur	
A/Paris/892/2009	institut_pasteur	
A/Florida/UR07-0146/2008	other_database_import	
A/NewYork/UR07-0160/2008	other_database_import	
A/Paris/123/2008	institut_pasteur	
A/Boston/66/2008	other_database_import	
A/NewYork/1155/2008	other_database_import	
A/Dakar/WRAIR0011T/2009	other_database_import	
A/NewYork/1157/2008	other_database_import	
A/Paris/1119/2009	institut_pasteur	
A/Australia/18/2009	other_database_import	
A/Tianjin-Nankai/1912/2010	who_chinese_national_influenza_center	who_chinese_national_influenza_center
A/TianjinHexi/1266/2010	who_chinese_national_influenza_center	who_chinese_national_influenza_center
A/California/VRDL243/2009	other_database_import	
A/California/VRDL204/2009	other_database_import	
A/HongKong/H090-736-V10/2009	other_database_import	
A/Australia/34/2009	other_database_import	
A/Singapore/H2009332C/2009-egg	pb1	seasonal_h3n2
A/Singapore/H2009332C/2009	other_database_import	
A/Australia/55/2009	other_database_import	
A/Singapore/H2009485/2009	other_database_import	
A/Singapore/C2009518V/2009	other_database_import	
A/Singapore/C2009485a/2009	other_database_import	
A/Singapore/C2009485b/2009	other_database_import	
A/Singapore/H2009471C/2009-egg	pb1	seasonal_h3n2
A/Singapore/H2009471C/2009	other_database_import	
A/Thailand/CU-B106/2009	other_database_import	
A/Thailand/CU-B1672/2009	other_database_import	
A/Thailand/KS08309/2009	other_database_import	
A/Singapore/H2009389b/2009	other_database_import	
A/Singapore/H2009510/2009	other_database_import	
A/Singapore/H2009518/2009	other_database_import	
A/Singapore/H2009334C/2009	other_database_import	
A/Singapore/H2009334C/2009-egg	pb1	seasonal_h3n2
A/Thailand/CU-H1285/2010	other_database_import	
A/Thailand/CU-H1443/2010	other_database_import	
A/Thailand/CU-H1817/2010	other_database_import	
A/Korea/WRAIR1038P/2009	other_database_import	
A/Australia/2/2009	other_database_import	
A/Taiwan/840/2009	other_database_import	taiwan_cdc
A/Philippines/2191/2009-egg	centers_for_disease_control_and_prevention	thailand_moph_u.s._cdc_collaboration_(ieip)
A/Shanghai-Fengxian/1170/2011	who_chinese_national_influenza_center	who_chinese_national_influenza_center
A/California/VRDL296/2009	other_database_import	
A/California/VRDL199/2009	other_database_import	
A/Australia/22/2009	other_database_import	
A/NewYork/3738/2009	other_database_import	
A/NewYork/1670/2009	other_database_import	
A/NewYork/3494/2009	other_database_import	
A/NewYork/3066/2009	other_database_import	
A/NewYork/3496/2009	other_database_import	
A/NewYork/3750/2009	other_database_import	
A/Singapore/C2009715V/2009	other_database_import	
A/Singapore/H2009679/2009	other_database_import	
A/HongKong/H090-755-V31/2009	other_database_import	
A/Umea/4/2009	swedish_national_institute_for_communicable_disease_control	swedish_institute_for_infectious_disease_control
A/HongKong/H090-692-V12/2009	other_database_import	
A/HongKong/H090-714-V10/2009	other_database_import	
A/Guangdong-Luohu/1256/2009-egg	centers_for_disease_control_and_prevention	who_chinese_national_influenza_center
A/HongKong/H090-726-V10/2009	other_database_import	
A/HongKong/H090-695-V10/2009	other_database_import	
A/HongKong/H090-764-V10/2009	other_database_import	
A/Beijing-Zhaoyang/141/2010	who_chinese_national_influenza_center	who_chinese_national_influenza_center
A/HongKong/26560/2009-egg	centers_for_disease_control_and_prevention	government_virus_unit
A/HongKong/H090-769-V10/2009	other_database_import	
A/HongKong/H090-747-V20/2009	other_database_import	
A/HongKong/H090-739-V23/2009	other_database_import	
A/HongKong/H090-739-V22/2009	other_database_import	
A/Taiwan/686/2008	other_database_import	
A/Kilifi/33/2012	kemri_wellcome_trust_research_programme_(kwtrp)	kemri_wellcome_trust_research_programme_cgmrc
A/Kenya/A_Kenya-PERCH_007_2012/2012		kenya_medical_research_institute,_virus_epidemiology_research_group
A/Kilifi/35/2012	kemri_wellcome_trust_research_programme_(kwtrp)	kemri_wellcome_trust_research_programme_cgmrc
A/Kilifi/144/2012	kemri_wellcome_trust_research_programme_(kwtrp)	kemri_wellcome_trust_research_programme_cgmrc
A/Kilifi/125/2012	kenya_medical_research_institute	kemri_wellcome_trust_research_programme_cgmrc
A/Kenya/A_Kenya-PERCH_003_2012/2012		kenya_medical_research_institute,_virus_epidemiology_research_group
A/Kenya/A_Kenya-PERCH_005_2012/2012		kenya_medical_research_institute,_virus_epidemiology_research_group
A/SouthAfrica/A_South-Africa-PERCH_004_2011/2011		kenya_medical_research_institute,_virus_epidemiology_research_group
A/SouthAfrica/A_South-Africa-PERCH_005_2011/2011		kenya_medical_research_institute,_virus_epidemiology_research_group
A/Zambia/A_Zambia-PERCH_008_2012/2012		kenya_medical_research_institute,_virus_epidemiology_research_group
A/Zambia/A_Zambia-PERCH_007_2012/2012		kenya_medical_research_institute,_virus_epidemiology_research_group
A/Zambia/A_Zambia-PERCH_005_2012/2012		kenya_medical_research_institute,_virus_epidemiology_research_group
A/SouthAfrica/A_South-Africa-PERCH_002_2011/2011		kenya_medical_research_institute,_virus_epidemiology_research_group
A/SouthAfrica/A_South-Africa-PERCH_006_2012/2012		kenya_medical_research_institute,_virus_epidemiology_research_group
A/SouthAfrica/A_South-Africa-PERCH_007_2012/2012		kenya_medical_research_institute,_virus_epidemiology_research_group
A/Victoria/208/2009	who_collaborating_centre_for_reference_and_research_on_influenza	victorian_infectious_diseases_reference_laboratory_
A/Kilifi/1/2009	wellcome_trust	kemri_wellcome_trust_research_programme_cgmrc
A/Kilifi/4/2009	kemri_wellcome_trust_research_programme_(kwtrp)	kemri_wellcome_trust_research_programme_cgmrc
A/Kilifi/5/2009	kemri_wellcome_trust_research_programme_(kwtrp)	kemri_wellcome_trust_research_programme_cgmrc
A/Uganda/MUWRP-061/2009	other_database_import	
A/Uganda/MUWRP-079/2009	other_database_import	
A/Uganda/MUWRP-075/2009	other_database_import	
A/Uganda/MUWRP-065/2009	other_database_import	
A/Uganda/MUWRP-058/2009	other_database_import	
A/Uganda/MUWRP-062/2009	other_database_import	
A/Picardie/129/2011	institut_pasteur	
A/Southaustralia/30/2012	who_collaborating_centre_for_reference_and_research_on_influenza	institute_of_medical_and_veterinary_science_(imvs)
A/Stockholm/26/2011	swedish_national_institute_for_communicable_disease_control	
A/SouthAfrica/A_South-Africa-PERCH_003_2011/2011		kenya_medical_research_institute,_virus_epidemiology_research_group
A/Netherlands/241/2011	erasmus_medical_center	erasmus_medical_center
A/Zambia/A_Zambia-PERCH_014_2012/2012		kenya_medical_research_institute,_virus_epidemiology_research_group
A/Picardie/1208/2012	institut_pasteur	
A/Lorraine/1380/2012	institut_pasteur	
A/Thailand/CU-B4/2009	other_database_import	
A/Taiwan/754/2009	other_database_import	
A/Bangladesh/5014/2009-egg	centers_for_disease_control_and_prevention	institute_of_epidemiology_disease_control_and_research_(iedcr)_&_bangladesh_national_influenza_centre_(nic)
A/HongKong/H090-720-V31/2009	other_database_import	
A/HongKong/H090-720-V20/2009	other_database_import	
A/Thailand/CU-B657/2009	other_database_import	
A/NewYork/3104/2009	other_database_import	
A/India/2710/2009	centers_for_disease_control_and_prevention	national_institute_of_virology
A/Victoria/208/2009-egg	centers_for_disease_control_and_prevention	victorian_infectious_diseases_reference_laboratory_
A/Peru/PER001/2010	other_database_import	
A/Peru/PER347/2010	other_database_import	
A/Australia/30/2009	other_database_import	
A/Australia/46/2009	other_database_import	
A/Australia/19/2009	other_database_import	
A/Kilifi/132/2010	kemri_wellcome_trust_research_programme_(kwtrp)	kemri_wellcome_trust_research_programme_cgmrc
A/DistrictofColumbia/WRAIR0300/2010	other_database_import	
A/Kenya/6063/2010	centers_for_disease_control_and_prevention	cdc_kenya
A/Kilifi/26/2011	kemri_wellcome_trust_research_programme_(kwtrp)	kemri_wellcome_trust_research_programme_cgmrc
A/Kilifi/28/2011	kemri_wellcome_trust_research_programme_(kwtrp)	kemri_wellcome_trust_research_programme_cgmrc
A/Kilifi/31/2011	kemri_wellcome_trust_research_programme_(kwtrp)	kemri_wellcome_trust_research_programme_cgmrc
A/Kilifi/27/2011	kemri_wellcome_trust_research_programme_(kwtrp)	kemri_wellcome_trust_research_programme_cgmrc
A/California/16/2011	centers_for_disease_control_and_prevention	california_department_of_health_services
A/SantaCruzdoSul/LACENRS-913/2011	other_database_import	
A/SapucaiadoSul/LACENRS-779/2011	other_database_import	
A/Sydney/DD2-02/2010	other_database_import	
A/Peru/PER246/2010	other_database_import	
A/Peru/PER107/2010	other_database_import	
A/Peru/PER184/2010	other_database_import	
A/Peru/PER004/2010	other_database_import	
A/Peru/PER104/2010	other_database_import	
A/Peru/PER133/2010	other_database_import	
A/Peru/PER095/2010	other_database_import	
A/Peru/PER323/2010	other_database_import	
A/Peru/PER213/2010	other_database_import	
A/Singapore/C2010471aV/2010	other_database_import	
A/Singapore/H2010321C/2010-egg	pb1	seasonal_h3n2
A/Singapore/H2010321C/2010	other_database_import	
A/India/Pun1025246/2010	icmr_national_institute_of_virology	icmr_national_institute_of_virology
A/Caen/216/2011	institut_pasteur	
A/Paris/89/2010	institut_pasteur	
A/Boston/DOA24/2011	other_database_import	
A/HauteNormandie/199/2011	institut_pasteur	
A/Singapore/H2010666C/2010-egg	pb1	seasonal_h3n2
A/Singapore/H2010666C/2010	other_database_import	
A/Nauru/5/2011	who_collaborating_centre_for_reference_and_research_on_influenza	republic_of_nauru_hospital
A/Boston/DOA55/2011	other_database_import	
A/Boston/DOA64/2011	other_database_import	
A/Boston/DOA61/2011	other_database_import	
A/Hubei-Enshi/1250/2010	who_chinese_national_influenza_center	who_chinese_national_influenza_center
A/Srilanka/7/2010	who_collaborating_centre_for_reference_and_research_on_influenza	medical_research_institute
A/Victoria/8/2010	who_collaborating_centre_for_reference_and_research_on_influenza	victorian_infectious_diseases_reference_laboratory_
A/Sydney/DD2-01/2010	other_database_import	
A/RhodeIsland/1/2010-egg	centers_for_disease_control_and_prevention	rhode_island_department_of_health
A/Singapore/C2010304V/2010	other_database_import	
A/Singapore/H2010211/2010	other_database_import	
A/Managua/61502/2010	other_database_import	
A/Managua/286701/2010	other_database_import	
A/Managua/305-10/2010	other_database_import	
A/Managua/118103/2010	other_database_import	
A/Managua/180703/2010	other_database_import	
A/Managua/589802/2010	other_database_import	
A/Managua/291204/2010	other_database_import	
A/Managua/421802/2010	other_database_import	
A/Managua/39502/2010	other_database_import	
A/Managua/214501/2010	other_database_import	
A/Managua/303901/2010	other_database_import	
A/Nicaragua/5991_01/2010	other_database_import	
A/Managua/365902/2010	other_database_import	
A/Managua/476303/2010	other_database_import	
A/Managua/460404/2010	other_database_import	
A/Managua/153503/2010	other_database_import	
A/India/Rtg0929644/2009	icmr_national_institute_of_virology	icmr_national_institute_of_virology
A/Singapore/C2010036V/2010	other_database_import	
A/Singapore/H2010389/2010	other_database_import	
A/Brisbane/11/2010-egg	centers_for_disease_control_and_prevention	who_collaborating_centre_for_reference_and_research_on_influenza
A/Singapore/H2010471C/2010-egg	pb1	seasonal_h3n2
A/Singapore/H2010471C/2010	other_database_import	
A/Singapore/H2010370C/2010-egg	pb1	seasonal_h3n2
A/Singapore/H2010370C/2010	other_database_import	
A/Thailand/CU-H3141/2012	other_database_import	
A/Goroka/5/2012	who_collaborating_centre_for_reference_and_research_on_influenza	papua_new_guinea_institute_of_medical_research
A/Tasmania/26/2012	who_collaborating_centre_for_reference_and_research_on_influenza	royal_hobart_hospital
A/Brisbane/39/2012	who_collaborating_centre_for_reference_and_research_on_influenza	queensland_health_scientific_services
A/Thailand/PY10316/2011	other_database_import	
A/Cambodia/V1221301/2011	other_database_import	
A/Singapore/H2011507/2011	other_database_import	
A/Paris/642/2012	institut_pasteur	
A/Indonesia/599_S11_L001/2011	university_college_london	universitas_udayana
A/Perth/305/2011	who_collaborating_centre_for_reference_and_research_on_influenza	pathwest_qe_ii_medical_centre
A/Indonesia/596_S94_L001/2011	university_college_london	universitas_udayana
A/Indonesia/582_S70_L001/2011	university_college_london	universitas_udayana
A/Singapore/C2011545C/2011-egg	pb1	seasonal_h3n2
A/Singapore/C2011545C/2011	other_database_import	
A/Singapore/H2011460cC/2011-egg	pb1	seasonal_h3n2
A/Singapore/H2011471c/2011	other_database_import	
A/Singapore/H2011704C/2011-egg	pb1	seasonal_h3n2
A/Singapore/H2011704C/2011	other_database_import	
A/Singapore/H2011460cC/2011	other_database_import	
A/Singapore/H2011482/2011	other_database_import	
A/Indonesia/440_S81_L001/2011	university_college_london	universitas_udayana
A/Indonesia/557_S34_L001/2011	university_college_london	universitas_udayana
A/Indonesia/572_S58_L001/2011	university_college_london	universitas_udayana
A/Peru/PER065/2010	other_database_import	
A/Vietnam/13VH3-10/2012	niigata_university	
A/Vietnam/13VH3-3/2012	niigata_university	
A/Vietnam/13VH3-2/2012	niigata_university	
A/Centre/907/2012	institut_pasteur	
A/Centre/1105/2012	institut_pasteur	
A/Brisbane/27/2012	who_collaborating_centre_for_reference_and_research_on_influenza	queensland_health_scientific_services
A/Newcaledonia/1/2012	who_collaborating_centre_for_reference_and_research_on_influenza	institut_pasteur_new_caledonia
A/Thailand/SN11792/2012	other_database_import	
A/Peru/PER014/2011	other_database_import	
A/Peru/PER219/2012	other_database_import	
A/Peru/PER232/2012	other_database_import	
A/Peru/PER156/2012	other_database_import	
A/Peru/PER042/2012	other_database_import	
A/Peru/PER037/2012	other_database_import	
A/Peru/PER371/2012	other_database_import	
A/Kilifi/30/2011	kemri_wellcome_trust_research_programme_(kwtrp)	kemri_wellcome_trust_research_programme_cgmrc
A/Paris/1047/2012	institut_pasteur	
A/Utah/12/2011	centers_for_disease_control_and_prevention	utah_department_of_health
A/Bangladesh/5071/2011	centers_for_disease_control_and_prevention	institute_of_epidemiology_disease_control_and_research_(iedcr)_&_bangladesh_national_influenza_centre_(nic)
A/Stockholm/29/2011	swedish_national_institute_for_communicable_disease_control	
A/Thailand/CU-B6309/2012	other_database_import	
A/Peru/PER166/2011	other_database_import	
A/Singapore/H2011504C/2011-egg	pb1	seasonal_h3n2
A/Singapore/C2011564/2011	other_database_import	
A/Washington/16/2012	centers_for_disease_control_and_prevention	spokane_regional_health_district
A/Kilifi/24/2011	kemri_wellcome_trust_research_programme_(kwtrp)	kemri_wellcome_trust_research_programme_cgmrc
A/Kenya/A_Kenya-PERCH_008_2011/2011		kenya_medical_research_institute,_virus_epidemiology_research_group
A/Kenya/A_Kenya-PERCH_010_2011/2011		kenya_medical_research_institute,_virus_epidemiology_research_group
A/Singapore/H2011504C/2011	other_database_import	
A/Paris/1040/2012	institut_pasteur	
A/Southaustralia/313/2011	who_collaborating_centre_for_reference_and_research_on_influenza	institute_of_medical_and_veterinary_science_(imvs)
A/Paris/1116/2012	institut_pasteur	
A/Ohio/2/2012-egg	centers_for_disease_control_and_prevention	ohio_department_of_health_laboratories
A/Southaustralia/2/2013	who_collaborating_centre_for_reference_and_research_on_influenza	institute_of_medical_and_veterinary_science_(imvs)
A/Peru/PER187/2011	other_database_import	
A/Peru/PER343/2011	other_database_import	
A/Peru/PER313/2012	other_database_import	
A/Peru/PER197/2011	other_database_import	
A/Lorraine/992/2012	institut_pasteur	
A/Bourgogne/850/2012	institut_pasteur	crr_virus_influenza_region_sud
A/NordPasDeCalais/884/2012	institut_pasteur	
A/Peru/PER136/2011	other_database_import	
A/Bretagne/924/2012	institut_pasteur	
A/Tasmania/1/2012	who_collaborating_centre_for_reference_and_research_on_influenza	royal_hobart_hospital
A/Victoria/505/2013-egg	centers_for_disease_control_and_prevention	monash_medical_centre
A/SouthAfrica/A_South-Africa-PERCH_017_2013/2013		kenya_medical_research_institute,_virus_epidemiology_research_group
A/Hangzhou/A776/2013	hangzhou_center_for_disease_control_and_prevention	hangzhou_center_for_disease_control_and_prevention
A/Hangzhou/A796/2013	hangzhou_center_for_disease_control_and_prevention	hangzhou_center_for_disease_control_and_prevention
A/Netherlands/2249/2013	erasmus_medical_center	erasmus_medical_center
A/Srilanka/68/2013	who_collaborating_centre_for_reference_and_research_on_influenza	medical_research_institute
A/Hangzhou/A779/2013	hangzhou_center_for_disease_control_and_prevention	hangzhou_center_for_disease_control_and_prevention
A/Hangzhou/B735/2013	hangzhou_center_for_disease_control_and_prevention	hangzhou_center_for_disease_control_and_prevention
A/Stockholm/15/2014	swedish_institute_for_infectious_disease_control	
A/Hawkesbay/1/2013	who_collaborating_centre_for_reference_and_research_on_influenza	institute_of_environmental_science_and_research
A/Canberra/127/2013	who_collaborating_centre_for_reference_and_research_on_influenza	canberra_hospital
A/Northwestauckland/6/2013	who_collaborating_centre_for_reference_and_research_on_influenza	institute_of_environmental_science_and_research
A/Srilanka/42/2014	who_collaborating_centre_for_reference_and_research_on_influenza	medical_research_institute
A/Victoria/1000/2015-egg	who_collaborating_centre_for_reference_and_research_on_influenza	institute_of_medical_and_veterinary_science_(imvs)
A/Serbia/NS-1241/2015	centers_for_disease_control_and_prevention	crick_worldwide_influenza_centre
A/NorthCarolina/23/2015	centers_for_disease_control_and_prevention	north_carolina_state_laboratory_of_public_health
A/Mississippi/18/2014	centers_for_disease_control_and_prevention	mississippi_public_health_laboratory
A/Newcastle/22/2014-egg	centers_for_disease_control_and_prevention	who_collaborating_centre_for_reference_and_research_on_influenza
A/Newcastle/54/2014	who_collaborating_centre_for_reference_and_research_on_influenza	john_hunter_hospital
A/Egypt/4982/2014	centers_for_disease_control_and_prevention	u.s._naval_medical_research_unit_no.3
A/Sweden/17/2015	swedish_institute_for_infectious_disease_control	
A/StPetersburg/22/2015	centers_for_disease_control_and_prevention	russian_academy_of_medical_sciences
A/England/50400278/2015	microbiology_services_colindale,_public_health_england	microbiology_services_colindale,_public_health_england
A/England/50220894/2015	microbiology_services_colindale,_public_health_england	microbiology_services_colindale,_public_health_england
A/Scotland/121/2015	nhs_greater_glasgow_and_clyde	nhs_greater_glasgow_and_clyde
A/Scotland/117/2014	nhs_greater_glasgow_and_clyde	nhs_greater_glasgow_and_clyde
A/England/536/2014	microbiology_services_colindale,_public_health_england	microbiology_services_colindale,_public_health_england
A/England/113/2015	microbiology_services_colindale,_public_health_england	microbiology_services_colindale,_public_health_england
A/StPetersburg/103/2015	centers_for_disease_control_and_prevention	russian_academy_of_medical_sciences
A/Myanmar/13M082/2013	niigata_university	
A/Myanmar/13M087/2013	niigata_university	
A/Malaysia/10/2013	who_collaborating_centre_for_reference_and_research_on_influenza	institut_penyelidikan_perubatan
A/Stockholm/29/2013	swedish_institute_for_infectious_disease_control	swedish_institute_for_infectious_disease_control
A/Utah/7/2013-egg	centers_for_disease_control_and_prevention	utah_department_of_health
A/Utah/7/2013	centers_for_disease_control_and_prevention	utah_department_of_health
A/Washington/18/2013-egg	centers_for_disease_control_and_prevention	washington_state_public_health_laboratory
A/Washington/18/2013	centers_for_disease_control_and_prevention	washington_state_public_health_laboratory
A/Nagasaki/13N100/2014	niigata_university	
A/SaudiArabia/4/2013	other_database_import	
A/SaudiArabia/5/2013	other_database_import	
A/Louisiana/9/2013	centers_for_disease_control_and_prevention	centers_for_disease_control_and_prevention
A/Lebanon/14L78/2014	niigata_university	
A/Lebanon/14L45/2014	niigata_university	
A/Fiji/1/2014	who_collaborating_centre_for_reference_and_research_on_influenza	fiji_centre_for_communicable_disease_control
A/Lebanon/14L56/2014	niigata_university	
A/Tokyo/34558/2014	national_institute_of_infectious_diseases_(niid)	tokyo_metropolitan_institute_of_public_health
A/Iquique/62331/2014	centers_for_disease_control_and_prevention	instituto_de_salud_publica_de_chile_
A/Paraguay/94/2014	centers_for_disease_control_and_prevention	central_laboratory_of_public_health
A/Michigan/8/2014	centers_for_disease_control_and_prevention	michigan_department_of_community_health
A/Bolivia/906/2014	centers_for_disease_control_and_prevention	cenetrop
A/Bolivia/667/2014	centers_for_disease_control_and_prevention	cenetrop
A/Chiangrai/186/2014	who_collaborating_centre_for_reference_and_research_on_influenza	who_national_influenza_centre,_national_institute_of_medical_research_(nimr)
A/Ilopolis/LACENRS-1322/2014	other_database_import	
A/CruzAlta/LACENRS-2623/2014	other_database_import	
A/Alegrete/LACENRS-1624/2014	other_database_import	
A/Viamao/LACENRS-733/2014	other_database_import	
A/Bage/LACENRS-1200/2014	other_database_import	
A/SantaCruzdoSul/LACENRS-1625/2014	other_database_import	
A/Brazil/623/2014	centers_for_disease_control_and_prevention	instituto_adolfo_lutz
A/Paraguay/3144/2014	centers_for_disease_control_and_prevention	central_laboratory_of_public_health
A/CruzAlta/LACENRS-2045/2014	other_database_import	
A/Santiago/70123/2014	centers_for_disease_control_and_prevention	instituto_de_salud_publica_de_chile_
A/Brazil/3972/2014	centers_for_disease_control_and_prevention	instituto_adolfo_lutz
A/Paraguay/97/2014	centers_for_disease_control_and_prevention	central_laboratory_of_public_health
A/Brazil/367/2014	centers_for_disease_control_and_prevention	instituto_adolfo_lutz
A/Netherlands/34/2010	erasmus_medical_center	erasmus_medical_center
A/Paris/647/2012	institut_pasteur	
A/SouthAustralia/3/2011	centers_for_disease_control_and_prevention	who_collaborating_centre_for_reference_and_research_on_influenza
A/Victoria/361/2011-egg	centers_for_disease_control_and_prevention	who_collaborating_centre_for_reference_and_research_on_influenza
A/Victoria/361/2011	who_collaborating_centre_for_reference_and_research_on_influenza	who_collaborating_centre_for_reference_and_research_on_influenza
A/Thailand/MR10547/2011	other_database_import	
A/Christchurch/503/2012	who_collaborating_centre_for_reference_and_research_on_influenza	canterbury_health_services
A/Christchurch/516/2012	who_collaborating_centre_for_reference_and_research_on_influenza	canterbury_health_services
A/Peru/PER384/2012	other_database_import	
A/Peru/PER200/2012	other_database_import	
A/Peru/PER111/2012	other_database_import	
A/Thailand/CU-B5909/2011	other_database_import	
A/Texas/50/2012-egg	st._jude_children's_research_hospital	texas_department_of_state_health_services_laboratory_services
A/Texas/50/2012	centers_for_disease_control_and_prevention	texas_department_of_state_health_services_laboratory_services
A/ChiangRai/277/2011	centers_for_disease_control_and_prevention	who_national_influenza_centre,_national_institute_of_medical_research_(nimr)
A/Thailand/SP11679/2012	other_database_import	
A/Kamigoto/1075/2012	the_nagasaki_university	nagasaki_university
A/Boston/DOA2-098/2012	other_database_import	
A/Hawaii/22/2012-egg	centers_for_disease_control_and_prevention	state_of_hawaii_department_of_health
A/Hawaii/22/2012	centers_for_disease_control_and_prevention	state_of_hawaii_department_of_health
A/Thailand/CU-B6274/2012	other_database_import	
A/Thailand/CU-B7235/2012	other_database_import	
A/Boston/YGA_00049/2013	other_database_import	
A/Boston/YGA_01113/2013	other_database_import	
A/Boston/DOA2-235/2013	other_database_import	
A/Nicaragua/6777_01_TR1/2013	other_database_import	
A/Nicaragua/5465_01_TR3/2013	other_database_import	
A/Nicaragua/30185_01_TR1/2013	other_database_import	
A/Nanjing/M1/2013	jiangsu_provincial_center_for_disease_control_&_prevention	jiangsu_provincial_center_for_disease_control_and_prevention
A/Hangzhou/A511/2013	hangzhou_center_for_disease_control_and_prevention	hangzhou_center_for_disease_control_and_prevention
A/Mali/A_Mali-PERCH_008_2012/2012		kenya_medical_research_institute,_virus_epidemiology_research_group
A/Mali/A_Mali-PERCH_003_2013/2013		kenya_medical_research_institute,_virus_epidemiology_research_group
A/India/Ngp1312712/2013	icmr_national_institute_of_virology	icmr_national_institute_of_virology
A/Almaty/2958/2013-egg	centers_for_disease_control_and_prevention	national_reference_laboratory
A/Hangzhou/A121/2013	hangzhou_center_for_disease_control_and_prevention	hangzhou_center_for_disease_control_and_prevention
A/NewYork/39/2012-egg	centers_for_disease_control_and_prevention	centers_for_disease_control_and_prevention
A/NewYork/39/2012	centers_for_disease_control_and_prevention	centers_for_disease_control_and_prevention
A/Boston/YGA_01137/2013	other_database_import	
A/Boston/YGA_01165/2013	other_database_import	
A/CzechRepublic/218/2013	other_database_import	
A/Newcastle/1/2013	who_collaborating_centre_for_reference_and_research_on_influenza	john_hunter_hospital,_virology_unit,_clinical_microbiology
A/Hangzhou/A469/2013	hangzhou_center_for_disease_control_and_prevention	hangzhou_center_for_disease_control_and_prevention
A/Viamao/LACENRS-974/2015	other_database_import	
A/Paraguay/49/2014	centers_for_disease_control_and_prevention	central_laboratory_of_public_health
A/Argentina/25/2015	centers_for_disease_control_and_prevention	instituto_nacional_de_enfermedades_infecciosas
A/Argentina/149/2015	centers_for_disease_control_and_prevention	instituto_nacional_de_enfermedades_infecciosas
A/Argentina/183/2015	centers_for_disease_control_and_prevention	instituto_nacional_de_enfermedades_infecciosas
A/Kenya/118/2013-egg	centers_for_disease_control_and_prevention	cdc_kenya
A/Kenya/127/2014	centers_for_disease_control_and_prevention	cdc_kenya
A/Massachusetts/11/2013-egg	centers_for_disease_control_and_prevention	massachusetts_department_of_public_health
A/Massachusetts/11/2013	centers_for_disease_control_and_prevention	massachusetts_department_of_public_health
A/Zambia/A_Zambia-PERCH_020_2013/2013		kenya_medical_research_institute,_virus_epidemiology_research_group
A/Zambia/A_Zambia-PERCH_024_2013/2013		kenya_medical_research_institute,_virus_epidemiology_research_group
A/Zambia/A_Zambia-PERCH_021_2013/2013		kenya_medical_research_institute,_virus_epidemiology_research_group
A/Zambia/A_Zambia-PERCH_025_2013/2013		kenya_medical_research_institute,_virus_epidemiology_research_group
A/Zambia/A_Zambia-PERCH_003_2013/2013		kenya_medical_research_institute,_virus_epidemiology_research_group
A/Zambia/A_Zambia-PERCH_022_2013/2013		kenya_medical_research_institute,_virus_epidemiology_research_group
A/SouthAfrica/A_South-Africa-PERCH_039_2013/2013		kenya_medical_research_institute,_virus_epidemiology_research_group
A/SouthAfrica/A_South-Africa-PERCH_040_2013/2013		kenya_medical_research_institute,_virus_epidemiology_research_group
A/Congo/2611/2014	centers_for_disease_control_and_prevention	inrb_service_de_virologie
A/Zambia/A_Zambia-PERCH_026_2013/2013		kenya_medical_research_institute,_virus_epidemiology_research_group
A/SouthAfrica/A_South-Africa-PERCH_038_2013/2013		kenya_medical_research_institute,_virus_epidemiology_research_group
A/Beijing-Xicheng/12423/2012	centers_for_disease_control_and_prevention	who_chinese_national_influenza_center
A/Bangladesh/9334/2013-egg	centers_for_disease_control_and_prevention	institute_of_epidemiology_disease_control_and_research_(iedcr)_&_bangladesh_national_influenza_centre_(nic)
A/Stockholm/6/2014-egg	centers_for_disease_control_and_prevention	national_institute_for_medical_research
A/Stockholm/6/2014	centers_for_disease_control_and_prevention	national_institute_for_medical_research
A/Srilanka/27/2013	who_collaborating_centre_for_reference_and_research_on_influenza	medical_research_institute
A/Ilopolis/LACENRS-3175/2013	other_database_import	
A/Arvorezinha/LACENRS-2055/2013	other_database_import	
A/SaoBorja/LACENRS-2679/2013	other_database_import	
A/RioGrande/LACENRS-3171/2013	other_database_import	
A/BomRetirodoSul/LACENRS-3406/2013	other_database_import	
A/Hangzhou/A691/2013	hangzhou_center_for_disease_control_and_prevention	hangzhou_center_for_disease_control_and_prevention
A/Singapore/H2013721d/2013	other_database_import	
A/Hangzhou/B600/2013	hangzhou_center_for_disease_control_and_prevention	hangzhou_center_for_disease_control_and_prevention
A/Hangzhou/A784/2013	hangzhou_center_for_disease_control_and_prevention	hangzhou_center_for_disease_control_and_prevention
A/Hangzhou/A544/2013	hangzhou_center_for_disease_control_and_prevention	hangzhou_center_for_disease_control_and_prevention
A/Hangzhou/A765/2013	hangzhou_center_for_disease_control_and_prevention	hangzhou_center_for_disease_control_and_prevention
A/JiangsuQinhuai/111/2014	jiangsu_center_of_disease_prevent_and_control	jiangsu_provincial_center_for_disease_control_and_prevention
A/Hangzhou/A662/2013	hangzhou_center_for_disease_control_and_prevention	hangzhou_center_for_disease_control_and_prevention
A/Hangzhou/A50/2014	hangzhou_center_for_disease_control_and_prevention	hangzhou_center_for_disease_control_and_prevention
A/Hangzhou/A51/2014	hangzhou_center_for_disease_control_and_prevention	hangzhou_center_for_disease_control_and_prevention
A/Hangzhou/B721/2013	hangzhou_center_for_disease_control_and_prevention	hangzhou_center_for_disease_control_and_prevention
A/Hangzhou/A76/2014	hangzhou_center_for_disease_control_and_prevention	hangzhou_center_for_disease_control_and_prevention
A/Nagasaki/13N049/2014	other_database_import	
A/Nagasaki/13N063/2014	niigata_university	
A/Sydney/83/2013	who_collaborating_centre_for_reference_and_research_on_influenza	clinical_virology_unit,_cdim
A/Hangzhou/A683/2013	hangzhou_center_for_disease_control_and_prevention	hangzhou_center_for_disease_control_and_prevention
A/Hangzhou/B599/2013	hangzhou_center_for_disease_control_and_prevention	hangzhou_center_for_disease_control_and_prevention
A/Hangzhou/A649/2013	hangzhou_center_for_disease_control_and_prevention	hangzhou_center_for_disease_control_and_prevention
A/Hangzhou/B750/2013	hangzhou_center_for_disease_control_and_prevention	hangzhou_center_for_disease_control_and_prevention
A/Hangzhou/B48/2013	hangzhou_center_for_disease_control_and_prevention	hangzhou_center_for_disease_control_and_prevention
A/Gambia/A_Gambia-PERCH_003_2011/2011		kenya_medical_research_institute,_virus_epidemiology_research_group
A/Mali/A_Mali-PERCH_014_2013/2013		kenya_medical_research_institute,_virus_epidemiology_research_group
A/Mali/A_Mali-PERCH_015_2012/2012		kenya_medical_research_institute,_virus_epidemiology_research_group
A/Stockholm/40/2013	swedish_institute_for_infectious_disease_control	
A/Mali/A_Mali-PERCH_019_2013/2013		kenya_medical_research_institute,_virus_epidemiology_research_group
A/Mali/A_Mali-PERCH_017_2012/2012		kenya_medical_research_institute,_virus_epidemiology_research_group
A/Sydney/506/2013	who_collaborating_centre_for_reference_and_research_on_influenza	prince_of_wales_hospital
A/Parana/87/2014	oswaldo_cruz_institute___fiocruz___laboratory_of_respiratory_viruses_and_measles_(lvrs)	laboratório_central_do_estado_do_paraná___lacen/pr
A/Brazil/4146/2014	centers_for_disease_control_and_prevention	instituto_adolfo_lutz
A/Brazil/6069/2014	centers_for_disease_control_and_prevention	instituto_adolfo_lutz
A/Boston/YGA_01167/2013	other_database_import	
A/Boston/YGA_00012/2012	other_database_import	
A/Boston/YGA_02021/2013	other_database_import	
A/Boston/YGA_02047/2013	other_database_import	
A/Catalonia/NSVH49458/2013	hospital_universitari_vall_d'hebron	hospital_universitari_vall_d'hebron
A/Gambia/A_Gambia-PERCH_017_2013/2013		kenya_medical_research_institute,_virus_epidemiology_research_group
A/Bage/LACENRS-2050/2013	other_database_import	
A/Gambia/A_Gambia-PERCH_014_2012/2012		kenya_medical_research_institute,_virus_epidemiology_research_group
A/CzechRepublic/217/2013	other_database_import	
A/Gambia/A_Gambia-PERCH_013_2012/2012		kenya_medical_research_institute,_virus_epidemiology_research_group
A/Vietnam/13VH3-8/2013	niigata_university	
A/Brazil/769/2014	centers_for_disease_control_and_prevention	instituto_adolfo_lutz
A/Brazil/2035/2014	centers_for_disease_control_and_prevention	instituto_adolfo_lutz
A/Canoas/LACENRS-1317/2014	other_database_import	
A/Canoas/LACENRS-1212/2013	other_database_import	
A/Mali/A_Mali-PERCH_021_2013/2013		kenya_medical_research_institute,_virus_epidemiology_research_group
A/Farroupilha/LACENRS-1297/2014	other_database_import	
A/Gambia/A_Gambia-PERCH_005_2013/2013		kenya_medical_research_institute,_virus_epidemiology_research_group
A/Gambia/A_Gambia-PERCH_007_2012/2012		kenya_medical_research_institute,_virus_epidemiology_research_group
A/CzechRepublic/216/2013	other_database_import	
A/Arkansas/13/2013-egg	centers_for_disease_control_and_prevention	arkansas_department_of_health
A/PortoAlegre/LACENRS-275/2013	other_database_import	
A/Vietnam/13VH3-9/2012	niigata_university	
A/Helsinki/879/2013	other_database_import	
A/Thailand/CU-B6091/2012	other_database_import	
A/Thailand/CU-B6936/2012	other_database_import	
A/Thailand/CU-B6251/2012	other_database_import	
A/Bretagne/1007/2012	institut_pasteur	
A/Boston/YGA_00084/2013	other_database_import	
A/Paris/1156/2012	institut_pasteur	
A/Stockholm/43/2011	swedish_national_institute_for_communicable_disease_control	
A/CzechRepublic/76/2012	other_database_import	
A/Tasmania/12/2012	who_collaborating_centre_for_reference_and_research_on_influenza	royal_hobart_hospital
A/Pennsylvania/9/2012-egg	centers_for_disease_control_and_prevention	centers_for_disease_control_and_prevention
A/Pennsylvania/9/2012	centers_for_disease_control_and_prevention	centers_for_disease_control_and_prevention
A/Thailand/CU-H3453/2012	other_database_import	
A/Thailand/KS10521/2012	other_database_import	
A/Thailand/KS10525/2012	other_database_import	
A/Cambodia/V1028352/2011	other_database_import	
A/Singapore/H2011808bC/2011-egg	pb1	seasonal_h3n2
A/Singapore/H2011808bC/2011	other_database_import	
A/Singapore/H2011808a/2011	other_database_import	
A/Thailand/CU-B5614/2011	other_database_import	
A/Perth/219/2011	who_collaborating_centre_for_reference_and_research_on_influenza	pathwest_qe_ii_medical_centre
A/CostaRica/4700/2013-egg	centers_for_disease_control_and_prevention	centers_for_disease_control_and_prevention
A/CostaRica/4700/2013	centers_for_disease_control_and_prevention	centers_for_disease_control_and_prevention
A/CostaRica/4009/2013-egg	centers_for_disease_control_and_prevention	laboratorio_nacional_de_influenza
A/CostaRica/4009/2013	centers_for_disease_control_and_prevention	laboratorio_nacional_de_influenza
A/Vietnam/13VH3-4/2013	niigata_university	
A/Boston/DOA2-136/2012	other_database_import	
A/Houston/JMM_72/2012	other_database_import	
A/Ukraine/387/2013	centers_for_disease_control_and_prevention	institute_of_epidemiology_and_infectious_diseases_ams_of_ukraine
A/Thailand/SN11893/2013	other_database_import	
A/Texas/JMM_13/2012	other_database_import	
A/Houston/JMM_128/2013	other_database_import	
A/Catalonia/NSVH203523/2013	hospital_universitari_vall_d'hebron	hospital_universitari_vall_d'hebron
A/Thailand/VIROAF1/2012	other_database_import	
A/Thailand/VIROAF1CS/2012	other_database_import	
A/Texas/JMM_51/2012	other_database_import	
A/Boston/YGA_01184/2013	other_database_import	
A/Boston/YGA_01071/2012	other_database_import	
A/Boston/YGA_01072/2012	other_database_import	
A/Townsville/133/2011	who_collaborating_centre_for_reference_and_research_on_influenza	queensland_health_scientific_services
A/Townsville/1/2012	who_collaborating_centre_for_reference_and_research_on_influenza	queensland_health_scientific_services
A/Thailand/MR11632/2012	other_database_import	
A/Boston/DOA2-217/2013	other_database_import	
A/Houston/JMM_65/2012	other_database_import	
A/Houston/JMM_120/2013	other_database_import	
A/Houston/JMM_161/2013	other_database_import	
A/Connecticut/Flu036/2012	other_database_import	
A/Chicago/YGA_04046/2012	other_database_import	
A/SantaClara/YGA_03067/2012	other_database_import	
A/SantaClara/YGA_03017/2013	other_database_import	
A/Texas/JMM_16/2012	other_database_import	
A/Brazil/328/2013	centers_for_disease_control_and_prevention	instituto_adolfo_lutz
A/Quarai/LACENRS-3508/2013	other_database_import	
A/PassoFundo/LACENRS-1533/2013	other_database_import	
A/Myanmar/13M076/2013	niigata_university	
A/Georgia/3/2013-egg	centers_for_disease_control_and_prevention	georgia_public_health_laboratory
A/Singapore/H2013238/2013	other_database_import	
A/Perth/258/2013	who_collaborating_centre_for_reference_and_research_on_influenza	pathwest_qe_ii_medical_centre
A/Helsinki/951/2013	other_database_import	
A/Thailand/CU-B7367/2012	other_database_import	
A/Thailand/CU-C4546/2014	other_database_import	
A/Thailand/CU-B7585/2013	other_database_import	
A/Stockholm/30/2013	swedish_institute_for_infectious_disease_control	swedish_institute_for_infectious_disease_control
A/Thailand/CU-A459/2013	other_database_import	
A/Thailand/CU-H3595/2014	other_database_import	
A/AmericanSamoa/4786/2013-egg	centers_for_disease_control_and_prevention	state_of_hawaii_department_of_health
A/AmericanSamoa/4786/2013	centers_for_disease_control_and_prevention	state_of_hawaii_department_of_health
A/Myanmar/13M105/2013	niigata_university	
A/Myanmar/13M070/2013	niigata_university	
A/Myanmar/13M088/2013	niigata_university	
A/Myanmar/13M044/2013	niigata_university	
A/Myanmar/13M006/2013	niigata_university	
A/Myanmar/13M007/2013	niigata_university	
A/Myanmar/13M124/2013	niigata_university	
A/Chiangrai/337/2013	who_collaborating_centre_for_reference_and_research_on_influenza	who_national_influenza_centre,_national_institute_of_medical_research_(nimr)
A/Myanmar/13M029/2013	niigata_university	
A/Myanmar/13M011/2013	niigata_university	
A/Victoria/506/2013-egg	centers_for_disease_control_and_prevention	monash_medical_centre
A/SaudiArabia/1/2013	other_database_import	
A/Bangladesh/9269/2013-egg	centers_for_disease_control_and_prevention	institute_of_epidemiology_disease_control_and_research_(iedcr)_&_bangladesh_national_influenza_centre_(nic)
A/Lebanon/14L41/2014	niigata_university	
A/Thailand/CU-B10345/2014	other_database_import	
A/Thailand/CU-B10282/2014	other_database_import	
A/Victoria/5006/2014-egg	centers_for_disease_control_and_prevention	who_collaborating_centre_for_reference_and_research_on_influenza
A/Sydney/71/2014	who_collaborating_centre_for_reference_and_research_on_influenza	who_collaborating_centre_for_reference_and_research_on_influenza
A/HongKong/5738/2014-egg	centers_for_disease_control_and_prevention	national_institute_for_medical_research
A/HongKong/5738/2014	st._jude_children's_research_hospital	national_institute_for_medical_research
A/Thailand/CU-B11065/2014	other_database_import	
A/HongKong/4801/2014-egg	st._jude_children's_research_hospital	crick_worldwide_influenza_centre
A/HongKong/4801/2014	centers_for_disease_control_and_prevention	crick_worldwide_influenza_centre
A/SouthAustralia/9/2015-egg	centers_for_disease_control_and_prevention	who_collaborating_centre_for_reference_and_research_on_influenza
A/Indonesia/Nihrd-Dps302/2016	centers_for_disease_control_and_prevention	ministry_of_health,_nihrd
A/Nonthaburi/1/2015	centers_for_disease_control_and_prevention	who_national_influenza_centre,_national_institute_of_medical_research_(nimr)
A/Nagasaki/13N020/2014	other_database_import	
A/Massachusetts/33/2014	centers_for_disease_control_and_prevention	massachusetts_department_of_public_health
A/Alaska/18/2014	centers_for_disease_control_and_prevention	alaska_state_virology_lab
A/StPetersburg/RII80/2014	who_national_influenza_centre_russian_federation	
A/Brazil/440/2015	centers_for_disease_control_and_prevention	instituto_adolfo_lutz
A/Brazil/56/2015	centers_for_disease_control_and_prevention	oswaldo_cruz_institute___fiocruz___laboratory_of_respiratory_viruses_and_measles_(lvrs)
A/Kilifi/154/2014	kemri_wellcome_trust_research_programme_(kwtrp)	kemri_wellcome_trust_research_programme_cgmrc
A/Argentina/11126/2014	centers_for_disease_control_and_prevention	cemic_university_hospital
A/Argentina/11071/2014	centers_for_disease_control_and_prevention	cemic_university_hospital
A/Paraguay/4413/2014	centers_for_disease_control_and_prevention	central_laboratory_of_public_health
A/Roraima/141969-IEC/2016	centers_for_disease_control_and_prevention	national_influenza_center
A/Roraima/143199-IEC/2016	centers_for_disease_control_and_prevention	national_influenza_center
A/Bolivia/2315/2016	centers_for_disease_control_and_prevention	cenetrop
A/NewMexico/10/2016	centers_for_disease_control_and_prevention	new_mexico_department_of_health
A/Virginia/25/2016	centers_for_disease_control_and_prevention	virginia_division_of_consolidated_laboratories
A/NorthCarolina/46/2016	centers_for_disease_control_and_prevention	north_carolina_state_laboratory_of_public_health
A/Georgia/53/2016	centers_for_disease_control_and_prevention	georgia_public_health_laboratory
A/Uganda/2447/2016	centers_for_disease_control_and_prevention	uganda_virus_research_institute_(uvri),_national_influenza_center
A/Wisconsin/53/2016	centers_for_disease_control_and_prevention	wisconsin_state_laboratory_of_hygiene
A/Arizona/50/2016	centers_for_disease_control_and_prevention	arizona_department_of_health_services
A/Idaho/33/2016-egg	centers_for_disease_control_and_prevention	state_of_idaho_bureau_of_laboratories
A/Idaho/33/2016	centers_for_disease_control_and_prevention	state_of_idaho_bureau_of_laboratories
A/NewZealand/2365/2016	centers_for_disease_control_and_prevention	institute_of_environmental_science_&_research
A/NewZealand/831/2016	centers_for_disease_control_and_prevention	institute_of_environmental_science_&_research
A/SouthAustralia/54/2016-egg	centers_for_disease_control_and_prevention	who_collaborating_centre_for_reference_and_research_on_influenza
A/NewZealand/879/2016	centers_for_disease_control_and_prevention	institute_of_environmental_science_&_research
A/Washington/52/2016	centers_for_disease_control_and_prevention	seattle_&_king_county_public_health_lab
A/NewZealand/875/2016	centers_for_disease_control_and_prevention	institute_of_environmental_science_&_research
A/NewZealand/836/2016	centers_for_disease_control_and_prevention	institute_of_environmental_science_&_research
A/NewZealand/1014/2016	centers_for_disease_control_and_prevention	institute_of_environmental_science_&_research
A/NewZealand/1001/2016	centers_for_disease_control_and_prevention	institute_of_environmental_science_&_research
A/Sydney/142/2016-egg	centers_for_disease_control_and_prevention	clinical_virology_unit,_cdim
A/NewZealand/581/2016	centers_for_disease_control_and_prevention	institute_of_environmental_science_&_research
A/NewZealand/977/2016	centers_for_disease_control_and_prevention	institute_of_environmental_science_&_research
A/Sydney/142/2016	centers_for_disease_control_and_prevention	clinical_virology_unit,_cdim
A/Christchurch/505/2016	who_collaborating_centre_for_reference_and_research_on_influenza	canterbury_health_services
A/NewZealand/2343/2016	centers_for_disease_control_and_prevention	institute_of_environmental_science_&_research
A/Switzerland/9715293/2013-egg	st._jude_children's_research_hospital	national_institute_for_medical_research
A/Hangzhou/A709/2014	hangzhou_center_for_disease_control_and_prevention	hangzhou_center_for_disease_control_and_prevention
A/Texas/34/2014-egg	centers_for_disease_control_and_prevention	texas_department_of_state_health_services_laboratory_services
A/Texas/34/2014	centers_for_disease_control_and_prevention	texas_department_of_state_health_services_laboratory_services
A/Philippines/10/2014	who_collaborating_centre_for_reference_and_research_on_influenza	research_institute_of_tropical_medicine
A/Wellington/81/2014	who_collaborating_centre_for_reference_and_research_on_influenza	institute_of_environmental_science_&_research
A/Switzerland/9715293/2013	centers_for_disease_control_and_prevention	national_institute_for_medical_research
A/NewZealand/316/2014	who_collaborating_centre_for_reference_and_research_on_influenza	institute_of_environmental_science_and_research
A/Hangzhou/A591/2014	hangzhou_center_for_disease_control_and_prevention	hangzhou_center_for_disease_control_and_prevention
A/Kazakhstan/194/2014	centers_for_disease_control_and_prevention	csee
A/Niigata/13F024/2014	other_database_import	
A/Tasmania/11/2014-egg	who_collaborating_centre_for_reference_and_research_on_influenza	who_collaborating_centre_for_reference_and_research_on_influenza
A/Liaoning-Heping/1430/2014	centers_for_disease_control_and_prevention	who_chinese_national_influenza_center
A/Vietnam/629/2014	centers_for_disease_control_and_prevention	national_institute_of_hygiene_and_epidemiology
A/Chita/61/2015	centers_for_disease_control_and_prevention	state_research_center_of_virology_and_biotechnology_vector
A/Chita/12/2014	centers_for_disease_control_and_prevention	state_research_center_of_virology_and_biotechnology_vector
A/Chita/262/2014	centers_for_disease_control_and_prevention	russian_academy_of_medical_sciences
A/Hangzhou/A826/2014	hangzhou_center_for_disease_control_and_prevention	hangzhou_center_for_disease_control_and_prevention
A/Xinjiang-Tianshan/11190/2014	centers_for_disease_control_and_prevention	who_chinese_national_influenza_center
A/Bangladesh/10009/2014	centers_for_disease_control_and_prevention	institute_of_epidemiology_disease_control_and_research_(iedcr)_&_bangladesh_national_influenza_centre_(nic)
A/Ethiopia/1159/2014	centers_for_disease_control_and_prevention	ethiopian_health_and_nutrition_research_institute_(ehnri)
A/SaudiArabia/6/2014	other_database_import	
A/Uruguay/43/2015	centers_for_disease_control_and_prevention	departamento_de_laboratorio_de_salud_publica
A/Canoas/LACENRS-1283/2015	other_database_import	
A/NewJersey/33/2014	centers_for_disease_control_and_prevention	new_jersey_department_of_health_&_senior_services
A/Stockholm/75/2015	swedish_institute_for_infectious_disease_control	swedish_institute_for_infectious_disease_control
A/Afghanistan/855/2015	centers_for_disease_control_and_prevention	national_institute_of_health
A/Sweden/46/2015	swedish_institute_for_infectious_disease_control	
A/Chita/266/2014	centers_for_disease_control_and_prevention	russian_academy_of_medical_sciences
A/Guizhou-Xinyi/1799/2014	centers_for_disease_control_and_prevention	who_chinese_national_influenza_center
A/Kazakhstan/15/2014	centers_for_disease_control_and_prevention	csee
A/Jiangsu-Qingpu/1660/2015-egg	pb1	seasonal_h3n2
A/Jiangsu-Sucheng/1309/2016-egg	centers_for_disease_control_and_prevention	who_chinese_national_influenza_center
A/Tanzania/3560/2014	centers_for_disease_control_and_prevention	national_influenza_lab
A/Tanzania/542/2014	centers_for_disease_control_and_prevention	national_influenza_lab
A/Tanzania/3594/2014	centers_for_disease_control_and_prevention	national_influenza_lab
A/Tanzania/562/2014	centers_for_disease_control_and_prevention	national_influenza_lab
A/Tanzania/3589/2014	centers_for_disease_control_and_prevention	national_influenza_lab
A/Tanzania/3580/2014	centers_for_disease_control_and_prevention	national_influenza_lab
A/Tanzania/3555/2014	centers_for_disease_control_and_prevention	national_influenza_lab
A/Tanzania/3595/2014	centers_for_disease_control_and_prevention	national_influenza_lab
A/Tanzania/3576/2014	centers_for_disease_control_and_prevention	national_influenza_lab
A/Tanzania/3561/2014	centers_for_disease_control_and_prevention	national_influenza_lab
A/NewYork/5/2014	centers_for_disease_control_and_prevention	new_york_state_department_of_health
A/Lao/732/2014	centers_for_disease_control_and_prevention	national_center_for_laboratory_and_epidemiology
A/Lao/842/2014	centers_for_disease_control_and_prevention	national_center_for_laboratory_and_epidemiology
A/Palau/6775/2014	centers_for_disease_control_and_prevention	state_of_hawaii_department_of_health
A/Palau/6775/2014-egg	centers_for_disease_control_and_prevention	state_of_hawaii_department_of_health
A/Palau/6759/2014	centers_for_disease_control_and_prevention	state_of_hawaii_department_of_health
A/Hangzhou/A629/2014	hangzhou_center_for_disease_control_and_prevention	hangzhou_center_for_disease_control_and_prevention
A/NewYork/5/2014-egg	centers_for_disease_control_and_prevention	new_york_state_department_of_health
A/NorthCarolina/13/2014-egg	centers_for_disease_control_and_prevention	north_carolina_state_laboratory_of_public_health
A/Shanxi-Xinghualing/1663/2014	centers_for_disease_control_and_prevention	who_chinese_national_influenza_center
A/Hangzhou/A673/2014	hangzhou_center_for_disease_control_and_prevention	hangzhou_center_for_disease_control_and_prevention
A/Kyrgyzstan/10/2015	centers_for_disease_control_and_prevention	national_virology_laboratory,_center_microbiological_investigations
A/SouthAustralia/55/2014	centers_for_disease_control_and_prevention	who_collaborating_centre_for_reference_and_research_on_influenza
A/Peru/30/2015	centers_for_disease_control_and_prevention	us_namru_6
A/Peru/28/2015	centers_for_disease_control_and_prevention	us_namru_6
A/Hangzhou/A651/2014	hangzhou_center_for_disease_control_and_prevention	hangzhou_center_for_disease_control_and_prevention
A/Chita/258/2014	centers_for_disease_control_and_prevention	russian_academy_of_medical_sciences
A/Chelyabinsk/192/2015	centers_for_disease_control_and_prevention	state_research_center_of_virology_and_biotechnology_vector
A/Chita/264/2014	centers_for_disease_control_and_prevention	russian_academy_of_medical_sciences
A/Chita/260/2014	centers_for_disease_control_and_prevention	russian_academy_of_medical_sciences
A/Chita/256/2014	centers_for_disease_control_and_prevention	russian_academy_of_medical_sciences
A/Chita/268/2014	centers_for_disease_control_and_prevention	russian_academy_of_medical_sciences
A/Thailand/CU-B10509/2014	other_database_import	
A/Nc/4690/2014	other_database_import	
A/Mississippi/3/2014	centers_for_disease_control_and_prevention	mississippi_public_health_laboratory
A/Thailand/CU-H3656/2014	other_database_import	
A/Hangzhou/A762/2014	hangzhou_center_for_disease_control_and_prevention	hangzhou_center_for_disease_control_and_prevention
A/SouthAustralia/55/2014-egg	st._jude_children's_research_hospital	who_collaborating_centre_for_reference_and_research_on_influenza
A/Khabarovsk/6/2015	centers_for_disease_control_and_prevention	state_research_center_of_virology_and_biotechnology_vector
A/Gyeonggi/458/2016	other_database_import	
A/Liaoning-Shuangta/1491/2015	centers_for_disease_control_and_prevention	who_chinese_national_influenza_center
A/Fukui/78/2015	centers_for_disease_control_and_prevention	national_institute_of_infectious_diseases_(niid)
A/Hangzhou/A636/2014	hangzhou_center_for_disease_control_and_prevention	hangzhou_center_for_disease_control_and_prevention
A/Cambodia/1244/2014	centers_for_disease_control_and_prevention	national_public_health_laboratory
A/Lao/864/2014	centers_for_disease_control_and_prevention	national_center_for_laboratory_and_epidemiology
A/Scotland/118/2014	nhs_greater_glasgow_and_clyde	nhs_greater_glasgow_and_clyde
A/Cambodia/1372/2014	centers_for_disease_control_and_prevention	national_public_health_laboratory
A/Brisbane/165/2013	who_collaborating_centre_for_reference_and_research_on_influenza	queensland_health_scientific_services
A/Sweden/7/2014	swedish_institute_for_infectious_disease_control	
A/Hokkaido/13H011/2014	other_database_import	
A/JiangsuQingpu/152/2014	jiangsu_provincial_center_for_disease_control_&_prevention	jiangsu_provincial_center_for_disease_control_and_prevention
A/Malaysia/6/2014	who_collaborating_centre_for_reference_and_research_on_influenza	institut_penyelidikan_perubatan
A/Niigata/13F071/2014	other_database_import	
A/Niigata/13F335/2014	other_database_import	
A/Ecuador/1845/2015	centers_for_disease_control_and_prevention	inspi
A/Ecuador/1374/2016	centers_for_disease_control_and_prevention	inspi
A/Texas/71/2017-egg	centers_for_disease_control_and_prevention	san_antonio_metropolitan_health
A/Texas/71/2017	centers_for_disease_control_and_prevention	san_antonio_metropolitan_health
A/Minnesota/1/2018-egg	centers_for_disease_control_and_prevention	minnesota_department_of_health
A/Minnesota/1/2018	centers_for_disease_control_and_prevention	minnesota_department_of_health
A/Kenya/101/2019	centers_for_disease_control_and_prevention	cdc_kenya
A/Sundsvall/1/2018	public_health_agency_of_sweden	public_health_agency_of_sweden
A/Kenya/102/2019	centers_for_disease_control_and_prevention	cdc_kenya
A/Kenya/160/2018	centers_for_disease_control_and_prevention	cdc_kenya
A/SouthAfrica/4940/2015	centers_for_disease_control_and_prevention	national_institute_for_communicable_disease
A/SouthAfrica/4244/2015	centers_for_disease_control_and_prevention	national_institute_for_communicable_disease
A/SouthAfrica/4639/2016	centers_for_disease_control_and_prevention	national_institute_for_communicable_disease
A/England/50260151/2015	microbiology_services_colindale,_public_health_england	microbiology_services_colindale,_public_health_england
A/Scotland/125/2015	nhs_greater_glasgow_and_clyde	nhs_greater_glasgow_and_clyde
A/England/50140078/2014	microbiology_services_colindale,_public_health_england	microbiology_services_colindale,_public_health_england
A/England/529/2014	microbiology_services_colindale,_public_health_england	health_protection_agency
A/England/44840067/2014	microbiology_services_colindale,_public_health_england	microbiology_services_colindale,_public_health_england
A/Canberra/82/2014-egg	centers_for_disease_control_and_prevention	who_collaborating_centre_for_reference_and_research_on_influenza
A/Canberra/82/2014	who_collaborating_centre_for_reference_and_research_on_influenza	who_collaborating_centre_for_reference_and_research_on_influenza
A/Shimane/96/2014	national_institute_of_infectious_diseases_(niid)	shimane_prefectural_institute_of_public_health_and_environmental_science
A/Nagasaki/13N101/2014	niigata_university	
A/Washington/48/2014	centers_for_disease_control_and_prevention	marshfield_clinic_research_foundation
A/Nagasaki/14N017/2014	niigata_university	
A/Kyoto/14K001/2014	niigata_university	
A/Kyoto/14K003/2014	niigata_university	
A/Nagasaki/14N072/2015	niigata_university	
A/England/45200047/2014	microbiology_services_colindale,_public_health_england	microbiology_services_colindale,_public_health_england
A/England/50/2015	microbiology_services_colindale,_public_health_england	microbiology_services_colindale,_public_health_england
A/Tennessee/20/2014	centers_for_disease_control_and_prevention	tennessee_department_of_health_laboratory_nashville
A/Georgia/15/2014	centers_for_disease_control_and_prevention	georgia_public_health_laboratory
A/Tennessee/5/2015	centers_for_disease_control_and_prevention	tennessee_department_of_health_laboratory_nashville
A/Kazakhstan/274/2015	centers_for_disease_control_and_prevention	csee
A/NewCaledonia/71/2014-egg	centers_for_disease_control_and_prevention	who_collaborating_centre_for_reference_and_research_on_influenza
A/Nonthaburi/2421/2014	centers_for_disease_control_and_prevention	who_national_influenza_centre,_national_institute_of_medical_research_(nimr)
A/Chanthaburi/2419/2014	centers_for_disease_control_and_prevention	who_national_influenza_centre,_national_institute_of_medical_research_(nimr)
A/Kanagawa/36/2015	national_institute_of_infectious_diseases_(niid)	kanagawa_prefectural_institute_of_public_health
A/Gunma/14G005/2015	niigata_university	
A/Okinawa/14T007/2015	niigata_university	
A/Nagasaki/14N014/2014	niigata_university	
A/Aomori/3/2015	national_institute_of_infectious_diseases_(niid)	aomori_prefectural_institute_of_public_health_and_environment
A/Saitama/103/2014-egg	centers_for_disease_control_and_prevention	national_institute_of_infectious_diseases_(niid)
A/Saitama/103/2014	centers_for_disease_control_and_prevention	national_institute_of_infectious_diseases_(niid)
A/Mali/56CS/2015	centers_for_disease_control_and_prevention	nic_lab_cvd_mali
A/Congo/2461/2014	centers_for_disease_control_and_prevention	inrb_service_de_virologie
A/Congo/2458/2014	centers_for_disease_control_and_prevention	inrb_service_de_virologie
A/Congo/2603/2014	centers_for_disease_control_and_prevention	inrb_service_de_virologie
A/Congo/2538/2014	centers_for_disease_control_and_prevention	inrb_service_de_virologie
A/Mali/13MOP/2015	centers_for_disease_control_and_prevention	nic_lab_cvd_mali
A/Mali/105CH/2015	centers_for_disease_control_and_prevention	nic_lab_cvd_mali
A/Mali/208CI/2015	centers_for_disease_control_and_prevention	nic_lab_cvd_mali
A/Mali/130CI/2015	centers_for_disease_control_and_prevention	nic_lab_cvd_mali
A/Mali/101CH/2015	centers_for_disease_control_and_prevention	nic_lab_cvd_mali
A/Mali/241CI/2015	centers_for_disease_control_and_prevention	nic_lab_cvd_mali
A/Mali/237CI/2015	centers_for_disease_control_and_prevention	nic_lab_cvd_mali
A/Mali/209CH/2015	centers_for_disease_control_and_prevention	nic_lab_cvd_mali
A/Minnesota/41/2014	centers_for_disease_control_and_prevention	minnesota_department_of_health
A/Wisconsin/56/2014	centers_for_disease_control_and_prevention	marshfield_clinic_research_foundation
A/Mali/108CS/2015	centers_for_disease_control_and_prevention	nic_lab_cvd_mali
A/Stockholm/39/2014	swedish_institute_for_infectious_disease_control	
A/Santiago/40992/2015	centers_for_disease_control_and_prevention	instituto_de_salud_publica_de_chile_
A/Bethesda/P0060/2015	other_database_import	
A/Miyagi/21/2015	national_institute_of_infectious_diseases_(niid)	miyagi_prefectural_institute_of_public_health_and_environment
A/Niigata-C/60/2014	national_institute_of_infectious_diseases_(niid)	niigata_city_institute_of_public_health_and_environment
A/Victoria/511/2015-egg	centers_for_disease_control_and_prevention	monash_medical_centre
A/Victoria/511/2015	centers_for_disease_control_and_prevention	monash_medical_centre
A/England/44320795/2014	microbiology_services_colindale,_public_health_england	microbiology_services_colindale,_public_health_england
A/Netherlands/2393/2015	national_institute_for_public_health_and_the_environment_(rivm)	national_institute_for_public_health_and_the_environment_(rivm)
A/Brazil/2047/2015	centers_for_disease_control_and_prevention	instituto_adolfo_lutz
A/England/511/2014	microbiology_services_colindale,_public_health_england	microbiology_services_colindale,_public_health_england
A/Scotland/35/2014	nhs_greater_glasgow_and_clyde	nhs_greater_glasgow_and_clyde
A/Montana/23/2014	centers_for_disease_control_and_prevention	montana_public_health_laboratory
A/StPetersburg/70/2015	centers_for_disease_control_and_prevention	russian_academy_of_medical_sciences
A/StPetersburg/31/2015	centers_for_disease_control_and_prevention	russian_academy_of_medical_sciences
A/Moscow/102/2015	centers_for_disease_control_and_prevention	ivanovsky_research_institute_of_virology_rams
A/StPetersburg/101/2015	centers_for_disease_control_and_prevention	russian_academy_of_medical_sciences
A/Jordan/10702/2015	centers_for_disease_control_and_prevention	laboratory_directorate
A/England/45080158/2014	microbiology_services_colindale,_public_health_england	microbiology_services_colindale,_public_health_england
A/England/50100055/2014	microbiology_services_colindale,_public_health_england	microbiology_services_colindale,_public_health_england
A/Delaware/24/2014	centers_for_disease_control_and_prevention	delaware_public_health_lab
A/Florida/85/2014	centers_for_disease_control_and_prevention	florida_department_of_health_tampa
A/England/45240260/2014	microbiology_services_colindale,_public_health_england	microbiology_services_colindale,_public_health_england
A/England/45180212/2014	microbiology_services_colindale,_public_health_england	microbiology_services_colindale,_public_health_england
A/Yamagata/64/2015	national_institute_of_infectious_diseases_(niid)	yamagata_prefectural_institute_of_public_health
A/Fiji/2/2015-egg	centers_for_disease_control_and_prevention	national_centre_for_scientific_services_for_virology__and_vector_borne_diseases
A/Fiji/7/2015-egg	who_collaborating_centre_for_reference_and_research_on_influenza	national_centre_for_scientific_services_for_virology__and_vector_borne_diseases
A/England/603/2014	microbiology_services_colindale,_public_health_england	microbiology_services_colindale,_public_health_england
A/England/51020042/2015	microbiology_services_colindale,_public_health_england	microbiology_services_colindale,_public_health_england
A/England/45100191/2014	microbiology_services_colindale,_public_health_england	microbiology_services_colindale,_public_health_england
A/England/72/2015	microbiology_services_colindale,_public_health_england	microbiology_services_colindale,_public_health_england
A/NewYork/WC-LVD-14-095/2014	other_database_import	
A/Lao/I847/2015	national_institute_of_infectious_diseases_(niid)	ministry_of_health_laos
A/SaudiArabia/31/2015	other_database_import	
A/Ecuador/1670/2015	centers_for_disease_control_and_prevention	inspi
A/Kazakhstan/112/2015	centers_for_disease_control_and_prevention	csee
A/Kazakhstan/25/2015	centers_for_disease_control_and_prevention	csee
A/Kazakhstan/166/2015	centers_for_disease_control_and_prevention	csee
A/Kazakhstan/37/2015	centers_for_disease_control_and_prevention	csee
A/Astrakhan/RII23/2014	who_national_influenza_centre_russian_federation	
A/Astrakhan/24/2014	centers_for_disease_control_and_prevention	russian_academy_of_medical_sciences
A/Kazakhstan/183/2015	centers_for_disease_control_and_prevention	csee
A/England/50200164/2015	microbiology_services_colindale,_public_health_england	microbiology_services_colindale,_public_health_england
A/Vietnam/171/2015	national_institute_of_infectious_diseases_(niid)	pasteur_institute,_influenza_laboratory
A/Nonthaburi/146/2015	who_collaborating_centre_for_reference_and_research_on_influenza	who_national_influenza_centre,_national_institute_of_medical_research_(nimr)
A/Cambodia/917/2015	centers_for_disease_control_and_prevention	national_public_health_laboratory
A/Taiwan/1095/2015	national_institute_of_infectious_diseases_(niid)	center_for_disease_control
A/Taiwan/1079/2015	national_institute_of_infectious_diseases_(niid)	center_for_disease_control
A/Lao/724/2015	centers_for_disease_control_and_prevention	national_center_for_laboratory_and_epidemiology
A/Lao/947/2015	centers_for_disease_control_and_prevention	national_center_for_laboratory_and_epidemiology
A/Lao/I784/2015	national_institute_of_infectious_diseases_(niid)	ministry_of_health_laos
A/Cambodia/895/2015	centers_for_disease_control_and_prevention	national_public_health_laboratory
A/HongKong/15607/2015	centers_for_disease_control_and_prevention	government_virus_unit
A/Sapporo/71/2015	national_institute_of_infectious_diseases_(niid)	sapporo_city_institute_of_public_health
A/Lao/I1054/2015	national_institute_of_infectious_diseases_(niid)	ministry_of_health_laos
A/Taiwan/1082/2015	centers_for_disease_control_and_prevention	adimmune_corporation
A/Taiwan/1078/2015	centers_for_disease_control_and_prevention	adimmune_corporation
A/Keelung/26/2016	other_database_import	
A/Phetchaburi/77/2016	centers_for_disease_control_and_prevention	who_national_influenza_centre,_national_institute_of_medical_research_(nimr)
A/Lao/535/2015	centers_for_disease_control_and_prevention	national_center_for_laboratory_and_epidemiology
A/Bangladesh/7004/2015	centers_for_disease_control_and_prevention	institute_of_epidemiology_disease_control_and_research_(iedcr)_&_bangladesh_national_influenza_centre_(nic)
A/Bangladesh/910001/2015	centers_for_disease_control_and_prevention	institute_of_epidemiology_disease_control_and_research_(iedcr)_&_bangladesh_national_influenza_centre_(nic)
A/Bangladesh/913012/2015	centers_for_disease_control_and_prevention	institute_of_epidemiology_disease_control_and_research_(iedcr)_&_bangladesh_national_influenza_centre_(nic)
A/Bangladesh/1014003/2015	centers_for_disease_control_and_prevention	institute_of_epidemiology_disease_control_and_research_(iedcr)_&_bangladesh_national_influenza_centre_(nic)
A/Bangladesh/22014/2015	centers_for_disease_control_and_prevention	institute_of_epidemiology_disease_control_and_research_(iedcr)_&_bangladesh_national_influenza_centre_(nic)
A/Bangladesh/910008/2015	centers_for_disease_control_and_prevention	institute_of_epidemiology_disease_control_and_research_(iedcr)_&_bangladesh_national_influenza_centre_(nic)
A/Bangladesh/910004/2015	centers_for_disease_control_and_prevention	institute_of_epidemiology_disease_control_and_research_(iedcr)_&_bangladesh_national_influenza_centre_(nic)
A/Victoria/5060/2014	who_collaborating_centre_for_reference_and_research_on_influenza	who_collaborating_centre_for_reference_and_research_on_influenza
A/Newcaledonia/71/2014	who_collaborating_centre_for_reference_and_research_on_influenza	institut_pasteur_new_caledonia
A/England/601/2014	microbiology_services_colindale,_public_health_england	microbiology_services_colindale,_public_health_england
A/Tanzania/613/2014	centers_for_disease_control_and_prevention	national_influenza_lab
A/England/43960141/2014	microbiology_services_colindale,_public_health_england	microbiology_services_colindale,_public_health_england
A/Oregon/13/2014	centers_for_disease_control_and_prevention	oregon_public_health_laboratory
A/England/45160092/2014	microbiology_services_colindale,_public_health_england	microbiology_services_colindale,_public_health_england
A/Sendai/72/2014	national_institute_of_infectious_diseases_(niid)	sendai_city_institute_of_public_health
A/Ibaraki/1/2015	national_institute_of_infectious_diseases_(niid)	ibaraki_prefectural_institute_of_public_health
A/Gunma/14G011/2015	niigata_university	
A/Sapporo/38/2015	national_institute_of_infectious_diseases_(niid)	sapporo_city_institute_of_public_health
A/Gunma/14G003/2015	niigata_university	
A/Fukui/61/2014	national_institute_of_infectious_diseases_(niid)	fukui_prefectural_institute_of_public_health
A/Gunma/14G008/2015	niigata_university	
A/England/50260150/2015	microbiology_services_colindale,_public_health_england	microbiology_services_colindale,_public_health_england
A/Scotland/143/2014	nhs_greater_glasgow_and_clyde	nhs_greater_glasgow_and_clyde
A/Bahrain/587/2014	centers_for_disease_control_and_prevention	ministry_of_health_bahrain
A/Georgia/5/2014	centers_for_disease_control_and_prevention	georgia_public_health_laboratory
A/California/89/2015	centers_for_disease_control_and_prevention	california_department_of_health_services
A/Bangladesh/10001/2015	centers_for_disease_control_and_prevention	institute_of_epidemiology_disease_control_and_research_(iedcr)_&_bangladesh_national_influenza_centre_(nic)
A/Scotland/76/2015	nhs_greater_glasgow_and_clyde	nhs_greater_glasgow_and_clyde
A/England/507/2014	microbiology_services_colindale,_public_health_england	microbiology_services_colindale,_public_health_england
A/England/50280041/2015	microbiology_services_colindale,_public_health_england	microbiology_services_colindale,_public_health_england
A/England/45040065/2014	microbiology_services_colindale,_public_health_england	microbiology_services_colindale,_public_health_england
A/Brisbane/82/2015-egg	pb1	seasonal_h3n2
A/Brisbane/82/2015	centers_for_disease_control_and_prevention	queensland_health_scientific_services
A/England/51440626/2015	microbiology_services_colindale,_public_health_england	microbiology_services_colindale,_public_health_england
A/Scotland/15/2014	nhs_greater_glasgow_and_clyde	nhs_greater_glasgow_and_clyde
A/Lao/977/2015	centers_for_disease_control_and_prevention	national_center_for_laboratory_and_epidemiology
A/Nebraska/19/2015-egg	centers_for_disease_control_and_prevention	nebraska_public_health_lab
A/Nebraska/19/2015	centers_for_disease_control_and_prevention	nebraska_public_health_lab
A/Peru/2716/2016	centers_for_disease_control_and_prevention	us_namru_6
A/Peru/3216/2016	centers_for_disease_control_and_prevention	us_namru_6
A/Peru/1416/2016	centers_for_disease_control_and_prevention	us_namru_6
A/Peru/3916/2016	centers_for_disease_control_and_prevention	us_namru_6
A/Peru/81016/2016	centers_for_disease_control_and_prevention	us_namru_6
A/Utah/12/2016	centers_for_disease_control_and_prevention	utah_department_of_health
A/Minnesota/77/2016	centers_for_disease_control_and_prevention	minnesota_department_of_health
A/Ecuador/220/2016	centers_for_disease_control_and_prevention	inspi
A/Valparaiso/50516/2016	centers_for_disease_control_and_prevention	instituto_de_salud_publica_de_chile_
A/NewZealand/87/2015	centers_for_disease_control_and_prevention	institute_of_environmental_science_&_research
A/Texas/105/2014	centers_for_disease_control_and_prevention	baylor_college_of_medicine
A/NewZealand/476/2015	centers_for_disease_control_and_prevention	institute_of_environmental_science_&_research
A/NewZealand/588/2015	centers_for_disease_control_and_prevention	institute_of_environmental_science_&_research
A/NewYork/WC-LVD-15-033/2015	other_database_import	
A/NewZealand/532/2015	centers_for_disease_control_and_prevention	institute_of_environmental_science_&_research
A/NewZealand/385/2015	centers_for_disease_control_and_prevention	institute_of_environmental_science_&_research
A/NewZealand/521/2015	centers_for_disease_control_and_prevention	institute_of_environmental_science_&_research
A/NewZealand/381/2015	centers_for_disease_control_and_prevention	institute_of_environmental_science_&_research
A/NewZealand/324/2015	centers_for_disease_control_and_prevention	institute_of_environmental_science_&_research
A/Nonthaburi/333/2015	centers_for_disease_control_and_prevention	who_national_influenza_centre,_national_institute_of_medical_research_(nimr)
A/NewZealand/382/2015	centers_for_disease_control_and_prevention	institute_of_environmental_science_&_research
A/NewZealand/1703/2015	centers_for_disease_control_and_prevention	institute_of_environmental_science_&_research
A/NewZealand/526/2015	centers_for_disease_control_and_prevention	institute_of_environmental_science_&_research
A/NewZealand/322/2015	centers_for_disease_control_and_prevention	institute_of_environmental_science_&_research
A/NewZealand/683/2015	centers_for_disease_control_and_prevention	institute_of_environmental_science_&_research
A/NewZealand/431/2015	centers_for_disease_control_and_prevention	institute_of_environmental_science_&_research
A/Uganda/1610/2016	centers_for_disease_control_and_prevention	uganda_virus_research_institute_(uvri),_national_influenza_center
A/Kilifi/142/2015	kemri_wellcome_trust_research_programme_(kwtrp)	kemri_wellcome_trust_research_programme_cgmrc
A/Kilifi/92/2015	kemri_wellcome_trust_research_programme_(kwtrp)	kemri_wellcome_trust_research_programme_cgmrc
A/Kilifi/60/2015	kemri_wellcome_trust_research_programme_(kwtrp)	kemri_wellcome_trust_research_programme_cgmrc
A/Nagasaki/14N010/2014	niigata_university	
A/Nagasaki/14N005/2014	niigata_university	
A/Kharkiv/241/2015	centers_for_disease_control_and_prevention	institute_of_epidemiology_and_infectious_diseases_ams_of_ukraine
A/England/50880448/2015	microbiology_services_colindale,_public_health_england	microbiology_services_colindale,_public_health_england
A/England/50200158/2014	microbiology_services_colindale,_public_health_england	microbiology_services_colindale,_public_health_england
A/England/50100064/2014	microbiology_services_colindale,_public_health_england	microbiology_services_colindale,_public_health_england
A/England/45060049/2014	microbiology_services_colindale,_public_health_england	microbiology_services_colindale,_public_health_england
A/Mali/115CI/2015	centers_for_disease_control_and_prevention	nic_lab_cvd_mali
A/Tomsk/254/2014	centers_for_disease_control_and_prevention	russian_academy_of_medical_sciences
A/Texas/177/2017	centers_for_disease_control_and_prevention	baylor_scott_and_white_health
A/Tasmania/219/2016-egg	who_collaborating_centre_for_reference_and_research_on_influenza	hobart_pathology
A/Tasmania/219/2016	who_collaborating_centre_for_reference_and_research_on_influenza	hobart_pathology
A/CoteDIvoire/1616/2015	centers_for_disease_control_and_prevention	pasteur_institut_of_côte_d'ivoire
A/Maldives/52/2017	centers_for_disease_control_and_prevention	ministry_of_health
A/Brazil/3870/2017	centers_for_disease_control_and_prevention	instituto_adolfo_lutz
A/Victoria/2118/2018	who_collaborating_centre_for_reference_and_research_on_influenza	alfred_hospital
A/Singapore/TT0754/2018	ministry_of_health,_singapore	ministry_of_health,_singapore
A/SouthAustralia/181/2018	who_collaborating_centre_for_reference_and_research_on_influenza	institute_of_medical_and_veterinary_science_(imvs)
A/Perth/155/2018	who_collaborating_centre_for_reference_and_research_on_influenza	pathwest_qe_ii_medical_centre
A/Singapore/SGH0610/2019	ministry_of_health,_singapore	ministry_of_health,_singapore
A/ChiangRai/409/2019	centers_for_disease_control_and_prevention	who_national_influenza_centre,_national_institute_of_medical_research_(nimr)
A/Singapore/GP2153/2019	ministry_of_health,_singapore	ministry_of_health,_singapore
A/Brisbane/158/2018	who_collaborating_centre_for_reference_and_research_on_influenza	queensland_health_scientific_services
A/Mali/23/2019	centers_for_disease_control_and_prevention	nic_lab_cvd_mali
A/Mali/66/2019	centers_for_disease_control_and_prevention	nic_lab_cvd_mali
A/Mali/77/2019	centers_for_disease_control_and_prevention	nic_lab_cvd_mali
A/Niger/6616/2019	centers_for_disease_control_and_prevention	centre_de_recherche_medicale_et_sanitaire_(cermes)
A/Mali/46/2019	centers_for_disease_control_and_prevention	nic_lab_cvd_mali
A/Taiwan/378/2017	national_institute_of_infectious_diseases_(niid)	center_for_disease_control
A/Taiwan/396/2017	national_institute_of_infectious_diseases_(niid)	center_for_disease_control
A/Chita/RII-1/2018	who_national_influenza_centre_russian_federation	
A/NewZealand/1213/2017	centers_for_disease_control_and_prevention	institute_of_environmental_science_&_research
A/SierraLeone/193/2017	centers_for_disease_control_and_prevention	central_public_health_reference_laboratory
A/HongKong/4983/2017	centers_for_disease_control_and_prevention	government_virus_unit
A/Abakan/249/2018	state_research_center_of_virology_and_biotechnology_(vector)	
A/HongKong/4818/2017	centers_for_disease_control_and_prevention	government_virus_unit
A/Sydney/1167/2017	who_collaborating_centre_for_reference_and_research_on_influenza	institute_of_medical_and_veterinary_science_(imvs)
A/Brisbane/1050/2017	who_collaborating_centre_for_reference_and_research_on_influenza	institute_of_medical_and_veterinary_science_(imvs)
A/Sydney/1144/2017	who_collaborating_centre_for_reference_and_research_on_influenza	institute_of_medical_and_veterinary_science_(imvs)
A/HongKong/4822/2017	centers_for_disease_control_and_prevention	government_virus_unit
A/Saitama/248/2017	centers_for_disease_control_and_prevention	saitama_institute_of_public_health
A/Zhejiang-Shangcheng/1153/2018	centers_for_disease_control_and_prevention	who_chinese_national_influenza_center
A/Cambodia/983/2017	centers_for_disease_control_and_prevention	national_public_health_laboratory
A/England/74000497/2017	microbiology_services_colindale,_public_health_england	microbiology_services_colindale,_public_health_england
A/Kazakhstan/28/2018	centers_for_disease_control_and_prevention	csee
A/Omsk/680/2018	state_research_center_of_virology_and_biotechnology_(vector)	state_research_center_of_virology_and_biotechnology_(vector)
A/SPetersburg/RII-313S/2017	centers_for_disease_control_and_prevention	russian_academy_of_medical_sciences
A/Sapporo/75/2017	national_institute_of_infectious_diseases_(niid)	sapporo_city_institute_of_public_health
A/Congo/416/2018	centers_for_disease_control_and_prevention	inrb_service_de_virologie
A/Congo/717/2018	centers_for_disease_control_and_prevention	inrb_service_de_virologie
A/Congo/357/2018	centers_for_disease_control_and_prevention	inrb_service_de_virologie
A/Kanagawa/ZC1606/2017	national_institute_of_infectious_diseases_(niid)	national_institute_of_infectious_diseases_(niid)
A/Nakhonphanom/433/2016	centers_for_disease_control_and_prevention	who_national_influenza_centre,_national_institute_of_medical_research_(nimr)
A/Singapore/TT1334/2016	ministry_of_health,_singapore	
A/Voronezh/RII546S/2016	who_national_influenza_centre_russian_federation	
A/Sagamihara/19/2016	national_institute_of_infectious_diseases_(niid)	sagamihara_city_laboratory_of_public_health
A/Taiwan/859/2016	centers_for_disease_control_and_prevention	adimmune_corporation
A/Singapore/KK0060/2017	ministry_of_health,_singapore	ministry_of_health,_singapore
A/SouthAfrica/3731/2016	centers_for_disease_control_and_prevention	national_institute_for_communicable_disease
A/Alsace/666/2017	institut_pasteur	
A/PaysDeLoire/3569/2016	institut_pasteur	
A/NordPasDeCalais/837/2017	institut_pasteur	
A/Norway/4849/2016-egg	centers_for_disease_control_and_prevention	who_national_influenza_centre
A/Sweden/66/2016	swedish_institute_for_infectious_disease_control	
A/Niger/5297/2017	centers_for_disease_control_and_prevention	centre_de_recherche_medicale_et_sanitaire_(cermes)
A/Niger/5360/2017	centers_for_disease_control_and_prevention	centre_de_recherche_medicale_et_sanitaire_(cermes)
A/Niger/5256/2017	centers_for_disease_control_and_prevention	centre_de_recherche_medicale_et_sanitaire_(cermes)
A/BurkinaFaso/972/2018	centers_for_disease_control_and_prevention	irss
A/Togo/1035/2017	centers_for_disease_control_and_prevention	institute_national_d'hygiene
A/Penza/59/2017	centers_for_disease_control_and_prevention	ivanovsky_research_institute_of_virology_rams
A/Sergach/RII542S/2016	who_national_influenza_centre_russian_federation	
A/Moscow/175/2016	who_national_influenza_centre_russian_federation	ivanovsky_research_institute_of_virology_rams
A/Simpheropol/RII847S/2016	who_national_influenza_centre_russian_federation	
A/Korsakov/RII908S/2016	who_national_influenza_centre_russian_federation	
A/Kanagawa/IC1607/2017	national_institute_of_infectious_diseases_(niid)	national_institute_of_infectious_diseases_(niid)
A/Kanagawa/IC1620/2017	national_institute_of_infectious_diseases_(niid)	national_institute_of_infectious_diseases_(niid)
A/Nantes/1411/2017	institut_pasteur	
A/Togo/1096/2017	centers_for_disease_control_and_prevention	institute_national_d'hygiene
A/Linkou/191/2016	other_database_import	
A/Singapore/TT1374/2016-egg	centers_for_disease_control_and_prevention	ministry_of_health,_singapore
A/Singapore/TT1374/2016	ministry_of_health,_singapore	ministry_of_health,_singapore
A/StPetersburg/RII867S/2016	who_national_influenza_centre_russian_federation	
A/Venev/RII358S/2016	who_national_influenza_centre_russian_federation	
A/Moscow/176/2016	who_national_influenza_centre_russian_federation	ivanovsky_research_institute_of_virology_rams
A/Kazakhstan/8/2016	centers_for_disease_control_and_prevention	csee
A/Novosibirsk/47/2017	centers_for_disease_control_and_prevention	state_research_center_of_virology_and_biotechnology_(vector)
A/Santiago/24560/2017	centers_for_disease_control_and_prevention	instituto_de_salud_publica_de_chile_
A/Tosno/RII718S/2016	who_national_influenza_centre_russian_federation	
A/Maldives/594/2017	centers_for_disease_control_and_prevention	ministry_of_health
A/Bangladesh/16/2017	centers_for_disease_control_and_prevention	institute_of_epidemiology_disease_control_and_research_(iedcr)_&_bangladesh_national_influenza_centre_(nic)
A/Kazakhstan/69/2016	centers_for_disease_control_and_prevention	csee
A/Kazakhstan/6690/2016	centers_for_disease_control_and_prevention	cdc_central_asia_office
A/Kazakhstan/6841/2017	centers_for_disease_control_and_prevention	cdc_central_asia_office
A/Ohio/31/2017-egg	centers_for_disease_control_and_prevention	ohio_department_of_health_laboratories
A/Ohio/31/2017	centers_for_disease_control_and_prevention	ohio_department_of_health_laboratories
A/Bangladesh/3028/2017	centers_for_disease_control_and_prevention	institute_of_epidemiology_disease_control_and_research_(iedcr)_&_bangladesh_national_influenza_centre_(nic)
A/Basel/USB0030302/2017	import_from_public_domain	
A/Basel/USB0021452/2016	import_from_public_domain	
A/Bolivia/805/2017	centers_for_disease_control_and_prevention	cenetrop
A/Basel/USB0015402/2016	import_from_public_domain	
A/Saint-Etienne/1294/2017	centers_for_disease_control_and_prevention	cnr_influenza_france_sud
A/Vladikavkaz/RII914S/2016	who_national_influenza_centre_russian_federation	
A/London/16U833255-2_S2_L001/2016	university_college_london	department_of_clinical_virology,_university_college_london_hospitals_nhs_foundation_trust
A/Antananarivo/2450/2017	centers_for_disease_control_and_prevention	institut_pasteur_de_madagascar
A/England/65020044/2016	microbiology_services_colindale,_public_health_england	microbiology_services_colindale,_public_health_england
A/Tanzania/2514/2017	centers_for_disease_control_and_prevention	national_influenza_lab
A/Tanzania/2460/2017	centers_for_disease_control_and_prevention	national_influenza_lab
A/Samara/7/2017	centers_for_disease_control_and_prevention	russian_academy_of_medical_sciences
A/SouthAfrica/R06787/2017	centers_for_disease_control_and_prevention	national_institute_for_communicable_disease
A/NovyUrengoy/1335/2016	centers_for_disease_control_and_prevention	state_research_center_of_virology_and_biotechnology_(vector)
A/Yaroslavl/164/2016	centers_for_disease_control_and_prevention	ivanovsky_research_institute_of_virology_rams
A/England/74680316/2017	microbiology_services_colindale,_public_health_england	microbiology_services_colindale,_public_health_england
A/Ethiopia/2458/2017	centers_for_disease_control_and_prevention	ethiopian_public_health_institute,_national_influenza_laboratory
A/Ethiopia/2447/2017	centers_for_disease_control_and_prevention	ethiopian_public_health_institute,_national_influenza_laboratory
A/Linkou/185/2016	other_database_import	
A/UlanUde/1/2016	centers_for_disease_control_and_prevention	russian_academy_of_medical_sciences
A/Karaganda/99/2017	centers_for_disease_control_and_prevention	cdc_central_asia_office
A/Karaganda/55/2017	centers_for_disease_control_and_prevention	cdc_central_asia_office
A/Novosibirsk/4/2017	state_research_center_of_virology_and_biotechnology_(vector)	
A/Ethiopia/1835/2017	centers_for_disease_control_and_prevention	ethiopian_public_health_institute,_national_influenza_laboratory
A/Kyrgyzstan/456/2017	centers_for_disease_control_and_prevention	national_virology_laboratory,_center_microbiological_investigations
A/Samara/RII454S/2016	who_national_influenza_centre_russian_federation	
A/Novosibirsk/40/2017	centers_for_disease_control_and_prevention	russian_academy_of_medical_sciences
A/Kazakhstan/20/2016	centers_for_disease_control_and_prevention	csee
A/Aniva/RII904S/2016	who_national_influenza_centre_russian_federation	
A/HongKong/7127/2014	centers_for_disease_control_and_prevention	government_virus_unit
A/HongKong/7617/2014	centers_for_disease_control_and_prevention	government_virus_unit
A/Singapore/KK943/2014-egg	centers_for_disease_control_and_prevention	who_collaborating_centre_for_reference_and_research_on_influenza
A/Washington/22/2015	centers_for_disease_control_and_prevention	marshfield_clinic_research_foundation
A/Argentina/103/2015	centers_for_disease_control_and_prevention	instituto_nacional_de_enfermedades_infecciosas
A/Guam/3224/2015	centers_for_disease_control_and_prevention	state_of_hawaii_department_of_health
A/Brazil/523/2015	centers_for_disease_control_and_prevention	oswaldo_cruz_institute___fiocruz___laboratory_of_respiratory_viruses_and_measles_(lvrs)
A/Bangladesh/7006/2015	centers_for_disease_control_and_prevention	institute_of_epidemiology_disease_control_and_research_(iedcr)_&_bangladesh_national_influenza_centre_(nic)
A/Bangladesh/8016/2015	centers_for_disease_control_and_prevention	institute_of_epidemiology_disease_control_and_research_(iedcr)_&_bangladesh_national_influenza_centre_(nic)
A/Bangladesh/3075/2016	centers_for_disease_control_and_prevention	institute_of_epidemiology_disease_control_and_research_(iedcr)_&_bangladesh_national_influenza_centre_(nic)
A/Bangladesh/1008/2016	centers_for_disease_control_and_prevention	institute_of_epidemiology_disease_control_and_research_(iedcr)_&_bangladesh_national_influenza_centre_(nic)
A/Bangladesh/911005/2015	centers_for_disease_control_and_prevention	institute_of_epidemiology_disease_control_and_research_(iedcr)_&_bangladesh_national_influenza_centre_(nic)
A/Bangladesh/910011/2015	centers_for_disease_control_and_prevention	institute_of_epidemiology_disease_control_and_research_(iedcr)_&_bangladesh_national_influenza_centre_(nic)
A/Bangladesh/1010002/2015	centers_for_disease_control_and_prevention	institute_of_epidemiology_disease_control_and_research_(iedcr)_&_bangladesh_national_influenza_centre_(nic)
A/Bangladesh/905015/2015	centers_for_disease_control_and_prevention	institute_of_epidemiology_disease_control_and_research_(iedcr)_&_bangladesh_national_influenza_centre_(nic)
A/Bangladesh/13003/2015	centers_for_disease_control_and_prevention	institute_of_epidemiology_disease_control_and_research_(iedcr)_&_bangladesh_national_influenza_centre_(nic)
A/Peru/5116/2016	centers_for_disease_control_and_prevention	us_namru_6
A/Delaware/13/2015	centers_for_disease_control_and_prevention	delaware_public_health_lab
A/SouthAustralia/21/2015-egg	centers_for_disease_control_and_prevention	institute_of_medical_and_veterinary_science_(imvs)
A/SouthAustralia/21/2015	centers_for_disease_control_and_prevention	institute_of_medical_and_veterinary_science_(imvs)
A/PassoFundo/LACENRS-1854/2015	other_database_import	
A/Acre/134221-IEC/2015	centers_for_disease_control_and_prevention	national_influenza_center
A/Pernambuco/136136-IEC/2015	centers_for_disease_control_and_prevention	national_influenza_center
A/Peru/6915/2015	centers_for_disease_control_and_prevention	us_namru_6
A/Vietnam/105/2015	centers_for_disease_control_and_prevention	national_institute_of_hygiene_and_epidemiology
A/Vietnam/117/2015	centers_for_disease_control_and_prevention	national_institute_of_hygiene_and_epidemiology
A/NewYork/WC-LVD-15-021/2015	other_database_import	
A/Colombia/6825/2015	centers_for_disease_control_and_prevention	instituto_nacional_de_salud_de_columbia
A/Colombia/5433/2015	centers_for_disease_control_and_prevention	instituto_nacional_de_salud_de_columbia
A/PuertoRico/25/2015	centers_for_disease_control_and_prevention	puerto_rico_department_of_health
A/PuertoRico/15/2015	centers_for_disease_control_and_prevention	puerto_rico_department_of_health
A/California/12/2016	centers_for_disease_control_and_prevention	california_department_of_health_services
A/Colombia/9773/2016	centers_for_disease_control_and_prevention	instituto_nacional_de_salud_de_columbia
A/Victoria/503/2015-egg	centers_for_disease_control_and_prevention	monash_medical_centre
A/Nigeria/300/2015	centers_for_disease_control_and_prevention	national_influenza_reference_laboratory
A/Brisbane/47/2015-egg	centers_for_disease_control_and_prevention	queensland_health_scientific_services
A/Lao/I943/2015	national_institute_of_infectious_diseases_(niid)	ministry_of_health_laos
A/Vietnam/16017/2016	centers_for_disease_control_and_prevention	national_institute_of_hygiene_and_epidemiology
A/Vietnam/6029/2016	centers_for_disease_control_and_prevention	national_institute_of_hygiene_and_epidemiology
A/NewYork/WC-LVD-14-089/2014	other_database_import	
A/NewHampshire/5/2015	centers_for_disease_control_and_prevention	new_hampshire_public_health_laboratories
A/SaudiArabia/24/2015	other_database_import	
A/Alaska/13/2015	centers_for_disease_control_and_prevention	alaska_state_virology_lab
A/Alaska/51/2015	centers_for_disease_control_and_prevention	alaska_state_virology_lab
A/Macau/611810/2015	who_collaborating_centre_for_reference_and_research_on_influenza	laboratorio_de_saude_publico
A/HongKong/7620/2014	centers_for_disease_control_and_prevention	government_virus_unit
A/Arizona/18/2015	centers_for_disease_control_and_prevention	arizona_department_of_health_services
A/Chanthaburi/133/2015	centers_for_disease_control_and_prevention	who_national_influenza_centre,_national_institute_of_medical_research_(nimr)
A/Fiji/16/2015	who_collaborating_centre_for_reference_and_research_on_influenza	national_centre_for_scientific_services_for_virology__and_vector_borne_diseases
A/Lao/951/2015	centers_for_disease_control_and_prevention	national_center_for_laboratory_and_epidemiology
A/Lao/I941/2015	national_institute_of_infectious_diseases_(niid)	ministry_of_health_laos
A/Chanthaburi/117/2015	centers_for_disease_control_and_prevention	who_national_influenza_centre,_national_institute_of_medical_research_(nimr)
A/CostaRica/1906/2015	centers_for_disease_control_and_prevention	laboratorio_nacional_de_influenza
A/Alaska/240/2015-egg	centers_for_disease_control_and_prevention	alaska_state_virology_lab
A/Alaska/240/2015	centers_for_disease_control_and_prevention	alaska_state_virology_lab
A/Jiangsu-Hailing/11782/2015	centers_for_disease_control_and_prevention	who_chinese_national_influenza_center
A/Taiwan/1090/2015	centers_for_disease_control_and_prevention	center_for_disease_control
A/BurkinaFaso/611/2015	centers_for_disease_control_and_prevention	irss
A/BurkinaFaso/613/2015	centers_for_disease_control_and_prevention	irss
A/Stockholm/44/2015	swedish_institute_for_infectious_disease_control	
A/Vietnam/144/2015	centers_for_disease_control_and_prevention	national_institute_of_hygiene_and_epidemiology
A/Ningbo/1/2021	ningbo_international_travel_healthcare_center	ningbo_international_travel_healthcare_center
A/Singapore/GP2642/2016	ministry_of_health,_singapore	
A/Gifu/32/2016	national_institute_of_infectious_diseases_(niid)	gifu_prefectural_institute_of_health_and_environmental_sciences
A/Taiwan/1033/2015	centers_for_disease_control_and_prevention	adimmune_corporation
A/Taiwan/1091/2015	national_institute_of_infectious_diseases_(niid)	center_for_disease_control
A/Taiwan/1063/2015	centers_for_disease_control_and_prevention	adimmune_corporation
A/Miyagi/35/2016	national_institute_of_infectious_diseases_(niid)	miyagi_prefectural_institute_of_public_health_and_environment
A/NewJersey/55/2015	centers_for_disease_control_and_prevention	new_jersey_department_of_health_&_senior_services
A/Indonesia/Nihrd-Mdn281/2016	centers_for_disease_control_and_prevention	ministry_of_health,_nihrd
A/Simpheropol/RII837S/2016	who_national_influenza_centre_russian_federation	
A/Kanagawa/IC1636/2017	national_institute_of_infectious_diseases_(niid)	national_institute_of_infectious_diseases_(niid)
A/Taiwan/251/2017	national_institute_of_infectious_diseases_(niid)	center_for_disease_control
A/HongKong/15611/2015	centers_for_disease_control_and_prevention	government_virus_unit
A/HongKong/15590/2015	centers_for_disease_control_and_prevention	government_virus_unit
A/NewMexico/30/2015	centers_for_disease_control_and_prevention	new_mexico_department_of_health
A/Alaska/232/2015-egg	centers_for_disease_control_and_prevention	alaska_state_virology_lab
A/Alaska/232/2015	centers_for_disease_control_and_prevention	alaska_state_virology_lab
A/Bangladesh/4001/2016	centers_for_disease_control_and_prevention	institute_of_epidemiology_disease_control_and_research_(iedcr)_&_bangladesh_national_influenza_centre_(nic)
A/Singapore/INFSGH-16-0241/2016	ministry_of_health,_singapore	ministry_of_health,_singapore
A/Vietnam/6021/2016	centers_for_disease_control_and_prevention	national_institute_of_hygiene_and_epidemiology
A/Belgorod/1/2016	centers_for_disease_control_and_prevention	russian_academy_of_medical_sciences
A/Vietnam/6018/2016	centers_for_disease_control_and_prevention	national_institute_of_hygiene_and_epidemiology
A/Saitama-C/12/2015	national_institute_of_infectious_diseases_(niid)	saitama_city_institute_of_health__science_and_research
A/Kanagawa/104/2016	national_institute_of_infectious_diseases_(niid)	kanagawa_prefectural_institute_of_public_health
A/HongKong/39/2016	centers_for_disease_control_and_prevention	government_virus_unit
A/HongKong/50/2016-egg	centers_for_disease_control_and_prevention	government_virus_unit
A/Papeete/1385/2016	institut_pasteur	
A/Papeete/1623/2016	institut_pasteur	
A/Indiana/24/2016	centers_for_disease_control_and_prevention	indiana_state_department_of_health_laboratories
A/Hyogo/2003/2015	national_institute_of_infectious_diseases_(niid)	hyogo_prefectural_institute_of_public_health_and_consumer_sciences
A/Shizuoka/34/2015	centers_for_disease_control_and_prevention	shizuoka_institute_of_environment_and_hygiene
A/Tanzania/2240/2016	centers_for_disease_control_and_prevention	national_influenza_lab
A/Antananarivo/1067/2016	centers_for_disease_control_and_prevention	institut_pasteur_de_madagascar
A/Congo/947/2016	centers_for_disease_control_and_prevention	inrb_service_de_virologie
A/Tanzania/2943/2016	centers_for_disease_control_and_prevention	national_influenza_lab
A/Tanzania/2228/2016	centers_for_disease_control_and_prevention	national_influenza_lab
A/Kilifi/109/2016	kemri_wellcome_trust_research_programme_(kwtrp)	kemri_wellcome_trust_research_programme_cgmrc
A/Antananarivo/1067/2016-egg	centers_for_disease_control_and_prevention	institut_pasteur_de_madagascar
A/Mozambique/207/2016	centers_for_disease_control_and_prevention	laboratório_de_isolamento_viral
A/Tanzania/2231/2016	centers_for_disease_control_and_prevention	national_influenza_lab
A/SouthAfrica/2843/2016	centers_for_disease_control_and_prevention	national_institute_for_communicable_disease
A/Tanzania/1592/2016	centers_for_disease_control_and_prevention	national_influenza_lab
A/Asaka/3/2017	saitama_medical_university	saitama_medical_university
A/Kanagawa/IC1710/2017-egg	pb1	seasonal_h3n2
A/Cambodia/845/2017	centers_for_disease_control_and_prevention	national_public_health_laboratory
A/Taiwan/890/2016	national_institute_of_infectious_diseases_(niid)	center_for_disease_control
A/Taiwan/805/2016	centers_for_disease_control_and_prevention	adimmune_corporation
A/England/65100002/2016	microbiology_services_colindale,_public_health_england	microbiology_services_colindale,_public_health_england
A/Tokyo/SH01/2017	national_institute_of_infectious_diseases_(niid)	national_institute_of_infectious_diseases_(niid)
A/HongKong/2302/2016	centers_for_disease_control_and_prevention	government_virus_unit
A/Washington/16/2017-egg	centers_for_disease_control_and_prevention	washington_state_public_health_laboratory
A/Washington/16/2017	centers_for_disease_control_and_prevention	washington_state_public_health_laboratory
A/Basel/USB0027732/2017	import_from_public_domain	
A/Washington/102/2016	centers_for_disease_control_and_prevention	washington_state_public_health_laboratory
A/Brisbane/318/2016-egg	who_collaborating_centre_for_reference_and_research_on_influenza	queensland_health_scientific_services
A/Brisbane/321/2016-egg	centers_for_disease_control_and_prevention	queensland_health_scientific_services
A/Norway/4465/2016-egg	centers_for_disease_control_and_prevention	stavanger_universitetssykehus,_avd._for_medisinsk_mikrobiologi
A/Sweden/38/2017	swedish_institute_for_infectious_disease_control	
A/Tokyo/EH1602/2016	national_institute_of_infectious_diseases_(niid)	national_institute_of_infectious_diseases_(niid)
A/China/QCDC-245/2017		
A/Pennsylvania/132/2016	centers_for_disease_control_and_prevention	children's_hospital_of_pittsburgh_upmc
A/Kanagawa/IC1610/2017-egg	pb1	seasonal_h3n2
A/Kanagawa/IC1610/2017	national_institute_of_infectious_diseases_(niid)	national_institute_of_infectious_diseases_(niid)
A/Samara/4/2017	centers_for_disease_control_and_prevention	russian_academy_of_medical_sciences
A/Ningbo/60/2021	ningbo_international_travel_healthcare_center	ningbo_international_travel_healthcare_center
A/HongKong/3549/2017	centers_for_disease_control_and_prevention	government_virus_unit
A/Timor-Leste/1/2017	who_collaborating_centre_for_reference_and_research_on_influenza	laboratório_nacional_da_saúde
A/Virginia/66/2016	centers_for_disease_control_and_prevention	virginia_division_of_consolidated_laboratories
A/Brazil/339/2017	centers_for_disease_control_and_prevention	instituto_oswaldo_cruz_fiocruz___laboratory_of_respiratory_viruses_and_measles_(lvrs)
A/HongKong/122/2017	centers_for_disease_control_and_prevention	government_virus_unit
A/Tokyo/EH1604/2016	national_institute_of_infectious_diseases_(niid)	national_institute_of_infectious_diseases_(niid)
A/Taiwan/458/2017	national_institute_of_infectious_diseases_(niid)	center_for_disease_control
A/HongKong/3568/2017	centers_for_disease_control_and_prevention	government_virus_unit
A/Ningbo/52/2021	ningbo_international_travel_healthcare_center	ningbo_international_travel_healthcare_center
A/Texas/213/2017	centers_for_disease_control_and_prevention	baylor_scott_and_white_health
A/Wisconsin/19/2017	centers_for_disease_control_and_prevention	wisconsin_state_laboratory_of_hygiene
A/Wisconsin/19/2017-egg	centers_for_disease_control_and_prevention	wisconsin_state_laboratory_of_hygiene
A/Nevada/21/2017	centers_for_disease_control_and_prevention	nevada_state_health_laboratory
A/Michigan/91/2018	centers_for_disease_control_and_prevention	university_of_michigan_sph_epid
A/Michigan/361/2018	centers_for_disease_control_and_prevention	university_of_michigan_sph_epid
A/Brazil/8711/2017	centers_for_disease_control_and_prevention	instituto_adolfo_lutz
A/NewZealand/2269/2017	centers_for_disease_control_and_prevention	institute_of_environmental_science_&_research
A/Colorado/18/2017	centers_for_disease_control_and_prevention	colorado_department_of_health_lab
A/Santiago/13109/2018	instituto_de_salud_publica_de_chile	instituto_de_salud_publica_de_chile
A/Victoria/747/2018	who_collaborating_centre_for_reference_and_research_on_influenza	monash_medical_centre
A/Townsville/24/2018	who_collaborating_centre_for_reference_and_research_on_influenza	queensland_health_scientific_services
A/SouthAustralia/179/2018	who_collaborating_centre_for_reference_and_research_on_influenza	institute_of_medical_and_veterinary_science_(imvs)
A/SouthAustralia/177/2018	who_collaborating_centre_for_reference_and_research_on_influenza	institute_of_medical_and_veterinary_science_(imvs)
A/CostaRica/6788/2017	centers_for_disease_control_and_prevention	laboratorio_nacional_de_influenza
A/Belgium/G0483/2018	scientific_institute_of_public_health_(wiv_isp)	sciensano_(scientific_institute_of_public_health)
A/Iquique/58193/2018	instituto_de_salud_publica_de_chile	instituto_de_salud_publica_de_chile
A/NewYork/20/2018	centers_for_disease_control_and_prevention	new_york_state_department_of_health
A/Aberystwyth/6333/2018	public_health_wales_microbiology	public_health_wales_microbiology
A/Switzerland/8060/2017-egg	st._jude_children's_research_hospital	hopital_cantonal_universitaire_de_geneves
A/Switzerland/8060/2017	centers_for_disease_control_and_prevention	hopital_cantonal_universitaire_de_geneves
A/Peru/3917/2017	centers_for_disease_control_and_prevention	us_namru_6
A/Santiago/9435/2018	instituto_de_salud_publica_de_chile	instituto_de_salud_publica_de_chile_
A/Vologda/RII-4339S/2018	who_national_influenza_centre_russian_federation	
A/Bolivia/51/2019	centers_for_disease_control_and_prevention	instituto_nacional_de_laboratoriosde_salud_(inlasa)
A/Lota/54994/2017	centers_for_disease_control_and_prevention	instituto_de_salud_publica_de_chile_
A/Tasmania/1031/2017	who_collaborating_centre_for_reference_and_research_on_influenza	institute_of_medical_and_veterinary_science_(imvs)
A/Santiago/152/2018	instituto_de_salud_publica_de_chile	instituto_de_salud_publica_de_chile_
A/Michigan/280/2018	centers_for_disease_control_and_prevention	university_of_michigan_sph_epid
A/Nebraska/19/2017	centers_for_disease_control_and_prevention	nebraska_public_health_lab
A/Parana/817/2018	centers_for_disease_control_and_prevention	instituto_oswaldo_cruz_fiocruz___laboratory_of_respiratory_viruses_and_measles_(lvrs)
A/Aberdare/4682/2018	public_health_wales_microbiology	public_health_wales_microbiology
A/Abertillery/1971/2018	public_health_wales_microbiology	public_health_wales_microbiology
A/Aberystwyth/6039/2018	public_health_wales_microbiology	public_health_wales_microbiology
A/Lampeter/6039/2018	public_health_wales_microbiology	public_health_wales_microbiology
A/Brisbane/190/2017-egg	centers_for_disease_control_and_prevention	queensland_health_scientific_services
A/NewYork/PV00528/2018	icahn_school_of_medicine_at_mount_sinai	icahn_school_of_medicine_at_mount_sinai
A/Nnewfoundland/RV1805/2018	centers_for_disease_control_and_prevention	national_microbiology_laboratory,_health_canada
A/England/81080582/2018	microbiology_services_colindale,_public_health_england	microbiology_services_colindale,_public_health_england
A/Russia/121/2017	centers_for_disease_control_and_prevention	russian_academy_of_medical_sciences
A/Carmarthen/5313/2017	public_health_wales_microbiology	public_health_wales_microbiology
A/Brisbane/43/2018-egg	centers_for_disease_control_and_prevention	queensland_health_scientific_services
A/Guyane/17/2018	centers_for_disease_control_and_prevention	national_influenza_center_french_guiana_and_french_indies
A/HongKong/4946/2017-egg	centers_for_disease_control_and_prevention	government_virus_unit
A/Caernarfon/8500/2018	public_health_wales_microbiology	public_health_wales_microbiology
A/StPetersburg/RII-775S/2018	who_national_influenza_centre_russian_federation	
A/Luga/RII-3956S/2018	who_national_influenza_centre_russian_federation	
A/Bretagne/1565/2017-egg	centers_for_disease_control_and_prevention	institut_pasteur
A/Bretagne/1565/2017	institut_pasteur	institut_pasteur
A/NewYork/45/2017	centers_for_disease_control_and_prevention	new_york_state_department_of_health
A/Wisconsin/127/2018	centers_for_disease_control_and_prevention	marshfield_clinic_research_foundation
A/Santiago/56294/2018	instituto_de_salud_publica_de_chile	instituto_de_salud_publica_de_chile
A/AltoHospicio/32457/2018	instituto_de_salud_publica_de_chile	instituto_de_salud_publica_de_chile_
A/Florida/18/2018	centers_for_disease_control_and_prevention	florida_department_of_health_jacksonville
A/NewYork/2/2018	centers_for_disease_control_and_prevention	new_york_city_department_of_health
A/Santiago/61477/2018	centers_for_disease_control_and_prevention	instituto_de_salud_publica_de_chile_
A/Sweden/76/2017	public_health_agency_of_sweden	
A/England/80360697/2018	microbiology_services_colindale,_public_health_england	microbiology_services_colindale,_public_health_england
A/Yaroslavyl/128/2018	centers_for_disease_control_and_prevention	ivanovsky_research_institute_of_virology_rams
A/HongKong/675/2018	centers_for_disease_control_and_prevention	government_virus_unit
A/Connecticut/25/2018-egg	centers_for_disease_control_and_prevention	connecticut_department._of_public_health
A/Connecticut/25/2018	centers_for_disease_control_and_prevention	connecticut_department._of_public_health
A/Sakha/2V/2018	state_research_center_of_virology_and_biotechnology_(vector)	
A/Nagano/2531/2018	centers_for_disease_control_and_prevention	nagano_environmental_conservation_research_institute
A/Slovenia/2792/2017-egg	centers_for_disease_control_and_prevention	laboratory_for_virology,_national_institute_of_public_health
A/NewYork/PV01555/2018	icahn_school_of_medicine_at_mount_sinai	icahn_school_of_medicine_at_mount_sinai
A/NewYork/PV01325/2018	other_database_import	
A/Michigan/UOM150524133634/2017	marshfield_clinic_research_institute	university_of_michigan_clinical_microbiology_laboratory
A/Taiwan/80719/2018	centers_for_disease_control_and_prevention	adimmune_corporation
A/Nebraska/1/2018-egg	centers_for_disease_control_and_prevention	nebraska_public_health_lab
A/Nebraska/1/2018	centers_for_disease_control_and_prevention	nebraska_public_health_lab
A/PuertoMontt/77204/2018	instituto_de_salud_publica_de_chile	instituto_de_salud_publica_de_chile
A/Guyane/1895/2019	institut_pasteur	institut_pasteur
A/Concepcion/52327/2018	instituto_de_salud_publica_de_chile	instituto_de_salud_publica_de_chile
A/Iquique/67248/2018	instituto_de_salud_publica_de_chile	instituto_de_salud_publica_de_chile
A/Conception/32368/2018	centers_for_disease_control_and_prevention	instituto_de_salud_publica_de_chile_
A/Pennsylvania/506/2018	centers_for_disease_control_and_prevention	pennsylvania_department_of_health
A/Brisbane/141/2018	who_collaborating_centre_for_reference_and_research_on_influenza	queensland_health_scientific_services
A/Brisbane/1/2018-egg	centers_for_disease_control_and_prevention	queensland_health_scientific_services
A/Bargoed/9468/2018	public_health_wales_microbiology	public_health_wales_microbiology
A/Sydney/1038/2018	who_collaborating_centre_for_reference_and_research_on_influenza	institute_of_medical_and_veterinary_science_(imvs)
A/Ystad/3/2018	public_health_agency_of_sweden	
A/SouthAustralia/189/2018	who_collaborating_centre_for_reference_and_research_on_influenza	institute_of_medical_and_veterinary_science_(imvs)
A/Kanagawa/AC1729/2018	national_institute_of_infectious_diseases_(niid)	national_institute_of_infectious_diseases_(niid)
A/RhodeIsland/1/2018-egg	centers_for_disease_control_and_prevention	rhode_island_department_of_health
A/Michigan/8/2018	centers_for_disease_control_and_prevention	university_of_michigan_sph_epid
A/Iquique/24506/2018	instituto_de_salud_publica_de_chile	instituto_de_salud_publica_de_chile
A/Iquique/44553/2018	instituto_de_salud_publica_de_chile	instituto_de_salud_publica_de_chile_
A/Taiwan/80704/2018	national_institute_of_infectious_diseases_(niid)	center_for_disease_control
A/Michigan/UOM150524133848/2018	marshfield_clinic_research_institute	university_of_michigan_clinical_microbiology_laboratory
A/Sapporo/33/2018	national_institute_of_infectious_diseases_(niid)	sapporo_city_institute_of_public_health
A/Sweden/20/2018	public_health_agency_of_sweden	
A/Catalonia/NSVH100768917/2018	hospital_universitari_vall_d'hebron	hospital_universitari_vall_d'hebron
A/England/120/2017	microbiology_services_colindale,_public_health_england	microbiology_services_colindale,_public_health_england
A/Hiroshima/35/2018	national_institute_of_infectious_diseases_(niid)	center_for_public_health_and_environment,_hiroshima_prefectural_technology_research_institute
A/Aichi/94/2018	national_institute_of_infectious_diseases_(niid)	aichi_prefectural_institute_of_public_health
A/Wisconsin/308/2018	centers_for_disease_control_and_prevention	marshfield_clinic_research_foundation
A/Iwate/4/2018	national_institute_of_infectious_diseases_(niid)	research_institute_for_environmental_sciences_and_public_health_of_iwate_prefecture
A/Hawaii/23/2018	centers_for_disease_control_and_prevention	state_of_hawaii_department_of_health
A/ChiangMai/10/2018	centers_for_disease_control_and_prevention	who_national_influenza_centre,_national_institute_of_medical_research_(nimr)
A/Taiwan/79440/2018	centers_for_disease_control_and_prevention	adimmune_corporation
A/Taiwan/80749/2018	national_institute_of_infectious_diseases_(niid)	center_for_disease_control
A/Kawasaki/80/2018	national_institute_of_infectious_diseases_(niid)	kawasaki_city_institute_of_public_health_
A/Taiwan/79795/2018	centers_for_disease_control_and_prevention	adimmune_corporation
A/Florida/44/2018	centers_for_disease_control_and_prevention	florida_department_of_health_tampa
A/Argentina/56/2018	centers_for_disease_control_and_prevention	instituto_nacional_de_enfermedades_infecciosas
A/Aberdare/1604/2018	public_health_wales_microbiology	public_health_wales_microbiology
A/Nagano-C/43/2018	national_institute_of_infectious_diseases_(niid)	nagano_city_health_center
A/Kobe/441/2018	national_institute_of_infectious_diseases_(niid)	kobe_institute_of_health
A/Singapore/KK0259/2018-egg	centers_for_disease_control_and_prevention	ministry_of_health,_singapore
A/Paris/1378/2018	institut_pasteur	
A/Taiwan/81051/2018	centers_for_disease_control_and_prevention	adimmune_corporation
A/Iwate/30/2018	national_institute_of_infectious_diseases_(niid)	research_institute_for_environmental_sciences_and_public_health_of_iwate_prefecture
A/England/80480582/2018	microbiology_services_colindale,_public_health_england	microbiology_services_colindale,_public_health_england
A/Kanagawa/AC1709/2017-egg	centers_for_disease_control_and_prevention	national_institute_of_infectious_diseases_(niid)
A/RhodeIsland/1/2018	centers_for_disease_control_and_prevention	rhode_island_department_of_health
A/Kanagawa/40/2018	national_institute_of_infectious_diseases_(niid)	kanagawa_prefectural_institute_of_public_health
A/Kanagawa/IC1718/2018-egg	centers_for_disease_control_and_prevention	national_institute_of_infectious_diseases_(niid)
A/Chiba-C/73/2018	national_institute_of_infectious_diseases_(niid)	chiba_city_institute_of_health_and_environment
A/Nagano/2224/2018	national_institute_of_infectious_diseases_(niid)	nagano_environmental_conservation_research_institute
A/Mie/21/2018	national_institute_of_infectious_diseases_(niid)	mie_prefecture_health_and_environment_research_institute
A/Kanagawa/IC1739/2018-egg	pb1	seasonal_h3n2
A/Kanagawa/IC1739/2018	national_institute_of_infectious_diseases_(niid)	national_institute_of_infectious_diseases_(niid)
A/Kanagawa/IC1734/2018-egg	pb1	seasonal_h3n2
A/Kanagawa/IC1734/2018	national_institute_of_infectious_diseases_(niid)	national_institute_of_infectious_diseases_(niid)
A/Kanagawa/AC1740/2018-egg	centers_for_disease_control_and_prevention	national_institute_of_infectious_diseases_(niid)
A/Kanagawa/AC1740/2018	national_institute_of_infectious_diseases_(niid)	national_institute_of_infectious_diseases_(niid)
A/Hiroshima-C/9/2018	national_institute_of_infectious_diseases_(niid)	hiroshima_city_institute_of_public_health
A/Singapore/SGH0571/2018	ministry_of_health,_singapore	ministry_of_health,_singapore
A/Virginia/39/2018	centers_for_disease_control_and_prevention	new_york_state_department_of_health
A/Sapporo/51/2018	national_institute_of_infectious_diseases_(niid)	sapporo_city_institute_of_public_health
A/Newquay/5831/2018	public_health_wales_microbiology	public_health_wales_microbiology
A/England/80920517/2018	microbiology_services_colindale,_public_health_england	microbiology_services_colindale,_public_health_england
A/Gothenburg/1/2015	swedish_institute_for_infectious_disease_control	
A/Brisbane/133/2016	who_collaborating_centre_for_reference_and_research_on_influenza	queensland_health_forensic_and_scientific_services_
A/Brisbane/29/2017-egg	centers_for_disease_control_and_prevention	queensland_health_scientific_services
A/Indonesia/Nihrd-Mlg455/2017	centers_for_disease_control_and_prevention	ministry_of_health,_nihrd
A/Kagawa/238/2017	national_institute_of_infectious_diseases_(niid)	kagawa_prefectural_research_institute_for_environmental_sciences_and_public_health
A/NewZealand/669/2017	centers_for_disease_control_and_prevention	institute_of_environmental_science_&_research
A/Hawaii/44/2017	other_database_import	state_of_hawaii_department_of_health
A/Hawaii/44/2017-egg	centers_for_disease_control_and_prevention	state_of_hawaii_department_of_health
A/Kanagawa/IC1608/2017-egg	pb1	seasonal_h3n2
A/Kanagawa/IC1608/2017	national_institute_of_infectious_diseases_(niid)	national_institute_of_infectious_diseases_(niid)
A/Victoria/1027/2017	who_collaborating_centre_for_reference_and_research_on_influenza	institute_of_medical_and_veterinary_science_(imvs)
A/Sydney/1156/2017	who_collaborating_centre_for_reference_and_research_on_influenza	institute_of_medical_and_veterinary_science_(imvs)
A/Sydney/1169/2017	who_collaborating_centre_for_reference_and_research_on_influenza	institute_of_medical_and_veterinary_science_(imvs)
A/Taiwan/411/2017	national_institute_of_infectious_diseases_(niid)	center_for_disease_control
A/Sapporo/45/2017	national_institute_of_infectious_diseases_(niid)	sapporo_city_institute_of_public_health
A/Bangladesh/2006/2017	centers_for_disease_control_and_prevention	institute_of_epidemiology_disease_control_and_research_(iedcr)_&_bangladesh_national_influenza_centre_(nic)
A/Mauritius/CHL-1199/2017	ministry_of_health_and_wellness,_mauritius	national_influenza_centre,_department_of_molecular_biology_and_virology
A/Sydney/1160/2017	who_collaborating_centre_for_reference_and_research_on_influenza	institute_of_medical_and_veterinary_science_(imvs)
A/Bangladesh/2178/2017	centers_for_disease_control_and_prevention	institute_of_epidemiology_disease_control_and_research_(iedcr)_&_bangladesh_national_influenza_centre_(nic)
A/Bangladesh/2031/2017	centers_for_disease_control_and_prevention	institute_of_epidemiology_disease_control_and_research_(iedcr)_&_bangladesh_national_influenza_centre_(nic)
A/NewYork/79/2015	centers_for_disease_control_and_prevention	new_york_state_department_of_health
A/Kumamoto/32/2015	national_institute_of_infectious_diseases_(niid)	kumamoto_prefectural_institute_of_public_health_and_environmental_science
A/SriLanka/61/2015-egg	centers_for_disease_control_and_prevention	medical_research_institute
A/Keelung/81/2016	other_database_import	
A/HongKong/40/2016	centers_for_disease_control_and_prevention	government_virus_unit
A/Linkou/61/2016	other_database_import	
A/Taiwan/1075/2015	centers_for_disease_control_and_prevention	adimmune_corporation
A/HongKong/1704/2016	centers_for_disease_control_and_prevention	government_virus_unit
A/Wakayama-C/120/2016	national_institute_of_infectious_diseases_(niid)	wakayama_city_institute_of_public_health
A/Hyogo/1045/2015	national_institute_of_infectious_diseases_(niid)	hyogo_prefectural_institute_of_public_health_and_consumer_sciences
A/Taiwan/1086/2015	national_institute_of_infectious_diseases_(niid)	center_for_disease_control
A/Arizona/52/2015	centers_for_disease_control_and_prevention	arizona_department_of_health_services
A/SriLanka/61/2015	who_collaborating_centre_for_reference_and_research_on_influenza	medical_research_institute
A/Tokyo/16109/2016	national_institute_of_infectious_diseases_(niid)	tokyo_metropolitan_institute_of_public_health
A/Singapore/INFKK-16-0123/2016	ministry_of_health,_singapore	ministry_of_health,_singapore
A/Singapore/INFGP-16-0253/2016	ministry_of_health,_singapore	ministry_of_health,_singapore
A/Singapore/INFGP-16-0102/2016	ministry_of_health,_singapore	ministry_of_health,_singapore
A/Singapore/Inftt-16-0612/2016-egg	centers_for_disease_control_and_prevention	who_collaborating_centre_for_reference_and_research_on_influenza
A/Singapore/TT1369/2016	ministry_of_health,_singapore	
A/Hawaii/82/2016	centers_for_disease_control_and_prevention	state_of_hawaii_department_of_health
A/SouthAustralia/135/2016-egg	centers_for_disease_control_and_prevention	institute_of_medical_and_veterinary_science_(imvs)
A/SouthAustralia/135/2016	centers_for_disease_control_and_prevention	institute_of_medical_and_veterinary_science_(imvs)
A/Wisconsin/163/2017	centers_for_disease_control_and_prevention	marshfield_clinic_research_foundation
A/Paris/629/2017	institut_pasteur	
A/Lebanon/2167/2016	centers_for_disease_control_and_prevention	rafic_hariri_university_hospital_4th_floor_dna/research_lab
A/England/70580304/2017	microbiology_services_colindale,_public_health_england	microbiology_services_colindale,_public_health_england
A/Pskov/RII739S/2016	who_national_influenza_centre_russian_federation	
A/SouthAfrica/4253/2017	national_institute_of_communicable_diseases	national_institute_for_communcable_diseases
A/Argentina/984/2017	centers_for_disease_control_and_prevention	instituto_nacional_de_enfermedades_infecciosas
A/Kalamata/540/2017-egg	centers_for_disease_control_and_prevention	hellenic_pasteur_institute
A/Greece/35/2017-egg	st._jude_children's_research_hospital	aristotelian_university_of_thessaloniki
A/Khmelnitsky/2467/2016	centers_for_disease_control_and_prevention	institute_of_epidemiology_and_infectious_diseases_ams_of_ukraine
A/Stockholm/15/2017	public_health_agency_of_sweden	
A/Colorado/9/2017	other_database_import	colorado_department_of_health_lab
A/DistrictofColumbia/T0023/2017	chang_gung_memorial_hospital	johns_hopkins_center_of_excellence_for_influenza_research_and_surveillance_(jh_ceirs)
A/Peru/517/2017	centers_for_disease_control_and_prevention	us_namru_6
A/Greece/4/2017-egg	centers_for_disease_control_and_prevention	aristotelian_university_of_thessaloniki
A/Congo/452/2017	centers_for_disease_control_and_prevention	inrb_service_de_virologie
A/Congo/487/2017	centers_for_disease_control_and_prevention	inrb_service_de_virologie
A/Congo/7/2018	centers_for_disease_control_and_prevention	inrb_service_de_virologie
A/Congo/510/2017	centers_for_disease_control_and_prevention	inrb_service_de_virologie
A/India/7925/2016	centers_for_disease_control_and_prevention	national_institute_of_virology
A/Wisconsin/57/2017	centers_for_disease_control_and_prevention	marshfield_clinic_research_foundation
A/Idaho/37/2016	centers_for_disease_control_and_prevention	state_of_idaho_bureau_of_laboratories
A/Idaho/37/2016-egg	centers_for_disease_control_and_prevention	state_of_idaho_bureau_of_laboratories
A/London/16U833583-6_S6_L001/2016	university_college_london	department_of_clinical_virology,_university_college_london_hospitals_nhs_foundation_trust
A/NewJersey/23/2017	centers_for_disease_control_and_prevention	new_jersey_department_of_health_&_senior_services
A/Taiwan/364/2017	national_institute_of_infectious_diseases_(niid)	center_for_disease_control
A/Kanagawa/IC1609/2017	national_institute_of_infectious_diseases_(niid)	national_institute_of_infectious_diseases_(niid)
A/Kazakhstan/6289/2016	centers_for_disease_control_and_prevention	cdc_central_asia_office
A/Taiwan/1095/2016	centers_for_disease_control_and_prevention	adimmune_corporation
A/Ningbo/9/2021	ningbo_international_travel_healthcare_center	ningbo_international_travel_healthcare_center
A/Norway/3806/2016-egg	centers_for_disease_control_and_prevention	mikrobiologisk_laboratorium,_sykehuset_i_vestfold
A/SouthAfrica/4989/2016	centers_for_disease_control_and_prevention	national_institute_for_communicable_disease
A/SouthAfrica/5000/2016	centers_for_disease_control_and_prevention	national_institute_for_communicable_disease
A/SouthAfrica/4990/2016	centers_for_disease_control_and_prevention	national_institute_for_communicable_disease
A/Uppsala/9/2016	swedish_institute_for_infectious_disease_control	
A/NizhnyTagil/RII322S/2016	who_national_influenza_centre_russian_federation	
A/Poitiers/2238/2016	cnr_des_virus_influenza_r?gion_sud_france	cnr_influenza_france_sud
A/Lyon/2612R0174/2016	centers_for_disease_control_and_prevention	cnr_influenza_france_sud
A/Singapore/INFGP-16-0702/2016	ministry_of_health,_singapore	ministry_of_health,_singapore
A/Kanagawa/IC1616/2017	national_institute_of_infectious_diseases_(niid)	national_institute_of_infectious_diseases_(niid)
A/Wakayama/137/2016	national_institute_of_infectious_diseases_(niid)	wakayama_prefectural_research_center_of_environment_and_public_health
A/Singapore/GP2636/2016	ministry_of_health,_singapore	
A/Dijon/925/2017	institut_pasteur	
A/Lyon/2912R0483/2016	centers_for_disease_control_and_prevention	cnr_influenza_france_sud
A/Washington/121/2016	centers_for_disease_control_and_prevention	marshfield_clinic_research_foundation
A/Hiroshima/24/2016	national_institute_of_infectious_diseases_(niid)	center_for_public_health_and_environment,_hiroshima_prefectural_technology_research_institute
A/Mahasarakham/123/2017	centers_for_disease_control_and_prevention	who_national_influenza_centre,_national_institute_of_medical_research_(nimr)
A/Mukdahan/197/2017	centers_for_disease_control_and_prevention	who_national_influenza_centre,_national_institute_of_medical_research_(nimr)
A/SakonNakhon/282/2017	centers_for_disease_control_and_prevention	who_national_influenza_centre,_national_institute_of_medical_research_(nimr)
A/Dnipro/582/2016	centers_for_disease_control_and_prevention	institute_of_epidemiology_and_infectious_diseases_ams_of_ukraine
A/Brazil/5950/2017	centers_for_disease_control_and_prevention	instituto_adolfo_lutz
A/Dnipro/579/2016	centers_for_disease_control_and_prevention	institute_of_epidemiology_and_infectious_diseases_ams_of_ukraine
A/India/8355/2016	centers_for_disease_control_and_prevention	national_institute_of_virology
A/RioDeJaneiro/76/2017	centers_for_disease_control_and_prevention	instituto_oswaldo_cruz_fiocruz___laboratory_of_respiratory_viruses_and_measles_(lvrs)
A/Texas/207/2016	other_database_import	baylor_scott_and_white_health
A/Singapore/Infimh-16-0019/2016-egg	st._jude_children's_research_hospital	erasmus_medical_center
A/Singapore/Infimh-16-0019/2016	centers_for_disease_control_and_prevention	erasmus_medical_center
A/Nebraska/1/2017	centers_for_disease_control_and_prevention	nebraska_public_health_lab
A/HongKong/2389/2016	centers_for_disease_control_and_prevention	government_virus_unit
A/Basel/USB0022352/2017	import_from_public_domain	
A/Basel/USB0015652/2017	import_from_public_domain	
A/HongKong/2398/2016	centers_for_disease_control_and_prevention	government_virus_unit
A/Peru/7217/2017	centers_for_disease_control_and_prevention	us_namru_6
A/Taiwan/959/2016	centers_for_disease_control_and_prevention	adimmune_corporation
A/Keelung/95/2016	other_database_import	
A/Taiwan/794/2016	centers_for_disease_control_and_prevention	adimmune_corporation
A/Taiwan/960/2016	centers_for_disease_control_and_prevention	adimmune_corporation
A/Linkou/173/2016	other_database_import	
A/Bangladesh/455/2016	centers_for_disease_control_and_prevention	institute_of_epidemiology_disease_control_and_research_(iedcr)_&_bangladesh_national_influenza_centre_(nic)
A/Bangladesh/4017/2016	centers_for_disease_control_and_prevention	institute_of_epidemiology_disease_control_and_research_(iedcr)_&_bangladesh_national_influenza_centre_(nic)
A/Kyiv/869/2016	centers_for_disease_control_and_prevention	institute_of_epidemiology_and_infectious_diseases_ams_of_ukraine
A/Dnipro/736/2016	centers_for_disease_control_and_prevention	institute_of_epidemiology_and_infectious_diseases_ams_of_ukraine
A/Sydney/125/2016	who_collaborating_centre_for_reference_and_research_on_influenza	westmead_hospital
A/Oman/5480/2016	centers_for_disease_control_and_prevention	central_public_health_laboratory,_ministry_of_health
A/Bangladesh/704002/2016	centers_for_disease_control_and_prevention	institute_of_epidemiology_disease_control_and_research_(iedcr)_&_bangladesh_national_influenza_centre_(nic)
A/Bangladesh/1004/2016	centers_for_disease_control_and_prevention	institute_of_epidemiology_disease_control_and_research_(iedcr)_&_bangladesh_national_influenza_centre_(nic)
A/Rennes/2912/2016	institut_pasteur	
A/Oman/5407/2016	centers_for_disease_control_and_prevention	central_public_health_laboratory,_ministry_of_health
A/Guizhou-Qingzhen/1968/2016	centers_for_disease_control_and_prevention	who_chinese_national_influenza_center
A/Colombia/1297/2016	centers_for_disease_control_and_prevention	instituto_nacional_de_salud_de_columbia
A/Brazil/474/2017	centers_for_disease_control_and_prevention	instituto_oswaldo_cruz_fiocruz___laboratory_of_respiratory_viruses_and_measles_(lvrs)
A/Arizona/71/2016	centers_for_disease_control_and_prevention	arizona_department_of_health_services
A/Bretagne/2848/2016	institut_pasteur	
A/Bangladesh/987/2016	centers_for_disease_control_and_prevention	institute_of_epidemiology_disease_control_and_research_(iedcr)_&_bangladesh_national_influenza_centre_(nic)
A/Singapore/MOH0130/2016	ministry_of_health,_singapore	
A/Perth/99/2016	who_collaborating_centre_for_reference_and_research_on_influenza	pathwest_qe_ii_medical_centre
A/Newcastle/83/2016	who_collaborating_centre_for_reference_and_research_on_influenza	john_hunter_hospital
A/Bangladesh/195/2016	centers_for_disease_control_and_prevention	institute_of_epidemiology_disease_control_and_research_(iedcr)_&_bangladesh_national_influenza_centre_(nic)
A/Singapore/KK1068/2016	ministry_of_health,_singapore	
A/Taiwan/826/2016	centers_for_disease_control_and_prevention	adimmune_corporation
A/Singapore/GP2610/2016	ministry_of_health,_singapore	
A/Shimane/53/2016	national_institute_of_infectious_diseases_(niid)	shimane_prefectural_institute_of_public_health_and_environmental_science
A/Afghanistan/4932/2016	centers_for_disease_control_and_prevention	national_public_health_laboratory
A/Baltimore/T0066/2017	chang_gung_memorial_hospital	johns_hopkins_center_of_excellence_for_influenza_research_and_surveillance_(jh_ceirs)
A/Alabama/2/2017	centers_for_disease_control_and_prevention	adph_bureau_of_clinical_laboratories
A/Guyane/6/2017	centers_for_disease_control_and_prevention	national_influenza_center_french_guiana_and_french_indies
A/Guyane/601/2016	centers_for_disease_control_and_prevention	national_influenza_center_french_guiana_and_french_indies
A/Washington/106/2016	other_database_import	washington_state_public_health_laboratory
A/Guyane/2778/2016	institut_pasteur	
A/Suriname/1683/2016	centers_for_disease_control_and_prevention	institute_for_biomedical_sciences
A/Suriname/1665/2016	centers_for_disease_control_and_prevention	institute_for_biomedical_sciences
A/Delaware/32/2016-egg	centers_for_disease_control_and_prevention	delaware_public_health_lab
A/Wisconsin/35/2017	other_database_import	marshfield_clinic_research_foundation
A/Suriname/1693/2016	centers_for_disease_control_and_prevention	institute_for_biomedical_sciences
A/Washington/106/2016-egg	centers_for_disease_control_and_prevention	washington_state_public_health_laboratory
A/Delaware/32/2016	centers_for_disease_control_and_prevention	delaware_public_health_lab
A/Sweden/73/2016	swedish_institute_for_infectious_disease_control	
A/Lyon/1401R0150/2017	centers_for_disease_control_and_prevention	cnr_influenza_france_sud
A/Saint-Etienne/845/2017	centers_for_disease_control_and_prevention	cnr_influenza_france_sud
A/Lyon/2112R0680/2016	centers_for_disease_control_and_prevention	cnr_influenza_france_sud
A/Brazil/7180/2018	centers_for_disease_control_and_prevention	instituto_adolfo_lutz
A/SantaCatarina/918/2017	centers_for_disease_control_and_prevention	instituto_oswaldo_cruz_fiocruz___laboratory_of_respiratory_viruses_and_measles_(lvrs)
A/SaintEtienne/2403/2016	cnr_des_virus_influenza_r?gion_sud_france	
A/Lyon/1101R0261/2017	centers_for_disease_control_and_prevention	cnr_influenza_france_sud
A/England/538/2018	microbiology_services_colindale,_public_health_england	microbiology_services_colindale,_public_health_england
A/Brisbane/34/2018-egg	centers_for_disease_control_and_prevention	queensland_health_scientific_services
A/Goodwick/8523/2018	public_health_wales_microbiology	
A/Lyon/2112R0304/2016	centers_for_disease_control_and_prevention	cnr_influenza_france_sud
A/Lyon/1601R0120/2017	centers_for_disease_control_and_prevention	cnr_influenza_france_sud
A/Pennsylvania/116/2018	centers_for_disease_control_and_prevention	children's_hospital_of_pittsburgh_upmc
A/Arkansas/18/2017-egg	pb1	seasonal_h3n2
A/Arkansas/18/2017	other_database_import	arkansas_department_of_health
A/Mexico/741/2018	centers_for_disease_control_and_prevention	laboratorio_de_virus_respiratorio
A/Kansas/14/2017	centers_for_disease_control_and_prevention	kansas_department_of_health_and_environment
A/Brisbane/16/2020	who_collaborating_centre_for_reference_and_research_on_influenza	queensland_health_forensic_and_scientific_services_
A/SouthAustralia/1126/2019	who_collaborating_centre_for_reference_and_research_on_influenza	institute_of_medical_and_veterinary_science_(imvs)
A/Singapore/NTF0053/2019	ministry_of_health,_singapore	ministry_of_health,_singapore
A/SouthDakota/60/2018	centers_for_disease_control_and_prevention	south_dakota_public_health_lab
A/SouthDakota/60/2018-egg	centers_for_disease_control_and_prevention	south_dakota_public_health_lab
A/Pakistan/31/2020	centers_for_disease_control_and_prevention	national_institute_of_health
A/DistrictOfColumbia/14/2019	centers_for_disease_control_and_prevention	dc_public_health_lab
A/Argentina/2840/2019	centers_for_disease_control_and_prevention	instituto_nacional_de_enfermedades_infecciosas
A/Kansas/14/2017-egg	centers_for_disease_control_and_prevention	kansas_department_of_health_and_environment
A/Paris/2661/2018	institut_pasteur	
A/Beijing/2019-15554/2018-egg	centers_for_disease_control_and_prevention	who_chinese_national_influenza_center
A/Beijing/2019-15554/2018	centers_for_disease_control_and_prevention	who_chinese_national_influenza_center
A/NewYork/PV02397/2019	icahn_school_of_medicine_at_mount_sinai	icahn_school_of_medicine_at_mount_sinai
A/Vermont/14/2019-egg	centers_for_disease_control_and_prevention	vermont_department_of_health_laboratory
A/Vermont/14/2019	centers_for_disease_control_and_prevention	vermont_department_of_health_laboratory
A/Vermont/11/2019-egg	centers_for_disease_control_and_prevention	vermont_department_of_health_laboratory
A/Vermont/11/2019	centers_for_disease_control_and_prevention	vermont_department_of_health_laboratory
A/Bretagne/1543/2019	institut_pasteur	
A/Belgium/G0023/2019	scientific_institute_of_public_health_(wiv_isp)	scientific_institute_of_public_health
A/Belgium/G0023/2019-egg	centers_for_disease_control_and_prevention	scientific_institute_of_public_health
A/Paris/2572/2018-egg	centers_for_disease_control_and_prevention	institut_pasteur
A/Paris/2572/2018	centers_for_disease_control_and_prevention	institut_pasteur
A/Texas/119/2019	centers_for_disease_control_and_prevention	san_antonio_metropolitan_health
A/Wisconsin/443/2019	centers_for_disease_control_and_prevention	marshfield_clinic_research_foundation
A/Bretagne/1919/2019	institut_pasteur	
A/Washington/S27138/2019		the_brotman_baty_institute_for_precision_medicine
A/SouthAfrica/R07153/2019	national_institute_for_communicable_diseases_(nicd)	national_institute_for_communicable_diseases_(nicd)
A/California/103/2019	centers_for_disease_control_and_prevention	california_department_of_health_services
A/Michigan/348/2019	centers_for_disease_control_and_prevention	university_of_michigan_sph_epid
A/Washington/S27302/2019		the_brotman_baty_institute_for_precision_medicine
A/England/191780693/2019	microbiology_services_colindale,_public_health_england	microbiology_services_colindale,_public_health_england
A/Mexico/2392/2019	centers_for_disease_control_and_prevention	laboratorio_de_virus_respiratorio
A/Santiago/62660/2019	centers_for_disease_control_and_prevention	instituto_de_salud_publica_de_chile
A/Santiago/61209/2019	instituto_de_salud_publica_de_chile	instituto_de_salud_publica_de_chile
A/Bangladesh/4/2015	centers_for_disease_control_and_prevention	institute_of_epidemiology_disease_control_and_research_(iedcr)_&_bangladesh_national_influenza_centre_(nic)
A/Bangladesh/5007/2015	centers_for_disease_control_and_prevention	institute_of_epidemiology_disease_control_and_research_(iedcr)_&_bangladesh_national_influenza_centre_(nic)
A/Bangladesh/1002002/2015	centers_for_disease_control_and_prevention	institute_of_epidemiology_disease_control_and_research_(iedcr)_&_bangladesh_national_influenza_centre_(nic)
A/Bangladesh/2007/2015	centers_for_disease_control_and_prevention	institute_of_epidemiology_disease_control_and_research_(iedcr)_&_bangladesh_national_influenza_centre_(nic)
A/Bangladesh/908004/2015	centers_for_disease_control_and_prevention	institute_of_epidemiology_disease_control_and_research_(iedcr)_&_bangladesh_national_influenza_centre_(nic)
A/Taiwan/1051/2015	centers_for_disease_control_and_prevention	adimmune_corporation
A/Taiwan/1067/2015	centers_for_disease_control_and_prevention	adimmune_corporation
A/Fiji/60/2016-egg	centers_for_disease_control_and_prevention	national_centre_for_scientific_services_for_virology__and_vector_borne_diseases
A/Fiji/47/2016	who_collaborating_centre_for_reference_and_research_on_influenza	national_centre_for_scientific_services_for_virology__and_vector_borne_diseases
A/Fiji/60/2016	who_collaborating_centre_for_reference_and_research_on_influenza	national_centre_for_scientific_services_for_virology__and_vector_borne_diseases
A/Ukraine/111/2016	centers_for_disease_control_and_prevention	institute_of_epidemiology_and_infectious_diseases_ams_of_ukraine
A/Chungbuk/1594/2015	centers_for_disease_control_and_prevention	national_institute_of_health
A/Nebraska/20/2016	centers_for_disease_control_and_prevention	nebraska_public_health_lab
A/Stockholm/64/2015	swedish_institute_for_infectious_disease_control	
A/India/1460/2016	centers_for_disease_control_and_prevention	national_institute_of_virology
A/Paraiba/143404-IEC/2016	centers_for_disease_control_and_prevention	national_influenza_center
A/Dnipro/767/2016	centers_for_disease_control_and_prevention	institute_of_epidemiology_and_infectious_diseases_ams_of_ukraine
A/Paris/137/2018	institut_pasteur	
A/Brazil/5557/2018	centers_for_disease_control_and_prevention	instituto_adolfo_lutz
A/DistrictOfColumbia/T0234/2017	chang_gung_memorial_hospital	johns_hopkins_center_of_excellence_for_influenza_research_and_surveillance_(jh_ceirs)
A/Ecuador/823/2017	centers_for_disease_control_and_prevention	inspi
A/Utsunomiya/1/2016	national_institute_of_infectious_diseases_(niid)	utsunomiya_city_institute_of_public_health_and_environment_science
A/Saitama/126/2016	national_institute_of_infectious_diseases_(niid)	saitama_institute_of_public_health
A/Yamaguchi/34/2016	centers_for_disease_control_and_prevention	yamaguchi_prefectural_institute_of_public_health_and_environment
A/Kanagawa/IC1619/2017	national_institute_of_infectious_diseases_(niid)	national_institute_of_infectious_diseases_(niid)
A/Sydney/52/2017-egg	centers_for_disease_control_and_prevention	clinical_virology_unit,_cdim
A/Bolivia/1729/2017	centers_for_disease_control_and_prevention	instituto_nacional_de_laboratoriosde_salud_(inlasa)
A/Basel/USB0015932/2017	import_from_public_domain	
A/Podporozhye/RII940S/2016	who_national_influenza_centre_russian_federation	
A/Kanagawa/AC1614/2016	national_institute_of_infectious_diseases_(niid)	national_institute_of_infectious_diseases_(niid)
A/NovgorogVelikiy/65/2017	centers_for_disease_control_and_prevention	ivanovsky_research_institute_of_virology_rams
A/Birobidjan/92/2017	centers_for_disease_control_and_prevention	ivanovsky_research_institute_of_virology_rams
A/Tokyo/EH1605/2017	national_institute_of_infectious_diseases_(niid)	national_institute_of_infectious_diseases_(niid)
A/HongKong/121/2017	centers_for_disease_control_and_prevention	government_virus_unit
A/Yokohama/179/2016	national_institute_of_infectious_diseases_(niid)	yokohama_city_institute_of_public_health.
A/Santiago/53918/2017	centers_for_disease_control_and_prevention	instituto_de_salud_publica_de_chile_
A/India/8359/2016	centers_for_disease_control_and_prevention	national_institute_of_virology
A/Michigan/45/2017	other_database_import	university_of_michigan_sph_epid
A/Pennsylvania/255/2017	centers_for_disease_control_and_prevention	children's_hospital_of_pittsburgh_upmc
A/Basel/USB0024562/2017	import_from_public_domain	
A/Argentina/822/2017	centers_for_disease_control_and_prevention	instituto_nacional_de_enfermedades_infecciosas
A/Singapore/GP2646/2016-egg	centers_for_disease_control_and_prevention	ministry_of_health,_singapore
A/Singapore/GP2646/2016	ministry_of_health,_singapore	ministry_of_health,_singapore
A/Kilifi/111/2016	kemri_wellcome_trust_research_programme_(kwtrp)	kemri_wellcome_trust_research_programme_cgmrc
A/Kilifi/55/2016	kemri_wellcome_trust_research_programme_(kwtrp)	kemri_wellcome_trust_research_programme_cgmrc
A/Kilifi/84/2016	kemri_wellcome_trust_research_programme_(kwtrp)	kemri_wellcome_trust_research_programme_cgmrc
A/Kilifi/87/2016	kemri_wellcome_trust_research_programme_(kwtrp)	kemri_wellcome_trust_research_programme_cgmrc
A/Tanzania/4365/2017	centers_for_disease_control_and_prevention	national_influenza_lab
A/Lebanon/2110/2016	centers_for_disease_control_and_prevention	rafic_hariri_university_hospital_4th_floor_dna/research_lab
A/Dnipro/729/2016	centers_for_disease_control_and_prevention	institute_of_epidemiology_and_infectious_diseases_ams_of_ukraine
A/Dnipro/732/2016	centers_for_disease_control_and_prevention	institute_of_epidemiology_and_infectious_diseases_ams_of_ukraine
A/Dnipro/725/2016	centers_for_disease_control_and_prevention	institute_of_epidemiology_and_infectious_diseases_ams_of_ukraine
A/NewHampshire/20/2016	centers_for_disease_control_and_prevention	new_hampshire_public_health_laboratories
A/Sapporo/90/2016	national_institute_of_infectious_diseases_(niid)	sapporo_city_institute_of_public_health
A/Sapporo/93/2016	national_institute_of_infectious_diseases_(niid)	sapporo_city_institute_of_public_health
A/Kanagawa/AC1625/2017	national_institute_of_infectious_diseases_(niid)	national_institute_of_infectious_diseases_(niid)
A/Fukuoka/16241/2016	national_institute_of_infectious_diseases_(niid)	fukuoka_institute_of_public_health_and_environmental_sciences
A/Maldives/1068/2017	centers_for_disease_control_and_prevention	ministry_of_health
A/Lao/F3563/2017	national_institute_of_infectious_diseases_(niid)	national_center_for_laboratory_and_epidemiology
A/Lao/4026/2017	centers_for_disease_control_and_prevention	national_center_for_laboratory_and_epidemiology
A/Lao/3283/2017	centers_for_disease_control_and_prevention	national_center_for_laboratory_and_epidemiology
A/Lao/3877/2017	centers_for_disease_control_and_prevention	national_center_for_laboratory_and_epidemiology
A/Lao/2930/2017	centers_for_disease_control_and_prevention	national_center_for_laboratory_and_epidemiology
A/Lao/3274/2017	centers_for_disease_control_and_prevention	national_center_for_laboratory_and_epidemiology
A/Lao/F3386/2017	national_institute_of_infectious_diseases_(niid)	national_center_for_laboratory_and_epidemiology
A/Lao/3825/2017	centers_for_disease_control_and_prevention	national_center_for_laboratory_and_epidemiology
A/England/80360502/2018	microbiology_services_colindale,_public_health_england	microbiology_services_colindale,_public_health_england
A/India/4667/2018	centers_for_disease_control_and_prevention	national_institute_of_virology
A/India/4658/2018	centers_for_disease_control_and_prevention	national_institute_of_virology
A/India/4661/2018	centers_for_disease_control_and_prevention	national_institute_of_virology
A/Beijing-Huairou/11736/2018	centers_for_disease_control_and_prevention	who_chinese_national_influenza_center
A/Kuwait/6359/2018	centers_for_disease_control_and_prevention	public_health_laboratory,_virology_unit
A/Philippines/1001/2017	centers_for_disease_control_and_prevention	center_for_medical_microbiology
A/Afghanistan/394/2017	centers_for_disease_control_and_prevention	national_public_health_laboratory
A/Fukui/18/2017	national_institute_of_infectious_diseases_(niid)	fukui_prefectural_institute_of_public_health
A/Bangladesh/2014/2017	centers_for_disease_control_and_prevention	institute_of_epidemiology_disease_control_and_research_(iedcr)_&_bangladesh_national_influenza_centre_(nic)
A/Bangladesh/1233/2017	centers_for_disease_control_and_prevention	institute_of_epidemiology_disease_control_and_research_(iedcr)_&_bangladesh_national_influenza_centre_(nic)
A/Bangkok/84/2017	centers_for_disease_control_and_prevention	who_national_influenza_centre,_national_institute_of_medical_research_(nimr)
A/Bangladesh/2146/2017	centers_for_disease_control_and_prevention	institute_of_epidemiology_disease_control_and_research_(iedcr)_&_bangladesh_national_influenza_centre_(nic)
A/Bangladesh/3044/2017	centers_for_disease_control_and_prevention	institute_of_epidemiology_disease_control_and_research_(iedcr)_&_bangladesh_national_influenza_centre_(nic)
A/Bangladesh/3018/2017	centers_for_disease_control_and_prevention	institute_of_epidemiology_disease_control_and_research_(iedcr)_&_bangladesh_national_influenza_centre_(nic)
A/Bangladesh/3401/2017	centers_for_disease_control_and_prevention	institute_of_epidemiology_disease_control_and_research_(iedcr)_&_bangladesh_national_influenza_centre_(nic)
A/Bangladesh/2143/2017	centers_for_disease_control_and_prevention	institute_of_epidemiology_disease_control_and_research_(iedcr)_&_bangladesh_national_influenza_centre_(nic)
A/HongKong/1077/2018	centers_for_disease_control_and_prevention	government_virus_unit
A/Vladimir/191/2018	centers_for_disease_control_and_prevention	ivanovsky_research_institute_of_virology_rams
A/AbuDhabi/97/2017	centers_for_disease_control_and_prevention	shaikh_khalifa_medical_city
A/Maldives/1029/2017	centers_for_disease_control_and_prevention	ministry_of_health
A/Pakistan/217/2017	centers_for_disease_control_and_prevention	national_institute_of_health
A/Osaka/175/2017	national_institute_of_infectious_diseases_(niid)	osaka_prefectural_institute_of_public_health
A/SouthAustralia/1053/2017	who_collaborating_centre_for_reference_and_research_on_influenza	institute_of_medical_and_veterinary_science_(imvs)
A/Bangladesh/2171/2017	centers_for_disease_control_and_prevention	institute_of_epidemiology_disease_control_and_research_(iedcr)_&_bangladesh_national_influenza_centre_(nic)
A/Bolivia/867/2018	centers_for_disease_control_and_prevention	cenetrop
A/Bangladesh/2062/2017	centers_for_disease_control_and_prevention	institute_of_epidemiology_disease_control_and_research_(iedcr)_&_bangladesh_national_influenza_centre_(nic)
A/SouthAustralia/267/2017	who_collaborating_centre_for_reference_and_research_on_influenza	institute_of_medical_and_veterinary_science_(imvs)
A/Madagascar/424/2018	centers_for_disease_control_and_prevention	institut_pasteur_de_madagascar
A/AbuDhabi/19/2018	centers_for_disease_control_and_prevention	shaikh_khalifa_medical_city
A/Pakistan/202/2017	centers_for_disease_control_and_prevention	national_institute_of_health
A/AbuDhabi/76/2017	centers_for_disease_control_and_prevention	shaikh_khalifa_medical_city
A/Bangkok/94/2018	who_collaborating_centre_for_reference_and_research_on_influenza	who_national_influenza_centre,_national_institute_of_medical_research_(nimr)
A/Gavle/1/2018	public_health_agency_of_sweden	
A/Osaka/1/2018	national_institute_of_infectious_diseases_(niid)	osaka_prefectural_institute_of_public_health
A/Asaka/4/2017	saitama_medical_university	saitama_medical_university
A/Kanagawa/IC1725/2018-egg	pb1	seasonal_h3n2
A/Kanagawa/IC1725/2018	centers_for_disease_control_and_prevention	national_institute_of_infectious_diseases_(niid)
A/SriLanka/41/2018	who_collaborating_centre_for_reference_and_research_on_influenza	medical_research_institute
A/SouthAustralia/1050/2017	who_collaborating_centre_for_reference_and_research_on_influenza	institute_of_medical_and_veterinary_science_(imvs)
A/Papeete/1432/2017	institut_pasteur	
A/Gifu/17/2018	national_institute_of_infectious_diseases_(niid)	gifu_prefectural_institute_of_health_and_environmental_sciences
A/Kanagawa/AC1704/2017-egg	pb1	seasonal_h3n2
A/Kanagawa/IC1745/2018	national_institute_of_infectious_diseases_(niid)	national_institute_of_infectious_diseases_(niid)
A/Kanagawa/IC1745/2018-egg	centers_for_disease_control_and_prevention	national_institute_of_infectious_diseases_(niid)
A/India/6023/2017	centers_for_disease_control_and_prevention	national_institute_of_virology
A/HongKong/2277/2017-egg	centers_for_disease_control_and_prevention	government_virus_unit
A/Bolivia/4103/2018	centers_for_disease_control_and_prevention	instituto_nacional_de_laboratoriosde_salud_(inlasa)
A/PuertoMontt/103937/2018	centers_for_disease_control_and_prevention	instituto_de_salud_publica_de_chile_
A/BishopAuckland/5068/2018	public_health_wales_microbiology_cardiff	public_health_wales_microbiology_cardiff
A/Colombia/6090/2019	centers_for_disease_control_and_prevention	instituto_nacional_de_salud_de_columbia
A/Argentina/840/2019	centers_for_disease_control_and_prevention	instituto_nacional_de_enfermedades_infecciosas
A/Alagoas/579/2019	centers_for_disease_control_and_prevention	instituto_oswaldo_cruz_fiocruz___laboratory_of_respiratory_viruses_and_measles_(lvrs)
A/Bahia/744/2019	centers_for_disease_control_and_prevention	instituto_oswaldo_cruz_fiocruz___laboratory_of_respiratory_viruses_and_measles_(lvrs)
A/Argentina/841/2019	centers_for_disease_control_and_prevention	instituto_nacional_de_enfermedades_infecciosas
A/Lorraine/807/2019	institut_pasteur	
A/StPetersburg/RII-4529S/2019	who_national_influenza_centre_russian_federation	research_institute_of_influenza,_ministry_of_healthcare_of_the_russian_federation
A/Virginia/9899/2019	u.s._air_force_school_of_aerospace_medicine	u.s._air_force_school_of_aerospace_medicine_
A/Peru/8919/2019	centers_for_disease_control_and_prevention	laboratorio_de_referencia_nacional_virus_respiratorios,_instituto_nacional_de_salud
A/Bolivia/127/2019	centers_for_disease_control_and_prevention	instituto_nacional_de_laboratoriosde_salud_(inlasa)
A/Bolivia/30/2019	centers_for_disease_control_and_prevention	instituto_nacional_de_laboratoriosde_salud_(inlasa)
A/Iquique/89168/2019	instituto_de_salud_publica_de_chile	instituto_de_salud_publica_de_chile
A/NordPasDeCalais/535/2020	institut_pasteur	institut_pasteur
A/England/820/2019	microbiology_services_colindale,_public_health_england	microbiology_services_colindale,_public_health_england
A/Bulgaria/1576/2019	centers_for_disease_control_and_prevention	national_influenza_laboratory,_natl._center_of_inf._&_parasitic_dis
A/Macedonia/364/2020	centers_for_disease_control_and_prevention	institute_of_public_health_(macedonia)
A/Sachsen/5/2020	robert_koch_institute_nationales_referenzzentrum_f?r_influenza	robert_koch_institute_nationales_referenzzentrum_für_influenza
A/Romania/259361/2020	cantacuzino_institute	cantacuzino_institute
A/England/616/2019	microbiology_services_colindale,_public_health_england	microbiology_services_colindale,_public_health_england
A/Thuringen/2/2020	robert_koch_institute_nationales_referenzzentrum_f?r_influenza	robert_koch_institute_nationales_referenzzentrum_für_influenza
A/England/195120668/2019	microbiology_services_colindale,_public_health_england	microbiology_services_colindale,_public_health_england
A/Lebanon/124/2020	centers_for_disease_control_and_prevention	rafic_hariri_university_hospital_4th_floor_dna/research_lab
A/England/200240784/2020	microbiology_services_colindale,_public_health_england	microbiology_services_colindale,_public_health_england
A/Romania/258556/2020	cantacuzino_institute	cantacuzino_institute
A/Bahia/469385/2020	laborat?rio_central_de_sa?de_publica_do_estado_da_bahia	laboratório_central_de_saúde_pública_professor_gonçalo_moniz,_lacen_ba
A/England/324/2019	microbiology_services_colindale,_public_health_england	microbiology_services_colindale,_public_health_england
A/England/322/2019	microbiology_services_colindale,_public_health_england	microbiology_services_colindale,_public_health_england
A/Romania/257811/2020	cantacuzino_institute	cantacuzino_institute
A/Luxembourg/LNS2665434/2020	laboratoire_national_de_sant?	laboratoire_national_de_santé_
A/England/863/2019	microbiology_services_colindale,_public_health_england	microbiology_services_colindale,_public_health_england
A/England/200360354/2020	microbiology_services_colindale,_public_health_england	microbiology_services_colindale,_public_health_england
A/SouthAustralia/4/2020	who_collaborating_centre_for_reference_and_research_on_influenza	institute_of_medical_and_veterinary_science_(imvs)
A/Italy/11545/2020	u.s._air_force_school_of_aerospace_medicine	u.s._air_force_school_of_aerospace_medicine_
A/England/712/2019	microbiology_services_colindale,_public_health_england	microbiology_services_colindale,_public_health_england
A/Sydney/22/2020	who_collaborating_centre_for_reference_and_research_on_influenza	childrens_hospital_westmead
A/England/749/2019	microbiology_services_colindale,_public_health_england	microbiology_services_colindale,_public_health_england
A/England/72/2020	microbiology_services_colindale,_public_health_england	microbiology_services_colindale,_public_health_england
A/England/918/2019	microbiology_services_colindale,_public_health_england	microbiology_services_colindale,_public_health_england
A/PortTalbot/3763/2017	public_health_wales_microbiology	molecular_diagnostics_unit_
A/Wrexham/4801/2017	public_health_wales_microbiology	public_health_wales_microbiology
A/Mold/7024/2017	public_health_wales_microbiology	public_health_wales_microbiology
A/Wrexham/7024/2017	public_health_wales_microbiology	molecular_diagnostics_unit_
A/Yunnan-Chuxiong/1584/2018	centers_for_disease_control_and_prevention	who_chinese_national_influenza_center
A/Myanmar/18M181/2018	national_institute_of_infectious_diseases_(niid)	national_health_laboratory
A/Myanmar/18M147/2018	national_institute_of_infectious_diseases_(niid)	national_health_laboratory
A/Myanmar/18M218/2018	national_institute_of_infectious_diseases_(niid)	national_health_laboratory
A/Phetchaburi/28/2018	centers_for_disease_control_and_prevention	who_national_influenza_centre,_national_institute_of_medical_research_(nimr)
A/HongKong/1106/2018	centers_for_disease_control_and_prevention	government_virus_unit
A/HongKong/1101/2018	centers_for_disease_control_and_prevention	hong_kong_department_of_health
A/Aberystwyth/8812/2017	public_health_wales_microbiology	public_health_wales_microbiology
A/HongKong/681/2018-egg	centers_for_disease_control_and_prevention	government_virus_unit
A/Vietnam/190/2018	centers_for_disease_control_and_prevention	national_institute_of_hygiene_and_epidemiology
A/Singapore/KK0339/2019	ministry_of_health,_singapore	ministry_of_health,_singapore
A/SouthAustralia/4/2019-egg	centers_for_disease_control_and_prevention	institute_of_medical_and_veterinary_science_(imvs)
A/SouthAustralia/2/2019-egg	centers_for_disease_control_and_prevention	institute_of_medical_and_veterinary_science_(imvs)
A/Kanagawa/ZC1841/2019-egg	centers_for_disease_control_and_prevention	national_institute_of_infectious_diseases_(niid)
A/RioGrandedoSul/122/2020	instituto_oswaldo_cruz_fiocruz___laboratory_of_respiratory_viruses_and_measles_(lvrs)	lacen/rs___laboratório_central_de_saúde_pública_do_rio_grande_do_sul
A/Zhejiang-NH/191/2020	zhejiang_provincial_center_for_disease_control_and_prevention	jiaxing_center_for_disease_control_and_prevention
A/Rencheng/122/2020	jining_center_for_disease_control_and_prevention	_jining_center_for_disease_control_and_prevention
A/Rencheng/128/2020	jining_center_for_disease_control_and_prevention	_jining_center_for_disease_control_and_prevention
A/Lao/939/2020	centers_for_disease_control_and_prevention	national_center_for_laboratory_and_epidemiology
A/Moscow/18/2020	n.f._gamaleya_research_center_for_epidemiology_and_microbiology	nic_russia,_ivanovsky_research_institute_of_virology
A/HongKong/CUHK3090/2019	chinese_university_of_hong_kong	the_chinese_university_of_hong_kong
A/Zhejiang-NH/124/2020	zhejiang_provincial_center_for_disease_control_and_prevention	jiaxing_center_for_disease_control_and_prevention
A/HongKong/CUHK3082/2019	chinese_university_of_hong_kong	the_chinese_university_of_hong_kong
A/Zhejiang-NH/12/2020	zhejiang_provincial_center_for_disease_control_and_prevention	jiaxing_center_for_disease_control_and_prevention
A/SouthAustralia/5/2020	who_collaborating_centre_for_reference_and_research_on_influenza	institute_of_medical_and_veterinary_science_(imvs)
A/HangaRoa/44910/2019	centers_for_disease_control_and_prevention	instituto_de_salud_publica_de_chile
A/Argentina/1468/2019	centers_for_disease_control_and_prevention	instituto_nacional_de_enfermedades_infecciosas
A/Yunnan-Wenshan/1589/2020	who_chinese_national_influenza_center	who_chinese_national_influenza_center
A/Yunnan-Wenshan/1593/2020	who_chinese_national_influenza_center	who_chinese_national_influenza_center
A/Yunnan-Wenshan/1591/2020	who_chinese_national_influenza_center	who_chinese_national_influenza_center
A/Yunnan-Wenshan/1594/2020	who_chinese_national_influenza_center	who_chinese_national_influenza_center
A/Yunnan-Wenshan/1592/2020	who_chinese_national_influenza_center	who_chinese_national_influenza_center
A/Yunnan-Wenshan/1606/2020	who_chinese_national_influenza_center	who_chinese_national_influenza_center
A/HongKong/2671/2019-egg	centers_for_disease_control_and_prevention	government_virus_unit
A/HongKong/2671/2019	centers_for_disease_control_and_prevention	government_virus_unit
A/Zhejiang-NH/118/2020	zhejiang_provincial_center_for_disease_control_and_prevention	jiaxing_center_for_disease_control_and_prevention
A/Pennsylvania/15/2020	centers_for_disease_control_and_prevention	pennsylvania_department_of_health
A/Yunnan-Wenshan/1599/2020	who_chinese_national_influenza_center	who_chinese_national_influenza_center
A/Osaka-C/2002/2020	national_institute_of_infectious_diseases_(niid)	osaka_city_institute_of_public_health_and_environmental_sciences
A/HongKong/CUHK3041/2019	chinese_university_of_hong_kong	the_chinese_university_of_hong_kong
A/Rencheng/33/2019	jining_center_for_disease_control_and_prevention	_jining_center_for_disease_control_and_prevention
A/StPetersburg/RII-2081S/2020	who_national_influenza_centre_russian_federation	research_institute_of_influenza,_ministry_of_healthcare_of_the_russian_federation
A/StPetersburg/RII-4087S/2020	who_national_influenza_centre_russian_federation	research_institute_of_influenza,_ministry_of_healthcare_of_the_russian_federation
A/StPetersburg/RII-178/2020	centers_for_disease_control_and_prevention	russian_academy_of_medical_sciences
A/HongKong/3047/2019	centers_for_disease_control_and_prevention	government_virus_unit
A/SouthKorea/11230/2020	u.s._air_force_school_of_aerospace_medicine	u.s._air_force_school_of_aerospace_medicine_
A/HongKong/4710/2019	centers_for_disease_control_and_prevention	government_virus_unit
A/Kanagawa/ZC1907/2019	centers_for_disease_control_and_prevention	national_institute_of_infectious_diseases_(niid)
A/Singapore/KK0009/2020	ministry_of_health,_singapore	ministry_of_health,_singapore
A/Sapporo/18/2020	national_institute_of_infectious_diseases_(niid)	sapporo_city_institute_of_public_health
A/Pennsylvania/3/2020	centers_for_disease_control_and_prevention	pennsylvania_department_of_health
A/Gunma/39/2020	national_institute_of_infectious_diseases_(niid)	gunma_prefectural_institute_of_public_health_and_environmental_sciences
A/Gunma/35/2020	national_institute_of_infectious_diseases_(niid)	gunma_prefectural_institute_of_public_health_and_environmental_sciences
A/Lopburi/488/2019	centers_for_disease_control_and_prevention	who_national_influenza_centre,_national_institute_of_medical_research_(nimr)
A/SouthKorea/10327/2019	u.s._air_force_school_of_aerospace_medicine	u.s._air_force_school_of_aerospace_medicine_
A/Gunma/36/2020	national_institute_of_infectious_diseases_(niid)	gunma_prefectural_institute_of_public_health_and_environmental_sciences
A/Saitama/95/2020	national_institute_of_infectious_diseases_(niid)	saitama_institute_of_public_health
A/Gunma/47/2020	national_institute_of_infectious_diseases_(niid)	gunma_prefectural_institute_of_public_health_and_environmental_sciences
A/Saitama/88/2020	national_institute_of_infectious_diseases_(niid)	saitama_institute_of_public_health
A/Niigata/156/2020	national_institute_of_infectious_diseases_(niid)	niigata_prefectural_institute_of_public_health_and_environmental_sciences
A/Gunma/51/2020	national_institute_of_infectious_diseases_(niid)	gunma_prefectural_institute_of_public_health_and_environmental_sciences
A/California/182/2019	centers_for_disease_control_and_prevention	california_department_of_health_services
A/SouthKorea/11239/2019	u.s._air_force_school_of_aerospace_medicine	u.s._air_force_school_of_aerospace_medicine_
A/Yokohama/224/2019	national_institute_of_infectious_diseases_(niid)	yokohama_city_institute_of_public_health.
A/Lebanon/15/2020	centers_for_disease_control_and_prevention	rafic_hariri_university_hospital_4th_floor_dna/research_lab
A/SouthKorea/11262/2020	u.s._air_force_school_of_aerospace_medicine	u.s._air_force_school_of_aerospace_medicine_
A/Darwin/726/2019-egg	who_collaborating_centre_for_reference_and_research_on_influenza	influenza_surveillance_centre_for_disease_control
A/Philippines/1404/2019	centers_for_disease_control_and_prevention	research_institute_for_tropical_medicine,_virology_department
A/Bangladesh/1123/2019	centers_for_disease_control_and_prevention	institute_of_epidemiology_disease_control_and_research_(iedcr)_&_bangladesh_national_influenza_centre_(nic)
A/Bangladesh/3190704028/2019	centers_for_disease_control_and_prevention	icddr,b_international_centre_for_diarrhoeal_disease_research,_bangladesh
A/Bangladesh/2005/2019	centers_for_disease_control_and_prevention	icddr,b_international_centre_for_diarrhoeal_disease_research,_bangladesh
A/Bangladesh/1190503032/2019	centers_for_disease_control_and_prevention	icddr,b_international_centre_for_diarrhoeal_disease_research,_bangladesh
A/Bangladesh/1190714031/2019	centers_for_disease_control_and_prevention	icddr,b_international_centre_for_diarrhoeal_disease_research,_bangladesh
A/Pennsylvania/1026/2019-egg	centers_for_disease_control_and_prevention	pennsylvania_department_of_health
A/Pennsylvania/1026/2019	centers_for_disease_control_and_prevention	pennsylvania_department_of_health
A/Pennsylvania/1025/2019	centers_for_disease_control_and_prevention	pennsylvania_department_of_health
A/Pennsylvania/1025/2019-egg	centers_for_disease_control_and_prevention	pennsylvania_department_of_health
A/StPetersburg/RII-3483S/2020	who_national_influenza_centre_russian_federation	research_institute_of_influenza,_ministry_of_healthcare_of_the_russian_federation
A/StPetersburg/RII-3335S/2020	who_national_influenza_centre_russian_federation	research_institute_of_influenza,_ministry_of_healthcare_of_the_russian_federation
A/StPetersburg/RII-2444S/2020	who_national_influenza_centre_russian_federation	research_institute_of_influenza,_ministry_of_healthcare_of_the_russian_federation
A/StPetersburg/RII-3387S/2020	who_national_influenza_centre_russian_federation	research_institute_of_influenza,_ministry_of_healthcare_of_the_russian_federation
A/StPetersburg/RII-3146S/2020	who_national_influenza_centre_russian_federation	research_institute_of_influenza,_ministry_of_healthcare_of_the_russian_federation
A/StPetersburg/RII-3337S/2020	who_national_influenza_centre_russian_federation	research_institute_of_influenza,_ministry_of_healthcare_of_the_russian_federation
A/Bangladesh/3190611019/2019	centers_for_disease_control_and_prevention	icddr,b_international_centre_for_diarrhoeal_disease_research,_bangladesh
A/Bangladesh/42/2019	centers_for_disease_control_and_prevention	icddr,b_international_centre_for_diarrhoeal_disease_research,_bangladesh
A/Bangladesh/1012/2019	centers_for_disease_control_and_prevention	icddr,b_international_centre_for_diarrhoeal_disease_research,_bangladesh
A/Bangladesh/3190603005/2019	centers_for_disease_control_and_prevention	icddr,b_international_centre_for_diarrhoeal_disease_research,_bangladesh
A/Bangladesh/4007/2019	centers_for_disease_control_and_prevention	icddr,b_international_centre_for_diarrhoeal_disease_research,_bangladesh
A/Cardiff/3570/2019	public_health_wales_microbiology_cardiff	public_health_wales_microbiology_cardiff
A/Bangladesh/3190608003/2019	centers_for_disease_control_and_prevention	icddr,b_international_centre_for_diarrhoeal_disease_research,_bangladesh
A/NewJersey/12/2020	centers_for_disease_control_and_prevention	new_jersey_department_of_health_&_senior_services
A/Bangladesh/8016/2019	centers_for_disease_control_and_prevention	icddr,b_international_centre_for_diarrhoeal_disease_research,_bangladesh
A/Bangladesh/101695/2019	centers_for_disease_control_and_prevention	institute_of_epidemiology_disease_control_and_research_(iedcr)_&_bangladesh_national_influenza_centre_(nic)
A/Bangladesh/3190708005/2019	centers_for_disease_control_and_prevention	icddr,b_international_centre_for_diarrhoeal_disease_research,_bangladesh
A/Bangladesh/4025/2019	centers_for_disease_control_and_prevention	icddr,b_international_centre_for_diarrhoeal_disease_research,_bangladesh
A/Bangladesh/3190613014/2019	centers_for_disease_control_and_prevention	icddr,b_international_centre_for_diarrhoeal_disease_research,_bangladesh
A/Bangladesh/16/2019	centers_for_disease_control_and_prevention	icddr,b_international_centre_for_diarrhoeal_disease_research,_bangladesh
A/SouthKorea/11637/2020	u.s._air_force_school_of_aerospace_medicine	u.s._air_force_school_of_aerospace_medicine_
A/Bangladesh/3003/2020	centers_for_disease_control_and_prevention	icddr,b_international_centre_for_diarrhoeal_disease_research,_bangladesh
A/Bangladesh/1017/2019	centers_for_disease_control_and_prevention	icddr,b_international_centre_for_diarrhoeal_disease_research,_bangladesh
A/California/52/2020	centers_for_disease_control_and_prevention	california_department_of_health_services
A/NewJersey/4/2020	centers_for_disease_control_and_prevention	new_jersey_department_of_health_&_senior_services
A/Wisconsin/43/2020	centers_for_disease_control_and_prevention	wisconsin_state_laboratory_of_hygiene
A/Mie/18/2017	national_institute_of_infectious_diseases_(niid)	mie_prefecture_health_and_environment_research_institute
A/Bangladesh/3253/2018	centers_for_disease_control_and_prevention	institute_of_epidemiology_disease_control_and_research_(iedcr)_&_bangladesh_national_influenza_centre_(nic)
A/Bangladesh/245/2018	centers_for_disease_control_and_prevention	institute_of_epidemiology_disease_control_and_research_(iedcr)_&_bangladesh_national_influenza_centre_(nic)
A/Bangladesh/526/2018	centers_for_disease_control_and_prevention	institute_of_epidemiology_disease_control_and_research_(iedcr)_&_bangladesh_national_influenza_centre_(nic)
A/Bangladesh/4004/2018	centers_for_disease_control_and_prevention	institute_of_epidemiology_disease_control_and_research_(iedcr)_&_bangladesh_national_influenza_centre_(nic)
A/Bangladesh/188/2018	centers_for_disease_control_and_prevention	institute_of_epidemiology_disease_control_and_research_(iedcr)_&_bangladesh_national_influenza_centre_(nic)
A/Singapore/GP0454/2018-egg	centers_for_disease_control_and_prevention	ministry_of_health,_singapore
A/Christchurch/521/2018	who_collaborating_centre_for_reference_and_research_on_influenza	canterbury_health_services
A/Sydney/22/2018	who_collaborating_centre_for_reference_and_research_on_influenza	clinical_virology_unit,_cdim
A/Sydney/22/2018-egg	centers_for_disease_control_and_prevention	clinical_virology_unit,_cdim
A/Singapore/GP1616/2018	ministry_of_health,_singapore	ministry_of_health,_singapore
A/Yokohama/95/2018	national_institute_of_infectious_diseases_(niid)	yokohama_city_institute_of_public_health.
A/Singapore/SGH0602/2018	ministry_of_health,_singapore	ministry_of_health,_singapore
A/Minnesota/63/2018	centers_for_disease_control_and_prevention	minnesota_department_of_health
A/HongKong/CUHK3005/2018	chinese_university_of_hong_kong	the_chinese_university_of_hong_kong
A/Singapore/GP1693/2018	ministry_of_health,_singapore	ministry_of_health,_singapore
A/Singapore/SGH0603/2018	ministry_of_health,_singapore	ministry_of_health,_singapore
A/Bahrain/329/2018	centers_for_disease_control_and_prevention	ministry_of_health_bahrain
A/Picardie/864/2019	institut_pasteur	
A/Pakistan/1152/2018	centers_for_disease_control_and_prevention	national_institute_of_health
A/PrachuapKhiriKhan/13/2018	who_collaborating_centre_for_reference_and_research_on_influenza	who_national_influenza_centre,_national_institute_of_medical_research_(nimr)
A/AbuDhabi/240/2018-egg	centers_for_disease_control_and_prevention	shaikh_khalifa_medical_city
A/AbuDhabi/258/2018	centers_for_disease_control_and_prevention	shaikh_khalifa_medical_city
A/AbuDhabi/240/2018	centers_for_disease_control_and_prevention	shaikh_khalifa_medical_city
A/Timor-Leste/24/2018	who_collaborating_centre_for_reference_and_research_on_influenza	laboratório_nacional_da_saúde
A/Bangladesh/151/2018	centers_for_disease_control_and_prevention	institute_of_epidemiology_disease_control_and_research_(iedcr)_&_bangladesh_national_influenza_centre_(nic)
A/Moscow/147/2019	centers_for_disease_control_and_prevention	ivanovsky_research_institute_of_virology_rams
A/Groznyi/RII-2741S/2019	who_national_influenza_centre_russian_federation	center_of_hygiene_and_epidemiology_in_republic of_chechnya
A/Tuymen/6/2018	state_research_center_of_virology_and_biotechnology_(vector)	
A/Khanti-Mansiysk/4/2018	state_research_center_of_virology_and_biotechnology_(vector)	
A/Anzhero-Sudzhensk/RII-2997S/2019	who_national_influenza_centre_russian_federation	center_of_hygiene_and_epidemiology_in_kemerovo_region
A/Novosibirsk/85/2019	who_national_influenza_centre_russian_federation	center_of_hygiene_and_epidemiology_in_novosibirsk_region
A/Verkh-Chebula/RII-2987S/2019	who_national_influenza_centre_russian_federation	center_of_hygiene_and_epidemiology_in_kemerovo_region
A/Novosibirsk/RII-5000S/2019	who_national_influenza_centre_russian_federation	research_institute_of_experimental_and_clinical_medicine
A/Novosibirsk/RII-4997S/2019	who_national_influenza_centre_russian_federation	research_institute_of_experimental_and_clinical_medicine
A/HongKong/674/2018-egg	centers_for_disease_control_and_prevention	government_virus_unit
A/Antofagasta/37837/2018	centers_for_disease_control_and_prevention	instituto_de_salud_publica_de_chile_
A/Netherlands/10260/2018-egg	centers_for_disease_control_and_prevention	national_institute_for_public_health_and_the_environment_(rivm)
A/Bangladesh/3005/2018	centers_for_disease_control_and_prevention	institute_of_epidemiology_disease_control_and_research_(iedcr)_&_bangladesh_national_influenza_centre_(nic)
A/Bhutan/1220/2018	centers_for_disease_control_and_prevention	royal_centre_for_disease_control
A/Lipetsk/129/2018	who_national_influenza_centre_russian_federation	ivanovsky_research_institute_of_virology_rams
A/Perth/170/2018	who_collaborating_centre_for_reference_and_research_on_influenza	pathwest_qe_ii_medical_centre
A/Nigeria/4532/2018	centers_for_disease_control_and_prevention	national_influenza_reference_laboratory
A/Pakistan/78/2019	centers_for_disease_control_and_prevention	national_institute_of_health
A/Tanzania/4024/2019	centers_for_disease_control_and_prevention	national_influenza_lab
A/Kyiv/477/2018	centers_for_disease_control_and_prevention	institute_of_epidemiology_and_infectious_diseases_ams_of_ukraine
A/Koygorodok/RII-4264S/2019	who_national_influenza_centre_russian_federation	"fbuz_""center_of_hygiene_and_epidemiology"""
A/Dijon/1352/2019	institut_pasteur	
A/StPetersburg/RII-454S/2019	who_national_influenza_centre_russian_federation	
A/StPetersburg/RII-557S/2019	who_national_influenza_centre_russian_federation	
A/Demidov/RII-4183S/2019	who_national_influenza_centre_russian_federation	center_of_hygiene_and_epidemiology_in_smolensk_oblast
A/Kuwait/6365/2018	centers_for_disease_control_and_prevention	public_health_laboratory,_virology_unit
A/BurkinaFaso/2422/2018	centers_for_disease_control_and_prevention	irss
A/BurkinaFaso/2417/2018	centers_for_disease_control_and_prevention	irss
A/Bhutan/740/2018	centers_for_disease_control_and_prevention	royal_centre_for_disease_control
A/BurkinaFaso/31/2019	centers_for_disease_control_and_prevention	irss
A/Bhutan/865/2018	centers_for_disease_control_and_prevention	royal_centre_for_disease_control
A/BurkinaFaso/1080/2018	centers_for_disease_control_and_prevention	irss
A/Bangladesh/186/2018	centers_for_disease_control_and_prevention	institute_of_epidemiology_disease_control_and_research_(iedcr)_&_bangladesh_national_influenza_centre_(nic)
A/Bangladesh/215/2018	centers_for_disease_control_and_prevention	institute_of_epidemiology_disease_control_and_research_(iedcr)_&_bangladesh_national_influenza_centre_(nic)
A/England/762/2018	microbiology_services_colindale,_public_health_england	microbiology_services_colindale,_public_health_england
A/Kuwait/64/2019	centers_for_disease_control_and_prevention	public_health_laboratory,_virology_unit
A/Krasnoyarsk/RII-3642S/2019	who_national_influenza_centre_russian_federation	center_of_hygiene_and_epidemiology_in_krasnoyarsk_krai
A/Parana/41/2020	instituto_oswaldo_cruz_fiocruz___laboratory_of_respiratory_viruses_and_measles_(lvrs)	laboratório_central_do_estado_do_paraná___lacen/pr
A/Pakistan/490/2019	centers_for_disease_control_and_prevention	national_institute_of_health
A/Mozambique/270/2019	centers_for_disease_control_and_prevention	laboratório_de_isolamento_viral
A/Mozambique/75/2019	centers_for_disease_control_and_prevention	laboratório_de_isolamento_viral
A/BurkinaFaso/2454/2019	centers_for_disease_control_and_prevention	irss
A/Kenya/GIHSN-HCL022161345801/2021	maladies_infectieuses,_hospices_civils_de_lyon	kenya_medical_research_institute
A/Kenya/154/2021	centers_for_disease_control_and_prevention	cdc_kenya
A/Zambia/153/2021	centers_for_disease_control_and_prevention	university_teaching_hospital,_moh_zambia
A/Kenya/GIHSN-HCL022160161601/2021	maladies_infectieuses,_hospices_civils_de_lyon	kenya_medical_research_institute
A/Kenya/GIHSN-HCL022161538501/2021	maladies_infectieuses,_hospices_civils_de_lyon	kenya_medical_research_institute
A/Kenya/143/2021	centers_for_disease_control_and_prevention	cdc_kenya
A/Lebanon/714/2018	centers_for_disease_control_and_prevention	rafic_hariri_university_hospital_4th_floor_dna/research_lab
A/Mali/38/2019	centers_for_disease_control_and_prevention	nic_lab_cvd_mali
A/BadenWurttemberg/20/2020	robert_koch_institute_nationales_referenzzentrum_f?r_influenza	robert_koch_institute_nationales_referenzzentrum_für_influenza
A/BurkinaFaso/2747/2022	centers_for_disease_control_and_prevention	irss
A/Togo/880/2021	centers_for_disease_control_and_prevention	institute_national_d'hygiene
A/Togo/1138/2021	centers_for_disease_control_and_prevention	institute_national_d'hygiene
A/Nigeria/4995/2020	centers_for_disease_control_and_prevention	ncdc_public_health_reference_laboratory
A/Togo/902/2021	centers_for_disease_control_and_prevention	institute_national_d'hygiene
A/Togo/853/2021	centers_for_disease_control_and_prevention	institute_national_d'hygiene
A/Mali/78/2020	centers_for_disease_control_and_prevention	nic_lab_cvd_mali
A/Mali/108/2020	centers_for_disease_control_and_prevention	nic_lab_cvd_mali
A/Mali/107/2020	centers_for_disease_control_and_prevention	nic_lab_cvd_mali
A/Mali/20077/2020	centers_for_disease_control_and_prevention	nic_lab_cvd_mali
A/Mali/20084/2020	centers_for_disease_control_and_prevention	nic_lab_cvd_mali
A/Mali/20051/2020	centers_for_disease_control_and_prevention	nic_lab_cvd_mali
A/Mali/20018/2020	centers_for_disease_control_and_prevention	nic_lab_cvd_mali
A/Mali/20057/2020	centers_for_disease_control_and_prevention	nic_lab_cvd_mali
A/Togo/827/2020	centers_for_disease_control_and_prevention	institute_national_d'hygiene
A/Dakar/3/2020	crick_worldwide_influenza_centre	institut_pasteur_de_dakar__
A/Brisbane/148/2019-egg	who_collaborating_centre_for_reference_and_research_on_influenza	queensland_health_forensic_and_scientific_services_
A/Beijing-Miyun/54/2020-egg	who_chinese_national_influenza_center	who_chinese_national_influenza_center
A/Beijing-Miyun/54/2020	who_chinese_national_influenza_center	who_chinese_national_influenza_center
A/Rencheng/119/2020	jining_center_for_disease_control_and_prevention	_jining_center_for_disease_control_and_prevention
A/Beijing-Daxin/33/2020-egg	who_chinese_national_influenza_center	who_chinese_national_influenza_center
A/Beijing-Daxin/33/2020	who_chinese_national_influenza_center	who_chinese_national_influenza_center
A/Beijing-Miyun/53/2020-egg	centers_for_disease_control_and_prevention	who_chinese_national_influenza_center
A/Beijing-Miyun/53/2020	who_chinese_national_influenza_center	who_chinese_national_influenza_center
A/Beijing-Miyun/51/2020-egg	centers_for_disease_control_and_prevention	who_chinese_national_influenza_center
A/Beijing-Miyun/51/2020	who_chinese_national_influenza_center	who_chinese_national_influenza_center
A/Beijing-Miyun/51/2019	who_chinese_national_influenza_center	who_chinese_national_influenza_center
A/Beijing-Miyun/51/2019-egg	centers_for_disease_control_and_prevention	who_chinese_national_influenza_center
A/Moscow/234/2018	centers_for_disease_control_and_prevention	ivanovsky_research_institute_of_virology_rams
A/Nigeria/3291/2019	centers_for_disease_control_and_prevention	national_influenza_reference_laboratory
A/Bangkok/82/2020	centers_for_disease_control_and_prevention	who_national_influenza_centre,_national_institute_of_medical_research_(nimr)
A/Togo/1937/2019	centers_for_disease_control_and_prevention	institute_national_d'hygiene
A/Togo/1802/2019	centers_for_disease_control_and_prevention	institute_national_d'hygiene
A/Perth/20/2020-egg	centers_for_disease_control_and_prevention	pathwest_qe_ii_medical_centre
A/Perth/20/2020	centers_for_disease_control_and_prevention	pathwest_qe_ii_medical_centre
A/Victoria/22/2020	who_collaborating_centre_for_reference_and_research_on_influenza	royal_chidrens_hospital
A/Zhejiang-NH/129/2020	zhejiang_provincial_center_for_disease_control_and_prevention	jiaxing_center_for_disease_control_and_prevention
A/Italy/11872/2020	u.s._air_force_school_of_aerospace_medicine	u.s._air_force_school_of_aerospace_medicine_
A/Guyane/317/2020	centers_for_disease_control_and_prevention	national_influenza_center_french_guiana_and_french_indies
A/Pennsylvania/255/2020	centers_for_disease_control_and_prevention	children's_hospital_of_pittsburgh_upmc
A/Maryland/15/2020	centers_for_disease_control_and_prevention	maryland_department_of_health_and_mental_hygiene
A/Santiago/26038/2020	centers_for_disease_control_and_prevention	instituto_de_salud_publica_de_chile
A/Togo/556/2020	centers_for_disease_control_and_prevention	institute_national_d'hygiene
A/Paris/2554/2019-egg	centers_for_disease_control_and_prevention	institut_pasteur
A/Paris/2554/2019	institut_pasteur	institut_pasteur
A/Malaysia/IMR-RP1889/2022	institute_for_medical_research	national_public_health_laboratory
A/Norway/16606/2021-egg	centers_for_disease_control_and_prevention	who_national_influenza_centre
A/Philippines/24/2021	who_collaborating_centre_for_reference_and_research_on_influenza	research_institute_of_tropical_medicine
A/Louisiana/6/2020	centers_for_disease_control_and_prevention	louisiana_department_of_health_and_hospitals
A/Indonesia/NIHRDDPS850/2020	who_collaborating_centre_for_reference_and_research_on_influenza	ministry_of_health,_nihrd
A/Louisiana/13/2020	centers_for_disease_control_and_prevention	louisiana_department_of_health_and_hospitals
A/Mali/20046/2020	centers_for_disease_control_and_prevention	nic_lab_cvd_mali
A/Ethiopia/4042/2021	centers_for_disease_control_and_prevention	ethiopian_public_health_institute,_national_influenza_laboratory
A/Ethiopia/2493/2021	centers_for_disease_control_and_prevention	ethiopian_public_health_institute,_national_influenza_laboratory
A/Ethiopia/2575/2021	centers_for_disease_control_and_prevention	ethiopian_public_health_institute,_national_influenza_laboratory
A/Denmark/120/2021	statens_serum_institute	statens_serum_institute
A/Togo/1280/2019	centers_for_disease_control_and_prevention	institute_national_d'hygiene
A/Oman/4837/2021	centers_for_disease_control_and_prevention	central_public_health_laboratory,_ministry_of_health
A/Norway/29511/2021-egg	centers_for_disease_control_and_prevention	norwegian_institute_of_public_health
A/Saopaulo/59471/2022	university_of_sao_paulo	serrana
A/Michigan/UOMHS16293/2022	university_of_michigan	university_of_michigan_clinical_microbiology_laboratory
A/Lebanon/2863/2022	centers_for_disease_control_and_prevention	rafic_hariri_university_hospital_4th_floor_dna/research_lab
A/Texas/IVYG43P87Q6/2022	university_of_michigan	vanderbilt_university_medical_center
A/Lebanon/GIHSN-HCL023019053001/2022	cnr_virus_des_infections_respiratoires,_france_sud	center_for_infectious_diseases_research_
A/Lebanon/2906/2022	centers_for_disease_control_and_prevention	rafic_hariri_university_hospital_4th_floor_dna/research_lab
A/Georgia/31/2022	centers_for_disease_control_and_prevention	georgia_public_health_laboratory
A/Saopaulo/CEVI_2200947/2022	instituto_butantan	instituto_butantan
A/Bolivia/1548/2023	centers_for_disease_control_and_prevention	instituto_nacional_de_laboratoriosde_salud_(inlasa)
A/Saopaulo/CEVI_2201175/2022	instituto_butantan	instituto_butantan
A/Saopaulo/CEVI_2200984/2022	instituto_butantan	instituto_butantan
A/Missouri/13987/2022	u.s._air_force_school_of_aerospace_medicine	u.s._air_force_school_of_aerospace_medicine_
A/Connecticut/IVYD13J61B6/2022	university_of_michigan	vanderbilt_university_medical_center
A/Alagoas/21875/2022	instituto_oswaldo_cruz_fiocruz___laboratory_of_respiratory_viruses_and_measles_(lvrs)	laboratório_central_de_saúde_pública_de_alagoas,_lacen_al
A/Alagoas/19825/2022	instituto_oswaldo_cruz_fiocruz___laboratory_of_respiratory_viruses_and_measles_(lvrs)	laboratório_central_de_saúde_pública_de_alagoas,_lacen_al
A/Minnesota/69/2022	centers_for_disease_control_and_prevention	minnesota_department_of_health
A/Michigan/UOM10045297809/2022	university_of_michigan	university_of_michigan_clinical_microbiology_laboratory
A/PuertoRico/31/2022	centers_for_disease_control_and_prevention	csl_ltd
A/Ceara/2023-005474-IEC/2023	evandro_chagas_institute	evandro_chagas_institute
A/Kanagawa/IC2234/2023	national_institute_of_infectious_diseases_(niid)	national_institute_of_infectious_diseases_(niid)
A/England/224880804/2022	uk_health_security_agency___colindale	uk_health_security_agency___colindale
A/PuertoRico/31/2022-egg	who_collaborating_centre_for_reference_and_research_on_influenza	csl_ltd
A/NewJersey/14081/2023	u.s._air_force_school_of_aerospace_medicine	u.s._air_force_school_of_aerospace_medicine_
A/Bahia/21484/2022	instituto_oswaldo_cruz_fiocruz___laboratory_of_respiratory_viruses_and_measles_(lvrs)	laboratório_central_de_saúde_publica_do_estado_da_bahia
A/AbuDhabi/3947/2022	centers_for_disease_control_and_prevention	shaikh_khalifa_medical_city
A/Abudhabi/4374/2022	sheikh_khalifa_medical_city_(skmc)	reference_laboratory_for_infectious_disease_(surveillance_lab)
A/Okinawa/197/2022	national_institute_of_infectious_diseases_(niid)	okinawa_prefectural_institute_of_health_and_environment
A/SouthAfrica/PET26045/2022	vaccines_and_infectious_diseases_analytics_research_unit	wits_vida
A/Oman/2667/2022	centers_for_disease_control_and_prevention	central_public_health_laboratory,_ministry_of_health
A/SouthAfrica/PET26064/2022	vaccines_and_infectious_diseases_analytics_research_unit	wits_vida
A/Lebanon/GIHSN-HCL023019003401/2022	cnr_virus_des_infections_respiratoires,_france_sud	center_for_infectious_diseases_research_
A/ChiangRai/NIC-P3109/2022	thai_national_influenza_center	thai_national_influenza_center
A/Egypt/2334749/2022	crick_worldwide_influenza_centre	ministry_of_health_and_population
A/Bahrain/4883/2022	centers_for_disease_control_and_prevention	ministry_of_health_bahrain
A/Bahrain/1159/2022	centers_for_disease_control_and_prevention	ministry_of_health_bahrain
A/HongKong/3047/2023	centers_for_disease_control_and_prevention	government_virus_unit
A/Abudhabi/4488/2022	sheikh_khalifa_medical_city_(skmc)	reference_laboratory_for_infectious_disease_(surveillance_lab)
A/Abudhabi/4238/2022	sheikh_khalifa_medical_city_(skmc)	reference_laboratory_for_infectious_disease_(surveillance_lab)
A/Stockholm/12/2022	public_health_agency_of_sweden	public_health_agency_of_sweden
A/Georgia/2/2022-egg	centers_for_disease_control_and_prevention	georgia_public_health_laboratory
A/Georgia/2/2022	centers_for_disease_control_and_prevention	georgia_public_health_laboratory
A/Santiago/88746/2022	instituto_de_salud_publica_de_chile	instituto_de_salud_publica_de_chile
A/Kanagawa/ZC2203/2022	national_institute_of_infectious_diseases_(niid)	national_institute_of_infectious_diseases_(niid)
A/Kanagawa/ZC2201/2022	national_institute_of_infectious_diseases_(niid)	national_institute_of_infectious_diseases_(niid)
A/Kanagawa/AC2206/2023	national_institute_of_infectious_diseases_(niid)	national_institute_of_infectious_diseases_(niid)
A/Yokohama/4/2022	national_institute_of_infectious_diseases_(niid)	yokohama_city_institute_of_public_health.
A/Japan/USAFSAM-14170/2023		
A/Switzerland/20498/2023	swiss_national_reference_centre_for_influenza	swiss_national_reference_centre_for_influenza
A/Brisbane/3/2023	who_collaborating_centre_for_reference_and_research_on_influenza	institute_of_medical_and_veterinary_science_(imvs)
A/Luxembourg/LNS1644942/2022	laboratoire_national_de_sant?	laboratoire_national_de_santé_
A/Catalonia/Nsvh161512067/2022-egg	centers_for_disease_control_and_prevention	national_institute_for_medical_research
A/RheinlandPfalz/USAFSAM-14059/2023		
A/BritishColumbia/PHL-1099/2023	public_health_agency_of_canada	b.c._centre_for_disease_control
A/Ecuador/5051/2023	centers_for_disease_control_and_prevention	inspi
A/Nepal/S463/2023	national_institute_of_infectious_diseases_(niid)	national_public_health_laboratory
A/Greece/ILI_249/2023	crick_worldwide_influenza_centre	hellenic_pasteur_institute
A/France/ARA-HCL023019651001/2023	cnr_virus_des_infections_respiratoires,_france_sud	cnr_virus_des_infections_respiratoires___france_sud
A/Michigan/HFHSL361212561/2023	university_of_michigan	henry_ford_health_microbiology_laboratory
A/Michigan/HFHSL361049175/2023	university_of_michigan	henry_ford_health_microbiology_laboratory
A/SouthDakota/INBRE-028732/2022		
A/RheinlandPfalz/USAFSAM-13936/2022		
A/Lebanon/2911/2022	centers_for_disease_control_and_prevention	rafic_hariri_university_hospital_4th_floor_dna/research_lab
A/Hiroshima/82/2023	national_institute_of_infectious_diseases_(niid)	center_for_public_health_and_environment,_hiroshima_prefectural_technology_research_institute
A/Luga/RII-11398S/2023	who_national_influenza_centre_russian_federation	research_institute_of_influenza,_ministry_of_healthcare_of_the_russian_federation
A/Romania/543949/2022	cantacuzino_institute	cantacuzino_national_military_medical_institute_for_research_and_development
A/Montana/8/2023-egg	pb1	seasonal_h3n2
A/Montana/8/2023	centers_for_disease_control_and_prevention	montana_laboratory_services_bureau
A/England/224880786/2022	uk_health_security_agency___colindale	uk_health_security_agency___colindale
A/Khabarovsk/RII-74/2022	who_national_influenza_centre_russian_federation	center_of_hygiene_and_epidemiology_in_khabarovsk_territory
A/Kobe/23117/2023	national_institute_of_infectious_diseases_(niid)	kobe_institute_of_health
A/Khabarovsk/RII-50/2022	who_national_influenza_centre_russian_federation	center_of_hygiene_and_epidemiology_in_khabarovsk_territory
A/Switzerland/28719/2022-egg	centers_for_disease_control_and_prevention	swiss_national_reference_centre_for_influenza
A/Switzerland/28719/2022	swiss_national_reference_centre_for_influenza	swiss_national_reference_centre_for_influenza
A/Zhejiang-NH/15/2020	zhejiang_provincial_center_for_disease_control_and_prevention	jiaxing_center_for_disease_control_and_prevention
A/Togo/1942/2019	centers_for_disease_control_and_prevention	institute_national_d'hygiene
A/Niger/7845/2020	centers_for_disease_control_and_prevention	centre_de_recherche_medicale_et_sanitaire_(cermes)
A/Togo/1911/2019	centers_for_disease_control_and_prevention	institute_national_d'hygiene
A/Mali/20064/2020	centers_for_disease_control_and_prevention	nic_lab_cvd_mali
A/EspiritoSanto/191/2020	instituto_oswaldo_cruz_fiocruz___laboratory_of_respiratory_viruses_and_measles_(lvrs)	lacen/es___laboratório_central_de_saúde_pública_do_espírito_santo
A/Italy/11133/2020	u.s._air_force_school_of_aerospace_medicine	u.s._air_force_school_of_aerospace_medicine_
A/Togo/127/2020	centers_for_disease_control_and_prevention	institute_national_d'hygiene
A/NewYork/PV11474/2020	icahn_school_of_medicine_at_mount_sinai	icahn_school_of_medicine_at_mount_sinai
A/Togo/450/2020	centers_for_disease_control_and_prevention	institute_national_d'hygiene
A/Togo/529/2020	centers_for_disease_control_and_prevention	institute_national_d'hygiene
A/Togo/509/2020	centers_for_disease_control_and_prevention	institute_national_d'hygiene
A/Togo/384/2020	centers_for_disease_control_and_prevention	institute_national_d'hygiene
A/Togo/1916/2019	centers_for_disease_control_and_prevention	institute_national_d'hygiene
A/Kenya/GIHSN-HCL022160129501/2021	maladies_infectieuses,_hospices_civils_de_lyon	kenya_medical_research_institute
A/Stockholm/32/2021	public_health_agency_of_sweden	klinisk_mikrobiologi,_karolinska_universitetslaboratoriet,_karolinska_universitetssjukhuset_solna
A/India/KERALA-22-05-V411/2022	icmr_national_institute_of_virology	icmr_national_institute_of_virology
A/Singapore/MOH0022/2022	ministry_of_health,_singapore	ministry_of_health,_singapore
A/Singapore/MOH0011/2022	ministry_of_health,_singapore	ministry_of_health,_singapore
A/Singapore/SAR86232/2021	ministry_of_health,_singapore	ministry_of_health,_singapore
A/Ethiopia/2509/2022	centers_for_disease_control_and_prevention	ethiopian_public_health_institute,_national_influenza_laboratory
A/Singapore/NTF0015/2022	ministry_of_health,_singapore	ministry_of_health,_singapore
A/Bangladesh/1561/2022	centers_for_disease_control_and_prevention	institute_of_epidemiology_disease_control_and_research_(iedcr)_&_bangladesh_national_influenza_centre_(nic)
A/Maldives/877/2022	centers_for_disease_control_and_prevention	ministry_of_health
A/ChiangRai/P3960/2022	thai_national_influenza_center	thai_national_influenza_center
A/India/Pun-NIVSARI2604/2022	icmr_national_institute_of_virology	icmr_national_institute_of_virology
A/Bangladesh/1015/2022	centers_for_disease_control_and_prevention	icddr,b_international_centre_for_diarrhoeal_disease_research,_bangladesh
A/Bangladesh/33/2022	centers_for_disease_control_and_prevention	icddr,b_international_centre_for_diarrhoeal_disease_research,_bangladesh
A/Bangladesh/1771/2022	centers_for_disease_control_and_prevention	institute_of_epidemiology_disease_control_and_research_(iedcr)_&_bangladesh_national_influenza_centre_(nic)
A/Utah/17/2022	centers_for_disease_control_and_prevention	utah_department_of_health
A/Antofagasta/48254/2022	instituto_de_salud_publica	instituto_de_salud_publica_de_chile
A/Parana/6980/2022	centers_for_disease_control_and_prevention	instituto_oswaldo_cruz_fiocruz___laboratory_of_respiratory_viruses_and_measles_(lvrs)
A/Bahia/66878/2021	instituto_oswaldo_cruz_fiocruz___laboratory_of_respiratory_viruses_and_measles_(lvrs)	laboratório_central_de_saúde_pública_professor_gonçalo_moniz,_lacen_ba
A/RiodeJaneiro/62723/2021	instituto_oswaldo_cruz_fiocruz___laboratory_of_respiratory_viruses_and_measles_(lvrs)	instituto_oswaldo_cruz_fiocruz___laboratory_of_respiratory_viruses_and_measles_(lvrs)
A/RiodeJaneiro/62687/2021	instituto_oswaldo_cruz_fiocruz___laboratory_of_respiratory_viruses_and_measles_(lvrs)	instituto_oswaldo_cruz_fiocruz___laboratory_of_respiratory_viruses_and_measles_(lvrs)
A/Matogrosso/CEVI_2200371/2021	instituto_butantan	instituto_butantan
A/SaoPaulo/IAL/C10259/2022	instituto_adolfo_lutz	instituto_adolfo_lutz___national_influenza_center
A/Santiago/14128/2022	instituto_de_salud_publica_de_chile	instituto_de_salud_publica_de_chile
A/Lisbon/23/2021	instituto_nacional_de_sa?de_dr._ricardo_jorge	instituto_nacional_de_saúde_dr._ricardo_jorge
A/MontesClaros/311008964/2021	ezequiel_dias_foundation_(funed)	ezequiel_dias_foundation_(funed)
A/Brazil/7010/2022	centers_for_disease_control_and_prevention	instituto_adolfo_lutz
A/RioGrandedoNorte/66061/2021	instituto_oswaldo_cruz_fiocruz___laboratory_of_respiratory_viruses_and_measles_(lvrs)	instituto_oswaldo_cruz_fiocruz___laboratory_of_respiratory_viruses_and_measles_(lvrs)
A/Goias/66776/2021	centers_for_disease_control_and_prevention	instituto_oswaldo_cruz_fiocruz___laboratory_of_respiratory_viruses_and_measles_(lvrs)
A/SaoPaulo/IAL/C9692/2021	instituto_adolfo_lutz	instituto_adolfo_lutz___national_influenza_center
A/Brazil/BA-LACEN-BA134-291926446/2021	laborat?rio_central_de_sa?de_publica_do_estado_da_bahia	laboratório_central_de_saúde_pública_professor_gonçalo_moniz,_lacen_ba
A/Trujillo/TRU02588/2022	naval_medical_research_unit_6_(namru_6)	naval_medical_research_unit_6_(namru_6)
A/Peru/2024/2023	centers_for_disease_control_and_prevention	laboratorio_de_referencia_nacional_virus_respiratorios,_instituto_nacional_de_salud
A/Saskatchewan/SKFLU306263/2023	roy_romanow_provincial_laboratory	roy_romanow_provincial_laboratory
A/PuntaArenas/82948/2022	instituto_de_salud_publica_de_chile	instituto_de_salud_publica_de_chile
A/Brazil/5460/2022	centers_for_disease_control_and_prevention	instituto_adolfo_lutz
A/Santiago/84153/2022	centers_for_disease_control_and_prevention	instituto_de_salud_publica_de_chile
A/Acre/181814-IEC/2021	evandro_chagas_institute	lacen_ac___laboratório_central_de_saúde_pública_do_acre
A/Brazil/BA-LACEN-BA025-292038385/2021	laborat?rio_central_de_sa?de_publica_do_estado_da_bahia	laboratório_central_de_saúde_pública_professor_gonçalo_moniz,_lacen_ba
A/RiodeJaneiro/62064/2021	instituto_oswaldo_cruz_fiocruz___laboratory_of_respiratory_viruses_and_measles_(lvrs)	instituto_oswaldo_cruz_fiocruz___laboratory_of_respiratory_viruses_and_measles_(lvrs)
A/SaoPaulo/IAL/C7717/2021	instituto_adolfo_lutz	instituto_adolfo_lutz___national_influenza_center
A/Bahia/PVM105719/2021	fiocruz___instituto_gon?alo_moniz	plataforma_de_vigilancia_molecular_(pvm)___fiocruz/ba
A/SaoPaulo/IAL/C8097/2021	instituto_adolfo_lutz	instituto_adolfo_lutz___national_influenza_center
A/England/230420133/2023	uk_health_security_agency___colindale	uk_health_security_agency___colindale
A/Rancagua/71317/2022	centers_for_disease_control_and_prevention	instituto_de_salud_publica_de_chile
A/SantaCatarina/21665/2022	instituto_oswaldo_cruz_fiocruz___laboratory_of_respiratory_viruses_and_measles_(lvrs)	lacen/sc
A/Parana/26166/2022	instituto_oswaldo_cruz_fiocruz___laboratory_of_respiratory_viruses_and_measles_(lvrs)	laboratório_central_do_estado_do_paraná___lacen/pr
A/Yokohama/1/2021	national_institute_of_infectious_diseases_(niid)	yokohama_city_institute_of_public_health.
A/Victoria/4266/2022	who_collaborating_centre_for_reference_and_research_on_influenza	monash_medical_centre
A/Tasmania/125/2022	who_collaborating_centre_for_reference_and_research_on_influenza	royal_hobart_hospital
A/Victoria/3508/2022	who_collaborating_centre_for_reference_and_research_on_influenza	royal_melbourne_hospital
A/Perth/95/2022	who_collaborating_centre_for_reference_and_research_on_influenza	pathwest_qe_ii_medical_centre
A/Darwin/151/2022	who_collaborating_centre_for_reference_and_research_on_influenza	royal_darwin_hospital
A/Perth/42/2022	who_collaborating_centre_for_reference_and_research_on_influenza	pathwest_qe_ii_medical_centre
A/NewZealand/3560/2022	centers_for_disease_control_and_prevention	institute_of_environmental_science_&_research
A/Sichuan-Gaoxin/1138/2023-egg	centers_for_disease_control_and_prevention	who_chinese_national_influenza_center
A/Sichuan-Gaoxin/1138/2023	centers_for_disease_control_and_prevention	who_chinese_national_influenza_center
A/Washington/35449/2023		import_from_public_domain
A/Oregon/68/2022	centers_for_disease_control_and_prevention	oregon_public_health_laboratory
A/Taiwan/40005/2022	centers_for_disease_control_and_prevention	adimmune_corporation
A/Victoria/4301/2022	who_collaborating_centre_for_reference_and_research_on_influenza	royal_chidrens_hospital
A/Victoria/111/2022	who_collaborating_centre_for_reference_and_research_on_influenza	monash_medical_centre
A/Victoria/26/2022	who_collaborating_centre_for_reference_and_research_on_influenza	australian_clinical_laboratories
A/Dunedin/22/2022	who_collaborating_centre_for_reference_and_research_on_influenza	institute_of_environmental_science_and_research_(esr)
A/Victoria/174/2022	who_collaborating_centre_for_reference_and_research_on_influenza	melbourne_pathology
A/Singapore/GP1845/2022	ministry_of_health,_singapore	ministry_of_health,_singapore
A/Nagano/2205/2022	national_institute_of_infectious_diseases_(niid)	nagano_environmental_conservation_research_institute
A/Nagano/2206/2022	national_institute_of_infectious_diseases_(niid)	nagano_environmental_conservation_research_institute
A/Victoria/17/2022	who_collaborating_centre_for_reference_and_research_on_influenza	royal_melbourne_hospital
A/Sydney/672/2022	who_collaborating_centre_for_reference_and_research_on_influenza	institute_of_medical_and_veterinary_science_(imvs)
A/Brisbane/92/2022	who_collaborating_centre_for_reference_and_research_on_influenza	who_collaborating_centre_for_reference_and_research_on_influenza
A/Darwin/2066/2022	who_collaborating_centre_for_reference_and_research_on_influenza	royal_darwin_hospital
A/NakhonPhanom/NIC-P3144/2022	thai_national_influenza_center	thai_national_influenza_center
A/Nagasaki/21FS016/2021	niigata_university_(dph)	niigata_university_(idrc)
A/Antofagasta/71338/2022	centers_for_disease_control_and_prevention	instituto_de_salud_publica_de_chile
A/Canberra/13/2022	who_collaborating_centre_for_reference_and_research_on_influenza	canberra_hospital
A/Tasmania/27/2022	who_collaborating_centre_for_reference_and_research_on_influenza	hobart_pathology
A/Canberra/126/2022	who_collaborating_centre_for_reference_and_research_on_influenza	canberra_hospital
A/HongKong/2286/2017-egg	centers_for_disease_control_and_prevention	government_virus_unit
A/Afghanistan/837/2017	centers_for_disease_control_and_prevention	national_public_health_laboratory
A/Vietnam/Lisn131/2017	centers_for_disease_control_and_prevention	pasteur_institute,_influenza_laboratory
A/Syktyvkar/RII-4625S/2018	who_national_influenza_centre_russian_federation	
A/Vologda/RII-4337S/2018	who_national_influenza_centre_russian_federation	
A/Afghanistan/437/2017	centers_for_disease_control_and_prevention	national_public_health_laboratory
A/Afghanistan/435/2017	centers_for_disease_control_and_prevention	national_public_health_laboratory
A/Afghanistan/295/2017	centers_for_disease_control_and_prevention	national_public_health_laboratory
A/Singapore/MOH0138/2017	ministry_of_health,_singapore	ministry_of_health,_singapore
A/Maldives/1438/2017	centers_for_disease_control_and_prevention	ministry_of_health
A/Kamchatka/1/2018	state_research_center_of_virology_and_biotechnology_(vector)	
A/Amagasaki/3011/2018	national_institute_of_infectious_diseases_(niid)	amagasaki_city_institute_of_public_health
A/Jeonbuk/1427/2018	national_institute_of_infectious_diseases_(niid)	national_institute_of_health
A/HongKong/4819/2017	centers_for_disease_control_and_prevention	government_virus_unit
A/Vietnam/GHS992/2017	centers_for_disease_control_and_prevention	pasteur_institute,_influenza_laboratory
A/Rhyl/1947/2017	public_health_wales_microbiology	public_health_wales_microbiology
A/Aberystwyth/5413/2017	public_health_wales_microbiology	public_health_wales_microbiology
A/England/73660232/2017	microbiology_services_colindale,_public_health_england	microbiology_services_colindale,_public_health_england
A/Kanagawa/ZC1617/2017	centers_for_disease_control_and_prevention	national_institute_of_infectious_diseases_(niid)
A/Kenya/163/2018	centers_for_disease_control_and_prevention	cdc_kenya
A/Kenya/166/2018	centers_for_disease_control_and_prevention	cdc_kenya
A/NewZealand/755/2017	centers_for_disease_control_and_prevention	institute_of_environmental_science_&_research
A/NewZealand/1051/2017	centers_for_disease_control_and_prevention	institute_of_environmental_science_&_research
A/Singapore/GP0126/2017	ministry_of_health,_singapore	ministry_of_health,_singapore
A/Taiwan/307/2017	national_institute_of_infectious_diseases_(niid)	center_for_disease_control
A/Tokyo/17054/2017	national_institute_of_infectious_diseases_(niid)	tokyo_metropolitan_institute_of_public_health
A/NewZealand/875/2017	centers_for_disease_control_and_prevention	institute_of_environmental_science_&_research
A/SouthAfrica/R07339/2017	centers_for_disease_control_and_prevention	national_institute_for_communicable_disease
A/Mozambique/8218/2018	centers_for_disease_control_and_prevention	laboratório_de_isolamento_viral
A/NewZealand/664/2017	centers_for_disease_control_and_prevention	institute_of_environmental_science_&_research
A/Kanagawa/ZC1617/2017-egg	centers_for_disease_control_and_prevention	national_institute_of_infectious_diseases_(niid)
A/Singapore/EN0877/2017	ministry_of_health,_singapore	ministry_of_health,_singapore
A/Irkutsk/RII-1890S/2018	who_national_influenza_centre_russian_federation	
A/SouthAustralia/176/2018	who_collaborating_centre_for_reference_and_research_on_influenza	institute_of_medical_and_veterinary_science_(imvs)
A/Norway/3275/2018-egg	centers_for_disease_control_and_prevention	who_national_influenza_centre
A/Norway/3275/2018	centers_for_disease_control_and_prevention	who_national_influenza_centre
A/Victoria/2120/2018	who_collaborating_centre_for_reference_and_research_on_influenza	alfred_hospital
A/Ulaanbaatar/1532/2019	centers_for_disease_control_and_prevention	national_center_for_communicable_diseases
A/Singapore/IMH0039/2018	ministry_of_health,_singapore	ministry_of_health,_singapore
A/Singapore/MOH0157/2018	ministry_of_health,_singapore	ministry_of_health,_singapore
A/Vietnam/233/2018	centers_for_disease_control_and_prevention	national_institute_of_hygiene_and_epidemiology
A/Zhejiang-NH/1156/2019	zhejiang_provincial_center_for_disease_control_and_prevention	jiaxing_center_for_disease_control_and_prevention
A/Jiangsu-wuxi/152/2020	wuxi_center_for_disease_control_and_prevention	wuxi_center_for_disease_control_and_prevention
A/NewCaledonia/37/2019	who_collaborating_centre_for_reference_and_research_on_influenza	institut_pasteur_new_caledonia
A/Desnogorsk/RII-4178S/2019	who_national_influenza_centre_russian_federation	center_of_hygiene_and_epidemiology_in_smolensk_oblast
A/HongKong/CUHK3015/2018	chinese_university_of_hong_kong	the_chinese_university_of_hong_kong
A/HongKong/CUHK3033/2019	chinese_university_of_hong_kong	the_chinese_university_of_hong_kong
A/Guangdong-Huiyang/33/2019	who_chinese_national_influenza_center	who_chinese_national_influenza_center
A/Lao/2373/2019	centers_for_disease_control_and_prevention	national_center_for_laboratory_and_epidemiology
A/Bolivia/436/2020	centers_for_disease_control_and_prevention	instituto_nacional_de_laboratoriosde_salud_(inlasa)
A/Jiangsu-wuxi/1257/2019	wuxi_center_for_disease_control_and_prevention	wuxi_center_for_disease_control_and_prevention
A/Jiangsu-wuxi/1262/2019	wuxi_center_for_disease_control_and_prevention	wuxi_center_for_disease_control_and_prevention
A/Jiangsu-wuxi/128/2020	wuxi_center_for_disease_control_and_prevention	wuxi_center_for_disease_control_and_prevention
A/HongKong/CUHK3043/2019	chinese_university_of_hong_kong	the_chinese_university_of_hong_kong
A/Moscow/RII-532S/2018	who_national_influenza_centre_russian_federation	ivanovsky_research_institute_of_virology_rams
A/Vologda/RII-1090S/2020	who_national_influenza_centre_russian_federation	center_of_hygiene_and_epidemiology_in_vologda_oblast
A/Zhejiang-NH/118/2019	zhejiang_provincial_center_for_disease_control_and_prevention	jiaxing_center_for_disease_control_and_prevention
A/Victoria/743/2018	who_collaborating_centre_for_reference_and_research_on_influenza	monash_medical_centre
A/Chongqing-Yuzhong/11841/2018	centers_for_disease_control_and_prevention	who_chinese_national_influenza_center
A/Singapore/NUH0026/2019	ministry_of_health,_singapore	ministry_of_health,_singapore
A/Vietnam/203/2018	centers_for_disease_control_and_prevention	national_institute_of_hygiene_and_epidemiology
A/Vietnam/234/2018	centers_for_disease_control_and_prevention	national_institute_of_hygiene_and_epidemiology
A/Victoria/2123/2018	who_collaborating_centre_for_reference_and_research_on_influenza	alfred_hospital
A/Vietnam/209/2018	centers_for_disease_control_and_prevention	national_institute_of_hygiene_and_epidemiology
A/Brisbane/146/2018	who_collaborating_centre_for_reference_and_research_on_influenza	queensland_health_scientific_services
A/Newcastle/82/2018-egg	centers_for_disease_control_and_prevention	john_hunter_hospital
A/Newcastle/82/2018	centers_for_disease_control_and_prevention	john_hunter_hospital
A/Kanagawa/IC18160/2019	national_institute_of_infectious_diseases_(niid)	national_institute_of_infectious_diseases_(niid)
A/Bangor/4641/2019	public_health_wales_microbiology_cardiff	public_health_wales_microbiology_cardiff
A/Singapore/TT0476/2019	ministry_of_health,_singapore	ministry_of_health,_singapore
A/Sydney/53/2019-egg	centers_for_disease_control_and_prevention	clinical_virology_unit,_cdim
A/SosnovyiBor/RII-1864S/2019	who_national_influenza_centre_russian_federation	research_institute_of_influenza,_ministry_of_healthcare_of_the_russian_federation
A/Moscow/RII-533S/2018	who_national_influenza_centre_russian_federation	ivanovsky_research_institute_of_virology_rams
A/Galve/4/2019	public_health_agency_of_sweden	
A/Sizyabsk/RII-4261S/2019	who_national_influenza_centre_russian_federation	"fbuz_""center_of_hygiene_and_epidemiology"""
A/Nicaragua/9459-27AV1/2019		st._jude_children's_research_hospital,_host_microbe_interactions
A/Groznyi/RII-2749S/2019	who_national_influenza_centre_russian_federation	center_of_hygiene_and_epidemiology_in_republic of_chechnya
A/Pskov/RII-3521S/2019	who_national_influenza_centre_russian_federation	center_of_hygiene_and_epidemiology_in_pskov_region
A/RiodeJaneiro/416/2020	instituto_oswaldo_cruz_fiocruz___laboratory_of_respiratory_viruses_and_measles_(lvrs)	laboratório_central_de_saúde_pública_(lacen_rj)
A/MinasGerais/202012661/2019	centers_for_disease_control_and_prevention	instituto_oswaldo_cruz_fiocruz___laboratory_of_respiratory_viruses_and_measles_(lvrs)
A/HongKong/CUHK3064/2019	chinese_university_of_hong_kong	the_chinese_university_of_hong_kong
A/HongKong/CUHK3008/2018	chinese_university_of_hong_kong	the_chinese_university_of_hong_kong
A/HongKong/119/2019	centers_for_disease_control_and_prevention	government_virus_unit
A/HongKong/116/2019	centers_for_disease_control_and_prevention	government_virus_unit
A/Guangxi-Haicheng/1768/2019	who_chinese_national_influenza_center	who_chinese_national_influenza_center
A/Wakayama/118/2019	centers_for_disease_control_and_prevention	wakayama_prefectural_research_center_of_environment_and_public_health
A/Zhejiang-NH/126/2020	zhejiang_provincial_center_for_disease_control_and_prevention	jiaxing_center_for_disease_control_and_prevention
A/Zhejiang-NH/122/2020	zhejiang_provincial_center_for_disease_control_and_prevention	jiaxing_center_for_disease_control_and_prevention
A/Perth/1110/2019	who_collaborating_centre_for_reference_and_research_on_influenza	institute_of_medical_and_veterinary_science_(imvs)
A/Saitama-C/15/2020	centers_for_disease_control_and_prevention	saitama_city_institute_of_health__science_and_research
A/Sydney/1200/2019	who_collaborating_centre_for_reference_and_research_on_influenza	institute_of_medical_and_veterinary_science_(imvs)
A/SouthAustralia/9/2020	who_collaborating_centre_for_reference_and_research_on_influenza	institute_of_medical_and_veterinary_science_(imvs)
A/Italy/11134/2020	u.s._air_force_school_of_aerospace_medicine	u.s._air_force_school_of_aerospace_medicine_
A/StPetersburg/RII-4025S/2019	who_national_influenza_centre_russian_federation	research_institute_of_influenza,_ministry_of_healthcare_of_the_russian_federation
A/HongKong/CUHK3035/2019	chinese_university_of_hong_kong	the_chinese_university_of_hong_kong
A/HongKong/CUHK3036/2019	chinese_university_of_hong_kong	the_chinese_university_of_hong_kong
A/Victoria/935/2019	who_collaborating_centre_for_reference_and_research_on_influenza	royal_chidrens_hospital
A/SouthAustralia/34/2019	centers_for_disease_control_and_prevention	institute_of_medical_and_veterinary_science_(imvs)
A/Kanagawa/IC1884/2019	national_institute_of_infectious_diseases_(niid)	national_institute_of_infectious_diseases_(niid)
A/Chile/7868/2019	centers_for_disease_control_and_prevention	instituto_de_salud_publica_de_chile
A/Washington/15/2020	centers_for_disease_control_and_prevention	washington_state_public_health_laboratory
A/SouthAfrica/R06421/2019-egg	centers_for_disease_control_and_prevention	national_institute_for_communicable_disease
A/SantaCatarina/999/2019	instituto_oswaldo_cruz_fiocruz___laboratory_of_respiratory_viruses_and_measles_(lvrs)	lacen_sc
A/RiodeJaneiro/1027/2019	instituto_oswaldo_cruz_fiocruz___laboratory_of_respiratory_viruses_and_measles_(lvrs)	laboratório_central_de_saúde_pública_(lacen_rj)
A/Montana/63/2019	centers_for_disease_control_and_prevention	montana_laboratory_services_bureau
A/Minnesota/31/2019	centers_for_disease_control_and_prevention	minnesota_department_of_health
A/HongKong/CUHK3028/2019	chinese_university_of_hong_kong	the_chinese_university_of_hong_kong
A/NorthDakota/4/2020	centers_for_disease_control_and_prevention	north_dakota_department_of_health
A/Brisbane/PHV006/2019	queensland_health_forensic_and_scientific_services	queensland_health_forensic_and_scientific_services
A/Kanagawa/IC18103/2019	national_institute_of_infectious_diseases_(niid)	national_institute_of_infectious_diseases_(niid)
A/Parana/51/2020	instituto_oswaldo_cruz_fiocruz___laboratory_of_respiratory_viruses_and_measles_(lvrs)	laboratório_central_do_estado_do_paraná___lacen/pr
A/Sapporo/58/2019	national_institute_of_infectious_diseases_(niid)	sapporo_city_institute_of_public_health
A/SouthAustralia/1020/2019	who_collaborating_centre_for_reference_and_research_on_influenza	institute_of_medical_and_veterinary_science_(imvs)
A/Nagano/2598/2019	national_institute_of_infectious_diseases_(niid)	nagano_environmental_conservation_research_institute
A/Alaska/49/2019	centers_for_disease_control_and_prevention	alaska_state_virology_lab
A/Canberra/1007/2019	who_collaborating_centre_for_reference_and_research_on_influenza	institute_of_medical_and_veterinary_science_(imvs)
A/Canberra/145/2019	who_collaborating_centre_for_reference_and_research_on_influenza	canberra_hospital
A/Darwin/292/2019	who_collaborating_centre_for_reference_and_research_on_influenza	influenza_surveillance_centre_for_disease_control
A/Perth/1101/2019	who_collaborating_centre_for_reference_and_research_on_influenza	institute_of_medical_and_veterinary_science_(imvs)
A/Sydney/1074/2019	who_collaborating_centre_for_reference_and_research_on_influenza	institute_of_medical_and_veterinary_science_(imvs)
A/Saskatchewan/RV2378/2019	centers_for_disease_control_and_prevention	roy_romanow_provincial_laboratory_
A/Canberra/1006/2019	who_collaborating_centre_for_reference_and_research_on_influenza	institute_of_medical_and_veterinary_science_(imvs)
A/Perth/171/2019	who_collaborating_centre_for_reference_and_research_on_influenza	pathwest_qe_ii_medical_centre
A/Santiago/4891/2020	centers_for_disease_control_and_prevention	instituto_de_salud_publica_de_chile
A/NewHampshire/3/2020	centers_for_disease_control_and_prevention	new_hampshire_public_health_laboratories
A/Indiana/37/2019	centers_for_disease_control_and_prevention	indiana_state_department_of_health_laboratories
A/England/200820422/2020	microbiology_services_colindale,_public_health_england	microbiology_services_colindale,_public_health_england
A/England/200820420/2020	microbiology_services_colindale,_public_health_england	microbiology_services_colindale,_public_health_england
A/PuntaArenas/13357/2020	centers_for_disease_control_and_prevention	instituto_de_salud_publica_de_chile
A/Alagoas/552/2020	centers_for_disease_control_and_prevention	instituto_oswaldo_cruz_fiocruz___laboratory_of_respiratory_viruses_and_measles_(lvrs)
A/Dijon/87/2020	institut_pasteur	institut_pasteur
A/Belgium/IS0053/2020	sciensano	sciensano
A/Virginia/10928/2020	u.s._air_force_school_of_aerospace_medicine	u.s._air_force_school_of_aerospace_medicine_
A/Michigan/55/2020	centers_for_disease_control_and_prevention	university_of_michigan_sph_epid
A/Tasmania/516/2019	who_collaborating_centre_for_reference_and_research_on_influenza	hobart_pathology
A/Kanagawa/ZC1853/2019	national_institute_of_infectious_diseases_(niid)	national_institute_of_infectious_diseases_(niid)
A/Kanagawa/IC18154/2019	national_institute_of_infectious_diseases_(niid)	national_institute_of_infectious_diseases_(niid)
A/Neath/3346/2019	public_health_wales_microbiology_cardiff	public_health_wales_microbiology_cardiff
A/Kanagawa/AC1868/2019	national_institute_of_infectious_diseases_(niid)	national_institute_of_infectious_diseases_(niid)
A/NewCaledonia/21/2019	who_collaborating_centre_for_reference_and_research_on_influenza	institut_pasteur_new_caledonia
A/SouthAustralia/34/2019-egg	centers_for_disease_control_and_prevention	institute_of_medical_and_veterinary_science_(imvs)
A/HongKong/3057/2019	centers_for_disease_control_and_prevention	government_virus_unit
A/Arizona/55/2019	centers_for_disease_control_and_prevention	arizona_department_of_health_services
A/Wakayama/22/2019	national_institute_of_infectious_diseases_(niid)	wakayama_prefectural_research_center_of_environment_and_public_health
A/Colorado/11493/2020	u.s._air_force_school_of_aerospace_medicine	u.s._air_force_school_of_aerospace_medicine_
A/Lao/116/2020	centers_for_disease_control_and_prevention	national_center_for_laboratory_and_epidemiology
A/Lao/442/2020	centers_for_disease_control_and_prevention	national_center_for_laboratory_and_epidemiology
A/Lao/3797/2019	centers_for_disease_control_and_prevention	national_center_for_laboratory_and_epidemiology
A/Lao/2362/2019	centers_for_disease_control_and_prevention	national_center_for_laboratory_and_epidemiology
A/Lao/473/2020	centers_for_disease_control_and_prevention	national_center_for_laboratory_and_epidemiology
A/Lao/3302/2019	centers_for_disease_control_and_prevention	national_center_for_laboratory_and_epidemiology
A/Kanagawa/IC18141/2019	national_institute_of_infectious_diseases_(niid)	national_institute_of_infectious_diseases_(niid)
A/Kanagawa/IC18144/2019	national_institute_of_infectious_diseases_(niid)	national_institute_of_infectious_diseases_(niid)
A/Kanagawa/ZC1805/2019-egg	centers_for_disease_control_and_prevention	national_institute_of_infectious_diseases_(niid)
A/Kanagawa/ZC1805/2019	centers_for_disease_control_and_prevention	national_institute_of_infectious_diseases_(niid)
A/Lao/1176/2019	centers_for_disease_control_and_prevention	national_center_for_laboratory_and_epidemiology
A/Ayutthaya/483/2019	who_collaborating_centre_for_reference_and_research_on_influenza	who_national_influenza_centre,_national_institute_of_medical_research_(nimr)
A/Christchurch/515/2019-egg	centers_for_disease_control_and_prevention	canterbury_health_services
A/Taiwan/83319/2019	centers_for_disease_control_and_prevention	adimmune_corporation
A/SouthKorea/11268/2020	u.s._air_force_school_of_aerospace_medicine	u.s._air_force_school_of_aerospace_medicine_
A/SouthKorea/11267/2020	u.s._air_force_school_of_aerospace_medicine	u.s._air_force_school_of_aerospace_medicine_
A/SouthKorea/11273/2020	u.s._air_force_school_of_aerospace_medicine	u.s._air_force_school_of_aerospace_medicine_
A/SouthKorea/11274/2020	u.s._air_force_school_of_aerospace_medicine	u.s._air_force_school_of_aerospace_medicine_
A/SouthKorea/11275/2020	u.s._air_force_school_of_aerospace_medicine	u.s._air_force_school_of_aerospace_medicine_
A/Yokohama/61/2019	national_institute_of_infectious_diseases_(niid)	yokohama_city_institute_of_public_health.
A/Wakayama/19/2019	national_institute_of_infectious_diseases_(niid)	wakayama_prefectural_research_center_of_environment_and_public_health
A/Tasmania/48/2019	who_collaborating_centre_for_reference_and_research_on_influenza	royal_hobart_hospital
A/SouthAustralia/139/2019	who_collaborating_centre_for_reference_and_research_on_influenza	institute_of_medical_and_veterinary_science_(imvs)
A/Kanagawa/IC1870/2019	national_institute_of_infectious_diseases_(niid)	national_institute_of_infectious_diseases_(niid)
A/Alagoas/496/2020	centers_for_disease_control_and_prevention	instituto_oswaldo_cruz_fiocruz___laboratory_of_respiratory_viruses_and_measles_(lvrs)
A/RioDeJaneiro/1990/2020	centers_for_disease_control_and_prevention	instituto_oswaldo_cruz_fiocruz___laboratory_of_respiratory_viruses_and_measles_(lvrs)
A/MinasGerais/70/2020	centers_for_disease_control_and_prevention	instituto_oswaldo_cruz_fiocruz___laboratory_of_respiratory_viruses_and_measles_(lvrs)
A/MinasGerais/12710/2020	centers_for_disease_control_and_prevention	instituto_oswaldo_cruz_fiocruz___laboratory_of_respiratory_viruses_and_measles_(lvrs)
A/SouthAustralia/184/2018	who_collaborating_centre_for_reference_and_research_on_influenza	institute_of_medical_and_veterinary_science_(imvs)
A/Maldives/340/2018	centers_for_disease_control_and_prevention	ministry_of_health
A/Singapore/KK0061/2019	ministry_of_health,_singapore	ministry_of_health,_singapore
A/AbuDhabi/22/2019	centers_for_disease_control_and_prevention	shaikh_khalifa_medical_city
A/HongKong/CUHK3004/2018	chinese_university_of_hong_kong	the_chinese_university_of_hong_kong
A/Brasilia/2068302-IAL/2019	centers_for_disease_control_and_prevention	instituto_adolfo_lutz
A/Utah/1/2019	centers_for_disease_control_and_prevention	utah_department_of_health
A/Maldives/386/2018	centers_for_disease_control_and_prevention	ministry_of_health
A/Maldives/925/2018	centers_for_disease_control_and_prevention	ministry_of_health
A/Maldives/941/2018	centers_for_disease_control_and_prevention	ministry_of_health
A/CoteDIvoire/279/2019	centers_for_disease_control_and_prevention	pasteur_institut_of_côte_d'ivoire
A/BurkinaFaso/1045/2018	centers_for_disease_control_and_prevention	irss
A/BurkinaFaso/2414/2018	centers_for_disease_control_and_prevention	irss
A/Mali/91/2018	centers_for_disease_control_and_prevention	nic_lab_cvd_mali
A/BurkinaFaso/1317/2018	centers_for_disease_control_and_prevention	irss
A/Sweden/15/2019	public_health_agency_of_sweden	
A/FrancheComte/438/2019	institut_pasteur	
A/Pakistan/542/2019	centers_for_disease_control_and_prevention	national_institute_of_health
A/Bourgogne/2740/2018	institut_pasteur	
A/Michigan/458/2019	centers_for_disease_control_and_prevention	michigan_department_of_community_health
A/NakhonRatachasima/1382/2019	centers_for_disease_control_and_prevention	who_national_influenza_centre,_national_institute_of_medical_research_(nimr)
A/Singapore/TT0807/2019	ministry_of_health,_singapore	ministry_of_health,_singapore
A/AbuDhabi/3/2019	centers_for_disease_control_and_prevention	shaikh_khalifa_medical_city
A/Haiti/304/2020	centers_for_disease_control_and_prevention	laboratoire_national_de_sante_publique
A/Bhutan/769/2020	centers_for_disease_control_and_prevention	royal_centre_for_disease_control
A/Bhutan/762/2020	centers_for_disease_control_and_prevention	royal_centre_for_disease_control
A/Bhutan/770/2020	centers_for_disease_control_and_prevention	royal_centre_for_disease_control
A/StPetersburg/RII-810S/2020	who_national_influenza_centre_russian_federation	research_institute_of_influenza,_ministry_of_healthcare_of_the_russian_federation
A/Bahia/466223/2020	laborat?rio_central_de_sa?de_publica_do_estado_da_bahia	laboratório_central_de_saúde_pública_professor_gonçalo_moniz,_lacen_ba
A/Luxembourg/LNS4424048/2020	laboratoire_national_de_sant?	laboratoire_national_de_santé_
A/Singapore/TT0887/2019	ministry_of_health,_singapore	ministry_of_health,_singapore
A/Yokohama/168/2019	centers_for_disease_control_and_prevention	yokohama_city_institute_of_public_health.
A/Norway/2279/2019-egg	centers_for_disease_control_and_prevention	who_national_influenza_centre
A/Massachusetts/7/2020	centers_for_disease_control_and_prevention	massachusetts_department_of_public_health
A/Kitakyushu/1/2020	centers_for_disease_control_and_prevention	kitakyusyu_city_institute_of_enviromental_sciences
A/Perth/197/2019	who_collaborating_centre_for_reference_and_research_on_influenza	pathwest_qe_ii_medical_centre
A/Singapore/SGH0618/2019	ministry_of_health,_singapore	ministry_of_health,_singapore
A/StPetersburg/RII-804S/2020	who_national_influenza_centre_russian_federation	research_institute_of_influenza,_ministry_of_healthcare_of_the_russian_federation
A/StPetersburg/RII-721S/2020	who_national_influenza_centre_russian_federation	research_institute_of_influenza,_ministry_of_healthcare_of_the_russian_federation
A/StPetersburg/RII-1593S/2020	who_national_influenza_centre_russian_federation	research_institute_of_influenza,_ministry_of_healthcare_of_the_russian_federation
A/StPetersburg/RII-1656S/2020	who_national_influenza_centre_russian_federation	research_institute_of_influenza,_ministry_of_healthcare_of_the_russian_federation
A/StPetersburg/RII-2483S/2020	who_national_influenza_centre_russian_federation	research_institute_of_influenza,_ministry_of_healthcare_of_the_russian_federation
A/Texas/11279/2019	u.s._air_force_school_of_aerospace_medicine	u.s._air_force_school_of_aerospace_medicine_
A/India/Del-IGSQ725/2019	icmr_national_institute_of_virology	icmr_national_institute_of_virology
A/StPetersburg/RII-324/2019	who_national_influenza_centre_russian_federation	research_institute_of_influenza,_ministry_of_healthcare_of_the_russian_federation
A/Singapore/TT0043/2020	ministry_of_health,_singapore	ministry_of_health,_singapore
A/Bangladesh/1191010018/2019	centers_for_disease_control_and_prevention	icddr,b_international_centre_for_diarrhoeal_disease_research,_bangladesh
A/Bahrain/835/2019	centers_for_disease_control_and_prevention	ministry_of_health_bahrain
A/Maldives/1631/2021	centers_for_disease_control_and_prevention	ministry_of_health
A/Maldives/1634/2021	centers_for_disease_control_and_prevention	ministry_of_health
A/RioGrandedoSul/26/2020	instituto_oswaldo_cruz_fiocruz___laboratory_of_respiratory_viruses_and_measles_(lvrs)	lacen/rs___laboratório_central_de_saúde_pública_do_rio_grande_do_sul
A/Tasmania/503/2020	centers_for_disease_control_and_prevention	hobart_pathology
A/Darwin/132/2020	who_collaborating_centre_for_reference_and_research_on_influenza	influenza_surveillance_centre_for_disease_control
A/Darwin/113/2020	who_collaborating_centre_for_reference_and_research_on_influenza	influenza_surveillance_centre_for_disease_control
A/Finland/183/2020-egg	centers_for_disease_control_and_prevention	national_institute_for_health_and_welfare
A/Tasmania/503/2020-egg	centers_for_disease_control_and_prevention	hobart_pathology
A/Saitama/92/2020	centers_for_disease_control_and_prevention	saitama_institute_of_public_health
A/Miyagi/1/2021	national_institute_of_infectious_diseases_(niid)	miyagi_prefectural_institute_of_public_health_and_environment
A/Miyagi/2/2021	national_institute_of_infectious_diseases_(niid)	miyagi_prefectural_institute_of_public_health_and_environment
A/Darwin/2/2021	who_collaborating_centre_for_reference_and_research_on_influenza	influenza_surveillance_centre_for_disease_control
A/Darwin/1/2021	who_collaborating_centre_for_reference_and_research_on_influenza	influenza_surveillance_centre_for_disease_control
A/Darwin/3/2021	who_collaborating_centre_for_reference_and_research_on_influenza	influenza_surveillance_centre_for_disease_control
A/Saitama/92/2020-egg	centers_for_disease_control_and_prevention	saitama_institute_of_public_health
A/Cambodia/984/2020	centers_for_disease_control_and_prevention	national_public_health_laboratory
A/Bangkok/57/2020	centers_for_disease_control_and_prevention	who_national_influenza_centre,_national_institute_of_medical_research_(nimr)
A/Ayutthaya/61/2020	centers_for_disease_control_and_prevention	who_national_influenza_centre,_national_institute_of_medical_research_(nimr)
A/Cambodia/3648/2020	centers_for_disease_control_and_prevention	national_public_health_laboratory
A/Cambodia/E0826360/2020-egg	centers_for_disease_control_and_prevention	who_collaborating_centre_for_reference_and_research_on_influenza
A/Thailand/11/2021	centers_for_disease_control_and_prevention	who_national_influenza_centre,_national_institute_of_medical_research_(nimr)
A/Cambodia/E0826360/2020	centers_for_disease_control_and_prevention	who_collaborating_centre_for_reference_and_research_on_influenza
A/Cambodia/1171/2020	centers_for_disease_control_and_prevention	national_public_health_laboratory
A/Cambodia/1167/2020	centers_for_disease_control_and_prevention	national_public_health_laboratory
A/Cambodia/731/2020	centers_for_disease_control_and_prevention	national_public_health_laboratory
A/Cambodia/e0826360/2020-egg	centers_for_disease_control_and_prevention	institute_pasteur_du_cambodia
A/Cambodia/e1012399/2020	who_collaborating_centre_for_reference_and_research_on_influenza	institute_pasteur_du_cambodia
A/Lao/1747/2020	centers_for_disease_control_and_prevention	national_center_for_laboratory_and_epidemiology
A/Lao/1740/2020	centers_for_disease_control_and_prevention	national_center_for_laboratory_and_epidemiology
A/Lao/1750/2020	centers_for_disease_control_and_prevention	national_center_for_laboratory_and_epidemiology
A/Lao/1743/2020	centers_for_disease_control_and_prevention	national_center_for_laboratory_and_epidemiology
A/Lao/F1384/2021	national_institute_of_infectious_diseases_(niid)	national_center_for_laboratory_and_epidemiology
A/Lao/819-0112/2021	moru_tropical_health_network	lao_oxford_mahosot_wellcome_trust_research_unit_(lomwru)
A/Lao/820-0068/2021	moru_tropical_health_network	lao_oxford_mahosot_wellcome_trust_research_unit_(lomwru)
A/Lao/1218/2021	centers_for_disease_control_and_prevention	national_center_for_laboratory_and_epidemiology
A/Lao/941/2021	centers_for_disease_control_and_prevention	national_center_for_laboratory_and_epidemiology
A/Lao/785/2021	centers_for_disease_control_and_prevention	national_center_for_laboratory_and_epidemiology
A/Lao/799/2021	centers_for_disease_control_and_prevention	national_center_for_laboratory_and_epidemiology
A/Lao/F0971/2021	national_institute_of_infectious_diseases_(niid)	national_center_for_laboratory_and_epidemiology
A/Lao/504/2021	centers_for_disease_control_and_prevention	national_center_for_laboratory_and_epidemiology
A/Lao/F1288/2021	national_institute_of_infectious_diseases_(niid)	national_center_for_laboratory_and_epidemiology
A/Lao/924/2021	centers_for_disease_control_and_prevention	national_center_for_laboratory_and_epidemiology
A/Lao/527/2021	centers_for_disease_control_and_prevention	national_center_for_laboratory_and_epidemiology
A/Lao/F1221/2021	national_institute_of_infectious_diseases_(niid)	national_center_for_laboratory_and_epidemiology
A/Yamagata/1/2021	centers_for_disease_control_and_prevention	yamagata_prefectural_institute_of_public_health
A/Yamagata/2/2021	national_institute_of_infectious_diseases_(niid)	yamagata_prefectural_institute_of_public_health
A/Jiangsu-wuxi/858/2022	wuxi_center_for_disease_control_and_prevention	wuxi_center_for_disease_control_and_prevention
A/Guangzhou/86/2022	the_university_of_hong_kong	the_first_affiliated_hospital_of_guangzhou_medical_university
A/Zhejiang-NH/1685/2022	zhejiang_provincial_center_for_disease_control_and_prevention	jiaxing_center_for_disease_control_and_prevention
A/HongKong/4/2022	centers_for_disease_control_and_prevention	government_virus_unit
A/Zhejiang-NH/1811/2022	zhejiang_provincial_center_for_disease_control_and_prevention	jiaxing_cdc
A/Zhejiang-Gongshu/1920/2022-egg	centers_for_disease_control_and_prevention	who_chinese_national_influenza_center
A/Zhejiang-NH/1829/2022	zhejiang_provincial_center_for_disease_control_and_prevention	jiaxing_center_for_disease_control_and_prevention
A/Rencheng/11161/2022	jining_center_for_disease_control_and_prevention	_jining_center_for_disease_control_and_prevention
A/Zhejiang-NH/11281/2022	zhejiang_provincial_center_for_disease_control_and_prevention	jiaxing_cdc
A/Guangdong-Zhongshan/1443/2022	centers_for_disease_control_and_prevention	who_chinese_national_influenza_center
A/Guizhou-Liuzhite/326/2022	centers_for_disease_control_and_prevention	who_chinese_national_influenza_center
A/Rencheng/11005/2022	jining_center_for_disease_control_and_prevention	_jining_center_for_disease_control_and_prevention
A/Sichuan-Fucheng/11625/2022-egg	centers_for_disease_control_and_prevention	who_chinese_national_influenza_center
A/Zhejiang-NH/11251/2022	zhejiang_provincial_center_for_disease_control_and_prevention	jiaxing_cdc
A/Zhejiang-NH/1762/2022	zhejiang_provincial_center_for_disease_control_and_prevention	jiaxing_center_for_disease_control_and_prevention
A/Zhejiang-NH/1735/2022	zhejiang_provincial_center_for_disease_control_and_prevention	jiaxing_cdc
A/Zhejiang-NH/1828/2022	zhejiang_provincial_center_for_disease_control_and_prevention	jiaxing_cdc
A/Zhejiang-NH/1774/2022	zhejiang_provincial_center_for_disease_control_and_prevention	jiaxing_cdc
A/India/PUN-NIV239602/2020	centers_for_disease_control_and_prevention	national_institute_of_virology
A/Lima/PBF270221233/2021	naval_medical_research_unit_6_(namru_6)	naval_medical_research_unit_6_(namru_6)
A/Bagua/FPG00803/2021	naval_medical_research_unit_6_(namru_6)	naval_medical_research_unit_6_(namru_6)
A/Amazonas/181133-IEC/2021	evandro_chagas_institute	evandro_chagas_institute
A/Panama/M112066/2021	centers_for_disease_control_and_prevention	instituto_conmemorativo_gorgas_de_estudios_de_la_salud
A/Karaganda/355/2022	national_center_for_expertise,_kazakhstan	laboratory_of_virology,_national_center_of_expertise,_branch_in_karagandy_region
A/Moscow/83/2021	d.i._ivanovsky_research_institute_of_virology_moph_of__rf,moscow	nrcem_gamaleya_
A/Orenburg/42/2021	centers_for_disease_control_and_prevention	ivanovsky_research_institute_of_virology_rams
A/Nepal/NPWR-05637/2021	national_institute_of_infectious_diseases_(niid)	national_public_health_laboratory
A/Bhutan/6/2023	centers_for_disease_control_and_prevention	royal_centre_for_disease_control
A/Indonesia/BIOKES-ISMG0751/2021	balai_besar_laboratorium_biologi_kesehatan	balai_besar_laboratorium_biologi_kesehatan
A/Singapore/TT0220/2022	ministry_of_health,_singapore	ministry_of_health,_singapore
A/SouthAfrica/R13923/2021	national_institute_for_communicable_diseases_(nicd)	national_institute_for_communicable_diseases
A/Darwin/53/2021	who_collaborating_centre_for_reference_and_research_on_influenza	royal_darwin_hospital
A/India/PUN-NIV303835/2021	centers_for_disease_control_and_prevention	national_institute_of_virology
A/Pennsylvania/1/2021-egg	centers_for_disease_control_and_prevention	pennsylvania_department_of_health
A/Pennsylvania/1/2021	centers_for_disease_control_and_prevention	pennsylvania_department_of_health
A/Madagascar/796/2022	centers_for_disease_control_and_prevention	institut_pasteur_de_madagascar
A/Darwin/36/2021-egg	centers_for_disease_control_and_prevention	royal_darwin_hospital
A/Darwin/36/2021	who_collaborating_centre_for_reference_and_research_on_influenza	royal_darwin_hospital
A/Singapore/INFKK0002/2021	ministry_of_health,_singapore	ministry_of_health,_singapore
A/Singapore/INFKK0002/2021-egg	who_collaborating_centre_for_reference_and_research_on_influenza	ministry_of_health,_singapore
A/Bangladesh/2170/2021	centers_for_disease_control_and_prevention	institute_of_epidemiology_disease_control_and_research_(iedcr)_&_bangladesh_national_influenza_centre_(nic)
A/Alagoas/CEVI_2200198/2021	instituto_butantan	instituto_butantan
A/Texas/117/2022	centers_for_disease_control_and_prevention	baylor_scott_and_white_health
A/Darwin/12/2021	who_collaborating_centre_for_reference_and_research_on_influenza	influenza_surveillance_centre_for_disease_control
A/Darwin/11/2021	centers_for_disease_control_and_prevention	influenza_surveillance_centre_for_disease_control
A/Darwin/9/2021-egg	national_institute_for_biological_standards_and_control_(nibsc)	victorian_infectious_diseases_reference_laboratory_
A/Washington/58/2022	centers_for_disease_control_and_prevention	washington_state_public_health_laboratory
A/Ibaraki/1/2022	national_institute_of_infectious_diseases_(niid)	ibaraki_prefectural_institute_of_public_health
A/Hyogo/4010/2022	national_institute_of_infectious_diseases_(niid)	hyogo_prefectural_institute_of_public_health_and_consumer_sciences
A/Okinawa/193/2022	national_institute_of_infectious_diseases_(niid)	okinawa_prefectural_institute_of_health_and_environment
A/Osaka/2/2022	national_institute_of_infectious_diseases_(niid)	osaka_prefectural_institute_of_public_health
A/Wakayama/1/2022	national_institute_of_infectious_diseases_(niid)	wakayama_prefectural_research_center_of_environment_and_public_health
A/Yamaguchi/1/2022	national_institute_of_infectious_diseases_(niid)	yamaguchi_prefectural_institute_of_public_health_and_environment
A/Fukuoka/FS21/2022	national_institute_of_infectious_diseases_(niid)	fukuoka_institute_of_public_health_and_environmental_sciences
A/Fukui/1/2022	national_institute_of_infectious_diseases_(niid)	fukui_prefectural_institute_of_public_health
A/AbuDhabi/1/2021	centers_for_disease_control_and_prevention	shaikh_khalifa_medical_city
A/Kenya/GIHSN-HCL022161518401/2021	cnr_virus_des_infections_respiratoires,_france_sud	kenya_medical_research_institute
A/Kenya/117/2021	centers_for_disease_control_and_prevention	cdc_kenya
A/Kenya/101/2021	centers_for_disease_control_and_prevention	cdc_kenya
A/Kenya/105/2021	centers_for_disease_control_and_prevention	cdc_kenya
A/Darwin/6/2021-egg	centers_for_disease_control_and_prevention	who_collaborating_centre_for_reference_and_research_on_influenza
A/Darwin/6/2021	centers_for_disease_control_and_prevention	who_collaborating_centre_for_reference_and_research_on_influenza
A/India/Del-IGSQ738/2021	icmr_national_institute_of_virology	icmr_national_institute_of_virology
A/Darwin/18/2021	who_collaborating_centre_for_reference_and_research_on_influenza	influenza_surveillance_centre_for_disease_control
A/Darwin/19/2021	who_collaborating_centre_for_reference_and_research_on_influenza	influenza_surveillance_centre_for_disease_control
A/StPetersburg/RII-5709S/2021	who_national_influenza_centre_russian_federation	research_institute_of_influenza,_ministry_of_healthcare_of_the_russian_federation
A/StPetersburg/RII-47751S/2021	who_national_influenza_centre_russian_federation	research_institute_of_influenza,_ministry_of_healthcare_of_the_russian_federation
A/Altai/167-10V/2021	state_research_center_of_virology_and_biotechnology_(vector)	fbuz_centre_of_hygiene_and_epidemiology
A/Krasnoyarsk/RII-MH45606S/2021	who_national_influenza_centre_russian_federation	center_of_hygiene_and_epidemiology_in_krasnoyarsk_krai
A/Salekhard/RII-MH51164S/2021	who_national_influenza_centre_russian_federation	center_of_hygiene_and_epidemiology_in_yamalo_nenets_autonomous_okrug
A/Nadym/RII-MH48442S/2021	who_national_influenza_centre_russian_federation	center_of_hygiene_and_epidemiology_in_yamalo_nenets_autonomous_okrug
A/Saitama/1/2021	national_institute_of_infectious_diseases_(niid)	saitama_institute_of_public_health
A/Kaliningrad/RII-02V/2021	who_national_influenza_centre_russian_federation	research_institute_of_influenza,_ministry_of_healthcare_of_the_russian_federation
A/Kaliningrad/RII-06V/2021	who_national_influenza_centre_russian_federation	research_institute_of_influenza,_ministry_of_healthcare_of_the_russian_federation
A/Tunisia/2270/2022	centers_for_disease_control_and_prevention	hopital_charles_nicolle
A/Lisbon/185/2022	instituto_nacional_de_sa?de_dr._ricardo_jorge	ghent_university
A/Galicia/1605/2022	instituto_de_salud_carlos_iii	servicio_de_microbiología_hospital_santa_maría_nai
A/Romania/543647/2022	cantacuzino_institute	cantacuzino_national_military_medical_institute_for_research_and_development
A/Denmark/2296/2022	statens_serum_institute	statens_serum_institute
A/France/ARA-HCL023028084601/2023	cnr_virus_des_infections_respiratoires,_france_sud	cnr_virus_des_infections_respiratoires___france_sud
A/Gavle/5/2022	public_health_agency_of_sweden	klinisk_mikrobiologi,_laboratoriemedicin_gavleborg,_gavle_sjukhus
A/France/ARA-HCL022204692901/2022	maladies_infectieuses,_hospices_civils_de_lyon	cnr_virus_des_infections_respiratoires___france_sud
A/Saskatchewan/SKFLU289162/2022	row_roamnow_provincial_laboratory	roy_romanow_provincial_laboratory
A/France/ARA-HCL023020105801/2023	cnr_virus_des_infections_respiratoires,_france_sud	cnr_virus_des_infections_respiratoires___france_sud
A/Yamagata/3/2023	national_institute_of_infectious_diseases_(niid)	yamagata_prefectural_institute_of_public_health
A/Yamanashi/23155/2023	national_institute_of_infectious_diseases_(niid)	yamanashi_institute_for_public_health
A/Navarra/4988/2022	instituto_de_salud_carlos_iii	servicio_de_microbiología_complejo_hospitalario_de_navarra
A/Belgium/G0211/2023	sciensano	sciensano
A/England/225261037/2022	uk_health_security_agency___colindale	uk_health_security_agency___colindale
A/Catalonia/NSVH132426025/2022	hospital_universitari_vall_d'hebron	hospital_universitari_vall_d'hebron
A/SouthAfrica/R04387/2023	national_institute_for_communicable_diseases_(nicd)	national_institute_for_communicable_diseases_(nicd)
A/RheinlandPfalz/USAFSAM-13906/2022		
A/Henan-Shihe/1480/2023-egg	centers_for_disease_control_and_prevention	who_chinese_national_influenza_center
A/Henan-Shihe/1977/2023-egg	centers_for_disease_control_and_prevention	who_chinese_national_influenza_center
A/Henan-Shihe/1977/2023	centers_for_disease_control_and_prevention	who_chinese_national_influenza_center
A/Michigan/UOM10043240198/2021	university_of_michigan	university_of_michigan_clinical_microbiology_laboratory
A/Denmark/116/2021	statens_serum_institute	statens_serum_institute
A/Netherlands/7/2021	erasmus_medical_center	erasmus_medical_center
A/Tunisia/1580/2022	centers_for_disease_control_and_prevention	hopital_charles_nicolle
A/BadenWurttemberg/1/2021	robert_koch_institute_nationales_referenzzentrum_f?r_influenza	robert_koch_institute_nationales_referenzzentrum_für_influenza
A/Netherlands/7/2021-egg	erasmus_medical_center	erasmus_medical_center
A/Colorado/12758/2022	u.s._air_force_school_of_aerospace_medicine	u.s._air_force_school_of_aerospace_medicine_
A/Slovenia/9216/2022-egg	centers_for_disease_control_and_prevention	laboratory_for_virology,_national_institute_of_public_health
A/Slovenia/9318/2022-egg	centers_for_disease_control_and_prevention	laboratory_for_virology,_national_institute_of_public_health
A/AkkarLBN/7377/2021	crick_worldwide_influenza_centre	rafic_hariri_university_hospital_4th_floor_dna/research_lab
A/Sydney/24/2021	who_collaborating_centre_for_reference_and_research_on_influenza	clinical_virology_unit,_cdim
A/Sydney/19/2021	who_collaborating_centre_for_reference_and_research_on_influenza	clinical_virology_unit,_cdim
A/Sydney/18/2021	who_collaborating_centre_for_reference_and_research_on_influenza	clinical_virology_unit,_cdim
A/Uppsala/19/2021	public_health_agency_of_sweden	klinisk_mikrobiologi,_akademiska_sjukhuset_uppsala
A/Uppsala/10/2021	public_health_agency_of_sweden	klinisk_mikrobiologi,_akademiska_sjukhuset_uppsala
A/Uppsala/9/2021	public_health_agency_of_sweden	klinisk_mikrobiologi,_akademiska_sjukhuset_uppsala
A/Stockholm/24/2021	public_health_agency_of_sweden	klinisk_mikrobiologi,_viruslab_huddinge,__karolinska_universitetslaboratoriet_karolinska_universitetssjukhuset
A/Sweden/13/2021	public_health_agency_of_sweden	public_health_agency_of_sweden
A/Netherlands/10216/2021	national_institute_for_public_health_and_the_environment_(rivm)	national_institute_for_public_health_and_the_environment_(rivm)
A/Yokohama/2/2021	national_institute_of_infectious_diseases_(niid)	yokohama_city_institute_of_public_health.
A/Texas/12649/2021	u.s._air_force_school_of_aerospace_medicine	u.s._air_force_school_of_aerospace_medicine_
A/Missouri/3/2021	centers_for_disease_control_and_prevention	missouri_department._of_health_&_senior_services
A/Michigan/UOM10043240231/2021	university_of_michigan	university_of_michigan_clinical_microbiology_laboratory
A/Michigan/UOM10042638595/2021	university_of_michigan	university_of_michigan_clinical_microbiology_laboratory
A/Michigan/UOM10043365478/2021	university_of_michigan	university_of_michigan_clinical_microbiology_laboratory
A/Maryland/12224/2021	u.s._air_force_school_of_aerospace_medicine	u.s._air_force_school_of_aerospace_medicine_
A/Maryland/12447/2021	u.s._air_force_school_of_aerospace_medicine	u.s._air_force_school_of_aerospace_medicine_
A/Maryland/2/2021	centers_for_disease_control_and_prevention	maryland_department_of_health_and_mental_hygiene
A/RhodeIsland/4/2021-egg	centers_for_disease_control_and_prevention	rhode_island_department_of_health
A/Florida/4/2021	centers_for_disease_control_and_prevention	florida_department_of_health_jacksonville
A/Nebraska/13013/2022	u.s._air_force_school_of_aerospace_medicine	u.s._air_force_school_of_aerospace_medicine_
A/Delaware/12949/2022	u.s._air_force_school_of_aerospace_medicine	u.s._air_force_school_of_aerospace_medicine_
A/RhodeIsland/4/2021	centers_for_disease_control_and_prevention	rhode_island_department_of_health
A/NewHampshire/8/2021	centers_for_disease_control_and_prevention	new_hampshire_public_health_laboratories
A/Michigan/11/2021	centers_for_disease_control_and_prevention	michigan_department_of_community_health
A/Texas/8/2021	centers_for_disease_control_and_prevention	san_antonio_metropolitan_health
A/Michigan/UOM10043059605/2021	university_of_michigan	university_of_michigan_clinical_microbiology_laboratory
A/Colorado/6/2021	centers_for_disease_control_and_prevention	colorado_department_of_health_lab
A/Louisiana/3/2022	centers_for_disease_control_and_prevention	louisiana_department_of_health_and_hospitals
A/Michigan/UOM10044302377/2022	university_of_michigan	university_of_michigan_clinical_microbiology_laboratory
A/Idaho/2/2021	centers_for_disease_control_and_prevention	state_of_idaho_bureau_of_laboratories
A/Yokohama/3/2021	national_institute_of_infectious_diseases_(niid)	yokohama_city_institute_of_public_health.
A/Tennessee/13/2021	centers_for_disease_control_and_prevention	tennessee_department_of_health_laboratory_nashville
A/Delaware/7/2021	centers_for_disease_control_and_prevention	delaware_public_health_lab
A/NewYork/PV42507/2021	icahn_school_of_medicine_at_mount_sinai	icahn_school_of_medicine_at_mount_sinai
A/Iowa/7/2021-egg	centers_for_disease_control_and_prevention	iowa_state_hygienic_laboratory
A/Iowa/7/2021	centers_for_disease_control_and_prevention	iowa_state_hygienic_laboratory
A/NewYork/PV42511/2021	icahn_school_of_medicine_at_mount_sinai	icahn_school_of_medicine_at_mount_sinai
A/Delaware/1/2021-egg	centers_for_disease_control_and_prevention	delaware_public_health_lab
A/Delaware/1/2021	centers_for_disease_control_and_prevention	delaware_public_health_lab
A/England/211640706/2021	microbiology_services_colindale,_public_health_england	microbiology_services_colindale,_public_health_england
A/Michigan/173/2020-egg	centers_for_disease_control_and_prevention	michigan_department_of_community_health
A/Michigan/173/2020	centers_for_disease_control_and_prevention	michigan_department_of_community_health
A/Bangladesh/8013/2020	centers_for_disease_control_and_prevention	icddr,b_international_centre_for_diarrhoeal_disease_research,_bangladesh
A/StPetersburg/RII-04/2021	centers_for_disease_control_and_prevention	research_institute_of_influenza,_ministry_of_healthcare_of_the_russian_federation
A/StPetersburg/RII-13V/2021	who_national_influenza_centre_russian_federation	research_institute_of_influenza,_ministry_of_healthcare_of_the_russian_federation
A/Bangladesh/1168/2020	centers_for_disease_control_and_prevention	institute_of_epidemiology_disease_control_and_research_(iedcr)_&_bangladesh_national_influenza_centre_(nic)
A/Bangladesh/3015/2020	centers_for_disease_control_and_prevention	icddr,b_international_centre_for_diarrhoeal_disease_research,_bangladesh
A/Bangladesh/911009/2020	centers_for_disease_control_and_prevention	icddr,b_international_centre_for_diarrhoeal_disease_research,_bangladesh
A/Bangladesh/1936/2020	centers_for_disease_control_and_prevention	institute_of_epidemiology_disease_control_and_research_(iedcr)_&_bangladesh_national_influenza_centre_(nic)
A/Bangladesh/1002/2020	centers_for_disease_control_and_prevention	icddr,b_international_centre_for_diarrhoeal_disease_research,_bangladesh
A/Bangladesh/1201012021/2020	centers_for_disease_control_and_prevention	icddr,b_international_centre_for_diarrhoeal_disease_research,_bangladesh
A/Bangladesh/9012/2020	centers_for_disease_control_and_prevention	icddr,b_international_centre_for_diarrhoeal_disease_research,_bangladesh
A/Bangladesh/10006/2020	centers_for_disease_control_and_prevention	icddr,b_international_centre_for_diarrhoeal_disease_research,_bangladesh
A/Bangladesh/9005/2020	centers_for_disease_control_and_prevention	icddr,b_international_centre_for_diarrhoeal_disease_research,_bangladesh
A/Bangladesh/1200903012/2020	centers_for_disease_control_and_prevention	icddr,b_international_centre_for_diarrhoeal_disease_research,_bangladesh
A/Bangladesh/3201003001/2020	centers_for_disease_control_and_prevention	icddr,b_international_centre_for_diarrhoeal_disease_research,_bangladesh
A/Bangladesh/1200903004/2020	centers_for_disease_control_and_prevention	icddr,b_international_centre_for_diarrhoeal_disease_research,_bangladesh
A/Bangladesh/4006/2020	centers_for_disease_control_and_prevention	icddr,b_international_centre_for_diarrhoeal_disease_research,_bangladesh
A/Bangladesh/1928/2020	centers_for_disease_control_and_prevention	institute_of_epidemiology_disease_control_and_research_(iedcr)_&_bangladesh_national_influenza_centre_(nic)
A/England/214780301/2021	uk_health_security_agency___colindale	uk_health_security_agency___colindale
A/Netherlands/11672/2022	national_institute_for_public_health_and_the_environment_(rivm)	academic_medical_center,_university_of_amsterdam
A/England/214980477/2021	uk_health_security_agency___colindale	uk_health_security_agency___colindale
A/Bangladesh/9028/2021	centers_for_disease_control_and_prevention	icddr,b_international_centre_for_diarrhoeal_disease_research,_bangladesh
A/Galicia/221457/2021	instituto_de_salud_carlos_iii	servicio_de_microbiología_hospital_meixoeiro
A/Catalonia/NSVH101703850/2021	hospital_universitari_vall_d'hebron	hospital_universitari_vall_d'hebron
A/Sydney/23/2021	who_collaborating_centre_for_reference_and_research_on_influenza	clinical_virology_unit,_cdim
A/Victoria/17/2021	who_collaborating_centre_for_reference_and_research_on_influenza	alfred_hospital
A/Sydney/22/2021	who_collaborating_centre_for_reference_and_research_on_influenza	clinical_virology_unit,_cdim
A/England/214860669/2021	uk_health_security_agency___colindale	uk_health_security_agency___colindale
A/Denmark/5/2021	statens_serum_institute	statens_serum_institute
A/Bahrain/6396/2021	centers_for_disease_control_and_prevention	ministry_of_health_bahrain
A/Darwin/21/2021	who_collaborating_centre_for_reference_and_research_on_influenza	influenza_surveillance_centre_for_disease_control
A/Darwin/22/2021-egg	centers_for_disease_control_and_prevention	influenza_surveillance_centre_for_disease_control
A/Bahrain/3503/2021	centers_for_disease_control_and_prevention	ministry_of_health_bahrain
A/Bahrain/3198/2021	centers_for_disease_control_and_prevention	ministry_of_health_bahrain
A/Bangladesh/4037/2021	centers_for_disease_control_and_prevention	icddr,b_international_centre_for_diarrhoeal_disease_research,_bangladesh
A/Darwin/17/2021-egg	who_collaborating_centre_for_reference_and_research_on_influenza	influenza_surveillance_centre_for_disease_control
A/Darwin/17/2021	who_collaborating_centre_for_reference_and_research_on_influenza	influenza_surveillance_centre_for_disease_control
A/Bhutan/429/2021	centers_for_disease_control_and_prevention	royal_centre_for_disease_control
A/Bhutan/FLU-BTD-01270/2022	usamc_armed_forces_medical_research_institute_of_medial_sciences	usamc_afrims_department_of_virology
A/Bhutan/1131/2021	centers_for_disease_control_and_prevention	royal_centre_for_disease_control
A/Bhutan/853/2021	centers_for_disease_control_and_prevention	royal_centre_for_disease_control
A/Bhutan/1135/2021	centers_for_disease_control_and_prevention	royal_centre_for_disease_control
A/Darwin/37/2021	who_collaborating_centre_for_reference_and_research_on_influenza	royal_darwin_hospital
A/Alaska/1/2021	centers_for_disease_control_and_prevention	alaska_state_virology_lab
A/Nepal/21FL2666/2021	national_institute_of_infectious_diseases_(niid)	national_public_health_laboratory
A/India/1492/2021	centers_for_disease_control_and_prevention	national_institute_of_virology
A/Alaska/1/2021-egg	centers_for_disease_control_and_prevention	alaska_state_virology_lab
A/Darwin/24/2021-egg	centers_for_disease_control_and_prevention	influenza_surveillance_centre_for_disease_control
A/Darwin/24/2021	who_collaborating_centre_for_reference_and_research_on_influenza	influenza_surveillance_centre_for_disease_control
A/India/Tripura-NIVQC334/2021	icmr_national_institute_of_virology	icmr_national_institute_of_virology
A/India/CHENNAI-ICPS-25/2021	icmr_national_institute_of_virology	icmr_national_institute_of_virology
A/AbuDhabi/3201980/2021	centers_for_disease_control_and_prevention	shaikh_khalifa_medical_city
A/AbuDhabi/3550500/2021	centers_for_disease_control_and_prevention	shaikh_khalifa_medical_city
A/Bangladesh/3026/2023	centers_for_disease_control_and_prevention	icddr,b_international_centre_for_diarrhoeal_disease_research,_bangladesh
A/Bangladesh/icddrb-1230708029/2023	international_centre_for_diarrhoeal_disease_research_(icddr,b)	international_centre_for_diarrhoeal_disease_research_(icddr,b)
A/Bhutan/1306/2022	centers_for_disease_control_and_prevention	royal_centre_for_disease_control
A/Bhutan/1047/2022	centers_for_disease_control_and_prevention	royal_centre_for_disease_control
A/Bhutan/1966/2022	centers_for_disease_control_and_prevention	royal_centre_for_disease_control
A/Bhutan/1973/2022	centers_for_disease_control_and_prevention	royal_centre_for_disease_control
A/Bhutan/1998/2022	centers_for_disease_control_and_prevention	royal_centre_for_disease_control
A/Bhutan/1403/2022	centers_for_disease_control_and_prevention	royal_centre_for_disease_control
A/Bhutan/1395/2022	centers_for_disease_control_and_prevention	royal_centre_for_disease_control
A/Bhutan/1397/2022	centers_for_disease_control_and_prevention	royal_centre_for_disease_control
A/Bhutan/FLU-BTG-00988/2022	usamc_armed_forces_medical_research_institute_of_medial_sciences	usamc_afrims_department_of_virology
A/Bhutan/1372/2022	centers_for_disease_control_and_prevention	royal_centre_for_disease_control
A/India/Pune-NIVCoV362251/2021	icmr_national_institute_of_virology	icmr_national_institute_of_virology
A/Myanmar/21M013/2021	niigata_university_(dph)	niigata_university_(idrc)
A/Myanmar/21M143/2021	niigata_university_(dph)	niigata_university_(idrc)
A/Myanmar/21M003/2021	niigata_university_(dph)	niigata_university_(idrc)
A/Thailand/8/2022-egg	national_institute_for_biological_standards_and_control_(nibsc)	victoria_infectious_diseases_reference_laboratory
A/Chanthaburi/NIC-P2299/2022	thai_national_influenza_center	thai_national_influenza_center
A/India/2158/2021	centers_for_disease_control_and_prevention	national_institute_of_virology
A/Norway/24873/2021-egg	centers_for_disease_control_and_prevention	norwegian_institute_of_public_health
A/Denmark/102/2021	statens_serum_institute	statens_serum_institute
A/Darwin/22/2021	who_collaborating_centre_for_reference_and_research_on_influenza	influenza_surveillance_centre_for_disease_control
A/Darwin/20/2021	who_collaborating_centre_for_reference_and_research_on_influenza	influenza_surveillance_centre_for_disease_control
A/Guatemala/24/2022	centers_for_disease_control_and_prevention	laboratorio_nacional_de_salud_guatemala
A/Papeete/51874/2021	institut_pasteur	institut_pasteur
A/Victoria/169/2022	who_collaborating_centre_for_reference_and_research_on_influenza	melbourne_pathology
A/California/23/2022	centers_for_disease_control_and_prevention	california_department_of_health_services
A/California/14/2021	centers_for_disease_control_and_prevention	california_department_of_health_services
A/Florida/4/2021-egg	centers_for_disease_control_and_prevention	florida_department_of_health_jacksonville
A/Florida/2/2021-egg	centers_for_disease_control_and_prevention	florida_department_of_health_tampa
A/Florida/2/2021	centers_for_disease_control_and_prevention	florida_department_of_health_tampa
A/Singapore/SAR36120/2022	ministry_of_health,_singapore	ministry_of_health,_singapore
A/Singapore/SAR34008/2022	ministry_of_health,_singapore	ministry_of_health,_singapore
A/Singapore/SAR34107/2022	ministry_of_health,_singapore	ministry_of_health,_singapore
A/Darwin/23/2021	who_collaborating_centre_for_reference_and_research_on_influenza	influenza_surveillance_centre_for_disease_control
A/NewYork/PV42686/2021	icahn_school_of_medicine_at_mount_sinai	icahn_school_of_medicine_at_mount_sinai
A/Togo/1905/2022	centers_for_disease_control_and_prevention	institute_national_d'hygiene
A/Togo/1898/2022	centers_for_disease_control_and_prevention	institute_national_d'hygiene
A/Togo/2195/2022	centers_for_disease_control_and_prevention	institute_national_d'hygiene
A/Niger/3248/2022	centers_for_disease_control_and_prevention	centre_de_recherche_medicale_et_sanitaire_(cermes)
A/Ghana/ARI-24-1209/2024	noguchi_memorial_institute_for_medical_research_	noguchi_memorial_institute_for_medical_research
A/CoteDIvoire/3300/2023	centers_for_disease_control_and_prevention	pasteur_institut_of_côte_d'ivoire
A/Niger/80/2024	centers_for_disease_control_and_prevention	centre_de_recherche_medicale_et_sanitaire_(cermes)
A/Togo/2168/2022	centers_for_disease_control_and_prevention	institute_national_d'hygiene
A/Togo/1807/2022	centers_for_disease_control_and_prevention	institute_national_d'hygiene
A/Togo/1796/2022	centers_for_disease_control_and_prevention	institute_national_d'hygiene
A/India/Kashmir-Niviso_22_06/2022	centers_for_disease_control_and_prevention	national_institute_of_virology
A/Guyana/5259/2023	centers_for_disease_control_and_prevention	national_public_health_reference_laboratory
A/Guyana/5092/2023	centers_for_disease_control_and_prevention	national_public_health_reference_laboratory
A/France/IDF-IPP29542/2023-egg	pb1	seasonal_h3n2
A/Senegal/IPD-2151/2024	institut_pasteur_de_dakar	institut_pasteur_de_dakar
A/Cameroon/2254/2024	crick_worldwide_influenza_centre	centre_pasteur_du_cameroun
A/Niger/7747/2024	centers_for_disease_control_and_prevention	centre_de_recherche_medicale_et_sanitaire_(cermes)
A/BurkinaFaso/2731/2022	centers_for_disease_control_and_prevention	irss
A/Nepal/22FL2210/2022	national_institute_of_infectious_diseases_(niid)	national_public_health_laboratory
A/Togo/2029/2022	centers_for_disease_control_and_prevention	institute_national_d'hygiene
A/Chiba-C/1/2023	national_institute_of_infectious_diseases_(niid)	chiba_city_institute_of_health_and_environment
A/Kanagawa/IC2201/2022	national_institute_of_infectious_diseases_(niid)	national_institute_of_infectious_diseases_(niid)
A/Tokyo/22FS001/2022	niigata_university_(dph)	niigata_university_(idrc)
A/Togo/2021/2022	centers_for_disease_control_and_prevention	institute_national_d'hygiene
A/Sendai/1/2023	national_institute_of_infectious_diseases_(niid)	sendai_city_institute_of_public_health
A/Nara/3/2023	national_institute_of_infectious_diseases_(niid)	nara_prefectural_institute_for_hygiene_and_environment
A/Niger/2048/2022	centers_for_disease_control_and_prevention	centre_de_recherche_medicale_et_sanitaire_(cermes)
A/Nigeria/6554/2021	centers_for_disease_control_and_prevention	ncdc_public_health_reference_laboratory
A/Niger/10322/2022	centers_for_disease_control_and_prevention	centre_de_recherche_medicale_et_sanitaire_(cermes)
A/Abudhabi/4198/2022	sheikh_khalifa_medical_city_(skmc)	reference_laboratory_for_infectious_disease_(surveillance_lab)
A/Brandenburg/15/2022	robert_koch_institute_nationales_referenzzentrum_f?r_influenza	crick_worldwide_influenza_centre
A/Brandenburg/15/2022-egg	centers_for_disease_control_and_prevention	crick_worldwide_influenza_centre
A/Congo/2025/2023	centers_for_disease_control_and_prevention	inrb_service_de_virologie
A/England/224820694/2022	uk_health_security_agency___colindale	uk_health_security_agency___colindale
A/AbuDhabi/7700/2022	centers_for_disease_control_and_prevention	shaikh_khalifa_medical_city
A/NakhonPhanom/P3699/2022	thai_national_influenza_center	thai_national_influenza_center
A/Abudhabi/3386/2022	sheikh_khalifa_medical_city_(skmc)	reference_laboratory_for_infectious_disease_(surveillance_lab)
A/Abudhabi/4555/2022	sheikh_khalifa_medical_city_(skmc)	reference_laboratory_for_infectious_disease_(surveillance_lab)
A/California/122/2022-egg	pb1	seasonal_h3n2
A/California/122/2022	centers_for_disease_control_and_prevention	centers_for_disease_control_and_prevention
A/Bhutan/1342/2023	centers_for_disease_control_and_prevention	royal_centre_for_disease_control
A/Madagascar/50000/2024	centers_for_disease_control_and_prevention	institut_pasteur_de_madagascar
A/Malaysia/TIDREC_KBR-AUFI251/2023	university_of_malaya	hospital_raja_perempuan_zainab_ii
A/Singapore/NUH0794/2023	ministry_of_health,_singapore	ministry_of_health,_singapore
A/Qatar/34-VI-23-0101724/2023	crick_worldwide_influenza_centre	supreme_health_council
A/SouthAfrica/R05230/2023	national_institute_for_communicable_diseases_(nicd)	national_institute_for_communicable_diseases_(nicd)
A/SouthAfrica/R06905/2023	national_institute_for_communicable_diseases_(nicd)	national_institute_for_communicable_diseases_(nicd)
A/SouthAfrica/R04820/2023	national_institute_for_communicable_diseases_(nicd)	national_institute_for_communicable_diseases_(nicd)
A/SouthAfrica/PET28744/2023	vaccines_and_infectious_diseases_analytics_research_unit	wits_vida
A/SouthAfrica/PET28963/2023	vaccines_and_infectious_diseases_analytics_research_unit	wits_vida
A/SouthAfrica/R06857/2023	national_institute_for_communicable_diseases_(nicd)	national_institute_for_communicable_diseases_(nicd)
A/England/234940169/2023	ukhsa_/_respiratory_virus_unit	uk_health_security_agency___colindale
A/StPetersburg/CRIE/77/2023	central_research_institute_of_epidemiology	center_of_hygiene_and_epidemiology_in_leningrad_oblast
A/StPetersburg/RII-MH151532S/2023	who_national_influenza_centre_russian_federation	research_institute_of_influenza,_ministry_of_healthcare_of_the_russian_federation
A/Kazakhstan/270/2023	crick_worldwide_influenza_centre	national_reference_laboratory
A/StPetersburg/RII-171/2023-egg	who_national_influenza_centre_russian_federation	who_national_influenza_centre_russian_federation
A/StPetersburg/RII-171/2023	who_national_influenza_centre_russian_federation	who_national_influenza_centre_russian_federation
A/Townsville/9/2023	who_collaborating_centre_for_reference_and_research_on_influenza	queensland_health_forensic_and_scientific_services_
A/Lao/820-1484/2023	moru_tropical_health_network	lao_oxford_mahosot_wellcome_trust_research_unit_(lomwru)
A/Zhejiang-NH/1453/2023	zhejiang_provincial_center_for_disease_control_and_prevention	jiaxing_center_for_disease_control_and_prevention
A/Zhejiang-NH/1438/2023	zhejiang_provincial_center_for_disease_control_and_prevention	jiaxing_center_for_disease_control_and_prevention
A/Hunan-Hecheng/1382/2023-egg	centers_for_disease_control_and_prevention	who_chinese_national_influenza_center
A/Hunan-Hecheng/1382/2023	centers_for_disease_control_and_prevention	who_chinese_national_influenza_center
A/HongKong/1540/2023	crick_worldwide_influenza_centre	government_virus_unit
A/Anhui-Jinan/11028/2023	centers_for_disease_control_and_prevention	who_chinese_national_influenza_center
A/Berlin/40/2023	crick_worldwide_influenza_centre	robert_koch_institute_nationales_referenzzentrum_für_influenza
A/Anhui-Jinan/11028/2023-egg	centers_for_disease_control_and_prevention	who_chinese_national_influenza_center
A/Congo/2200/2023	centers_for_disease_control_and_prevention	inrb_service_de_virologie
A/Congo/2136/2023	centers_for_disease_control_and_prevention	inrb_service_de_virologie
A/Shanxi-Taiyuan/1914/2023	taiyuan_center_for_disease_control_and_prevention	taiyuan_center_for_disease_control_and_prevention
A/Zhejiang-NH/11035/2023	zhejiang_provincial_center_for_disease_control_and_prevention	jiaxing_center_for_disease_control_and_prevention
A/Bhutan/9/2023	centers_for_disease_control_and_prevention	royal_centre_for_disease_control
A/Bhutan/1387/2023	centers_for_disease_control_and_prevention	royal_centre_for_disease_control
A/Chanthaburi/P506/2024	thai_national_influenza_center	thai_national_influenza_center
A/HongKong/2263/2024	hong_kong_department_of_health_,_public_health_laboratory_services_branch	hong_kong_department_of_health
A/Canberra/290/2023	who_collaborating_centre_for_reference_and_research_on_influenza	canberra_hospital
A/Zhejiang-TX/350/2024	zhejiang_provincial_center_for_disease_control_and_prevention	jiaxing_center_for_disease_control_and_prevention
A/Kenya/117/2024	centers_for_disease_control_and_prevention	cdc_kenya
A/Kenya/KLF184427/2023	kemri_wellcome_trust_research_programme	kemri_wellcome_trust_research_programme_(kwtrp)
A/Kenya/KLF211818/2023	kemri_wellcome_trust_research_programme	kemri_wellcome_trust_research_programme_(kwtrp)
A/Auckland/82/2023	centers_for_disease_control_and_prevention	institute_of_environmental_science_&_research
A/Victoria/2752/2023	who_collaborating_centre_for_reference_and_research_on_influenza	austin_health
A/Bangladesh/8020/2024	centers_for_disease_control_and_prevention	icddr,b_international_centre_for_diarrhoeal_disease_research,_bangladesh
A/Singapore/GP5187/2023	ministry_of_health,_singapore	ministry_of_health,_singapore
A/Bangladesh/icddrb-3230808003/2023	international_centre_for_diarrhoeal_disease_research_(icddr,b)	international_centre_for_diarrhoeal_disease_research_(icddr,b)
A/Newcastle/80/2023	who_collaborating_centre_for_reference_and_research_on_influenza	john_hunter_hospital
A/Maldives/787/2023	centers_for_disease_control_and_prevention	ministry_of_health
A/RasAlKhaimah/8132/2023	centers_for_disease_control_and_prevention	shaikh_khalifa_medical_city
A/Nepal/431/2023	national_public_health_laboratory,_nepal	national_public_health_laboratory,_nepal
A/India/Pun-NIVCOV23224/2023	icmr_national_institute_of_virology	icmr_national_institute_of_virology
A/Nepal/429/2023	national_public_health_laboratory,_nepal	national_public_health_laboratory
A/Michigan/MISAPPHIREL363582340/2023	university_of_michigan	henry_ford_health_microbiology_laboratory
A/Zambia/1263/2023	centers_for_disease_control_and_prevention	university_teaching_hospital,_moh_zambia
A/Bangladesh/icddrb-3230710011/2023	international_centre_for_diarrhoeal_disease_research_(icddr,b)	international_centre_for_diarrhoeal_disease_research_(icddr,b)
A/Bangladesh/icddrb-1230709016/2023	international_centre_for_diarrhoeal_disease_research_(icddr,b)	international_centre_for_diarrhoeal_disease_research_(icddr,b)
A/India/6529/2023	centers_for_disease_control_and_prevention	national_institute_of_virology
A/England/233000524/2023	uk_health_security_agency___colindale	uk_health_security_agency___colindale
A/Malaysia/IMR-SARI1961/2023	national_institute_of_health,_malaysia	hospital_sultanah_bahiyah
A/Malaysia/IMR-SARI0241/2023	national_institute_of_health,_malaysia	hospital_raja_permaisuri_bainun_
A/Bangladesh/icddrb-1230810070/2023	international_centre_for_diarrhoeal_disease_research_(icddr,b)	international_centre_for_diarrhoeal_disease_research_(icddr,b)
A/Bangladesh/icddrb-3230911002/2023	international_centre_for_diarrhoeal_disease_research_(icddr,b)	international_centre_for_diarrhoeal_disease_research_(icddr,b)
A/Chanthaburi/P315/2024	thai_national_influenza_center	thai_national_influenza_center
A/Kiribati/6/2023	who_collaborating_centre_for_reference_and_research_on_influenza	ministry_of_health
A/Fiji/282/2023	who_collaborating_centre_for_reference_and_research_on_influenza	national_centre_for_scientific_services_for_virology__and_vector_borne_diseases
A/Fiji/244/2023	who_collaborating_centre_for_reference_and_research_on_influenza	national_centre_for_scientific_services_for_virology__and_vector_borne_diseases
A/Auckland/67/2023	centers_for_disease_control_and_prevention	institute_of_environmental_science_&_research
A/Wellington/57/2023	centers_for_disease_control_and_prevention	institute_of_environmental_science_&_research
A/Auckland/61/2023	centers_for_disease_control_and_prevention	institute_of_environmental_science_&_research
A/Wellington/65/2023	centers_for_disease_control_and_prevention	institute_of_environmental_science_&_research
A/Victoria/3122/2023	who_collaborating_centre_for_reference_and_research_on_influenza	royal_melbourne_hospital
A/Yamagata/4/2024	national_institute_of_infectious_diseases_(niid)	yamagata_prefectural_institute_of_public_health
A/Victoria/2665/2023	who_collaborating_centre_for_reference_and_research_on_influenza	austin_health
A/Philippines/FLU-AFPA-05218/2023	usamc_armed_forces_medical_research_institute_of_medial_sciences	usamc_afrims_department_of_virology
A/Philippines/FLU-AFPA-05224/2023	usamc_armed_forces_medical_research_institute_of_medial_sciences	usamc_afrims_department_of_virology
A/Galicia/22348226/2024	servicio_galego_de_saude	complexo_hospitalario_universitario_de_vigo
A/Singapore/NUH0896/2023	ministry_of_health,_singapore	ministry_of_health,_singapore
A/Senegal/IPD-1316/2024	institut_pasteur_de_dakar	institut_pasteur_de_dakar
A/NewYork/PV100357/2023	icahn_school_of_medicine_at_mount_sinai	icahn_school_of_medicine_at_mount_sinai
A/CastillaLaMancha/684/2024	instituto_de_salud_carlos_iii	instituto_de_salud_carlos_iii
A/France/ARA-HCL024027710301/2024	cnr_virus_des_infections_respiratoires,_france_sud	cnr_virus_des_infections_respiratoires___france_sud
A/Catalonia/NSAV198290442/2024	hospital_universitari_vall_d'hebron	hospital_universitari_arnau_de_vilanova
A/StPetersburg/RII-MH163676S/2023	who_national_influenza_centre_russian_federation	research_institute_of_influenza,_ministry_of_healthcare_of_the_russian_federation
A/Zhejiang-NH/11218/2023	zhejiang_provincial_center_for_disease_control_and_prevention	jiaxing_center_for_disease_control_and_prevention
A/Vladivostok/RII-1/2023-egg	who_national_influenza_centre_russian_federation	who_national_influenza_centre_russian_federation
A/Vladivostok/RII-1/2023	who_national_influenza_centre_russian_federation	who_national_influenza_centre_russian_federation
A/HongKong/3073/2023	centers_for_disease_control_and_prevention	government_virus_unit
A/HongKong/VC24000936/2024	hong_kong_department_of_health_,_public_health_laboratory_services_branch	hong_kong_department_of_health
A/HongKong/1534/2023	centers_for_disease_control_and_prevention	government_virus_unit
A/Shanghai-Putuo/1727/2023-egg	centers_for_disease_control_and_prevention	who_chinese_national_influenza_center
A/Zhejiang-NH/11193/2023	zhejiang_provincial_center_for_disease_control_and_prevention	jiaxing_cdc
A/HongKong/3083/2023	centers_for_disease_control_and_prevention	government_virus_unit
A/Singapore/GP3315/2024	ministry_of_health,_singapore	ministry_of_health,_singapore
A/HongKong/1538/2023	crick_worldwide_influenza_centre	government_virus_unit
A/Hiroshima/120/2023	national_institute_of_infectious_diseases_(niid)	center_for_public_health_and_environment,_hiroshima_prefectural_technology_research_institute
A/Yokohama/200/2023	national_institute_of_infectious_diseases_(niid)	yokohama_city_institute_of_public_health.
A/SaoPaulo/357344822-IAL/2023	centers_for_disease_control_and_prevention	instituto_adolfo_lutz
A/Osaka/77/2023	national_institute_of_infectious_diseases_(niid)	osaka_city_institute_of_public_health_and_environmental_sciences
A/Kawasaki/70/2023	national_institute_of_infectious_diseases_(niid)	kawasaki_city_institute_of_public_health_
A/Osaka/2/2024	national_institute_of_infectious_diseases_(niid)	osaka_city_institute_of_public_health_and_environmental_sciences
A/Akita/2/2024	national_institute_of_infectious_diseases_(niid)	akita_research_center_for_public_health_and_environment
A/Kochi/43/2023	national_institute_of_infectious_diseases_(niid)	kochi_public_health_and_sanitation_institute_
A/Kanagawa/AC2333/2023	national_institute_of_infectious_diseases_(niid)	national_institute_of_infectious_diseases_(niid)
A/Chiba/161/2023	national_institute_of_infectious_diseases_(niid)	chiba_prefectural_institute_of_public_health
A/Kanagawa/IC2326/2023	national_institute_of_infectious_diseases_(niid)	national_institute_of_infectious_diseases_(niid)
A/Singapore/GP2884/2024	ministry_of_health,_singapore	ministry_of_health,_singapore
A/Aichi/256/2023	national_institute_of_infectious_diseases_(niid)	aichi_prefectural_institute_of_public_health
A/Aomori/1/2022	national_institute_of_infectious_diseases_(niid)	aomori_prefectural_institute_of_public_health_and_environment
A/Wakayama/3/2022	national_institute_of_infectious_diseases_(niid)	wakayama_prefectural_research_center_of_environment_and_public_health
A/Taiwan/80020/2022	centers_for_disease_control_and_prevention	adimmune_corporation
A/Taiwan/70009/2022	national_institute_of_infectious_diseases_(niid)	center_for_disease_control
A/Taiwan/40001/2022	centers_for_disease_control_and_prevention	adimmune_corporation
A/Japan/14146/2023	u.s._air_force_school_of_aerospace_medicine	u.s._air_force_school_of_aerospace_medicine_
A/Taiwan/70008/2022	centers_for_disease_control_and_prevention	adimmune_corporation
A/Singapore/GP3657/2022	ministry_of_health,_singapore	ministry_of_health,_singapore
A/Singapore/GP6627/2022	ministry_of_health,_singapore	ministry_of_health,_singapore
A/Albania/290270/2022-egg	centers_for_disease_control_and_prevention	institute_of_public_health
A/Albania/290270/2022	crick_worldwide_influenza_centre	institute_of_public_health
A/NakhonPhanom/P133/2023	thai_national_influenza_center	thai_national_influenza_center
A/NakhonPhanom/P4047/2022	thai_national_influenza_center	thai_national_influenza_center
A/NakhonPhanom/P4295/2022	thai_national_influenza_center	thai_national_influenza_center
A/Mie/2/2022	national_institute_of_infectious_diseases_(niid)	mie_prefecture_health_and_environment_research_institute
A/NakhonPhanom/P686/2023	thai_national_influenza_center	thai_national_influenza_center
A/Darwin/2472/2022-egg	centers_for_disease_control_and_prevention	royal_darwin_hospital
A/Darwin/2472/2022	who_collaborating_centre_for_reference_and_research_on_influenza	royal_darwin_hospital
A/Lao/819-1310/2022	moru_tropical_health_network	lao_oxford_mahosot_wellcome_trust_research_unit_(lomwru)
A/Uaq/17000/2023	centers_for_disease_control_and_prevention	shaikh_khalifa_medical_city
A/SouthAfrica/R05008/2023	centers_for_disease_control_and_prevention	national_institute_for_communicable_disease
A/SouthAfrica/R05324/2023	national_institute_for_communicable_diseases_(nicd)	national_institute_for_communicable_diseases_(nicd)
A/Zambia/31329/2023	centers_for_disease_control_and_prevention	university_teaching_hospital,_moh_zambia
A/SouthAfrica/PET28391/2023	vaccines_and_infectious_diseases_analytics_research_unit	wits_vida
A/SuratThani/P2518/2023	thai_national_influenza_center	thai_national_influenza_center
A/Bangkok/P4811/2023	thai_national_influenza_center	thai_national_influenza_center
A/Suriname/503/2023	centers_for_disease_control_and_prevention	central_laboratory,_bureau_of_public_health
A/Suriname/547/2023	centers_for_disease_control_and_prevention	central_laboratory,_bureau_of_public_health
A/Neimenggu-Linhe/1145/2023-egg	centers_for_disease_control_and_prevention	who_chinese_national_influenza_center
A/Shanxi-Taiyuan/131/2023	taiyuan_center_for_disease_control_and_prevention	taiyuan_center_for_disease_control_and_prevention
A/Haidian/Y2534/2023	haidian_district_center_for_disease_control_and_prevention	haidian_center_for_disease_control_and_prevention
A/Sichuan-Jianyang/35/2023-egg	centers_for_disease_control_and_prevention	who_chinese_national_influenza_center
A/Sichuan-Gaoxin/1144/2023-egg	centers_for_disease_control_and_prevention	who_chinese_national_influenza_center
A/Sichuan-Gaoxin/1144/2023	centers_for_disease_control_and_prevention	who_chinese_national_influenza_center
A/Shanxi-Taiyuan/98/2023	taiyuan_center_for_disease_control_and_prevention	taiyuan_center_for_disease_control_and_prevention
A/Bangkok/P2400/2023	thai_national_influenza_center	thai_national_influenza_center
A/Singapore/NUH0558/2023	ministry_of_health,_singapore	ministry_of_health,_singapore
A/Malaysia/IMR-SARI0639/2023	national_institute_of_health,_malaysia	hospital_sultanah_aminah
A/Rencheng/1896/2023	jining_center_for_disease_control_and_prevention	_jining_center_for_disease_control_and_prevention
A/Rencheng/1897/2023	jining_center_for_disease_control_and_prevention	_jining_center_for_disease_control_and_prevention
A/Rencheng/1613/2023	jining_center_for_disease_control_and_prevention	_jining_center_for_disease_control_and_prevention
A/Indonesia/BIOKES-IBPP1589/2022	balai_besar_laboratorium_biologi_kesehatan	balai_besar_laboratorium_biologi_kesehatan
A/Singapore/GP0850/2023	ministry_of_health,_singapore	ministry_of_health,_singapore
A/Brisbane/837/2022-egg	centers_for_disease_control_and_prevention	csl_ltd
A/Albania/290243/2022-egg	centers_for_disease_control_and_prevention	institute_of_public_health
A/Albania/289813/2022-egg	centers_for_disease_control_and_prevention	institute_of_public_health
A/Albania/289813/2022	crick_worldwide_influenza_centre	institute_of_public_health
A/Sydney/901/2023	who_collaborating_centre_for_reference_and_research_on_influenza	institute_of_medical_and_veterinary_science_(imvs)
A/Kaliningrad/RII-7/2024	who_national_influenza_centre_russian_federation	who_national_influenza_centre_russian_federation
A/StPetersburg/RII-351/2023	who_national_influenza_centre_russian_federation	who_national_influenza_centre_russian_federation
A/Michigan/UM-L371542009/2023		
A/Bangladesh/3883/2024	centers_for_disease_control_and_prevention	institute_of_epidemiology_disease_control_and_research_(iedcr)_&_bangladesh_national_influenza_centre_(nic)
A/Oman/CPHL_52425062/2024	central_public_health_laboratories_oman	central_public_health_laboratories_oman
A/Virginia/GKISBBBB99659/2024		ginkgo_bioworks
A/Colombia/1666/2024	centers_for_disease_control_and_prevention	instituto_nacional_de_salud_de_columbia
A/Massachusetts/ISC-1309/2024	centers_for_disease_control_and_prevention	massachusetts_department_of_public_health
A/Colorado/ISC-1074/2025	centers_for_disease_control_and_prevention	colorado_department_of_health_lab
A/ChiangRai/F422/2025	thai_national_influenza_center	thai_national_influenza_center
A/ChiangRai/F196/2025	thai_national_influenza_center	thai_national_influenza_center
A/Jeju/523/2025	korea_disease_control_and_prevention_agency_(kdca)	korea_disease_control_and_prevention_agency_(kdca)
A/Vietnam/PF325008/2025	bach_mai_hospital	bach_mai_hospital
A/SouthAustralia/2503614687/2025	sa_pathology_laboratory	sa_pathology
A/Vietnam/PF424426/2025	bach_mai_hospital	bach_mai_hospital
A/Cambodia/PKH250008/2025	national_institute_of_public_health	national_institute_of_public_health
A/Vietnam/PF225005/2025	bach_mai_hospital	bach_mai_hospital
A/Vietnam/PF224517/2025	bach_mai_hospital	bach_mai_hospital
A/Gwangju/442/2025	korea_disease_control_and_prevention_agency_(kdca)	korea_disease_control_and_prevention_agency_(kdca)
A/Ulsan/486/2025	korea_disease_control_and_prevention_agency_(kdca)	korea_disease_control_and_prevention_agency_(kdca)
A/Jeju/526/2025	korea_disease_control_and_prevention_agency_(kdca)	korea_disease_control_and_prevention_agency_(kdca)
A/Gyeonggi/424/2025	korea_disease_control_and_prevention_agency_(kdca)	korea_disease_control_and_prevention_agency_(kdca)
A/Guam/15355/2025	u.s._air_force_school_of_aerospace_medicine	u.s._air_force_school_of_aerospace_medicine_
A/Cheboksary/RII-MH223465S/2025	who_national_influenza_centre_russian_federation	research_institute_of_influenza,_ministry_of_healthcare_of_the_russian_federation
A/Vietnam/PF224522/2025	bach_mai_hospital	bach_mai_hospital
A/Jeju/522/2025	korea_disease_control_and_prevention_agency_(kdca)	korea_disease_control_and_prevention_agency_(kdca)
A/Jeju/417/2025	korea_disease_control_and_prevention_agency_(kdca)	korea_disease_control_and_prevention_agency_(kdca)
A/Gyeongnam/433/2025	korea_disease_control_and_prevention_agency_(kdca)	korea_disease_control_and_prevention_agency_(kdca)
A/Busan/461/2025	korea_disease_control_and_prevention_agency_(kdca)	korea_disease_control_and_prevention_agency_(kdca)
A/Brazil/SP-LEIAL4016/2024	instituto_adolfo_lutz	instituto_adolfo_lutz___national_influenza_center
A/Tokyo/EIS10-443/2024	national_institute_of_infectious_diseases_(niid)	national_institute_of_infectious_diseases_(niid)
A/Argentina/1151/2024	crick_worldwide_influenza_centre	instituto_nacional_de_enfermedades_infecciosas_dr._c.g._malbrán
A/FrenchGuiana/37/2025	institut_pasteur_de_la_guyane	national_influenza_center_french_guiana_and_french_indies
A/France/ARA-RELAB-HCL024125063301/2024	cnr_virus_des_infections_respiratoires,_france_sud	cnr_virus_des_infections_respiratoires___france_sud
A/Iowa/5/2025	centers_for_disease_control_and_prevention	iowa_state_hygienic_laboratory
A/NovaScotia/WT1202CP00075U/2025	public_health_agency_of_canada_(phac)	qeii_health_sciences_centre
A/SouthAustralia/2501807859/2025	sa_pathology_laboratory	sa_pathology
A/Arizona/7/2025	centers_for_disease_control_and_prevention	arizona_department_of_health_services
A/SouthAustralia/2500500738/2025	sa_pathology_laboratory	sa_pathology
A/LaRioja/212/2025	instituto_de_salud_carlos_iii	servicio_de_microbiología_hospital_san_pedro
A/France/BRE-IPP01064/2025	institut_pasteur_paris	institut_pasteur
A/SouthAustralia/2503704550/2025	sa_pathology_laboratory	sa_pathology
A/Texas/ISC-1030/2025	centers_for_disease_control_and_prevention	texas_department_of_state_health_services_laboratory_services
A/Bangkok/P363/2025	thai_national_influenza_center	thai_national_influenza_center
A/California/LACPHL-INF00790/2024		los_angeles_county_public_health_laboratories,_lab_microbial_pathogen_submission_group
A/Mississippi/3/2025	centers_for_disease_control_and_prevention	mississippi_public_health_laboratory
A/Kanagawa/IC2428/2025	national_institute_of_infectious_diseases_(niid)	national_institute_of_infectious_diseases_(niid)
A/StPetersburg/RII-MH222343S/2025	who_national_influenza_centre_russian_federation	research_institute_of_influenza,_ministry_of_healthcare_of_the_russian_federation
A/Kansas/8/2025	centers_for_disease_control_and_prevention	kansas_department_of_health_and_environment
A/Mississippi/16/2025	centers_for_disease_control_and_prevention	mississippi_public_health_laboratory
A/France/ARA-RELAB-HCL025017152901/2025	cnr_virus_des_infections_respiratoires,_france_sud	cnr_virus_des_infections_respiratoires___france_sud
A/NovaScotia/24-365-07677/2024	public_health_agency_of_canada_(phac)	qeii_health_sciences_centre
A/HongKong/3062/2024	hong_kong_department_of_health	hong_kong_department_of_health
A/Ceara/4379-IEC/2025	evandro_chagas_institute	evandro_chagas_institute
A/France/ARA-RELAB-HCL025034816401/2025	cnr_virus_des_infections_respiratoires,_france_sud	cnr_virus_des_infections_respiratoires___france_sud
A/FrenchGuiana/54/2025	institut_pasteur_de_la_guyane	national_influenza_center_french_guiana_and_french_indies
A/FrenchGuiana/15/2025	institut_pasteur_de_la_guyane	eurofins___laboratoire_d'analyses_médicales_kourou
A/France/ARA-RELAB-IPP03115/2025	institut_pasteur_paris	institut_pasteur
A/FrenchGuiana/147/2025	institut_pasteur_de_la_guyane	centre_hospitalier_de_l'ouest_guyanais
A/SouthAustralia/2502300298/2025	sa_pathology_laboratory	sa_pathology
A/France/NAQ-RELAB-HCL025027139001/2025	cnr_virus_des_infections_respiratoires,_france_sud	cnr_virus_des_infections_respiratoires___france_sud
A/FrenchGuiana/52/2025	institut_pasteur_de_la_guyane	centre_hospitalier_de_cayenne
A/Minnesota/14/2025	centers_for_disease_control_and_prevention	minnesota_department_of_health
A/FrenchGuiana/77/2025	institut_pasteur_de_la_guyane	centre_hospitalier_de_l'ouest_guyanais
A/FrenchGuiana/121/2025	institut_pasteur_de_la_guyane	centre_hospitalier_de_l'ouest_guyanais
A/SouthAustralia/2503715397/2025	sa_pathology_laboratory	sa_pathology
A/France/IDF-RELAB-IPP03440/2025	institut_pasteur_paris	institut_pasteur
A/Catalonia/NSVH161520401/2025	hospital_universitari_vall_d'hebron	hospital_universitari_vall_d'hebron
A/France/ARA-HCL025010656401/2025	cnr_virus_des_infections_respiratoires,_france_sud	cnr_virus_des_infections_respiratoires___france_sud
A/NewSouthWales/2502015756/2025	sa_pathology_laboratory	sa_pathology
A/SouthAustralia/2500813789/2025	sa_pathology_laboratory	sa_pathology
A/Ghana/FS-25-0347/2025	noguchi_memorial_institute_for_medical_research_(nmimr)	noguchi_memorial_institute_for_medical_research
A/NewJersey/GKISBBBF29393/2025		concentric_by_ginkgo_bioworks
A/HongKong/2459/2024	centers_for_disease_control_and_prevention	government_virus_unit
A/France/PAC-RELAB-HCL025029570001/2025	cnr_virus_des_infections_respiratoires,_france_sud	cnr_virus_des_infections_respiratoires___france_sud
A/HongKong/229/2025	hong_kong_department_of_health	hong_kong_department_of_health
A/NakhonPhanom/D89/2025	thai_national_influenza_center	thai_national_influenza_center
A/NakhonPhanom/F545/2025	thai_national_influenza_center	thai_national_influenza_center
A/Baltimore/JH-767/2024	johns_hopkins_school_of_medicine	johns_hopkins_school_of_medicine
A/HongKong/VB24096974/2024	hong_kong_department_of_health_,_public_health_laboratory_services_branch	hong_kong_department_of_health
A/NewSouthWales/2503008425/2025	sa_pathology_laboratory	sa_pathology
A/StPetersburg/RII-9620S/2024	who_national_influenza_centre_russian_federation	who_national_influenza_centre_russian_federation
A/Netherlands/1777/2024	crick_worldwide_influenza_centre	erasmus_medical_center
A/Singapore/KK1216/2024	ministry_of_health,_singapore	ministry_of_health,_singapore
A/Singapore/TT0497/2024	ministry_of_health,_singapore	ministry_of_health,_singapore
A/Victoria/634/2024	who_collaborating_centre_for_reference_and_research_on_influenza	monash_medical_centre
A/Singapore/MOH0068/2024	ministry_of_health,_singapore	ministry_of_health,_singapore
A/Guizhou-Yilongxin/2738/2024-egg	centers_for_disease_control_and_prevention	who_chinese_national_influenza_center
A/Guizhou-Yilongxin/2738/2024	centers_for_disease_control_and_prevention	who_chinese_national_influenza_center
A/SouthAustralia/2504505243/2025	sa_pathology_laboratory	sa_pathology
A/Vietnam/PF424431/2025	bach_mai_hospital	bach_mai_hospital
A/Jilin-Chaoyang/1230/2024-egg	centers_for_disease_control_and_prevention	who_chinese_national_influenza_center
A/HongKong/ST223044/2024		university_of_hong_kong,_school_of_public_health,_who_collaborating_centre_for_infectious_disease_epidemiology_and_control
A/Bangkok/P525/2024	thai_national_influenza_center	thai_national_influenza_center
A/Denmark/68/2025	statens_serum_institute	statens_serum_institut
A/Shanghai-Fengxian/1912/2023-egg	centers_for_disease_control_and_prevention	who_chinese_national_influenza_center
A/Shanghai-Fengxian/1912/2023	centers_for_disease_control_and_prevention	who_chinese_national_influenza_center
A/Zhejiang-NH/1332/2024	zhejiang_provincial_center_for_disease_control_and_prevention	jiaxing_center_for_disease_control_and_prevention
A/Netherlands/10462/2024	national_institute_for_public_health_and_the_environment_(rivm)	national_institute_for_public_health_and_the_environment_(rivm)
A/Shanghai/SHJA0001/2023-egg	pb1	seasonal_h3n2
A/Bangkok/P2656/2024	thai_national_influenza_center	thai_national_influenza_center
A/Chaykovsky/RII-MH184486S/2024	who_national_influenza_centre_russian_federation	research_institute_of_influenza,_ministry_of_healthcare_of_the_russian_federation
A/Bangkok/P1136/2024	thai_national_influenza_center	thai_national_influenza_center
A/HongKong/2107/2024	centers_for_disease_control_and_prevention	government_virus_unit
A/SantaCatarina/8126/2024	oswaldo_cruz_foundation	lacen_sc
A/HongKong/VB24110186/2024	hong_kong_department_of_health_,_public_health_laboratory_services_branch	hong_kong_department_of_health
A/Zhejiang-NH/123/2024	zhejiang_provincial_center_for_disease_control_and_prevention	jiaxing_center_for_disease_control_and_prevention
A/Zhejiang-NH/11233/2023	zhejiang_provincial_center_for_disease_control_and_prevention	jiaxing_center_for_disease_control_and_prevention
A/Taiwan/C21499/2024	taiwan_centers_for_disease_control	taiwan_centers_for_disease_control
A/Shanxi-Taiyuan/2158/2023	taiyuan_center_for_disease_control_and_prevention	taiyuan_center_for_disease_control_and_prevention
A/HongKong/VB24130483/2024	hong_kong_department_of_health_,_public_health_laboratory_services_branch	hong_kong_department_of_health
A/Singapore/NUH1273/2023	ministry_of_health,_singapore	ministry_of_health,_singapore
A/Cambodia/INPH240273/2024	national_institute_of_public_health	national_institute_of_public_health
A/Zhejiang-NH/1820/2024	zhejiang_provincial_center_for_disease_control_and_prevention	jiaxing_center_for_disease_control_and_prevention
A/Senegal/IPD-2557/2024	institut_pasteur_de_dakar	institut_pasteur_de_dakar
A/England/234740353/2023	ukhsa_/_respiratory_virus_unit	uk_health_security_agency___colindale
A/Jeju/3878/2024	korea_disease_control_and_prevention_agency_(kdca)	korea_disease_control_and_prevention_agency_(kdca)
A/Andalucia/241424/2023	instituto_de_salud_carlos_iii	servicio_de_microbiología_hospital_virgen_de_las_nieves
A/Norway/11360/2023	crick_worldwide_influenza_centre	who_national_influenza_centre
A/Norway/11360/2023-egg	pb1	seasonal_h3n2
A/France/OCC-RELAB-HCL024045634301/2024	cnr_virus_des_infections_respiratoires,_france_sud	cnr_virus_des_infections_respiratoires___france_sud
A/Singapore/KK2463/2023	ministry_of_health,_singapore	ministry_of_health,_singapore
A/Bucharest/570056/2024	crick_worldwide_influenza_centre	cantacuzino_institute
A/India/BIB-NIV24_3096/2024	centers_for_disease_control_and_prevention	national_institute_of_virology
A/India/Pun-Nivcov244009/2024	centers_for_disease_control_and_prevention	national_institute_of_virology
A/France/ARA-HCL025001494801/2025	cnr_virus_des_infections_respiratoires,_france_sud	cnr_virus_des_infections_respiratoires___france_sud
A/Abudhabi/14729/2023	sheikh_khalifa_medical_city_(skmc)	reference_laboratory_for_infectious_disease_(surveillance_lab)
A/AbuDhabi/16543/2023	centers_for_disease_control_and_prevention	shaikh_khalifa_medical_city
A/England/235090186/2023	ukhsa_/_respiratory_virus_unit	uk_health_security_agency___colindale
A/Victoria/38H/2024	who_collaborating_centre_for_reference_and_research_on_influenza	alfred_hospital
A/Victoria/38G/2024	who_collaborating_centre_for_reference_and_research_on_influenza	alfred_hospital
A/Maldives/1502/2023	centers_for_disease_control_and_prevention	ministry_of_health
A/California/LACPHL-INF00458/2024		los_angeles_county_public_health_laboratories,_lab_microbial_pathogen_submission_group
A/Sydney/157/2024	who_collaborating_centre_for_reference_and_research_on_influenza	childrens_hospital_westmead
A/England/240260175/2024	ukhsa_/_respiratory_virus_unit	uk_health_security_agency___colindale
A/Michigan/MIS-L376086000/2024		university_of_michigan,_lauring_lab,_department_of_microbiology_and_immunology
A/Switzerland/71762/2023-egg	pb1	seasonal_h3n2
A/Switzerland/71762/2023	crick_worldwide_influenza_centre	swiss_national_reference_centre_for_influenza
A/Zhejiang-NH/11164/2023	zhejiang_provincial_center_for_disease_control_and_prevention	jiaxing_cdc
A/Switzerland/8649/2023	centers_for_disease_control_and_prevention	national_institute_for_medical_research
A/Switzerland/8649/2023-egg	pb1	seasonal_h3n2
A/Switzerland/25797/2023-egg	pb1	seasonal_h3n2
A/Switzerland/25797/2023	crick_worldwide_influenza_centre	swiss_national_reference_centre_for_influenza
A/India/Pune-NIV2314328/2023	icmr_national_institute_of_virology	icmr_national_institute_of_virology
A/Abudhabi/16571/2023	sheikh_khalifa_medical_city_(skmc)	reference_laboratory_for_infectious_disease_(surveillance_lab)
A/Michigan/UM-G43R53P0/2023		university_of_michigan,_lauring_lab,_department_of_microbiology_and_immunology
A/Auckland/71/2023	centers_for_disease_control_and_prevention	institute_of_environmental_science_&_research
A/Colorado/81/2023	centers_for_disease_control_and_prevention	colorado_department_of_health_lab
A/France/NAQ-RELAB-HCL023205014501/2023	cnr_virus_des_infections_respiratoires,_france_sud	cnr_virus_des_infections_respiratoires___france_sud
A/Paraiba/2023-044617-IEC/2023	evandro_chagas_institute	lacen/pb___laboratório_central_de_saúde_pública_da_paraíba
A/Paraiba/2023-044611-IEC/2023	evandro_chagas_institute	lacen/pb___laboratório_central_de_saúde_pública_da_paraíba
A/Paraiba/2023-044624-IEC/2023	evandro_chagas_institute	lacen/pb___laboratório_central_de_saúde_pública_da_paraíba
A/Auckland/66/2023	centers_for_disease_control_and_prevention	institute_of_environmental_science_&_research
A/Paraiba/2023-044619-IEC/2023	evandro_chagas_institute	lacen/pb___laboratório_central_de_saúde_pública_da_paraíba
A/Paraiba/2023-044627-IEC/2023	evandro_chagas_institute	lacen/pb___laboratório_central_de_saúde_pública_da_paraíba
A/Paraiba/2023-044618-IEC/2023	evandro_chagas_institute	lacen/pb___laboratório_central_de_saúde_pública_da_paraíba
A/Canberra/292/2023	who_collaborating_centre_for_reference_and_research_on_influenza	canberra_hospital
A/Sydney/878/2023	centers_for_disease_control_and_prevention	who_collaborating_centre_for_reference_and_research_on_influenza
A/England/240140580/2023	ukhsa_/_respiratory_virus_unit	uk_health_security_agency___colindale
A/Singapore/SAR5383/2024	ministry_of_health,_singapore	ministry_of_health,_singapore
A/France/ARA-HCL025019545001/2025	cnr_virus_des_infections_respiratoires,_france_sud	cnr_virus_des_infections_respiratoires___france_sud
A/Saopaulo/CEVI_24001720/2024	instituto_butantan	instituto_butantan
A/SouthKorea/14834/2024	u.s._air_force_school_of_aerospace_medicine	u.s._air_force_school_of_aerospace_medicine_
A/SouthKorea/14891/2024	u.s._air_force_school_of_aerospace_medicine	u.s._air_force_school_of_aerospace_medicine_
A/NewYork/PV98577/2023	icahn_school_of_medicine_at_mount_sinai	icahn_school_of_medicine_at_mount_sinai
A/VinaDelMar/39483/2024	instituto_de_salud_publica_de_chile	instituto_de_salud_publica_de_chile
A/Peru/2888Aaiec/2024	centers_for_disease_control_and_prevention	laboratorio_de_referencia_nacional_virus_respiratorios,_instituto_nacional_de_salud
A/Bolivia/14/2024	national_center_of_tropical_diseases	cenetrop
A/Uruguay/771/2024	centers_for_disease_control_and_prevention	departamento_de_laboratorio_de_salud_pública_(dlsp)
A/SantaCatarina/332/2025	instituto_oswaldo_cruz_fiocruz___laboratory_of_respiratory_viruses_and_measles_(lvrs)	lacen/sc
A/SantaCatarina/333/2025	instituto_oswaldo_cruz_fiocruz___laboratory_of_respiratory_viruses_and_measles_(lvrs)	lacen/sc
A/Missouri/186/2024	centers_for_disease_control_and_prevention	dr._stacey_house
A/WestVirginia/43/2023	centers_for_disease_control_and_prevention	west_virginia_office_of_laboratory_services
A/Michigan/UM-10056715694/2024		university_of_michigan,_lauring_lab,_department_of_microbiology_and_immunology
A/Ohio/211/2024	centers_for_disease_control_and_prevention	university_hospitals_cleveland_medical_center
A/Michigan/UM-10055413119/2024		university_of_michigan,_lauring_lab,_department_of_microbiology_and_immunology
A/Michigan/MIS-L373529715/2024		university_of_michigan,_lauring_lab,_department_of_microbiology_and_immunology
A/Baltimore/JH-2/2023	johns_hopkins_school_of_medicine	johns_hopkins_school_of_medicine
A/Connecticut/7/2024	centers_for_disease_control_and_prevention	connecticut_department._of_public_health
A/England/235260428/2023	ukhsa_/_respiratory_virus_unit	uk_health_security_agency___colindale
A/Missouri/122/2023	centers_for_disease_control_and_prevention	dr._stacey_house
A/Manitoba/RV01690/2023	public_health_agency_of_canada_(phac)	cadham_provincial_laboratory
A/Missouri/126/2023	centers_for_disease_control_and_prevention	dr._stacey_house
A/Texas/249/2024	centers_for_disease_control_and_prevention	baylor_scott_and_white_health
A/India/Pun-NIVCOV242456/2024	icmr_national_institute_of_virology	icmr_national_institute_of_virology
A/Ulsan/334/2025	korea_disease_control_and_prevention_agency_(kdca)	korea_disease_control_and_prevention_agency_(kdca)
A/HongKong/1937/2024	crick_worldwide_influenza_centre	government_virus_unit
A/Florida/ISC-1364/2024	centers_for_disease_control_and_prevention	florida_department_of_health_tampa
A/Texas/ISC-1277/2025	centers_for_disease_control_and_prevention	texas_department_of_state_health_services_laboratory_services
A/France/ARA-HCL025013546401/2025	cnr_virus_des_infections_respiratoires,_france_sud	cnr_virus_des_infections_respiratoires___france_sud
A/Bahrain/1395/2024	national_influenza_center,_bahrain	ministry_of_health_bahrain
A/Qatar/15733/2025	u.s._air_force_school_of_aerospace_medicine	u.s._air_force_school_of_aerospace_medicine_
A/Qatar/15734/2025	u.s._air_force_school_of_aerospace_medicine	u.s._air_force_school_of_aerospace_medicine_
A/France/ARA-RELAB-HCL025011245001/2025	cnr_virus_des_infections_respiratoires,_france_sud	cnr_virus_des_infections_respiratoires___france_sud
A/Navarra/271/2025	instituto_de_salud_carlos_iii	servicio_de_microbiología_complejo_hospitalario_de_navarra
A/Malaysia/IMR-SARI0582/2025	institute_for_medical_research	hospital_sultanah_bahiyah
A/France/ARA-HCL025012989901/2025	cnr_virus_des_infections_respiratoires,_france_sud	cnr_virus_des_infections_respiratoires___france_sud
A/Galicia/GA-CHUAC-300/2025	hospital_universitario_de_a_coruña	a_coruna_university_hospital_complex_(chuac)
A/Kanagawa/IC2346/2023-egg	centers_for_disease_control_and_prevention	national_institute_of_infectious_diseases_(niid)
A/Kanagawa/IC2346/2023	centers_for_disease_control_and_prevention	national_institute_of_infectious_diseases_(niid)
A/Croatia/10136RV/2023	crick_worldwide_influenza_centre	croatian_institue_of_public_health
A/Netherlands/10561/2023-egg	crick_worldwide_influenza_centre	national_institute_for_public_health_and_the_environment_(rivm)
A/Croatia/10165/RV/2023-egg	pb1	seasonal_h3n2
A/Croatia/10165/RV/2023	crick_worldwide_influenza_centre	croatian_institute_of_public_health_
A/Michigan/MIS-RR020386101/2024		university_of_michigan,_lauring_lab,_department_of_microbiology_and_immunology
A/StPetersburg/RII-300/2023-egg	who_national_influenza_centre_russian_federation	who_national_influenza_centre_russian_federation
A/StPetersburg/RII-300/2023	who_national_influenza_centre_russian_federation	who_national_influenza_centre_russian_federation
A/Croatia/10136RV/2023-egg	crick_worldwide_influenza_centre	croatian_institue_of_public_health
A/England/240441114/2024	ukhsa_/_respiratory_virus_unit	uk_health_security_agency___colindale
A/England/240541068/2024	ukhsa_/_respiratory_virus_unit	uk_health_security_agency___colindale
A/Singapore/SGH0164/2024	ministry_of_health,_singapore	ministry_of_health,_singapore
A/Indonesia/BIOKES-ISTH036/2024	balai_besar_laboratorium_biologi_kesehatan	balai_besar_laboratorium_biologi_kesehatan
A/Malaysia/IMR-SARI2763/2024	institute_for_medical_research	hospital_raja_permaisuri_bainun_
A/Queensland/IN000164/2024	public_and_environmental_health_reference_laboratories_(pehrl)	pathology_queensland
A/Queensland/IN000704/2024	public_and_environmental_health_reference_laboratories_(pehrl)	pathology_queensland
A/France/ARA-RELAB-HCL025042984101/2025	cnr_virus_des_infections_respiratoires,_france_sud	cnr_virus_des_infections_respiratoires___france_sud
A/Abudhabi/14359/2024	sheikh_khalifa_medical_city_(skmc)	reference_laboratory_for_infectious_disease_(surveillance_lab)
A/Queensland/IN000910/2025	public_and_environmental_health_reference_laboratories_(pehrl)	pathology_queensland
A/Bangkok/P358/2025	thai_national_influenza_center	thai_national_influenza_center
A/PhraNakhonSiAyutthaya/F450/2025	thai_national_influenza_center	thai_national_influenza_center
A/Texas/20/2025	centers_for_disease_control_and_prevention	texas_department_of_state_health_services_laboratory_services
A/Wellington/86/2024	centers_for_disease_control_and_prevention	institute_of_environmental_science_&_research
A/Kanagawa/IC2427/2025	national_institute_of_infectious_diseases_(niid)	national_institute_of_infectious_diseases_(niid)
A/Kanagawa/IC2411/2024	national_institute_of_infectious_diseases_(niid)	national_institute_of_infectious_diseases_(niid)
A/Abudhabi/21037/2024	sheikh_khalifa_medical_city_(skmc)	reference_laboratory_for_infectious_disease_(surveillance_lab)
A/Navarra/1821/2024	instituto_de_salud_carlos_iii	servicio_de_microbiología_complejo_hospitalario_de_navarra
A/Busan/463/2025	korea_disease_control_and_prevention_agency_(kdca)	korea_disease_control_and_prevention_agency_(kdca)
A/SriLanka/3/2025	who_collaborating_centre_for_reference_and_research_on_influenza	medical_research_institute
A/Algeria/459/2025	crick_worldwide_influenza_centre	institut_pasteur_d'algerie
A/Texas/ISC-1215/2025	centers_for_disease_control_and_prevention	texas_department_of_state_health_services_laboratory_services
A/SouthAustralia/2502703394/2025	sa_pathology_laboratory	sa_pathology
A/SouthAustralia/2503104916/2025	sa_pathology_laboratory	sa_pathology
A/Incheon/335/2025	korea_disease_control_and_prevention_agency_(kdca)	korea_disease_control_and_prevention_agency_(kdca)
A/Vietnam/PF125007/2025	bach_mai_hospital	bach_mai_hospital
A/France/HDF-RELAB-IPP10714/2024	institut_pasteur	institut_pasteur
A/Wellington/78/2024	centers_for_disease_control_and_prevention	institute_of_environmental_science_&_research
A/Tokyo/EIS10-562/2024	national_institute_of_infectious_diseases_(niid)	national_institute_of_infectious_diseases_(niid)
A/Queensland/IN000169/2024	public_and_environmental_health_reference_laboratories_(pehrl)	pathology_queensland
A/Jeju/419/2025	korea_disease_control_and_prevention_agency_(kdca)	korea_disease_control_and_prevention_agency_(kdca)
A/Sejong/303/2025	korea_disease_control_and_prevention_agency_(kdca)	korea_disease_control_and_prevention_agency_(kdca)
A/SouthKorea/15592/2025	u.s._air_force_school_of_aerospace_medicine	u.s._air_force_school_of_aerospace_medicine_
A/SouthKorea/15594/2025	u.s._air_force_school_of_aerospace_medicine	u.s._air_force_school_of_aerospace_medicine_
A/SouthKorea/15595/2025	u.s._air_force_school_of_aerospace_medicine	u.s._air_force_school_of_aerospace_medicine_
A/Cambodia/IKPT240093/2024	national_institute_of_public_health	national_institute_of_public_health
A/Queensland/IN000772/2024	public_and_environmental_health_reference_laboratories_(pehrl)	pathology_queensland
A/WesternAustralia/2500815572/2025	sa_pathology_laboratory	sa_pathology
A/Oman/CPHL_724213/2024	central_public_health_laboratories_oman	central_public_health_laboratories_oman
A/England/240140510/2023	ukhsa_/_respiratory_virus_unit	uk_health_security_agency___colindale
A/England/235140318/2023	ukhsa_/_respiratory_virus_unit	uk_health_security_agency___colindale
A/Bangladesh/1039/2024	centers_for_disease_control_and_prevention	icddr,b_international_centre_for_diarrhoeal_disease_research,_bangladesh
A/Pakistan/AHF-NIH/ICT/022/2023	national_institute_of_health,_pakistan	national_institute_of_health
A/Cambodia/IAHC240261/2024	national_institute_of_public_health	national_institute_of_public_health
A/Zambia/141/2024	centers_for_disease_control_and_prevention	university_teaching_hospital,_moh_zambia
A/Santiago/82419/2023	instituto_de_salud_publica_de_chile	instituto_de_salud_publica_de_chile
A/Abudhabi/14169/2024	sheikh_khalifa_medical_city_(skmc)	reference_laboratory_for_infectious_disease_(surveillance_lab)
A/Ghana/FS-24-5319/2024	noguchi_memorial_institute_for_medical_research_	noguchi_memorial_institute_for_medical_research
A/Ghana/FS-25-0289/2025	noguchi_memorial_institute_for_medical_research_(nmimr)	noguchi_memorial_institute_for_medical_research
A/Niger/20/2024	centers_for_disease_control_and_prevention	centre_de_recherche_medicale_et_sanitaire_(cermes)
A/France/ARA-RELAB-HCL024111254101/2024	cnr_virus_des_infections_respiratoires,_france_sud	cnr_virus_des_infections_respiratoires___france_sud
A/Niger/90/2024	centers_for_disease_control_and_prevention	centre_de_recherche_medicale_et_sanitaire_(cermes)
A/Niger/7786/2024	centers_for_disease_control_and_prevention	centre_de_recherche_medicale_et_sanitaire_(cermes)
A/CoteDIvoire/3400/2024	institut_pasteur_de_côte_d'ivoire	pasteur_institut_of_côte_d'ivoire
A/Bhutan/90/2024	centers_for_disease_control_and_prevention	royal_centre_for_disease_control
A/Nepal/N132/2025	who_collaborating_centre_for_reference_and_research_on_influenza	national_public_health_laboratory
A/Abudhabi/17816/2024	sheikh_khalifa_medical_city_(skmc)	reference_laboratory_for_infectious_disease_(surveillance_lab)
A/Cardiff/3278/2024	public_health_wales_microbiology_cardiff	public_health_wales_microbiology_cardiff
A/Bangladesh/3149/2024	centers_for_disease_control_and_prevention	institute_of_epidemiology_disease_control_and_research_(iedcr)_&_bangladesh_national_influenza_centre_(nic)
A/HongKong/2123/2024	crick_worldwide_influenza_centre	government_virus_unit
A/Bangladesh/1958/2024	centers_for_disease_control_and_prevention	institute_of_epidemiology_disease_control_and_research_(iedcr)_&_bangladesh_national_influenza_centre_(nic)
A/India/PUN-NIV24_3331/2024	centers_for_disease_control_and_prevention	national_institute_of_virology
A/Ulsan/319/2025	korea_disease_control_and_prevention_agency_(kdca)	korea_disease_control_and_prevention_agency_(kdca)
A/HongKong/426/2025	hong_kong_department_of_health	hong_kong_department_of_health
A/NewHampshire/12/2025	centers_for_disease_control_and_prevention	new_hampshire_public_health_laboratories
A/Massachusetts/ISC-1289/2025	centers_for_disease_control_and_prevention	massachusetts_department_of_public_health
A/FrenchGuiana/87/2025	institut_pasteur_de_la_guyane	centre_hospitalier_de_l'ouest_guyanais
A/Pennsylvania/395/2024	centers_for_disease_control_and_prevention	children's_hospital_of_pittsburgh_upmc
A/Guam/5525/2025	centers_for_disease_control_and_prevention	guam_department_of_public_health
A/NakhonPhanom/F430/2025	thai_national_influenza_center	thai_national_influenza_center
A/NakhonPhanom/F477/2025	thai_national_influenza_center	thai_national_influenza_center
A/California/H20-335-6480/2023		ginkgo_bioworks
A/Maldives/1043/2024	centers_for_disease_control_and_prevention	ministry_of_health
A/Maldives/1141/2024	centers_for_disease_control_and_prevention	ministry_of_health
A/Bangladesh/icddrb-3240408012/2024	international_centre_for_diarrhoeal_disease_research_(icddr,b)	international_centre_for_diarrhoeal_disease_research_(icddr,b)
A/Perm/191-t3V/2024	state_research_center_of_virology_and_biotechnology_(vector)	"fbuz_""centre_of_hygiene_and_epidemiology"""
A/Oskemen/972/2023	research_and_production_center_of_microbiology_and_virology	research_and_production_center_for_microbiology_and_virology,_laboratory_for_ecology_of_viruses
A/Yekaterinburg/47/2024	who_national_influenza_centre_russian_federation	"fbuz_""center_of_hygiene_and_epidemiology""_in_sverdlovsk_oblast"
A/France/ARA-HCL024019061601/2024	cnr_virus_des_infections_respiratoires,_france_sud	cnr_virus_des_infections_respiratoires___france_sud
A/StPetersburg/RII-60/2024-egg	who_national_influenza_centre_russian_federation	who_national_influenza_centre_russian_federation
A/Maputo/PMB0699052/2024	instituto_nacional_de_saúde_mozambique_(ins)	instituto_nacional_de_saúde_mozambique_(ins)
A/PuertoMontt/52991/2024	centers_for_disease_control_and_prevention	instituto_de_salud_publica_de_chile
A/France/OCC-RELAB-HCL025040228601/2025	cnr_virus_des_infections_respiratoires,_france_sud	cnr_virus_des_infections_respiratoires___france_sud
A/Bahrain/1493/2025	national_influenza_center,_bahrain	ministry_of_health_bahrain
A/StPetersburg/RII-MH154937S/2023	who_national_influenza_centre_russian_federation	research_institute_of_influenza,_ministry_of_healthcare_of_the_russian_federation
A/Kuzhener/RII-MH172436S/2024	who_national_influenza_centre_russian_federation	research_institute_of_influenza,_ministry_of_healthcare_of_the_russian_federation
A/StPetersburg/RII-286/2023	who_national_influenza_centre_russian_federation	who_national_influenza_centre_russian_federation
A/StPetersburg/RII-286/2023-egg	who_national_influenza_centre_russian_federation	who_national_influenza_centre_russian_federation
A/StPetersburg/RII-24/2024	who_national_influenza_centre_russian_federation	who_national_influenza_centre_russian_federation
A/Massachusetts/BI_WH-17135/2024		broad_institute_genomic_center_for_infectious_diseases
A/StPetersburg/RII-303/2023-egg	who_national_influenza_centre_russian_federation	who_national_influenza_centre_russian_federation
A/StPetersburg/RII-303/2023	who_national_influenza_centre_russian_federation	who_national_influenza_centre_russian_federation
A/Kyrgyzstan/97/2023	crick_worldwide_influenza_centre	national_virology_laboratory,_center_microbiological_investigations
A/Novosibirsk/242-64V/2024	state_research_center_of_virology_and_biotechnology_(vector)	center_of_hygiene_and_epidemiology_in_novosibirsk_region
A/Novosibirsk/RII-7340/2024	who_national_influenza_centre_russian_federation	research_institute_of_experimental_and_clinical_medicine
A/StPetersburg/RII-MH154159S/2023	who_national_influenza_centre_russian_federation	research_institute_of_influenza,_ministry_of_healthcare_of_the_russian_federation
A/StPetersburg/RII-10/2024	who_national_influenza_centre_russian_federation	who_national_influenza_centre_russian_federation
A/StPetersburg/RII-307/2023-egg	who_national_influenza_centre_russian_federation	who_national_influenza_centre_russian_federation
A/StPetersburg/RII-307/2023	who_national_influenza_centre_russian_federation	who_national_influenza_centre_russian_federation
A/StPetersburg/RII-MH166460S/2023	who_national_influenza_centre_russian_federation	research_institute_of_influenza,_ministry_of_healthcare_of_the_russian_federation
A/StPetersburg/RII-1M/2024-egg	who_national_influenza_centre_russian_federation	who_national_influenza_centre_russian_federation
A/StPetersburg/RII-1M/2024	who_national_influenza_centre_russian_federation	who_national_influenza_centre_russian_federation
A/StPetersburg/RII-31M/2024	who_national_influenza_centre_russian_federation	who_national_influenza_centre_russian_federation
A/Israel/R1613/2024	crick_worldwide_influenza_centre	central_virology_laboratory_israel_(nic)
A/StPetersburg/RII-7959S/2023	who_national_influenza_centre_russian_federation	who_national_influenza_centre_russian_federation
A/StPetersburg/RII-7946S/2023	who_national_influenza_centre_russian_federation	who_national_influenza_centre_russian_federation
A/StPetersburg/RII-11/2024-egg	who_national_influenza_centre_russian_federation	who_national_influenza_centre_russian_federation
A/StPetersburg/RII-11/2024	who_national_influenza_centre_russian_federation	who_national_influenza_centre_russian_federation
A/Mamonovo/RII-MH178318S/2024	who_national_influenza_centre_russian_federation	research_institute_of_influenza,_ministry_of_healthcare_of_the_russian_federation
A/HongKong/1389/2024	centers_for_disease_control_and_prevention	government_virus_unit
A/Sydney/194/2024	who_collaborating_centre_for_reference_and_research_on_influenza	clinical_virology_unit,_cdim
A/Singapore/SAR3501/2024	ministry_of_health,_singapore	ministry_of_health,_singapore
A/Bangladesh/3205/2024	centers_for_disease_control_and_prevention	institute_of_epidemiology_disease_control_and_research_(iedcr)_&_bangladesh_national_influenza_centre_(nic)
A/Bangladesh/3845/2024	centers_for_disease_control_and_prevention	institute_of_epidemiology_disease_control_and_research_(iedcr)_&_bangladesh_national_influenza_centre_(nic)
A/StPetersburg/RII-351/2023-egg	who_national_influenza_centre_russian_federation	who_national_influenza_centre_russian_federation
A/StPetersburg/RII-311/2023	who_national_influenza_centre_russian_federation	who_national_influenza_centre_russian_federation
A/StPetersburg/RII-311/2023-egg	who_national_influenza_centre_russian_federation	who_national_influenza_centre_russian_federation
A/MexicoCity/INER-INF_079/2022	national_institute_of_respiratory_diseases	instituto_nacional_de_enfermedades_respiratorias_
A/Bangladesh/1003/2024	centers_for_disease_control_and_prevention	icddr,b_international_centre_for_diarrhoeal_disease_research,_bangladesh
A/Tokyo/EIS10-240/2024	national_institute_of_infectious_diseases_(niid)	national_institute_of_infectious_diseases_(niid)
A/HongKong/2506/2024	hong_kong_department_of_health_,_public_health_laboratory_services_branch	hong_kong_department_of_health
A/Tokyo/EIS10-610/2024	national_institute_of_infectious_diseases_(niid)	national_institute_of_infectious_diseases_(niid)
A/Kaliningrad/RII-17/2024	who_national_influenza_centre_russian_federation	who_national_influenza_centre_russian_federation
A/StPetersburg/RII-310/2023-egg	who_national_influenza_centre_russian_federation	who_national_influenza_centre_russian_federation
A/StPetersburg/RII-310/2023	who_national_influenza_centre_russian_federation	who_national_influenza_centre_russian_federation
A/Peru/LIM-UPCH-4133/2023	universidad_peruana_cayetano_heredia	instituto_de_medicine_tropical_alexander_von_humboldt___upch
A/Ovalle/37524/2024	instituto_de_salud_publica_de_chile	instituto_de_salud_publica_de_chile
A/Peru/LIM-UPCH-4507/2024	universidad_peruana_cayetano_heredia	instituto_de_medicine_tropical_alexander_von_humboldt___upch
A/Peru/LIM-UPCH-4332/2024	universidad_peruana_cayetano_heredia	instituto_de_medicine_tropical_alexander_von_humboldt___upch
A/Krasnoyarsk/247-7V/2024	state_research_center_of_virology_and_biotechnology_(vector)	center_of_hygiene_and_epidemiology_in_krasnoyarsk_krai
A/StPetersburg/RII-31M/2024-egg	who_national_influenza_centre_russian_federation	who_national_influenza_centre_russian_federation
A/Kaliningrad/RII-17/2024-egg	who_national_influenza_centre_russian_federation	who_national_influenza_centre_russian_federation
A/StPetersburg/RII-42M/2024-egg	who_national_influenza_centre_russian_federation	who_national_influenza_centre_russian_federation
A/StPetersburg/RII-10/2024-egg	who_national_influenza_centre_russian_federation	who_national_influenza_centre_russian_federation
A/Tokyo/EIS10-096/2024	national_institute_of_infectious_diseases_(niid)	national_institute_of_infectious_diseases_(niid)
A/India/Pune-NIV234429/2023	icmr_national_institute_of_virology	icmr_national_institute_of_virology
A/Ghana/FS-25-0394/2025	noguchi_memorial_institute_for_medical_research_(nmimr)	noguchi_memorial_institute_for_medical_research
A/Ghana/FS-25-0395/2025	noguchi_memorial_institute_for_medical_research_(nmimr)	noguchi_memorial_institute_for_medical_research
A/Bangladesh/3020/2024	centers_for_disease_control_and_prevention	icddr,b_international_centre_for_diarrhoeal_disease_research,_bangladesh
A/Tokyo/EIS10-664/2024	national_institute_of_infectious_diseases_(niid)	national_institute_of_infectious_diseases_(niid)
A/Bangladesh/3187/2024	centers_for_disease_control_and_prevention	institute_of_epidemiology_disease_control_and_research_(iedcr)_&_bangladesh_national_influenza_centre_(nic)
A/Hungary/47/2024	national_public_health_center,_hungary	national_center_for_public_health_and_pharmacy
A/Kyrgyzstan/2/2024	crick_worldwide_influenza_centre	national_virology_laboratory,_center_microbiological_investigations
A/Bangladesh/1240311020/2024	centers_for_disease_control_and_prevention	icddr,b_international_centre_for_diarrhoeal_disease_research,_bangladesh
A/Kanagawa/IC2356/2024	national_institute_of_infectious_diseases_(niid)	national_institute_of_infectious_diseases_(niid)
A/France/IDF-IPP29542/2023	crick_worldwide_influenza_centre	institut_pasteur
A/Mozambique/693787/2024	crick_worldwide_influenza_centre	laboratório_de_isolamento_viral
A/Netherlands/10561/2023	crick_worldwide_influenza_centre	national_institute_for_public_health_and_the_environment_(rivm)
A/Bangladesh/icddrb-1240408027/2024	international_centre_for_diarrhoeal_disease_research_(icddr,b)	international_centre_for_diarrhoeal_disease_research_(icddr,b)
A/Mozambique/141/2023	centers_for_disease_control_and_prevention	laboratório_de_isolamento_viral
A/PhraNakhonSiAyutthaya/F603/2025	thai_national_influenza_center	thai_national_influenza_center
A/Queensland/IN000504/2024	public_and_environmental_health_reference_laboratories_(pehrl)	pathology_queensland
A/Queensland/IN000305/2024	public_and_environmental_health_reference_laboratories_(pehrl)	pathology_queensland
A/Japan/14874/2024	u.s._air_force_school_of_aerospace_medicine	u.s._air_force_school_of_aerospace_medicine_
A/Abudhabi/21245/2024	sheikh_khalifa_medical_city_(skmc)	reference_laboratory_for_infectious_disease_(surveillance_lab)
A/NewYork/150/2024	centers_for_disease_control_and_prevention	new_york_state_department_of_health
A/NorthCarolina/20/2025	centers_for_disease_control_and_prevention	north_carolina_state_laboratory_of_public_health
A/England/240160560/2023	ukhsa_/_respiratory_virus_unit	uk_health_security_agency___colindale
A/BritishColumbia/RV00479/2025	public_health_agency_of_canada_(phac)	b.c._centre_for_disease_control
A/FrenchGuiana/169/2025	institut_pasteur_de_la_guyane	eurofins___laboratoire_d'analyses_médicales_kourou
A/SouthAustralia/2501807956/2025	sa_pathology_laboratory	sa_pathology
A/NewMexico/14/2025	centers_for_disease_control_and_prevention	new_mexico_department_of_health
A/Lisbon/216/2023-egg	crick_worldwide_influenza_centre	instituto_nacional_de_saude_(insa)
A/Lisbon/216/2023	crick_worldwide_influenza_centre	instituto_nacional_de_saude_(insa)
A/Jeonbuk/4055/2024	korea_disease_control_and_prevention_agency_(kdca)	korea_disease_control_and_prevention_agency_(kdca)
A/HongKong/504/2025	hong_kong_department_of_health	hong_kong_department_of_health
A/Tokyo/EIS10-172/2024	national_institute_of_infectious_diseases_(niid)	national_institute_of_infectious_diseases_(niid)
A/Norway/8846/2024	norwegian_institute_of_public_health	akershus_university_hospital
A/Malaysia/IMR-SARI0322/2025	institute_for_medical_research	hospital_sultanah_aminah
A/Tokyo/EIS10-565/2024	national_institute_of_infectious_diseases_(niid)	national_institute_of_infectious_diseases_(niid)
A/Myanmar/24M137/2024	niigata_university	niigata_university
A/Bahia/13610/2023	oswaldo_cruz_foundation	laboratório_central_de_saúde_pública_professor_gonçalo_moniz,_lacen_ba
A/Dakar/33/2024	crick_worldwide_influenza_centre	institut_pasteur_de_dakar__
A/Dakar/31/2024	crick_worldwide_influenza_centre	institut_pasteur_de_dakar__
A/HongKong/2395/2024	hong_kong_department_of_health_,_public_health_laboratory_services_branch	hong_kong_department_of_health
A/MatoGrossodoSul/MS-FIOCRUZ-FMS518/2025	fundação_oswaldo_cruz_(fiocruz)	lacen/ms_laboratório_central_de_saúde_pública_de_mato_grosso_do_sul
A/Antofagasta/46252/2024	instituto_de_salud_publica_de_chile	instituto_de_salud_publica_de_chile
A/Victoria/872/2024	who_collaborating_centre_for_reference_and_research_on_influenza	austin_health
A/Hiroshima/31/2024	national_institute_of_infectious_diseases_(niid)	center_for_public_health_and_environment,_hiroshima_prefectural_technology_research_institute
A/Victoria/745/2024	who_collaborating_centre_for_reference_and_research_on_influenza	royal_chidrens_hospital
A/Tokyo/EIS10-649/2024	national_institute_of_infectious_diseases_(niid)	national_institute_of_infectious_diseases_(niid)
A/NelsonMarlborough/23/2024	centers_for_disease_control_and_prevention	institute_of_environmental_science_&_research
A/Queensland/IN000644/2024	public_and_environmental_health_reference_laboratories_(pehrl)	pathology_queensland
A/Phuket/P3075/2024	thai_national_influenza_center	thai_national_influenza_center
A/Queensland/IN000383/2024	public_and_environmental_health_reference_laboratories_(pehrl)	pathology_queensland
A/Santiago/90483/2023	instituto_de_salud_publica_de_chile	instituto_de_salud_publica_de_chile
A/RiodeJaneiro/7698/2024	oswaldo_cruz_foundation	laboratorio_central_do_estado_do_rio_de_janeiro___lacen/rj___noel_nutels
A/Amapa/22955-IEC/2024	evandro_chagas_institute_	evandro_chagas_institute
A/England/4100589/2024	ukhsa_/_respiratory_virus_unit	uk_health_security_agency___colindale
A/FrenchGuiana/186/2025	institut_pasteur_de_la_guyane	eurofins___laboratoire_d'analyses_médicales_kourou
A/RioDeJaneiro/8033/2024	centers_for_disease_control_and_prevention	instituto_oswaldo_cruz_fiocruz___laboratory_of_respiratory_viruses_and_measles_(lvrs)
A/RiodeJaneiro/1711/2024	instituto_oswaldo_cruz_fiocruz___laboratory_of_respiratory_viruses_and_measles_(lvrs)	instituto_oswaldo_cruz_fiocruz___laboratory_of_respiratory_viruses_and_measles_(lvrs)
A/France/ARA-RELAB-HCL024077826601/2024	cnr_virus_des_infections_respiratoires,_france_sud	cnr_virus_des_infections_respiratoires___france_sud
A/Cameroon/6984/2024	crick_worldwide_influenza_centre	centre_pasteur_du_cameroun
A/EspiritoSanto/8343/2024	instituto_oswaldo_cruz_fiocruz___laboratory_of_respiratory_viruses_and_measles_(lvrs)	lacen/es___laboratório_central_de_saúde_pública_do_espírito_santo
A/Victoria/3340/2024	who_collaborating_centre_for_reference_and_research_on_influenza	alfred_hospital
A/NewCaledonia/2/2025	who_collaborating_centre_for_reference_and_research_on_influenza	institut_pasteur_new_caledonia
A/NewCaledonia/12/2025	who_collaborating_centre_for_reference_and_research_on_influenza	institut_pasteur_new_caledonia
A/SaoPaulo/357388524-IAL/2023	centers_for_disease_control_and_prevention	instituto_adolfo_lutz
A/Paraiba/1568-IEC/2025	evandro_chagas_institute	evandro_chagas_institute
A/Pernambuco/4004-IEC/2025	evandro_chagas_institute	evandro_chagas_institute
A/Pernambuco/4005-IEC/2025	evandro_chagas_institute	evandro_chagas_institute
A/BritishColumbia/PHL-2228/2025	public_health_agency_of_canada	b.c._centre_for_disease_control
A/Yakutia/198-11V/2025	state_research_center_of_virology_and_biotechnology_(vector)	center_of_hygiene_and_epidemiology_in_republic_of_sakha_(yakutia)
A/EspiritoSanto/464/2025	instituto_oswaldo_cruz_fiocruz___laboratory_of_respiratory_viruses_and_measles_(lvrs)	lacen/es___laboratório_central_de_saúde_pública_do_espírito_santo
A/Ecuador/1458/2025	centers_for_disease_control_and_prevention	inspi
A/Massachusetts/ISC-1149/2025	centers_for_disease_control_and_prevention	massachusetts_department_of_public_health
A/Ecuador/6687/2025	centers_for_disease_control_and_prevention	inspi
A/Santiago/95985/2024	instituto_de_salud_pública_de_chile	instituto_de_salud_publica_de_chile
A/SouthAustralia/2504500926/2025	sa_pathology_laboratory	sa_pathology