strain	submitting_lab	originating_lab
A/Beijing/SWL6/2009-egg	who_chinese_national_influenza_center	
A/Tianjin/SWL1/2009-egg	who_chinese_national_influenza_center	
A/Fujian/SWL3/2009-egg	who_chinese_national_influenza_center	
A/Beijing/1/2009	other_database_import	who_chinese_national_influenza_center
A/Delaware/2/2009-egg	centers_for_disease_control_and_prevention	
A/Delaware/3/2009-egg	centers_for_disease_control_and_prevention	
A/Texas/17/2009-egg	centers_for_disease_control_and_prevention	
A/California/13/2009-egg	centers_for_disease_control_and_prevention	
A/Mexico/4108/2009-egg	centers_for_disease_control_and_prevention	laboratorio_de_virus_respiratorio
A/Mexico/LaGloria-3/2009-egg	other_database_import	
A/Mexico/LaGloria-8/2009-egg	other_database_import	
A/Guangdong/1/2009	other_database_import	
A/Uganda/7/2009	centers_for_disease_control_and_prevention	
A/Mexico/4108/2009	centers_for_disease_control_and_prevention	laboratorio_de_virus_respiratorio
A/Madrid/GP62/2009	instituto_de_salud_carlos_iii	
A/Texas/11/2009-egg	centers_for_disease_control_and_prevention	
A/California/7-JRO10/2009-egg	np	seasonal_h1n1pdm
A/California/7-JRO08/2009-egg	np	seasonal_h1n1pdm
A/California/7-JRO09/2009-egg	np	seasonal_h1n1pdm
A/Fukuoka-C/1/2009	other_database_import	
A/Mexico/InDRE4487/2009	other_database_import	
A/AddisAbaba/WR2848N/2009	other_database_import	
A/England/195/2009	national_institute_for_medical_research	microbiology_services_colindale,_public_health_england
A/England/195/2009-egg	centers_for_disease_control_and_prevention	microbiology_services_colindale,_public_health_england
A/Kisumu/56/2009	kenyatta_university	ari_unit,_kenya_medical_research_institute_(kemri___nic),_centre_for_virus_research_annex,_p.o_box_54628
A/England/347/2009	other_database_import	
A/Shizuoka-C/97/2009	other_database_import	
A/Guangdong/1/2009-egg	who_chinese_national_influenza_center	
A/Sachsen-Anhalt/101/2009	other_database_import	robert_koch_institute
A/NewYork/1682/2009	other_database_import	
A/Mexico/LaGloria-4/2009-egg	other_database_import	
A/Perth/29/2009	who_collaborating_centre_for_reference_and_research_on_influenza	pathwest_qe_ii_medical_centre
A/SantoDomingo/574/2009	other_database_import	
A/Oklahoma/1/2009	centers_for_disease_control_and_prevention	
A/Texas/5/2009-egg	centers_for_disease_control_and_prevention	u.s._air_force_school_of_aerospace_medicine
A/Texas/5/2009	centers_for_disease_control_and_prevention	u.s._air_force_school_of_aerospace_medicine
A/Mexico/InDRE4487/2009-egg	centers_for_disease_control_and_prevention	
A/California/8/2009-egg	centers_for_disease_control_and_prevention	naval_health_research_center
A/California/7/2009-egg	centers_for_disease_control_and_prevention	naval_health_research_center
A/Mexico/4115/2009	centers_for_disease_control_and_prevention	laboratorio_de_virus_respiratorio
A/Israel/644/2009	national_institute_for_medical_research	central_virology_laboratory_israel_(nic)
A/Texas/10/2009-egg	centers_for_disease_control_and_prevention	
A/California/7/2009	centers_for_disease_control_and_prevention	naval_health_research_center
A/California/8/2009	centers_for_disease_control_and_prevention	naval_health_research_center
A/DominicanRepublic/3768/2009	centers_for_disease_control_and_prevention	laboratorio_de_investigacion_/_centro_de_educacion_medica_y_amistad_dominico_japones_(cemadoja)
A/Kentucky/5/2010-egg	centers_for_disease_control_and_prevention	
A/Manitoba/RV2152/2009	other_database_import	
A/Oita/40/2009	national_institute_of_infectious_diseases_(niid)	
A/Managua/511906/2009	other_database_import	
A/Managua/135603/2009	other_database_import	
A/Dakar/WRAIR0019T/2010	other_database_import	
A/Dakar/WRAIR0018N/2010	other_database_import	
A/Dakar/WRAIR0018T/2010	other_database_import	
A/Dakar/WRAIR0020T/2010	other_database_import	
A/Taiwan/1164/2010	other_database_import	
A/Mali/A_Mali-PERCH_009_2012/2012		virus_epidemiology_research_group,_kenya_medical_research_institute
A/Mali/A_Mali-PERCH_011_2012/2012		virus_epidemiology_research_group,_kenya_medical_research_institute
A/Moscow/WRAIR4316N/2011	other_database_import	
A/Moscow/WRAIR4316T/2011	other_database_import	
A/India/GWL_DSC/2010	other_database_import	
A/Moscow/WRAIR1621N/2009	other_database_import	
A/Guam/NHRC0004/2009	other_database_import	
A/Tianjin/SWL2/2009-egg	who_chinese_national_influenza_center	
A/Hunan/SWL3/2009-egg	who_chinese_national_influenza_center	
A/Hunan/SWL3/2009	other_database_import	
A/Pune/NIV10604/2009	other_database_import	
A/Singapore/ON1908/2009	other_database_import	
A/HongKong/H090-779-V22/2009	other_database_import	
A/Bhutan/739/2009	centers_for_disease_control_and_prevention	thailand_moph_u.s._cdc_collaboration_(ieip)
A/Mexico/4603/2009	centers_for_disease_control_and_prevention	laboratorio_de_virus_respiratorio
A/Helsinki/Vi2/2009	other_database_import	
A/Scotland/Edinburgh_17343/2009	other_database_import	
A/Lipetsk/CRIE-BVV/2009	other_database_import	
A/NizhnyNovgorod/CRIE-NGV/2010	other_database_import	
A/NizhnyNovgorod/CRIE-BLM/2011	other_database_import	
A/Vladimir/IIV-35/2011	other_database_import	
A/Hunan/SWL5/2009	who_chinese_national_influenza_center	
A/Shanghai/SWL7/2009	who_chinese_national_influenza_center	
A/Singapore/GP449/2010	other_database_import	
A/Southaustralia/162/2012	who_collaborating_centre_for_reference_and_research_on_influenza	institute_of_medical_and_veterinary_science_(imvs)
A/Hainan/SWL2/2009-egg	who_chinese_national_influenza_center	
A/Singapore/ON1747/2009	other_database_import	
A/Heilongjiang/SWL1/2009-egg	who_chinese_national_influenza_center	
A/SouthCarolina/18/2009-egg	centers_for_disease_control_and_prevention	south_carolina_department_of_health
A/SouthCarolina/18/2009	centers_for_disease_control_and_prevention	south_carolina_department_of_health
A/Guangdong/SWL3/2009	who_chinese_national_influenza_center	
A/Fujian/SWL6/2009-egg	who_chinese_national_influenza_center	
A/Singapore/GP4369/2010	other_database_import	
A/Russia/190/2009-egg	other_database_import	
A/Tver/IIV-183/2009-egg	np	seasonal_h1n1pdm
A/SriLanka/21386/2010	other_database_import	
A/England/4880374/2010	microbiology_services_colindale,_public_health_england	microbiology_services_colindale,_public_health_england
A/Shanghai-Jingan/SWL1230/2011-egg	who_chinese_national_influenza_center	who_chinese_national_influenza_center
A/Fujian-Xinluo/SWL1141/2011	who_chinese_national_influenza_center	who_chinese_national_influenza_center
A/Zhejiang/SWL2/2009	who_chinese_national_influenza_center	
A/Shanghai/SWL2/2009	who_chinese_national_influenza_center	
A/Russia/171/2009-egg	other_database_import	
A/Russia/180/2009-egg	other_database_import	
A/Singapore/ON1868/2009	other_database_import	
A/Guangdong-Yuexiu/SWL1276/2010	who_chinese_national_influenza_center	
A/Guangdong-Wujiang/SWL51/2010	who_chinese_national_influenza_center	
A/Singapore/GP3012/2009	other_database_import	
A/Singapore/GP2987/2009	other_database_import	
A/Singapore/ON2250/2009	other_database_import	
A/Singapore/405S/2009	other_database_import	
A/Fujian/SWL5/2009	who_chinese_national_influenza_center	
A/Fujian/SWL8/2009	who_chinese_national_influenza_center	
A/Russia/191/2009-egg	other_database_import	
A/Russia/4/2009-egg	other_database_import	
A/Russia/14/2009-egg	other_database_import	
A/Xizang/SWL2/2009	who_chinese_national_influenza_center	
A/Shanghai/SWL4/2009-egg	who_chinese_national_influenza_center	
A/Scotland/Glasgow_445236/2009	other_database_import	
A/Tianjin/SWL4/2009-egg	who_chinese_national_influenza_center	
A/Shanghai/SWL3/2009	who_chinese_national_influenza_center	
A/Hunan/SWL18/2009-egg	who_chinese_national_influenza_center	
A/Russia/74/2009-egg	other_database_import	
A/Guangdong-Zhenjiang/SWL176/2010	who_chinese_national_influenza_center	
A/Fujian-Yanping/SWL1115/2010	who_chinese_national_influenza_center	
A/Russia/165/2009-egg	other_database_import	
A/Russia/200/2009-egg	other_database_import	
A/Russia/12/2009-egg	other_database_import	
A/Russia/178/2009-egg	other_database_import	
A/Suriname/777/2010	centers_for_disease_control_and_prevention	caribbean_epidemiology_center
A/Hubei/74/2009	other_database_import	
A/Chongqing-Wanzhou/SWL53/2011	who_chinese_national_influenza_center	who_chinese_national_influenza_center
A/TianjinHedong/SWL44/2011	other_database_import	
A/Qingdao/F166/2011	other_database_import	
A/Sydney/DD3-27/2010	other_database_import	
A/Guangdong-Duanzhou/SWL1198/2010	who_chinese_national_influenza_center	
A/Guangzhou/GIRD74/2010	other_database_import	
A/Guangdong-Liwan/SWL1170/2010	who_chinese_national_influenza_center	
A/Russia/100/2009-egg	other_database_import	
A/Guangxi/SWL5/2009	who_chinese_national_influenza_center	
A/Shanghai-Pudongxin/SWL1335/2010	who_chinese_national_influenza_center	
A/Hubei-Hongshan/SWL143/2010-egg	who_chinese_national_influenza_center	
A/Shanghai/P1/2009	other_database_import	
A/Guangdong-Zhenjiang/SWL165/2010	who_chinese_national_influenza_center	
A/Guangdong-Liwan/SWL172/2010	who_chinese_national_influenza_center	
A/Guangdong-Liwan/SWL176/2010	who_chinese_national_influenza_center	
A/Hubei-Songzi/SWL160/2010	who_chinese_national_influenza_center	
A/Hubei-Songzi/SWL189/2010	who_chinese_national_influenza_center	
A/Nanjing/2/2010	other_database_import	
A/Yaroslavl/IIV-196/2009-egg	np	seasonal_h1n1pdm
A/Hubei-Wuchang/SWL145/2010	who_chinese_national_influenza_center	
A/Hubei/73/2009	other_database_import	
A/Chita/CRIE-8/2009	other_database_import	
A/Hubei-Wuchang/SWL171/2010	who_chinese_national_influenza_center	
A/Hubei-Wuchang/SWL174/2010	who_chinese_national_influenza_center	
A/Heilongjiang-Xiangyang/SWL196/2011	who_chinese_national_influenza_center	who_chinese_national_influenza_center
A/Qingdao/F970/2010	other_database_import	
A/Qingdao/FF894/2010	other_database_import	
A/NorthernIreland/4380108/2010	other_database_import	
A/Singapore/GP3442/2010	other_database_import	
A/Sydney/DD3-10/2010	other_database_import	
A/Macau/307249/2010	who_collaborating_centre_for_reference_and_research_on_influenza	laboratorio_de_saude_publico
A/Fujian-Gulou/SWL1338/2010-egg	who_chinese_national_influenza_center	fujian_provincial_center_for_disease_control_and_prevention
A/Fujian-Gulou/SWL1338/2010	who_chinese_national_influenza_center	fujian_provincial_center_for_disease_control_and_prevention
A/Zhejiang-Haishu/SWL1289/2010-egg	who_chinese_national_influenza_center	
A/Volgograd/CRIE-DMV/2011	other_database_import	
A/Southauckland/2/2010	who_collaborating_centre_for_reference_and_research_on_influenza	institute_of_environmental_science_and_research
A/Shanghai-Luwan/SWL1354/2010-egg	who_chinese_national_influenza_center	shanghai_municipal_center_for_disease_control_and_prevention
A/Shanghai-Luwan/SWL1354/2010	who_chinese_national_influenza_center	shanghai_municipal_center_for_disease_control_and_prevention
A/Tula/CRIE-SIA/2011	other_database_import	
A/Singapore/GP2726/2010	other_database_import	
A/Brisbane/7/2010	who_collaborating_centre_for_reference_and_research_on_influenza	queensland_health_scientific_services
A/Sydney/DD3-49/2010	other_database_import	
A/Sydney/DD3-45/2010	other_database_import	
A/Sydney/DD3-31/2010	other_database_import	
A/NorthFitzroy/INS474/2010	other_database_import	
A/Melbourne/INS475/2010	other_database_import	
A/NorthFitzroy/INS473/2010	other_database_import	
A/Darwin/36/2010	who_collaborating_centre_for_reference_and_research_on_influenza	influenza_surveillance_centre_for_disease_control
A/Singapore/SS37/2010	other_database_import	
A/Singapore/DMS1163/2011	other_database_import	
A/Singapore/575/2010	who_collaborating_centre_for_reference_and_research_on_influenza	ministry_of_health,_singapore
A/NorthFitzroy/INS469/2010	other_database_import	
A/Taiwan/5270/2010	other_database_import	
A/Taiwan/3994/2010	other_database_import	
A/Sydney/DD3-07/2010	other_database_import	
A/Sydney/DD3-06/2010	other_database_import	
A/Bangkok/INS499/2010	other_database_import	
A/Westmead/INS524/2010	other_database_import	
A/Sydney/DD3-30/2010	other_database_import	
A/Sydney/DD3-04/2010	other_database_import	
A/Brisbane/12/2010-egg	who_collaborating_centre_for_reference_and_research_on_influenza	who_collaborating_centre_for_reference_and_research_on_influenza
A/Sydney/DD3-05/2010	other_database_import	
A/Chile/87/2010	other_database_import	
A/Chile/29/2010	other_database_import	
A/Chile/37/2010	other_database_import	
A/Chile/28/2010	other_database_import	
A/Sydney/DD3-41/2010	other_database_import	
A/Sydney/DD3-22/2010	other_database_import	
A/Chile/70/2010	other_database_import	
A/Chile/61/2010	other_database_import	
A/Chile/89/2010	other_database_import	
A/Chile/106/2010	other_database_import	
A/Chile/34/2010	other_database_import	
A/Sydney/DD3-40/2010	other_database_import	
A/Victoria/5/2010	who_collaborating_centre_for_reference_and_research_on_influenza	victorian_infectious_diseases_reference_laboratory_
A/Sydney/DD3-19/2010	other_database_import	
A/Chile/78/2010	other_database_import	
A/Chile/109/2010	other_database_import	
A/Chile/23/2010	other_database_import	
A/Chile/71/2010	other_database_import	
A/Chile/58/2010	other_database_import	
A/Nagano/RC1/2009	other_database_import	
A/Tasmania/2004/2009-egg	who_collaborating_centre_for_reference_and_research_on_influenza	royal_hobart_hospital
A/Ethiopia/16/2009	centers_for_disease_control_and_prevention	cdc_kenya
A/Scotland/Glasgow_413886/2009	other_database_import	
A/NewYork/33/2009-egg	centers_for_disease_control_and_prevention	
A/NewYork/21/2009-egg	centers_for_disease_control_and_prevention	
A/Kaliningrad/1/2009-egg	centers_for_disease_control_and_prevention	russian_academy_of_medical_sciences
A/Shiga/43/2009	national_institute_of_infectious_diseases_(niid)	
A/Bangalore/NIV310/2009	other_database_import	
A/Pune/NIV6196/2009	other_database_import	
A/Brazil/AVS06/2009	other_database_import	
A/SriLanka/2008/2009	other_database_import	
A/NewYork/3365/2009	other_database_import	
A/NewYork/37/2009-egg	centers_for_disease_control_and_prevention	
A/Zhejiang/79/2009	other_database_import	
A/Australia/61/2009	other_database_import	
A/Uganda/MUWRP-111/2009	other_database_import	
A/Bogota/WR0090N/2009	other_database_import	
A/NorthFitzroy/INS464/2010	other_database_import	
A/Uganda/MUWRP-092/2009	other_database_import	
A/Wisconsin/629-D01355/2009	other_database_import	
A/Ontario/RV3226/2009-egg	centers_for_disease_control_and_prevention	national_microbiology_laboratory,_health_canada
A/Ankara/WRAIR1426N/2009	other_database_import	
A/Russia/19/2009-egg	other_database_import	
A/Singapore/DMS26/2009	other_database_import	
A/Singapore/ON2180/2009	other_database_import	
A/Uganda/MUWRP-093/2009	other_database_import	
A/Argentina/HNRG107/2009-egg	other_database_import	
A/Singapore/GP2711/2009	other_database_import	
A/Argentina/HNRG33/2009-egg	other_database_import	
A/Ankara/WRAIR1435T/2009	other_database_import	
A/Oslo/INS404/2009	other_database_import	
A/NewYork/39/2009-egg	centers_for_disease_control_and_prevention	
A/NewYork/20/2009	centers_for_disease_control_and_prevention	new_york_city_department_of_health
A/NewYork/3211/2009	other_database_import	
A/Wisconsin/629-D00459/2009	other_database_import	
A/Ashgabat/WR0865N/2009	other_database_import	
A/ElSalvador/1553/2009-egg	centers_for_disease_control_and_prevention	contiguo_a_hospital_rosales
A/ElSalvador/1553/2009	centers_for_disease_control_and_prevention	contiguo_a_hospital_rosales
A/NewYork/25/2009-egg	centers_for_disease_control_and_prevention	
A/BritishColumbia/RV2935/2009	other_database_import	
A/Pune/NIV8489/2009	other_database_import	
A/Pune/NIV6447/2009	other_database_import	
A/Argentina/19656/2009	other_database_import	
A/NewYork/4789/2009	other_database_import	
A/Moscow/3/2009	other_database_import	
A/Argentina/HNRG32/2009-egg	other_database_import	
A/Taiwan/8542/2009	other_database_import	
A/Zhejiang/90/2009	other_database_import	
A/Uganda/MUWRP-222/2010	other_database_import	
A/Uganda/MUWRP-220/2010	other_database_import	
A/Uganda/MUWRP-212/2010	other_database_import	
A/Australia/58/2009	other_database_import	
A/Uganda/MUWRP-069/2009	other_database_import	
A/Lima/WRAIR1695P/2009	other_database_import	
A/Moscow/WRAIR1632N/2009	other_database_import	
A/HongKong/H090-761-V10/2009	other_database_import	
A/HongKong/H090-698-V10/2009	other_database_import	
A/CzechRepublic/112/2011	other_database_import	
A/Scotland/Dundee_10V070791/2010	other_database_import	
A/Frankfurt/INS304/2009	other_database_import	
A/England/WTSI2067/2010	other_database_import	
A/Scotland/Aberdeen_8/2009	other_database_import	
A/Boston/122/2009	other_database_import	
A/Athens/INS165/2009	other_database_import	
A/Athens/INS153/2009	other_database_import	
A/Australia/65/2009	other_database_import	
A/Argentina/HNRG102/2010-egg	other_database_import	
A/Macau/200018/2010	who_collaborating_centre_for_reference_and_research_on_influenza	laboratorio_de_saude_publico
A/Guam/NHRC0026/2009	other_database_import	
A/Singapore/GP4000/2009	other_database_import	
A/HongKong/H090-771-V20/2009	other_database_import	
A/Tomsk/273-MA3/2010	other_database_import	
A/Tomsk/273-MA2/2010	other_database_import	
A/Scotland/StAndrews_17693/2009	other_database_import	
A/Scotland/EastKilbride_425383/2009	other_database_import	
A/Bethesda/NIH107-D0/2009	other_database_import	
A/Chile/3369/2009	other_database_import	
A/Bishkek/3/2009	other_database_import	
A/Paraguay/9/2009	centers_for_disease_control_and_prevention	central_laboratory_of_public_health
A/Uruguay/755/2009	centers_for_disease_control_and_prevention	departamento_de_laboratorio_de_salud_publica
A/Guam/NHRC0022/2009	other_database_import	
A/Australia/48/2009	other_database_import	
A/Moscow/1/2009	other_database_import	
A/England/938/2009	other_database_import	microbiology_services_colindale,_public_health_england
A/Seychelles/106/2009	centers_for_disease_control_and_prevention	cdc_kenya
A/Amman/WR1324N/2009	other_database_import	
A/Pakistan/81/2009	centers_for_disease_control_and_prevention	national_institute_of_health
A/Tver/IIV2969/2009	other_database_import	
A/England/380718/2010	other_database_import	
A/Delhi/NIV3610/2009	other_database_import	
A/Guam/NHRC0019/2009	other_database_import	
A/Argentina/HNRG106/2009-egg	other_database_import	
A/Taipei/WR1489N/2009	other_database_import	
A/Argentina/HNRG45/2009-egg	other_database_import	
A/SaudiArabia/4285/2009	centers_for_disease_control_and_prevention	ministry_of_health_riyadh
A/Singapore/DMS12/2009	other_database_import	
A/Thailand/CU-H9/2009	other_database_import	
A/Thailand/IY07144/2010	other_database_import	
A/Singapore/ON0801/2009	other_database_import	
A/Singapore/ON304/2009	ministry_of_health,_singapore	
A/Lao/JP1074/2009	national_institute_of_infectious_diseases_(niid)	
A/Amman/WR0060N/2009	other_database_import	
A/Yamaguchi/128/2009	national_institute_of_infectious_diseases_(niid)	yamaguchi_prefectural_institute_of_public_health_and_environment
A/Uganda/MUWRP-224/2010	other_database_import	
A/Australia/81/2009	other_database_import	
A/Australia/82/2009	other_database_import	
A/Singapore/DMS618/2009	other_database_import	
A/England/424/2009	other_database_import	
A/Ethiopia/45/2010	centers_for_disease_control_and_prevention	ethiopian_health_and_nutrition_research_institute_(ehnri)
A/Netherlands/2445b/2009	other_database_import	
A/Wurzburg/INS381/2009	other_database_import	
A/Ohio/7/2009-egg	centers_for_disease_control_and_prevention	ohio_department_of_health_laboratories
A/Guangdong-Duanzhou/SWL1178/2010	who_chinese_national_influenza_center	
A/Argentina/HNRG40/2009-egg	other_database_import	
A/Argentina/7937/2009	other_database_import	
A/Argentina/HNRG3/2009-egg	other_database_import	
A/Argentina/HNRG8/2009-egg	other_database_import	
A/Argentina/HNRG15/2009-egg	other_database_import	
A/Argentina/HNRG82/2009-egg	other_database_import	
A/Argentina/HNRG23/2009-egg	other_database_import	
A/Chile/1624/2009	other_database_import	
A/Chile/31/2009	other_database_import	
A/Chile/56/2009	other_database_import	
A/Chile/32/2009	other_database_import	
A/Chile/4064/2009	other_database_import	
A/Chile/28/2009	other_database_import	
A/Chile/3019/2009	other_database_import	
A/Chile/3361/2009	other_database_import	
A/Chile/3819/2009	other_database_import	
A/Chile/3123/2009	other_database_import	
A/Reunion/1722-7-M1E/2009	other_database_import	
A/NewYork/35/2009-egg	centers_for_disease_control_and_prevention	
A/Paraguay/28/2009	centers_for_disease_control_and_prevention	
A/Australia/32/2009	other_database_import	
A/Australia/7/2009	other_database_import	
A/Australia/12/2009	other_database_import	
A/Ulaanbaatar/6525/2009	other_database_import	
A/Mongolia/JP5759/2009	national_institute_of_infectious_diseases_(niid)	
A/Mongolia/JP5627/2009	national_institute_of_infectious_diseases_(niid)	
A/Mongolia/JP5699/2009	national_institute_of_infectious_diseases_(niid)	
A/Mongolia/JP5581/2009	national_institute_of_infectious_diseases_(niid)	
A/Taiwan/T1338/2009	other_database_import	
A/Suriname/2/2009	centers_for_disease_control_and_prevention	national_influenza_center_french_guiana_and_french_indies
A/Argentina/HNRG84/2009-egg	other_database_import	
A/Thailand/CU-H1786/2010	other_database_import	
A/Yavatmal/NIV9438/2009	other_database_import	
A/Bangladesh/3009/2009-egg	centers_for_disease_control_and_prevention	institute_of_epidemiology_disease_control_and_research_(iedcr)_&_bangladesh_national_influenza_centre_(nic)
A/Shaanxi-Beilin/SWL134/2010	who_chinese_national_influenza_center	
A/SouthCarolina/10/2010-egg	other_database_import	
A/Texas/JMS413/2009	other_database_import	
A/England/67/2010	other_database_import	microbiology_services_colindale,_public_health_england
A/NewYork/2960/2010	other_database_import	
A/Nagano-C/34/2009	national_institute_of_infectious_diseases_(niid)	
A/FtBenning/WRAIR1669P/2009	other_database_import	
A/Argentina/HNRG36/2009-egg	other_database_import	
A/Australia/14/2009	other_database_import	
A/Korea/CJ109/2009	other_database_import	
A/Tomsk/273/2010	other_database_import	
A/Frankfurt/INS402/2010	other_database_import	
A/Bishkek/WR0881T/2009	other_database_import	
A/Vietnam/13032093/2009	other_database_import	
A/Warsaw/INS406/2009	other_database_import	
A/NewYork/3866/2010	other_database_import	
A/Thailand/CU-H1222/2010	other_database_import	
A/NewYork/2598/2010	other_database_import	
A/Finland/799N/2010	other_database_import	
A/Lima/WRAIR8511F/2009	other_database_import	
A/Singapore/9061365/2009	other_database_import	
A/Australia/17/2009	other_database_import	
A/Perth/500/2010	who_collaborating_centre_for_reference_and_research_on_influenza	princess_margaret_hospital_for_children
A/Argentina/HNRG13/2009-egg	other_database_import	
A/NewYork/20/2009-egg	centers_for_disease_control_and_prevention	new_york_city_department_of_health
A/Argentina/HNRG14/2009-egg	other_database_import	
A/Korea/CJ15/2009	other_database_import	
A/Uganda/MUWRP-067/2009	other_database_import	
A/NewBrunswick/RV1546/2009	other_database_import	
A/Tallinn/INS183/2010	other_database_import	
A/India/Bangalore/2010	other_database_import	
A/Chile/2851/2009	other_database_import	
A/Qingdao/1006/2009	other_database_import	
A/Korea/CJ24/2009	other_database_import	
A/HongKong/H090-708-V10/2009	other_database_import	
A/Guam/NHRC0009/2009	other_database_import	
A/Brazil/764/2009	centers_for_disease_control_and_prevention	national_influenza_center
A/Kenya/126/2009	centers_for_disease_control_and_prevention	cdc_kenya
A/Argentina/HNRG104/2009-egg	other_database_import	
A/TianjinNankai/SWL413/2010	other_database_import	
A/Moscow/253T/2009	other_database_import	
A/Fukui/73/2009	national_institute_of_infectious_diseases_(niid)	
A/Hiroshima/201/2009-egg	other_database_import	
A/Guam/NHRC0025/2009	other_database_import	
A/Moscow/WRAIR1627T/2009	other_database_import	
A/Okinawa/259/2009	national_institute_of_infectious_diseases_(niid)	
A/Yamagata/313/2009	national_institute_of_infectious_diseases_(niid)	
A/Kumamoto/161/2009	national_institute_of_infectious_diseases_(niid)	
A/Iwate/1086/2009	national_institute_of_infectious_diseases_(niid)	
A/Yamagata/473/2009	other_database_import	
A/Himeji/L1/2009	national_institute_of_infectious_diseases_(niid)	himeji_city_institute_of_environment_and_health
A/Texas/JMS395/2009	other_database_import	
A/Yamaguchi/58/2009	national_institute_of_infectious_diseases_(niid)	
A/DistrictofColumbia/INS527/2010	other_database_import	
A/Yamaguchi/248/2009	other_database_import	yamaguchi_prefectural_institute_of_public_health_and_environment
A/Sapporo/1/2009	other_database_import	
A/HongKong/26579/2009	centers_for_disease_control_and_prevention	government_virus_unit
A/NewYork/3251/2010	other_database_import	
A/Bangladesh/2001/2009-egg	centers_for_disease_control_and_prevention	institute_of_epidemiology_disease_control_and_research_(iedcr)_&_bangladesh_national_influenza_centre_(nic)
A/Chile/3586/2009	other_database_import	
A/Tochigi/10/2010	other_database_import	
A/Yamaguchi/217/2009	other_database_import	yamaguchi_prefectural_institute_of_public_health_and_environment
A/Anadyr/177/2009-egg	np	seasonal_h1n1pdm
A/Orenburg/IIV-13/2010-egg	np	seasonal_h1n1pdm
A/Orenburg/IIV-13/2010	other_database_import	
A/Singapore/ON905/2009	other_database_import	
A/Malaysia/2082543/2009	other_database_import	
A/Lima/WRAIR0681F/2009	other_database_import	
A/Argentina/HNRG105/2009-egg	other_database_import	
A/Australia/28/2009	other_database_import	
A/NewYork/4290/2009	other_database_import	
A/Australia/27/2009	other_database_import	
A/Taiwan/T1339/2009	other_database_import	
A/Uganda/MUWRP-098/2009	other_database_import	
A/India/2993/2009	centers_for_disease_control_and_prevention	centers_for_disease_control_and_prevention
A/Aichi/237/2009	national_institute_of_infectious_diseases_(niid)	
A/Uganda/430/2009	centers_for_disease_control_and_prevention	uganda_virus_research_institute_(uvri),_national_influenza_center
A/Nepal/426/2009	centers_for_disease_control_and_prevention	thailand_moph_u.s._cdc_collaboration_(ieip)
A/Paris/5501/2009	institut_pasteur	
A/Victoria/508/2011	who_collaborating_centre_for_reference_and_research_on_influenza	monash_medical_centre
A/Moscow/WRAIR4314N/2011	other_database_import	
A/Moscow/WRAIR1967P/2011	other_database_import	
A/Moscow/WRAIR1968P/2011	other_database_import	
A/Moscow/WRAIR4314T/2011	other_database_import	
A/Moscow/WRAIR4308T/2011	other_database_import	
A/Guam/NHRC0021/2009	other_database_import	
A/Lagos/WRAIR1984N/2009	other_database_import	
A/Singapore/DMS64/2009	other_database_import	
A/Vietnam/850/2009	other_database_import	
A/Australia/10/2009	other_database_import	
A/Australia/4/2009	other_database_import	
A/Yaroslavl/IIV-198/2009-egg	np	seasonal_h1n1pdm
A/Gunma/287/2009	other_database_import	
A/Chile/52/2010	other_database_import	
A/Chile/15/2010	other_database_import	
A/Chile/54/2010	other_database_import	
A/Chile/94/2010	other_database_import	
A/Chile/64/2010	other_database_import	
A/Chile/72/2010	other_database_import	
A/Chile/19/2010	other_database_import	
A/Chile/115/2010	other_database_import	
A/NewYork/5196/2009	other_database_import	
A/Athens/INS392/2010	other_database_import	
A/Moscow/WR1638T/2009	other_database_import	
A/SanDiego/INS194/2009	other_database_import	
A/Guam/NHRC0013/2009	other_database_import	
A/HongKong/H090-774-V10/2009	other_database_import	
A/Iraq/251/2009	centers_for_disease_control_and_prevention	u.s._air_force_school_of_aerospace_medicine
A/Wisconsin/629-D00223/2009	other_database_import	
A/Finland/555/2009	other_database_import	
A/Hyogo/1/2009	other_database_import	
A/Colombia/330/2009	centers_for_disease_control_and_prevention	instituto_nacional_de_salud_de_columbia
A/Mexico/4603/2009-egg	centers_for_disease_control_and_prevention	laboratorio_de_virus_respiratorio
A/Hyderabad/NIV51/2009	other_database_import	
A/Bangalore/NIV236/2009	other_database_import	
A/Ontario/RV2908/2009	other_database_import	
A/Nashik/NIV10348/2009	other_database_import	
A/Chennai/NIV658/2009	other_database_import	
A/Argentina/HNRG21/2009-egg	other_database_import	
A/Tochigi/2/2010	other_database_import	
A/Australia/51/2009	other_database_import	
A/Pennsylvania/2/2011	centers_for_disease_control_and_prevention	pennsylvania_department_of_health
A/Pennsylvania/8/2011	centers_for_disease_control_and_prevention	pennsylvania_department_of_health
A/Pennsylvania/2/2011-egg	centers_for_disease_control_and_prevention	pennsylvania_department_of_health
A/Maryland/4/2011	centers_for_disease_control_and_prevention	maryland_department_of_health_and_mental_hygiene
A/Texas/JMS408/2009	other_database_import	
A/MexicoCity/INERPHAC4/2010	other_database_import	
A/StPetersburg/204/2010-egg	centers_for_disease_control_and_prevention	russian_academy_of_medical_sciences
A/Netherlands/2631b/2009	other_database_import	
A/Iraq/8529/2009-egg	centers_for_disease_control_and_prevention	u.s._air_force_school_of_aerospace_medicine
A/Scotland/Dundee_09V500266/2009	other_database_import	
A/Guam/NHRC0031/2009	other_database_import	
A/Singapore/DMS69/2010	other_database_import	
A/Michigan/1/2010	centers_for_disease_control_and_prevention	michigan_department_of_community_health
A/MexicoCity/INER11/2010	other_database_import	
A/Uganda/MUWRP-176/2010	other_database_import	
A/Wisconsin/629-D00672/2009	other_database_import	
A/NewYork/4662/2010	other_database_import	
A/Barcelona/INS378/2009	other_database_import	
A/SriLanka/2009/2009	other_database_import	
A/California/VRDL2/2010	other_database_import	
A/Colorado/2/2010	centers_for_disease_control_and_prevention	colorado_department_of_health_lab
A/California/VRDL11/2010	other_database_import	
A/Wisconsin/629-D01749/2009	other_database_import	
A/Wisconsin/2/2010	centers_for_disease_control_and_prevention	wisconsin_state_laboratory_of_hygiene
A/California/VRDL3/2010	other_database_import	
A/Texas/JMS411/2009	other_database_import	
A/California/VRDL1/2010	other_database_import	
A/KhonKaen/INS455/2010	other_database_import	
A/Bangkok/INS501/2010	other_database_import	
A/Tennessee/F1074/2010	other_database_import	
A/Chile/6/2010	other_database_import	
A/Texas/JMS401/2009	other_database_import	
A/Connecticut/2/2010	centers_for_disease_control_and_prevention	connecticut_department._of_public_health
A/Barcelona/INS189/2009	other_database_import	
A/NewJersey/1/2010	centers_for_disease_control_and_prevention	new_jersey_department_of_health_&_senior_services
A/Belgorod/1/2009-egg	centers_for_disease_control_and_prevention	russian_academy_of_medical_sciences
A/England/900/2009	other_database_import	microbiology_services_colindale,_public_health_england
A/England/854/2009	other_database_import	
A/Mombasa/148/2009	kenya_medical_research_institute	ari_unit,_kenya_medical_research_institute_(kemri___nic),_centre_for_virus_research_annex,_p.o_box_54628
A/Keiyo/96/2009	kenya_medical_research_institute	ari_unit,_kenya_medical_research_institute_(kemri___nic),_centre_for_virus_research_annex,_p.o_box_54628
A/Nairobi/16/2009	kenya_medical_research_institute	ari_unit,_kenya_medical_research_institute_(kemri___nic),_centre_for_virus_research_annex,_p.o_box_54628
A/Kakamega/215/2009	kenya_medical_research_institute	ari_unit,_kenya_medical_research_institute_(kemri___nic),_centre_for_virus_research_annex,_p.o_box_54628
A/Mombasa/179/2009	kenya_medical_research_institute	ari_unit,_kenya_medical_research_institute_(kemri___nic),_centre_for_virus_research_annex,_p.o_box_54628
A/Kitale/532/2009	kenya_medical_research_institute	ari_unit,_kenya_medical_research_institute_(kemri___nic),_centre_for_virus_research_annex,_p.o_box_54628
A/Malindi/238/2009	kenya_medical_research_institute	ari_unit,_kenya_medical_research_institute_(kemri___nic),_centre_for_virus_research_annex,_p.o_box_54628
A/Nyeri/478/2009	kenya_medical_research_institute	ari_unit,_kenya_medical_research_institute_(kemri___nic),_centre_for_virus_research_annex,_p.o_box_54628
A/Nairobi/58/2009	kenya_medical_research_institute	ari_unit,_kenya_medical_research_institute_(kemri___nic),_centre_for_virus_research_annex,_p.o_box_54628
A/TransNzoia/168/2009	kenya_medical_research_institute	ari_unit,_kenya_medical_research_institute_(kemri___nic),_centre_for_virus_research_annex,_p.o_box_54628
A/Kisii/115/2009	kenya_medical_research_institute	ari_unit,_kenya_medical_research_institute_(kemri___nic),_centre_for_virus_research_annex,_p.o_box_54628
A/Kijabe/16/2010	kenya_medical_research_institute	ari_unit,_kenya_medical_research_institute_(kemri___nic),_centre_for_virus_research_annex,_p.o_box_54628
A/Nakuru/192/2009	kenya_medical_research_institute	ari_unit,_kenya_medical_research_institute_(kemri___nic),_centre_for_virus_research_annex,_p.o_box_54628
A/Mombasa/512/2009	kenya_medical_research_institute	ari_unit,_kenya_medical_research_institute_(kemri___nic),_centre_for_virus_research_annex,_p.o_box_54628
A/Garissa/78/2009	kenya_medical_research_institute	ari_unit,_kenya_medical_research_institute_(kemri___nic),_centre_for_virus_research_annex,_p.o_box_54628
A/Nairobi/59/2009	kenya_medical_research_institute	ari_unit,_kenya_medical_research_institute_(kemri___nic),_centre_for_virus_research_annex,_p.o_box_54628
A/Nairobi/80/2010	kenya_medical_research_institute	ari_unit,_kenya_medical_research_institute_(kemri___nic),_centre_for_virus_research_annex,_p.o_box_54628
A/Nairobi/24/2010	kenya_medical_research_institute	ari_unit,_kenya_medical_research_institute_(kemri___nic),_centre_for_virus_research_annex,_p.o_box_54628
A/Nairobi/20/2010	kenya_medical_research_institute	ari_unit,_kenya_medical_research_institute_(kemri___nic),_centre_for_virus_research_annex,_p.o_box_54628
A/Nairobi/21/2010	kenya_medical_research_institute	ari_unit,_kenya_medical_research_institute_(kemri___nic),_centre_for_virus_research_annex,_p.o_box_54628
A/Nairobi/97/2010	kenya_medical_research_institute	ari_unit,_kenya_medical_research_institute_(kemri___nic),_centre_for_virus_research_annex,_p.o_box_54628
A/Nairobi/72/2010	kenya_medical_research_institute	ari_unit,_kenya_medical_research_institute_(kemri___nic),_centre_for_virus_research_annex,_p.o_box_54628
A/Nairobi/11/2010	kenya_medical_research_institute	ari_unit,_kenya_medical_research_institute_(kemri___nic),_centre_for_virus_research_annex,_p.o_box_54628
A/Nairobi/25/2010	kenya_medical_research_institute	ari_unit,_kenya_medical_research_institute_(kemri___nic),_centre_for_virus_research_annex,_p.o_box_54628
A/Magadan/2/2009	other_database_import	
A/Brazil/AVS03/2009	other_database_import	
A/Ontario/314137/2009	other_database_import	
A/Wisconsin/629-D01330/2009	other_database_import	
A/Chiba/1017/2009	national_institute_of_infectious_diseases_(niid)	
A/Argentina/HNRG83/2009-egg	other_database_import	
A/Scotland/Glasgow_413941/2009	other_database_import	
A/Guangdong/5/2009	other_database_import	
A/Singapore/ON506/2009	other_database_import	
A/Singapore/ON822/2009	other_database_import	
A/Bangkok/INS491/2010	other_database_import	
A/KhonKaen/INS585/2010	other_database_import	
A/Singapore/GP4266/2010	other_database_import	
A/NorthernIreland/3/2010	other_database_import	
A/Warsaw/INS621/2011	other_database_import	
A/Warsaw/INS620/2011	other_database_import	
A/Connecticut/Flu187/2011	other_database_import	
A/England/118/2010	microbiology_services_colindale,_public_health_england	health_protection_agency
A/Boston/DOA34/2011	other_database_import	
A/Ontario/804635/2010	other_database_import	
A/Uganda/MUWRP-240/2011	other_database_import	
A/Uganda/MUWRP-233/2010	other_database_import	
A/Uganda/MUWRP-243/2011	other_database_import	
A/Uganda/MUWRP-236/2010	other_database_import	
A/SriLanka/20502/2010	other_database_import	
A/SriLanka/33/2011	other_database_import	
A/SriLanka/34/2011	other_database_import	
A/India/NIV1028816/2010	other_database_import	
A/SriLanka/23194/2010	other_database_import	
A/India/NIV1028800/2010	other_database_import	
A/Ontario/741328/2010	other_database_import	
A/Pennsylvania/17/2010	centers_for_disease_control_and_prevention	pennsylvania_department_of_health
A/Singapore/DMS157/2010	other_database_import	
A/Indonesia/185_S73_L001/2011	university_college_london	universitas_udayana
A/England/689/2010	other_database_import	
A/England/213/2010	other_database_import	
A/Chita/RII08/2012	other_database_import	
A/Amman/WRAIR3448T/2010	other_database_import	
A/Amman/WRAIR3448N/2010	other_database_import	
A/NewYork/4100/2009	other_database_import	
A/Ohio/7/2009	centers_for_disease_control_and_prevention	ohio_department_of_health_laboratories
A/Melbourne/INS471/2010	other_database_import	
A/SriLanka/21048/2010	other_database_import	
A/SriLanka/20894/2010	other_database_import	
A/SriLanka/20703/2010	other_database_import	
A/SriLanka/20887/2010	other_database_import	
A/SriLanka/19838/2010	other_database_import	
A/SriLanka/23127/2010	other_database_import	
A/SriLanka/2290/2011	other_database_import	
A/SriLanka/1082/2011	other_database_import	
A/SriLanka/22538/2010	other_database_import	
A/SriLanka/22700/2010	other_database_import	
A/SriLanka/1011/2011	other_database_import	
A/SriLanka/1735/2011	other_database_import	
A/Peru/PER045/2011	other_database_import	
A/Singapore/DMS1220/2011	other_database_import	
A/Singapore/DMS1083/2011	other_database_import	
A/Singapore/GP730/2011	other_database_import	
A/Moscow/WRAIR1932P/2011	other_database_import	
A/Moscow/WRAIR1933P/2011	other_database_import	
A/Darwin/2/2011	who_collaborating_centre_for_reference_and_research_on_influenza	influenza_surveillance_centre_for_disease_control
A/Perth/29/2011	who_collaborating_centre_for_reference_and_research_on_influenza	pathwest_qe_ii_medical_centre
A/Darwin/10/2011	who_collaborating_centre_for_reference_and_research_on_influenza	influenza_surveillance_centre_for_disease_control
A/SriLanka/22610/2010	other_database_import	
A/SriLanka/21406/2010	other_database_import	
A/California/20/2011	centers_for_disease_control_and_prevention	california_department_of_health_services
A/SriLanka/20708/2010	other_database_import	
A/Thailand/SR08112/2010	other_database_import	
A/Voronezh/1/2011-egg	centers_for_disease_control_and_prevention	russian_academy_of_medical_sciences
A/Singapore/DMS1199/2011	other_database_import	
A/Singapore/DMS1227/2011	other_database_import	
A/Brazil/AVS11/2011	other_database_import	
A/Brazil/AVS08/2011	other_database_import	
A/Cologne/INS538/2011	other_database_import	
A/Cologne/INS3_686/2011	other_database_import	
A/Usa/7N5/2011		university_of_washington
A/Athens/INS551/2011	other_database_import	
A/Moscow/WRAIR1965P/2011	other_database_import	
A/Moscow/WRAIR1966P/2011	other_database_import	
A/Usa/8A3/2011		university_of_washington
A/Kenya/196/2011	usamru_k	us_army_medical_research_unit___kenya_(usamru_k),_geis_human_influenza_program
A/Lorraine/1053/2011	institut_pasteur	
A/Indonesia/NIHRD1606/2009	national_institute_of_health_research_and_development	
A/Argentina/HNRG5/2009-egg	other_database_import	
A/Singapore/ON621/2009	other_database_import	
A/Fukui/69/2009	national_institute_of_infectious_diseases_(niid)	
A/Okinawa/283/2009	national_institute_of_infectious_diseases_(niid)	
A/Yamaguchi/21/2009	other_database_import	
A/Perth/265/2009	who_collaborating_centre_for_reference_and_research_on_influenza	pathwest_qe_ii_medical_centre
A/Jalna/NIV9436/2009	other_database_import	
A/NordPasDeCalais/450/2010	institut_pasteur	
A/Guam/NHRC0024/2009	other_database_import	
A/Barnaul/4/2009	other_database_import	
A/Beijing/132/2010	other_database_import	
A/ChampagneArdenne/659/2011	institut_pasteur	
A/California/VRDL4/2010	other_database_import	
A/Karasuk/1/2010	other_database_import	
A/Athens/INS420/2010	other_database_import	
A/MexicoCity/WRAIR1773T/2010	other_database_import	
A/Singapore/DMS67/2010	other_database_import	
A/Paris/268/2011	institut_pasteur	
A/Boston/DOA43/2011	other_database_import	
A/England/5040138/2010	other_database_import	
A/Paris/1249/2011	institut_pasteur	
A/Munich/INS539/2011	other_database_import	
A/Prague/WRAIR4146N/2011	other_database_import	
A/Usa/7L8/2011		university_of_washington
A/Aarhus/INS612/2011	other_database_import	
A/England/209/2010	other_database_import	microbiology_services_colindale,_public_health_england
A/Usa/7K3/1935		university_of_washington
A/England/4860493/2010	other_database_import	
A/England/10820742/2010	other_database_import	
A/England/213/2011	other_database_import	
A/England/10740623/2011	other_database_import	
A/England/10740691/2011	other_database_import	
A/Tallinn/INS617/2011	other_database_import	
A/Texas/9/2011	centers_for_disease_control_and_prevention	texas_childrens_hospital
A/England/374/2010	other_database_import	microbiology_services_colindale,_public_health_england
A/Sydney/DD3-23/2010	other_database_import	
A/Thailand/SR08117/2010	other_database_import	
A/India/NIV29386/2010	other_database_import	
A/India/NIV30784/2010	other_database_import	
A/California/21/2011	centers_for_disease_control_and_prevention	california_department_of_health_services
A/Virginia/4/2011	centers_for_disease_control_and_prevention	new_york_state_department_of_health
A/PaysdeLoire/104/2011	institut_pasteur	
A/India/P1114854/2011	other_database_import	
A/India/P121939/2012	other_database_import	
A/India/P121717/2012	other_database_import	
A/India/P121778/2012	other_database_import	
A/India/P121716/2012	other_database_import	
A/Connecticut/Flu161/2013	other_database_import	
A/Nicaragua/30071_01_TR2/2013	other_database_import	
A/Nicaragua/30075_01_TR1/2013	other_database_import	
A/Nicaragua/2704_01_TR1/2013	other_database_import	
A/Nicaragua/30052_01_TR2/2013	other_database_import	
A/India/NIV34760/2010	other_database_import	
A/Sydney/DD3-48/2010	other_database_import	
A/Athens/INS562/2011	other_database_import	
A/Indiana/4/2011	centers_for_disease_control_and_prevention	indiana_state_department_of_health_laboratories
A/Georgia/NHRC0001/2011	other_database_import	
A/Minnesota/3/2011	centers_for_disease_control_and_prevention	minnesota_department_of_health
A/Minnesota/3/2011-egg	centers_for_disease_control_and_prevention	minnesota_department_of_health
A/Newcastle/47/2011	who_collaborating_centre_for_reference_and_research_on_influenza	john_hunter_hospital,_virology_unit,_clinical_microbiology
A/Darlinghurst/INS575/2011	other_database_import	
A/Darlinghurst/INS3_667/2011	other_database_import	
A/Perth/299/2011	who_collaborating_centre_for_reference_and_research_on_influenza	pathwest_qe_ii_medical_centre
A/Perth/175/2011	who_collaborating_centre_for_reference_and_research_on_influenza	pathwest_qe_ii_medical_centre
A/Perth/49/2011	who_collaborating_centre_for_reference_and_research_on_influenza	pathwest_qe_ii_medical_centre
A/Perth/54/2011	who_collaborating_centre_for_reference_and_research_on_influenza	pathwest_qe_ii_medical_centre
A/Connecticut/Flu189/2011	other_database_import	
A/Denmark/72/2011	other_database_import	
A/Cheboksary/IIV-92/2011	other_database_import	
A/Moscow/IIV-83/2011	other_database_import	
A/Brisbane/15/2011	who_collaborating_centre_for_reference_and_research_on_influenza	queensland_health_scientific_services
A/Usa/7L5/2011		university_of_washington
A/Taiwan/67/2011	other_database_import	
A/England/5140206/2010	other_database_import	
A/Minneapolis/INS3_675/2012	other_database_import	
A/Athens/INS3_642/2011	other_database_import	
A/Aarhus/INS615/2011	other_database_import	
A/England/10740581/2010	other_database_import	
A/England/5060351/2010	other_database_import	
A/England/697/2010	other_database_import	
A/Paris/619/2011	institut_pasteur	
A/Lima/INS3_671/2012	other_database_import	
A/Nicaragua/AGA2-54/2011	other_database_import	
A/Sydney/56/2011	who_collaborating_centre_for_reference_and_research_on_influenza	westmead_hospital
A/Westmead/INS3_663/2011	other_database_import	
A/Athens/INS569/2011	other_database_import	
A/England/5120003/2010	other_database_import	
A/England/4980653/2010	other_database_import	
A/Taiwan/1749/2011	other_database_import	
A/Munich/INS541/2011	other_database_import	
A/Kentucky/9/2010-egg	centers_for_disease_control_and_prevention	kentucky_division_of_laboratory_services
A/Kentucky/9/2010	centers_for_disease_control_and_prevention	kentucky_division_of_laboratory_services
A/Taiwan/1829/2011	other_database_import	
A/Usa/7N4/2011		university_of_washington
A/Taiwan/4696/2011	other_database_import	
A/Tennessee/F2090A/2011	other_database_import	
A/Stockholm/1/2012	swedish_national_institute_for_communicable_disease_control	swedish_institute_for_infectious_disease_control
A/Nicaragua/AGA2-66/2011	other_database_import	
A/Nicaragua/AGA2-73/2011	other_database_import	
A/Nicaragua/AGA2-57/2011	other_database_import	
A/Nicaragua/AGA2-70/2011	other_database_import	
A/Nicaragua/AGA2-24/2011	other_database_import	
A/Moscow/IIV-45/2012	other_database_import	
A/Singapore/DMS1242/2012	other_database_import	
A/Mali/A_Mali-PERCH_007_2012/2012		virus_epidemiology_research_group,_kenya_medical_research_institute
A/Singapore/DMS1230/2011	other_database_import	
A/Vladivostok/28/2012	other_database_import	
A/Tomsk/IIV-19/2012	other_database_import	
A/Singapore/DMS1233/2012	other_database_import	
A/Indonesia/1239_S17_L001/2012	university_college_london	universitas_udayana
A/Indonesia/1233_S88_L001/2012	university_college_london	universitas_udayana
A/Thailand/MR11669/2012	other_database_import	
A/Victoria/523/2012-egg	centers_for_disease_control_and_prevention	who_collaborating_centre_for_reference_and_research_on_influenza
A/Singapore/DMS1237/2012	other_database_import	
A/Brisbane/6/2013	who_collaborating_centre_for_reference_and_research_on_influenza	queensland_health_scientific_services
A/Indonesia/1349_S44_L001/2013	university_college_london	universitas_udayana
A/Indonesia/1257_S53_L001/2012	university_college_london	universitas_udayana
A/Indonesia/1370_S68_L001/2013	university_college_london	universitas_udayana
A/Indonesia/1385_S92_L001/2013	university_college_london	universitas_udayana
A/Indonesia/1270_S6_L001/2012	university_college_london	universitas_udayana
A/Indonesia/1269_S89_L001/2012	university_college_london	universitas_udayana
A/Cambodia/W0908339/2012	other_database_import	
A/Singapore/DMS1232/2012	other_database_import	
A/Indonesia/1224_S64_L001/2012	university_college_london	universitas_udayana
A/Singapore/DMS1234/2012	other_database_import	
A/ChiangRai/312/2012	centers_for_disease_control_and_prevention	who_national_influenza_centre,_national_institute_of_medical_research_(nimr)
A/Thailand/SP11743/2012	other_database_import	
A/Cambodia/W1023346/2012	other_database_import	
A/Thailand/KS10518/2012	other_database_import	
A/Townsville/5/2013	who_collaborating_centre_for_reference_and_research_on_influenza	queensland_health_scientific_services
A/Cambodia/W1023349/2012	other_database_import	
A/Thailand/SN11783/2012	other_database_import	
A/Sweden/117/2013	swedish_national_institute_for_communicable_disease_control	swedish_institute_for_infectious_disease_control
A/Singapore/ON2416/2009	other_database_import	
A/Singapore/GP512/2010	other_database_import	
A/Cambodia/9/2010	who_collaborating_centre_for_reference_and_research_on_influenza	institute_pasteur_du_cambodia
A/Russia/61/2009-egg	other_database_import	
A/Singapore/DMS1194/2011	other_database_import	
A/Singapore/DMS1200/2011	other_database_import	
A/Shandong-Zhifu/SWL1200/2011	who_chinese_national_influenza_center	who_chinese_national_influenza_center
A/Heilongjiang-Xiangfang/SWL1528/2011-egg	who_chinese_national_influenza_center	who_chinese_national_influenza_center
A/Beijing-Xicheng/SWL1261/2011	who_chinese_national_influenza_center	who_chinese_national_influenza_center
A/Shanghai/3141T/2011	other_database_import	
A/Heilongjiang-Longsha/SWL1181/2011	who_chinese_national_influenza_center	who_chinese_national_influenza_center
A/Qingdao/F196/2011	other_database_import	
A/Qingdao/F101/2011	other_database_import	
A/Nonthaburi/78/2011	centers_for_disease_control_and_prevention	centers_for_disease_control_and_prevention
A/Thailand/KS10403/2011	other_database_import	
A/Fujian-Gulou/SWL1103/2011-egg	who_chinese_national_influenza_center	who_chinese_national_influenza_center
A/Hunan-Jishou/SWL1116/2011	who_chinese_national_influenza_center	who_chinese_national_influenza_center
A/Jiangxi/SWLthroatswab1/2011	who_chinese_national_influenza_center	who_chinese_national_influenza_center
A/Chongqing/SWLthroatswab1/2011	who_chinese_national_influenza_center	who_chinese_national_influenza_center
A/Hunan-Yuhua/SWL173/2011-egg	who_chinese_national_influenza_center	who_chinese_national_influenza_center
A/Kowloon/INS531/2011	other_database_import	
A/Kowloon/INS3_691/2011	other_database_import	
A/Taiwan/5506/2011	other_database_import	
A/Singapore/DMS1213/2011	other_database_import	
A/Kowloon/INS3_688/2011	other_database_import	
A/Sydney/DD3-58/2011	other_database_import	
A/Thailand/CU-H2911/2011	other_database_import	
A/Kowloon/INS3_689/2011	other_database_import	
A/Usa/7P7/2011		university_of_washington
A/Usa/7P10/2011		university_of_washington
A/StPetersburg/100/2011-egg	centers_for_disease_control_and_prevention	russian_academy_of_medical_sciences
A/Bangkok/INS504/2010	other_database_import	
A/Moscow/WRAIR4305N/2011	other_database_import	
A/Moscow/WRAIR4305T/2011	other_database_import	
A/Warsaw/INS3_657/2011	other_database_import	
A/Moscow/WRAIR1929P/2010	other_database_import	
A/Thailand/CU-B4148/2010	other_database_import	
A/Bangkok/INS489/2010	other_database_import	
A/Bangkok/INS508/2010	other_database_import	
A/Moscow/IIV-33/2010	other_database_import	
A/Singapore/GP715/2011	other_database_import	
A/Brisbane/70/2011	who_collaborating_centre_for_reference_and_research_on_influenza	queensland_health_scientific_services
A/Brisbane/70/2011-egg	centers_for_disease_control_and_prevention	queensland_health_scientific_services
A/Tasmania/16/2011	who_collaborating_centre_for_reference_and_research_on_influenza	royal_hobart_hospital
A/Christchurch/18/2011	who_collaborating_centre_for_reference_and_research_on_influenza	canterbury_health_services
A/Perth/298/2012	who_collaborating_centre_for_reference_and_research_on_influenza	pathwest_qe_ii_medical_centre
A/Singapore/DMS1211/2011	other_database_import	
A/Singapore/GP39/2011	other_database_import	
A/Singapore/DMS1162/2011	other_database_import	
A/Singapore/DMS1216/2011	other_database_import	
A/Philippines/859/2011	who_collaborating_centre_for_reference_and_research_on_influenza	research_institute_of_tropical_medicine
A/Singapore/TT5/2011	other_database_import	
A/Singapore/GP846/2011	other_database_import	
A/Taiwan/2883/2011	other_database_import	
A/Singapore/DMS1243/2012	other_database_import	
A/Singapore/12/2012	who_collaborating_centre_for_reference_and_research_on_influenza	ministry_of_health,_singapore
A/Singapore/DMS1241/2012	other_database_import	
A/Singapore/DMS1244/2012	other_database_import	
A/Singapore/DMS1240/2012	other_database_import	
A/Auckland/64/2012	who_collaborating_centre_for_reference_and_research_on_influenza	auckland_hospital
A/Songkhla/416/2012	who_collaborating_centre_for_reference_and_research_on_influenza	who_national_influenza_centre,_national_institute_of_medical_research_(nimr)
A/Usa/7N9/2011		university_of_washington
A/KhonKaen/INS588/2010	other_database_import	
A/SouthCarolina/NHRC0002/2011	other_database_import	
A/Vladivostok/7/2010	other_database_import	
A/Singapore/DMS1171/2011	other_database_import	
A/Bangkok/INS587/2010	other_database_import	
A/Cambodia/V0908348/2011	other_database_import	
A/Cambodia/V1028342/2011	other_database_import	
A/Cambodia/V1201340/2011	other_database_import	
A/Darlinghurst/INS3_666/2011	other_database_import	
A/Newcastle/85/2011	who_collaborating_centre_for_reference_and_research_on_influenza	john_hunter_hospital,_virology_unit,_clinical_microbiology
A/Westmead/INS3_661/2011	other_database_import	
A/Westmead/INS3_664/2011	other_database_import	
A/Darlinghurst/INS3_644/2011	other_database_import	
A/Westmead/INS574/2011	other_database_import	
A/YoshkarOla/CRIE-BLP/2011	other_database_import	
A/Novosibirsk/KSH/2011	other_database_import	
A/Taiwan/3697/2011	other_database_import	
A/Taiwan/2116/2011	other_database_import	
A/Taiwan/1150/2011	other_database_import	
A/Singapore/DMS1168/2011	other_database_import	
A/Paris/1230/2011	institut_pasteur	
A/Ulaanbaatar/190/2011	other_database_import	
A/Taiwan/652/2011	other_database_import	
A/Osaka/83/2011	university_of_tokyo	osaka_prefectural_institute_of_public_health
A/Headington/INS593/2011	other_database_import	
A/Cambodia/V1003303/2011	other_database_import	
A/Yokohama/UT-K101/2012	university_of_tokyo	university_of_tokyo,_institute_of_medical_science
A/Boston/DOA93/2012	other_database_import	
A/Mexico/INMEGEN-INER13/2012	other_database_import	
A/Paris/1119/2012	institut_pasteur	crr_virus_influenza_region_sud
A/MexicoCity/INER1078/2012	other_database_import	
A/Mexico/INMEGEN-INER09/2012	other_database_import	
A/Georgia/F32551/2012	other_database_import	
A/Mexico/INMEGEN-INER06/2012	other_database_import	
A/Mexico/INMEGEN-INER11/2012	other_database_import	
A/Mexico/INMEGEN-INER04/2012	other_database_import	
A/Mexico/254/2012	centers_for_disease_control_and_prevention	laboratorio_de_virus_respiratorio
A/Dayton/INS3_676/2012	other_database_import	
A/Texas/23/2012	centers_for_disease_control_and_prevention	texas_department_of_state_health_services_laboratory_services
A/Victoria/514/2012	who_collaborating_centre_for_reference_and_research_on_influenza	monash_medical_centre
A/MexicoCity/INER1149/2012	other_database_import	
A/Gainesville/8/2013	other_database_import	
A/Florida/6/2012	centers_for_disease_control_and_prevention	florida_department_of_health_tampa
A/Bronx/INS3_674/2012	other_database_import	
A/Washington/24/2012-egg	centers_for_disease_control_and_prevention	centers_for_disease_control_and_prevention
A/Washington/24/2012	centers_for_disease_control_and_prevention	centers_for_disease_control_and_prevention
A/Helsinki/391/2012	other_database_import	
A/Helsinki/894/2012	other_database_import	
A/Georgia/M5081/2012-egg	np	seasonal_h1n1pdm
A/Mexico/INMEGEN-INER12/2012	other_database_import	
A/Mexico/INMEGEN-INER05/2012	other_database_import	
A/Lima/INS3_680/2012	other_database_import	
A/Lima/INS3_678/2012	other_database_import	
A/Lima/INS3_677/2012	other_database_import	
A/Picardie/568/2012	institut_pasteur	
A/Lorraine/1257/2012	institut_pasteur	
A/Georgia/M5081/2012	other_database_import	
A/Bronx/INS3_673/2012	other_database_import	
A/NorthCarolina/9/2012	centers_for_disease_control_and_prevention	north_carolina_state_laboratory_of_public_health
A/Durham/INS3_648/2012	other_database_import	
A/NorthCarolina/18/2012	centers_for_disease_control_and_prevention	north_carolina_state_laboratory_of_public_health
A/Westmead/INS3_660/2011	other_database_import	
A/Darlinghurst/INS3_643/2011	other_database_import	
A/Christchurch/60/2011	who_collaborating_centre_for_reference_and_research_on_influenza	canterbury_health_services
A/Newcastle/170/2011	who_collaborating_centre_for_reference_and_research_on_influenza	john_hunter_hospital,_virology_unit,_clinical_microbiology
A/Melbourne/INS3_670/2011	other_database_import	
A/Fiji/4/2012	who_collaborating_centre_for_reference_and_research_on_influenza	national_centre_for_scientific_services_for_virology__and_vector_borne_diseases
A/India/P1112874/2011	other_database_import	
A/India/P12946/2012	other_database_import	
A/Singapore/DMS1235/2012	other_database_import	
A/Singapore/DMS1236/2012	other_database_import	
A/Boston/YGA_01050/2012	other_database_import	
A/Boston/DOA2-099/2012	other_database_import	
A/India/Nag132467/2013	other_database_import	
A/Townsville/41/2013	who_collaborating_centre_for_reference_and_research_on_influenza	queensland_health_scientific_services
A/Houston/JMM_152/2013	other_database_import	
A/Mali/A_Mali-PERCH_010_2013/2013		virus_epidemiology_research_group,_kenya_medical_research_institute
A/Osaka/UT-A01/2013	university_of_tokyo	university_of_tokyo,_institute_of_medical_science
A/Sweden/32/2012	swedish_national_institute_for_communicable_disease_control	swedish_institute_for_infectious_disease_control
A/India/P121773/2012	other_database_import	
A/India/VD122268/2012	other_database_import	
A/India/Nsk12388/2012	other_database_import	
A/Kazan/CRIE-02/2013	other_database_import	
A/Helsinki/942/2012	other_database_import	
A/Helsinki/527/2013	other_database_import	
A/Helsinki/922/2012	other_database_import	
A/Helsinki/1199/2012	other_database_import	
A/Kenya/267/2013	other_database_import	
A/Kenya/268/2013	other_database_import	
A/Helsinki/568/2013	other_database_import	
A/Helsinki/679/2013	other_database_import	
A/Helsinki/1677/2013	other_database_import	
A/Haiti/1790/2013	centers_for_disease_control_and_prevention	caribbean_epidemiology_center
A/Goroka/27/2013	who_collaborating_centre_for_reference_and_research_on_influenza	papua_new_guinea_institute_of_medical_research
A/Southaustralia/77/2013	who_collaborating_centre_for_reference_and_research_on_influenza	institute_of_medical_and_veterinary_science_(imvs)
A/Kanagawa/149/2013	national_institute_of_infectious_diseases_(niid)	kanagawa_prefectural_institute_of_public_health
A/Vietnam/13VH1-4/2013	niigata_university	
A/Helsinki/280/2013	other_database_import	
A/Sweden/123/2013	swedish_national_institute_for_communicable_disease_control	
A/Helsinki/598/2013	other_database_import	
A/Sweden/125/2013	swedish_national_institute_for_communicable_disease_control	
A/CzechRepublic/94/2012	other_database_import	
A/CzechRepublic/196/2013	other_database_import	
A/CzechRepublic/197/2013	other_database_import	
A/Vietnam/13VH1-5/2013	niigata_university	
A/CzechRepublic/93/2012	other_database_import	
A/CzechRepublic/185/2012	other_database_import	
A/Lisbon/137/2013	centers_for_disease_control_and_prevention	instituto_nacional_de_saude
A/Lao/887/2013	centers_for_disease_control_and_prevention	national_center_for_laboratory_and_epidemiology
A/Lao/828/2013	centers_for_disease_control_and_prevention	national_center_for_laboratory_and_epidemiology
A/India/2192/2012-egg	centers_for_disease_control_and_prevention	all_india_institute_of_medical_sciences
A/India/2192/2012	centers_for_disease_control_and_prevention	all_india_institute_of_medical_sciences
A/Helsinki/543/2013	other_database_import	
A/Helsinki/429/2013	other_database_import	
A/Helsinki/344/2013	other_database_import	
A/Osaka/33/2013	university_of_tokyo	osaka_prefectural_institute_of_public_health
A/Darwin/104/2013	who_collaborating_centre_for_reference_and_research_on_influenza	royal_darwin_hospital
A/Lima/70674913/2013	other_database_import	
A/India/2205/2012	centers_for_disease_control_and_prevention	all_india_institute_of_medical_sciences
A/Houston/JMM_93/2012	other_database_import	
A/Helsinki/779/2013	other_database_import	
A/CzechRepublic/190/2013	other_database_import	
A/SantaClara/YGA_03031/2013	other_database_import	
A/Helsinki/859/2013	other_database_import	
A/DominicanRepublic/7293/2013-egg	centers_for_disease_control_and_prevention	laboratorio_de_investigacion_/_centro_de_educacion_medica_y_amistad_dominico_japones_(cemadoja)
A/Boston/YGA_00037/2013	other_database_import	
A/Nicaragua/30238_01_TR2/2013	other_database_import	
A/DominicanRepublic/7293/2013	centers_for_disease_control_and_prevention	laboratorio_de_investigacion_/_centro_de_educacion_medica_y_amistad_dominico_japones_(cemadoja)
A/Helsinki/405/2013	other_database_import	
A/Helsinki/612/2013	other_database_import	
A/Helsinki/1986/2012	other_database_import	
A/Helsinki/1973/2012	other_database_import	
A/Sweden/35/2012	swedish_national_institute_for_communicable_disease_control	swedish_institute_for_infectious_disease_control
A/Texas/JMM_53/2012	other_database_import	
A/Texas/JMM_52/2012	other_database_import	
A/Houston/JMM_163/2013	other_database_import	
A/Pennsylvania/7/2013	centers_for_disease_control_and_prevention	pennsylvania_department_of_health
A/Uganda/856/2014	centers_for_disease_control_and_prevention	uganda_virus_research_institute_(uvri),_national_influenza_center
A/Uganda/1625/2014	centers_for_disease_control_and_prevention	uganda_virus_research_institute_(uvri),_national_influenza_center
A/Boston/YGA_01220/2013	other_database_import	
A/Singapore/DMS1315/2013	other_database_import	
A/Helsinki/1693/2013	other_database_import	
A/Vietnam/3050/2013-egg	centers_for_disease_control_and_prevention	national_institute_of_hygiene_and_epidemiology
A/Zambia/A_Zambia-PERCH_019_2013/2013		virus_epidemiology_research_group,_kenya_medical_research_institute
A/Gansu-Ganzhou/SWL33/2012	who_chinese_national_influenza_center	
A/Gansu-Ganzhou/SWL33/2012-egg	who_chinese_national_influenza_center	
A/Brisbane/28/2013-egg	who_collaborating_centre_for_reference_and_research_on_influenza	queensland_health_scientific_services
A/Kazan/CRIE-03/2013	other_database_import	
A/Kazan/CRIE-04/2013	other_database_import	
A/StPetersburg/151/2013	centers_for_disease_control_and_prevention	russian_academy_of_medical_sciences
A/Gansu-Ganzhou/SWL34/2012-egg	who_chinese_national_influenza_center	
A/Mali/A_Mali-PERCH_020_2013/2013		virus_epidemiology_research_group,_kenya_medical_research_institute
A/Mali/A_Mali-PERCH_022_2013/2013		virus_epidemiology_research_group,_kenya_medical_research_institute
A/Mali/A_Mali-PERCH_013_2013/2013		virus_epidemiology_research_group,_kenya_medical_research_institute
A/Gansu-Ganzhou/SWL34/2012	who_chinese_national_influenza_center	
A/SouthAfrica/A_South-Africa-PERCH_013_2013/2013		virus_epidemiology_research_group,_kenya_medical_research_institute
A/Catalonia/NSVH44488/2013	hospital_universitari_vall_d'hebron	hospital_universitari_vall_d'hebron
A/Vietnam/13VH1-1/2013	niigata_university	
A/Kenya/A_Kenya-PERCH_004_2013/2013		virus_epidemiology_research_group,_kenya_medical_research_institute
A/Vietnam/13VH1-6/2013	niigata_university	
A/India/P132194/2013	other_database_import	
A/India/P131027/2013	other_database_import	
A/Nepal/VIROAF5/2012	other_database_import	
A/Thailand/SN11790/2012	other_database_import	
A/Indonesia/1366_S56_L001/2013	university_college_london	universitas_udayana
A/Darwin/56/2013	who_collaborating_centre_for_reference_and_research_on_influenza	royal_darwin_hospital
A/Townsville/23/2013	who_collaborating_centre_for_reference_and_research_on_influenza	
A/Singapore/DMS1312/2013	other_database_import	
A/Sweden/34/2012	swedish_national_institute_for_communicable_disease_control	swedish_institute_for_infectious_disease_control
A/Sweden/33/2012	swedish_national_institute_for_communicable_disease_control	swedish_institute_for_infectious_disease_control
A/Sweden/31/2012	swedish_national_institute_for_communicable_disease_control	
A/India/P131845/2013	other_database_import	
A/Hiroshima/19/2013	national_institute_of_infectious_diseases_(niid)	center_for_public_health_and_environment,_hiroshima_prefectural_technology_research_institute
A/Singapore/DMS1316/2013	other_database_import	
A/England/476/2014	microbiology_services_colindale,_public_health_england	microbiology_services_colindale,_public_health_england
A/Srilanka/61/2013	who_collaborating_centre_for_reference_and_research_on_influenza	medical_research_institute
A/SouthAustralia/17/2013-egg	centers_for_disease_control_and_prevention	institute_of_medical_and_veterinary_science_(imvs)
A/Sydney/82/2013	who_collaborating_centre_for_reference_and_research_on_influenza	clinical_virology_unit,_cdim
A/Bahrain/575/2014	centers_for_disease_control_and_prevention	ministry_of_health_bahrain
A/Indonesia/Nihrd-Mks101/2015	centers_for_disease_control_and_prevention	ministry_of_health,_nihrd
A/Bangladesh/5256/2015-egg	centers_for_disease_control_and_prevention	institute_of_epidemiology_disease_control_and_research_(iedcr)_&_bangladesh_national_influenza_centre_(nic)
A/Bangladesh/5256/2015	centers_for_disease_control_and_prevention	institute_of_epidemiology_disease_control_and_research_(iedcr)_&_bangladesh_national_influenza_centre_(nic)
A/Singapore/TT1061/2013	ministry_of_health,_singapore	ministry_of_health,_singapore
A/Finland/76/2014	other_database_import	
A/PrachuapKhiriKhan/332/2013	who_collaborating_centre_for_reference_and_research_on_influenza	who_national_influenza_centre,_national_institute_of_medical_research_(nimr)
A/Newcaledonia/58/2013	who_collaborating_centre_for_reference_and_research_on_influenza	institut_pasteur_new_caledonia
A/Catalonia/NSVH216161/2014	hospital_universitari_vall_d'hebron	hospital_universitari_vall_d'hebron
A/Victoria/229/2013	who_collaborating_centre_for_reference_and_research_on_influenza	royal_chidrens_hospital
A/Srilanka/31/2014	who_collaborating_centre_for_reference_and_research_on_influenza	medical_research_institute
A/Singapore/KK1064/2013	ministry_of_health,_singapore	ministry_of_health,_singapore
A/Macau/610158/2014	who_collaborating_centre_for_reference_and_research_on_influenza	laboratorio_de_saude_publico
A/Bulgan/1852/2014	who_collaborating_centre_for_reference_and_research_on_influenza	national_influenza_center
A/Ulaanbaatar/739/2014	national_centre_for_disease_control_(ncdc)	national_center_for_communicable_diseases
A/Congo/2278/2014	centers_for_disease_control_and_prevention	inrb_service_de_virologie
A/California/59/2013	centers_for_disease_control_and_prevention	california_department_of_health_services
A/Shanghai-Changning/SWL1621/2013-egg	who_chinese_national_influenza_center	who_chinese_national_influenza_center
A/Shanghai-Changning/SWL1621/2013	who_chinese_national_influenza_center	who_chinese_national_influenza_center
A/Hubei-Wuchang/SWL1141/2014-egg	who_chinese_national_influenza_center	hubei_provincial_center_for_disease_control_and_prevention
A/Hubei-Wuchang/SWL1141/2014	who_chinese_national_influenza_center	hubei_provincial_center_for_disease_control_and_prevention
A/Guangdong-Zhongshan/SWL1323/2014-egg	who_chinese_national_influenza_center	guangdong_provincial_center_for_disease_control_and_prevention
A/Guangdong-Zhongshan/SWL1323/2014	who_chinese_national_influenza_center	guangdong_provincial_center_for_disease_control_and_prevention
A/Guangdong-Dongwanbendi/SWL1188/2014-egg	who_chinese_national_influenza_center	guangdong_provincial_center_for_disease_control_and_prevention
A/Guangdong-Dongwanbendi/SWL1188/2014	who_chinese_national_influenza_center	guangdong_provincial_center_for_disease_control_and_prevention
A/Egypt/42/2014	other_database_import	
A/Singapore/TT950/2013	ministry_of_health,_singapore	ministry_of_health,_singapore
A/Myanmar/14M272/2014	niigata_university	
A/Myanmar/14M194/2014	niigata_university	
A/Myanmar/14M379/2014	niigata_university	
A/Myanmar/14M445/2014	niigata_university	
A/Myanmar/14M139/2014	niigata_university	
A/Myanmar/14M072/2014	niigata_university	
A/Myanmar/14M003/2014	niigata_university	
A/Myanmar/14M233/2014	niigata_university	
A/SouthAfrica/3626/2013-egg	centers_for_disease_control_and_prevention	sandringham,_national_institute_for_communicable_d
A/India/6427/2014	centers_for_disease_control_and_prevention	national_institute_of_virology
A/India/Pun151192/2015	other_database_import	
A/India/1192/2015	centers_for_disease_control_and_prevention	national_institute_of_virology
A/Srilanka/30/2013	who_collaborating_centre_for_reference_and_research_on_influenza	medical_research_institute
A/HongKong/5008/2013	centers_for_disease_control_and_prevention	government_virus_unit
A/Sapporo/114/2013	national_institute_of_infectious_diseases_(niid)	sapporo_city_institute_of_public_health
A/Kanagawa/146/2013	national_institute_of_infectious_diseases_(niid)	kanagawa_prefectural_institute_of_public_health
A/Sapporo/TH1/2013	national_institute_of_infectious_diseases_(niid)	virus_research_center,_sendai_medical_center
A/Yamagata/158/2013	national_institute_of_infectious_diseases_(niid)	yamagata_prefectural_institute_of_public_health
A/NewYork/WC-LVD-14-045/2014	other_database_import	
A/NewHampshire/4/2013-egg	centers_for_disease_control_and_prevention	new_hampshire_public_health_laboratories
A/NewYork/WC-LVD-14-059/2014	other_database_import	
A/Myanmar/13M310/2013	niigata_university	
A/DistrictOfColumbia/2/2014	centers_for_disease_control_and_prevention	children's_national_medical_center
A/Malaysia/11/2014	who_collaborating_centre_for_reference_and_research_on_influenza	institut_penyelidikan_perubatan
A/Helsinki/2430/2012	other_database_import	
A/NewYork/WC-LVD-13-025/2013	other_database_import	
A/Volgograd/CRIE-4/2014	central_research_institute_for_epidemiology	central_research_institute_for_epidemiology
A/CuTha/FS1/2014	other_database_import	
A/CuTha/FS2/2014	other_database_import	
A/Niigata/13NU004/2014	other_database_import	
A/Louisiana/10/2013	centers_for_disease_control_and_prevention	louisiana_department_of_health_and_hospitals
A/Cambodia/Y0630302/2014	who_collaborating_centre_for_reference_and_research_on_influenza	institute_pasteur_du_cambodia
A/Nonthaburi/248/2014	who_collaborating_centre_for_reference_and_research_on_influenza	who_national_influenza_centre,_national_institute_of_medical_research_(nimr)
A/Lao/78/2015	centers_for_disease_control_and_prevention	national_center_for_laboratory_and_epidemiology
A/NewYork/WC-LVD-13-008/2013	other_database_import	
A/NewYork/WC-LVD-14-011/2014	other_database_import	
A/Helsinki/771N/2014	other_database_import	
A/Northland/2/2013	who_collaborating_centre_for_reference_and_research_on_influenza	institute_of_environmental_science_and_research
A/Mississippi/9/2013	centers_for_disease_control_and_prevention	mississippi_public_health_laboratory
A/Mississippi/28/2013	centers_for_disease_control_and_prevention	mississippi_public_health_laboratory
A/Hawaii/3/2013	centers_for_disease_control_and_prevention	state_of_hawaii_department_of_health
A/England/41420355/2014	microbiology_services_colindale,_public_health_england	microbiology_services_colindale,_public_health_england
A/Catalonia/NSVH32306/2014	hospital_universitari_vall_d'hebron	hospital_universitari_vall_d'hebron
A/NewYork/WC-LVD-14-031/2014	other_database_import	
A/NewYork/WC-LVD-14-006/2014	other_database_import	
A/Massachusetts/15/2013-egg	centers_for_disease_control_and_prevention	massachusetts_department_of_public_health
A/Massachusetts/15/2013	centers_for_disease_control_and_prevention	massachusetts_department_of_public_health
A/Pennsylvania/4/2014	centers_for_disease_control_and_prevention	pennsylvania_department_of_health
A/Pennsylvania/17/2014	centers_for_disease_control_and_prevention	pennsylvania_department_of_health
A/Louisiana/12/2013	centers_for_disease_control_and_prevention	louisiana_department_of_health_and_hospitals
A/NewYork/WC-LVD-14-026/2014	other_database_import	
A/NewYork/WC-LVD-13-012/2013	other_database_import	
A/NewYork/WC-LVD-13-023/2013	other_database_import	
A/England/333/2014	microbiology_services_colindale,_public_health_england	microbiology_services_colindale,_public_health_england
A/Kyoto/13K003/2014	other_database_import	
A/Nonthaburi/2398/2014	centers_for_disease_control_and_prevention	who_national_influenza_centre,_national_institute_of_medical_research_(nimr)
A/Nonthaburi/375/2014	centers_for_disease_control_and_prevention	who_national_influenza_centre,_national_institute_of_medical_research_(nimr)
A/Nevada/24/2013	centers_for_disease_control_and_prevention	southern_nevada_public_health_lab
A/NewYork/WC-LVD-14-024/2014	other_database_import	
A/Hiroshima/63/2014	national_institute_of_infectious_diseases_(niid)	center_for_public_health_and_environment,_hiroshima_prefectural_technology_research_institute
A/Sweden/74/2014	swedish_institute_for_infectious_disease_control	
A/Kanagawa/165/2014	national_institute_of_infectious_diseases_(niid)	kanagawa_prefectural_institute_of_public_health
A/Kanagawa/163/2014	centers_for_disease_control_and_prevention	national_institute_of_infectious_diseases_(niid)
A/Vietnam/418/2015	centers_for_disease_control_and_prevention	national_institute_of_hygiene_and_epidemiology
A/Jeonbuk/312/2015	centers_for_disease_control_and_prevention	national_institute_of_health
A/Helsinki/2429/2012	other_database_import	
A/Helsinki/802M/2014	other_database_import	
A/Helsinki/303N/2014	other_database_import	
A/Helsinki/235M/2012	other_database_import	
A/Helsinki/861N/2014	other_database_import	
A/Finland/31/2012	other_database_import	
A/SouthAfrica/3599/2014	who_collaborating_centre_for_reference_and_research_on_influenza	national_institute_for_communicable_disease
A/Sweden/4/2014	swedish_institute_for_infectious_disease_control	
A/Helsinki/394N/2014	other_database_import	
A/Stockholm/23/2013	swedish_institute_for_infectious_disease_control	swedish_institute_for_infectious_disease_control
A/Finland/44/2014	other_database_import	
A/Helsinki/736M/2014	other_database_import	
A/Skovde/4/2013	swedish_institute_for_infectious_disease_control	
A/NewYork/WC-LVD-14-017/2014	other_database_import	
A/Hawaii/4/2014	centers_for_disease_control_and_prevention	state_of_hawaii_department_of_health
A/NewYork/WC-LVD-14-032/2014	other_database_import	
A/Finland/102/2014	other_database_import	
A/Sundsvall/1/2014	swedish_institute_for_infectious_disease_control	
A/Lebanon/14L66/2014	niigata_university	
A/Lebanon/14L62/2014	niigata_university	
A/Lebanon/14L61/2014	niigata_university	
A/Stockholm/21/2013	swedish_institute_for_infectious_disease_control	swedish_institute_for_infectious_disease_control
A/CzechRepublic/3/2014	other_database_import	
A/Stockholm/1/2014	swedish_institute_for_infectious_disease_control	
A/Mexico/200102/2014	other_database_import	
A/Helsinki/447M/2014	other_database_import	
A/Helsinki/946M/2014	other_database_import	
A/Mississippi/10/2013	centers_for_disease_control_and_prevention	mississippi_public_health_laboratory
A/Mississippi/10/2013-egg	centers_for_disease_control_and_prevention	mississippi_public_health_laboratory
A/NewYork/WC-LVD-13-001/2013	other_database_import	
A/Astrakhan/CRIE-6/2014	central_research_institute_for_epidemiology	central_research_institute_for_epidemiology
A/Astrakhan/CRIE-7/2014	central_research_institute_for_epidemiology	central_research_institute_for_epidemiology
A/England/660/2013	microbiology_services_colindale,_public_health_england	microbiology_services_colindale,_public_health_england
A/Auckland/8/2014	who_collaborating_centre_for_reference_and_research_on_influenza	auckland_hospital
A/Newcaledonia/72/2014	who_collaborating_centre_for_reference_and_research_on_influenza	institut_pasteur_new_caledonia
A/Tasmania/24/2014	who_collaborating_centre_for_reference_and_research_on_influenza	royal_hobart_hospital
A/Newcaledonia/58/2014	who_collaborating_centre_for_reference_and_research_on_influenza	institut_pasteur_new_caledonia
A/Christchurch/538/2014	who_collaborating_centre_for_reference_and_research_on_influenza	canterbury_health_services
A/Karlstad/1/2015	swedish_institute_for_infectious_disease_control	
A/Ohio/19/2015	centers_for_disease_control_and_prevention	ohio_department_of_health_laboratories
A/HongKong/12244/2015-egg	centers_for_disease_control_and_prevention	government_virus_unit
A/HongKong/12244/2015	centers_for_disease_control_and_prevention	government_virus_unit
A/Stockholm/37/2014	swedish_institute_for_infectious_disease_control	
A/Trollhattan/3/2015	swedish_institute_for_infectious_disease_control	
A/Brisbane/1007/2014	who_collaborating_centre_for_reference_and_research_on_influenza	institute_of_medical_and_veterinary_science_(imvs)
A/Victoria/172/2014	who_collaborating_centre_for_reference_and_research_on_influenza	victorian_infectious_diseases_reference_laboratory_
A/Taiwan/612/2014	national_institute_of_infectious_diseases_(niid)	center_for_disease_control
A/PuertoRico/29/2014	centers_for_disease_control_and_prevention	puerto_rico_department_of_health
A/Iowa/19/2014	centers_for_disease_control_and_prevention	iowa_state_hygienic_laboratory
A/Iowa/19/2014-egg	centers_for_disease_control_and_prevention	iowa_state_hygienic_laboratory
A/HongKong/7573/2014	centers_for_disease_control_and_prevention	government_virus_unit
A/HongKong/7572/2014	centers_for_disease_control_and_prevention	government_virus_unit
A/HongKong/7561/2014	centers_for_disease_control_and_prevention	government_virus_unit
A/Iowa/25/2014	centers_for_disease_control_and_prevention	iowa_state_hygienic_laboratory
A/Iowa/26/2014	centers_for_disease_control_and_prevention	iowa_state_hygienic_laboratory
A/Vietnam/GS150134/2015	centers_for_disease_control_and_prevention	pasteur_institute,_influenza_laboratory
A/Colorado/35/2015	centers_for_disease_control_and_prevention	colorado_department_of_health_lab
A/Delaware/42/2015-egg	centers_for_disease_control_and_prevention	delaware_public_health_lab
A/Delaware/42/2015	centers_for_disease_control_and_prevention	delaware_public_health_lab
A/Orenburg/120-L/2016	centers_for_disease_control_and_prevention	ivanovsky_research_institute_of_virology_rams
A/StPetersburg/RII1073M/2016	who_national_influenza_centre_russian_federation	
A/Idaho/42/2015	centers_for_disease_control_and_prevention	state_of_idaho_bureau_of_laboratories
A/Tomsk/154/2015	who_national_influenza_centre_russian_federation	ivanovsky_research_institute_of_virology_rams
A/Guatemala/4453/2016	centers_for_disease_control_and_prevention	laboratorio_nacional_de_salud_guatemala
A/Guatemala/221/2016	centers_for_disease_control_and_prevention	laboratorio_nacional_de_salud_guatemala
A/Victoria/919/2014	who_collaborating_centre_for_reference_and_research_on_influenza	who_collaborating_centre_for_reference_and_research_on_influenza
A/Yokohama/61/2016	national_institute_of_infectious_diseases_(niid)	yokohama_city_institute_of_public_health.
A/Hawaii/59/2015-egg	centers_for_disease_control_and_prevention	state_of_hawaii_department_of_health
A/Hawaii/59/2015	centers_for_disease_control_and_prevention	state_of_hawaii_department_of_health
A/ElSalvador/240/2015	centers_for_disease_control_and_prevention	contiguo_a_hospital_rosales
A/Germany/40/2014	centers_for_disease_control_and_prevention	u.s._air_force_school_of_aerospace_medicine
A/Florida/62/2014	centers_for_disease_control_and_prevention	florida_department_of_health_jacksonville
A/Fukuoka/14432/2015	national_institute_of_infectious_diseases_(niid)	fukuoka_institute_of_public_health_and_environmental_sciences
A/Gwangju/182/2015	centers_for_disease_control_and_prevention	national_institute_of_health
A/Pakistan/424/2015	centers_for_disease_control_and_prevention	national_institute_of_health
A/Daegu/67/2015	centers_for_disease_control_and_prevention	national_institute_of_health
A/Peru/18/2015	centers_for_disease_control_and_prevention	us_namru_6
A/Peru/63/2015	centers_for_disease_control_and_prevention	us_namru_6
A/Peru/59/2015	centers_for_disease_control_and_prevention	us_namru_6
A/Florida/62/2014-egg	centers_for_disease_control_and_prevention	florida_department_of_health_jacksonville
A/Gyeonggi/591/2015	centers_for_disease_control_and_prevention	national_institute_of_health
A/Ulsan/53/2015	centers_for_disease_control_and_prevention	national_institute_of_health
A/Montana/8/2015	centers_for_disease_control_and_prevention	montana_laboratory_services_bureau
A/Hyogo/3174/2015	national_institute_of_infectious_diseases_(niid)	hyogo_prefectural_institute_of_public_health_and_consumer_sciences
A/Khmelnitsky/461/2015	centers_for_disease_control_and_prevention	institute_of_epidemiology_and_infectious_diseases_ams_of_ukraine
A/Mexico/1357/2015	centers_for_disease_control_and_prevention	laboratorio_de_virus_respiratorio
A/StPetersburg/46/2015-egg	centers_for_disease_control_and_prevention	russian_academy_of_medical_sciences
A/Brazil/2051/2015	centers_for_disease_control_and_prevention	instituto_adolfo_lutz
A/Bangladesh/814005/2015-egg	centers_for_disease_control_and_prevention	institute_of_epidemiology_disease_control_and_research_(iedcr)_&_bangladesh_national_influenza_centre_(nic)
A/Bangladesh/814005/2015	centers_for_disease_control_and_prevention	institute_of_epidemiology_disease_control_and_research_(iedcr)_&_bangladesh_national_influenza_centre_(nic)
A/Gyeongbuk/557/2015	centers_for_disease_control_and_prevention	national_institute_of_health
A/Dnipropetrovsk/443/2015	centers_for_disease_control_and_prevention	institute_of_epidemiology_and_infectious_diseases_ams_of_ukraine
A/Yamaguchi/23/2015	national_institute_of_infectious_diseases_(niid)	yamaguchi_prefectural_institute_of_public_health_and_environment
A/Daegu/653/2015	centers_for_disease_control_and_prevention	national_institute_of_health
A/Ibaraki/21/2015	national_institute_of_infectious_diseases_(niid)	ibaraki_prefectural_institute_of_public_health
A/Odessa/391/2015	centers_for_disease_control_and_prevention	institute_of_epidemiology_and_infectious_diseases_ams_of_ukraine
A/Saga/32/2015	national_institute_of_infectious_diseases_(niid)	saga_prefectural_institute_of_public_health_and_pharmaceutical_research
A/Gyeonggi/812/2015	centers_for_disease_control_and_prevention	national_institute_of_health
A/SouthAfrica/4028/2015	centers_for_disease_control_and_prevention	national_institute_for_communicable_disease
A/SouthAfrica/5154/2015	centers_for_disease_control_and_prevention	national_institute_for_communicable_disease
A/PuertoRico/45/2015	centers_for_disease_control_and_prevention	puerto_rico_department_of_health
A/SouthAustralia/22/2015-egg	centers_for_disease_control_and_prevention	institute_of_medical_and_veterinary_science_(imvs)
A/SouthAustralia/22/2015	who_collaborating_centre_for_reference_and_research_on_influenza	institute_of_medical_and_veterinary_science_(imvs)
A/SouthAfrica/5325/2015	centers_for_disease_control_and_prevention	national_institute_for_communicable_disease
A/Zambia/313/2015	centers_for_disease_control_and_prevention	university_teaching_hospital
A/Zambia/302/2015	centers_for_disease_control_and_prevention	university_teaching_hospital
A/NewMexico/17/2015-egg	centers_for_disease_control_and_prevention	new_mexico_department_of_health
A/NewMexico/17/2015	centers_for_disease_control_and_prevention	new_mexico_department_of_health
A/Netherlands/104/2015	national_institute_for_public_health_and_the_environment_(rivm)	national_institute_for_public_health_and_the_environment_(rivm)
A/Peru/6/2015	centers_for_disease_control_and_prevention	centers_for_disease_control_and_prevention
A/Mali/38/2016	centers_for_disease_control_and_prevention	nic_lab_cvd_mali
A/Mali/252CI/2015	centers_for_disease_control_and_prevention	nic_lab_cvd_mali
A/Mali/249CI/2015	centers_for_disease_control_and_prevention	nic_lab_cvd_mali
A/Mali/90/2016	centers_for_disease_control_and_prevention	nic_lab_cvd_mali
A/Mali/19/2016	centers_for_disease_control_and_prevention	nic_lab_cvd_mali
A/Maryland/16/2015-egg	centers_for_disease_control_and_prevention	maryland_department_of_health_and_mental_hygiene
A/Maryland/16/2015	centers_for_disease_control_and_prevention	maryland_department_of_health_and_mental_hygiene
A/Delaware/40/2015	centers_for_disease_control_and_prevention	delaware_public_health_lab
A/Ulsan/58/2015	centers_for_disease_control_and_prevention	national_institute_of_health
A/Gyeongbuk/776/2015	centers_for_disease_control_and_prevention	national_institute_of_health
A/Connecticut/5/2015-egg	centers_for_disease_control_and_prevention	connecticut_department._of_public_health
A/Connecticut/5/2015	centers_for_disease_control_and_prevention	connecticut_department._of_public_health
A/Hawaii/51/2015-egg	centers_for_disease_control_and_prevention	state_of_hawaii_department_of_health
A/Hawaii/51/2015	centers_for_disease_control_and_prevention	state_of_hawaii_department_of_health
A/FrenchGuiana/4153/2015	centers_for_disease_control_and_prevention	national_influenza_center_french_guiana_and_french_indies
A/FrenchGuiana/4072/2015	centers_for_disease_control_and_prevention	national_influenza_center_french_guiana_and_french_indies
A/Tokyo/14863/2015	national_institute_of_infectious_diseases_(niid)	tokyo_metropolitan_institute_of_public_health
A/Mali/204CH/2015	centers_for_disease_control_and_prevention	nic_lab_cvd_mali
A/Ukraine/434/2015	centers_for_disease_control_and_prevention	institute_of_epidemiology_and_infectious_diseases_ams_of_ukraine
A/Vladimir/141/2015	centers_for_disease_control_and_prevention	ivanovsky_research_institute_of_virology_rams
A/Stockholm/23/2015	swedish_institute_for_infectious_disease_control	
A/Mali/3MOP/2015	centers_for_disease_control_and_prevention	nic_lab_cvd_mali
A/Oita/6/2015	national_institute_of_infectious_diseases_(niid)	oita_prefectural_institute_of_health_and_environment
A/California/33/2015	centers_for_disease_control_and_prevention	california_department_of_health_services
A/Ukraine/171/2015	centers_for_disease_control_and_prevention	institute_of_epidemiology_and_infectious_diseases_ams_of_ukraine
A/Argentina/11551/2015	centers_for_disease_control_and_prevention	cemic_university_hospital
A/Argentina/36/2015	centers_for_disease_control_and_prevention	instituto_nacional_de_enfermedades_infecciosas
A/Paraguay/8203/2015	centers_for_disease_control_and_prevention	central_laboratory_of_public_health
A/Argentina/22/2015	centers_for_disease_control_and_prevention	instituto_nacional_de_enfermedades_infecciosas
A/Argentina/262/2015	centers_for_disease_control_and_prevention	instituto_nacional_de_enfermedades_infecciosas
A/Argentina/115/2015	centers_for_disease_control_and_prevention	instituto_nacional_de_enfermedades_infecciosas
A/Paraguay/2581/2015	centers_for_disease_control_and_prevention	central_laboratory_of_public_health
A/Bangladesh/1516/2015-egg	centers_for_disease_control_and_prevention	institute_of_epidemiology_disease_control_and_research_(iedcr)_&_bangladesh_national_influenza_centre_(nic)
A/Bangladesh/1516/2015	centers_for_disease_control_and_prevention	institute_of_epidemiology_disease_control_and_research_(iedcr)_&_bangladesh_national_influenza_centre_(nic)
A/Bangladesh/8002/2015	centers_for_disease_control_and_prevention	institute_of_epidemiology_disease_control_and_research_(iedcr)_&_bangladesh_national_influenza_centre_(nic)
A/Bangladesh/4004/2015-egg	centers_for_disease_control_and_prevention	institute_of_epidemiology_disease_control_and_research_(iedcr)_&_bangladesh_national_influenza_centre_(nic)
A/Bangladesh/4004/2015	centers_for_disease_control_and_prevention	institute_of_epidemiology_disease_control_and_research_(iedcr)_&_bangladesh_national_influenza_centre_(nic)
A/Gyeongbuk/533/2015	centers_for_disease_control_and_prevention	national_institute_of_health
A/Daegu/1210/2015	centers_for_disease_control_and_prevention	national_institute_of_health
A/Cambodia/1021/2015	centers_for_disease_control_and_prevention	national_public_health_laboratory
A/Cambodia/1191/2015	centers_for_disease_control_and_prevention	national_public_health_laboratory
A/Michigan/57/2015-egg	centers_for_disease_control_and_prevention	michigan_department_of_community_health
A/Michigan/63/2015	centers_for_disease_control_and_prevention	michigan_department_of_community_health
A/Michigan/57/2015	centers_for_disease_control_and_prevention	michigan_department_of_community_health
A/Michigan/64/2015	centers_for_disease_control_and_prevention	michigan_department_of_community_health
A/Indiana/15/2015-egg	centers_for_disease_control_and_prevention	indiana_state_department_of_health_laboratories
A/Indiana/15/2015	centers_for_disease_control_and_prevention	indiana_state_department_of_health_laboratories
A/Germany/51/2014	centers_for_disease_control_and_prevention	u.s._air_force_school_of_aerospace_medicine
A/Antsirabe/4351/2015	centers_for_disease_control_and_prevention	institut_pasteur_de_madagascar
A/Moramanga/1351/2016	centers_for_disease_control_and_prevention	institut_pasteur_de_madagascar
A/Antsirabe/1049/2016	centers_for_disease_control_and_prevention	institut_pasteur_de_madagascar
A/Antananarivo/3825/2016	centers_for_disease_control_and_prevention	institut_pasteur_de_madagascar
A/Maevatanana/4194/2015-egg	centers_for_disease_control_and_prevention	institut_pasteur_de_madagascar
A/Maevatanana/4192/2015	centers_for_disease_control_and_prevention	institut_pasteur_de_madagascar
A/Maevatanana/4193/2015	centers_for_disease_control_and_prevention	institut_pasteur_de_madagascar
A/Maevatanana/4194/2015	centers_for_disease_control_and_prevention	institut_pasteur_de_madagascar
A/Maevatanana/4191/2015	centers_for_disease_control_and_prevention	institut_pasteur_de_madagascar
A/Toamasina/4159/2015	centers_for_disease_control_and_prevention	institut_pasteur_de_madagascar
A/Maevatanana/4197/2015	centers_for_disease_control_and_prevention	institut_pasteur_de_madagascar
A/Lao/90/2015	centers_for_disease_control_and_prevention	national_center_for_laboratory_and_epidemiology
A/Lao/55/2015	centers_for_disease_control_and_prevention	national_center_for_laboratory_and_epidemiology
A/Uppsala/2/2015	swedish_institute_for_infectious_disease_control	
A/StPetersburg/61/2015-egg	centers_for_disease_control_and_prevention	russian_academy_of_medical_sciences
A/Moscow/144/2015	centers_for_disease_control_and_prevention	ivanovsky_research_institute_of_virology_rams
A/Yokohama/50/2015-egg	centers_for_disease_control_and_prevention	national_institute_of_infectious_diseases_(niid)
A/Yokohama/50/2015	university_of_tokyo	national_institute_of_infectious_diseases_(niid)
A/Concepcion/39745/2015-egg	centers_for_disease_control_and_prevention	instituto_de_salud_publica_de_chile_
A/Concepcion/39745/2015	centers_for_disease_control_and_prevention	instituto_de_salud_publica_de_chile_
A/ElSalvador/410/2015	centers_for_disease_control_and_prevention	contiguo_a_hospital_rosales
A/ElSalvador/365/2015-egg	centers_for_disease_control_and_prevention	contiguo_a_hospital_rosales
A/ElSalvador/410/2015-egg	centers_for_disease_control_and_prevention	contiguo_a_hospital_rosales
A/Bangladesh/7900/2015-egg	centers_for_disease_control_and_prevention	institute_of_epidemiology_disease_control_and_research_(iedcr)_&_bangladesh_national_influenza_centre_(nic)
A/ElSalvador/365/2015	centers_for_disease_control_and_prevention	contiguo_a_hospital_rosales
A/Bolivia/559/2013-egg	centers_for_disease_control_and_prevention	instituto_nacional_de_laboratoriosde_salud_(inlasa)
A/Bolivia/559/2013	centers_for_disease_control_and_prevention	instituto_nacional_de_laboratoriosde_salud_(inlasa)
A/Mexico/2493/2014	centers_for_disease_control_and_prevention	laboratorio_de_virus_respiratorio
A/Mexico/328568/2014	other_database_import	
A/Shizuoka-C/99/2013	national_institute_of_infectious_diseases_(niid)	shizuoka_city_institute_of_environmental_sciences_and_public_health_
A/Niigata/13F311/2014	other_database_import	
A/Singapore/KK1067/2013	ministry_of_health,_singapore	ministry_of_health,_singapore
A/Singapore/EN555/2013	ministry_of_health,_singapore	ministry_of_health,_singapore
A/Helsinki/754M/2014	other_database_import	
A/Singapore/KK1073/2013	ministry_of_health,_singapore	ministry_of_health,_singapore
A/Mexico/119899/2014	other_database_import	
A/NorthCarolina/4/2014-egg	centers_for_disease_control_and_prevention	mission_hospital_microbiology_lab
A/NewYork/WC-LVD-13-013/2013	other_database_import	
A/NewYork/WC-LVD-13-020/2013	other_database_import	
A/NorthCarolina/4/2014	centers_for_disease_control_and_prevention	mission_hospital_microbiology_lab
A/India/Pun1415432/2014	other_database_import	
A/India/P1510025/2015	national_institute_of_infectious_diseases_(niid)	national_institute_of_virology
A/Bangladesh/80009/2015-egg	centers_for_disease_control_and_prevention	institute_of_epidemiology_disease_control_and_research_(iedcr)_&_bangladesh_national_influenza_centre_(nic)
A/Bangladesh/80009/2015	centers_for_disease_control_and_prevention	institute_of_epidemiology_disease_control_and_research_(iedcr)_&_bangladesh_national_influenza_centre_(nic)
A/Bangladesh/803008/2015	centers_for_disease_control_and_prevention	institute_of_epidemiology_disease_control_and_research_(iedcr)_&_bangladesh_national_influenza_centre_(nic)
A/Bangladesh/803008/2015-egg	centers_for_disease_control_and_prevention	institute_of_epidemiology_disease_control_and_research_(iedcr)_&_bangladesh_national_influenza_centre_(nic)
A/Pakistan/446/2015	centers_for_disease_control_and_prevention	national_institute_of_health
A/Pakistan/434/2015	centers_for_disease_control_and_prevention	national_institute_of_health
A/Nepal/527/2016	centers_for_disease_control_and_prevention	national_public_health_laboratory
A/Nepal/516/2016	centers_for_disease_control_and_prevention	national_public_health_laboratory
A/Valparaiso/68954/2015	centers_for_disease_control_and_prevention	instituto_de_salud_publica_de_chile_
A/Concepcion/44319/2015-egg	centers_for_disease_control_and_prevention	instituto_de_salud_publica_de_chile_
A/Concepcion/44321/2015	centers_for_disease_control_and_prevention	instituto_de_salud_publica_de_chile_
A/Mexico/85/2016	centers_for_disease_control_and_prevention	laboratorio_de_virus_respiratorio
A/Valdivia/78346/2015	centers_for_disease_control_and_prevention	instituto_de_salud_publica_de_chile_
A/Concepcion/39750/2015-egg	centers_for_disease_control_and_prevention	instituto_de_salud_publica_de_chile_
A/Concepcion/39750/2015	centers_for_disease_control_and_prevention	instituto_de_salud_publica_de_chile_
A/Concepcion/39751/2015-egg	centers_for_disease_control_and_prevention	instituto_de_salud_publica_de_chile_
A/Concepcion/44319/2015	centers_for_disease_control_and_prevention	instituto_de_salud_publica_de_chile_
A/Brazil/72880/2015	centers_for_disease_control_and_prevention	instituto_adolfo_lutz
A/Brazil/815/2016	centers_for_disease_control_and_prevention	instituto_adolfo_lutz
A/Brazil/441/2016	centers_for_disease_control_and_prevention	instituto_adolfo_lutz
A/Concepcion/39751/2015	centers_for_disease_control_and_prevention	instituto_de_salud_publica_de_chile_
A/Colombia/498/2015	centers_for_disease_control_and_prevention	instituto_nacional_de_salud_de_columbia
A/Colombia/6863/2015	centers_for_disease_control_and_prevention	instituto_nacional_de_salud_de_columbia
A/Concepcion/39746/2015	centers_for_disease_control_and_prevention	instituto_de_salud_publica_de_chile_
A/Santiago/73027/2015	centers_for_disease_control_and_prevention	instituto_de_salud_publica_de_chile_
A/Florida/88/2015-egg	centers_for_disease_control_and_prevention	florida_department_of_health_jacksonville
A/Florida/88/2015	centers_for_disease_control_and_prevention	florida_department_of_health_jacksonville
A/Lao/56/2015	centers_for_disease_control_and_prevention	national_center_for_laboratory_and_epidemiology
A/NewYork/WC-LVD-14-004/2014	other_database_import	
A/NewYork/WC-LVD-14-029/2014	other_database_import	
A/NewYork/WC-LVD-14-023/2014	other_database_import	
A/NewYork/WC-LVD-14-051/2014	other_database_import	
A/Congo/2275/2014	centers_for_disease_control_and_prevention	inrb_service_de_virologie
A/NewYork/WC-LVD-14-043/2014	other_database_import	
A/Ethiopia/66/2014	centers_for_disease_control_and_prevention	ethiopian_health_and_nutrition_research_institute_(ehnri)
A/Stockholm/28/2015	swedish_institute_for_infectious_disease_control	swedish_institute_for_infectious_disease_control
A/Ethiopia/1800/2016	centers_for_disease_control_and_prevention	ethiopian_public_health_institute,_national_influenza_laboratory
A/Ethiopia/1149/2014	centers_for_disease_control_and_prevention	ethiopian_health_and_nutrition_research_institute_(ehnri)
A/England/178/2014	microbiology_services_colindale,_public_health_england	microbiology_services_colindale,_public_health_england
A/England/439/2014	microbiology_services_colindale,_public_health_england	microbiology_services_colindale,_public_health_england
A/Okinawa/13T001/2013	other_database_import	
A/Nagasaki/13N067/2014	other_database_import	
A/Niigata/13F270/2014	other_database_import	
A/Gunma/13G001/2014	other_database_import	
A/Kyoto/13K052/2014	other_database_import	
A/Kyoto/13K017/2014	other_database_import	
A/Nagasaki/13N075/2014	other_database_import	
A/Gunma/13G018/2014	other_database_import	
A/Kyoto/13SK076/2014	other_database_import	
A/Nagasaki/13N095/2014	other_database_import	
A/Nagasaki/13N018/2014	other_database_import	
A/Nagasaki/13N058/2014	other_database_import	
A/Nagasaki/13N060/2014	other_database_import	
A/Nagasaki/13N057/2014	niigata_university	
A/Nagasaki/13N059/2014	other_database_import	
A/Kyoto/13SK076-2/2014	other_database_import	
A/Hokkaido/13H054/2014	other_database_import	
A/Hokkaido/13H020/2014	other_database_import	
A/Nagasaki/13N026/2014	other_database_import	
A/Gunma/13G024/2014	other_database_import	
A/Lao/1187/2014-egg	centers_for_disease_control_and_prevention	centers_for_disease_control_and_prevention
A/Lao/1187/2014	centers_for_disease_control_and_prevention	centers_for_disease_control_and_prevention
A/Alaska/37/2014-egg	centers_for_disease_control_and_prevention	alaska_state_virology_lab
A/Alaska/38/2014-egg	centers_for_disease_control_and_prevention	alaska_state_virology_lab
A/Alaska/38/2014	centers_for_disease_control_and_prevention	alaska_state_virology_lab
A/California/55/2014	centers_for_disease_control_and_prevention	los_angeles_quarantine_station,_cdc_quarantine_epidemiology_and_surveillance_team
A/Sweden/3/2014	swedish_institute_for_infectious_disease_control	
A/Sweden/6/2014	swedish_institute_for_infectious_disease_control	
A/Lao/951/2014	centers_for_disease_control_and_prevention	national_center_for_laboratory_and_epidemiology
A/Lao/952/2014	centers_for_disease_control_and_prevention	national_center_for_laboratory_and_epidemiology
A/Taiwan/609/2014	national_institute_of_infectious_diseases_(niid)	center_for_disease_control
A/Lao/193/2015	centers_for_disease_control_and_prevention	national_center_for_laboratory_and_epidemiology
A/Lao/189/2015	centers_for_disease_control_and_prevention	national_center_for_laboratory_and_epidemiology
A/Lao/66/2015	centers_for_disease_control_and_prevention	national_center_for_laboratory_and_epidemiology
A/Lao/65/2015	centers_for_disease_control_and_prevention	national_center_for_laboratory_and_epidemiology
A/Lao/68/2015	centers_for_disease_control_and_prevention	national_center_for_laboratory_and_epidemiology
A/Moscow/107/2015	centers_for_disease_control_and_prevention	ivanovsky_research_institute_of_virology_rams
A/Saga/22/2015	national_institute_of_infectious_diseases_(niid)	saga_prefectural_institute_of_public_health_and_pharmaceutical_research
A/Lao/278/2015	centers_for_disease_control_and_prevention	national_center_for_laboratory_and_epidemiology
A/Lao/225/2015	centers_for_disease_control_and_prevention	national_center_for_laboratory_and_epidemiology
A/Lao/226/2015	centers_for_disease_control_and_prevention	national_center_for_laboratory_and_epidemiology
A/Vietnam/162/2015	national_institute_of_infectious_diseases_(niid)	pasteur_institute,_influenza_laboratory
A/Vietnam/GS150925/2015	centers_for_disease_control_and_prevention	pasteur_institute,_influenza_laboratory
A/Tasmania/27/2015	who_collaborating_centre_for_reference_and_research_on_influenza	royal_hobart_hospital
A/Vietnam/419/2015	centers_for_disease_control_and_prevention	national_institute_of_hygiene_and_epidemiology
A/PuertoRico/30/2014	centers_for_disease_control_and_prevention	puerto_rico_department_of_health
A/PuertoRico/35/2014	centers_for_disease_control_and_prevention	puerto_rico_department_of_health
A/Colombia/2537/2015	centers_for_disease_control_and_prevention	instituto_nacional_de_salud_de_columbia
A/Ecuador/2375/2015	centers_for_disease_control_and_prevention	inspi
A/Colombia/4522/2015	centers_for_disease_control_and_prevention	instituto_nacional_de_salud_de_columbia
A/Colombia/1359/2015	centers_for_disease_control_and_prevention	instituto_nacional_de_salud_de_columbia
A/Colombia/845/2015	centers_for_disease_control_and_prevention	instituto_nacional_de_salud_de_columbia
A/Egypt/4372/2014	centers_for_disease_control_and_prevention	u.s._naval_medical_research_unit_no.3
A/Jeonbuk/1998/2014	centers_for_disease_control_and_prevention	national_institute_of_health
A/Victoria/928/2014	who_collaborating_centre_for_reference_and_research_on_influenza	who_collaborating_centre_for_reference_and_research_on_influenza
A/Egypt/4758/2014	centers_for_disease_control_and_prevention	u.s._naval_medical_research_unit_no.3
A/Niigata/14F019/2015	niigata_university	
A/Vladikavkaz/CRIE-44/2015	central_research_institute_for_epidemiology	
A/Stavropol/CRIE-54/2015	central_research_institute_for_epidemiology	
A/StPetersburg/83/2015-egg	centers_for_disease_control_and_prevention	russian_academy_of_medical_sciences
A/HongKong/94/2016	centers_for_disease_control_and_prevention	government_virus_unit
A/Taiwan/1087/2015	national_institute_of_infectious_diseases_(niid)	center_for_disease_control
A/BasseNormandie/1309/2016	institut_pasteur	
A/Shanghai-Changning/SWL1995/2015-egg	who_chinese_national_influenza_center	who_chinese_national_influenza_center
A/Sapporo/1/2016	national_institute_of_infectious_diseases_(niid)	sapporo_city_institute_of_public_health
A/Taiwan/1089/2015	national_institute_of_infectious_diseases_(niid)	center_for_disease_control
A/Shandong/NW11/2016	beijing_institute_of_microbiology_and_epidemiology	beijing_institute_of_microbiology_and_epidemiology
A/Shanghai-Huangpu/SWL12017/2015-egg	who_chinese_national_influenza_center	who_chinese_national_influenza_center
A/Guangxi-Xixiangtang/SWL11411/2015	who_chinese_national_influenza_center	who_chinese_national_influenza_center
A/Mali/47/2016	centers_for_disease_control_and_prevention	nic_lab_cvd_mali
A/Canberra/1/2016	who_collaborating_centre_for_reference_and_research_on_influenza	canberra_hospital
A/Guangxi-Xixiangtang/SWL11411/2015-egg	who_chinese_national_influenza_center	who_chinese_national_influenza_center
A/Shanghai-Baoshan/SWL1989/2015-egg	who_chinese_national_influenza_center	who_chinese_national_influenza_center
A/Shanghai-Jiading/SWL1970/2015-egg	who_chinese_national_influenza_center	who_chinese_national_influenza_center
A/Shanghai-Jiading/1970/2015-egg	centers_for_disease_control_and_prevention	who_chinese_national_influenza_center
A/Shanghai-Jiading/1970/2015	centers_for_disease_control_and_prevention	who_chinese_national_influenza_center
A/Shanghai-Jiading/SWL1970/2015	who_chinese_national_influenza_center	who_chinese_national_influenza_center
A/Iowa/53/2015-egg	centers_for_disease_control_and_prevention	iowa_state_hygienic_laboratory
A/Iowa/53/2015	centers_for_disease_control_and_prevention	iowa_state_hygienic_laboratory
A/Brisbane/137/2015-egg	who_collaborating_centre_for_reference_and_research_on_influenza	queensland_health_scientific_services
A/Seoul/1596/2015	centers_for_disease_control_and_prevention	national_institute_of_health
A/Taiwan/1101/2015	national_institute_of_infectious_diseases_(niid)	center_for_disease_control
A/Kanagawa/ZC10/2016	national_institute_of_infectious_diseases_(niid)	national_institute_of_infectious_diseases_(niid)
A/Kanagawa/18/2016	national_institute_of_infectious_diseases_(niid)	kanagawa_prefectural_institute_of_public_health
A/Neimenggu-Helingeer/SWL1314/2015-egg	who_chinese_national_influenza_center	who_chinese_national_influenza_center
A/Neimenggu-Helingeer/SWL1314/2015	who_chinese_national_influenza_center	who_chinese_national_influenza_center
A/Taiwan/1100/2015	national_institute_of_infectious_diseases_(niid)	center_for_disease_control
A/Taiwan/85142/2015	taiwan_cdc	centers_for_disease_control
A/Taiwan/1093/2015	national_institute_of_infectious_diseases_(niid)	center_for_disease_control
A/Brisbane/196/2015-egg	who_collaborating_centre_for_reference_and_research_on_influenza	queensland_health_scientific_services
A/Ningbo/75/2021	ningbo_international_travel_healthcare_center	ningbo_international_travel_healthcare_center
A/Singapore/INFMOH-16-0039/2016	ministry_of_health,_singapore	ministry_of_health,_singapore
A/Singapore/INFKK-16-0017/2016	ministry_of_health,_singapore	ministry_of_health,_singapore
A/Singapore/INFTT-16-0242/2016	ministry_of_health,_singapore	ministry_of_health,_singapore
A/Singapore/INFGP-16-0270/2016	ministry_of_health,_singapore	ministry_of_health,_singapore
A/Shanghai-Putuo/1860/2015	centers_for_disease_control_and_prevention	who_chinese_national_influenza_center
A/Shanghai-Huangpu/SWL12014/2015-egg	who_chinese_national_influenza_center	who_chinese_national_influenza_center
A/Shanghai-Huangpu/SWL12014/2015	who_chinese_national_influenza_center	who_chinese_national_influenza_center
A/Shanghai-Huangpu/SWL12017/2015	who_chinese_national_influenza_center	who_chinese_national_influenza_center
A/Shanghai-Putuo/SWL1860/2015-egg	who_chinese_national_influenza_center	who_chinese_national_influenza_center
A/NorthCarolina/10/2016	centers_for_disease_control_and_prevention	north_carolina_state_laboratory_of_public_health
A/Shanghai-Putuo/SWL1860/2015	who_chinese_national_influenza_center	who_chinese_national_influenza_center
A/Chiba/18/2016	national_institute_of_infectious_diseases_(niid)	chiba_prefectural_institute_of_public_health
A/Shanghai-Changning/SWL1988/2015-egg	who_chinese_national_influenza_center	who_chinese_national_influenza_center
A/Shanghai-Changning/SWL1988/2015	who_chinese_national_influenza_center	who_chinese_national_influenza_center
A/Shanghai-Songjiang/SWL11000/2015	who_chinese_national_influenza_center	who_chinese_national_influenza_center
A/Shanghai-Putuo/1860/2015-egg	centers_for_disease_control_and_prevention	who_chinese_national_influenza_center
A/Shanghai-Changning/SWL1995/2015	who_chinese_national_influenza_center	who_chinese_national_influenza_center
A/Shanghai-Baoshan/SWL1989/2015	who_chinese_national_influenza_center	who_chinese_national_influenza_center
A/Indiana/21/2016-egg	centers_for_disease_control_and_prevention	indiana_state_department_of_health_laboratories
A/Indiana/21/2016	centers_for_disease_control_and_prevention	indiana_state_department_of_health_laboratories
A/Shanghai-Huangpu/SWL11992/2015-egg	who_chinese_national_influenza_center	who_chinese_national_influenza_center
A/Shanghai-Huangpu/SWL11992/2015	who_chinese_national_influenza_center	who_chinese_national_influenza_center
A/Shandong/NW12/2016	beijing_institute_of_microbiology_and_epidemiology	beijing_institute_of_microbiology_and_epidemiology
A/Vietnam/6024/2016	centers_for_disease_control_and_prevention	national_institute_of_hygiene_and_epidemiology
A/Shanghai-Songjiang/SWL11000/2015-egg	who_chinese_national_influenza_center	who_chinese_national_influenza_center
A/Ningbo/28/2021	ningbo_international_travel_healthcare_center	ningbo_international_travel_healthcare_center
A/Ningbo/58/2021	ningbo_international_travel_healthcare_center	ningbo_international_travel_healthcare_center
A/Jeonbuk/2005/2014	centers_for_disease_control_and_prevention	national_institute_of_health
A/Ethiopia/63/2014	centers_for_disease_control_and_prevention	ethiopian_health_and_nutrition_research_institute_(ehnri)
A/Jeonbuk/1997/2014	centers_for_disease_control_and_prevention	national_institute_of_health
A/Bangladesh/507001/2015	centers_for_disease_control_and_prevention	institute_of_epidemiology_disease_control_and_research_(iedcr)_&_bangladesh_national_influenza_centre_(nic)
A/Washington/19/2015	centers_for_disease_control_and_prevention	washington_state_public_health_laboratory
A/Chanthaburi/38/2015	centers_for_disease_control_and_prevention	who_national_influenza_centre,_national_institute_of_medical_research_(nimr)
A/Chanthaburi/11/2015	who_collaborating_centre_for_reference_and_research_on_influenza	who_national_influenza_centre,_national_institute_of_medical_research_(nimr)
A/India/1214/2015	centers_for_disease_control_and_prevention	national_institute_of_virology
A/Bangladesh/7001/2015	centers_for_disease_control_and_prevention	institute_of_epidemiology_disease_control_and_research_(iedcr)_&_bangladesh_national_influenza_centre_(nic)
A/Bangladesh/3505/2015	centers_for_disease_control_and_prevention	institute_of_epidemiology_disease_control_and_research_(iedcr)_&_bangladesh_national_influenza_centre_(nic)
A/Bangladesh/13005/2015	centers_for_disease_control_and_prevention	institute_of_epidemiology_disease_control_and_research_(iedcr)_&_bangladesh_national_influenza_centre_(nic)
A/Bangladesh/5372/2015	centers_for_disease_control_and_prevention	institute_of_epidemiology_disease_control_and_research_(iedcr)_&_bangladesh_national_influenza_centre_(nic)
A/Bangladesh/1735/2015-egg	centers_for_disease_control_and_prevention	institute_of_epidemiology_disease_control_and_research_(iedcr)_&_bangladesh_national_influenza_centre_(nic)
A/Bangladesh/1735/2015	centers_for_disease_control_and_prevention	institute_of_epidemiology_disease_control_and_research_(iedcr)_&_bangladesh_national_influenza_centre_(nic)
A/SouthAfrica/4029/2015	centers_for_disease_control_and_prevention	national_institute_for_communicable_disease
A/Malaysia/9707/2015	who_collaborating_centre_for_reference_and_research_on_influenza	university_malaya
A/Indonesia/Nihrd-Pal082/2015	centers_for_disease_control_and_prevention	ministry_of_health,_nihrd
A/Bahrain/602/2014	centers_for_disease_control_and_prevention	ministry_of_health_bahrain
A/Bangladesh/2004/2015	centers_for_disease_control_and_prevention	institute_of_epidemiology_disease_control_and_research_(iedcr)_&_bangladesh_national_influenza_centre_(nic)
A/Congo/2266/2015	centers_for_disease_control_and_prevention	inrb_service_de_virologie
A/Congo/1970/2015	centers_for_disease_control_and_prevention	inrb_service_de_virologie
A/Congo/1966/2015	centers_for_disease_control_and_prevention	inrb_service_de_virologie
A/Congo/2135/2015	centers_for_disease_control_and_prevention	inrb_service_de_virologie
A/Indiana/8/2015	centers_for_disease_control_and_prevention	indiana_state_department_of_health_laboratories
A/Bangladesh/3005/2015-egg	centers_for_disease_control_and_prevention	institute_of_epidemiology_disease_control_and_research_(iedcr)_&_bangladesh_national_influenza_centre_(nic)
A/Indiana/8/2015-egg	centers_for_disease_control_and_prevention	indiana_state_department_of_health_laboratories
A/Ethiopia/1795/2016	centers_for_disease_control_and_prevention	ethiopian_public_health_institute,_national_influenza_laboratory
A/Kenya/104/2016	centers_for_disease_control_and_prevention	cdc_kenya
A/Kenya/107/2016	centers_for_disease_control_and_prevention	cdc_kenya
A/Taiwan/1036/2015	centers_for_disease_control_and_prevention	adimmune_corporation
A/Bangladesh/4001/2015	centers_for_disease_control_and_prevention	institute_of_epidemiology_disease_control_and_research_(iedcr)_&_bangladesh_national_influenza_centre_(nic)
A/India/3498/2015	centers_for_disease_control_and_prevention	national_institute_of_virology
A/Nepal/369/2016	centers_for_disease_control_and_prevention	national_public_health_laboratory
A/Nepal/3399/2015	centers_for_disease_control_and_prevention	national_public_health_laboratory
A/Nepal/3378/2015	centers_for_disease_control_and_prevention	national_public_health_laboratory
A/Nepal/363/2016	centers_for_disease_control_and_prevention	national_public_health_laboratory
A/Nepal/202/2016	centers_for_disease_control_and_prevention	national_public_health_laboratory
A/Nepal/3392/2015	centers_for_disease_control_and_prevention	national_public_health_laboratory
A/India/3725/2016	centers_for_disease_control_and_prevention	national_institute_of_virology
A/India/1761/2016	centers_for_disease_control_and_prevention	national_institute_of_virology
A/Nepal/249/2016	centers_for_disease_control_and_prevention	national_public_health_laboratory
A/Nepal/430/2016	centers_for_disease_control_and_prevention	national_public_health_laboratory
A/Nepal/37/2016	centers_for_disease_control_and_prevention	national_public_health_laboratory
A/Nepal/142/2016	centers_for_disease_control_and_prevention	national_public_health_laboratory
A/Tasmania/1/2016	who_collaborating_centre_for_reference_and_research_on_influenza	royal_hobart_hospital
A/Nepal/248/2016	centers_for_disease_control_and_prevention	national_public_health_laboratory
A/Nepal/432/2016	centers_for_disease_control_and_prevention	national_public_health_laboratory
A/Indonesia/Nihrdi-Diy152/2015	centers_for_disease_control_and_prevention	ministry_of_health,_nihrd
A/Yokohama/99/2015	national_institute_of_infectious_diseases_(niid)	yokohama_city_institute_of_public_health.
A/Brazil/1/2016	centers_for_disease_control_and_prevention	oswaldo_cruz_institute___fiocruz___laboratory_of_respiratory_viruses_and_measles_(lvrs)
A/Brazil/504/2015	centers_for_disease_control_and_prevention	oswaldo_cruz_institute___fiocruz___laboratory_of_respiratory_viruses_and_measles_(lvrs)
A/California/90/2015-egg	centers_for_disease_control_and_prevention	california_department_of_health_services
A/California/90/2015	centers_for_disease_control_and_prevention	california_department_of_health_services
A/Bangladesh/8614/2015	centers_for_disease_control_and_prevention	institute_of_epidemiology_disease_control_and_research_(iedcr)_&_bangladesh_national_influenza_centre_(nic)
A/Bangladesh/8614/2015-egg	centers_for_disease_control_and_prevention	institute_of_epidemiology_disease_control_and_research_(iedcr)_&_bangladesh_national_influenza_centre_(nic)
A/Bangladesh/1003/2015	centers_for_disease_control_and_prevention	institute_of_epidemiology_disease_control_and_research_(iedcr)_&_bangladesh_national_influenza_centre_(nic)
A/Bangladesh/6363/2015	centers_for_disease_control_and_prevention	institute_of_epidemiology_disease_control_and_research_(iedcr)_&_bangladesh_national_influenza_centre_(nic)
A/Bangladesh/6867/2015-egg	centers_for_disease_control_and_prevention	institute_of_epidemiology_disease_control_and_research_(iedcr)_&_bangladesh_national_influenza_centre_(nic)
A/Bangladesh/6867/2015	centers_for_disease_control_and_prevention	institute_of_epidemiology_disease_control_and_research_(iedcr)_&_bangladesh_national_influenza_centre_(nic)
A/Arizona/26/2015	centers_for_disease_control_and_prevention	arizona_department_of_health_services
A/Pennsylvania/41/2015-egg	centers_for_disease_control_and_prevention	pennsylvania_department_of_health
A/Pennsylvania/41/2015	centers_for_disease_control_and_prevention	pennsylvania_department_of_health
A/Virginia/297/2015	centers_for_disease_control_and_prevention	university_of_virginia,_medical_labs/microbiology
A/Arkansas/10/2015-egg	centers_for_disease_control_and_prevention	arkansas_children's_hospital
A/Virginia/297/2015-egg	centers_for_disease_control_and_prevention	university_of_virginia,_medical_labs/microbiology
A/Arkansas/10/2015	centers_for_disease_control_and_prevention	arkansas_children's_hospital
A/Tanzania/2085/2015	centers_for_disease_control_and_prevention	national_influenza_lab
A/Tanzania/3871/2015	centers_for_disease_control_and_prevention	national_influenza_lab
A/Tanzania/3884/2015	centers_for_disease_control_and_prevention	national_influenza_lab
A/Tanzania/3899/2015	centers_for_disease_control_and_prevention	national_influenza_lab
A/Tanzania/3920/2015	centers_for_disease_control_and_prevention	national_influenza_lab
A/Tanzania/2226/2016	centers_for_disease_control_and_prevention	national_influenza_lab
A/Tanzania/671/2015	centers_for_disease_control_and_prevention	national_influenza_lab
A/Tanzania/4771/2017	centers_for_disease_control_and_prevention	national_influenza_lab
A/Tanzania/4385/2017	centers_for_disease_control_and_prevention	national_influenza_lab
A/Tanzania/4757/2017	centers_for_disease_control_and_prevention	national_influenza_lab
A/Tanzania/4789/2017	centers_for_disease_control_and_prevention	national_influenza_lab
A/Tanzania/2730/2017	centers_for_disease_control_and_prevention	national_influenza_lab
A/Tanzania/2425/2017	centers_for_disease_control_and_prevention	national_influenza_lab
A/Tanzania/2426/2017	centers_for_disease_control_and_prevention	national_influenza_lab
A/India/P1510350/2015	national_institute_of_infectious_diseases_(niid)	national_institute_of_virology
A/Zambia/3/2015	centers_for_disease_control_and_prevention	university_teaching_hospital
A/Rwanda/446/2016	centers_for_disease_control_and_prevention	rwanda_biomedical_center,_national_reference_laboratory
A/Rwanda/395/2016-egg	centers_for_disease_control_and_prevention	rwanda_biomedical_center,_national_reference_laboratory
A/Rwanda/395/2016	centers_for_disease_control_and_prevention	rwanda_biomedical_center,_national_reference_laboratory
A/Rwanda/483/2016	centers_for_disease_control_and_prevention	rwanda_biomedical_center,_national_reference_laboratory
A/Indonesia/Nihrd-Bpp131/2015	centers_for_disease_control_and_prevention	ministry_of_health,_nihrd
A/Delaware/39/2015	centers_for_disease_control_and_prevention	delaware_public_health_lab
A/Bangladesh/3313/2015	centers_for_disease_control_and_prevention	institute_of_epidemiology_disease_control_and_research_(iedcr)_&_bangladesh_national_influenza_centre_(nic)
A/Bangladesh/2/2015	centers_for_disease_control_and_prevention	institute_of_epidemiology_disease_control_and_research_(iedcr)_&_bangladesh_national_influenza_centre_(nic)
A/Pakistan/336/2015	centers_for_disease_control_and_prevention	national_institute_of_health
A/HongKong/11699/2015	centers_for_disease_control_and_prevention	government_virus_unit
A/India/1399/2015	centers_for_disease_control_and_prevention	national_institute_of_virology
A/Afghanistan/473/2016	centers_for_disease_control_and_prevention	national_public_health_laboratory
A/SouthAfrica/4291/2015	centers_for_disease_control_and_prevention	national_institute_for_communicable_disease
A/HongKong/11699/2015-egg	centers_for_disease_control_and_prevention	government_virus_unit
A/Brisbane/35/2015	centers_for_disease_control_and_prevention	who_collaborating_centre_for_reference_and_research_on_influenza
A/India/8900/2015	centers_for_disease_control_and_prevention	national_institute_of_virology
A/Kazakhstan/1157/2015	centers_for_disease_control_and_prevention	csee
A/Bangladesh/7900/2015	centers_for_disease_control_and_prevention	institute_of_epidemiology_disease_control_and_research_(iedcr)_&_bangladesh_national_influenza_centre_(nic)
A/Bangladesh/5002/2015	centers_for_disease_control_and_prevention	institute_of_epidemiology_disease_control_and_research_(iedcr)_&_bangladesh_national_influenza_centre_(nic)
A/Bangladesh/5002/2015-egg	centers_for_disease_control_and_prevention	institute_of_epidemiology_disease_control_and_research_(iedcr)_&_bangladesh_national_influenza_centre_(nic)
A/Bangladesh/2011/2015	centers_for_disease_control_and_prevention	institute_of_epidemiology_disease_control_and_research_(iedcr)_&_bangladesh_national_influenza_centre_(nic)
A/Bangladesh/9008/2015	centers_for_disease_control_and_prevention	institute_of_epidemiology_disease_control_and_research_(iedcr)_&_bangladesh_national_influenza_centre_(nic)
A/Bangladesh/861/2015	centers_for_disease_control_and_prevention	institute_of_epidemiology_disease_control_and_research_(iedcr)_&_bangladesh_national_influenza_centre_(nic)
A/Bangladesh/3003/2015	centers_for_disease_control_and_prevention	institute_of_epidemiology_disease_control_and_research_(iedcr)_&_bangladesh_national_influenza_centre_(nic)
A/Bangladesh/20007/2015-egg	centers_for_disease_control_and_prevention	institute_of_epidemiology_disease_control_and_research_(iedcr)_&_bangladesh_national_influenza_centre_(nic)
A/Bangladesh/20007/2015	centers_for_disease_control_and_prevention	institute_of_epidemiology_disease_control_and_research_(iedcr)_&_bangladesh_national_influenza_centre_(nic)
A/Bangladesh/3003/2015-egg	centers_for_disease_control_and_prevention	institute_of_epidemiology_disease_control_and_research_(iedcr)_&_bangladesh_national_influenza_centre_(nic)
A/Bangladesh/4006/2015-egg	centers_for_disease_control_and_prevention	institute_of_epidemiology_disease_control_and_research_(iedcr)_&_bangladesh_national_influenza_centre_(nic)
A/Bangladesh/861/2015-egg	centers_for_disease_control_and_prevention	institute_of_epidemiology_disease_control_and_research_(iedcr)_&_bangladesh_national_influenza_centre_(nic)
A/Bangladesh/4006/2015	centers_for_disease_control_and_prevention	institute_of_epidemiology_disease_control_and_research_(iedcr)_&_bangladesh_national_influenza_centre_(nic)
A/Bangladesh/3005/2015	centers_for_disease_control_and_prevention	institute_of_epidemiology_disease_control_and_research_(iedcr)_&_bangladesh_national_influenza_centre_(nic)
A/Bangladesh/1110/2015	centers_for_disease_control_and_prevention	institute_of_epidemiology_disease_control_and_research_(iedcr)_&_bangladesh_national_influenza_centre_(nic)
A/Bangladesh/9511/2015	centers_for_disease_control_and_prevention	institute_of_epidemiology_disease_control_and_research_(iedcr)_&_bangladesh_national_influenza_centre_(nic)
A/Bangladesh/9511/2015-egg	centers_for_disease_control_and_prevention	institute_of_epidemiology_disease_control_and_research_(iedcr)_&_bangladesh_national_influenza_centre_(nic)
A/Bangladesh/3002/2015-egg	centers_for_disease_control_and_prevention	centers_for_disease_control_and_prevention
A/Bangladesh/3002/2015	centers_for_disease_control_and_prevention	centers_for_disease_control_and_prevention
A/Bangladesh/15007/2015-egg	centers_for_disease_control_and_prevention	institute_of_epidemiology_disease_control_and_research_(iedcr)_&_bangladesh_national_influenza_centre_(nic)
A/Bangladesh/15007/2015	centers_for_disease_control_and_prevention	institute_of_epidemiology_disease_control_and_research_(iedcr)_&_bangladesh_national_influenza_centre_(nic)
A/Bangladesh/3006/2015-egg	centers_for_disease_control_and_prevention	institute_of_epidemiology_disease_control_and_research_(iedcr)_&_bangladesh_national_influenza_centre_(nic)
A/Bangladesh/3006/2015	centers_for_disease_control_and_prevention	institute_of_epidemiology_disease_control_and_research_(iedcr)_&_bangladesh_national_influenza_centre_(nic)
A/Fukushima/74/2015	centers_for_disease_control_and_prevention	national_institute_of_infectious_diseases_(niid)
A/NewYork/61/2015-egg	centers_for_disease_control_and_prevention	new_york_state_department_of_health
A/NewYork/61/2015	centers_for_disease_control_and_prevention	new_york_state_department_of_health
A/Brisbane/181/2015	who_collaborating_centre_for_reference_and_research_on_influenza	queensland_health_scientific_services
A/Michigan/45/2015	centers_for_disease_control_and_prevention	michigan_department_of_community_health
A/England/53640770/2015	microbiology_services_colindale,_public_health_england	microbiology_services_colindale,_public_health_england
A/Michigan/45/2015-egg	centers_for_disease_control_and_prevention	michigan_department_of_community_health
A/Afghanistan/82/2015	centers_for_disease_control_and_prevention	national_institute_of_health
A/Afghanistan/435/2016	centers_for_disease_control_and_prevention	national_public_health_laboratory
A/Paris/1527/2016	institut_pasteur	
A/Taiwan/1/2016	national_institute_of_infectious_diseases_(niid)	center_for_disease_control
A/Pakistan/447/2015	centers_for_disease_control_and_prevention	national_institute_of_health
A/Nonthaburi/393/2015	centers_for_disease_control_and_prevention	who_national_influenza_centre,_national_institute_of_medical_research_(nimr)
A/India/3175/2015	centers_for_disease_control_and_prevention	national_institute_of_virology
A/Ternopil/751/2016	centers_for_disease_control_and_prevention	institute_of_epidemiology_and_infectious_diseases_ams_of_ukraine
A/Ecuador/33/2017	centers_for_disease_control_and_prevention	inspi
A/Kazakhstan/241/2016	centers_for_disease_control_and_prevention	csee
A/England/61240082/2016	microbiology_services_colindale,_public_health_england	microbiology_services_colindale,_public_health_england
A/Brisbane/124/2016	who_collaborating_centre_for_reference_and_research_on_influenza	queensland_health_forensic_and_scientific_services_
A/Gunma/90/2016	national_institute_of_infectious_diseases_(niid)	gunma_prefectural_institute_of_public_health_and_environmental_sciences
A/NorthCarolina/17/2017	centers_for_disease_control_and_prevention	north_carolina_state_laboratory_of_public_health
A/Paris/132/2017	institut_pasteur	
A/CostaRica/7886/2015	centers_for_disease_control_and_prevention	laboratorio_nacional_de_influenza
A/HongKong/1682/2016	centers_for_disease_control_and_prevention	government_virus_unit
A/HongKong/1717/2016	centers_for_disease_control_and_prevention	government_virus_unit
A/Moscow/113-L/2016-egg	centers_for_disease_control_and_prevention	ivanovsky_research_institute_of_virology_rams
A/Indonesia/Nihrd-Plb492/2017	centers_for_disease_control_and_prevention	ministry_of_health,_nihrd
A/England/190/2016	microbiology_services_colindale,_public_health_england	microbiology_services_colindale,_public_health_england
A/India/1674/2016	centers_for_disease_control_and_prevention	national_institute_of_virology
A/Minnesota/45/2015-egg	centers_for_disease_control_and_prevention	minnesota_department_of_health
A/Minnesota/45/2015	centers_for_disease_control_and_prevention	minnesota_department_of_health
A/Paris/2295/2016	institut_pasteur	institut_pasteur
A/StPetersburg/RII48/2016	who_national_influenza_centre_russian_federation	
A/StPetersburg/RII48/2016-egg	who_national_influenza_centre_russian_federation	
A/StPetersburg/RII812S/2016	who_national_influenza_centre_russian_federation	who_national_influenza_centre_russian_federation
A/Kaliningrad/RII53/2016-egg	who_national_influenza_centre_russian_federation	
A/Oman/4783/2016	centers_for_disease_control_and_prevention	central_public_health_laboratory,_ministry_of_health
A/Tennessee/23/2015-egg	centers_for_disease_control_and_prevention	tennessee_department_of_health_laboratory_nashville
A/Tennessee/23/2015	centers_for_disease_control_and_prevention	tennessee_department_of_health_laboratory_nashville
A/Virginia/31/2016	centers_for_disease_control_and_prevention	new_york_state_department_of_health
A/Kazakhstan/281/2016	centers_for_disease_control_and_prevention	csee
A/Shimane/40/2016	national_institute_of_infectious_diseases_(niid)	shimane_prefectural_institute_of_public_health_and_environmental_science
A/StPetersburg/RII65/2016-egg	who_national_influenza_centre_russian_federation	
A/StPetersburg/65/2016-egg	centers_for_disease_control_and_prevention	russian_academy_of_medical_sciences
A/Vietnam/6040/2016	centers_for_disease_control_and_prevention	national_institute_of_hygiene_and_epidemiology
A/Vietnam/6020/2016	centers_for_disease_control_and_prevention	national_institute_of_hygiene_and_epidemiology
A/Ningbo/43/2021	ningbo_international_travel_healthcare_center	ningbo_international_travel_healthcare_center
A/Ningbo/14/2021	ningbo_international_travel_healthcare_center	ningbo_international_travel_healthcare_center
A/Victoria/2500/2016	who_collaborating_centre_for_reference_and_research_on_influenza	royal_melbourne_hospital
A/NewZealand/967/2016	centers_for_disease_control_and_prevention	institute_of_environmental_science_&_research
A/Paris/1191/2016	institut_pasteur	
A/Georgia/50/2016	centers_for_disease_control_and_prevention	georgia_public_health_laboratory
A/Georgia/50/2016-egg	centers_for_disease_control_and_prevention	georgia_public_health_laboratory
A/Kazakhstan/661/2016	centers_for_disease_control_and_prevention	csee
A/NorthDakota/21/2016	other_database_import	north_dakota_department_of_health
A/Nara/25/2016	national_institute_of_infectious_diseases_(niid)	nara_prefectural_institute_for_hygiene_and_environment
A/Alaska/263/2015	centers_for_disease_control_and_prevention	alaska_state_virology_lab
A/Belize/2650/2016	centers_for_disease_control_and_prevention	caribbean_epidemiology_center
A/NewYork/75/2016	centers_for_disease_control_and_prevention	new_york_state_department_of_health
A/India/7512/2016	centers_for_disease_control_and_prevention	national_institute_of_virology
A/Washington/71/2015	centers_for_disease_control_and_prevention	washington_state_public_health_laboratory
A/HongKong/1721/2016	centers_for_disease_control_and_prevention	government_virus_unit
A/California/105/2015	centers_for_disease_control_and_prevention	california_department_of_health_services
A/Colombia/3732/2017	centers_for_disease_control_and_prevention	instituto_nacional_de_salud_de_columbia
A/Colombia/4790/2017	centers_for_disease_control_and_prevention	instituto_nacional_de_salud_de_columbia
A/Tokyo/15828/2016	national_institute_of_infectious_diseases_(niid)	tokyo_metropolitan_institute_of_public_health
A/Victoria/501/2016-egg	centers_for_disease_control_and_prevention	monash_medical_centre
A/Victoria/501/2016	centers_for_disease_control_and_prevention	monash_medical_centre
A/England/334/2016	microbiology_services_colindale,_public_health_england	microbiology_services_colindale,_public_health_england
A/HongKong/96/2016	centers_for_disease_control_and_prevention	government_virus_unit
A/Yokohama/96/2015	national_institute_of_infectious_diseases_(niid)	yokohama_city_institute_of_public_health.
A/Yokohama/94/2015-egg	centers_for_disease_control_and_prevention	yokohama_city_institute_of_public_health.
A/Yokohama/94/2015	centers_for_disease_control_and_prevention	yokohama_city_institute_of_public_health.
A/Yokohama/95/2015	national_institute_of_infectious_diseases_(niid)	yokohama_city_institute_of_public_health.
A/Ethiopia/4/2016	centers_for_disease_control_and_prevention	ethiopian_public_health_institute,_national_influenza_laboratory
A/India/7506/2016	centers_for_disease_control_and_prevention	national_institute_of_virology
A/Montana/6/2016	centers_for_disease_control_and_prevention	montana_laboratory_services_bureau
A/NewZealand/1150/2016	centers_for_disease_control_and_prevention	institute_of_environmental_science_&_research
A/Hawaii/66/2016-egg	centers_for_disease_control_and_prevention	state_of_hawaii_department_of_health
A/Hawaii/66/2016	centers_for_disease_control_and_prevention	state_of_hawaii_department_of_health
A/HongKong/2369/2016	centers_for_disease_control_and_prevention	government_virus_unit
A/Bahrain/186/2015	centers_for_disease_control_and_prevention	ministry_of_health_bahrain
A/Illinois/16/2015	centers_for_disease_control_and_prevention	illinois_department_of_public_health_chicago
A/Illinois/16/2015-egg	centers_for_disease_control_and_prevention	illinois_department_of_public_health_chicago
A/Wisconsin/90/2015	centers_for_disease_control_and_prevention	wisconsin_state_laboratory_of_hygiene
A/Washington/15/2016	centers_for_disease_control_and_prevention	washington_state_public_health_laboratory
A/NorthDakota/4/2016	centers_for_disease_control_and_prevention	north_dakota_department_of_health
A/Pennsylvania/55/2015	centers_for_disease_control_and_prevention	upmc_clb_dept_of_microbiology
A/HongKong/15587/2015	centers_for_disease_control_and_prevention	government_virus_unit
A/England/55060222/2015	microbiology_services_colindale,_public_health_england	microbiology_services_colindale,_public_health_england
A/Argentina/12777/2017	centers_for_disease_control_and_prevention	cemic_university_hospital
A/Vina/43225/2016	centers_for_disease_control_and_prevention	instituto_de_salud_publica_de_chile_
A/RioGrandeDoSul/17/2017	centers_for_disease_control_and_prevention	instituto_oswaldo_cruz_fiocruz___laboratory_of_respiratory_viruses_and_measles_(lvrs)
A/Hamamatu-C/8/2016	national_institute_of_infectious_diseases_(niid)	hamamatsu_city_health_environment_research_center
A/Paraguay/6570/2016	centers_for_disease_control_and_prevention	central_laboratory_of_public_health
A/Saitama-C/10/2016	centers_for_disease_control_and_prevention	saitama_city_institute_of_health__science_and_research
A/Yamagata/7/2016	national_institute_of_infectious_diseases_(niid)	yamagata_prefectural_institute_of_public_health
A/Mie/1/2016	national_institute_of_infectious_diseases_(niid)	mie_prefecture_health_and_environment_research_institute
A/Nepal/3459/2015	centers_for_disease_control_and_prevention	national_public_health_laboratory
A/Bahrain/1003/2015	centers_for_disease_control_and_prevention	ministry_of_health_bahrain
A/Kazakhstan/55/2015	centers_for_disease_control_and_prevention	csee
A/California/115/2015	centers_for_disease_control_and_prevention	california_department_of_health_services
A/Montana/41/2015	centers_for_disease_control_and_prevention	montana_laboratory_services_bureau
A/Arizona/7/2016	centers_for_disease_control_and_prevention	arizona_department_of_health_services
A/Brazil/1850/2016	centers_for_disease_control_and_prevention	instituto_adolfo_lutz
A/Kyrgyzstan/65/2015	centers_for_disease_control_and_prevention	national_virology_laboratory,_center_microbiological_investigations
A/Mali/109/2016	centers_for_disease_control_and_prevention	nic_lab_cvd_mali
A/England/170/2016	microbiology_services_colindale,_public_health_england	microbiology_services_colindale,_public_health_england
A/Singapore/GP1908/2015-egg	centers_for_disease_control_and_prevention	ministry_of_health,_singapore
A/Singapore/GP1908/2015	centers_for_disease_control_and_prevention	ministry_of_health,_singapore
A/Stockholm/71/2015	swedish_institute_for_infectious_disease_control	swedish_institute_for_infectious_disease_control
A/Sweden/39/2015	swedish_institute_for_infectious_disease_control	
A/California/102/2015-egg	centers_for_disease_control_and_prevention	california_department_of_health_services
A/California/102/2015	centers_for_disease_control_and_prevention	california_department_of_health_services
A/Sweden/7/2016	swedish_institute_for_infectious_disease_control	
A/Sweden/43/2015	swedish_institute_for_infectious_disease_control	
A/Sweden/35/2015	swedish_institute_for_infectious_disease_control	
A/Stockholm/74/2015	swedish_institute_for_infectious_disease_control	swedish_institute_for_infectious_disease_control
A/Stockholm/17/2016	swedish_institute_for_infectious_disease_control	swedish_institute_for_infectious_disease_control
A/Sydney/1047/2016	who_collaborating_centre_for_reference_and_research_on_influenza	institute_of_medical_and_veterinary_science_(imvs)
A/Tasmania/32/2016	who_collaborating_centre_for_reference_and_research_on_influenza	royal_hobart_hospital
A/Cambodia/AD06923/2016	who_collaborating_centre_for_reference_and_research_on_influenza	institute_pasteur_du_cambodia
A/Fiji/63/2016	who_collaborating_centre_for_reference_and_research_on_influenza	national_centre_for_scientific_services_for_virology__and_vector_borne_diseases
A/Fiji/3/2016	who_collaborating_centre_for_reference_and_research_on_influenza	national_centre_for_scientific_services_for_virology__and_vector_borne_diseases
A/NewCaledonia/14/2016	who_collaborating_centre_for_reference_and_research_on_influenza	institut_pasteur_new_caledonia
A/SriLanka/10/2016	who_collaborating_centre_for_reference_and_research_on_influenza	medical_research_institute
A/Cambodia/FSS33094/2016	who_collaborating_centre_for_reference_and_research_on_influenza	institute_pasteur_du_cambodia
A/Cambodia/A0621553/2016	who_collaborating_centre_for_reference_and_research_on_influenza	institute_pasteur_du_cambodia
A/Cambodia/A0701503/2016	who_collaborating_centre_for_reference_and_research_on_influenza	institute_pasteur_du_cambodia
A/Cambodia/FSS32978/2016	who_collaborating_centre_for_reference_and_research_on_influenza	institute_pasteur_du_cambodia
A/Paris/647/2016	institut_pasteur	
A/RhodeIsland/8/2017-egg	centers_for_disease_control_and_prevention	rhode_island_department_of_health
A/RhodeIsland/8/2017	centers_for_disease_control_and_prevention	rhode_island_department_of_health
A/Philippines/937/2017	centers_for_disease_control_and_prevention	center_for_medical_microbiology
A/Ecuador/222/2017	centers_for_disease_control_and_prevention	inspi
A/Philippines/475/2017	centers_for_disease_control_and_prevention	center_for_medical_microbiology
A/Ohio/6/2017	centers_for_disease_control_and_prevention	ohio_department_of_health_laboratories
A/Louisiana/16/2017	other_database_import	louisiana_department_of_health_and_hospitals
A/Minnesota/9/2017-egg	centers_for_disease_control_and_prevention	minnesota_department_of_health
A/Minnesota/9/2017	centers_for_disease_control_and_prevention	minnesota_department_of_health
A/Alabama/5/2017	centers_for_disease_control_and_prevention	adph_bureau_of_clinical_laboratories
A/HongKong/3649/2017	centers_for_disease_control_and_prevention	government_virus_unit
A/Kazakhstan/97/2015	centers_for_disease_control_and_prevention	csee
A/Taiwan/780/2016	centers_for_disease_control_and_prevention	adimmune_corporation
A/Nepal/417/2016	centers_for_disease_control_and_prevention	national_public_health_laboratory
A/Uruguay/251/2016-egg	centers_for_disease_control_and_prevention	departamento_de_laboratorio_de_salud_publica
A/Uruguay/251/2016	centers_for_disease_control_and_prevention	departamento_de_laboratorio_de_salud_publica
A/Delaware/45/2015	centers_for_disease_control_and_prevention	delaware_public_health_lab
A/Uruguay/255/2016	centers_for_disease_control_and_prevention	departamento_de_laboratorio_de_salud_publica
A/Argentina/294/2016	centers_for_disease_control_and_prevention	instituto_nacional_de_enfermedades_infecciosas
A/Ibaraki/54/2016	national_institute_of_infectious_diseases_(niid)	ibaraki_prefectural_institute_of_public_health
A/Uruguay/80/2016	centers_for_disease_control_and_prevention	departamento_de_laboratorio_de_salud_publica
A/England/421/2015	microbiology_services_colindale,_public_health_england	microbiology_services_colindale,_public_health_england
A/Sweden/42/2015	swedish_institute_for_infectious_disease_control	
A/Singapore/INFGP-16-0107/2016	ministry_of_health,_singapore	ministry_of_health,_singapore
A/Singapore/INFTT-16-0013/2016	ministry_of_health,_singapore	ministry_of_health,_singapore
A/Singapore/INFGP-16-0226/2016	ministry_of_health,_singapore	ministry_of_health,_singapore
A/Singapore/INFMOH-16-0063/2016	ministry_of_health,_singapore	ministry_of_health,_singapore
A/Singapore/KK1097/2016	ministry_of_health,_singapore	ministry_of_health,_singapore
A/Minnesota/40/2016	centers_for_disease_control_and_prevention	minnesota_department_of_health
A/Wisconsin/54/2016	centers_for_disease_control_and_prevention	wisconsin_state_laboratory_of_hygiene
A/England/688/2016	microbiology_services_colindale,_public_health_england	microbiology_services_colindale,_public_health_england
A/England/397/2015	microbiology_services_colindale,_public_health_england	microbiology_services_colindale,_public_health_england
A/England/331/2016	microbiology_services_colindale,_public_health_england	microbiology_services_colindale,_public_health_england
A/Malaysia/RP1249/2017	who_collaborating_centre_for_reference_and_research_on_influenza	institut_penyelidikan_perubatan
A/Singapore/GP2395/2016	ministry_of_health,_singapore	ministry_of_health,_singapore
A/Taiwan/963/2016	national_institute_of_infectious_diseases_(niid)	center_for_disease_control
A/Aichi/159/2016	national_institute_of_infectious_diseases_(niid)	aichi_prefectural_institute_of_public_health
A/Taiwan/964/2016	national_institute_of_infectious_diseases_(niid)	center_for_disease_control
A/StPetersburg/349/2015	centers_for_disease_control_and_prevention	who_national_influenza_centre_russian_federation
A/NorthernIreland/60160395/2015	microbiology_services_colindale,_public_health_england	microbiology_services_colindale,_public_health_england
A/England/532/2016	microbiology_services_colindale,_public_health_england	microbiology_services_colindale,_public_health_england
A/Santiago/18962/2016-egg	centers_for_disease_control_and_prevention	instituto_de_salud_publica_de_chile_
A/Santiago/18962/2016	centers_for_disease_control_and_prevention	instituto_de_salud_publica_de_chile_
A/HongKong/15587/2015-egg	centers_for_disease_control_and_prevention	government_virus_unit
A/Sendai/73/2016	national_institute_of_infectious_diseases_(niid)	sendai_city_institute_of_public_health
A/California/105/2015-egg	centers_for_disease_control_and_prevention	california_department_of_health_services
A/Nepal/41/2016	centers_for_disease_control_and_prevention	national_public_health_laboratory
A/HongKong/93/2016	centers_for_disease_control_and_prevention	government_virus_unit
A/HongKong/95/2016	centers_for_disease_control_and_prevention	government_virus_unit
A/NewZealand/842/2016	centers_for_disease_control_and_prevention	institute_of_environmental_science_&_research
A/Massachusetts/46/2016	centers_for_disease_control_and_prevention	massachusetts_department_of_public_health
A/NorthCarolina/10/2017	centers_for_disease_control_and_prevention	north_carolina_state_laboratory_of_public_health
A/NorthCarolina/10/2017-egg	centers_for_disease_control_and_prevention	north_carolina_state_laboratory_of_public_health
A/Lao/4191/2016	centers_for_disease_control_and_prevention	national_center_for_laboratory_and_epidemiology
A/Lao/4026/2016	centers_for_disease_control_and_prevention	national_center_for_laboratory_and_epidemiology
A/Lao/4319/2016	centers_for_disease_control_and_prevention	national_center_for_laboratory_and_epidemiology
A/Lao/3711/2016	centers_for_disease_control_and_prevention	national_center_for_laboratory_and_epidemiology
A/Lao/3378/2016	centers_for_disease_control_and_prevention	national_center_for_laboratory_and_epidemiology
A/Lao/2979/2016	centers_for_disease_control_and_prevention	national_center_for_laboratory_and_epidemiology
A/Toyama/90/2016	national_institute_of_infectious_diseases_(niid)	toyama_institute_of_health
A/HongKong/2318/2016	centers_for_disease_control_and_prevention	government_virus_unit
A/Lao/F0326/2017	national_institute_of_infectious_diseases_(niid)	national_center_for_laboratory_and_epidemiology
A/Aichi/131/2016	national_institute_of_infectious_diseases_(niid)	aichi_prefectural_institute_of_public_health
A/India/2376/2017	centers_for_disease_control_and_prevention	national_institute_of_virology
A/PrachuapKhiriKhan/334/2016	centers_for_disease_control_and_prevention	who_national_influenza_centre,_national_institute_of_medical_research_(nimr)
A/HongKong/223/2017	centers_for_disease_control_and_prevention	government_virus_unit
A/HongKong/3648/2017	centers_for_disease_control_and_prevention	government_virus_unit
A/NewZealand/971/2017	centers_for_disease_control_and_prevention	institute_of_environmental_science_&_research
A/NewZealand/480/2017	centers_for_disease_control_and_prevention	institute_of_environmental_science_&_research
A/Chungbuk/1613/2015	centers_for_disease_control_and_prevention	national_institute_of_health
A/England/691/2016	microbiology_services_colindale,_public_health_england	microbiology_services_colindale,_public_health_england
A/Ohio/38/2017	other_database_import	ohio_department_of_health_laboratories
A/Sapporo/94/2016	centers_for_disease_control_and_prevention	sapporo_city_institute_of_public_health
A/India/1819/2016	centers_for_disease_control_and_prevention	national_institute_of_virology
A/England/49/2016	microbiology_services_colindale,_public_health_england	microbiology_services_colindale,_public_health_england
A/Mali/95/2016	centers_for_disease_control_and_prevention	nic_lab_cvd_mali
A/England/50/2016	microbiology_services_colindale,_public_health_england	microbiology_services_colindale,_public_health_england
A/ChampagneArdenne/2562/2015	institut_pasteur	
A/Hawaii/57/2016-egg	centers_for_disease_control_and_prevention	state_of_hawaii_department_of_health
A/Hawaii/57/2016	centers_for_disease_control_and_prevention	state_of_hawaii_department_of_health
A/HongKong/80/2017	centers_for_disease_control_and_prevention	government_virus_unit
A/Sapporo/110/2016	national_institute_of_infectious_diseases_(niid)	sapporo_city_institute_of_public_health
A/Yunnan-Simao/1989/2016	centers_for_disease_control_and_prevention	who_chinese_national_influenza_center
A/Yunnan-Wuhua/1938/2016	centers_for_disease_control_and_prevention	who_chinese_national_influenza_center
A/Yunnan-Wuhua/1938/2016-egg	centers_for_disease_control_and_prevention	who_chinese_national_influenza_center
A/Yunnan-Wuhua/SWL1938/2016-egg	who_chinese_national_influenza_center	who_chinese_national_influenza_center
A/Yunnan-Wuhua/SWL1938/2016	who_chinese_national_influenza_center	who_chinese_national_influenza_center
A/Arkhangelsk/RII137/2016	who_national_influenza_centre_russian_federation	
A/Guangdong-Luohu/1294/2016-egg	centers_for_disease_control_and_prevention	who_chinese_national_influenza_center
A/HongKong/1719/2016	centers_for_disease_control_and_prevention	government_virus_unit
A/Singapore/TT0087/2017	ministry_of_health,_singapore	ministry_of_health,_singapore
A/HongKong/1722/2016	centers_for_disease_control_and_prevention	government_virus_unit
A/Lao/F2126/2016	national_institute_of_infectious_diseases_(niid)	ministry_of_health_laos
A/Lao/2013/2016	centers_for_disease_control_and_prevention	national_center_for_laboratory_and_epidemiology
A/Moscow/247/2015	centers_for_disease_control_and_prevention	russian_academy_of_medical_sciences
A/StPetersburg/RII08/2016	who_national_influenza_centre_russian_federation	who_national_influenza_centre_russian_federation
A/Moscow/177/2015	who_national_influenza_centre_russian_federation	d.i._ivanovsky_research_institute_of_virology_moph_of__rf,moscow
A/Moscow/169/2015	who_national_influenza_centre_russian_federation	ivanovsky_research_institute_of_virology_rams
A/Moscow/160/2015	who_national_influenza_centre_russian_federation	ivanovsky_research_institute_of_virology_rams
A/Kaliningrad/RII967/2016-egg	who_national_influenza_centre_russian_federation	
A/Vietnam/Lisn154/2017	centers_for_disease_control_and_prevention	pasteur_institute,_influenza_laboratory
A/Lao/F0361/2018	national_institute_of_infectious_diseases_(niid)	national_center_for_laboratory_and_epidemiology
A/Cambodia/878/2017	centers_for_disease_control_and_prevention	national_public_health_laboratory
A/Taiwan/398/2017	national_institute_of_infectious_diseases_(niid)	center_for_disease_control
A/Vietnam/GHS969/2017	centers_for_disease_control_and_prevention	pasteur_institute,_influenza_laboratory
A/Lao/F0570/2018	national_institute_of_infectious_diseases_(niid)	national_center_for_laboratory_and_epidemiology
A/StPetersburg/200/2016	centers_for_disease_control_and_prevention	russian_academy_of_medical_sciences
A/StPetersburg/RII07/2016	who_national_influenza_centre_russian_federation	who_national_influenza_centre_russian_federation
A/StPetersburg/RII1532M/2016	who_national_influenza_centre_russian_federation	
A/StPetersburg/148/2016	centers_for_disease_control_and_prevention	russian_academy_of_medical_sciences
A/StPetersburg/RII58/2016	who_national_influenza_centre_russian_federation	
A/StPetersburg/RII4005S/2016	who_national_influenza_centre_russian_federation	
A/StPetersburg/51/2016-egg	centers_for_disease_control_and_prevention	russian_academy_of_medical_sciences
A/StPetersburg/RII51/2016-egg	who_national_influenza_centre_russian_federation	
A/StPetersburg/RII08/2016-egg	who_national_influenza_centre_russian_federation	who_national_influenza_centre_russian_federation
A/StPetersburg/RII51/2016	who_national_influenza_centre_russian_federation	
A/StPetersburg/RII07/2016-egg	who_national_influenza_centre_russian_federation	who_national_influenza_centre_russian_federation
A/StPetersburg/RII59/2016-egg	who_national_influenza_centre_russian_federation	
A/StPetersburg/RII58/2016-egg	who_national_influenza_centre_russian_federation	
A/StPetersburg/155/2016	centers_for_disease_control_and_prevention	russian_academy_of_medical_sciences
A/Talca/20692/2016-egg	centers_for_disease_control_and_prevention	instituto_de_salud_publica_de_chile_
A/Talca/20692/2016	centers_for_disease_control_and_prevention	instituto_de_salud_publica_de_chile_
A/Uruguay/307/2016	centers_for_disease_control_and_prevention	departamento_de_laboratorio_de_salud_publica
A/Uruguay/307/2016-egg	centers_for_disease_control_and_prevention	departamento_de_laboratorio_de_salud_publica
A/Texas/49/2017-egg	centers_for_disease_control_and_prevention	san_antonio_metropolitan_health
A/Texas/49/2017	other_database_import	san_antonio_metropolitan_health
A/England/392/2015	microbiology_services_colindale,_public_health_england	microbiology_services_colindale,_public_health_england
A/Georgia/51/2016-egg	centers_for_disease_control_and_prevention	georgia_public_health_laboratory
A/Georgia/51/2016	centers_for_disease_control_and_prevention	georgia_public_health_laboratory
A/HongKong/2396/2016	centers_for_disease_control_and_prevention	government_virus_unit
A/Suriname/2158/2017	centers_for_disease_control_and_prevention	institute_for_biomedical_sciences
A/Khabarovsk/1701/2017	state_research_center_of_virology_and_biotechnology_(vector)	
A/Taiwan/322/2017	national_institute_of_infectious_diseases_(niid)	center_for_disease_control
A/HongKong/3646/2017	centers_for_disease_control_and_prevention	government_virus_unit
A/HongKong/3650/2017	centers_for_disease_control_and_prevention	government_virus_unit
A/Wakayama/105/2017	national_institute_of_infectious_diseases_(niid)	wakayama_prefectural_research_center_of_environment_and_public_health
A/Hyogo/1062/2017	national_institute_of_infectious_diseases_(niid)	hyogo_prefectural_institute_of_public_health_and_consumer_sciences
A/Nakhonphanom/57/2017	centers_for_disease_control_and_prevention	who_national_influenza_centre,_national_institute_of_medical_research_(nimr)
A/Lao/1335/2017	centers_for_disease_control_and_prevention	national_center_for_laboratory_and_epidemiology
A/Lao/1673/2017	centers_for_disease_control_and_prevention	national_center_for_laboratory_and_epidemiology
A/Kobe/821/2017	national_institute_of_infectious_diseases_(niid)	kobe_institute_of_health
A/Taiwan/301/2017	national_institute_of_infectious_diseases_(niid)	center_for_disease_control
A/Shanghai-Huangpu/13439/2016	centers_for_disease_control_and_prevention	who_chinese_national_influenza_center
A/Shanghai-Huangpu/13439/2016-egg	centers_for_disease_control_and_prevention	who_chinese_national_influenza_center
A/HongKong/221/2017	centers_for_disease_control_and_prevention	government_virus_unit
A/NewZealand/1898/2017	centers_for_disease_control_and_prevention	institute_of_environmental_science_&_research
A/Mali/91/2017	centers_for_disease_control_and_prevention	nic_lab_cvd_mali
A/BurkinaFaso/132/2017	centers_for_disease_control_and_prevention	irss
A/BurkinaFaso/122/2017	centers_for_disease_control_and_prevention	irss
A/BurkinaFaso/165/2017	centers_for_disease_control_and_prevention	irss
A/CoteDIvoire/1913/2017	centers_for_disease_control_and_prevention	pasteur_institut_of_côte_d'ivoire
A/Paris/1718/2017	institut_pasteur	
A/Mali/89/2017	centers_for_disease_control_and_prevention	nic_lab_cvd_mali
A/Mali/106/2017	centers_for_disease_control_and_prevention	nic_lab_cvd_mali
A/Mali/178/2017	centers_for_disease_control_and_prevention	nic_lab_cvd_mali
A/BurkinaFaso/133/2017-egg	centers_for_disease_control_and_prevention	irss
A/BurkinaFaso/133/2017	centers_for_disease_control_and_prevention	irss
A/Mali/199/2017	centers_for_disease_control_and_prevention	nic_lab_cvd_mali
A/Mali/86/2017	centers_for_disease_control_and_prevention	nic_lab_cvd_mali
A/BurkinaFaso/150/2017	centers_for_disease_control_and_prevention	irss
A/Mali/86/2017-egg	centers_for_disease_control_and_prevention	nic_lab_cvd_mali
A/Ukraine/598/2015	centers_for_disease_control_and_prevention	institute_of_epidemiology_and_infectious_diseases_ams_of_ukraine
A/Khmelnitsky/79/2016	centers_for_disease_control_and_prevention	institute_of_epidemiology_and_infectious_diseases_ams_of_ukraine
A/Kyiv/308/2016	centers_for_disease_control_and_prevention	institute_of_epidemiology_and_infectious_diseases_ams_of_ukraine
A/Dnipro/765/2016	centers_for_disease_control_and_prevention	institute_of_epidemiology_and_infectious_diseases_ams_of_ukraine
A/England/61620071/2016	microbiology_services_colindale,_public_health_england	microbiology_services_colindale,_public_health_england
A/Paraguay/3858/2016	centers_for_disease_control_and_prevention	central_laboratory_of_public_health
A/Kazakhstan/401/2016	centers_for_disease_control_and_prevention	csee
A/Cambodia/1326/2015	centers_for_disease_control_and_prevention	national_public_health_laboratory
A/StPetersburg/RII03/2016	who_national_influenza_centre_russian_federation	who_national_influenza_centre_russian_federation
A/Khmelnitsky/88/2016	centers_for_disease_control_and_prevention	institute_of_epidemiology_and_infectious_diseases_ams_of_ukraine
A/Bahrain/1435/2016	centers_for_disease_control_and_prevention	ministry_of_health_bahrain
A/England/55340398/2015	microbiology_services_colindale,_public_health_england	microbiology_services_colindale,_public_health_england
A/Panama/318483/2016	centers_for_disease_control_and_prevention	instituto_conmemorativo_gorgas_de_estudios_de_la_salud
A/Mali/110/2016	centers_for_disease_control_and_prevention	nic_lab_cvd_mali
A/Uruguay/168/2016	centers_for_disease_control_and_prevention	departamento_de_laboratorio_de_salud_publica
A/Ecuador/2775/2016	centers_for_disease_control_and_prevention	inspi
A/Brazil/306/2016	centers_for_disease_control_and_prevention	oswaldo_cruz_institute___fiocruz___laboratory_of_respiratory_viruses_and_measles_(lvrs)
A/Kazakhstan/146/2015	centers_for_disease_control_and_prevention	csee
A/Santiago/32851/2016	centers_for_disease_control_and_prevention	instituto_de_salud_publica_de_chile_
A/Michigan/26/2016	centers_for_disease_control_and_prevention	university_of_michigan_sph_epid
A/Pennsylvania/47/2015	centers_for_disease_control_and_prevention	pennsylvania_department_of_health
A/NewJersey/16/2016	centers_for_disease_control_and_prevention	new_jersey_department_of_health_&_senior_services
A/PapuaNewGuinea/36/2016	who_collaborating_centre_for_reference_and_research_on_influenza	papua_new_guinea_institute_of_medical_research
A/Kazakhstan/399/2016	centers_for_disease_control_and_prevention	csee
A/England/61120047/2016	microbiology_services_colindale,_public_health_england	microbiology_services_colindale,_public_health_england
A/England/432/2015	microbiology_services_colindale,_public_health_england	microbiology_services_colindale,_public_health_england
A/Taiwan/2/2016	national_institute_of_infectious_diseases_(niid)	center_for_disease_control
A/MarDelPlata/12214/2016	centers_for_disease_control_and_prevention	cemic_university_hospital
A/Catalonia/NSVH100359455/2016	hospital_universitari_vall_d'hebron	hospital_universitari_vall_d'hebron
A/StPetersburg/30/2016-egg	centers_for_disease_control_and_prevention	russian_academy_of_medical_sciences
A/Nepal/207/2016	centers_for_disease_control_and_prevention	national_public_health_laboratory
A/Uruguay/127/2016	centers_for_disease_control_and_prevention	departamento_de_laboratorio_de_salud_publica
A/Mali/6019/2016	centers_for_disease_control_and_prevention	nic_lab_cvd_mali
A/Kazakhstan/390/2016	centers_for_disease_control_and_prevention	csee
A/Alberta/RV0956/2016	centers_for_disease_control_and_prevention	national_microbiology_laboratory,_health_canada
A/Novosibirsk/RII70/2016	who_national_influenza_centre_russian_federation	
A/England/678/2016	microbiology_services_colindale,_public_health_england	microbiology_services_colindale,_public_health_england
A/Mali/100/2016	centers_for_disease_control_and_prevention	nic_lab_cvd_mali
A/Bretagne/2148/2016	institut_pasteur	
A/Argentina/999/2016	centers_for_disease_control_and_prevention	instituto_nacional_de_enfermedades_infecciosas
A/StPetersburg/RII03/2016-egg	who_national_influenza_centre_russian_federation	who_national_influenza_centre_russian_federation
A/Kazakhstan/72/2016	centers_for_disease_control_and_prevention	csee
A/England/60900095/2016	microbiology_services_colindale,_public_health_england	microbiology_services_colindale,_public_health_england
A/Argentina/152/2016	centers_for_disease_control_and_prevention	instituto_nacional_de_enfermedades_infecciosas
A/Alaska/263/2015-egg	centers_for_disease_control_and_prevention	alaska_state_virology_lab
A/England/431/2015	microbiology_services_colindale,_public_health_england	microbiology_services_colindale,_public_health_england
A/England/677/2016	microbiology_services_colindale,_public_health_england	microbiology_services_colindale,_public_health_england
A/India/4183/2016	centers_for_disease_control_and_prevention	national_institute_of_virology
A/Catalonia/NSVH100354394/2016	hospital_universitari_vall_d'hebron	hospital_universitari_vall_d'hebron
A/Brazil/493/2016	centers_for_disease_control_and_prevention	oswaldo_cruz_institute___fiocruz___laboratory_of_respiratory_viruses_and_measles_(lvrs)
A/StPetersburg/10/2016	centers_for_disease_control_and_prevention	russian_academy_of_medical_sciences
A/Kumamoto/19/2016	national_institute_of_infectious_diseases_(niid)	kumamoto_prefectural_institute_of_public_health_and_environmental_science
A/Dnipro/762/2016	centers_for_disease_control_and_prevention	institute_of_epidemiology_and_infectious_diseases_ams_of_ukraine
A/Stockholm/2/2016	swedish_institute_for_infectious_disease_control	
A/Mali/101/2016	centers_for_disease_control_and_prevention	nic_lab_cvd_mali
A/Mali/41/2016	centers_for_disease_control_and_prevention	nic_lab_cvd_mali
A/Kirov/RII648/2016-egg	who_national_influenza_centre_russian_federation	
A/England/60520785/2016	microbiology_services_colindale,_public_health_england	microbiology_services_colindale,_public_health_england
A/Paris/388/2016	institut_pasteur	
A/England/60520032/2016	microbiology_services_colindale,_public_health_england	microbiology_services_colindale,_public_health_england
A/Omsk/RII01/2016	who_national_influenza_centre_russian_federation	
A/England/240/2016	microbiology_services_colindale,_public_health_england	microbiology_services_colindale,_public_health_england
A/StPetersburg/RII57/2016	who_national_influenza_centre_russian_federation	
A/StPetersburg/RII1066M/2016	who_national_influenza_centre_russian_federation	
A/StPetersburg/RII57/2016-egg	who_national_influenza_centre_russian_federation	
A/Victoria/13/2016	who_collaborating_centre_for_reference_and_research_on_influenza	victorian_infectious_diseases_reference_laboratory_
A/NewZealand/1148/2016	centers_for_disease_control_and_prevention	institute_of_environmental_science_&_research
A/Florida/85/2016-egg	centers_for_disease_control_and_prevention	florida_department_of_health_tampa
A/Florida/85/2016	other_database_import	florida_department_of_health_tampa
A/Alabama/13/2015	centers_for_disease_control_and_prevention	adph_bureau_of_clinical_laboratories
A/Kanagawa/AC11/2016	national_institute_of_infectious_diseases_(niid)	national_institute_of_infectious_diseases_(niid)
A/Gunma/10/2015	national_institute_of_infectious_diseases_(niid)	gunma_prefectural_institute_of_public_health_and_environmental_sciences
A/Paris/2284/2016	institut_pasteur	
A/Picardie/2313/2016	institut_pasteur	
A/Venezuela/12/2016	centers_for_disease_control_and_prevention	"instituto_nacional_de_higiene_""rafael_rangel"""
A/Pennsylvania/91/2016-egg	centers_for_disease_control_and_prevention	pennsylvania_department_of_health
A/Pennsylvania/91/2016	centers_for_disease_control_and_prevention	pennsylvania_department_of_health
A/SriLanka/47/2016	who_collaborating_centre_for_reference_and_research_on_influenza	medical_research_institute
A/Kentucky/16/2017	other_database_import	kentucky_division_of_laboratory_services
A/Bolivia/714/2017	centers_for_disease_control_and_prevention	cenetrop
A/Bolivia/800/2017	centers_for_disease_control_and_prevention	cenetrop
A/Virginia/6/2017	other_database_import	virginia_division_of_consolidated_laboratories
A/Kentucky/14/2017	centers_for_disease_control_and_prevention	kentucky_division_of_laboratory_services
A/Ningbo/19/2021	ningbo_international_travel_healthcare_center	ningbo_international_travel_healthcare_center
A/Kentucky/16/2017-egg	centers_for_disease_control_and_prevention	kentucky_division_of_laboratory_services
A/Connecticut/1/2017	centers_for_disease_control_and_prevention	connecticut_department._of_public_health
A/Bolivia/750/2017	centers_for_disease_control_and_prevention	cenetrop
A/Kentucky/14/2017-egg	centers_for_disease_control_and_prevention	kentucky_division_of_laboratory_services
A/StPetersburg/RII-450/2018	who_national_influenza_centre_russian_federation	
A/Bolivia/792/2017	centers_for_disease_control_and_prevention	cenetrop
A/Bolivia/638/2017	centers_for_disease_control_and_prevention	cenetrop
A/Bolivia/493/2017	centers_for_disease_control_and_prevention	cenetrop
A/HongKong/15581/2015	centers_for_disease_control_and_prevention	government_virus_unit
A/Moscow/248/2015	centers_for_disease_control_and_prevention	russian_academy_of_medical_sciences
A/StPetersburg/RII349/2015	who_national_influenza_centre_russian_federation	
A/Catalonia/NSVH100377539/2016	hospital_universitari_vall_d'hebron	hospital_universitari_vall_d'hebron
A/Kazakhstan/394/2016	centers_for_disease_control_and_prevention	csee
A/Taiwan/1088/2015	national_institute_of_infectious_diseases_(niid)	center_for_disease_control
A/Yokohama/77/2016	national_institute_of_infectious_diseases_(niid)	yokohama_city_institute_of_public_health.
A/Pernambuco/142422-IEC/2016	centers_for_disease_control_and_prevention	national_influenza_center
A/Gunma/118/2016	national_institute_of_infectious_diseases_(niid)	gunma_prefectural_institute_of_public_health_and_environmental_sciences
A/Mali/33/2016	centers_for_disease_control_and_prevention	nic_lab_cvd_mali
A/StPetersburg/RII214/2016	who_national_influenza_centre_russian_federation	
A/England/605/2016	microbiology_services_colindale,_public_health_england	microbiology_services_colindale,_public_health_england
A/Brazil/252/2016	centers_for_disease_control_and_prevention	oswaldo_cruz_institute___fiocruz___laboratory_of_respiratory_viruses_and_measles_(lvrs)
A/England/61100085/2016	microbiology_services_colindale,_public_health_england	microbiology_services_colindale,_public_health_england
A/England/560/2016	microbiology_services_colindale,_public_health_england	microbiology_services_colindale,_public_health_england
A/Vladivostok/RII2536/2016	who_national_influenza_centre_russian_federation	
A/Bourgogne/2362/2016	institut_pasteur	
A/Peru/4516/2016	centers_for_disease_control_and_prevention	us_namru_6
A/Brisbane/125/2016	who_collaborating_centre_for_reference_and_research_on_influenza	queensland_health_forensic_and_scientific_services_
A/Antsirabe/5602/2016	centers_for_disease_control_and_prevention	institut_pasteur_de_madagascar
A/Antananarivo/5768/2016	centers_for_disease_control_and_prevention	institut_pasteur_de_madagascar
A/Antananarivo/5768/2016-egg	centers_for_disease_control_and_prevention	institut_pasteur_de_madagascar
A/Massachusetts/25/2016	centers_for_disease_control_and_prevention	massachusetts_department_of_public_health
A/NewHampshire/44/2015-egg	centers_for_disease_control_and_prevention	new_hampshire_public_health_laboratories
A/Pennsylvania/52/2016-egg	centers_for_disease_control_and_prevention	upmc_clb_dept_of_microbiology
A/Pennsylvania/52/2016	centers_for_disease_control_and_prevention	upmc_clb_dept_of_microbiology
A/NewHampshire/43/2015-egg	centers_for_disease_control_and_prevention	new_hampshire_public_health_laboratories
A/California/91/2016	centers_for_disease_control_and_prevention	california_department_of_health_services
A/Florida/103/2015	centers_for_disease_control_and_prevention	florida_department_of_health_tampa
A/NewMexico/29/2015-egg	centers_for_disease_control_and_prevention	new_mexico_department_of_health
A/SouthDakota/18/2016	other_database_import	south_dakota_public_health_lab
A/Maine/1/2016-egg	centers_for_disease_control_and_prevention	maine_health_and_environmental_testing_laboratory
A/Maine/1/2016	centers_for_disease_control_and_prevention	maine_health_and_environmental_testing_laboratory
A/Texas/27/2016	centers_for_disease_control_and_prevention	baylor_college_of_medicine
A/Mexico/4138/2016-egg	centers_for_disease_control_and_prevention	laboratorio_de_virus_respiratorio
A/Pennsylvania/2/2016	centers_for_disease_control_and_prevention	upmc_clb_dept_of_microbiology
A/NewMexico/29/2015	centers_for_disease_control_and_prevention	new_mexico_department_of_health
A/NewHampshire/44/2015	centers_for_disease_control_and_prevention	new_hampshire_public_health_laboratories
A/NewHampshire/43/2015	centers_for_disease_control_and_prevention	new_hampshire_public_health_laboratories
A/Nevada/43/2015	centers_for_disease_control_and_prevention	southern_nevada_public_health_lab
A/Kanagawa/IC39/2016	national_institute_of_infectious_diseases_(niid)	national_institute_of_infectious_diseases_(niid)
A/Montana/42/2016	centers_for_disease_control_and_prevention	montana_laboratory_services_bureau
A/Indiana/3/2017	centers_for_disease_control_and_prevention	indiana_state_department_of_health_laboratories
A/SouthAfrica/4377/2016	centers_for_disease_control_and_prevention	national_institute_for_communicable_disease
A/SouthAfrica/4002/2016	centers_for_disease_control_and_prevention	national_institute_for_communicable_disease
A/SouthAfrica/3519/2016	centers_for_disease_control_and_prevention	national_institute_for_communicable_disease
A/SouthAfrica/2517/2016	centers_for_disease_control_and_prevention	national_institute_for_communicable_disease
A/Nevada/40/2015	centers_for_disease_control_and_prevention	southern_nevada_public_health_lab
A/Lao/1511/2016	centers_for_disease_control_and_prevention	national_center_for_laboratory_and_epidemiology
A/Vermont/12/2016	centers_for_disease_control_and_prevention	vermont_department_of_health_laboratory
A/California/129/2015	centers_for_disease_control_and_prevention	california_department_of_health_services
A/Maine/12/2016	centers_for_disease_control_and_prevention	maine_health_and_environmental_testing_laboratory
A/Indiana/33/2015	centers_for_disease_control_and_prevention	indiana_state_department_of_health_laboratories
A/Pennsylvania/48/2016-egg	centers_for_disease_control_and_prevention	upmc_clb_dept_of_microbiology
A/Pennsylvania/48/2016	centers_for_disease_control_and_prevention	upmc_clb_dept_of_microbiology
A/Tokyo/EH3/2016	national_institute_of_infectious_diseases_(niid)	national_institute_of_infectious_diseases_(niid)
A/Saitama/33/2016	national_institute_of_infectious_diseases_(niid)	saitama_institute_of_public_health
A/Tuv/584/2016	national_institute_of_infectious_diseases_(niid)	national_center_for_communicable_diseases
A/Kanagawa/35/2016	national_institute_of_infectious_diseases_(niid)	kanagawa_prefectural_institute_of_public_health
A/Neimenggu-Huimin/SWL1976/2015-egg	who_chinese_national_influenza_center	who_chinese_national_influenza_center
A/Santiago/20508/2016-egg	centers_for_disease_control_and_prevention	instituto_de_salud_publica_de_chile_
A/Santiago/20508/2016	centers_for_disease_control_and_prevention	instituto_de_salud_publica_de_chile_
A/Ulaanbaatar/3500/2015	national_institute_of_infectious_diseases_(niid)	national_center_for_communicable_diseases
A/Neimenggu-Huimin/SWL1976/2015	who_chinese_national_influenza_center	who_chinese_national_influenza_center
A/Acre/139736-IEC/2016	centers_for_disease_control_and_prevention	national_influenza_center
A/Nepal/311/2016	centers_for_disease_control_and_prevention	national_public_health_laboratory
A/Brazil/86/2016	centers_for_disease_control_and_prevention	oswaldo_cruz_institute___fiocruz___laboratory_of_respiratory_viruses_and_measles_(lvrs)
A/Montana/49/2016-egg	centers_for_disease_control_and_prevention	montana_laboratory_services_bureau
A/Montana/50/2016	centers_for_disease_control_and_prevention	montana_laboratory_services_bureau
A/Montana/49/2016	centers_for_disease_control_and_prevention	montana_laboratory_services_bureau
A/Montana/48/2016-egg	centers_for_disease_control_and_prevention	montana_laboratory_services_bureau
A/Montana/71/2016	centers_for_disease_control_and_prevention	montana_laboratory_services_bureau
A/Montana/48/2016	centers_for_disease_control_and_prevention	montana_laboratory_services_bureau
A/Montana/47/2016	centers_for_disease_control_and_prevention	montana_laboratory_services_bureau
A/Montana/50/2016-egg	centers_for_disease_control_and_prevention	montana_laboratory_services_bureau
A/NorthDakota/1/2017	other_database_import	north_dakota_department_of_health
A/Montana/47/2016-egg	centers_for_disease_control_and_prevention	montana_laboratory_services_bureau
A/Brazil/536/2017	centers_for_disease_control_and_prevention	instituto_oswaldo_cruz_fiocruz___laboratory_of_respiratory_viruses_and_measles_(lvrs)
A/SantaCatarina/92/2017	centers_for_disease_control_and_prevention	instituto_oswaldo_cruz_fiocruz___laboratory_of_respiratory_viruses_and_measles_(lvrs)
A/Virginia/29/2017	centers_for_disease_control_and_prevention	virginia_division_of_consolidated_laboratories
A/Wisconsin/40/2017	other_database_import	wisconsin_state_laboratory_of_hygiene
A/Wisconsin/18/2017	centers_for_disease_control_and_prevention	wisconsin_state_laboratory_of_hygiene
A/Minnesota/4/2017	centers_for_disease_control_and_prevention	minnesota_department_of_health
A/Hawaii/25/2017	centers_for_disease_control_and_prevention	state_of_hawaii_department_of_health
A/Mississippi/7/2017	other_database_import	mississippi_public_health_laboratory
A/SouthDakota/20/2017	centers_for_disease_control_and_prevention	south_dakota_public_health_lab
A/Michigan/UOMMH15885/2017	university_of_michigan	university_of_michigan_clinical_microbiology_laboratory
A/Brazil/1171/2016	centers_for_disease_control_and_prevention	oswaldo_cruz_institute___fiocruz___laboratory_of_respiratory_viruses_and_measles_(lvrs)
A/Kazakhstan/675/2016	centers_for_disease_control_and_prevention	csee
A/Bolivia/586/2017	centers_for_disease_control_and_prevention	cenetrop
A/Paraiba/139630-IEC/2016	centers_for_disease_control_and_prevention	national_influenza_center
A/Brazil/5760/2016	centers_for_disease_control_and_prevention	instituto_adolfo_lutz
A/Ceara/145605-IEC/2017	centers_for_disease_control_and_prevention	national_influenza_center
A/England/963/2016	microbiology_services_colindale,_public_health_england	microbiology_services_colindale,_public_health_england
A/HongKong/2352/2016	centers_for_disease_control_and_prevention	government_virus_unit
A/India/9574/2016	centers_for_disease_control_and_prevention	national_institute_of_virology
A/India/9573/2016	centers_for_disease_control_and_prevention	national_institute_of_virology
A/Taiwan/255/2017	national_institute_of_infectious_diseases_(niid)	center_for_disease_control
A/Maldives/568/2017	centers_for_disease_control_and_prevention	ministry_of_health
A/Singapore/NUH0006/2017	ministry_of_health,_singapore	ministry_of_health,_singapore
A/Perth/10/2017	who_collaborating_centre_for_reference_and_research_on_influenza	pathwest_qe_ii_medical_centre
A/Singapore/TT0330/2017	ministry_of_health,_singapore	ministry_of_health,_singapore
A/Wellington/52/2017	who_collaborating_centre_for_reference_and_research_on_influenza	institute_of_environmental_science_&_research
A/NewZealand/1258/2017	centers_for_disease_control_and_prevention	institute_of_environmental_science_&_research
A/India/8161/2017	centers_for_disease_control_and_prevention	national_institute_of_virology
A/Maldives/356/2017	centers_for_disease_control_and_prevention	ministry_of_health
A/Arizona/33/2017	centers_for_disease_control_and_prevention	arizona_department_of_health_services
A/Maldives/350/2017	centers_for_disease_control_and_prevention	ministry_of_health
A/Mauritius/CHL-I527/2017	ministry_of_health_and_wellness,_mauritius	national_influenza_centre,_department_of_molecular_biology_and_virology
A/Singapore/MOH0161/2017	ministry_of_health,_singapore	ministry_of_health,_singapore
A/Singapore/MOH0160/2017	ministry_of_health,_singapore	ministry_of_health,_singapore
A/Tak/68/2017	centers_for_disease_control_and_prevention	who_national_influenza_centre,_national_institute_of_medical_research_(nimr)
A/Maldives/379/2017	centers_for_disease_control_and_prevention	ministry_of_health
A/HongKong/6129/2017	centers_for_disease_control_and_prevention	government_virus_unit
A/HongKong/4997/2017	centers_for_disease_control_and_prevention	government_virus_unit
A/Singapore/TT1672/2017	ministry_of_health,_singapore	ministry_of_health,_singapore
A/Beijing-Dongcheng/SWL331/2017-egg	centers_for_disease_control_and_prevention	who_chinese_national_influenza_center
A/Ibaraki/6/2018	national_institute_of_infectious_diseases_(niid)	ibaraki_prefectural_institute_of_public_health
A/Tochigi/18101/2018	national_institute_of_infectious_diseases_(niid)	tochigi_prefectural_institute_of_public_health_and_environmental_science
A/Chiba/42/2017	national_institute_of_infectious_diseases_(niid)	chiba_prefectural_institute_of_public_health
A/Saga/295/2017	national_institute_of_infectious_diseases_(niid)	saga_prefectural_institute_of_public_health_and_pharmaceutical_research
A/Tokyo/17258/2017	national_institute_of_infectious_diseases_(niid)	tokyo_metropolitan_institute_of_public_health
A/Fukushima/57/2017	national_institute_of_infectious_diseases_(niid)	fukushima_prefectural_institute_of_public_health
A/SouthAfrica/R07347/2017-egg	centers_for_disease_control_and_prevention	national_institute_for_communicable_disease
A/SouthAfrica/R07347/2017	centers_for_disease_control_and_prevention	national_institute_for_communicable_disease
A/Mozambique/464/2017	centers_for_disease_control_and_prevention	laboratório_de_isolamento_viral
A/Mozambique/434/2017	centers_for_disease_control_and_prevention	laboratório_de_isolamento_viral
A/Bangladesh/9002/2017	centers_for_disease_control_and_prevention	institute_of_epidemiology_disease_control_and_research_(iedcr)_&_bangladesh_national_influenza_centre_(nic)
A/Bangladesh/1007/2017	centers_for_disease_control_and_prevention	institute_of_epidemiology_disease_control_and_research_(iedcr)_&_bangladesh_national_influenza_centre_(nic)
A/Bangladesh/1007/2017-egg	centers_for_disease_control_and_prevention	institute_of_epidemiology_disease_control_and_research_(iedcr)_&_bangladesh_national_influenza_centre_(nic)
A/Bangladesh/676/2017	centers_for_disease_control_and_prevention	institute_of_epidemiology_disease_control_and_research_(iedcr)_&_bangladesh_national_influenza_centre_(nic)
A/Bangladesh/3050/2017	centers_for_disease_control_and_prevention	institute_of_epidemiology_disease_control_and_research_(iedcr)_&_bangladesh_national_influenza_centre_(nic)
A/Bangladesh/1217/2017	centers_for_disease_control_and_prevention	institute_of_epidemiology_disease_control_and_research_(iedcr)_&_bangladesh_national_influenza_centre_(nic)
A/Centre/1917/2017	institut_pasteur	
A/Singapore/KK0652/2017	ministry_of_health,_singapore	ministry_of_health,_singapore
A/Taiwan/1407/2017	centers_for_disease_control_and_prevention	adimmune_corporation
A/Maldives/606/2017	centers_for_disease_control_and_prevention	ministry_of_health
A/Bahrain/263/2017	centers_for_disease_control_and_prevention	ministry_of_health_bahrain
A/Kentucky/26/2017-egg	centers_for_disease_control_and_prevention	kentucky_division_of_laboratory_services
A/Kentucky/26/2017	other_database_import	kentucky_division_of_laboratory_services
A/Singapore/KK0470/2017	ministry_of_health,_singapore	ministry_of_health,_singapore
A/NewZealand/219/2017	centers_for_disease_control_and_prevention	institute_of_environmental_science_&_research
A/NewZealand/591/2017	centers_for_disease_control_and_prevention	institute_of_environmental_science_&_research
A/Odessa/166/2017	centers_for_disease_control_and_prevention	institute_of_epidemiology_and_infectious_diseases_ams_of_ukraine
A/Colombia/2259/2018-egg	centers_for_disease_control_and_prevention	instituto_nacional_de_salud_de_columbia
A/Concepcion/48451/2019	instituto_de_salud_publica_de_chile	instituto_de_salud_publica_de_chile
A/Colombia/2259/2018	centers_for_disease_control_and_prevention	instituto_nacional_de_salud_de_columbia
A/India/2256/2017	centers_for_disease_control_and_prevention	national_institute_of_virology
A/Bangladesh/5/2017	centers_for_disease_control_and_prevention	institute_of_epidemiology_disease_control_and_research_(iedcr)_&_bangladesh_national_influenza_centre_(nic)
A/Jeju/836/2017	national_institute_of_infectious_diseases_(niid)	national_institute_of_health
A/Ecuador/815/2018	centers_for_disease_control_and_prevention	inspi
A/Maldives/474/2017	centers_for_disease_control_and_prevention	ministry_of_health
A/Singapore/TT0681/2017	ministry_of_health,_singapore	ministry_of_health,_singapore
A/Antofagasta/37826/2018	centers_for_disease_control_and_prevention	instituto_de_salud_publica_de_chile_
A/Bangladesh/3040/2017	centers_for_disease_control_and_prevention	institute_of_epidemiology_disease_control_and_research_(iedcr)_&_bangladesh_national_influenza_centre_(nic)
A/Bangladesh/3045/2017	centers_for_disease_control_and_prevention	institute_of_epidemiology_disease_control_and_research_(iedcr)_&_bangladesh_national_influenza_centre_(nic)
A/Phetchaburi/195/2017	centers_for_disease_control_and_prevention	who_national_influenza_centre,_national_institute_of_medical_research_(nimr)
A/Bangladesh/1012/2017	centers_for_disease_control_and_prevention	institute_of_epidemiology_disease_control_and_research_(iedcr)_&_bangladesh_national_influenza_centre_(nic)
A/Bangladesh/1092/2017	centers_for_disease_control_and_prevention	institute_of_epidemiology_disease_control_and_research_(iedcr)_&_bangladesh_national_influenza_centre_(nic)
A/Bangladesh/1085/2017	centers_for_disease_control_and_prevention	institute_of_epidemiology_disease_control_and_research_(iedcr)_&_bangladesh_national_influenza_centre_(nic)
A/Maldives/397/2017	centers_for_disease_control_and_prevention	ministry_of_health
A/Singapore/MOH0125/2017	ministry_of_health,_singapore	ministry_of_health,_singapore
A/Singapore/TT0720/2017	ministry_of_health,_singapore	ministry_of_health,_singapore
A/Ecuador/3748/2018	centers_for_disease_control_and_prevention	inspi
A/Ecuador/614/2017	centers_for_disease_control_and_prevention	inspi
A/Bahrain/211/2017	centers_for_disease_control_and_prevention	ministry_of_health_bahrain
A/Singapore/TT0677/2017	ministry_of_health,_singapore	ministry_of_health,_singapore
A/Aichi/2/2018	national_institute_of_infectious_diseases_(niid)	aichi_prefectural_institute_of_public_health
A/Michigan/281/2017-egg	centers_for_disease_control_and_prevention	michigan_department_of_community_health
A/Michigan/281/2017	other_database_import	michigan_department_of_community_health
A/Pakistan/43/2017	centers_for_disease_control_and_prevention	national_institute_of_health
A/Ecuador/7239/2018	centers_for_disease_control_and_prevention	inspi
A/Ecuador/2495/2017	centers_for_disease_control_and_prevention	inspi
A/Pennsylvania/276/2017-egg	centers_for_disease_control_and_prevention	pennsylvania_department_of_health
A/Pennsylvania/276/2017	centers_for_disease_control_and_prevention	pennsylvania_department_of_health
A/Ecuador/7215/2018	centers_for_disease_control_and_prevention	inspi
A/Ecuador/625/2017	centers_for_disease_control_and_prevention	inspi
A/Yamaguchi/53/2017	national_institute_of_infectious_diseases_(niid)	yamaguchi_prefectural_institute_of_public_health_and_environment
A/Paris/1725/2017	institut_pasteur	
A/Nara/39/2017	national_institute_of_infectious_diseases_(niid)	nara_prefectural_institute_for_hygiene_and_environment
A/Samara/1V/2018	state_research_center_of_virology_and_biotechnology_(vector)	
A/Argentina/34/2018	centers_for_disease_control_and_prevention	instituto_nacional_de_enfermedades_infecciosas
A/Bergavenny/5099/2019	public_health_wales_microbiology_cardiff	public_health_wales_microbiology_cardiff
A/Paris/1802/2017	institut_pasteur	
A/Colombia/9833/2018	centers_for_disease_control_and_prevention	instituto_nacional_de_salud_de_columbia
A/Colombia/7884/2018	centers_for_disease_control_and_prevention	instituto_nacional_de_salud_de_columbia
A/Ecuador/997/2017	centers_for_disease_control_and_prevention	inspi
A/Ecuador/3670/2017	centers_for_disease_control_and_prevention	inspi
A/Colombia/7741/2018	centers_for_disease_control_and_prevention	instituto_nacional_de_salud_de_columbia
A/Ecuador/609/2017	centers_for_disease_control_and_prevention	inspi
A/Arizona/41/2017-egg	centers_for_disease_control_and_prevention	arizona_department_of_health_services
A/Arizona/41/2017	centers_for_disease_control_and_prevention	arizona_department_of_health_services
A/HongKong/1057/2018	centers_for_disease_control_and_prevention	hong_kong_department_of_health
A/HongKong/1126/2018	centers_for_disease_control_and_prevention	government_virus_unit
A/Luoyang/IME-LY175117/2017		
A/Luoyang/IME-LY175111/2017		
A/Beijing-Xicheng/1633/2018-egg	centers_for_disease_control_and_prevention	who_chinese_national_influenza_center
A/Beijing-Xicheng/1633/2018	centers_for_disease_control_and_prevention	who_chinese_national_influenza_center
A/HongKong/4978/2017	centers_for_disease_control_and_prevention	government_virus_unit
A/Bolivia/1696/2018	centers_for_disease_control_and_prevention	instituto_nacional_de_laboratoriosde_salud_(inlasa)
A/HongKong/CUHK1021/2018	chinese_university_of_hong_kong	the_chinese_university_of_hong_kong
A/Bolivia/2144/2018	centers_for_disease_control_and_prevention	instituto_nacional_de_laboratoriosde_salud_(inlasa)
A/Kenya/110/2018	centers_for_disease_control_and_prevention	cdc_kenya
A/Kenya/116/2018	centers_for_disease_control_and_prevention	cdc_kenya
A/Kenya/142/2018	centers_for_disease_control_and_prevention	cdc_kenya
A/Kenya/148/2018	centers_for_disease_control_and_prevention	cdc_kenya
A/Kenya/108/2018	centers_for_disease_control_and_prevention	cdc_kenya
A/Kenya/128/2018	centers_for_disease_control_and_prevention	cdc_kenya
A/Kenya/127/2018	centers_for_disease_control_and_prevention	cdc_kenya
A/Kenya/131/2018	centers_for_disease_control_and_prevention	cdc_kenya
A/SriLanka/21/2018	who_collaborating_centre_for_reference_and_research_on_influenza	medical_research_institute
A/Washington/S26233/2019		the_brotman_baty_institute_for_precision_medicine
A/Brisbane/PHV004/2019	queensland_health_forensic_and_scientific_services	queensland_health_forensic_and_scientific_services
A/Texas/268/2019	centers_for_disease_control_and_prevention	baylor_scott_and_white_health
A/Timor-Leste/11/2018	who_collaborating_centre_for_reference_and_research_on_influenza	laboratório_nacional_da_saúde
A/Kentucky/24/2018	centers_for_disease_control_and_prevention	kentucky_division_of_laboratory_services
A/StPetersburg/RII-368/2018	centers_for_disease_control_and_prevention	russian_academy_of_medical_sciences
A/Honduras/2610/2018	centers_for_disease_control_and_prevention	laboratorio_nacional_de_virologia
A/Victoria/2137/2019	who_collaborating_centre_for_reference_and_research_on_influenza	alfred_hospital
A/Washington/S26122/2019		the_brotman_baty_institute_for_precision_medicine
A/Alabama/3/2019	centers_for_disease_control_and_prevention	adph_bureau_of_clinical_laboratories
A/Catalonia/NSVH100983893/2019	hospital_universitari_vall_d'hebron	hospital_universitari_vall_d'hebron
A/SouthAustralia/323/2019	who_collaborating_centre_for_reference_and_research_on_influenza	institute_of_medical_and_veterinary_science_(imvs)
A/SouthAustralia/1048/2019	who_collaborating_centre_for_reference_and_research_on_influenza	institute_of_medical_and_veterinary_science_(imvs)
A/Nicaragua/9105-11AR1/2018		st._jude_children's_research_hospital,_host_microbe_interactions
A/Sweden/28/2019	public_health_agency_of_sweden	
A/NewHampshire/26/2018-egg	centers_for_disease_control_and_prevention	new_hampshire_public_health_laboratories
A/NewHampshire/26/2018	centers_for_disease_control_and_prevention	new_hampshire_public_health_laboratories
A/Florida/86/2018-egg	centers_for_disease_control_and_prevention	florida_department_of_health_jacksonville
A/Florida/86/2018	centers_for_disease_control_and_prevention	florida_department_of_health_jacksonville
A/Hiroshima-C/2/2018	national_institute_of_infectious_diseases_(niid)	hiroshima_city_institute_of_public_health
A/Hiroshima-C/4/2018	national_institute_of_infectious_diseases_(niid)	hiroshima_city_institute_of_public_health
A/Lao/F0977/2018	national_institute_of_infectious_diseases_(niid)	national_center_for_laboratory_and_epidemiology
A/Lao/F0733/2018	national_institute_of_infectious_diseases_(niid)	national_center_for_laboratory_and_epidemiology
A/Lao/F0700/2018	national_institute_of_infectious_diseases_(niid)	national_center_for_laboratory_and_epidemiology
A/Lao/1027/2018	centers_for_disease_control_and_prevention	national_center_for_laboratory_and_epidemiology
A/Lao/1956/2018	centers_for_disease_control_and_prevention	national_center_for_laboratory_and_epidemiology
A/Lao/2853/2018	centers_for_disease_control_and_prevention	national_center_for_laboratory_and_epidemiology
A/Lao/3093/2018	centers_for_disease_control_and_prevention	national_center_for_laboratory_and_epidemiology
A/NewBrunswick/RV4245/2018	centers_for_disease_control_and_prevention	national_microbiology_laboratory,_health_canada
A/Kobe/362/2018	national_institute_of_infectious_diseases_(niid)	kobe_institute_of_health
A/Lao/2792/2018	centers_for_disease_control_and_prevention	national_center_for_laboratory_and_epidemiology
A/Lao/351/2019	centers_for_disease_control_and_prevention	national_center_for_laboratory_and_epidemiology
A/Lao/3751/2018	centers_for_disease_control_and_prevention	national_center_for_laboratory_and_epidemiology
A/Lao/3288/2018	centers_for_disease_control_and_prevention	national_center_for_laboratory_and_epidemiology
A/Lao/3072/2018	centers_for_disease_control_and_prevention	national_center_for_laboratory_and_epidemiology
A/Lao/3292/2018	centers_for_disease_control_and_prevention	national_center_for_laboratory_and_epidemiology
A/Lao/203/2019	centers_for_disease_control_and_prevention	national_center_for_laboratory_and_epidemiology
A/Lao/3056/2018	centers_for_disease_control_and_prevention	national_center_for_laboratory_and_epidemiology
A/Lao/3431/2018	centers_for_disease_control_and_prevention	national_center_for_laboratory_and_epidemiology
A/Lao/3220/2018	centers_for_disease_control_and_prevention	national_center_for_laboratory_and_epidemiology
A/Lao/296/2019	centers_for_disease_control_and_prevention	national_center_for_laboratory_and_epidemiology
A/Lao/F220/2019	national_institute_of_infectious_diseases_(niid)	national_center_for_laboratory_and_epidemiology
A/Lao/3454/2018	centers_for_disease_control_and_prevention	national_center_for_laboratory_and_epidemiology
A/Lao/234/2019	centers_for_disease_control_and_prevention	national_center_for_laboratory_and_epidemiology
A/Lao/F296/2019	national_institute_of_infectious_diseases_(niid)	national_center_for_laboratory_and_epidemiology
A/Falun/3/2017	public_health_agency_of_sweden	
A/Maine/32/2018-egg	centers_for_disease_control_and_prevention	maine_health_and_environmental_testing_laboratory
A/Maine/32/2018	centers_for_disease_control_and_prevention	maine_health_and_environmental_testing_laboratory
A/HongKong/CUHK1014/2018	chinese_university_of_hong_kong	the_chinese_university_of_hong_kong
A/Darwin/59/2018	who_collaborating_centre_for_reference_and_research_on_influenza	influenza_surveillance_centre_for_disease_control
A/Oman/5276/2017	centers_for_disease_control_and_prevention	central_public_health_laboratory,_ministry_of_health
A/AbuDhabi/19/2017	centers_for_disease_control_and_prevention	shaikh_khalifa_medical_city
A/AbuDhabi/40/2017	centers_for_disease_control_and_prevention	shaikh_khalifa_medical_city
A/Wakayama-C/108/2017	national_institute_of_infectious_diseases_(niid)	wakayama_city_institute_of_public_health
A/Fukuoka-C/25/2017	national_institute_of_infectious_diseases_(niid)	fukuoka_city_institute_for_hygiene_and_the_environment
A/HongKong/4975/2017	centers_for_disease_control_and_prevention	government_virus_unit
A/Fukushima/72/2017	national_institute_of_infectious_diseases_(niid)	fukushima_prefectural_institute_of_public_health
A/Amagasaki/1148/2018	national_institute_of_infectious_diseases_(niid)	amagasaki_city_institute_of_public_health
A/SouthAfrica/R07198/2017	centers_for_disease_control_and_prevention	national_institute_for_communicable_disease
A/Phetchaburi/105/2017	centers_for_disease_control_and_prevention	who_national_influenza_centre,_national_institute_of_medical_research_(nimr)
A/California/143/2017	centers_for_disease_control_and_prevention	california_department_of_health_services
A/Connecticut/31/2017	centers_for_disease_control_and_prevention	connecticut_department._of_public_health
A/AbuDhabi/37/2017	centers_for_disease_control_and_prevention	shaikh_khalifa_medical_city
A/EspiritoSanto/1184/2018	centers_for_disease_control_and_prevention	instituto_oswaldo_cruz_fiocruz___laboratory_of_respiratory_viruses_and_measles_(lvrs)
A/Okinawa/5/2018	national_institute_of_infectious_diseases_(niid)	okinawa_prefectural_institute_of_health_and_environment
A/Pakistan/400/2018	centers_for_disease_control_and_prevention	national_institute_of_health
A/Kanagawa/242/2017	national_institute_of_infectious_diseases_(niid)	kanagawa_prefectural_institute_of_public_health
A/Tanzania/144/2018	centers_for_disease_control_and_prevention	national_influenza_lab
A/Kenya/147/2018	centers_for_disease_control_and_prevention	cdc_kenya
A/Kenya/153/2018	centers_for_disease_control_and_prevention	cdc_kenya
A/Tokushima/2/2018	national_institute_of_infectious_diseases_(niid)	tokushima_prefectural_centre_for_public_health_and_environmental_sciences
A/Paris/1447/2017	institut_pasteur	institut_pasteur
A/India/2613/2017	centers_for_disease_control_and_prevention	national_institute_of_virology
A/India/4316/2018	centers_for_disease_control_and_prevention	national_institute_of_virology
A/Kuwait/7669/2017	centers_for_disease_control_and_prevention	public_health_laboratory,_virology_unit
A/Niger/5310/2017	centers_for_disease_control_and_prevention	centre_de_recherche_medicale_et_sanitaire_(cermes)
A/Lorraine/100/2018	institut_pasteur	
A/Paris/411/2018	institut_pasteur	
A/Centre/960/2018	institut_pasteur	institut_pasteur
A/Oman/5418/2017	centers_for_disease_control_and_prevention	central_public_health_laboratory,_ministry_of_health
A/Pakistan/299/2017	centers_for_disease_control_and_prevention	national_institute_of_health
A/England/272/2018	microbiology_services_colindale,_public_health_england	microbiology_services_colindale,_public_health_england
A/Newport/4377/2018	public_health_wales_microbiology	public_health_wales_microbiology
A/England/199/2017	microbiology_services_colindale,_public_health_england	microbiology_services_colindale,_public_health_england
A/England/74640396/2017	microbiology_services_colindale,_public_health_england	microbiology_services_colindale,_public_health_england
A/Manitoba/RV0444/2018	centers_for_disease_control_and_prevention	national_microbiology_laboratory,_health_canada
A/Paris/1458/2017	institut_pasteur	institut_pasteur
A/PaysDeLoire/118/2018	institut_pasteur	
A/Niger/5425/2017	centers_for_disease_control_and_prevention	centre_de_recherche_medicale_et_sanitaire_(cermes)
A/Paris/1134/2018	institut_pasteur	
A/Afghanistan/1398/2018	centers_for_disease_control_and_prevention	national_public_health_laboratory
A/RostovOnDon/3171/2017	state_research_center_of_virology_and_biotechnology_(vector)	
A/HauteNormandie/1985/2017	institut_pasteur	
A/Michigan/260/2018	centers_for_disease_control_and_prevention	university_of_michigan_sph_epid
A/Afghanistan/7760/2018	centers_for_disease_control_and_prevention	national_public_health_laboratory
A/PapuaNewGuinea/5/2018	who_collaborating_centre_for_reference_and_research_on_influenza	papua_new_guinea_institute_of_medical_research
A/PapuaNewGuinea/4/2018	who_collaborating_centre_for_reference_and_research_on_influenza	papua_new_guinea_institute_of_medical_research
A/Nigeria/3632/2018	centers_for_disease_control_and_prevention	national_influenza_reference_laboratory
A/Ontario/RV4081/2018	centers_for_disease_control_and_prevention	national_microbiology_laboratory,_health_canada
A/Togo/434/2019	centers_for_disease_control_and_prevention	institute_national_d'hygiene
A/Bangladesh/4012/2017	centers_for_disease_control_and_prevention	institute_of_epidemiology_disease_control_and_research_(iedcr)_&_bangladesh_national_influenza_centre_(nic)
A/Brazil/805/2018	centers_for_disease_control_and_prevention	instituto_adolfo_lutz
A/Brisbane/2/2018-egg	centers_for_disease_control_and_prevention	queensland_health_scientific_services
A/Brisbane/2/2018	who_collaborating_centre_for_reference_and_research_on_influenza	queensland_health_scientific_services
A/Montana/20/2018	centers_for_disease_control_and_prevention	montana_laboratory_services_bureau
A/England/329/2018	microbiology_services_colindale,_public_health_england	microbiology_services_colindale,_public_health_england
A/DistrictOfColumbia/25/2018-egg	centers_for_disease_control_and_prevention	dc_public_health_lab
A/DistrictOfColumbia/25/2018	centers_for_disease_control_and_prevention	dc_public_health_lab
A/Louisiana/66/2017	centers_for_disease_control_and_prevention	louisiana_department_of_health_and_hospitals
A/Louisiana/67/2017	centers_for_disease_control_and_prevention	louisiana_department_of_health_and_hospitals
A/Paris/370/2018	institut_pasteur	
A/Wisconsin/234/2018	centers_for_disease_control_and_prevention	marshfield_clinic_research_foundation
A/Wisconsin/75/2018-egg	centers_for_disease_control_and_prevention	wisconsin_state_laboratory_of_hygiene
A/Wisconsin/75/2018	centers_for_disease_control_and_prevention	wisconsin_state_laboratory_of_hygiene
A/Missouri/12/2018	centers_for_disease_control_and_prevention	missouri_department._of_health_&_senior_services
A/Arkansas/3/2018	centers_for_disease_control_and_prevention	arkansas_department_of_health
A/SouthAfrica/8482/2018	centers_for_disease_control_and_prevention	national_institute_for_communicable_disease
A/SouthAfrica/8506/2018	centers_for_disease_control_and_prevention	national_institute_for_communicable_disease
A/Guatemala/332/2018	centers_for_disease_control_and_prevention	laboratorio_nacional_de_salud_guatemala
A/Colombia/3730/2019	centers_for_disease_control_and_prevention	instituto_nacional_de_salud_de_columbia
A/NewJersey/13/2018-egg	centers_for_disease_control_and_prevention	new_jersey_department_of_health_&_senior_services
A/NewJersey/13/2018	centers_for_disease_control_and_prevention	new_jersey_department_of_health_&_senior_services
A/Texas/127/2018	centers_for_disease_control_and_prevention	baylor_scott_and_white_health
A/Brazil/823713/2018	centers_for_disease_control_and_prevention	instituto_adolfo_lutz
A/Brazil/1901/2018	centers_for_disease_control_and_prevention	instituto_adolfo_lutz
A/MinasGerias/716/2018	centers_for_disease_control_and_prevention	instituto_oswaldo_cruz_fiocruz___laboratory_of_respiratory_viruses_and_measles_(lvrs)
A/Michigan/49/2018	centers_for_disease_control_and_prevention	michigan_department_of_community_health
A/RioGrandeDuSul/503/2018	centers_for_disease_control_and_prevention	instituto_oswaldo_cruz_fiocruz___laboratory_of_respiratory_viruses_and_measles_(lvrs)
A/WestVirginia/25/2018-egg	centers_for_disease_control_and_prevention	west_virginia_office_of_laboratory_services
A/WestVirginia/25/2018	centers_for_disease_control_and_prevention	west_virginia_office_of_laboratory_services
A/Brazil/2313/2018	centers_for_disease_control_and_prevention	instituto_adolfo_lutz
A/Brazil/2391/2018	centers_for_disease_control_and_prevention	instituto_adolfo_lutz
A/Missouri/51/2018	centers_for_disease_control_and_prevention	missouri_department._of_health_&_senior_services
A/Missouri/51/2018-egg	centers_for_disease_control_and_prevention	missouri_department._of_health_&_senior_services
A/Christchurch/531/2018	who_collaborating_centre_for_reference_and_research_on_influenza	canterbury_health_services
A/Argentina/269/2018	centers_for_disease_control_and_prevention	instituto_nacional_de_enfermedades_infecciosas
A/NewYork/44/2018-egg	centers_for_disease_control_and_prevention	new_york_state_department_of_health
A/NewYork/44/2018	centers_for_disease_control_and_prevention	new_york_state_department_of_health
A/Mali/6/2018	centers_for_disease_control_and_prevention	nic_lab_cvd_mali
A/BurkinaFaso/804/2018	centers_for_disease_control_and_prevention	irss
A/Darwin/4/2018	who_collaborating_centre_for_reference_and_research_on_influenza	influenza_surveillance_centre_for_disease_control
A/Rennes/1795/2017	institut_pasteur	
A/Paris/1631/2017	institut_pasteur	
A/Chechnya/1V/2018	state_research_center_of_virology_and_biotechnology_(vector)	
A/Afghanistan/8007/2018	centers_for_disease_control_and_prevention	national_public_health_laboratory
A/NewCaledonia/21/2018	who_collaborating_centre_for_reference_and_research_on_influenza	institut_pasteur_new_caledonia
A/Paris/1853/2018	institut_pasteur	
A/Kyiv/359/2017	centers_for_disease_control_and_prevention	institute_of_epidemiology_and_infectious_diseases_ams_of_ukraine
A/Tokyo/18010/2018	national_institute_of_infectious_diseases_(niid)	tokyo_metropolitan_institute_of_public_health
A/Moscow/RII-779S/2018	who_national_influenza_centre_russian_federation	ivanovsky_research_institute_of_virology_rams
A/England/88/2018	microbiology_services_colindale,_public_health_england	microbiology_services_colindale,_public_health_england
A/Paraguay/3711/2018	centers_for_disease_control_and_prevention	central_laboratory_of_public_health
A/Wisconsin/229/2018	centers_for_disease_control_and_prevention	marshfield_clinic_research_foundation
A/Switzerland/3330/2017	centers_for_disease_control_and_prevention	hopital_cantonal_universitaire_de_geneves
A/Switzerland/3330/2017-egg	centers_for_disease_control_and_prevention	hopital_cantonal_universitaire_de_geneves
A/Vermont/11/2018	centers_for_disease_control_and_prevention	vermont_department_of_health_laboratory
A/Belgium/H0078/2018	scientific_institute_of_public_health_(wiv_isp)	sciensano_(scientific_institute_of_public_health)
A/Guyane/341/2017	centers_for_disease_control_and_prevention	national_influenza_center_french_guiana_and_french_indies
A/Bolivia/1059/2018	centers_for_disease_control_and_prevention	cenetrop
A/Brazil/3713/2018	centers_for_disease_control_and_prevention	instituto_adolfo_lutz
A/PaysDeLoire/629/2018	institut_pasteur	
A/Mykop/2353V/2018	state_research_center_of_virology_and_biotechnology_(vector)	
A/Paris/107/2018	institut_pasteur	
A/SriLanka/5/2018	who_collaborating_centre_for_reference_and_research_on_influenza	medical_research_institute
A/Serbia/4147/2018	centers_for_disease_control_and_prevention	institute_of_immunology_and_virology_torlak
A/Stockholm/10/2018	public_health_agency_of_sweden	
A/California/23/2019	centers_for_disease_control_and_prevention	california_department_of_health_services
A/Wisconsin/512/2018	centers_for_disease_control_and_prevention	wisconsin_state_laboratory_of_hygiene
A/NorthDakota/31/2018-egg	centers_for_disease_control_and_prevention	north_dakota_department_of_health
A/NorthDakota/31/2018	centers_for_disease_control_and_prevention	north_dakota_department_of_health
A/Wisconsin/494/2018-egg	centers_for_disease_control_and_prevention	wisconsin_state_laboratory_of_hygiene
A/Wisconsin/494/2018	centers_for_disease_control_and_prevention	wisconsin_state_laboratory_of_hygiene
A/Guyane/354/2017	centers_for_disease_control_and_prevention	national_influenza_center_french_guiana_and_french_indies
A/Santiago/52554/2018-egg	centers_for_disease_control_and_prevention	instituto_de_salud_publica_de_chile_
A/Santiago/52554/2018	centers_for_disease_control_and_prevention	instituto_de_salud_publica_de_chile_
A/Brazil/4519/2018	centers_for_disease_control_and_prevention	instituto_adolfo_lutz
A/Paraguay/2453/2018	centers_for_disease_control_and_prevention	central_laboratory_of_public_health
A/RioGrandeDoSul/1080/2019	centers_for_disease_control_and_prevention	instituto_oswaldo_cruz_fiocruz___laboratory_of_respiratory_viruses_and_measles_(lvrs)
A/Ecuador/7643/2019	centers_for_disease_control_and_prevention	inspi
A/Iowa/12/2019-egg	centers_for_disease_control_and_prevention	iowa_state_hygienic_laboratory
A/Iowa/12/2019	centers_for_disease_control_and_prevention	iowa_state_hygienic_laboratory
A/TEST/PHILIPPINES-NIC/617/2019	research_institute_for_tropical_medicine	research_institute_for_tropical_medicine
A/NewYork/51/2018	centers_for_disease_control_and_prevention	new_york_state_department_of_health
A/TEST/SouthKorea/617/2019	korea_centers_for_disease_control_&_prevention_(kcdc)	national_influenza_center,_division_of_influenza_virus,_center_for_infectious_disease,_nih,_kcdc
A/TEST/Singapore/617/2019	wildlife_reserves_singapore	centers_for_disease_control_and_prevention
A/TEST/Thailand/617/2019	national_instutute_of_health	thai_national_influenza_center
A/TESTarmenia/617/2019	national_center_for_disease_control_and_prevention	hôpital_georges_l._dumont
A/NewYork/PV03591/2019	icahn_school_of_medicine_at_mount_sinai	icahn_school_of_medicine_at_mount_sinai
A/TEST/USA/617/2019	centers_for_disease_control_and_prevention	centers_for_disease_control_and_prevention
A/TEST/PHILIPPINES/617/2019	research_institute_for_tropical_medicine	research_institute_of_tropical_medicine
A/NewYork/PV02849/2019	icahn_school_of_medicine_at_mount_sinai	icahn_school_of_medicine_at_mount_sinai
A/Washington/216/2019	centers_for_disease_control_and_prevention	marshfield_clinic_research_foundation
A/Wisconsin/493/2019	centers_for_disease_control_and_prevention	marshfield_clinic_research_foundation
A/Test/Thailand/567/2019	chulalongkorn_university	thai_national_influenza_center
A/TEST/Estonia/617/2019	hb_laboratory_for_communicable_diseases	health_board_laboratory_of_communicable_diseases
A/Test/627/2019	tehran_university_of_medical_sciences	centers_for_disease_control_and_prevention
A/TEST/Turkey/617/2019	public_health_institutions_of_turkey	ministry_of_health_turkey
A/Turkey/GU-285A/2017		
A/Lorraine/1049/2018	institut_pasteur	
A/Timor-Leste/9/2018	who_collaborating_centre_for_reference_and_research_on_influenza	laboratório_nacional_da_saúde
A/Timor-Leste/33/2018	who_collaborating_centre_for_reference_and_research_on_influenza	laboratório_nacional_da_saúde
A/Timor-Leste/26/2018	who_collaborating_centre_for_reference_and_research_on_influenza	laboratório_nacional_da_saúde
A/Argentina/73/2018	centers_for_disease_control_and_prevention	instituto_nacional_de_enfermedades_infecciosas
A/Uganda/6675/2018	centers_for_disease_control_and_prevention	uganda_virus_research_institute_(uvri),_national_influenza_center
A/Naryan-Mar/RII-3220S/2018	who_national_influenza_centre_russian_federation	
A/Wellington/12/2018	who_collaborating_centre_for_reference_and_research_on_influenza	institute_of_environmental_science_and_research
A/Vietnam/84/2019	centers_for_disease_control_and_prevention	national_institute_of_hygiene_and_epidemiology
A/HongKong/1125/2018	centers_for_disease_control_and_prevention	government_virus_unit
A/HongKong/1104/2018	centers_for_disease_control_and_prevention	government_virus_unit
A/Fukushima/35/2018	national_institute_of_infectious_diseases_(niid)	fukushima_prefectural_institute_of_public_health
A/HongKong/CUHK1017/2018	chinese_university_of_hong_kong	the_chinese_university_of_hong_kong
A/HongKong/CUHK1026/2018	chinese_university_of_hong_kong	the_chinese_university_of_hong_kong
A/HongKong/CUHK1018/2018	chinese_university_of_hong_kong	the_chinese_university_of_hong_kong
A/Santiago/73418/2018	instituto_de_salud_publica_de_chile	instituto_de_salud_publica_de_chile
A/Taiwan/81214/2018	centers_for_disease_control_and_prevention	adimmune_corporation
A/Brisbane/1012/2019	who_collaborating_centre_for_reference_and_research_on_influenza	institute_of_medical_and_veterinary_science_(imvs)
A/Yokohama/90/2018	national_institute_of_infectious_diseases_(niid)	yokohama_city_institute_of_public_health.
A/Trang/322/2018	centers_for_disease_control_and_prevention	who_national_influenza_centre,_national_institute_of_medical_research_(nimr)
A/Hawaii/56/2018-egg	centers_for_disease_control_and_prevention	state_of_hawaii_department_of_health
A/Hawaii/56/2018	centers_for_disease_control_and_prevention	state_of_hawaii_department_of_health
A/HongKong/CUHK1015/2018	chinese_university_of_hong_kong	the_chinese_university_of_hong_kong
A/Victoria/2102/2018	who_collaborating_centre_for_reference_and_research_on_influenza	alfred_hospital
A/Fujian-Gulou/1884/2018-egg	centers_for_disease_control_and_prevention	who_chinese_national_influenza_center
A/Hainan-Xiuying/11613/2018	centers_for_disease_control_and_prevention	who_chinese_national_influenza_center
A/HongKong/CUHK1008/2018	chinese_university_of_hong_kong	the_chinese_university_of_hong_kong
A/HongKong/CUHK1009/2018	chinese_university_of_hong_kong	the_chinese_university_of_hong_kong
A/HongKong/CUHK1004/2018	chinese_university_of_hong_kong	the_chinese_university_of_hong_kong
A/HongKong/CUHK1002/2018	chinese_university_of_hong_kong	the_chinese_university_of_hong_kong
A/Switzerland/2656/2017-egg	centers_for_disease_control_and_prevention	hopital_cantonal_universitaire_de_geneves
A/Switzerland/2656/2017	centers_for_disease_control_and_prevention	hopital_cantonal_universitaire_de_geneves
A/Bolivia/861/2018	centers_for_disease_control_and_prevention	instituto_nacional_de_laboratoriosde_salud_(inlasa)
A/SouthAfrica/R08507/2018	national_institute_for_communicable_diseases_(nicd)	national_institute_for_communicable_diseases_(nicd)
A/SouthCarolina/25/2017	centers_for_disease_control_and_prevention	south_carolina_department_of_health
A/Bolivia/319/2018	centers_for_disease_control_and_prevention	cenetrop
A/Paris/48/2018	institut_pasteur	
A/Fiji/11/2018	who_collaborating_centre_for_reference_and_research_on_influenza	national_centre_for_scientific_services_for_virology__and_vector_borne_diseases
A/Dnipro/413/2018	centers_for_disease_control_and_prevention	institute_of_epidemiology_and_infectious_diseases_ams_of_ukraine
A/SouthAustralia/272/2017-egg	centers_for_disease_control_and_prevention	institute_of_medical_and_veterinary_science_(imvs)
A/Oman/4928/2017	centers_for_disease_control_and_prevention	central_public_health_laboratory,_ministry_of_health
A/NewYork/34/2017-egg	centers_for_disease_control_and_prevention	new_york_state_department_of_health
A/NewYork/34/2017	centers_for_disease_control_and_prevention	new_york_state_department_of_health
A/Congo/581/2017	centers_for_disease_control_and_prevention	inrb_service_de_virologie
A/Congo/621/2017	centers_for_disease_control_and_prevention	inrb_service_de_virologie
A/Congo/19/2017	centers_for_disease_control_and_prevention	inrb_service_de_virologie
A/Congo/20/2017	centers_for_disease_control_and_prevention	inrb_service_de_virologie
A/Kuwait/3859/2017-egg	centers_for_disease_control_and_prevention	public_health_laboratory,_virology_unit
A/Oman/2122/2018	centers_for_disease_control_and_prevention	central_public_health_laboratory,_ministry_of_health
A/Bretagne/1939/2017	institut_pasteur	institut_pasteur
A/Bahrain/256/2018	centers_for_disease_control_and_prevention	ministry_of_health_bahrain
A/SouthAfrica/R10079/2018	centers_for_disease_control_and_prevention	national_institute_for_communicable_disease
A/SouthAfrica/R07360/2018	national_institute_for_communicable_diseases_(nicd)	national_institute_for_communicable_diseases_(nicd)
A/SouthAfrica/R08500/2018	national_institute_for_communicable_diseases_(nicd)	national_institute_for_communicable_diseases_(nicd)
A/StPetersburg/RII-245/2018	who_national_influenza_centre_russian_federation	who_national_influenza_centre_russian_federation
A/AbuDhabi/183/2017	centers_for_disease_control_and_prevention	shaikh_khalifa_medical_city
A/Madagascar/883/2018	centers_for_disease_control_and_prevention	institut_pasteur_de_madagascar
A/Picardie/45/2018	institut_pasteur	
A/AbuDhabi/52/2018	centers_for_disease_control_and_prevention	shaikh_khalifa_medical_city
A/Albania/7936/2018	centers_for_disease_control_and_prevention	institute_of_public_health
A/Paris/1578/2017	institut_pasteur	
A/Lebanon/20/2018	centers_for_disease_control_and_prevention	rafic_hariri_university_hospital_4th_floor_dna/research_lab
A/Afghanistan/2267/2018	centers_for_disease_control_and_prevention	national_public_health_laboratory
A/HauteNormandie/1859/2017	institut_pasteur	
A/Yamanashi/18090/2018	national_institute_of_infectious_diseases_(niid)	yamanashi_institute_for_public_health
A/HauteNormandie/1945/2017	institut_pasteur	institut_pasteur
A/Madagascar/425/2018	centers_for_disease_control_and_prevention	institut_pasteur_de_madagascar
A/Egypt/NRC098/2019	national_research_center_(hospital)	center_of_scientific_excellence_for_influenza_viruses,_national_research_centre_(nrc),_egypt.
A/Bangladesh/202/2018	centers_for_disease_control_and_prevention	institute_of_epidemiology_disease_control_and_research_(iedcr)_&_bangladesh_national_influenza_centre_(nic)
A/Bangladesh/1472/2018	centers_for_disease_control_and_prevention	institute_of_epidemiology_disease_control_and_research_(iedcr)_&_bangladesh_national_influenza_centre_(nic)
A/Bangladesh/913013/2018	centers_for_disease_control_and_prevention	institute_of_epidemiology_disease_control_and_research_(iedcr)_&_bangladesh_national_influenza_centre_(nic)
A/Bangladesh/3004/2018	centers_for_disease_control_and_prevention	institute_of_epidemiology_disease_control_and_research_(iedcr)_&_bangladesh_national_influenza_centre_(nic)
A/Bangladesh/173/2018	centers_for_disease_control_and_prevention	institute_of_epidemiology_disease_control_and_research_(iedcr)_&_bangladesh_national_influenza_centre_(nic)
A/Bangladesh/510/2018	centers_for_disease_control_and_prevention	institute_of_epidemiology_disease_control_and_research_(iedcr)_&_bangladesh_national_influenza_centre_(nic)
A/Barry/6452/2018	public_health_wales_microbiology_cardiff	public_health_wales_microbiology_cardiff
A/Bangladesh/1495/2018	centers_for_disease_control_and_prevention	institute_of_epidemiology_disease_control_and_research_(iedcr)_&_bangladesh_national_influenza_centre_(nic)
A/StPetersburg/RII-402S/2018	who_national_influenza_centre_russian_federation	
A/Mauritius/CHL-I410/2019	ministry_of_health_and_wellness,_mauritius	national_influenza_centre,_department_of_molecular_biology_and_virology
A/Test/638/2019-egg	centers_for_disease_control_and_prevention	centers_for_disease_control_and_prevention
A/Bangladesh/240/2018	centers_for_disease_control_and_prevention	institute_of_epidemiology_disease_control_and_research_(iedcr)_&_bangladesh_national_influenza_centre_(nic)
A/Oman/2473/2019	centers_for_disease_control_and_prevention	central_public_health_laboratory,_ministry_of_health
A/SouthAustralia/172/2018	who_collaborating_centre_for_reference_and_research_on_influenza	institute_of_medical_and_veterinary_science_(imvs)
A/Minnesota/S26139/2019		the_brotman_baty_institute_for_precision_medicine
A/Kyiv/135/2019	centers_for_disease_control_and_prevention	institute_of_epidemiology_and_infectious_diseases_ams_of_ukraine
A/Hunan-Beihu/SWL11725/2019-egg	who_chinese_national_influenza_center	who_chinese_national_influenza_center
A/Pakistan/162/2019	centers_for_disease_control_and_prevention	national_institute_of_health
A/Bangladesh/4003/2018	centers_for_disease_control_and_prevention	institute_of_epidemiology_disease_control_and_research_(iedcr)_&_bangladesh_national_influenza_centre_(nic)
A/Bangladesh/225/2018	centers_for_disease_control_and_prevention	institute_of_epidemiology_disease_control_and_research_(iedcr)_&_bangladesh_national_influenza_centre_(nic)
A/Groznyi/RII-2753S/2019	who_national_influenza_centre_russian_federation	center_of_hygiene_and_epidemiology_in_republic of_chechnya
A/Moscow/222/2018	who_national_influenza_centre_russian_federation	ivanovsky_research_institute_of_virology_rams
A/Moscow/214/2018	centers_for_disease_control_and_prevention	ivanovsky_research_institute_of_virology_rams
A/Grozniy/RII-06/2019	who_national_influenza_centre_russian_federation	center_of_hygiene_and_epidemiology_in_republic of_chechnya
A/Samara/RII-13/2019	centers_for_disease_control_and_prevention	russian_academy_of_medical_sciences
A/Novosibirsk/RII-5043S/2019	who_national_influenza_centre_russian_federation	research_institute_of_experimental_and_clinical_medicine
A/Novosibirsk/RII-4985S/2019	who_national_influenza_centre_russian_federation	research_institute_of_experimental_and_clinical_medicine
A/Bangladesh/3008/2018	centers_for_disease_control_and_prevention	institute_of_epidemiology_disease_control_and_research_(iedcr)_&_bangladesh_national_influenza_centre_(nic)
A/Bangladesh/1012/2018	centers_for_disease_control_and_prevention	institute_of_epidemiology_disease_control_and_research_(iedcr)_&_bangladesh_national_influenza_centre_(nic)
A/Bangladesh/1496/2018	centers_for_disease_control_and_prevention	institute_of_epidemiology_disease_control_and_research_(iedcr)_&_bangladesh_national_influenza_centre_(nic)
A/Bangladesh/1001/2018	centers_for_disease_control_and_prevention	institute_of_epidemiology_disease_control_and_research_(iedcr)_&_bangladesh_national_influenza_centre_(nic)
A/Nan/140/2018	centers_for_disease_control_and_prevention	who_national_influenza_centre,_national_institute_of_medical_research_(nimr)
A/Bangladesh/309/2018	centers_for_disease_control_and_prevention	institute_of_epidemiology_disease_control_and_research_(iedcr)_&_bangladesh_national_influenza_centre_(nic)
A/Bangladesh/1502/2018	centers_for_disease_control_and_prevention	institute_of_epidemiology_disease_control_and_research_(iedcr)_&_bangladesh_national_influenza_centre_(nic)
A/Bangladesh/235/2018	centers_for_disease_control_and_prevention	institute_of_epidemiology_disease_control_and_research_(iedcr)_&_bangladesh_national_influenza_centre_(nic)
A/Bangladesh/9009/2018	centers_for_disease_control_and_prevention	institute_of_epidemiology_disease_control_and_research_(iedcr)_&_bangladesh_national_influenza_centre_(nic)
A/Bangladesh/125/2018	centers_for_disease_control_and_prevention	institute_of_epidemiology_disease_control_and_research_(iedcr)_&_bangladesh_national_influenza_centre_(nic)
A/Bahrain/618/2018	centers_for_disease_control_and_prevention	ministry_of_health_bahrain
A/Bangladesh/200/2018	centers_for_disease_control_and_prevention	institute_of_epidemiology_disease_control_and_research_(iedcr)_&_bangladesh_national_influenza_centre_(nic)
A/Bangladesh/237/2018	centers_for_disease_control_and_prevention	institute_of_epidemiology_disease_control_and_research_(iedcr)_&_bangladesh_national_influenza_centre_(nic)
A/Bangladesh/979/2018	centers_for_disease_control_and_prevention	institute_of_epidemiology_disease_control_and_research_(iedcr)_&_bangladesh_national_influenza_centre_(nic)
A/Bangladesh/266/2018	centers_for_disease_control_and_prevention	institute_of_epidemiology_disease_control_and_research_(iedcr)_&_bangladesh_national_influenza_centre_(nic)
A/Osaka/161/2017	national_institute_of_infectious_diseases_(niid)	osaka_prefectural_institute_of_public_health
A/Victoria/959/2017	who_collaborating_centre_for_reference_and_research_on_influenza	who_collaborating_centre_for_reference_and_research_on_influenza
A/Bangladesh/4018/2017	centers_for_disease_control_and_prevention	institute_of_epidemiology_disease_control_and_research_(iedcr)_&_bangladesh_national_influenza_centre_(nic)
A/California/122/2017	centers_for_disease_control_and_prevention	california_department_of_health_services
A/NewJersey/29/2017-egg	centers_for_disease_control_and_prevention	new_jersey_department_of_health_&_senior_services
A/NewJersey/29/2017	centers_for_disease_control_and_prevention	new_jersey_department_of_health_&_senior_services
A/Cambodia/926/2017	centers_for_disease_control_and_prevention	national_public_health_laboratory
A/Bangladesh/3339/2017	centers_for_disease_control_and_prevention	institute_of_epidemiology_disease_control_and_research_(iedcr)_&_bangladesh_national_influenza_centre_(nic)
A/HongKong/4790/2017	centers_for_disease_control_and_prevention	government_virus_unit
A/Slovenia/2794/2017-egg	centers_for_disease_control_and_prevention	laboratory_for_virology,_national_institute_of_public_health
A/Slovenia/2794/2017	centers_for_disease_control_and_prevention	laboratory_for_virology,_national_institute_of_public_health
A/Bangladesh/8015/2017	centers_for_disease_control_and_prevention	institute_of_epidemiology_disease_control_and_research_(iedcr)_&_bangladesh_national_influenza_centre_(nic)
A/Bangladesh/3041/2017	centers_for_disease_control_and_prevention	institute_of_epidemiology_disease_control_and_research_(iedcr)_&_bangladesh_national_influenza_centre_(nic)
A/Mie/25/2017	national_institute_of_infectious_diseases_(niid)	mie_prefecture_health_and_environment_research_institute
A/AbuDhabi/35/2017	centers_for_disease_control_and_prevention	shaikh_khalifa_medical_city
A/Mie/29/2017	national_institute_of_infectious_diseases_(niid)	mie_prefecture_health_and_environment_research_institute
A/Bangladesh/2082/2017	centers_for_disease_control_and_prevention	institute_of_epidemiology_disease_control_and_research_(iedcr)_&_bangladesh_national_influenza_centre_(nic)
A/Congo/57/2019	centers_for_disease_control_and_prevention	inrb_service_de_virologie
A/Anapa/421/2017	centers_for_disease_control_and_prevention	state_research_center_of_virology_and_biotechnology_(vector)
A/AbuDhabi/193/2017	centers_for_disease_control_and_prevention	shaikh_khalifa_medical_city
A/AbuDhabi/56/2017	centers_for_disease_control_and_prevention	shaikh_khalifa_medical_city
A/AbuDhabi/29/2017	centers_for_disease_control_and_prevention	shaikh_khalifa_medical_city
A/AbuDhabi/27/2017	centers_for_disease_control_and_prevention	shaikh_khalifa_medical_city
A/AbuDhabi/20/2017	centers_for_disease_control_and_prevention	shaikh_khalifa_medical_city
A/Kirov/RII-150S/2017	who_national_influenza_centre_russian_federation	
A/AbuDhabi/152/2017	centers_for_disease_control_and_prevention	shaikh_khalifa_medical_city
A/India/3188/2018	centers_for_disease_control_and_prevention	national_institute_of_virology
A/Kaliningrad/76/2018	centers_for_disease_control_and_prevention	russian_academy_of_medical_sciences
A/WestVirginia/6/2019	centers_for_disease_control_and_prevention	west_virginia_office_of_laboratory_services
A/Kanagawa/AC1844/2019	national_institute_of_infectious_diseases_(niid)	national_institute_of_infectious_diseases_(niid)
A/NewJersey/57/2018	centers_for_disease_control_and_prevention	new_jersey_department_of_health_&_senior_services
A/Yokohama/162/2018	national_institute_of_infectious_diseases_(niid)	yokohama_city_institute_of_public_health.
A/Kanagawa/IC1802/2018	national_institute_of_infectious_diseases_(niid)	national_institute_of_infectious_diseases_(niid)
A/Kawasaki/81/2018	national_institute_of_infectious_diseases_(niid)	kawasaki_city_institute_of_public_health_
A/Pakistan/122/2019	centers_for_disease_control_and_prevention	national_institute_of_health
A/Paris/2533/2018	institut_pasteur	
A/Oklahoma/21/2019	centers_for_disease_control_and_prevention	oklahoma_state_department_of_health
A/Novosibirsk/RII-4980S/2019	who_national_influenza_centre_russian_federation	research_institute_of_experimental_and_clinical_medicine
A/Luxembourg/19006816/2019	laboratoire_national_de_sant?	laboratoire_national_de_santé_
A/SouthKorea/11229/2020	u.s._air_force_school_of_aerospace_medicine	u.s._air_force_school_of_aerospace_medicine_
A/Texas/417/2019	centers_for_disease_control_and_prevention	baylor_scott_and_white_health
A/Mississippi/11575/2020	u.s._air_force_school_of_aerospace_medicine	u.s._air_force_school_of_aerospace_medicine_
A/Hawaii/36/2017-egg	centers_for_disease_control_and_prevention	state_of_hawaii_department_of_health
A/Hawaii/36/2017	centers_for_disease_control_and_prevention	state_of_hawaii_department_of_health
A/Niigata/796/2018	centers_for_disease_control_and_prevention	niigata_prefectural_institute_of_public_health_and_environmental_sciences
A/NewZealand/2021/2017	centers_for_disease_control_and_prevention	institute_of_environmental_science_&_research
A/NewZealand/2264/2017	centers_for_disease_control_and_prevention	institute_of_environmental_science_&_research
A/NewZealand/2395/2017	centers_for_disease_control_and_prevention	institute_of_environmental_science_&_research
A/NewZealand/245/2017	centers_for_disease_control_and_prevention	institute_of_environmental_science_&_research
A/NewZealand/1566/2017	centers_for_disease_control_and_prevention	institute_of_environmental_science_&_research
A/NewZealand/2023/2017	centers_for_disease_control_and_prevention	institute_of_environmental_science_&_research
A/NewZealand/1949/2017	centers_for_disease_control_and_prevention	institute_of_environmental_science_&_research
A/Pakistan/317/2017	centers_for_disease_control_and_prevention	national_institute_of_health
A/NewZealand/2280/2017	centers_for_disease_control_and_prevention	institute_of_environmental_science_&_research
A/Togo/1081/2017	centers_for_disease_control_and_prevention	institute_national_d'hygiene
A/Togo/1026/2017	centers_for_disease_control_and_prevention	institute_national_d'hygiene
A/Tokyo/EH1608/2017-egg	centers_for_disease_control_and_prevention	national_institute_of_infectious_diseases_(niid)
A/Tokyo/EH1608/2017	centers_for_disease_control_and_prevention	national_institute_of_infectious_diseases_(niid)
A/HongKong/4821/2017	centers_for_disease_control_and_prevention	government_virus_unit
A/Aomori/3/2017	national_institute_of_infectious_diseases_(niid)	aomori_prefectural_institute_of_public_health_and_environment
A/Sendai/54/2017	national_institute_of_infectious_diseases_(niid)	sendai_city_institute_of_public_health
A/Saitama/250/2017	national_institute_of_infectious_diseases_(niid)	saitama_institute_of_public_health
A/Michigan/272/2017-egg	centers_for_disease_control_and_prevention	michigan_department_of_community_health
A/Michigan/272/2017	other_database_import	michigan_department_of_community_health
A/Tasmania/1042/2017	who_collaborating_centre_for_reference_and_research_on_influenza	institute_of_medical_and_veterinary_science_(imvs)
A/Kawasaki/141/2017	national_institute_of_infectious_diseases_(niid)	kawasaki_city_institute_of_public_health_
A/Paris/1459/2017	institut_pasteur	institut_pasteur
A/Guyane/4/2018	centers_for_disease_control_and_prevention	national_influenza_center_french_guiana_and_french_indies
A/Paris/23/2018	institut_pasteur	
A/Alaska/58/2017-egg	centers_for_disease_control_and_prevention	alaska_state_virology_lab
A/Alaska/58/2017	centers_for_disease_control_and_prevention	alaska_state_virology_lab
A/Perth/346/2017	who_collaborating_centre_for_reference_and_research_on_influenza	pathwest_qe_ii_medical_centre
A/Kanagawa/231/2017	national_institute_of_infectious_diseases_(niid)	kanagawa_prefectural_institute_of_public_health
A/Sakai/31/2017	national_institute_of_infectious_diseases_(niid)	sakai_city_institute_of_public_health
A/Mauritius/CHL-2274/2018	ministry_of_health_and_wellness,_mauritius	national_influenza_centre,_department_of_molecular_biology_and_virology
A/NewZealand/1076/2017	centers_for_disease_control_and_prevention	institute_of_environmental_science_&_research
A/NewZealand/963/2017	centers_for_disease_control_and_prevention	institute_of_environmental_science_&_research
A/Colorado/26/2017	centers_for_disease_control_and_prevention	colorado_department_of_health_lab
A/Hokkaido/5/2018	national_institute_of_infectious_diseases_(niid)	hokkaido_institute_of_public_health
A/Kumamoto-C/17/2017	national_institute_of_infectious_diseases_(niid)	kumamoto_city_environmental__research_center
A/AbuDhabi/10/2017	centers_for_disease_control_and_prevention	shaikh_khalifa_medical_city
A/Pakistan/456/2018	centers_for_disease_control_and_prevention	national_institute_of_health
A/Wakayama/132/2017	national_institute_of_infectious_diseases_(niid)	wakayama_prefectural_research_center_of_environment_and_public_health
A/Pakistan/5/2017	centers_for_disease_control_and_prevention	national_institute_of_health
A/Afghanistan/739/2017	centers_for_disease_control_and_prevention	national_public_health_laboratory
A/Stockholm/59/2017	public_health_agency_of_sweden	
A/Pakistan/2198/2018	centers_for_disease_control_and_prevention	national_institute_of_health
A/Lao/3287/2018	centers_for_disease_control_and_prevention	national_center_for_laboratory_and_epidemiology
A/NewZealand/2388/2017	centers_for_disease_control_and_prevention	institute_of_environmental_science_&_research
A/NewZealand/2341/2017	centers_for_disease_control_and_prevention	institute_of_environmental_science_&_research
A/NewZealand/2333/2017	centers_for_disease_control_and_prevention	institute_of_environmental_science_&_research
A/Canterbury/25/2017	who_collaborating_centre_for_reference_and_research_on_influenza	institute_of_environmental_science_&_research
A/NewZealand/2287/2017	centers_for_disease_control_and_prevention	institute_of_environmental_science_&_research
A/NorthCarolina/5/2018	centers_for_disease_control_and_prevention	north_carolina_state_laboratory_of_public_health
A/HongKong/4974/2017	centers_for_disease_control_and_prevention	government_virus_unit
A/Oklahoma/36/2017	centers_for_disease_control_and_prevention	oklahoma_state_department_of_health
A/AbuDhabi/186/2017	centers_for_disease_control_and_prevention	shaikh_khalifa_medical_city
A/Virginia/39/2017	centers_for_disease_control_and_prevention	virginia_division_of_consolidated_laboratories
A/SouthAfrica/R07460/2018	national_institute_for_communicable_diseases_(nicd)	national_institute_for_communicable_diseases_(nicd)
A/Newport/5735/2017	public_health_wales_microbiology	public_health_wales_microbiology
A/Oregon/22/2017	centers_for_disease_control_and_prevention	oregon_public_health_laboratory
A/Guatemala/73/2018-egg	centers_for_disease_control_and_prevention	laboratorio_nacional_de_salud_guatemala
A/Guatemala/73/2018	centers_for_disease_control_and_prevention	laboratorio_nacional_de_salud_guatemala
A/Managua/854907/2018	centers_for_disease_control_and_prevention	laboratorio_de_virologia,_direccion_de_microbiologia
A/Oregon/30/2017	centers_for_disease_control_and_prevention	oregon_public_health_laboratory
A/Mexico/1151/2018	centers_for_disease_control_and_prevention	laboratorio_de_virus_respiratorio
A/Delaware/36/2018-egg	centers_for_disease_control_and_prevention	delaware_public_health_lab
A/Delaware/36/2018	centers_for_disease_control_and_prevention	delaware_public_health_lab
A/Kentucky/28/2018-egg	centers_for_disease_control_and_prevention	kentucky_division_of_laboratory_services
A/Kentucky/28/2018	centers_for_disease_control_and_prevention	kentucky_division_of_laboratory_services
A/Washington/54/2018	centers_for_disease_control_and_prevention	marshfield_clinic_research_foundation
A/Argentina/13743/2018	centers_for_disease_control_and_prevention	cemic_university_hospital
A/DistrictOfColumbia/28/2018	centers_for_disease_control_and_prevention	dc_public_health_lab
A/Texas/139/2018	centers_for_disease_control_and_prevention	texas_department_of_state_health_services_laboratory_services
A/Florida/85/2018-egg	centers_for_disease_control_and_prevention	florida_department_of_health_tampa
A/Arkansas/9/2018-egg	centers_for_disease_control_and_prevention	arkansas_department_of_health
A/Arkansas/9/2018	centers_for_disease_control_and_prevention	arkansas_department_of_health
A/Belize/522/2018	centers_for_disease_control_and_prevention	central_medical_laboratory
A/Florida/85/2018	centers_for_disease_control_and_prevention	florida_department_of_health_tampa
A/Bangladesh/3005/2017	centers_for_disease_control_and_prevention	institute_of_epidemiology_disease_control_and_research_(iedcr)_&_bangladesh_national_influenza_centre_(nic)
A/NewZealand/551/2017	centers_for_disease_control_and_prevention	institute_of_environmental_science_&_research
A/SouthAfrica/R07198/2017-egg	centers_for_disease_control_and_prevention	national_institute_for_communicable_disease
A/Macau/601362/2018	who_collaborating_centre_for_reference_and_research_on_influenza	laboratorio_de_saude_publico
A/Hunan-Wuling/1468/2018-egg	centers_for_disease_control_and_prevention	who_chinese_national_influenza_center
A/Hunan-Wuling/1468/2018	centers_for_disease_control_and_prevention	who_chinese_national_influenza_center
A/Kazakhstan/387/2018	centers_for_disease_control_and_prevention	csee
A/Oman/5640/2017-egg	centers_for_disease_control_and_prevention	central_public_health_laboratory,_ministry_of_health
A/Oman/5640/2017	centers_for_disease_control_and_prevention	central_public_health_laboratory,_ministry_of_health
A/Oman/5276/2017-egg	centers_for_disease_control_and_prevention	central_public_health_laboratory,_ministry_of_health
A/NewZealand/1755/2017	centers_for_disease_control_and_prevention	institute_of_environmental_science_&_research
A/Afghanistan/673/2017	centers_for_disease_control_and_prevention	national_public_health_laboratory
A/Niigata-C/66/2017	national_institute_of_infectious_diseases_(niid)	niigata_city_institute_of_public_health_and_environment
A/Connecticut/31/2017-egg	centers_for_disease_control_and_prevention	connecticut_department._of_public_health
A/Singapore/KK1356/2017	ministry_of_health,_singapore	ministry_of_health,_singapore
A/Akita/23/2017	national_institute_of_infectious_diseases_(niid)	akita_research_center_for_public_health_and_environment
A/Ekaterinburg/RII-4770S/2018	who_national_influenza_centre_russian_federation	
A/Yamaguchi/2/2018	national_institute_of_infectious_diseases_(niid)	yamaguchi_prefectural_institute_of_public_health_and_environment
A/Kagawa/18031/2018	national_institute_of_infectious_diseases_(niid)	kagawa_prefectural_research_institute_for_environmental_sciences_and_public_health
A/Kenya/109/2018	centers_for_disease_control_and_prevention	cdc_kenya
A/HongKong/4820/2017	centers_for_disease_control_and_prevention	government_virus_unit
A/Hiroshima/74/2017	national_institute_of_infectious_diseases_(niid)	center_for_public_health_and_environment,_hiroshima_prefectural_technology_research_institute
A/Lao/1080/2018	centers_for_disease_control_and_prevention	national_center_for_laboratory_and_epidemiology
A/Kochi/23/2018	national_institute_of_infectious_diseases_(niid)	kochi_public_health_and_sanitation_institute_
A/Taiwan/81169/2018	centers_for_disease_control_and_prevention	adimmune_corporation
A/Oita/4/2018	national_institute_of_infectious_diseases_(niid)	oita_prefectural_institute_of_health_and_environment
A/Taiwan/79432/2018	centers_for_disease_control_and_prevention	adimmune_corporation
A/Taiwan/80677/2018	centers_for_disease_control_and_prevention	adimmune_corporation
A/Wakayama/96/2018	national_institute_of_infectious_diseases_(niid)	wakayama_prefectural_research_center_of_environment_and_public_health
A/Nevada/5/2018	centers_for_disease_control_and_prevention	nevada_state_health_laboratory
A/HongKong/1103/2018	centers_for_disease_control_and_prevention	government_virus_unit
A/Lao/3296/2018	centers_for_disease_control_and_prevention	national_center_for_laboratory_and_epidemiology
A/NewYork/45/2018-egg	centers_for_disease_control_and_prevention	new_york_state_department_of_health
A/NewYork/45/2018	centers_for_disease_control_and_prevention	new_york_state_department_of_health
A/Barry/6211/2019	public_health_wales_microbiology_cardiff	public_health_wales_microbiology_cardiff
A/Bulgaria/21/2019	centers_for_disease_control_and_prevention	national_influenza_laboratory,_natl._center_of_inf._&_parasitic_dis
A/HongKong/CUHK1001/2018	chinese_university_of_hong_kong	the_chinese_university_of_hong_kong
A/Sichuan-Qingyang/11819/2018	centers_for_disease_control_and_prevention	who_chinese_national_influenza_center
A/Pontypridd/6749/2019	public_health_wales_microbiology_cardiff	public_health_wales_microbiology_cardiff
A/HongKong/CUHK1010/2018	chinese_university_of_hong_kong	the_chinese_university_of_hong_kong
A/Brunei/29/2019	who_collaborating_centre_for_reference_and_research_on_influenza	r.i.p.a.s._hospital,_department_of_laboratory_services
A/Brunei/32/2019	who_collaborating_centre_for_reference_and_research_on_influenza	r.i.p.a.s._hospital,_department_of_laboratory_services
A/Brunei/5/2019-egg	centers_for_disease_control_and_prevention	r.i.p.a.s._hospital,_department_of_laboratory_services
A/Brunei/5/2019	who_collaborating_centre_for_reference_and_research_on_influenza	r.i.p.a.s._hospital,_department_of_laboratory_services
A/Kanagawa/AC1831/2019-egg	centers_for_disease_control_and_prevention	national_institute_of_infectious_diseases_(niid)
A/Kanagawa/IC1848/2019-egg	centers_for_disease_control_and_prevention	national_institute_of_infectious_diseases_(niid)
A/Darwin/102/2019-egg	centers_for_disease_control_and_prevention	influenza_surveillance_centre_for_disease_control
A/Darwin/102/2019	centers_for_disease_control_and_prevention	influenza_surveillance_centre_for_disease_control
A/HongKong/3063/2018	centers_for_disease_control_and_prevention	hong_kong_department_of_health
A/Newcastle/46/2019	centers_for_disease_control_and_prevention	john_hunter_hospital
A/Singapore/GP0578/2019	ministry_of_health,_singapore	ministry_of_health,_singapore
A/Paris/201/2019	institut_pasteur	
A/Vologda/RII-3958S/2019	who_national_influenza_centre_russian_federation	center_of_hygiene_and_epidemiology_in_vologda_oblast
A/Kuwait/6371/2018	centers_for_disease_control_and_prevention	public_health_laboratory,_virology_unit
A/Christchurch/511/2019	who_collaborating_centre_for_reference_and_research_on_influenza	canterbury_health_services
A/Test/643/2019	centers_for_disease_control_and_prevention	centers_for_disease_control_and_prevention
A/Temuco/52726/2019	instituto_de_salud_publica_de_chile	instituto_de_salud_publica_de_chile
A/Iowa/22/2020-egg	centers_for_disease_control_and_prevention	iowa_state_hygienic_laboratory
A/Iowa/22/2020	centers_for_disease_control_and_prevention	iowa_state_hygienic_laboratory
A/EspiritoSanto/1156/2019	centers_for_disease_control_and_prevention	instituto_oswaldo_cruz_fiocruz___laboratory_of_respiratory_viruses_and_measles_(lvrs)
A/Germany/11509/2020	u.s._air_force_school_of_aerospace_medicine	u.s._air_force_school_of_aerospace_medicine_
A/Nevada/10168/2019	u.s._air_force_school_of_aerospace_medicine	u.s._air_force_school_of_aerospace_medicine_
A/Kansas/28/2019	centers_for_disease_control_and_prevention	kansas_department_of_health_and_environment
A/Concepcion/64526/2019	instituto_de_salud_publica_de_chile	instituto_de_salud_publica_de_chile
A/Quirinhos/1336719-IAL/2019	centers_for_disease_control_and_prevention	instituto_adolfo_lutz
A/Colombia/7389/2019	centers_for_disease_control_and_prevention	instituto_nacional_de_salud_de_columbia
A/Concepcion/51006/2019	instituto_de_salud_publica_de_chile	instituto_de_salud_publica_de_chile
A/Temuco/58662/2019	instituto_de_salud_publica_de_chile	instituto_de_salud_publica_de_chile
A/Norway/2228/2019-egg	centers_for_disease_control_and_prevention	ostfold_hospital___fredrikstad,_dept._of_microbiology
A/Denmark/3279/2019	statens_serum_institute	statens_serum_institute
A/NewHampshire/34/2019	centers_for_disease_control_and_prevention	new_hampshire_public_health_laboratories
A/Kuwait/7362/2019	centers_for_disease_control_and_prevention	public_health_laboratory,_virology_unit
A/Shizuoka/16/2018	national_institute_of_infectious_diseases_(niid)	shizuoka_institute_of_environment_and_hygiene
A/Lao/2186/2018	centers_for_disease_control_and_prevention	national_center_for_laboratory_and_epidemiology
A/Lao/3164/2018	centers_for_disease_control_and_prevention	national_center_for_laboratory_and_epidemiology
A/Cambodia/c0625417/2018	who_collaborating_centre_for_reference_and_research_on_influenza	institute_pasteur_du_cambodia
A/Lao/3636/2018	centers_for_disease_control_and_prevention	national_center_for_laboratory_and_epidemiology
A/HongKong/CUHK1005/2018	chinese_university_of_hong_kong	the_chinese_university_of_hong_kong
A/HongKong/CUHK1011/2018	chinese_university_of_hong_kong	the_chinese_university_of_hong_kong
A/Lao/38/2019	centers_for_disease_control_and_prevention	national_center_for_laboratory_and_epidemiology
A/Lao/39/2019	centers_for_disease_control_and_prevention	national_center_for_laboratory_and_epidemiology
A/Lipetsk/1V/2018	state_research_center_of_virology_and_biotechnology_(vector)	state_research_center_of_virology_and_biotechnology_(vector)
A/Test/634/2019-egg	centers_for_disease_control_and_prevention	centers_for_disease_control_and_prevention
A/Afghanistan/8240/2018	centers_for_disease_control_and_prevention	national_public_health_laboratory
A/Vietnam/109/2019	centers_for_disease_control_and_prevention	national_institute_of_hygiene_and_epidemiology
A/HongKong/CUHK1051/2019	chinese_university_of_hong_kong	the_chinese_university_of_hong_kong
A/Sweden/72/2018	public_health_agency_of_sweden	
A/Tasmania/10/2018	who_collaborating_centre_for_reference_and_research_on_influenza	royal_hobart_hospital
A/SouthAustralia/402/2019	who_collaborating_centre_for_reference_and_research_on_influenza	institute_of_medical_and_veterinary_science_(imvs)
A/Bahrain/362/2019	centers_for_disease_control_and_prevention	ministry_of_health_bahrain
A/Congo/281/2019	centers_for_disease_control_and_prevention	inrb_service_de_virologie
A/Congo/9764/2019	centers_for_disease_control_and_prevention	inrb_service_de_virologie
A/Congo/790/2019	centers_for_disease_control_and_prevention	inrb_service_de_virologie
A/Congo/9762/2019	centers_for_disease_control_and_prevention	inrb_service_de_virologie
A/Congo/9784/2019	centers_for_disease_control_and_prevention	inrb_service_de_virologie
A/Congo/9759/2019	centers_for_disease_control_and_prevention	inrb_service_de_virologie
A/Test/642/2019	centers_for_disease_control_and_prevention	centers_for_disease_control_and_prevention
A/HongKong/CUHK1093/2019	chinese_university_of_hong_kong	the_chinese_university_of_hong_kong
A/Yokosuka/16/2019	national_institute_of_infectious_diseases_(niid)	yokosuka_institute_of_public_health
A/Vladivostok/5/2019	who_national_influenza_centre_russian_federation	center_of_hygiene_and_epidemiology_in_primorie_territory
A/Bangkok/4/2019	centers_for_disease_control_and_prevention	who_national_influenza_centre,_national_institute_of_medical_research_(nimr)
A/Yokohama/98/2019	national_institute_of_infectious_diseases_(niid)	yokohama_city_institute_of_public_health.
A/Centre/475/2019	institut_pasteur	
A/Bangkok/148/2018	centers_for_disease_control_and_prevention	who_national_influenza_centre,_national_institute_of_medical_research_(nimr)
A/Kanagawa/IC1852/2019	national_institute_of_infectious_diseases_(niid)	national_institute_of_infectious_diseases_(niid)
A/Sydney/1014/2019	who_collaborating_centre_for_reference_and_research_on_influenza	institute_of_medical_and_veterinary_science_(imvs)
A/HongKong/CUHK1058/2019	chinese_university_of_hong_kong	the_chinese_university_of_hong_kong
A/Guangdong-Maonan/SWL1599/2019-egg	who_chinese_national_influenza_center	who_chinese_national_influenza_center
A/Hubei-Xiling/SWL1418/2019	who_chinese_national_influenza_center	who_chinese_national_influenza_center
A/HongKong/CUHK1083/2019	chinese_university_of_hong_kong	the_chinese_university_of_hong_kong
A/HongKong/CUHK1087/2019	chinese_university_of_hong_kong	the_chinese_university_of_hong_kong
A/Lao/708/2019	centers_for_disease_control_and_prevention	national_center_for_laboratory_and_epidemiology
A/SouthKorea/11243/2020	u.s._air_force_school_of_aerospace_medicine	u.s._air_force_school_of_aerospace_medicine_
A/SouthKorea/11240/2019	u.s._air_force_school_of_aerospace_medicine	u.s._air_force_school_of_aerospace_medicine_
A/SouthKorea/10872/2019	u.s._air_force_school_of_aerospace_medicine	u.s._air_force_school_of_aerospace_medicine_
A/SouthKorea/10338/2019	u.s._air_force_school_of_aerospace_medicine	u.s._air_force_school_of_aerospace_medicine_
A/HongKong/CUHK1090/2019	chinese_university_of_hong_kong	the_chinese_university_of_hong_kong
A/Yakutsk/RII-1345S/2020	who_national_influenza_centre_russian_federation	center_of_hygiene_and_epidemiology_in_republic_of_sakha_(yakutia)
A/Bhutan/749/2020	centers_for_disease_control_and_prevention	royal_centre_for_disease_control
A/Guam/9870/2019	u.s._air_force_school_of_aerospace_medicine	u.s._air_force_school_of_aerospace_medicine_
A/Japan/10160/2019	u.s._air_force_school_of_aerospace_medicine	u.s._air_force_school_of_aerospace_medicine_
A/Utah/46/2019-egg	centers_for_disease_control_and_prevention	utah_department_of_health
A/Utah/46/2019	centers_for_disease_control_and_prevention	utah_department_of_health
A/Japan/11145/2020	u.s._air_force_school_of_aerospace_medicine	u.s._air_force_school_of_aerospace_medicine_
A/Victoria/2454/2019-egg	centers_for_disease_control_and_prevention	alfred_hospital
A/HongKong/CUHK1095/2019	chinese_university_of_hong_kong	the_chinese_university_of_hong_kong
A/HongKong/CUHK1074/2019	chinese_university_of_hong_kong	the_chinese_university_of_hong_kong
A/HongKong/CUHK1112/2019	chinese_university_of_hong_kong	the_chinese_university_of_hong_kong
A/HongKong/3033/2019	centers_for_disease_control_and_prevention	government_virus_unit
A/HongKong/3035/2019	centers_for_disease_control_and_prevention	government_virus_unit
A/HongKong/2655/2019-egg	centers_for_disease_control_and_prevention	government_virus_unit
A/Guangdong-Maonan/1536/2019-egg	centers_for_disease_control_and_prevention	who_chinese_national_influenza_center
A/HongKong/CUHK1099/2019	chinese_university_of_hong_kong	the_chinese_university_of_hong_kong
A/Guangdong-Maonan/1536/2019	centers_for_disease_control_and_prevention	who_chinese_national_influenza_center
A/Santiago/16343/2020-egg	centers_for_disease_control_and_prevention	instituto_de_salud_publica_de_chile
A/Odessa/380/2019	centers_for_disease_control_and_prevention	institute_of_epidemiology_and_infectious_diseases_ams_of_ukraine
A/Brazil/8268/2020	centers_for_disease_control_and_prevention	instituto_adolfo_lutz
A/Brazil/2284/2020	centers_for_disease_control_and_prevention	instituto_adolfo_lutz
A/Togo/331/2020	centers_for_disease_control_and_prevention	institute_national_d'hygiene
A/Ontario/RV2486/2019	centers_for_disease_control_and_prevention	ontario_agency_for_health_protection_and_promotion_(oahpp)
A/Parana/235/2020	centers_for_disease_control_and_prevention	instituto_oswaldo_cruz_fiocruz___laboratory_of_respiratory_viruses_and_measles_(lvrs)
A/Santiago/14949/2020-egg	centers_for_disease_control_and_prevention	instituto_de_salud_publica_de_chile
A/Pennsylvania/171/2020	centers_for_disease_control_and_prevention	children's_hospital_of_pittsburgh_upmc
A/CzechRepublic/574/2022	national_institute_of_public_health_(czech_republic)	national_institute_of_public_health
A/Ireland/87733/2019-egg	centers_for_disease_control_and_prevention	ucd_national_virus_reference_laboratory__
A/Catalonia/NSVH101175123/2020	hospital_universitari_vall_d'hebron	hospital_universitari_vall_d'hebron
A/Denmark/3254/2019	statens_serum_institute	statens_serum_institute
A/Pennsylvania/271/2020	centers_for_disease_control_and_prevention	children's_hospital_of_pittsburgh_upmc
A/Wakayama/91/2019	national_institute_of_infectious_diseases_(niid)	wakayama_prefectural_research_center_of_environment_and_public_health
A/Miyazaki/60/2019	national_institute_of_infectious_diseases_(niid)	miyazaki_prefectural_institute_for_public_health_and_environment
A/Castellon/2_1048/2020	center_for_public_health_research_(csisp)	fisabio___public_health,_generalitat_valenciana
A/SouthAfrica/R06185/2020	national_institute_for_communicable_diseases_(nicd)	national_institute_for_communicable_diseases_(nicd)
A/Bahia/469900/2020	laborat?rio_central_de_sa?de_publica_do_estado_da_bahia	laboratório_central_de_saúde_pública_professor_gonçalo_moniz,_lacen_ba
A/Washington/S26629/2020		the_brotman_baty_institute_for_precision_medicine
A/HongKong/CUHK1126/2019	chinese_university_of_hong_kong	the_chinese_university_of_hong_kong
A/Darwin/72/2020	who_collaborating_centre_for_reference_and_research_on_influenza	influenza_surveillance_centre_for_disease_control
A/Lao/3844/2019	centers_for_disease_control_and_prevention	national_center_for_laboratory_and_epidemiology
A/Lao/814/2020	centers_for_disease_control_and_prevention	national_center_for_laboratory_and_epidemiology
A/Iowa/1/2021	centers_for_disease_control_and_prevention	iowa_state_hygienic_laboratory
A/Iowa/49/2019-egg	centers_for_disease_control_and_prevention	iowa_state_hygienic_laboratory
A/England/698/2019	microbiology_services_colindale,_public_health_england	microbiology_services_colindale,_public_health_england
A/Luxembourg/LNS8595220/2020	laboratoire_national_de_sant?	laboratoire_national_de_santé_
A/HangaRoa/2012/2020-egg	centers_for_disease_control_and_prevention	instituto_de_salud_publica_de_chile
A/Georgia/11620/2020	u.s._air_force_school_of_aerospace_medicine	u.s._air_force_school_of_aerospace_medicine_
A/Yaroslavl/135-L/2020-egg	np	seasonal_h1n1pdm
A/EspiritoSanto/188/2020	centers_for_disease_control_and_prevention	instituto_oswaldo_cruz_fiocruz___laboratory_of_respiratory_viruses_and_measles_(lvrs)
A/NewYork/PV04757/2019	icahn_school_of_medicine_at_mount_sinai	icahn_school_of_medicine_at_mount_sinai
A/Townsville/1/2020	who_collaborating_centre_for_reference_and_research_on_influenza	queensland_health_forensic_and_scientific_services_
A/Ohio/10513/2019	u.s._air_force_school_of_aerospace_medicine	u.s._air_force_school_of_aerospace_medicine_
A/Sergipe/13444/2020	centers_for_disease_control_and_prevention	instituto_oswaldo_cruz_fiocruz___laboratory_of_respiratory_viruses_and_measles_(lvrs)
A/Guyane/352/2020	centers_for_disease_control_and_prevention	national_influenza_center_french_guiana_and_french_indies
A/Kanagawa/ZC1949/2020	national_institute_of_infectious_diseases_(niid)	national_institute_of_infectious_diseases_(niid)
A/Italy/11140/2020	u.s._air_force_school_of_aerospace_medicine	u.s._air_force_school_of_aerospace_medicine_
A/Santiago/6404/2020-egg	centers_for_disease_control_and_prevention	instituto_de_salud_publica_de_chile
A/Michigan/37/2020	centers_for_disease_control_and_prevention	university_of_michigan_sph_epid
A/Singapore/KK0037/2020	ministry_of_health,_singapore	ministry_of_health,_singapore
A/Iowa/49/2019	centers_for_disease_control_and_prevention	iowa_state_hygienic_laboratory
A/NewYork/PV04758/2019	icahn_school_of_medicine_at_mount_sinai	icahn_school_of_medicine_at_mount_sinai
A/Colorado/2/2020	centers_for_disease_control_and_prevention	colorado_department_of_health_lab
A/StPetersburg/RII-2598S/2020	who_national_influenza_centre_russian_federation	research_institute_of_influenza,_ministry_of_healthcare_of_the_russian_federation
A/Santiago/6413/2020-egg	centers_for_disease_control_and_prevention	instituto_de_salud_publica_de_chile
A/Suriname/306/2020	centers_for_disease_control_and_prevention	central_laboratory,_bureau_of_public_health
A/Guyane/401/2020	centers_for_disease_control_and_prevention	national_influenza_center_french_guiana_and_french_indies
A/StPetersburg/RII-1664S/2020	who_national_influenza_centre_russian_federation	research_institute_of_influenza,_ministry_of_healthcare_of_the_russian_federation
A/NordrheinWestfalen/1/2020	robert_koch_institute_nationales_referenzzentrum_f?r_influenza	robert_koch_institute_nationales_referenzzentrum_für_influenza
A/StPetersburg/RII-2041S/2020	who_national_influenza_centre_russian_federation	research_institute_of_influenza,_ministry_of_healthcare_of_the_russian_federation
A/Catalonia/NSVH101173273/2020	hospital_universitari_vall_d'hebron	hospital_universitari_vall_d'hebron
A/SouthKorea/90207_d1/2020	who_collaborating_centre_for_reference_and_research_on_influenza	state_research_center_of_virology_and_biotechnology_(vector)
A/NewCaledonia/3/2020	who_collaborating_centre_for_reference_and_research_on_influenza	institut_pasteur_new_caledonia
A/Okinawa/93/2019-egg	centers_for_disease_control_and_prevention	okinawa_prefectural_institute_of_health_and_environment
A/Okinawa/93/2019	centers_for_disease_control_and_prevention	okinawa_prefectural_institute_of_health_and_environment
A/Taiwan/97729/2019	centers_for_disease_control_and_prevention	adimmune_corporation
A/Bangladesh/113003/2020	centers_for_disease_control_and_prevention	icddr,b_international_centre_for_diarrhoeal_disease_research,_bangladesh
A/Japan/10478/2019	u.s._air_force_school_of_aerospace_medicine	u.s._air_force_school_of_aerospace_medicine_
A/Japan/11143/2020	u.s._air_force_school_of_aerospace_medicine	u.s._air_force_school_of_aerospace_medicine_
A/Saga/269/2019	national_institute_of_infectious_diseases_(niid)	saga_prefectural_institute_of_public_health_and_pharmaceutical_research
A/Saga/263/2019	national_institute_of_infectious_diseases_(niid)	saga_prefectural_institute_of_public_health_and_pharmaceutical_research
A/Taiwan/83476/2019	centers_for_disease_control_and_prevention	adimmune_corporation
A/HongKong/CUHK1107/2019	chinese_university_of_hong_kong	the_chinese_university_of_hong_kong
A/Niger/8731/2021-egg	centers_for_disease_control_and_prevention	centre_de_recherche_medicale_et_sanitaire_(cermes)
A/Niger/8731/2021	centers_for_disease_control_and_prevention	centre_de_recherche_medicale_et_sanitaire_(cermes)
A/Togo/155/2021	centers_for_disease_control_and_prevention	institute_national_d'hygiene
A/CoteDIvoire/1040/2021	centers_for_disease_control_and_prevention	pasteur_institut_of_côte_d'ivoire
A/Togo/168/2021	centers_for_disease_control_and_prevention	institute_national_d'hygiene
A/Niger/8318/2020	centers_for_disease_control_and_prevention	centre_de_recherche_medicale_et_sanitaire_(cermes)
A/Nigeria/5072/2020	centers_for_disease_control_and_prevention	ncdc_public_health_reference_laboratory
A/Togo/339/2021	centers_for_disease_control_and_prevention	institute_national_d'hygiene
A/Togo/99/2021	centers_for_disease_control_and_prevention	institute_national_d'hygiene
A/Togo/96/2021	centers_for_disease_control_and_prevention	institute_national_d'hygiene
A/Niger/8677/2021-egg	centers_for_disease_control_and_prevention	centre_de_recherche_medicale_et_sanitaire_(cermes)
A/Niger/8677/2021	centers_for_disease_control_and_prevention	centre_de_recherche_medicale_et_sanitaire_(cermes)
A/Togo/882/2020	centers_for_disease_control_and_prevention	institute_national_d'hygiene
A/Togo/864/2020	centers_for_disease_control_and_prevention	institute_national_d'hygiene
A/Togo/881/2020	centers_for_disease_control_and_prevention	institute_national_d'hygiene
A/Togo/845/2020	centers_for_disease_control_and_prevention	institute_national_d'hygiene
A/Togo/837/2020-egg	centers_for_disease_control_and_prevention	institute_national_d'hygiene
A/Togo/837/2020	centers_for_disease_control_and_prevention	institute_national_d'hygiene
A/Togo/878/2020	centers_for_disease_control_and_prevention	institute_national_d'hygiene
A/Togo/865/2020	centers_for_disease_control_and_prevention	institute_national_d'hygiene
A/Togo/881/2020-egg	centers_for_disease_control_and_prevention	institute_national_d'hygiene
A/SouthKorea/10853/2019	u.s._air_force_school_of_aerospace_medicine	u.s._air_force_school_of_aerospace_medicine_
A/Japan/11141/2020	u.s._air_force_school_of_aerospace_medicine	u.s._air_force_school_of_aerospace_medicine_
A/Saitama/245/2019	national_institute_of_infectious_diseases_(niid)	saitama_institute_of_public_health
A/Hawaii/66/2019-egg	centers_for_disease_control_and_prevention	state_of_hawaii_department_of_health
A/Hawaii/66/2019	centers_for_disease_control_and_prevention	state_of_hawaii_department_of_health
A/Fukushima/83/2019	national_institute_of_infectious_diseases_(niid)	fukushima_prefectural_institute_of_public_health
A/Nagano/2750/2019	national_institute_of_infectious_diseases_(niid)	nagano_environmental_conservation_research_institute
A/Germany/11111/2019	u.s._air_force_school_of_aerospace_medicine	u.s._air_force_school_of_aerospace_medicine_
A/Japan/10479/2019	u.s._air_force_school_of_aerospace_medicine	u.s._air_force_school_of_aerospace_medicine_
A/Nagasaki/1/2022	national_institute_of_infectious_diseases_(niid)	nagasaki_prefectural_institute_for_environment_research_and_public_health
A/Singapore/TT0053/2020	ministry_of_health,_singapore	ministry_of_health,_singapore
A/Shanghai-Huangpu/1726/2019-egg	centers_for_disease_control_and_prevention	who_chinese_national_influenza_center
A/Miyazaki/20/2020	national_institute_of_infectious_diseases_(niid)	miyazaki_prefectural_institute_for_public_health_and_environment
A/Lao/361/2020	centers_for_disease_control_and_prevention	national_center_for_laboratory_and_epidemiology
A/Lao/275/2020	centers_for_disease_control_and_prevention	national_center_for_laboratory_and_epidemiology
A/Kanagawa/ZC1944/2020	centers_for_disease_control_and_prevention	national_institute_of_infectious_diseases_(niid)
A/Japan/10481/2019	u.s._air_force_school_of_aerospace_medicine	u.s._air_force_school_of_aerospace_medicine_
A/Taiwan/83772/2019	centers_for_disease_control_and_prevention	adimmune_corporation
A/Bangkok/439/2019	centers_for_disease_control_and_prevention	who_national_influenza_centre,_national_institute_of_medical_research_(nimr)
A/Kobe/19376/2019	national_institute_of_infectious_diseases_(niid)	kobe_institute_of_health
A/Taiwan/83691/2019	centers_for_disease_control_and_prevention	adimmune_corporation
A/HongKong/CUHK1121/2019	chinese_university_of_hong_kong	the_chinese_university_of_hong_kong
A/StPetersburg/RII-2875S/2020	who_national_influenza_centre_russian_federation	research_institute_of_influenza,_ministry_of_healthcare_of_the_russian_federation
A/Bhutan/267/2020	centers_for_disease_control_and_prevention	royal_centre_for_disease_control
A/Nonthaburi/74/2020	centers_for_disease_control_and_prevention	who_national_influenza_centre,_national_institute_of_medical_research_(nimr)
A/Bangkok/475/2019	centers_for_disease_control_and_prevention	who_national_influenza_centre,_national_institute_of_medical_research_(nimr)
A/Bhutan/1637/2020	centers_for_disease_control_and_prevention	royal_centre_for_disease_control
A/Suriname/332/2020	centers_for_disease_control_and_prevention	central_laboratory,_bureau_of_public_health
A/SouthAfrica/R01899/2020	national_institute_for_communicable_diseases_(nicd)	national_institute_for_communicable_diseases_(nicd)
A/Bhutan/68/2020	centers_for_disease_control_and_prevention	royal_centre_for_disease_control
A/Bhutan/295/2020	centers_for_disease_control_and_prevention	royal_centre_for_disease_control
A/Bhutan/577/2020	centers_for_disease_control_and_prevention	royal_centre_for_disease_control
A/Castellon/2_1157/2020	center_for_public_health_research_(csisp)	fisabio___public_health,_generalitat_valenciana
A/StPetersburg/RII-3603S/2020	who_national_influenza_centre_russian_federation	research_institute_of_influenza,_ministry_of_healthcare_of_the_russian_federation
A/Singapore/TT0389/2020	ministry_of_health,_singapore	ministry_of_health,_singapore
A/Nigeria/4681/2020	centers_for_disease_control_and_prevention	ncdc_public_health_reference_laboratory
A/Singapore/GP0256/2020	ministry_of_health,_singapore	ministry_of_health,_singapore
A/Bhutan/1169/2020	centers_for_disease_control_and_prevention	royal_centre_for_disease_control
A/Tokyo/19299/2019	national_institute_of_infectious_diseases_(niid)	tokyo_metropolitan_institute_of_public_health
A/Shanghai-Huangpu/1726/2019	centers_for_disease_control_and_prevention	who_chinese_national_influenza_center
A/Lao/3776/2019	centers_for_disease_control_and_prevention	national_center_for_laboratory_and_epidemiology
A/Alabama/28/2019	centers_for_disease_control_and_prevention	adph_bureau_of_clinical_laboratories
A/NewCaledonia/4/2020	who_collaborating_centre_for_reference_and_research_on_influenza	institut_pasteur_new_caledonia
A/SouthKorea/11260/2020	u.s._air_force_school_of_aerospace_medicine	u.s._air_force_school_of_aerospace_medicine_
A/Pwllheli/194/2019	public_health_wales_microbiology_cardiff	public_health_wales_microbiology_cardiff
A/Sweden/11/2020	public_health_agency_of_sweden	public_health_agency_of_sweden
A/Nevada/37/2019	centers_for_disease_control_and_prevention	southern_nevada_public_health_lab
A/Kawasaki/280/2019	national_institute_of_infectious_diseases_(niid)	kawasaki_city_institute_of_public_health_
A/Kanagawa/IC1922/2020	national_institute_of_infectious_diseases_(niid)	national_institute_of_infectious_diseases_(niid)
A/Paris/20/2020	institut_pasteur	institut_pasteur
A/SouthKorea/10322/2019	u.s._air_force_school_of_aerospace_medicine	u.s._air_force_school_of_aerospace_medicine_
A/SouthKorea/11259/2020	u.s._air_force_school_of_aerospace_medicine	u.s._air_force_school_of_aerospace_medicine_
A/Sydney/15/2020	who_collaborating_centre_for_reference_and_research_on_influenza	childrens_hospital_westmead
A/Alicante/19_0556/2019	center_for_public_health_research_(csisp)	fisabio___public_health,_generalitat_valenciana
A/Serbia/71/2020	centers_for_disease_control_and_prevention	institute_of_immunology_and_virology_torlak
A/Hawaii/70/2019-egg	centers_for_disease_control_and_prevention	state_of_hawaii_department_of_health
A/Hawaii/70/2019	centers_for_disease_control_and_prevention	state_of_hawaii_department_of_health
A/Kumamoto-C/13/2020	national_institute_of_infectious_diseases_(niid)	kumamoto_city_environmental__research_center
A/Nigeria/4666/2020	centers_for_disease_control_and_prevention	ncdc_public_health_reference_laboratory
A/Singapore/MOH0157/2019	ministry_of_health,_singapore	ministry_of_health,_singapore
A/SouthKorea/11255/2020	u.s._air_force_school_of_aerospace_medicine	u.s._air_force_school_of_aerospace_medicine_
A/NewYork/29/2020	centers_for_disease_control_and_prevention	vanderbilt_university_medical_center
A/Nigeria/4587/2020	centers_for_disease_control_and_prevention	ncdc_public_health_reference_laboratory
A/Nigeria/4588/2020	centers_for_disease_control_and_prevention	ncdc_public_health_reference_laboratory
A/Singapore/TT0542/2020	ministry_of_health,_singapore	ministry_of_health,_singapore
A/Japan/10808/2019	u.s._air_force_school_of_aerospace_medicine	u.s._air_force_school_of_aerospace_medicine_
A/Washington/668/2019	centers_for_disease_control_and_prevention	washington_state_public_health_laboratory
A/SouthAfrica/R03994/2020	national_institute_for_communicable_diseases_(nicd)	national_institute_for_communicable_diseases_(nicd)
A/Brisbane/1/2020	who_collaborating_centre_for_reference_and_research_on_influenza	queensland_health_forensic_and_scientific_services_
A/Nigeria/4547/2020	centers_for_disease_control_and_prevention	ncdc_public_health_reference_laboratory
A/Japan/10807/2019	u.s._air_force_school_of_aerospace_medicine	u.s._air_force_school_of_aerospace_medicine_
A/Ibaraki/9/2020	national_institute_of_infectious_diseases_(niid)	ibaraki_prefectural_institute_of_public_health
A/Philippines/1413/2019	centers_for_disease_control_and_prevention	research_institute_for_tropical_medicine,_virology_department
A/Washington/S26588/2020		the_brotman_baty_institute_for_precision_medicine
A/SouthKorea/10334/2019	u.s._air_force_school_of_aerospace_medicine	u.s._air_force_school_of_aerospace_medicine_
A/SouthKorea/11234/2020	u.s._air_force_school_of_aerospace_medicine	u.s._air_force_school_of_aerospace_medicine_
A/Hiroshima/108/2019	national_institute_of_infectious_diseases_(niid)	center_for_public_health_and_environment,_hiroshima_prefectural_technology_research_institute
A/Japan/10806/2019	u.s._air_force_school_of_aerospace_medicine	u.s._air_force_school_of_aerospace_medicine_
A/Guam/11528/2020	u.s._air_force_school_of_aerospace_medicine	u.s._air_force_school_of_aerospace_medicine_
A/Stockholm/3/2020	public_health_agency_of_sweden	public_health_agency_of_sweden
A/Stockholm/5/2020	public_health_agency_of_sweden	public_health_agency_of_sweden
A/Malaysia/RP0122/2020	who_collaborating_centre_for_reference_and_research_on_influenza	institut_penyelidikan_perubatan
A/Gifu/52/2018	national_institute_of_infectious_diseases_(niid)	gifu_prefectural_institute_of_health_and_environmental_sciences
A/Iran/162976/2019	crick_worldwide_influenza_centre	national_influenza_center_of_iran,_virology_department,_school_of_public_health,_tehran_university_of_medical_sciences
A/Madagascar/552/2019	centers_for_disease_control_and_prevention	institut_pasteur_de_madagascar
A/Minnesota/7/2019	centers_for_disease_control_and_prevention	minnesota_department_of_health
A/Bangladesh/3006/2019	centers_for_disease_control_and_prevention	institute_of_epidemiology_disease_control_and_research_(iedcr)_&_bangladesh_national_influenza_centre_(nic)
A/SouthAfrica/R04252/2019	national_institute_for_communicable_diseases_(nicd)	national_institute_for_communicable_diseases_(nicd)
A/Bangladesh/1190711024/2019	centers_for_disease_control_and_prevention	icddr,b_international_centre_for_diarrhoeal_disease_research,_bangladesh
A/Bangladesh/3190513028/2019	centers_for_disease_control_and_prevention	icddr,b_international_centre_for_diarrhoeal_disease_research,_bangladesh
A/Bangladesh/7190613011/2019	centers_for_disease_control_and_prevention	icddr,b_international_centre_for_diarrhoeal_disease_research,_bangladesh
A/Bangladesh/9019/2019	centers_for_disease_control_and_prevention	institute_of_epidemiology_disease_control_and_research_(iedcr)_&_bangladesh_national_influenza_centre_(nic)
A/Bangladesh/413031/2019	centers_for_disease_control_and_prevention	icddr,b_international_centre_for_diarrhoeal_disease_research,_bangladesh
A/Bangladesh/2009/2019	centers_for_disease_control_and_prevention	institute_of_epidemiology_disease_control_and_research_(iedcr)_&_bangladesh_national_influenza_centre_(nic)
A/Bangladesh/2011/2019	centers_for_disease_control_and_prevention	icddr,b_international_centre_for_diarrhoeal_disease_research,_bangladesh
A/Bangladesh/1374/2020	centers_for_disease_control_and_prevention	institute_of_epidemiology_disease_control_and_research_(iedcr)_&_bangladesh_national_influenza_centre_(nic)
A/Bangladesh/1190610014/2019	centers_for_disease_control_and_prevention	icddr,b_international_centre_for_diarrhoeal_disease_research,_bangladesh
A/Bangladesh/1190710027/2019	centers_for_disease_control_and_prevention	icddr,b_international_centre_for_diarrhoeal_disease_research,_bangladesh
A/Kanagawa/AC1807/2018	national_institute_of_infectious_diseases_(niid)	national_institute_of_infectious_diseases_(niid)
A/Eskilstuna/9/2019	public_health_agency_of_sweden	
A/Iquique/64938/2019	instituto_de_salud_publica_de_chile	instituto_de_salud_publica_de_chile
A/Uruguay/249/2019	centers_for_disease_control_and_prevention	departamento_de_laboratorio_de_salud_pública_(dlsp)
A/Bhutan/1058/2019	centers_for_disease_control_and_prevention	royal_centre_for_disease_control
A/Parana/1160/2019	centers_for_disease_control_and_prevention	instituto_oswaldo_cruz_fiocruz___laboratory_of_respiratory_viruses_and_measles_(lvrs)
A/Swansea/6721/2018	public_health_wales_microbiology	public_health_wales_microbiology
A/Mauritius/CHL-I92/2019	ministry_of_health_and_wellness,_mauritius	national_influenza_centre,_department_of_molecular_biology_and_virology
A/Sweden/64/2018	public_health_agency_of_sweden	
A/Barry/5359/2018	public_health_wales_microbiology_cardiff	public_health_wales_microbiology_cardiff
A/Mauritius/CHL-I1092/2018	ministry_of_health_and_wellness,_mauritius	national_influenza_centre,_department_of_molecular_biology_and_virology
A/Neath/2314/2018	public_health_wales_microbiology_cardiff	public_health_wales_microbiology_cardiff
A/Paris/2471/2018	institut_pasteur	
A/HongKong/CUHK1019/2018	chinese_university_of_hong_kong	the_chinese_university_of_hong_kong
A/Darwin/188/2018	who_collaborating_centre_for_reference_and_research_on_influenza	influenza_surveillance_centre_for_disease_control
A/Darwin/117/2018	who_collaborating_centre_for_reference_and_research_on_influenza	influenza_surveillance_centre_for_disease_control
A/Darwin/123/2018-egg	centers_for_disease_control_and_prevention	influenza_surveillance_centre_for_disease_control
A/Darwin/118/2018	who_collaborating_centre_for_reference_and_research_on_influenza	influenza_surveillance_centre_for_disease_control
A/Darwin/80/2018	who_collaborating_centre_for_reference_and_research_on_influenza	influenza_surveillance_centre_for_disease_control
A/Darwin/64/2018	who_collaborating_centre_for_reference_and_research_on_influenza	influenza_surveillance_centre_for_disease_control
A/Darwin/22/2018	who_collaborating_centre_for_reference_and_research_on_influenza	influenza_surveillance_centre_for_disease_control
A/Darwin/6/2018-egg	centers_for_disease_control_and_prevention	influenza_surveillance_centre_for_disease_control
A/Darwin/6/2018	who_collaborating_centre_for_reference_and_research_on_influenza	influenza_surveillance_centre_for_disease_control
A/Darwin/193/2018	who_collaborating_centre_for_reference_and_research_on_influenza	influenza_surveillance_centre_for_disease_control
A/Darwin/81/2018	who_collaborating_centre_for_reference_and_research_on_influenza	influenza_surveillance_centre_for_disease_control
A/Darwin/87/2018	who_collaborating_centre_for_reference_and_research_on_influenza	influenza_surveillance_centre_for_disease_control
A/Darwin/79/2018	who_collaborating_centre_for_reference_and_research_on_influenza	influenza_surveillance_centre_for_disease_control
A/Darwin/91/2018	who_collaborating_centre_for_reference_and_research_on_influenza	influenza_surveillance_centre_for_disease_control
A/Darwin/85/2018	who_collaborating_centre_for_reference_and_research_on_influenza	influenza_surveillance_centre_for_disease_control
A/Darwin/75/2018	who_collaborating_centre_for_reference_and_research_on_influenza	influenza_surveillance_centre_for_disease_control
A/Darwin/74/2018	who_collaborating_centre_for_reference_and_research_on_influenza	influenza_surveillance_centre_for_disease_control
A/Darwin/50/2018	who_collaborating_centre_for_reference_and_research_on_influenza	influenza_surveillance_centre_for_disease_control
A/Darwin/18/2018	who_collaborating_centre_for_reference_and_research_on_influenza	influenza_surveillance_centre_for_disease_control
A/Mauritius/CHL-I345/2019	ministry_of_health_and_wellness,_mauritius	national_influenza_centre,_department_of_molecular_biology_and_virology
A/Victoria/950/2019	who_collaborating_centre_for_reference_and_research_on_influenza	royal_chidrens_hospital
A/Victoria/726/2019	who_collaborating_centre_for_reference_and_research_on_influenza	monash_medical_centre
A/Mauritius/CHL-1875/2019	ministry_of_health_and_wellness,_mauritius	national_influenza_centre,_department_of_molecular_biology_and_virology
A/Mauritius/CHL-I-2993/2019	ministry_of_health_and_wellness,_mauritius	national_influenza_centre,_department_of_molecular_biology_and_virology
A/Mauritius/CHL-I2963/2019	ministry_of_health_and_wellness,_mauritius	national_influenza_centre,_department_of_molecular_biology_and_virology
A/SouthAustralia/211/2019	who_collaborating_centre_for_reference_and_research_on_influenza	institute_of_medical_and_veterinary_science_(imvs)
A/Bangladesh/1190610031/2019	centers_for_disease_control_and_prevention	icddr,b_international_centre_for_diarrhoeal_disease_research,_bangladesh
A/Bangladesh/5/2019	centers_for_disease_control_and_prevention	icddr,b_international_centre_for_diarrhoeal_disease_research,_bangladesh
A/Bangladesh/3/2019	centers_for_disease_control_and_prevention	institute_of_epidemiology_disease_control_and_research_(iedcr)_&_bangladesh_national_influenza_centre_(nic)
A/Bangladesh/9009/2019	centers_for_disease_control_and_prevention	institute_of_epidemiology_disease_control_and_research_(iedcr)_&_bangladesh_national_influenza_centre_(nic)
A/Bourgogne/1693/2019	institut_pasteur	
A/Newport/5104/2019	public_health_wales_microbiology_cardiff	public_health_wales_microbiology_cardiff
A/Brazil/9667/2020	centers_for_disease_control_and_prevention	instituto_adolfo_lutz
A/MinasGerais/12703/2020	centers_for_disease_control_and_prevention	instituto_oswaldo_cruz_fiocruz___laboratory_of_respiratory_viruses_and_measles_(lvrs)
A/Concepcion/57519/2019	instituto_de_salud_publica_de_chile	instituto_de_salud_publica_de_chile
A/Valparaiso/51089/2019	centers_for_disease_control_and_prevention	instituto_de_salud_publica_de_chile
A/Concepcion/57427/2019	instituto_de_salud_publica_de_chile	instituto_de_salud_publica_de_chile
A/Santiago/45736/2019	instituto_de_salud_publica_de_chile	instituto_de_salud_publica_de_chile
A/Victoria/2162/2019	who_collaborating_centre_for_reference_and_research_on_influenza	alfred_hospital
A/England/207/2019	microbiology_services_colindale,_public_health_england	microbiology_services_colindale,_public_health_england
A/Mauritius/CHL-I403/2019	ministry_of_health_and_wellness,_mauritius	national_influenza_centre,_department_of_molecular_biology_and_virology
A/Singapore/GP0684/2019	ministry_of_health,_singapore	ministry_of_health,_singapore
A/StPetersburg/RII-1200S/2019	who_national_influenza_centre_russian_federation	research_institute_of_influenza,_ministry_of_healthcare_of_the_russian_federation
A/HongKong/105/2019	centers_for_disease_control_and_prevention	government_virus_unit
A/Canberra/58/2019	who_collaborating_centre_for_reference_and_research_on_influenza	canberra_hospital
A/TEST/MY/617/2019	institute_for_medical_research	institut_penyelidikan_perubatan
A/TEST/Thailand/629/2019	national_instutute_of_health	thai_national_influenza_center
A/Vladivostok/112/2019	centers_for_disease_control_and_prevention	ivanovsky_research_institute_of_virology_rams
A/Singapore/GP0445/2019	ministry_of_health,_singapore	ministry_of_health,_singapore
A/Iquique/58213/2019	instituto_de_salud_publica_de_chile	instituto_de_salud_publica_de_chile
A/Bangladesh/15/2019	centers_for_disease_control_and_prevention	institute_of_epidemiology_disease_control_and_research_(iedcr)_&_bangladesh_national_influenza_centre_(nic)
A/Bangladesh/1706/2019	centers_for_disease_control_and_prevention	institute_of_epidemiology_disease_control_and_research_(iedcr)_&_bangladesh_national_influenza_centre_(nic)
A/Santiago/51970/2019	instituto_de_salud_publica_de_chile	instituto_de_salud_publica_de_chile
A/Iquique/63555/2019	instituto_de_salud_publica_de_chile	instituto_de_salud_publica_de_chile
A/Concepcion/53508/2019	instituto_de_salud_publica_de_chile	instituto_de_salud_publica_de_chile
A/Concepcion/66981/2019	instituto_de_salud_publica_de_chile	instituto_de_salud_publica_de_chile
A/Singapore/MOH0120/2019	ministry_of_health,_singapore	ministry_of_health,_singapore
A/Singapore/TT0744/2019	ministry_of_health,_singapore	ministry_of_health,_singapore
A/HongKong/CUHK1049/2019	chinese_university_of_hong_kong	the_chinese_university_of_hong_kong
A/NewMexico/11187/2020	u.s._air_force_school_of_aerospace_medicine	u.s._air_force_school_of_aerospace_medicine_
A/California/248/2019	centers_for_disease_control_and_prevention	california_department_of_health_services
A/Hawaii/10297/2019	u.s._air_force_school_of_aerospace_medicine	u.s._air_force_school_of_aerospace_medicine_
A/Arizona/25/2019-egg	centers_for_disease_control_and_prevention	arizona_department_of_health_services
A/Arizona/24/2019	centers_for_disease_control_and_prevention	arizona_department_of_health_services
A/Arizona/25/2019	centers_for_disease_control_and_prevention	arizona_department_of_health_services
A/Arizona/24/2019-egg	centers_for_disease_control_and_prevention	arizona_department_of_health_services
A/Sweden/68/2018	public_health_agency_of_sweden	
A/Nigeria/4098/2019	centers_for_disease_control_and_prevention	ncdc_public_health_reference_laboratory
A/NewCaledonia/56/2019	who_collaborating_centre_for_reference_and_research_on_influenza	institut_pasteur_new_caledonia
A/NewCaledonia/45/2019	who_collaborating_centre_for_reference_and_research_on_influenza	institut_pasteur_new_caledonia
A/Singapore/CGH0012/2020	ministry_of_health,_singapore	ministry_of_health,_singapore
A/Victoria/116/2020	who_collaborating_centre_for_reference_and_research_on_influenza	alfred_hospital
A/Lao/469/2020	centers_for_disease_control_and_prevention	national_center_for_laboratory_and_epidemiology
A/StPetersburg/RII-1143S/2020	who_national_influenza_centre_russian_federation	research_institute_of_influenza,_ministry_of_healthcare_of_the_russian_federation
A/Bhutan/329/2020	centers_for_disease_control_and_prevention	royal_centre_for_disease_control
A/India/4033/2020	centers_for_disease_control_and_prevention	national_institute_of_virology
A/India/588/2020	centers_for_disease_control_and_prevention	national_institute_of_virology
A/Omsk/14/2020	who_national_influenza_centre_russian_federation	"fbuz_""center_hyhiene_and_epidemiology"""
A/Victoria/92/2020	who_collaborating_centre_for_reference_and_research_on_influenza	alfred_hospital
A/Texas/206/2020	centers_for_disease_control_and_prevention	baylor_scott_and_white_health
A/California/11966/2020	u.s._air_force_school_of_aerospace_medicine	u.s._air_force_school_of_aerospace_medicine_
A/Michigan/UOM150524000085/2020	marshfield_clinic_research_institute	university_of_michigan_clinical_microbiology_laboratory
A/Iowa/14/2020	centers_for_disease_control_and_prevention	iowa_state_hygienic_laboratory
A/Tennessee/34/2020	centers_for_disease_control_and_prevention	vanderbilt_university_medical_center
A/Guam/11124/2020	u.s._air_force_school_of_aerospace_medicine	u.s._air_force_school_of_aerospace_medicine_
A/California/17/2020-egg	centers_for_disease_control_and_prevention	california_department_of_health_services
A/California/17/2020	centers_for_disease_control_and_prevention	california_department_of_health_services
A/Washington/S26669/2020		the_brotman_baty_institute_for_precision_medicine
A/Iowa/14/2020-egg	centers_for_disease_control_and_prevention	iowa_state_hygienic_laboratory
A/Christchurch/503/2020	who_collaborating_centre_for_reference_and_research_on_influenza	canterbury_health_services
A/Sydney/26/2020	who_collaborating_centre_for_reference_and_research_on_influenza	childrens_hospital_westmead
A/Niigata/458/2020	national_institute_of_infectious_diseases_(niid)	niigata_prefectural_institute_of_public_health_and_environmental_sciences
A/Japan/11556/2020	u.s._air_force_school_of_aerospace_medicine	u.s._air_force_school_of_aerospace_medicine_
A/Guam/11123/2020	u.s._air_force_school_of_aerospace_medicine	u.s._air_force_school_of_aerospace_medicine_
A/Indiana/2/2020-egg	centers_for_disease_control_and_prevention	indiana_state_department_of_health_laboratories
A/Indiana/2/2020	centers_for_disease_control_and_prevention	indiana_state_department_of_health_laboratories
A/Singapore/KK0621/2020	ministry_of_health,_singapore	ministry_of_health,_singapore
A/Guangdong-Maonan/197/2020-egg	centers_for_disease_control_and_prevention	who_chinese_national_influenza_center
A/Guangdong-Maonan/197/2020	centers_for_disease_control_and_prevention	who_chinese_national_influenza_center
A/Guangdong-Maonan/SWL197/2020	who_collaborating_centre_for_reference_and_research_on_influenza	who_chinese_national_influenza_center
A/Darwin/115/2020	who_collaborating_centre_for_reference_and_research_on_influenza	influenza_surveillance_centre_for_disease_control
A/NewYork/PV08766/2020	icahn_school_of_medicine_at_mount_sinai	icahn_school_of_medicine_at_mount_sinai
A/Victoria/101/2020	who_collaborating_centre_for_reference_and_research_on_influenza	alfred_hospital
A/Perth/42/2020	who_collaborating_centre_for_reference_and_research_on_influenza	pathwest_qe_ii_medical_centre
A/Denmark/1515/2020	statens_serum_institute	statens_serumm_institute
A/Bolivia/541/2020	centers_for_disease_control_and_prevention	instituto_nacional_de_laboratoriosde_salud_(inlasa)
A/Argentina/69/2020	centers_for_disease_control_and_prevention	instituto_nacional_de_enfermedades_infecciosas
A/NorthCarolina/1/2021	centers_for_disease_control_and_prevention	north_carolina_state_laboratory_of_public_health
A/Bahia/477890/2020	laborat?rio_central_de_sa?de_publica_do_estado_da_bahia	laboratório_central_de_saúde_pública_professor_gonçalo_moniz,_lacen_ba
A/Bolivia/495/2020	centers_for_disease_control_and_prevention	instituto_nacional_de_laboratoriosde_salud_(inlasa)
A/Parana/40/2020	centers_for_disease_control_and_prevention	instituto_oswaldo_cruz_fiocruz___laboratory_of_respiratory_viruses_and_measles_(lvrs)
A/Centre/165/2020	institut_pasteur	institut_pasteur
A/Washington/S26804/2020		the_brotman_baty_institute_for_precision_medicine
A/Belgium/IS0607/2020	sciensano	sciensano
A/NewCaledonia/2/2020	who_collaborating_centre_for_reference_and_research_on_influenza	institut_pasteur_new_caledonia
A/Darwin/123/2020	who_collaborating_centre_for_reference_and_research_on_influenza	influenza_surveillance_centre_for_disease_control
A/Singapore/GP0316/2020	ministry_of_health,_singapore	ministry_of_health,_singapore
A/Victoria/3/2020-egg	centers_for_disease_control_and_prevention	royal_chidrens_hospital
A/Kanagawa/IC1920/2020-egg	centers_for_disease_control_and_prevention	national_institute_of_infectious_diseases_(niid)
A/Kanagawa/IC1920/2020	centers_for_disease_control_and_prevention	national_institute_of_infectious_diseases_(niid)
A/Victoria/1/2020-egg	centers_for_disease_control_and_prevention	royal_chidrens_hospital
A/Fujian-Fengze/SWL11027/2020	who_chinese_national_influenza_center	who_chinese_national_influenza_center
A/Virginia/11675/2020	u.s._air_force_school_of_aerospace_medicine	u.s._air_force_school_of_aerospace_medicine_
A/HongKong/4394/2019-egg	centers_for_disease_control_and_prevention	government_virus_unit
A/Singapore/TT0168/2020	ministry_of_health,_singapore	ministry_of_health,_singapore
A/SouthKorea/11232/2020	u.s._air_force_school_of_aerospace_medicine	u.s._air_force_school_of_aerospace_medicine_
A/Sydney/16/2020	who_collaborating_centre_for_reference_and_research_on_influenza	childrens_hospital_westmead
A/Singapore/TT0430/2020	ministry_of_health,_singapore	ministry_of_health,_singapore
A/StPetersburg/RII-39/2020	who_national_influenza_centre_russian_federation	research_institute_of_influenza,_ministry_of_healthcare_of_the_russian_federation
A/StPetersburg/RII-1215S/2020	who_national_influenza_centre_russian_federation	research_institute_of_influenza,_ministry_of_healthcare_of_the_russian_federation
A/StPetersburg/RII-38/2020	who_national_influenza_centre_russian_federation	research_institute_of_influenza,_ministry_of_healthcare_of_the_russian_federation
A/Canberra/72/2020	who_collaborating_centre_for_reference_and_research_on_influenza	canberra_hospital
A/India/616/2020	centers_for_disease_control_and_prevention	national_institute_of_virology
A/England/201101056/2020	uk_health_security_agency___colindale	uk_health_security_agency___colindale
A/Yokohama/60/2020	national_institute_of_infectious_diseases_(niid)	yokohama_city_institute_of_public_health.
A/Delaware/55/2019	centers_for_disease_control_and_prevention	delaware_public_health_lab
A/Delaware/55/2019-egg	centers_for_disease_control_and_prevention	delaware_public_health_lab
A/Arkansas/8/2020	centers_for_disease_control_and_prevention	arkansas_department_of_health
A/Arkansas/8/2020-egg	centers_for_disease_control_and_prevention	arkansas_department_of_health
A/Tasmania/510/2020	who_collaborating_centre_for_reference_and_research_on_influenza	hobart_pathology
A/Bangladesh/2025/2020	centers_for_disease_control_and_prevention	icddr,b_international_centre_for_diarrhoeal_disease_research,_bangladesh
A/Brazil/7961/2020	centers_for_disease_control_and_prevention	instituto_adolfo_lutz
A/WestVirginia/3/2020	centers_for_disease_control_and_prevention	west_virginia_office_of_laboratory_services
A/Washington/87/2020	centers_for_disease_control_and_prevention	marshfield_clinic_research_foundation
A/NewYork/10508/2019	u.s._air_force_school_of_aerospace_medicine	u.s._air_force_school_of_aerospace_medicine_
A/Guam/11526/2020	u.s._air_force_school_of_aerospace_medicine	u.s._air_force_school_of_aerospace_medicine_
A/Michigan/UOMHS5802/2020	university_of_michigan	university_of_michigan_sph_epid
A/Bhutan/1629/2020	centers_for_disease_control_and_prevention	royal_centre_for_disease_control
A/Bhutan/1623/2020	centers_for_disease_control_and_prevention	royal_centre_for_disease_control
A/SouthKorea/11248/2020	u.s._air_force_school_of_aerospace_medicine	u.s._air_force_school_of_aerospace_medicine_
A/Victoria/105/2020	who_collaborating_centre_for_reference_and_research_on_influenza	alfred_hospital
A/Bahia/457805/2020	laborat?rio_central_de_sa?de_publica_do_estado_da_bahia	laboratório_central_de_saúde_pública_professor_gonçalo_moniz,_lacen_ba
A/Singapore/NUH0216/2020	ministry_of_health,_singapore	ministry_of_health,_singapore
A/Washington/S26459/2020		the_brotman_baty_institute_for_precision_medicine
A/Washington/155/2020	centers_for_disease_control_and_prevention	marshfield_clinic_research_foundation
A/India/965/2020	centers_for_disease_control_and_prevention	national_institute_of_virology
A/Bhutan/312/2020	centers_for_disease_control_and_prevention	royal_centre_for_disease_control
A/SouthKorea/12025/2020	u.s._air_force_school_of_aerospace_medicine	u.s._air_force_school_of_aerospace_medicine_
A/Virginia/11927/2020	u.s._air_force_school_of_aerospace_medicine	u.s._air_force_school_of_aerospace_medicine_
A/England/11976/2020	u.s._air_force_school_of_aerospace_medicine	u.s._air_force_school_of_aerospace_medicine_
A/Bhutan/1218/2022	centers_for_disease_control_and_prevention	royal_centre_for_disease_control
A/India/Pun-NIVARI2230/2022	who_collaborating_centre_for_reference_and_research_on_influenza	icmr_national_institute_of_virology
A/Perth/21/2022	who_collaborating_centre_for_reference_and_research_on_influenza	pathwest_qe_ii_medical_centre
A/Perth/167/2022	who_collaborating_centre_for_reference_and_research_on_influenza	pathwest_qe_ii_medical_centre
A/Bhutan/951/2020	centers_for_disease_control_and_prevention	royal_centre_for_disease_control
A/SriLanka/42/2020	who_collaborating_centre_for_reference_and_research_on_influenza	medical_research_institute
A/StPetersburg/RII-27/2020	who_national_influenza_centre_russian_federation	research_institute_of_influenza,_ministry_of_healthcare_of_the_russian_federation
A/Victoria/2570/2019	centers_for_disease_control_and_prevention	alfred_hospital
A/Bangladesh/1877/2020	centers_for_disease_control_and_prevention	institute_of_epidemiology_disease_control_and_research_(iedcr)_&_bangladesh_national_influenza_centre_(nic)
A/SouthAustralia/11/2020	who_collaborating_centre_for_reference_and_research_on_influenza	institute_of_medical_and_veterinary_science_(imvs)
A/Singapore/GP0268/2020	ministry_of_health,_singapore	ministry_of_health,_singapore
A/Tasmania/507/2020	who_collaborating_centre_for_reference_and_research_on_influenza	hobart_pathology
A/SouthKorea/11664/2020	u.s._air_force_school_of_aerospace_medicine	u.s._air_force_school_of_aerospace_medicine_
A/Bangladesh/640/2020	centers_for_disease_control_and_prevention	institute_of_epidemiology_disease_control_and_research_(iedcr)_&_bangladesh_national_influenza_centre_(nic)
A/Singapore/NUH0149/2020	ministry_of_health,_singapore	ministry_of_health,_singapore
A/Utsunomiya/232/2020	national_institute_of_infectious_diseases_(niid)	utsunomiya_city_institute_of_public_health_and_environment_science
A/Texas/190/2020	centers_for_disease_control_and_prevention	baylor_scott_and_white_health
A/Bhutan/1142/2020	centers_for_disease_control_and_prevention	royal_centre_for_disease_control
A/StPetersburg/RII-540S/2019	who_national_influenza_centre_russian_federation	research_institute_of_influenza,_ministry_of_healthcare_of_the_russian_federation
A/StPetersburg/RII-2933S/2020	who_national_influenza_centre_russian_federation	research_institute_of_influenza,_ministry_of_healthcare_of_the_russian_federation
A/Darwin/117/2020	who_collaborating_centre_for_reference_and_research_on_influenza	influenza_surveillance_centre_for_disease_control
A/India/619/2020	centers_for_disease_control_and_prevention	national_institute_of_virology
A/SouthKorea/11235/2020	u.s._air_force_school_of_aerospace_medicine	u.s._air_force_school_of_aerospace_medicine_
A/SouthKorea/11233/2020	u.s._air_force_school_of_aerospace_medicine	u.s._air_force_school_of_aerospace_medicine_
A/Ankara/14016-268/2020	gen_era_diagnostics_corporation	turkish_society_of_internal_medicine
A/SouthKorea/11263/2020	u.s._air_force_school_of_aerospace_medicine	u.s._air_force_school_of_aerospace_medicine_
A/Denmark/288/2020	statens_serum_institute	statens_serum_institute
A/Macedonia/412/2020	centers_for_disease_control_and_prevention	institute_of_public_health_(macedonia)
A/Brazil/9080/2020	centers_for_disease_control_and_prevention	instituto_adolfo_lutz
A/Washington/S26619/2020		the_brotman_baty_institute_for_precision_medicine
A/Bangladesh/10008/2020	centers_for_disease_control_and_prevention	icddr,b_international_centre_for_diarrhoeal_disease_research,_bangladesh
A/Japan/11995/2020	u.s._air_force_school_of_aerospace_medicine	u.s._air_force_school_of_aerospace_medicine_
A/Bangladesh/1797/2020	centers_for_disease_control_and_prevention	institute_of_epidemiology_disease_control_and_research_(iedcr)_&_bangladesh_national_influenza_centre_(nic)
A/Singapore/CGH0015/2020	ministry_of_health,_singapore	ministry_of_health,_singapore
A/Singapore/MOH0005/2020	ministry_of_health,_singapore	ministry_of_health,_singapore
A/Wisconsin/27/2020	centers_for_disease_control_and_prevention	marshfield_clinic_research_foundation
A/Mississippi/10/2020-egg	centers_for_disease_control_and_prevention	mississippi_public_health_laboratory
A/Mississippi/10/2020	centers_for_disease_control_and_prevention	mississippi_public_health_laboratory
A/Washington/S26652/2020		the_brotman_baty_institute_for_precision_medicine
A/Pakistan/264/2019	centers_for_disease_control_and_prevention	national_institute_of_health
A/Indonesia/NIHRDMLG715/2020	who_collaborating_centre_for_reference_and_research_on_influenza	ministry_of_health,_nihrd
A/India/CT-AIIMSR-202/2022		import_from_public_domain
A/India/CT-AIIMSR-572/2022		import_from_public_domain
A/India/CT-AIIMSR-393/2022		import_from_public_domain
A/India/CT-AIIMSR-210/2022		import_from_public_domain
A/India/CT-AIIMSR-596/2022		import_from_public_domain
A/India/CT-AIIMSR-348/2022		import_from_public_domain
A/India/CT-AIIMSR-557/2022		import_from_public_domain
A/Seeb/72127834/2021	crick_worldwide_influenza_centre	central_public_health_laboratory,_ministry_of_health
A/AlMusannah/72128568/2021	crick_worldwide_influenza_centre	central_public_health_laboratory,_ministry_of_health
A/Manitoba/RV09184/2021	centers_for_disease_control_and_prevention	national_microbiology_laboratory,_public_health_agency_of_canada_(phac)
A/Bhutan/FLU-BTD-01345/2022	usamc_armed_forces_medical_research_institute_of_medial_sciences	usamc_afrims_department_of_virology
A/India/Karad-NIVINF23304/2023	icmr_national_institute_of_virology	icmr_national_institute_of_virology
A/India/Pune-NIVCoV360441/2021	icmr_national_institute_of_virology	icmr_national_institute_of_virology
A/Bangladesh/9004/2021	centers_for_disease_control_and_prevention	icddr,b_international_centre_for_diarrhoeal_disease_research,_bangladesh
A/Bangladesh/4031/2021	centers_for_disease_control_and_prevention	icddr,b_international_centre_for_diarrhoeal_disease_research,_bangladesh
A/India/Tripura-NIVQC349/2021	icmr_national_institute_of_virology	icmr_national_institute_of_virology
A/Bangladesh/3022/2021	centers_for_disease_control_and_prevention	icddr,b_international_centre_for_diarrhoeal_disease_research,_bangladesh
A/India/Pune-NIVQC40/2021	icmr_national_institute_of_virology	icmr_national_institute_of_virology
A/Bangladesh/4014/2021	centers_for_disease_control_and_prevention	icddr,b_international_centre_for_diarrhoeal_disease_research,_bangladesh
A/Nizwa/72126242/2021	crick_worldwide_influenza_centre	central_public_health_laboratory,_ministry_of_health
A/Darwin/204/2022	who_collaborating_centre_for_reference_and_research_on_influenza	royal_darwin_hospital
A/Darwin/141/2022	who_collaborating_centre_for_reference_and_research_on_influenza	royal_darwin_hospital
A/Darwin/5/2022	who_collaborating_centre_for_reference_and_research_on_influenza	royal_darwin_hospital
A/Darwin/53/2022	who_collaborating_centre_for_reference_and_research_on_influenza	royal_darwin_hospital
A/Darwin/300/2022	who_collaborating_centre_for_reference_and_research_on_influenza	royal_darwin_hospital
A/Darwin/368/2022	who_collaborating_centre_for_reference_and_research_on_influenza	royal_darwin_hospital
A/India/PUN-NIV321627/2021	centers_for_disease_control_and_prevention	national_institute_of_virology
A/Bangladesh/3015/2021	centers_for_disease_control_and_prevention	icddr,b_international_centre_for_diarrhoeal_disease_research,_bangladesh
A/Saskatchewan/RV00262/2022	centers_for_disease_control_and_prevention	national_microbiology_laboratory,_public_health_agency_of_canada_(phac)
A/Saskatchewan/RV00261/2022	centers_for_disease_control_and_prevention	national_microbiology_laboratory,_public_health_agency_of_canada_(phac)
A/Bangladesh/3211111022/2021	centers_for_disease_control_and_prevention	icddr,b_international_centre_for_diarrhoeal_disease_research,_bangladesh
A/Michigan/HFHSL360216486/2022	university_of_michigan	henry_ford_health_microbiology_laboratory
A/Vietnam/27/2023	centers_for_disease_control_and_prevention	pasteur_institute,_influenza_laboratory
A/Lao/925-0413/2022	moru_tropical_health_network	lao_oxford_mahosot_wellcome_trust_research_unit_(lomwru)
A/Lao/820-0945/2022	moru_tropical_health_network	lao_oxford_mahosot_wellcome_trust_research_unit_(lomwru)
A/Singapore/KK0255/2022	ministry_of_health,_singapore	ministry_of_health,_singapore
A/Singapore/TT0247/2022	ministry_of_health,_singapore	ministry_of_health,_singapore
A/India/Pun-NIVSARI1486/2022	icmr_national_institute_of_virology	icmr_national_institute_of_virology
A/India/Pun-NIV226265/2022	icmr_national_institute_of_virology	icmr_national_institute_of_virology
A/StPetersburg/RII-117/2022	who_national_influenza_centre_russian_federation	research_institute_of_influenza,_ministry_of_healthcare_of_the_russian_federation
A/Pakistan/GIHSN/ICT/1547/2023	national_institute_of_health_pakistan	national_institute_of_health
A/England/224180783/2022	uk_health_security_agency___colindale	uk_health_security_agency___colindale
A/Victoria/5212/2022	who_collaborating_centre_for_reference_and_research_on_influenza	royal_chidrens_hospital
A/Wellington/5/2023	who_collaborating_centre_for_reference_and_research_on_influenza	institute_of_environmental_science_and_research_(esr)
A/Brisbane/24/2023	who_collaborating_centre_for_reference_and_research_on_influenza	4cyte_pathology
A/PhraNakhonSiAyutthaya/P2499/2023	thai_national_influenza_center	thai_national_influenza_center
A/Cambodia/IAHC230133/2023		national_institute_of_public_health
A/NakhonPhanom/P3470/2023	thai_national_influenza_center	thai_national_influenza_center
A/RioGrandedoSul/28747/2022	instituto_oswaldo_cruz_fiocruz___laboratory_of_respiratory_viruses_and_measles_(lvrs)	lacen_sc
A/Parana/26164/2022	instituto_oswaldo_cruz_fiocruz___laboratory_of_respiratory_viruses_and_measles_(lvrs)	laboratório_central_do_estado_do_paraná___lacen/pr
A/Singapore/SAR48992/2022	ministry_of_health,_singapore	ministry_of_health,_singapore
A/Bahrain/1995/2022	centers_for_disease_control_and_prevention	ministry_of_health_bahrain
A/Nepal/PPHL36/2022	national_institute_of_infectious_diseases_(niid)	national_public_health_laboratory
A/Michigan/UOM10048929352/2022	university_of_michigan	university_of_michigan_clinical_microbiology_laboratory
A/Singapore/KK0948/2022	ministry_of_health,_singapore	ministry_of_health,_singapore
A/Singapore/NTF0038/2022	ministry_of_health,_singapore	ministry_of_health,_singapore
A/Michigan/19/2021	centers_for_disease_control_and_prevention	michigan_department_of_community_health
A/India/Pune-NIVCOV2220829/2022	icmr_national_institute_of_virology	icmr_national_institute_of_virology
A/India/Pune-NIVSARI_22_884/2022	icmr_national_institute_of_virology	icmr_national_institute_of_virology
A/India/Pune-NIVCOV2220907/2022	icmr_national_institute_of_virology	icmr_national_institute_of_virology
A/Georgia/1/2022	centers_for_disease_control_and_prevention	georgia_public_health_laboratory
A/Singapore/GP6591/2022	ministry_of_health,_singapore	ministry_of_health,_singapore
A/SuratThani/P578/2023	thai_national_influenza_center	thai_national_influenza_center
A/Peru/GIHSN-HCL023026892201/2022	cnr_virus_des_infections_respiratoires,_france_sud	center_for_veterinary_diagnostics___regional_animal_health_office_no.6
A/India/Pune-NIVARI_22_28/2022	icmr_national_institute_of_virology	icmr_national_institute_of_virology
A/India/Pun-NIVCOV2220294/2022	who_collaborating_centre_for_reference_and_research_on_influenza	icmr_national_institute_of_virology
A/India/Pune-NIVCOV2220294/2022	icmr_national_institute_of_virology	icmr_national_institute_of_virology
A/AlMusannah/72127182/2021	crick_worldwide_influenza_centre	central_public_health_laboratory,_ministry_of_health
A/India/Pune-NIVCOV2220934/2022	icmr_national_institute_of_virology	icmr_national_institute_of_virology
A/India/Pun-NIVARI60/2022	icmr_national_institute_of_virology	icmr_national_institute_of_virology
A/Singapore/KK0533/2022	ministry_of_health,_singapore	ministry_of_health,_singapore
A/Arizona/70/2022	centers_for_disease_control_and_prevention	arizona_department_of_health_services
A/India/Pun-NIVSARI1613/2022	icmr_national_institute_of_virology	icmr_national_institute_of_virology
A/AbuDhabi/3420357/2021	centers_for_disease_control_and_prevention	shaikh_khalifa_medical_city
A/England/221200255/2022	uk_health_security_agency___colindale	uk_health_security_agency___colindale
A/Kenya/181/2022	centers_for_disease_control_and_prevention	cdc_kenya
A/Kenya/163/2022	centers_for_disease_control_and_prevention	cdc_kenya
A/India/Pune-NIVCOV2220832/2022	icmr_national_institute_of_virology	icmr_national_institute_of_virology
A/Singapore/TT0086/2022	ministry_of_health,_singapore	ministry_of_health,_singapore
A/India/Pune-NIVCOV2221425/2022	icmr_national_institute_of_virology	icmr_national_institute_of_virology
A/India/Pune-NIVCOV2221424/2022	icmr_national_institute_of_virology	icmr_national_institute_of_virology
A/NewYork/4/2021	centers_for_disease_control_and_prevention	new_york_state_department_of_health
A/Bangladesh/1693/2021	centers_for_disease_control_and_prevention	institute_of_epidemiology_disease_control_and_research_(iedcr)_&_bangladesh_national_influenza_centre_(nic)
A/Bangladesh/1691/2021	centers_for_disease_control_and_prevention	institute_of_epidemiology_disease_control_and_research_(iedcr)_&_bangladesh_national_influenza_centre_(nic)
A/Sydney/5/2021	crick_worldwide_influenza_centre	who_collaborating_centre_for_reference_and_research_on_influenza
A/Sydney/5/2021-egg	crick_worldwide_influenza_centre	who_collaborating_centre_for_reference_and_research_on_influenza
A/Bangladesh/1211004014/2021	centers_for_disease_control_and_prevention	icddr,b_international_centre_for_diarrhoeal_disease_research,_bangladesh
A/Bangladesh/3021/2021	centers_for_disease_control_and_prevention	icddr,b_international_centre_for_diarrhoeal_disease_research,_bangladesh
A/Seeb/72130049/2021	crick_worldwide_influenza_centre	central_public_health_laboratory,_ministry_of_health
A/Bangladesh/3014/2021	centers_for_disease_control_and_prevention	icddr,b_international_centre_for_diarrhoeal_disease_research,_bangladesh
A/Bawshar/52119648/2021	crick_worldwide_influenza_centre	central_public_health_laboratory,_ministry_of_health
A/Bangladesh/4046/2021	centers_for_disease_control_and_prevention	icddr,b_international_centre_for_diarrhoeal_disease_research,_bangladesh
A/Bangladesh/8015/2021	centers_for_disease_control_and_prevention	icddr,b_international_centre_for_diarrhoeal_disease_research,_bangladesh
A/Denmark/20/2021	statens_serum_institute	statens_serum_institute
A/Denmark/18/2021	statens_serum_institute	statens_serum_institute
A/AbuDhabi/9657699/2021	centers_for_disease_control_and_prevention	shaikh_khalifa_medical_city
A/Bahrain/4067/2021	centers_for_disease_control_and_prevention	ministry_of_health_bahrain
A/Bahrain/3664/2021	centers_for_disease_control_and_prevention	ministry_of_health_bahrain
A/Bahrain/3174/2021	centers_for_disease_control_and_prevention	ministry_of_health_bahrain
A/Newcastle/34/2022	who_collaborating_centre_for_reference_and_research_on_influenza	john_hunter_hospital
A/Sydney/225/2022	who_collaborating_centre_for_reference_and_research_on_influenza	childrens_hospital_westmead
A/Sydney/1135/2022	who_collaborating_centre_for_reference_and_research_on_influenza	childrens_hospital_westmead
A/Victoria/4456/2022	who_collaborating_centre_for_reference_and_research_on_influenza	who_collaborating_centre_for_reference_and_research_on_influenza
A/Brisbane/797/2022	who_collaborating_centre_for_reference_and_research_on_influenza	queensland_health_forensic_and_scientific_services_
A/Sydney/851/2022	who_collaborating_centre_for_reference_and_research_on_influenza	childrens_hospital_westmead
A/Sydney/644/2022	who_collaborating_centre_for_reference_and_research_on_influenza	prince_of_wales_hospital
A/Canberra/113/2022	who_collaborating_centre_for_reference_and_research_on_influenza	canberra_hospital
A/Darwin/2000/2022	who_collaborating_centre_for_reference_and_research_on_influenza	royal_darwin_hospital
A/Darwin/1049/2022	who_collaborating_centre_for_reference_and_research_on_influenza	royal_darwin_hospital
A/BayofPlenty/5/2022	who_collaborating_centre_for_reference_and_research_on_influenza	institute_of_environmental_science_and_research_(esr)
A/Sydney/1222/2022	who_collaborating_centre_for_reference_and_research_on_influenza	childrens_hospital_westmead
A/Sydney/844/2022	who_collaborating_centre_for_reference_and_research_on_influenza	childrens_hospital_westmead
A/Sydney/483/2022	who_collaborating_centre_for_reference_and_research_on_influenza	prince_of_wales_hospital
A/Sydney/870/2022	who_collaborating_centre_for_reference_and_research_on_influenza	childrens_hospital_westmead
A/Pakistan/GIHSN/ICT/1780/2023	national_institute_of_health_pakistan	national_institute_of_health
A/Wellington/58/2023	centers_for_disease_control_and_prevention	institute_of_environmental_science_&_research
A/Victoria/473/2023	who_collaborating_centre_for_reference_and_research_on_influenza	austin_health
A/Wellington/55/2023	centers_for_disease_control_and_prevention	institute_of_environmental_science_&_research
A/Auckland/86/2023	centers_for_disease_control_and_prevention	institute_of_environmental_science_&_research
A/Canberra/159/2023	who_collaborating_centre_for_reference_and_research_on_influenza	canberra_hospital
A/Wakayama/13/2023	national_institute_of_infectious_diseases_(niid)	wakayama_prefectural_research_center_of_environment_and_public_health
A/Hungary/34/2023	crick_worldwide_influenza_centre	central_veterinary_institute_budapest
A/Victoria/153/2023	who_collaborating_centre_for_reference_and_research_on_influenza	austin_health
A/Auckland/85/2023	centers_for_disease_control_and_prevention	institute_of_environmental_science_&_research
A/Darwin/128/2023	who_collaborating_centre_for_reference_and_research_on_influenza	royal_darwin_hospital
A/Brisbane/143/2023	who_collaborating_centre_for_reference_and_research_on_influenza	queensland_children's_hospital
A/Michigan/UM-G43R14H7/2023		
A/Singapore/NUH1191/2023	ministry_of_health,_singapore	ministry_of_health,_singapore
A/Indonesia/BIOKES-IJPR506/2024	balai_besar_laboratorium_biologi_kesehatan	balai_besar_laboratorium_biologi_kesehatan
A/Indonesia/BIOKES-IDSW0082/2023	balai_besar_laboratorium_biologi_kesehatan	balai_besar_laboratorium_biologi_kesehatan
A/Canberra/368/2023	who_collaborating_centre_for_reference_and_research_on_influenza	canberra_hospital
A/Michigan/UM-10055141193/2023	university_of_michigan,_lauring_lab,_department_of_microbiology_and_immunology	university_of_michigan,_lauring_lab,_department_of_microbiology_and_immunology
A/ChiangRai/4887/2023	centers_for_disease_control_and_prevention	who_national_influenza_centre,_national_institute_of_medical_research_(nimr)
A/Kanagawa/AC2321/2023	national_institute_of_infectious_diseases_(niid)	national_institute_of_infectious_diseases_(niid)
A/Michigan/UM-G43R62S8/2024		university_of_michigan,_lauring_lab,_department_of_microbiology_and_immunology
A/Connecticut/1/2021	centers_for_disease_control_and_prevention	connecticut_department._of_public_health
A/TimorLeste/238/2022	who_collaborating_centre_for_reference_and_research_on_influenza	laboratório_nacional_da_saúde
A/Madagascar/357/2023	centers_for_disease_control_and_prevention	institut_pasteur_de_madagascar
A/Madagascar/268/2023	centers_for_disease_control_and_prevention	institut_pasteur_de_madagascar
A/AbuDhabi/4466/2023	centers_for_disease_control_and_prevention	shaikh_khalifa_medical_city
A/Madagascar/7647/2022	centers_for_disease_control_and_prevention	institut_pasteur_de_madagascar
A/Bahrain/9931/2021	centers_for_disease_control_and_prevention	ministry_of_health_bahrain
A/England/224880783/2022	uk_health_security_agency___colindale	uk_health_security_agency___colindale
A/India/Pune-Nivcov2220295/2022	centers_for_disease_control_and_prevention	national_institute_of_virology
A/Perth/433/2023	who_collaborating_centre_for_reference_and_research_on_influenza	pathwest_qe_ii_medical_centre
A/India/Pune-NIVCOV2221048/2022	icmr_national_institute_of_virology	icmr_national_institute_of_virology
A/Sydney/44/2023	centers_for_disease_control_and_prevention	prince_of_wales_hospital
A/Lao/1524/2023	centers_for_disease_control_and_prevention	national_center_for_laboratory_and_epidemiology
A/Bangladesh/2066/2021	centers_for_disease_control_and_prevention	institute_of_epidemiology_disease_control_and_research_(iedcr)_&_bangladesh_national_influenza_centre_(nic)
A/Bangladesh/537/2021	centers_for_disease_control_and_prevention	institute_of_epidemiology_disease_control_and_research_(iedcr)_&_bangladesh_national_influenza_centre_(nic)
A/Bangladesh/1210810009/2021	centers_for_disease_control_and_prevention	icddr,b_international_centre_for_diarrhoeal_disease_research,_bangladesh
A/Bangladesh/3005/2021	centers_for_disease_control_and_prevention	icddr,b_international_centre_for_diarrhoeal_disease_research,_bangladesh
A/NewYork/PV20745/2021	icahn_school_of_medicine_at_mount_sinai	icahn_school_of_medicine_at_mount_sinai
A/NewYork/PV20765/2021	icahn_school_of_medicine_at_mount_sinai	icahn_school_of_medicine_at_mount_sinai
A/Bangladesh/4028/2021	centers_for_disease_control_and_prevention	icddr,b_international_centre_for_diarrhoeal_disease_research,_bangladesh
A/Bahrain/2446/2021	centers_for_disease_control_and_prevention	ministry_of_health_bahrain
A/Brisbane/42/2023	who_collaborating_centre_for_reference_and_research_on_influenza	queensland_children's_hospital
A/Brisbane/65/2023	who_collaborating_centre_for_reference_and_research_on_influenza	4cyte_pathology
A/Bangladesh/3210910019/2021	centers_for_disease_control_and_prevention	icddr,b_international_centre_for_diarrhoeal_disease_research,_bangladesh
A/NewYork/PV34639/2021	icahn_school_of_medicine_at_mount_sinai	icahn_school_of_medicine_at_mount_sinai
A/England/214561047/2021	uk_health_security_agency___colindale	uk_health_security_agency___colindale
A/Bangladesh/2290/2021	centers_for_disease_control_and_prevention	institute_of_epidemiology_disease_control_and_research_(iedcr)_&_bangladesh_national_influenza_centre_(nic)
A/Sohar/52121743/2021	crick_worldwide_influenza_centre	central_public_health_laboratory,_ministry_of_health
A/Kenya/133/2022	centers_for_disease_control_and_prevention	cdc_kenya
A/Bangladesh/2012/2021	centers_for_disease_control_and_prevention	icddr,b_international_centre_for_diarrhoeal_disease_research,_bangladesh
A/Bangladesh/20/2021	centers_for_disease_control_and_prevention	icddr,b_international_centre_for_diarrhoeal_disease_research,_bangladesh
A/Indonesia/BIOKES-IMKS0780/2022	balai_besar_laboratorium_biologi_kesehatan	balai_besar_laboratorium_biologi_kesehatan
A/Indonesia/BIOKES-IBPP1581/2022	balai_besar_laboratorium_biologi_kesehatan	balai_besar_laboratorium_biologi_kesehatan
A/Indonesia/BIOKES-IBJM1249/2022	balai_besar_laboratorium_biologi_kesehatan	balai_besar_laboratorium_biologi_kesehatan
A/Indonesia/BIOKES-IBJM1255/2022	balai_besar_laboratorium_biologi_kesehatan	balai_besar_laboratorium_biologi_kesehatan
A/Bishkek/22/2022	crick_worldwide_influenza_centre	national_virology_laboratory,_center_microbiological_investigations
A/Newcastle/240/2022	who_collaborating_centre_for_reference_and_research_on_influenza	john_hunter_hospital
A/Singapore/GP10553/2022	ministry_of_health,_singapore	ministry_of_health,_singapore
A/Singapore/KK649/2022	ministry_of_health,_singapore	ministry_of_health,_singapore
A/Singapore/KK0599/2022	ministry_of_health,_singapore	ministry_of_health,_singapore
A/Indonesia/BIOKES-IMKS0774/2022	balai_besar_laboratorium_biologi_kesehatan	balai_besar_laboratorium_biologi_kesehatan
A/Indonesia/BIOKES-IMKS0775/2022	balai_besar_laboratorium_biologi_kesehatan	balai_besar_laboratorium_biologi_kesehatan
A/Indonesia/BIOKES-IBBL0660/2022	balai_besar_laboratorium_biologi_kesehatan	balai_besar_laboratorium_biologi_kesehatan
A/Indonesia/BIOKES-IMKS0806/2022	balai_besar_laboratorium_biologi_kesehatan	balai_besar_laboratorium_biologi_kesehatan
A/Bangladesh/8001/2021	centers_for_disease_control_and_prevention	icddr,b_international_centre_for_diarrhoeal_disease_research,_bangladesh
A/SouthAfrica/R16728/2021	national_institute_for_communicable_diseases_(nicd)	national_institute_for_communicable_diseases_(nicd)
A/SouthAfrica/R05744/2022	who_collaborating_centre_for_reference_and_research_on_influenza	national_institute_for_communicable_disease
A/SouthAfrica/R07262/2022	centers_for_disease_control_and_prevention	national_institute_for_communicable_disease
A/SouthAfrica/R06390/2022	national_institute_for_communicable_diseases_(nicd)	national_institute_for_communicable_diseases_(nicd)
A/Singapore/NUH0034/2022	ministry_of_health,_singapore	ministry_of_health,_singapore
A/Lao/4691/2023	centers_for_disease_control_and_prevention	national_center_for_laboratory_and_epidemiology
A/Aichi/180/2023	national_institute_of_infectious_diseases_(niid)	aichi_prefectural_institute_of_public_health
A/ChiangRai/P3088/2023	thai_national_influenza_center	thai_national_influenza_center
A/HongKong/1514/2023	crick_worldwide_influenza_centre	government_virus_unit
A/HongKong/1507/2023	centers_for_disease_control_and_prevention	government_virus_unit
A/HongKong/1502/2023	crick_worldwide_influenza_centre	government_virus_unit
A/HongKong/1504/2023	centers_for_disease_control_and_prevention	government_virus_unit
A/Wakayama/86/2023	national_institute_of_infectious_diseases_(niid)	wakayama_prefectural_research_center_of_environment_and_public_health
A/Osaka/59/2023	national_institute_of_infectious_diseases_(niid)	osaka_prefectural_institute_of_public_health
A/ChiangRai/P4095/2023	thai_national_influenza_center	thai_national_influenza_center
A/Abudhabi/13654/2023	sheikh_khalifa_medical_city_(skmc)	reference_laboratory_for_infectious_disease_(surveillance_lab)
A/Okinawa/238/2023	national_institute_of_infectious_diseases_(niid)	okinawa_prefectural_institute_of_health_and_environment
A/Saitama/1/2022	national_institute_of_infectious_diseases_(niid)	saitama_institute_of_public_health
A/DistritoFederal/23647686/2024	laboratório_central_de_saúde_pública_do_distrito_federal	laboratório_central_de_saúde_pública_do_distrito_federal
A/Catalonia/NSVH198253083/2022	hospital_universitari_vall_d'hebron	hospital_universitari_germans_trias_i_pujol_
A/Netherlands/11719/2022	national_institute_for_public_health_and_the_environment_(rivm)	eurofins_medische_microbiologie_bv
A/Colombia/4948/2022	centers_for_disease_control_and_prevention	instituto_nacional_de_salud_de_columbia
A/Catalonia/NSVH198259055/2022	hospital_universitari_vall_d'hebron	hospital_universitari_doctor_josep_trueta
A/Texas/211/2022	centers_for_disease_control_and_prevention	baylor_scott_and_white_health
A/Catalonia/Nsvh161512065/2022-egg	centers_for_disease_control_and_prevention	national_institute_for_medical_research
A/Michigan/UOM10048672878/2022	university_of_michigan	university_of_michigan_clinical_microbiology_laboratory
A/Monterrey/82243/2023		universidad_autonoma_de_nuevo_leon
A/Norway/31694/2022-egg	np	seasonal_h1n1pdm
A/RibeiraoDasNeves/311326561/2022	ezequiel_dias_foundation_(funed)	ezequiel_dias_foundation_(funed)
A/Saopaulo/CEVI_2201138/2022	instituto_butantan	instituto_butantan
A/Bahia/25549/2022	instituto_oswaldo_cruz_fiocruz___laboratory_of_respiratory_viruses_and_measles_(lvrs)	laboratório_central_de_saúde_pública_professor_gonçalo_moniz,_lacen_ba
A/Saopaulo/CEVI_2201216/2022	instituto_butantan	instituto_butantan
A/Alagoas/27561/2022	instituto_oswaldo_cruz_fiocruz___laboratory_of_respiratory_viruses_and_measles_(lvrs)	laboratório_central_de_saúde_pública_de_alagoas,_lacen_al
A/Alagoas/CEVI_2201211/2022	instituto_butantan	instituto_butantan
A/Brazil/3254/2022	centers_for_disease_control_and_prevention	instituto_adolfo_lutz
A/Parana/21706/2022	instituto_oswaldo_cruz_fiocruz___laboratory_of_respiratory_viruses_and_measles_(lvrs)	laboratório_central_do_estado_do_paraná___lacen/pr
A/Rondonia/IAL/C10379/2022	instituto_adolfo_lutz	instituto_adolfo_lutz___national_influenza_center
A/RiodeJaneiro/26715/2022	instituto_oswaldo_cruz_fiocruz___laboratory_of_respiratory_viruses_and_measles_(lvrs)	laboratório_central_de_saúde_pública_(lacen_rj)
A/Germany/13889/2022	u.s._air_force_school_of_aerospace_medicine	u.s._air_force_school_of_aerospace_medicine_
A/Llandeilo/363/2022	public_health_wales_microbiology_cardiff	public_health_wales_microbiology_cardiff
A/NewYork/PV63282/2022	icahn_school_of_medicine_at_mount_sinai	icahn_school_of_medicine_at_mount_sinai
A/Catalonia/NSVH199823980/2022	hospital_universitari_vall_d'hebron	hospital_universitari_vall_d'hebron
A/Canarias/230185/2022	instituto_de_salud_carlos_iii	servicio_de_microbiología_hospital_universitario_de_gran_canaria_doctor_negrín
A/Mie/10/2023	national_institute_of_infectious_diseases_(niid)	mie_prefecture_health_and_environment_research_institute
A/Zhejiang/20230707/2023		municipal_key_laboratory_of_virology,_ningbo_municipal_center_for_disease_control_and_prevention
A/England/225120973/2022	uk_health_security_agency___colindale	uk_health_security_agency___colindale
A/Saopaulo/CEVI_2300594/2023	instituto_butantan	instituto_butantan
A/Saopaulo/CEVI_2300675/2023	instituto_butantan	instituto_butantan
A/CzechRepublic/2798/2023-egg	crick_worldwide_influenza_centre	national_institute_of_public_health
A/CzechRepublic/2798/2023	crick_worldwide_influenza_centre	national_institute_of_public_health
A/Oita/6/2023	national_institute_of_infectious_diseases_(niid)	oita_prefectural_institute_of_health_and_environment
A/France/IDF-RELAB-IPP33032/2023	institut_pasteur	institut_pasteur
A/Georgia/14336/2023	u.s._air_force_school_of_aerospace_medicine	u.s._air_force_school_of_aerospace_medicine_
A/Massachusetts/BI_GH-16154/2023		broad_institute_genomic_center_for_infectious_diseases
A/Nevada/31/2023	centers_for_disease_control_and_prevention	southern_nevada_public_health_lab
A/Virginia/16/2023	centers_for_disease_control_and_prevention	virginia_division_of_consolidated_laboratories
A/SouthAustralia/315/2023	who_collaborating_centre_for_reference_and_research_on_influenza	institute_of_medical_and_veterinary_science_(imvs)
A/Lisbon/102/2023	crick_worldwide_influenza_centre	instituto_nacional_de_saude_(insa)
A/Michigan/UM-G43R34B0/2023		
A/Baltimore/JH-840/2023	johns_hopkins_school_of_medicine	johns_hopkins_school_of_medicine
A/Genoa/1211/2023	university_of_genoa	university_of_genoa
A/Baltimore/JH-164/2023	johns_hopkins_school_of_medicine	johns_hopkins_school_of_medicine
A/Croatia/HZJZ_6185/2023	croatian_institue_of_public_health	croatian_institute_of_public_health_
A/RiodeJaneiro/1630/2024	oswaldo_cruz_foundation	instituto_oswaldo_cruz_fiocruz___laboratory_of_respiratory_viruses_and_measles_(lvrs)
A/Michigan/UM-G43R63X1/2023		university_of_michigan,_lauring_lab,_department_of_microbiology_and_immunology
A/Acre/2023-013216-IEC/2023	centers_for_disease_control_and_prevention	national_influenza_center
A/Netherlands/11774/2022	national_institute_for_public_health_and_the_environment_(rivm)	olvg_lab_bv
A/EspiritoSanto/5718/2023	instituto_oswaldo_cruz_fiocruz___laboratory_of_respiratory_viruses_and_measles_(lvrs)	lacen/es___laboratório_central_de_saúde_pública_do_espírito_santo
A/Georgia/IVYD13J36R1/2022	university_of_michigan	vanderbilt_university_medical_center
A/Michigan/HFHSL361194377/2023	university_of_michigan	henry_ford_health_microbiology_laboratory
A/Chile/4442/2022	centers_for_disease_control_and_prevention	instituto_de_salud_publica_de_chile
A/Michigan/UOM10048924366/2022	university_of_michigan	university_of_michigan_clinical_microbiology_laboratory
A/Arizona/50/2022	centers_for_disease_control_and_prevention	arizona_department_of_health_services
A/MatoGrossodoSul/IAL/C10290/2022	instituto_adolfo_lutz	instituto_adolfo_lutz___national_influenza_center
A/BritishColumbia/PHL-366/2022	british_columbia_centre_for_disease_control	b.c._centre_for_disease_control
A/Bahia/293000469/2023	laborat?rio_central_de_sa?de_publica_do_estado_da_bahia	laboratório_central_de_saúde_pública_professor_gonçalo_moniz,_lacen_ba
A/Michigan/UOM10048959033/2022	university_of_michigan	university_of_michigan_clinical_microbiology_laboratory
A/Washington/69/2022	centers_for_disease_control_and_prevention	washington_state_public_health_laboratory
A/Talca/45014/2023	instituto_de_salud_publica_de_chile	instituto_de_salud_publica_de_chile
A/Michigan/UM-L371352631/2023		
A/MinasGerais/8668/2023	oswaldo_cruz_foundation	funed_mg
A/Curico/31168/2023	instituto_de_salud_p?blica_de_chile	instituto_de_salud_publica_de_chile
A/Pernambuco/2023-020405-IEC/2023	evandro_chagas_institute	evandro_chagas_institute
A/Saopaulo/CEVI_2300615/2023	instituto_butantan	instituto_butantan
A/MinasGerais/5522/2023	instituto_oswaldo_cruz_fiocruz___laboratory_of_respiratory_viruses_and_measles_(lvrs)	funed_mg
A/Alagoas/CEVI_2300392/2023	instituto_butantan	instituto_butantan
A/Bahia/292995186/2023	laborat?rio_central_de_sa?de_publica_do_estado_da_bahia	laboratório_central_de_saúde_pública_professor_gonçalo_moniz,_lacen_ba
A/SouthAfrica/R07669/2022	national_institute_for_communicable_diseases_(nicd)	national_institute_for_communicable_diseases_(nicd)_
A/Michigan/UOM-10048946039/2022		import_from_public_domain
A/WestVirginia/29/2022	centers_for_disease_control_and_prevention	west_virginia_office_of_laboratory_services
A/Germany/14132/2023	u.s._air_force_school_of_aerospace_medicine	u.s._air_force_school_of_aerospace_medicine_
A/Michigan/HFHSL360216493/2022	university_of_michigan	henry_ford_health_microbiology_laboratory
A/Mississippi/58/2022	centers_for_disease_control_and_prevention	mississippi_public_health_laboratory
A/Baltimore/JH-600/2023	johns_hopkins_school_of_medicine	johns_hopkins_school_of_medicine
A/SaoPaulo/IAL/C10284/2022	instituto_adolfo_lutz	instituto_adolfo_lutz___national_influenza_center
A/England/225180036/2022	uk_health_security_agency___colindale	uk_health_security_agency___colindale
A/France/ARA-HCL022214530701/2022	cnr_virus_des_infections_respiratoires,_france_sud	cnr_virus_des_infections_respiratoires___france_sud
A/Tennessee/RVTNL9624177522487/2022	university_of_michigan	vanderbilt_university_medical_center
A/Victoria/4897/2022-egg	np	seasonal_h1n1pdm
A/Colorado/51/2022	centers_for_disease_control_and_prevention	colorado_department_of_health_lab
A/WestVirginia/17/2023	centers_for_disease_control_and_prevention	west_virginia_office_of_laboratory_services
A/Victoria/4897/2022	erasmus_medical_center	erasmus_medical_center
A/Michigan/HFHSL361004699/2023	university_of_michigan	henry_ford_health_microbiology_laboratory
A/Michigan/UOM10050098606/2023	university_of_michigan	university_of_michigan_clinical_microbiology_laboratory
A/Pennsylvania/47/2023	centers_for_disease_control_and_prevention	pennsylvania_department_of_health
A/NewJersey/14250/2023	u.s._air_force_school_of_aerospace_medicine	u.s._air_force_school_of_aerospace_medicine_
A/Michigan/UOM10048645544/2022	university_of_michigan	university_of_michigan_clinical_microbiology_laboratory
A/Colombia/5013/2022	centers_for_disease_control_and_prevention	instituto_nacional_de_salud_de_columbia
A/Tennessee/IVYW13K33D9/2022	university_of_michigan	vanderbilt_university_medical_center
A/Canberra/535/2022	who_collaborating_centre_for_reference_and_research_on_influenza	canberra_hospital
A/Yokohama/92/2023	national_institute_of_infectious_diseases_(niid)	yokohama_city_institute_of_public_health.
A/RhodeIsland/84/2022	centers_for_disease_control_and_prevention	rhode_island_department_of_health
A/PuntaArenas/55110/2023	instituto_de_salud_publica_de_chile	instituto_de_salud_publica_de_chile
A/Tennessee/RVTNL4453959651481/2022	university_of_michigan	vanderbilt_university_medical_center
A/Bangladesh/1190613031/2019	centers_for_disease_control_and_prevention	icddr,b_international_centre_for_diarrhoeal_disease_research,_bangladesh
A/Sweden/4/2019	public_health_agency_of_sweden	
A/Paris/1772/2019	institut_pasteur	institut_pasteur
A/Albania/9839/2019	centers_for_disease_control_and_prevention	institute_of_public_health
A/Novosibirsk/88/2019	who_national_influenza_centre_russian_federation	center_of_hygiene_and_epidemiology_in_novosibirsk_region
A/Iowa/59/2018-egg	centers_for_disease_control_and_prevention	iowa_state_hygienic_laboratory
A/Iowa/59/2018	centers_for_disease_control_and_prevention	iowa_state_hygienic_laboratory
A/Maryland/49/2018	centers_for_disease_control_and_prevention	maryland_department_of_health_and_mental_hygiene
A/NordPasDeCalais/1041/2019	institut_pasteur	
A/California/6/2019	centers_for_disease_control_and_prevention	california_department_of_health_services
A/Bhutan/238/2019	centers_for_disease_control_and_prevention	royal_centre_for_disease_control
A/Bhutan/1484/2019	centers_for_disease_control_and_prevention	royal_centre_for_disease_control
A/Newcastle/629/2019	who_collaborating_centre_for_reference_and_research_on_influenza	lismore_base_hospital
A/Bangladesh/1190509020/2019	centers_for_disease_control_and_prevention	icddr,b_international_centre_for_diarrhoeal_disease_research,_bangladesh
A/HongKong/CUHK1040/2019	chinese_university_of_hong_kong	the_chinese_university_of_hong_kong
A/Kanagawa/AC1802/2018	national_institute_of_infectious_diseases_(niid)	national_institute_of_infectious_diseases_(niid)
A/Kanagawa/IC1841/2019-egg	centers_for_disease_control_and_prevention	national_institute_of_infectious_diseases_(niid)
A/Yokohama/123/2018	national_institute_of_infectious_diseases_(niid)	yokohama_city_institute_of_public_health.
A/India/2054/2019	centers_for_disease_control_and_prevention	national_institute_of_virology
A/Madagascar/4681/2019	centers_for_disease_control_and_prevention	institut_pasteur_de_madagascar
A/Madagascar/218/2020	centers_for_disease_control_and_prevention	institut_pasteur_de_madagascar
A/Madagascar/5414/2019	centers_for_disease_control_and_prevention	institut_pasteur_de_madagascar
A/Bangladesh/3019/2019	centers_for_disease_control_and_prevention	icddr,b_international_centre_for_diarrhoeal_disease_research,_bangladesh
A/Yaroslavl/135_T/2020-egg	np	seasonal_h1n1pdm
A/Yaroslavl/134_T/2020-egg	np	seasonal_h1n1pdm
A/Bangladesh/8009/2019	centers_for_disease_control_and_prevention	icddr,b_international_centre_for_diarrhoeal_disease_research,_bangladesh
A/HongKong/CUHK1127/2019	chinese_university_of_hong_kong	the_chinese_university_of_hong_kong
A/Singapore/KK2155/2019	ministry_of_health,_singapore	ministry_of_health,_singapore
A/Lulea/1/2018	public_health_agency_of_sweden	public_health_agency_of_sweden
A/AbuDhabi/47/2019	centers_for_disease_control_and_prevention	shaikh_khalifa_medical_city
A/Bangladesh/3046/2019	centers_for_disease_control_and_prevention	institute_of_epidemiology_disease_control_and_research_(iedcr)_&_bangladesh_national_influenza_centre_(nic)
A/Lao/748/2020	centers_for_disease_control_and_prevention	national_center_for_laboratory_and_epidemiology
A/Lao/684/2020	centers_for_disease_control_and_prevention	national_center_for_laboratory_and_epidemiology
A/Perth/34/2020	who_collaborating_centre_for_reference_and_research_on_influenza	pathwest_qe_ii_medical_centre
A/Brandenburg/2/2020	robert_koch_institute_nationales_referenzzentrum_f?r_influenza	robert_koch_institute_nationales_referenzzentrum_für_influenza
A/Cambodia/FSS42865/2020	who_collaborating_centre_for_reference_and_research_on_influenza	institute_pasteur_du_cambodia
A/Kyiv/523/2018	centers_for_disease_control_and_prevention	institute_of_epidemiology_and_infectious_diseases_ams_of_ukraine
A/NordPasDeCalais/1549/2019	institut_pasteur	
A/Tanzania/1644/2019	centers_for_disease_control_and_prevention	national_influenza_lab
A/Santiago/54573/2019	instituto_de_salud_publica_de_chile	instituto_de_salud_publica_de_chile
A/RioGrandeDoSul/653/2019	centers_for_disease_control_and_prevention	instituto_oswaldo_cruz_fiocruz___laboratory_of_respiratory_viruses_and_measles_(lvrs)
A/Pakistan/123/2019	centers_for_disease_control_and_prevention	national_institute_of_health
A/Podporozhie/RII-1775S/2019	who_national_influenza_centre_russian_federation	research_institute_of_influenza,_ministry_of_healthcare_of_the_russian_federation
A/StPetersburg/RII-334S/2019	centers_for_disease_control_and_prevention	russian_academy_of_medical_sciences
A/StPetersburg/RII-366S/2019	who_national_influenza_centre_russian_federation	
A/StPetersburg/RII-331S/2019	centers_for_disease_control_and_prevention	russian_academy_of_medical_sciences
A/Podporozhie/RII-1774S/2019	who_national_influenza_centre_russian_federation	research_institute_of_influenza,_ministry_of_healthcare_of_the_russian_federation
A/StPetersburg/RII-401S/2018	who_national_influenza_centre_russian_federation	
A/NordPasDeCalais/604/2019	institut_pasteur	
A/England/701/2018	microbiology_services_colindale,_public_health_england	microbiology_services_colindale,_public_health_england
A/Sweden/69/2018	public_health_agency_of_sweden	
A/Jamaica/6095/2018-egg	centers_for_disease_control_and_prevention	university_of_the_west_indies
A/Jamaica/6095/2018	centers_for_disease_control_and_prevention	university_of_the_west_indies
A/Greece/144/2019-egg	centers_for_disease_control_and_prevention	hellenic_pasteur_institute
A/Greece/144/2019	centers_for_disease_control_and_prevention	hellenic_pasteur_institute
A/Guyane/162/2020	centers_for_disease_control_and_prevention	national_influenza_center_french_guiana_and_french_indies
A/Bahia/473748/2020	laborat?rio_central_de_sa?de_publica_do_estado_da_bahia	laboratório_central_de_saúde_pública_professor_gonçalo_moniz,_lacen_ba
A/England/23/2020	microbiology_services_colindale,_public_health_england	microbiology_services_colindale,_public_health_england
A/Bahia/444930/2020	laborat?rio_central_de_sa?de_publica_do_estado_da_bahia	laboratório_central_de_saúde_pública_professor_gonçalo_moniz,_lacen_ba
A/Sergipe/13445/2020	centers_for_disease_control_and_prevention	instituto_oswaldo_cruz_fiocruz___laboratory_of_respiratory_viruses_and_measles_(lvrs)
A/Bahia/472756/2020	laborat?rio_central_de_sa?de_publica_do_estado_da_bahia	laboratório_central_de_saúde_pública_professor_gonçalo_moniz,_lacen_ba
A/Bahia/467760/2020	laborat?rio_central_de_sa?de_publica_do_estado_da_bahia	laboratório_central_de_saúde_pública_professor_gonçalo_moniz,_lacen_ba
A/Bahia/478396/2020	laborat?rio_central_de_sa?de_publica_do_estado_da_bahia	laboratório_central_de_saúde_pública_professor_gonçalo_moniz,_lacen_ba
A/Bahia/478943/2020	laborat?rio_central_de_sa?de_publica_do_estado_da_bahia	laboratório_central_de_saúde_pública_professor_gonçalo_moniz,_lacen_ba
A/Mali/165/2019	centers_for_disease_control_and_prevention	nic_lab_cvd_mali
A/HongKong/CUHK1054/2019	chinese_university_of_hong_kong	the_chinese_university_of_hong_kong
A/HongKong/CUHK1039/2019	chinese_university_of_hong_kong	the_chinese_university_of_hong_kong
A/Newcastle/78/2018	who_collaborating_centre_for_reference_and_research_on_influenza	john_hunter_hospital
A/Lao/411/2020	centers_for_disease_control_and_prevention	national_center_for_laboratory_and_epidemiology
A/Cardiff/5481/2018	public_health_wales_microbiology_cardiff	public_health_wales_microbiology_cardiff
A/Uppsala/4/2018	public_health_agency_of_sweden	
A/Bollnas/1/2019	public_health_agency_of_sweden	
A/Vietnam/87/2019	centers_for_disease_control_and_prevention	national_institute_of_hygiene_and_epidemiology
A/Hovas/1/2019	public_health_agency_of_sweden	
A/Sydney/502/2019	who_collaborating_centre_for_reference_and_research_on_influenza	prince_of_wales_hospital
A/Tasmania/510/2019	who_collaborating_centre_for_reference_and_research_on_influenza	hobart_pathology
A/Bangladesh/1190712002/2019	centers_for_disease_control_and_prevention	icddr,b_international_centre_for_diarrhoeal_disease_research,_bangladesh
A/NewCaledonia/6/2019	who_collaborating_centre_for_reference_and_research_on_influenza	institut_pasteur_new_caledonia
A/NewCaledonia/39/2019	who_collaborating_centre_for_reference_and_research_on_influenza	institut_pasteur_new_caledonia
A/Sweden/54/2018	public_health_agency_of_sweden	
A/Bangladesh/4/2019	centers_for_disease_control_and_prevention	institute_of_epidemiology_disease_control_and_research_(iedcr)_&_bangladesh_national_influenza_centre_(nic)
A/Victoria/2195/2019	who_collaborating_centre_for_reference_and_research_on_influenza	alfred_hospital
A/Victoria/2184/2019	who_collaborating_centre_for_reference_and_research_on_influenza	alfred_hospital
A/Kanagawa/AC1803/2018	national_institute_of_infectious_diseases_(niid)	national_institute_of_infectious_diseases_(niid)
A/Mauritius/CHL-I1002/2018	ministry_of_health_and_wellness,_mauritius	national_influenza_centre,_department_of_molecular_biology_and_virology
A/Argentina/1463/2019	centers_for_disease_control_and_prevention	instituto_nacional_de_enfermedades_infecciosas
A/Bolivia/2005/2019	centers_for_disease_control_and_prevention	instituto_nacional_de_laboratoriosde_salud_(inlasa)
A/Argentina/1366/2019	centers_for_disease_control_and_prevention	instituto_nacional_de_enfermedades_infecciosas
A/HongKong/CUHK1081/2019	chinese_university_of_hong_kong	the_chinese_university_of_hong_kong
A/Argentina/1549/2019	centers_for_disease_control_and_prevention	instituto_nacional_de_enfermedades_infecciosas
A/Victoria/940/2019	who_collaborating_centre_for_reference_and_research_on_influenza	royal_chidrens_hospital
A/HongKong/CUHK1064/2019	chinese_university_of_hong_kong	the_chinese_university_of_hong_kong
A/Singapore/GP1163/2019	ministry_of_health,_singapore	ministry_of_health,_singapore
A/HongKong/CUHK1047/2019	chinese_university_of_hong_kong	the_chinese_university_of_hong_kong
A/NewCaledonia/7/2019	who_collaborating_centre_for_reference_and_research_on_influenza	institut_pasteur_new_caledonia
A/NewCaledonia/23/2019	who_collaborating_centre_for_reference_and_research_on_influenza	institut_pasteur_new_caledonia
A/Victoria/702/2019	who_collaborating_centre_for_reference_and_research_on_influenza	monash_medical_centre
A/Kenya/108/2020	centers_for_disease_control_and_prevention	cdc_kenya
A/Bhutan/211/2019	centers_for_disease_control_and_prevention	royal_centre_for_disease_control
A/Bangladesh/638/2020	centers_for_disease_control_and_prevention	institute_of_epidemiology_disease_control_and_research_(iedcr)_&_bangladesh_national_influenza_centre_(nic)
A/Kenya/103/2020	centers_for_disease_control_and_prevention	cdc_kenya
A/Kenya/109/2020	centers_for_disease_control_and_prevention	cdc_kenya
A/Kenya/105/2020	centers_for_disease_control_and_prevention	cdc_kenya
A/StPetersburg/RII-1720S/2020	who_national_influenza_centre_russian_federation	research_institute_of_influenza,_ministry_of_healthcare_of_the_russian_federation
A/BurkinaFaso/2624/2019	centers_for_disease_control_and_prevention	irss
A/StPetersburg/RII-1595S/2020	who_national_influenza_centre_russian_federation	research_institute_of_influenza,_ministry_of_healthcare_of_the_russian_federation
A/StPetersburg/RII-3090S/2020	who_national_influenza_centre_russian_federation	research_institute_of_influenza,_ministry_of_healthcare_of_the_russian_federation
A/StPetersburg/RII-3037S/2020	who_national_influenza_centre_russian_federation	research_institute_of_influenza,_ministry_of_healthcare_of_the_russian_federation
A/StPetersburg/RII-3461S/2020	who_national_influenza_centre_russian_federation	research_institute_of_influenza,_ministry_of_healthcare_of_the_russian_federation
A/Nigeria/4656/2020	centers_for_disease_control_and_prevention	ncdc_public_health_reference_laboratory
A/StPetersburg/RII-1157S/2020	who_national_influenza_centre_russian_federation	research_institute_of_influenza,_ministry_of_healthcare_of_the_russian_federation
A/Moscow/47/2020	n.f._gamaleya_research_center_for_epidemiology_and_microbiology	nic_russia,_ivanovsky_research_institute_of_virology
A/SouthAfrica/3646/2020	who_collaborating_centre_for_reference_and_research_on_influenza	national_institute_for_communicable_disease
A/Singapore/GP0258/2020	ministry_of_health,_singapore	ministry_of_health,_singapore
A/Turkey/11672/2020	u.s._air_force_school_of_aerospace_medicine	u.s._air_force_school_of_aerospace_medicine_
A/Bahrain/738/2019	centers_for_disease_control_and_prevention	ministry_of_health_bahrain
A/AbuDhabi/76/2019	centers_for_disease_control_and_prevention	shaikh_khalifa_medical_city
A/Ankara/14015-739/2020	gen_era_diagnostics_corporation	turkish_society_of_internal_medicine
A/Moscow/111/2020	centers_for_disease_control_and_prevention	ivanovsky_research_institute_of_virology_rams
A/BurkinaFaso/2625/2019	centers_for_disease_control_and_prevention	irss
A/Kyiv/339/2020	centers_for_disease_control_and_prevention	institute_of_epidemiology_and_infectious_diseases_ams_of_ukraine
A/Moscow/238/2019	n.f._gamaleya_research_center_for_epidemiology_and_microbiology	nic_russia,_ivanovsky_research_institute_of_virology
A/FrancheComte/877/2020	institut_pasteur	institut_pasteur
A/Denmark/282/2020	statens_serum_institute	statens_serum_institute
A/Hessen/3/2020	robert_koch_institute_nationales_referenzzentrum_f?r_influenza	robert_koch_institute_nationales_referenzzentrum_für_influenza
A/Cheboksary/112/2020	centers_for_disease_control_and_prevention	ivanovsky_research_institute_of_virology_rams
A/StPetersburg/RII-3018S/2020	who_national_influenza_centre_russian_federation	research_institute_of_influenza,_ministry_of_healthcare_of_the_russian_federation
A/StPetersburg/RII-2375S/2020	who_national_influenza_centre_russian_federation	research_institute_of_influenza,_ministry_of_healthcare_of_the_russian_federation
A/Novosibirsk/RII-1317S/2020	who_national_influenza_centre_russian_federation	research_institute_of_experimental_and_clinical_medicine
A/Nigeria/4584/2020	centers_for_disease_control_and_prevention	ncdc_public_health_reference_laboratory
A/Bahrain/681/2019	centers_for_disease_control_and_prevention	ministry_of_health_bahrain
A/Niger/7880/2020	centers_for_disease_control_and_prevention	centre_de_recherche_medicale_et_sanitaire_(cermes)
A/SouthAustralia/6/2020	who_collaborating_centre_for_reference_and_research_on_influenza	institute_of_medical_and_veterinary_science_(imvs)
A/England/433/2019	microbiology_services_colindale,_public_health_england	microbiology_services_colindale,_public_health_england
A/Sweden/142/2019	public_health_agency_of_sweden	public_health_agency_of_sweden
A/Kenya/104/2020	centers_for_disease_control_and_prevention	cdc_kenya
A/Sweden/136/2019	public_health_agency_of_sweden	public_health_agency_of_sweden
A/Zambia/900120/2021	centers_for_disease_control_and_prevention	university_teaching_hospital,_moh_zambia
A/Singapore/GP0243/2020	ministry_of_health,_singapore	ministry_of_health,_singapore
A/Togo/578/2020	centers_for_disease_control_and_prevention	institute_national_d'hygiene
A/Stockholm/2/2020	public_health_agency_of_sweden	klinisk_mikrobiologi,_karolinska_universitetslaboratoriet,_karolinska_universitetssjukhuset_solna
A/BurkinaFaso/2613/2019	centers_for_disease_control_and_prevention	irss
A/BurkinaFaso/2616/2019	centers_for_disease_control_and_prevention	irss
A/Nigeria/5063/2020	centers_for_disease_control_and_prevention	ncdc_public_health_reference_laboratory
A/CoteDIvoire/1801/2021	centers_for_disease_control_and_prevention	pasteur_institut_of_côte_d'ivoire
A/HauteNormandie/44089/2021	crick_worldwide_influenza_centre	institut_pasteur
A/France/GIHSN022199024101/2021	cnr_virus_des_infections_respiratoires,_france_sud	cnr_virus_des_infections_respiratoires___france_sud
A/Chambery/893/2021	crick_worldwide_influenza_centre	cnr_virus_des_infections_respiratoires___france_sud
A/Chambery/898/2021	crick_worldwide_influenza_centre	cnr_virus_des_infections_respiratoires___france_sud
A/Lyon/CHU/R2182695/2021	crick_worldwide_influenza_centre	cnr_virus_des_infections_respiratoires___france_sud
A/Chambery/831/2021	crick_worldwide_influenza_centre	cnr_virus_des_infections_respiratoires___france_sud
A/Togo/86/2021	centers_for_disease_control_and_prevention	institute_national_d'hygiene
A/CoteDIvoire/1049/2021	centers_for_disease_control_and_prevention	pasteur_institut_of_côte_d'ivoire
A/CoteDIvoire/1855/2021	centers_for_disease_control_and_prevention	pasteur_institut_of_côte_d'ivoire
A/CoteDIvoire/1982/2021	centers_for_disease_control_and_prevention	pasteur_institut_of_côte_d'ivoire
A/Netherlands/10828/2022	national_institute_for_public_health_and_the_environment_(rivm)	national_institute_for_public_health_and_the_environment_(rivm)
A/Paris/9223/2022	institut_pasteur	institut_pasteur
A/Paris/30353/2021	crick_worldwide_influenza_centre	institut_pasteur
A/Luxembourg/LNS5757539/2021	laboratoire_national_de_sant?	laboratoire_national_de_santé_
A/Lyon/767/2021	crick_worldwide_influenza_centre	cnr_virus_des_infections_respiratoires___france_sud
A/Sydney/798/2022	who_collaborating_centre_for_reference_and_research_on_influenza	who_collaborating_centre_for_reference_and_research_on_influenza
A/Netherlands/10852/2022	national_institute_for_public_health_and_the_environment_(rivm)	national_institute_for_public_health_and_the_environment_(rivm)
A/Netherlands/11662/2022	national_institute_for_public_health_and_the_environment_(rivm)	olvg_lab_bv
A/Nimes/871/2021	crick_worldwide_influenza_centre	cnr_virus_des_infections_respiratoires___france_sud
A/Netherlands/11179/2022	national_institute_for_public_health_and_the_environment_(rivm)	academic_medical_center,_university_of_amsterdam
A/Luxembourg/LNS6308745/2022	laboratoire_national_de_sant?	laboratoire_national_de_santé_
A/Zambia/5201/2022	centers_for_disease_control_and_prevention	university_teaching_hospital,_moh_zambia
A/Zambia/4536/2022	centers_for_disease_control_and_prevention	university_teaching_hospital,_moh_zambia
A/Zambia/4525/2022	centers_for_disease_control_and_prevention	university_teaching_hospital,_moh_zambia
A/Zambia/4480/2022	centers_for_disease_control_and_prevention	university_teaching_hospital,_moh_zambia
A/Mozambique/304/2022	centers_for_disease_control_and_prevention	laboratório_de_isolamento_viral
A/Zambia/9216/2022	centers_for_disease_control_and_prevention	university_teaching_hospital,_moh_zambia
A/Zambia/9238/2022	centers_for_disease_control_and_prevention	university_teaching_hospital,_moh_zambia
A/Netherlands/11632/2022	national_institute_for_public_health_and_the_environment_(rivm)	royal_gd
A/Paris/9225/2022	institut_pasteur	institut_pasteur
A/IleDeFrance/52132/2021	institut_pasteur	institut_pasteur
A/Paris/9224/2022	institut_pasteur	institut_pasteur
A/Paris/9216/2022	institut_pasteur	institut_pasteur
A/Paris/9228/2022	institut_pasteur	institut_pasteur
A/Netherlands/11160/2022	national_institute_for_public_health_and_the_environment_(rivm)	haaglanden_medisch_centrum_locatie_westeinde
A/Netherlands/11036/2022	national_institute_for_public_health_and_the_environment_(rivm)	eurofins_medische_microbiologie_bv
A/Centre/50421/2021	institut_pasteur	institut_pasteur
A/Lisbon/304/2022	instituto_nacional_de_sa?de_dr._ricardo_jorge	national_institute_of_health_dr._ricardo_jorge,_infectious_diseases_department,_national_influenza_reference_laboratory
A/Argentina/2461/2022	centers_for_disease_control_and_prevention	intituto_nacional_de_epidemiologia
A/Parana/22952/2022	instituto_oswaldo_cruz_fiocruz___laboratory_of_respiratory_viruses_and_measles_(lvrs)	laboratório_central_do_estado_do_paraná___lacen/pr
A/Argentina/2411/2022	centers_for_disease_control_and_prevention	intituto_nacional_de_epidemiologia
A/Argentina/2404/2022	centers_for_disease_control_and_prevention	intituto_nacional_de_epidemiologia
A/Argentina/42359/2022	centers_for_disease_control_and_prevention	intituto_nacional_de_epidemiologia
A/Bolivia/2542/2022	centers_for_disease_control_and_prevention	instituto_nacional_de_laboratoriosde_salud_(inlasa)
A/Parana/21703/2022	instituto_oswaldo_cruz_fiocruz___laboratory_of_respiratory_viruses_and_measles_(lvrs)	laboratório_central_do_estado_do_paraná___lacen/pr
A/Antofagasta/129233/2022	instituto_de_salud_publica	instituto_de_salud_publica_de_chile
A/Parana/21704/2022	instituto_oswaldo_cruz_fiocruz___laboratory_of_respiratory_viruses_and_measles_(lvrs)	laboratório_central_do_estado_do_paraná___lacen/pr
A/Togo/311/2021	centers_for_disease_control_and_prevention	institute_national_d'hygiene
A/Nigeria/5058/2020	centers_for_disease_control_and_prevention	ncdc_public_health_reference_laboratory
A/Senegal/SN3798/2021		import_from_public_domain
A/NorthCarolina/2/2021-egg	centers_for_disease_control_and_prevention	north_carolina_state_laboratory_of_public_health
A/NorthCarolina/2/2021	centers_for_disease_control_and_prevention	north_carolina_state_laboratory_of_public_health
A/BurkinaFaso/1350/2021	centers_for_disease_control_and_prevention	irss
A/Senegal/MagalIR42/2021		import_from_public_domain
A/Grenoble/705/2021	crick_worldwide_influenza_centre	cnr_virus_des_infections_respiratoires___france_sud
A/Dakar/4/2021	crick_worldwide_influenza_centre	institut_pasteur_de_dakar__
A/Lyon/820/2021-egg	centers_for_disease_control_and_prevention	cnr_virus_des_infections_respiratoires___france_sud
A/Lyon/820/2021	crick_worldwide_influenza_centre	cnr_virus_des_infections_respiratoires___france_sud
A/Senegal/SN3814/2021		import_from_public_domain
A/Senegal/MagalIR29/2021		import_from_public_domain
A/Lyon/CHU/R2182722/2021	crick_worldwide_influenza_centre	cnr_virus_des_infections_respiratoires___france_sud
A/Rouen/43686/2021	institut_pasteur	institut_pasteur
A/Paris/9215/2022	institut_pasteur	institut_pasteur
A/Denmark/55/2021	statens_serum_institute	statens_serum_institute
A/Nigeria/5951/2021	centers_for_disease_control_and_prevention	ncdc_public_health_reference_laboratory
A/Maine/1/2021-egg	centers_for_disease_control_and_prevention	maine_health_and_environmental_testing_laboratory
A/Maine/1/2021	centers_for_disease_control_and_prevention	maine_health_and_environmental_testing_laboratory
A/Pennsylvania/2/2021	centers_for_disease_control_and_prevention	pennsylvania_department_of_health
A/Ohio/3/2021-egg	centers_for_disease_control_and_prevention	ohio_department_of_health_laboratories
A/Ohio/3/2021	centers_for_disease_control_and_prevention	ohio_department_of_health_laboratories
A/Niger/10048/2021	centers_for_disease_control_and_prevention	centre_de_recherche_medicale_et_sanitaire_(cermes)
A/SouthAfrica/R05496/2022	national_institute_for_communicable_diseases_(nicd)	national_institute_for_communicable_diseases_(nicd)
A/Wisconsin/14/2021	centers_for_disease_control_and_prevention	wisconsin_state_laboratory_of_hygiene
A/Missouri/13986/2022	u.s._air_force_school_of_aerospace_medicine	u.s._air_force_school_of_aerospace_medicine_
A/SouthAfrica/R07375/2022	national_institute_for_communicable_diseases_(nicd)	national_institute_for_communicable_diseases_(nicd)_
A/SouthAfrica/PET24375/2022	vaccines_and_infectious_diseases_analytics_research_unit	wits_vida
A/Togo/1885/2021	centers_for_disease_control_and_prevention	institute_national_d'hygiene
A/SouthAfrica/R00164/2022	national_institute_for_communicable_diseases_(nicd)	national_institute_for_communicable_diseases_(nicd)
A/SouthAfrica/15327/2021	who_collaborating_centre_for_reference_and_research_on_influenza	national_institute_for_communicable_disease
A/SouthAfrica/R03635/2022	national_institute_for_communicable_diseases_(nicd)	national_institute_for_communicable_diseases
A/Newcastle/39/2022-egg	centers_for_disease_control_and_prevention	john_hunter_hospital
A/Victoria/2557/2023	who_collaborating_centre_for_reference_and_research_on_influenza	royal_chidrens_hospital
A/Abudhabi/700/2023	sheikh_khalifa_medical_city_(skmc)	reference_laboratory_for_infectious_disease_(surveillance_lab)
A/Michigan/HFHSL361075828/2023	university_of_michigan	henry_ford_health_microbiology_laboratory
A/Victoria/540/2023	who_collaborating_centre_for_reference_and_research_on_influenza	vic___australian_clinical_labs_(acl)___geelong
A/England/214080971/2021	microbiology_services_colindale,_public_health_england	microbiology_services_colindale,_public_health_england
A/Nigeria/6098/2021	centers_for_disease_control_and_prevention	ncdc_public_health_reference_laboratory
A/Togo/1274/2021	centers_for_disease_control_and_prevention	institute_national_d'hygiene
A/Niger/9983/2021	centers_for_disease_control_and_prevention	centre_de_recherche_medicale_et_sanitaire_(cermes)
A/Niger/10236/2021	centers_for_disease_control_and_prevention	centre_de_recherche_medicale_et_sanitaire_(cermes)
A/Alsace/48917/2021	institut_pasteur	institut_pasteur
A/Kenya/171/2022	centers_for_disease_control_and_prevention	cdc_kenya
A/Kenya/126/2022	centers_for_disease_control_and_prevention	cdc_kenya
A/Netherlands/10535/2023	national_institute_for_public_health_and_the_environment_(rivm)	national_institute_for_public_health_and_the_environment_(rivm)
A/PuntaArenas/98771/2024	instituto_de_salud_pública_de_chile	instituto_de_salud_publica_de_chile
A/Peru/LIM-UPCH-4907/2024	universidad_peruana_cayetano_heredia	instituto_de_medicine_tropical_alexander_von_humboldt___upch
A/Malaysia/IMR-RM0196/2023	national_institute_of_health,_malaysia	hospital_tunku_azizah
A/Malaysia/IMR-SARI1592/2023	national_institute_of_health,_malaysia	hospital_tunku_azizah
A/Malaysia/IMR-SARI2335/2023	national_institute_of_health,_malaysia_	hospital_sultanah_aminah
A/HongKong/1516/2023	crick_worldwide_influenza_centre	government_virus_unit
A/HongKong/1512/2023	crick_worldwide_influenza_centre	government_virus_unit
A/Bangladesh/icddrb-3240408010/2024	international_centre_for_diarrhoeal_disease_research_(icddr,b)	international_centre_for_diarrhoeal_disease_research_(icddr,b)
A/Bangladesh/17/2023	centers_for_disease_control_and_prevention	icddr,b_international_centre_for_diarrhoeal_disease_research,_bangladesh
A/Bangladesh/2336/2023	centers_for_disease_control_and_prevention	institute_of_epidemiology_disease_control_and_research_(iedcr)_&_bangladesh_national_influenza_centre_(nic)
A/Peru/LIM-INS-054/2024	instituto_nacional_de_salud_peru	laboratorio_de_referencia_nacional_virus_respiratorios,_instituto_nacional_de_salud
A/Lao/3816/2023	centers_for_disease_control_and_prevention	national_center_for_laboratory_and_epidemiology
A/Ghana/FS-23-4915/2023	noguchi_memorial_institute_for_medical_research	noguchi_memorial_institute_for_medical_research
A/Texas/265/2024	centers_for_disease_control_and_prevention	baylor_scott_and_white_health
A/BurkinaFaso/3054/2023	centers_for_disease_control_and_prevention	irss
A/Saransk/RII-MH128681S/2022	who_national_influenza_centre_russian_federation	research_institute_of_influenza,_ministry_of_healthcare_of_the_russian_federation
A/Massachusetts/IVY-G25X88S2/2024		university_of_michigan,_lauring_lab,_department_of_microbiology_and_immunology
A/Switzerland/42478/2023	swiss_national_reference_centre_for_influenza	swiss_national_reference_centre_for_influenza
A/Maldives/988/2023	centers_for_disease_control_and_prevention	ministry_of_health
A/Maldives/1106/2023	centers_for_disease_control_and_prevention	ministry_of_health
A/Spain/182/2023	crick_worldwide_influenza_centre	universidad_de_valladolid
A/Oman/CPHL_7241837/2024	ministry_of_health,_central_public_health_laboratory	central_public_health_laboratories_oman
A/Maldives/1682/2024	centers_for_disease_control_and_prevention	ministry_of_health
A/Maldives/1729/2024	centers_for_disease_control_and_prevention	ministry_of_health
A/Abudhabi/13495/2023	sheikh_khalifa_medical_city_(skmc)	reference_laboratory_for_infectious_disease_(surveillance_lab)
A/StPetersburg/RII-25977S/2023	who_national_influenza_centre_russian_federation	research_institute_of_influenza,_ministry_of_healthcare_of_the_russian_federation
A/Kyiv/2342/2024	crick_worldwide_influenza_centre	institute_of_epidemiology_and_infectious_diseases_ams_of_ukraine
A/Abudhabi/16311/2023	sheikh_khalifa_medical_city_(skmc)	reference_laboratory_for_infectious_disease_(surveillance_lab)
A/Luxembourg/LNS3386307/2023	laboratoire_national_de_sant?	laboratoire_national_de_santé_
A/England/240421044/2024	ukhsa_/_respiratory_virus_unit	uk_health_security_agency___colindale
A/Oman/CPHL_7245894/2024	ministry_of_health,_central_public_health_laboratory	central_public_health_laboratories_oman
A/Incheon/4076/2024	korea_disease_control_and_prevention_agency_(kdca)	korea_disease_control_and_prevention_agency_(kdca)
A/Massachusetts/ISC-1535/2025	centers_for_disease_control_and_prevention	massachusetts_department_of_public_health
A/Michigan/UM-10062136648/2025		university_of_michigan,_lauring_lab,_department_of_microbiology_and_immunology
A/Busan/278/2025	korea_disease_control_and_prevention_agency_(kdca)	korea_disease_control_and_prevention_agency_(kdca)
A/SuratThani/F486/2025	thai_national_influenza_center	thai_national_influenza_center
A/Oklahoma/8/2024	centers_for_disease_control_and_prevention	oklahoma_state_department_of_health
A/Parana/366/2025	instituto_oswaldo_cruz_fiocruz___laboratory_of_respiratory_viruses_and_measles_(lvrs)	laboratório_central_do_estado_do_paraná___lacen/pr
A/BritishColumbia/RV00892-25/2025	public_health_agency_of_canada_(phac)	b.c._centre_for_disease_control
A/SouthCarolina/15668/2025	u.s._air_force_school_of_aerospace_medicine	u.s._air_force_school_of_aerospace_medicine_
A/Baltimore/JH-341/2025	johns_hopkins_school_of_medicine	johns_hopkins_school_of_medicine
A/Idaho/16/2025	centers_for_disease_control_and_prevention	state_of_idaho_bureau_of_laboratories
A/Ethiopia/GBH128_EPI0034/2023	ethiopian_public_health_institute	ethiopian_public_health_institute,_national_influenza_laboratory
A/Mauritius/P49465/2023	crick_worldwide_influenza_centre	ministry_of_health_and_wellness,_mauritius
A/Bangladesh/icddrb-3230812028/2023	international_centre_for_diarrhoeal_disease_research_(icddr,b)	international_centre_for_diarrhoeal_disease_research_(icddr,b)
A/EspiritoSanto/475/2025	instituto_oswaldo_cruz_fiocruz___laboratory_of_respiratory_viruses_and_measles_(lvrs)	lacen/es___laboratório_central_de_saúde_pública_do_espírito_santo
A/Florida/ISC-1128/2024	centers_for_disease_control_and_prevention	florida_department_of_health_tampa
A/Parana/368/2025	instituto_oswaldo_cruz_fiocruz___laboratory_of_respiratory_viruses_and_measles_(lvrs)	laboratório_central_do_estado_do_paraná___lacen/pr
A/SantaCatarina/326/2025	instituto_oswaldo_cruz_fiocruz___laboratory_of_respiratory_viruses_and_measles_(lvrs)	lacen/sc
A/Parana/7345/2024	oswaldo_cruz_foundation	laboratório_central_do_estado_do_paraná___lacen/pr
A/Bangladesh/icddrb-3230711023/2023	international_centre_for_diarrhoeal_disease_research_(icddr,b)	international_centre_for_diarrhoeal_disease_research_(icddr,b)
A/Canada/ABPHL-593/2023	public_health_agency_of_canada_(phac)	alberta_precision_laboratories,_provincial_laboratory_for_public_health
A/Bangladesh/icddrb-1230803046/2023	international_centre_for_diarrhoeal_disease_research_(icddr,b)	international_centre_for_diarrhoeal_disease_research_(icddr,b)
A/Bhutan/BTC01310/2023	centers_for_disease_control_and_prevention	royal_centre_for_disease_control
A/Canada/ABPHL-1139/2024	public_health_agency_of_canada_(phac)	alberta_precision_laboratories,_provincial_laboratory_for_public_health
A/SaoPaulo/357820342-IAL/2024	centers_for_disease_control_and_prevention	instituto_adolfo_lutz
A/RioGrandedoSul/12673/2024	instituto_oswaldo_cruz_fiocruz___laboratory_of_respiratory_viruses_and_measles_(lvrs)	lacen/rs___laboratório_central_de_saúde_pública_do_rio_grande_do_sul
A/SouthAfrica/PATH-CERI-K062943/2024	center_for_epidemic_response_and_innovation_(ceri)	pathcare
A/Parana/11642/2024	instituto_oswaldo_cruz_fiocruz___laboratory_of_respiratory_viruses_and_measles_(lvrs)	laboratório_central_do_estado_do_paraná___lacen/pr
A/EspiritoSanto/465/2025	instituto_oswaldo_cruz_fiocruz___laboratory_of_respiratory_viruses_and_measles_(lvrs)	lacen/es___laboratório_central_de_saúde_pública_do_espírito_santo
A/Para/4047-IEC/2025	evandro_chagas_institute	evandro_chagas_institute
A/Para/8009-IEC/2025	evandro_chagas_institute	evandro_chagas_institute
A/RasAlKhaimah/11794/2023	centers_for_disease_control_and_prevention	shaikh_khalifa_medical_city
A/HongKong/2591/2023	centers_for_disease_control_and_prevention	government_virus_unit
A/Bangladesh/icddrb-1230813031/2023	international_centre_for_diarrhoeal_disease_research_(icddr,b)	international_centre_for_diarrhoeal_disease_research_(icddr,b)
A/Vietnam/PF224005/2024	bach_mai_hospital	bach_mai_hospital
A/Bangladesh/1855/2023	centers_for_disease_control_and_prevention	institute_of_epidemiology_disease_control_and_research_(iedcr)_&_bangladesh_national_influenza_centre_(nic)
A/Niger/4531/2023	centers_for_disease_control_and_prevention	centre_de_recherche_medicale_et_sanitaire_(cermes)
A/Senegal/1430/2023	institut_pasteur_de_dakar	institut_pasteur_de_dakar
A/Singapore/GP10852/2023	ministry_of_health,_singapore	ministry_of_health,_singapore
A/NorthCarolina/28/2024	centers_for_disease_control_and_prevention	north_carolina_state_laboratory_of_public_health
A/Virginia/15473/2025	u.s._air_force_school_of_aerospace_medicine	u.s._air_force_school_of_aerospace_medicine_
A/SantaCatarina/331/2025	instituto_oswaldo_cruz_fiocruz___laboratory_of_respiratory_viruses_and_measles_(lvrs)	lacen/sc
A/Minasgerais/CEVI_24002310/2024	instituto_butantan	instituto_butantan
A/Bangladesh/icddrb-1230803003/2023	international_centre_for_diarrhoeal_disease_research_(icddr,b)	international_centre_for_diarrhoeal_disease_research_(icddr,b)
A/Bangladesh/3148/2023	centers_for_disease_control_and_prevention	institute_of_epidemiology_disease_control_and_research_(iedcr)_&_bangladesh_national_influenza_centre_(nic)
A/NewBrunswick/NBPHLFLU02A-MM00088R/2024	hôpital_georges_l.dumont	hôpital_georges_l._dumont
A/Bangladesh/ICDDRB-1230811009/2023	international_centre_for_diarrhoeal_disease_research_(icddr,b)	icddr,b_international_centre_for_diarrhoeal_disease_research,_bangladesh
A/Singapore/GP10637/2023	ministry_of_health,_singapore	ministry_of_health,_singapore
A/Arizona/5/2024	centers_for_disease_control_and_prevention	arizona_department_of_health_services
A/Colorado/72/2024	centers_for_disease_control_and_prevention	colorado_department_of_health_lab
A/Hawaii/ISC-1017/2024	centers_for_disease_control_and_prevention	state_of_hawaii_department_of_health
A/HongKong/1509/2023	centers_for_disease_control_and_prevention	government_virus_unit
A/Oman/CPHL_7233341/2023	ministry_of_health,_central_public_health_laboratory	central_public_health_laboratories_oman
A/Bangladesh/icddrb-3230811018-D/2023	international_centre_for_diarrhoeal_disease_research_(icddr,b)	international_centre_for_diarrhoeal_disease_research_(icddr,b)
A/Arizona/54/2023	centers_for_disease_control_and_prevention	arizona_department_of_health_services
A/Brazil/SP-LEIAL4272/2025	instituto_adolfo_lutz	instituto_adolfo_lutz___national_influenza_center
A/Brazil/SP-LEIAL4273/2025	instituto_adolfo_lutz	instituto_adolfo_lutz___national_influenza_center
A/France/ARA-RELAB-HCL024187514301/2024	cnr_virus_des_infections_respiratoires,_france_sud	cnr_virus_des_infections_respiratoires___france_sud
A/France/ARA-HCL125006780101/2025	cnr_virus_des_infections_respiratoires,_france_sud	cnr_virus_des_infections_respiratoires___france_sud
A/Canada/ABPHL-1306/2024	public_health_agency_of_canada_(phac)	alberta_precision_laboratories,_provincial_laboratory_for_public_health
A/EspiritoSanto/474/2025	instituto_oswaldo_cruz_fiocruz___laboratory_of_respiratory_viruses_and_measles_(lvrs)	lacen/es___laboratório_central_de_saúde_pública_do_espírito_santo
A/Para/7995-IEC/2025	evandro_chagas_institute	evandro_chagas_institute
A/Michigan/UM-10056442817/2024		university_of_michigan,_lauring_lab,_department_of_microbiology_and_immunology
A/NewYork/PV150467/2024	icahn_school_of_medicine_at_mount_sinai	icahn_school_of_medicine_at_mount_sinai
A/DistritoFederal/240503000750/2024	laboratório_central_de_saúde_pública_do_distrito_federal	laboratório_central_de_saúde_pública_do_distrito_federal
A/Galicia/36095100/2024	servicio_galego_de_saude	complexo_hospitalario_universitario_de_vigo
A/CostaRica/8772/2024	centers_for_disease_control_and_prevention	laboratorio_nacional_de_influenza
A/DistritoFederal/240802001336/2024	laboratório_central_de_saúde_pública_do_distrito_federal	laboratório_central_de_saúde_pública_do_distrito_federal
A/Bangladesh/icddrb-3230813039-D/2023	international_centre_for_diarrhoeal_disease_research_(icddr,b)	international_centre_for_diarrhoeal_disease_research_(icddr,b)
A/Jeonbuk/3531/2024	korea_disease_control_and_prevention_agency_(kdca)	korea_disease_control_and_prevention_agency_(kdca)
A/DistritoFederal/2214/2021	secretaria_de_saude_do_distrito_federal	laboratório_central_de_saúde_pública_do_distrito_federal
A/China/1172/2023	zhejiang_provincial_center_for_disease_control_and_prevention	jiaxing_center_for_disease_control_and_prevention
A/Santiago/46242/2023	instituto_de_salud_publica_de_chile	instituto_de_salud_publica_de_chile
A/Ghana/7603/2023	centers_for_disease_control_and_prevention	noguchi_memorial_institute_for_medical_research_(nmimr)
A/Chanthaburi/P4477/2022	thai_national_influenza_center	thai_national_influenza_center
A/Maldives/1102/2023	centers_for_disease_control_and_prevention	ministry_of_health
A/Chanthaburi/P4535/2022	thai_national_influenza_center	thai_national_influenza_center
A/StPetersburg/RII-9783S/2023	who_national_influenza_centre_russian_federation	research_institute_of_influenza,_ministry_of_healthcare_of_the_russian_federation
A/StPetersburg/RII-5708S/2022	who_national_influenza_centre_russian_federation	research_institute_of_influenza,_ministry_of_healthcare_of_the_russian_federation
A/Victoria/380J/2023	who_collaborating_centre_for_reference_and_research_on_influenza	royal_melbourne_hospital
A/Victoria/380L/2023	who_collaborating_centre_for_reference_and_research_on_influenza	royal_melbourne_hospital
A/Victoria/744A/2023	who_collaborating_centre_for_reference_and_research_on_influenza	royal_chidrens_hospital
A/StPetersburg/RII-6575S/2022	who_national_influenza_centre_russian_federation	research_institute_of_influenza,_ministry_of_healthcare_of_the_russian_federation
A/StPetersburg/RII-9684S/2023	who_national_influenza_centre_russian_federation	research_institute_of_influenza,_ministry_of_healthcare_of_the_russian_federation
A/Okayama/2/2022	national_institute_of_infectious_diseases_(niid)	okayama_prefectural_institute_for_environmental_science_and_public_health
A/StPetersburg/RII-100/2022	who_national_influenza_centre_russian_federation	research_institute_of_influenza,_ministry_of_healthcare_of_the_russian_federation
A/Saransk/RII-MH129892S/2023	who_national_influenza_centre_russian_federation	research_institute_of_influenza,_ministry_of_healthcare_of_the_russian_federation
A/Novosibirsk/RII-7335S/2022	who_national_influenza_centre_russian_federation	research_institute_of_experimental_and_clinical_medicine
A/Krasnoyarsk/RII-MH129498S/2022	who_national_influenza_centre_russian_federation	center_of_hygiene_and_epidemiology_in_krasnoyarsk_krai
A/Yekaterinburg/111-l16V/2022	state_research_center_of_virology_and_biotechnology_(vector)	"fbuz_""center_of_hygiene_and_epidemiology""_in_sverdlovsk_oblast"
A/Shanxi-Taiyuan/3/2023	taiyuan_center_for_disease_control_and_prevention	taiyuan_center_for_disease_control_and_prevention
A/Khabarovsk/175/2022	who_national_influenza_centre_russian_federation	center_of_hygiene_and_epidemiology_in_khabarovsk_territory
A/Khabarovsk/32/2022	who_national_influenza_centre_russian_federation	center_of_hygiene_and_epidemiology_in_khabarovsk_territory
A/Khabarovsk/54/2022	who_national_influenza_centre_russian_federation	center_of_hygiene_and_epidemiology_in_khabarovsk_territory
A/Tianjin/SWL01354/2023	tianjin_centers_for_disease_control_and_prevention	tianjin_centers_for_disease_control_and_prevention
A/Shimane/9/2023	national_institute_of_infectious_diseases_(niid)	shimane_prefectural_institute_of_public_health_and_environmental_science
A/StPetersburg/RII-5354S/2022	who_national_influenza_centre_russian_federation	research_institute_of_influenza,_ministry_of_healthcare_of_the_russian_federation
A/Catalonia/NSVH198265431/2023	hospital_universitari_vall_d'hebron	hospital_universitari_arnau_de_vilanova
A/Victoria/735/2023	who_collaborating_centre_for_reference_and_research_on_influenza	vic___australian_clinical_labs_(acl)___geelong
A/Gunma/3104/2023	national_institute_of_infectious_diseases_(niid)	gunma_prefectural_institute_of_public_health_and_environmental_sciences
A/Senegal/1403/2023	institut_pasteur_de_dakar	institut_pasteur_de_dakar
A/Saint-louis/1171/2023	institut_pasteur_de_dakar	institut_pasteur_de_dakar
A/Senegal/23/2023		institut_hospitalo_universitaire_méditerranée_infection
A/Senegal/1918/2023	institut_pasteur_de_dakar	institut_pasteur_de_dakar
A/Cambodia/NPH230668/2023		national_institute_of_public_health
A/Senegal/1343/2023	institut_pasteur_de_dakar	institut_pasteur_de_dakar
A/Senegal/1614/2023	institut_pasteur_de_dakar	institut_pasteur_de_dakar
A/Dakar/26/2023	crick_worldwide_influenza_centre	institut_pasteur_de_dakar__
A/Abudhabi/9098/2022	sheikh_khalifa_medical_city_(skmc)	reference_laboratory_for_infectious_disease_(surveillance_lab)
A/Bangladesh/13309/2023	centers_for_disease_control_and_prevention	institute_of_epidemiology_disease_control_and_research_(iedcr)_&_bangladesh_national_influenza_centre_(nic)
A/Catalonia/NSVH199825045/2023	hospital_universitari_vall_d'hebron	hospital_universitari_vall_d'hebron
A/Ghana/1114/2023	crick_worldwide_influenza_centre	university_of_ghana
A/Kaliningrad/RII-01/2023	who_national_influenza_centre_russian_federation	center_of_hygiene_and_epidemiology_in_kaliningrad_region
A/Egypt/2334752/2022	crick_worldwide_influenza_centre	ministry_of_health_and_population
A/NakhonPhanom/P1678/2023	thai_national_influenza_center	thai_national_influenza_center
A/HongKong/DRV0133/2023		university_of_hong_kong,_school_of_public_health,_who_collaborating_centre_for_infectious_disease_epidemiology_and_control
A/Zhejiang/20230517/2023		municipal_key_laboratory_of_virology,_ningbo_municipal_center_for_disease_control_and_prevention
A/China/1271/2023	zhejiang_provincial_center_for_disease_control_and_prevention	jiaxing_center_for_disease_control_and_prevention
A/Bahrain/8004/2023	centers_for_disease_control_and_prevention	ministry_of_health_bahrain
A/Niigata/22FS216_2/2022	niigata_university_(dph)	niigata_university_(idrc)
A/Zhejiang-Kecheng/SWL1219/2023-egg	centers_for_disease_control_and_prevention	who_chinese_national_influenza_center
A/Zhejiang-Kecheng/SWL1219/2023	centers_for_disease_control_and_prevention	who_chinese_national_influenza_center
A/China/1450/2023	zhejiang_provincial_center_for_disease_control_and_prevention	jiaxing_center_for_disease_control_and_prevention
A/Lao/4623/2023	centers_for_disease_control_and_prevention	national_center_for_laboratory_and_epidemiology
A/StPetersburg/RII-5631S/2022	who_national_influenza_centre_russian_federation	research_institute_of_influenza,_ministry_of_healthcare_of_the_russian_federation
A/Moscow/37/2022	who_national_influenza_centre_russian_federation	nic_russia,_ivanovsky_research_institute_of_virology
A/Algeria/Medea/2197	institut_pasteur_d'algerie	institut_pasteur_d'algerie
A/PuertoMontt/84806/2023	instituto_de_salud_publica_de_chile	instituto_de_salud_publica_de_chile
A/Lao/1970/2023	centers_for_disease_control_and_prevention	national_center_for_laboratory_and_epidemiology
A/Denmark/498/2023	statens_serum_institute	statens_serum_institut_
A/Nagano/2375/2023	national_institute_of_infectious_diseases_(niid)	nagano_environmental_conservation_research_institute
A/HongKong/DRV0198/2023		university_of_hong_kong,_school_of_public_health,_who_collaborating_centre_for_infectious_disease_epidemiology_and_control
A/HongKong/1513/2023	centers_for_disease_control_and_prevention	government_virus_unit
A/CastillaLaMancha/4368/2022	instituto_de_salud_carlos_iii	instituto_de_salud_carlos_iii
A/SouthAustralia/394/2022	who_collaborating_centre_for_reference_and_research_on_influenza	institute_of_medical_and_veterinary_science_(imvs)
A/Podporozhie/RII-7984S/2022	who_national_influenza_centre_russian_federation	research_institute_of_influenza,_ministry_of_healthcare_of_the_russian_federation
A/CostaRica/518/2023	centers_for_disease_control_and_prevention	laboratorio_nacional_de_influenza
A/Mozambique/2544/2023	centers_for_disease_control_and_prevention	laboratório_de_isolamento_viral
A/Sendai/33/2023	national_institute_of_infectious_diseases_(niid)	sendai_city_institute_of_public_health
A/Mozambique/7456/2023	centers_for_disease_control_and_prevention	laboratório_de_isolamento_viral
A/Luga/RII-5953S/2022	who_national_influenza_centre_russian_federation	research_institute_of_influenza,_ministry_of_healthcare_of_the_russian_federation
A/Togo/598/2023	centers_for_disease_control_and_prevention	institute_national_d'hygiene
A/Ziguinchor/1199/2023	institut_pasteur_de_dakar	institut_pasteur_de_dakar
A/Dakar/11/2023	crick_worldwide_influenza_centre	institut_pasteur_de_dakar__
A/Muscat/5238887/2023	crick_worldwide_influenza_centre	central_public_health_laboratory,_ministry_of_health
A/Khabarovsk/RII-87/2022	who_national_influenza_centre_russian_federation	center_of_hygiene_and_epidemiology_in_khabarovsk_territory
A/Catalonia/NSVH198262589/2022	hospital_universitari_vall_d'hebron	hospital_universitari_arnau_de_vilanova
A/Romania/28246/2022	national_institute_of_infectious_diseases_prof._dr._matei_bals	national_institute_for_infectious_diseases_“prof._dr._matei_balș”
A/StPetersburg/RII-4771S/2022	who_national_influenza_centre_russian_federation	research_institute_of_influenza,_ministry_of_healthcare_of_the_russian_federation
A/Abudhabi/9173/2022	sheikh_khalifa_medical_city_(skmc)	reference_laboratory_for_infectious_disease_(surveillance_lab)
A/Egypt/2329631/2022	crick_worldwide_influenza_centre	ministry_of_health_and_population
A/SuratThani/P4627/2022	thai_national_influenza_center	thai_national_influenza_center
A/Elista/RII-MH123210S/2022	who_national_influenza_centre_russian_federation	research_institute_of_influenza,_ministry_of_healthcare_of_the_russian_federation
A/KoshAgach/RII-MH124801S/2022	who_national_influenza_centre_russian_federation	research_institute_of_influenza,_ministry_of_healthcare_of_the_russian_federation
A/Catalonia/NSVH198263993/2023	hospital_universitari_vall_d'hebron	hospital_universitari_doctor_josep_trueta
A/Astrakhan/RII-MH129971S/2023	who_national_influenza_centre_russian_federation	research_institute_of_influenza,_ministry_of_healthcare_of_the_russian_federation
A/Venezuela/4454/2023	centers_for_disease_control_and_prevention	"instituto_nacional_de_higiene_""rafael_rangel"""
A/PuntaArenas/68297/2023	instituto_de_salud_publica_de_chile	instituto_de_salud_publica_de_chile
A/Argentina/634/2023	crick_worldwide_influenza_centre	instituto_nacional_de_enfermedades_infecciosas
A/Coquimbo/31547/2023	instituto_de_salud_p?blica_de_chile	instituto_de_salud_publica_de_chile
A/LaSerena/23160/2023	instituto_de_salud_p?blica_de_chile	instituto_de_salud_publica_de_chile
A/StPetersburg/RII-8841S/2023	who_national_influenza_centre_russian_federation	research_institute_of_influenza,_ministry_of_healthcare_of_the_russian_federation
A/Dunedin/16/2023	centers_for_disease_control_and_prevention	institute_of_environmental_science_&_research
A/StPetersburg/RII-4158S/2022	who_national_influenza_centre_russian_federation	research_institute_of_influenza,_ministry_of_healthcare_of_the_russian_federation
A/Yamagata/1/2023	national_institute_of_infectious_diseases_(niid)	yamagata_prefectural_institute_of_public_health
A/BurkinaFaso/62/2023	centers_for_disease_control_and_prevention	irss
A/Fukui/12/2023	centers_for_disease_control_and_prevention	fukui_prefectural_institute_of_public_health
A/Peru/UPCH_3940/2023	universidad_peruana_cayetano_heredia	instituto_de_medicine_tropical_alexander_von_humboldt___upch
A/Bangladesh/1019/2023	centers_for_disease_control_and_prevention	icddr,b_international_centre_for_diarrhoeal_disease_research,_bangladesh
A/Para/2023-011278-IEC/2023	evandro_chagas_institute	evandro_chagas_institute
A/Khabarovsk/RII-60/2022	who_national_influenza_centre_russian_federation	center_of_hygiene_and_epidemiology_in_khabarovsk_territory
A/StPetersburg/RII-7516S/2022	who_national_influenza_centre_russian_federation	research_institute_of_influenza,_ministry_of_healthcare_of_the_russian_federation
A/CzechRepublic/2855/2023-egg	crick_worldwide_influenza_centre	national_institute_of_public_health
A/CzechRepublic/2855/2023	crick_worldwide_influenza_centre	national_institute_of_public_health
A/Amazonas/3970-IEC/2024	evandro_chagas_institute_	lacen/am___laboratório_central_de_saúde_pública_do_amazonas
A/Abudhabi/16297/2023	sheikh_khalifa_medical_city_(skmc)	reference_laboratory_for_infectious_disease_(surveillance_lab)
A/Amazonas/2023-019185-IEC/2023	evandro_chagas_institute	evandro_chagas_institute
A/Bangladesh/icddrb-1230808024-D/2023	international_centre_for_diarrhoeal_disease_research_(icddr,b)	international_centre_for_diarrhoeal_disease_research_(icddr,b)
A/Bangladesh/icddrb-1230809011/2023	international_centre_for_diarrhoeal_disease_research_(icddr,b)	international_centre_for_diarrhoeal_disease_research_(icddr,b)
A/Bangladesh/4014/2023	centers_for_disease_control_and_prevention	icddr,b_international_centre_for_diarrhoeal_disease_research,_bangladesh
A/Bangladesh/1241003010/2024	centers_for_disease_control_and_prevention	icddr,b_international_centre_for_diarrhoeal_disease_research,_bangladesh
A/Bangladesh/3809/2024	centers_for_disease_control_and_prevention	institute_of_epidemiology_disease_control_and_research_(iedcr)_&_bangladesh_national_influenza_centre_(nic)
A/Abudhabi/3688/2024	sheikh_khalifa_medical_city_(skmc)	reference_laboratory_for_infectious_disease_(surveillance_lab)
A/Togo/613/2023	centers_for_disease_control_and_prevention	institute_national_d'hygiene
A/HongKong/1429/2023	crick_worldwide_influenza_centre	government_virus_unit
A/Cambodia/CCH230138/2023		national_institute_of_public_health
A/Para/2023-017611-IEC/2023	evandro_chagas_institute	evandro_chagas_institute
A/HongKong/1474/2023	centers_for_disease_control_and_prevention	government_virus_unit
A/Dakar/27/2023	crick_worldwide_influenza_centre	institut_pasteur_de_dakar__
A/Cambodia/PKH230253/2023		national_institute_of_public_health
A/Bangladesh/1045/2023	centers_for_disease_control_and_prevention	icddr,b_international_centre_for_diarrhoeal_disease_research,_bangladesh
A/Kanagawa/AC2359/2024	national_institute_of_infectious_diseases_(niid)	national_institute_of_infectious_diseases_(niid)
A/HongKong/2886/2023	crick_worldwide_influenza_centre	government_virus_unit
A/Arizona/80/2022	centers_for_disease_control_and_prevention	arizona_department_of_health_services
A/France/ARA-HCL023016452901/2023	cnr_virus_des_infections_respiratoires,_france_sud	cnr_virus_des_infections_respiratoires___france_sud
A/CzechRepublic/2382/2023-egg	crick_worldwide_influenza_centre	national_institute_of_public_health
A/CzechRepublic/2382/2023	crick_worldwide_influenza_centre	national_institute_of_public_health
A/Bolivia/4935/2023	centers_for_disease_control_and_prevention	instituto_nacional_de_laboratoriosde_salud_(inlasa)
A/VinadelMar/40755/2023	centers_for_disease_control_and_prevention	instituto_de_salud_publica_de_chile
A/Perth/113A/2023	who_collaborating_centre_for_reference_and_research_on_influenza	pathwest_qe_ii_medical_centre
A/Nizwa/7231690/2023	crick_worldwide_influenza_centre	central_public_health_laboratory,_ministry_of_health
A/Haidian/12859/2023	haidian_district_center_for_disease_control_and_prevention	haidian_center_for_disease_control_and_prevention
A/Cambodia/INPH230150/2023		national_institute_of_public_health
A/Santiago/54764/2023	instituto_de_salud_publica_de_chile	instituto_de_salud_publica_de_chile
A/BurkinaFaso/3335/2024	centers_for_disease_control_and_prevention	irss
A/Massachusetts/BI_GH-16317/2023		broad_institute_genomic_center_for_infectious_diseases
A/Massachusetts/BI_GH-16301/2023		broad_institute_genomic_center_for_infectious_diseases
A/AlMusanaah/7233907/2023	crick_worldwide_influenza_centre	central_public_health_laboratory,_ministry_of_health
A/Bhutan/1323/2023	centers_for_disease_control_and_prevention	royal_centre_for_disease_control
A/Mayotte/HCL022199530601/2022	maladies_infectieuses,_hospices_civils_de_lyon	cnr_virus_des_infections_respiratoires___france_sud
A/StPetersburg/FBUZ-10/2023	who_national_influenza_centre_russian_federation	"fbuz_""center_of_hyhiene_and_epidemiology"""
A/Michigan/UOMHS15938/2022	university_of_michigan	university_of_michigan_clinical_microbiology_laboratory
A/Denmark/3673/2022	statens_serum_institute	statens_serum_institut_
A/Krasnoyarsk/RII-MH129590S/2023	who_national_influenza_centre_russian_federation	center_of_hygiene_and_epidemiology_in_krasnoyarsk_krai
A/CoteDIvoire/GIHSN-HCL023115327101/2023	cnr_virus_des_infections_respiratoires,_france_sud	pasteur_institut_of_côte_d'ivoire
A/StPetersburg/RII-6908S/2022	who_national_influenza_centre_russian_federation	research_institute_of_influenza,_ministry_of_healthcare_of_the_russian_federation
A/Ostersund/2/2023	public_health_agency_of_sweden	laboratoriemedicin,_ostersunds_sjukhus
A/Montana/34/2024	centers_for_disease_control_and_prevention	montana_laboratory_services_bureau
A/Victoria/3132/2023	who_collaborating_centre_for_reference_and_research_on_influenza	royal_melbourne_hospital
A/California/60/2024	centers_for_disease_control_and_prevention	california_department_of_health_services
A/SouthDakota/32/2024	centers_for_disease_control_and_prevention	south_dakota_public_health_lab
A/PaysDeLoire/57562/2022	institut_pasteur	institut_pasteur
A/Novosibirsk/RII-8172S/2023	who_national_influenza_centre_russian_federation	research_institute_of_experimental_and_clinical_medicine
A/Salekhard/RII-MH131221S/2023	who_national_influenza_centre_russian_federation	research_institute_of_influenza,_ministry_of_healthcare_of_the_russian_federation
A/Bangladesh/icddrb-3230711026/2023	international_centre_for_diarrhoeal_disease_research_(icddr,b)	international_centre_for_diarrhoeal_disease_research_(icddr,b)
A/Togo/493/2023	centers_for_disease_control_and_prevention	institute_national_d'hygiene
A/Bangladesh/icddrb-2240411024/2024	international_centre_for_diarrhoeal_disease_research_(icddr,b)	international_centre_for_diarrhoeal_disease_research_(icddr,b)
A/HongKong/2882/2024	hong_kong_department_of_health	hong_kong_department_of_health
A/Oman/6949/2024	centers_for_disease_control_and_prevention	central_public_health_laboratory,_ministry_of_health
A/Bangladesh/3241010003/2024	centers_for_disease_control_and_prevention	icddr,b_international_centre_for_diarrhoeal_disease_research,_bangladesh
A/Bangladesh/9008/2024	centers_for_disease_control_and_prevention	icddr,b_international_centre_for_diarrhoeal_disease_research,_bangladesh
A/HongKong/GIHSN-HKU-250324-001/2025	the_university_of_hong_kong_	the_university_of_hong_kong_
A/Busan/275/2025	korea_disease_control_and_prevention_agency_(kdca)	korea_disease_control_and_prevention_agency_(kdca)
A/HongKong/149/2025	hong_kong_department_of_health	hong_kong_department_of_health
A/Baltimore/JH-850/2023	johns_hopkins_school_of_medicine	johns_hopkins_school_of_medicine
A/Fukui/34/2023	national_institute_of_infectious_diseases_(niid)	fukui_prefectural_institute_of_public_health
A/Kanagawa/AC2344/2023	national_institute_of_infectious_diseases_(niid)	national_institute_of_infectious_diseases_(niid)
A/Aomori/22/2023	national_institute_of_infectious_diseases_(niid)	aomori_prefectural_institute_of_public_health_and_environment
A/Kanagawa/IC2335/2023	national_institute_of_infectious_diseases_(niid)	national_institute_of_infectious_diseases_(niid)
A/Kanagawa/IC2337/2023	national_institute_of_infectious_diseases_(niid)	national_institute_of_infectious_diseases_(niid)
A/Niigata-C/23104/2023	national_institute_of_infectious_diseases_(niid)	niigata_city_institute_of_public_health_and_environment
A/Alagoas/2769/2024	oswaldo_cruz_foundation	laboratório_central_de_saúde_pública_de_alagoas,_lacen_al
A/Maranhao/29383-IEC/2024	evandro_chagas_institute_	evandro_chagas_institute
A/Osaka/9/2024	national_institute_of_infectious_diseases_(niid)	osaka_prefectural_institute_of_public_health
A/Osaka/190/2023	national_institute_of_infectious_diseases_(niid)	osaka_city_institute_of_public_health_and_environmental_sciences
A/Kagawa/23963/2023	national_institute_of_infectious_diseases_(niid)	kagawa_prefectural_research_institute_for_environmental_sciences_and_public_health
A/HongKong/2960/2023	centers_for_disease_control_and_prevention	government_virus_unit
A/Nagano/2031/2024	national_institute_of_infectious_diseases_(niid)	nagano_environmental_conservation_research_institute
A/Lisbon/287/2023	instituto_nacional_de_saude_dr._ricardo_jorge	national_institute_of_health_dr._ricardo_jorge,_infectious_diseases_department,_national_influenza_reference_laboratory
A/Gifu/42/2024	national_institute_of_infectious_diseases_(niid)	gifu_prefectural_institute_of_health_and_environmental_sciences
A/Osaka/12/2024	national_institute_of_infectious_diseases_(niid)	osaka_city_institute_of_public_health_and_environmental_sciences
A/Osaka/184/2023	national_institute_of_infectious_diseases_(niid)	osaka_prefectural_institute_of_public_health
A/Okayama/10/2023	national_institute_of_infectious_diseases_(niid)	okayama_prefectural_institute_for_environmental_science_and_public_health
A/Moscow/37/2022-egg	d.i._ivanovsky_research_institute_of_virology_moph_of__rf,moscow	nic_russia,_ivanovsky_research_institute_of_virology
A/Malaysia/IMR-RM399/2023	national_institute_of_health,_malaysia	hospital_tunku_azizah
A/Victoria/490/2023	who_collaborating_centre_for_reference_and_research_on_influenza	austin_health
A/StPetersburg/RII-16/2022	who_national_influenza_centre_russian_federation	research_institute_of_influenza,_ministry_of_healthcare_of_the_russian_federation
A/Ethiopia/2624/2022	centers_for_disease_control_and_prevention	ethiopian_public_health_institute,_national_influenza_laboratory
A/Yokohama/91/2023	national_institute_of_infectious_diseases_(niid)	yokohama_city_institute_of_public_health.
A/Tokyo/23023/2023	national_institute_of_infectious_diseases_(niid)	tokyo_metropolitan_institute_of_public_health
A/China/1423/2023	zhejiang_provincial_center_for_disease_control_and_prevention	jiaxing_center_for_disease_control_and_prevention
A/Jilin-Chaoyang/SWL1712/2023	centers_for_disease_control_and_prevention	who_chinese_national_influenza_center
A/HongKong/DRV0109/2023		university_of_hong_kong,_school_of_public_health,_who_collaborating_centre_for_infectious_disease_epidemiology_and_control
A/HongKong/ST220088/2023		university_of_hong_kong,_school_of_public_health,_who_collaborating_centre_for_infectious_disease_epidemiology_and_control
A/Victoria/711/2023	who_collaborating_centre_for_reference_and_research_on_influenza	austin_health
A/Shanghai-Baoshan/SWL185/2024-egg	centers_for_disease_control_and_prevention	who_chinese_national_influenza_center
A/Ethiopia/3014/2022	centers_for_disease_control_and_prevention	ethiopian_public_health_institute,_national_influenza_laboratory
A/Jilin-Chaoyang/SWL1712/2023-egg	centers_for_disease_control_and_prevention	who_chinese_national_influenza_center
A/Hawaii/25/2023	centers_for_disease_control_and_prevention	state_of_hawaii_department_of_health
A/CoteDIvoire/3431/2022	centers_for_disease_control_and_prevention	pasteur_institut_of_côte_d'ivoire
A/Hubei-Xiantao/SWL2916/2023-egg	centers_for_disease_control_and_prevention	who_chinese_national_influenza_center
A/Hubei-Xiantao/SWL2916/2023	centers_for_disease_control_and_prevention	who_chinese_national_influenza_center
A/Lao/925-0433/2022	moru_tropical_health_network	lao_oxford_mahosot_wellcome_trust_research_unit_(lomwru)
A/France/ARA-HCL023203075701/2023	cnr_virus_des_infections_respiratoires,_france_sud	cnr_virus_des_infections_respiratoires___france_sud
A/Uganda/UVRI_KIS6780/2024	uganda_virus_research_institute	uganda_virus_research_institute_(uvri),_national_influenza_center
A/Jamaica/409/2024	centers_for_disease_control_and_prevention	university_of_the_west_indies
A/Ukraine/GIHSN-HCL024014843201/2024	cnr_virus_des_infections_respiratoires,_france_sud	"si_""kyiv_city_cdc_moh"""
A/France/ARA-HCL024005448901/2024	cnr_virus_des_infections_respiratoires,_france_sud	cnr_virus_des_infections_respiratoires___france_sud
A/HongKong/2894/2023	centers_for_disease_control_and_prevention	government_virus_unit
A/Douala/24V-6395_NP/2024	centre_pasteur_of_cameroon	centre_pasteur_of_cameroon
A/England/240660892/2024	ukhsa_/_respiratory_virus_unit	uk_health_security_agency___colindale
A/Colorado/ISC-1246/2024	centers_for_disease_control_and_prevention	colorado_department_of_health_lab
A/CzechRepublic/1921/2024	national_institute_of_public_health_(czech_republic)	national_institute_of_public_health
A/France/ARA-RELAB-HCL024002076101/2023	cnr_virus_des_infections_respiratoires,_france_sud	cnr_virus_des_infections_respiratoires___france_sud
A/France/ARA-HCL024044595001/2024	cnr_virus_des_infections_respiratoires,_france_sud	cnr_virus_des_infections_respiratoires___france_sud
A/MinasGerais/10207/2024	instituto_oswaldo_cruz_fiocruz___laboratory_of_respiratory_viruses_and_measles_(lvrs)	funed_mg
A/Temuco/38871/2024	instituto_de_salud_publica_de_chile	instituto_de_salud_publica_de_chile
A/Delaware/DE-DHSS-104/2023	delaware_public_health_laboratory	delaware_public_health_lab
A/Saopaulo/CEVI_24000924/2024	instituto_butantan	instituto_butantan
A/Bahrain/9134/2023	centers_for_disease_control_and_prevention	ministry_of_health_bahrain
A/Cambodia/PKH230457/2023		national_institute_of_public_health
A/India/Pun-NIV24_1658/2024	icmr_national_institute_of_virology	icmr_national_institute_of_virology
A/Switzerland/18849/2024-egg	np	seasonal_h1n1pdm
A/Austria/1678861/2024	crick_worldwide_influenza_centre	university_of_vienna
A/Austria/1678861/2024-egg	np	seasonal_h1n1pdm
A/Malaysia/IMR-SARI0488/2025	institute_for_medical_research	tuanku_ja'afar_hospital
A/Switzerland/7549/2024-egg	np	seasonal_h1n1pdm
A/Switzerland/7549/2024	crick_worldwide_influenza_centre	swiss_national_reference_centre_for_influenza
A/Maldives/Male-NIV241379/2024	icmr_national_institute_of_virology	indira_gandhi_memorial_hospital
A/Austria/1679753/2024-egg	np	seasonal_h1n1pdm
A/Austria/1679753/2024	crick_worldwide_influenza_centre	university_of_vienna
A/Abudhabi/2982/2024	sheikh_khalifa_medical_city_(skmc)	reference_laboratory_for_infectious_disease_(surveillance_lab)
A/SouthAustralia/2501613098/2025	sa_pathology_laboratory	sa_pathology
A/HongKong/2539/2024	hong_kong_department_of_health_,_public_health_laboratory_services_branch	hong_kong_department_of_health
A/Alagoas/CEVI_24001120/2024	instituto_butantan	instituto_butantan
A/Abudhabi/18572/2023	sheikh_khalifa_medical_city_(skmc)	reference_laboratory_for_infectious_disease_(surveillance_lab)
A/Kanagawa/AC2408/2025	national_institute_of_infectious_diseases_(niid)	national_institute_of_infectious_diseases_(niid)
A/Hiroshima/43/2024	national_institute_of_infectious_diseases_(niid)	center_for_public_health_and_environment,_hiroshima_prefectural_technology_research_institute
A/Para/19746-IEC/2024	evandro_chagas_institute	evandro_chagas_institute
A/Ireland/111594/2023	crick_worldwide_influenza_centre	ucd_national_virus_reference_laboratory__
A/Jiaxing/SWL1597/2024	zhejiang_provincial_center_for_disease_control_and_prevention	jiaxing_cdc
A/Jiangsu-Tinghu/SWL1586/2024	centers_for_disease_control_and_prevention	who_chinese_national_influenza_center
A/Canberra/40/2024	who_collaborating_centre_for_reference_and_research_on_influenza	canberra_hospital
A/HongKong/VB24096055/2024	hong_kong_department_of_health_,_public_health_laboratory_services_branch	hong_kong_department_of_health
A/HongKong/VB24068249/2024	hong_kong_department_of_health_,_public_health_laboratory_services_branch	hong_kong_department_of_health
A/Sergipe/9340/2024	instituto_oswaldo_cruz_fiocruz___laboratory_of_respiratory_viruses_and_measles_(lvrs)	lacen/se___laboratório_central_de_saúde_pública_de_sergipe___instituto_parreira_horta
A/CzechRepublic/935/2024	national_institute_of_public_health_(czech_republic)	national_institute_of_public_health
A/HongKong/VB24102446/2024	hong_kong_department_of_health_,_public_health_laboratory_services_branch	hong_kong_department_of_health
A/England/235160196/2023	ukhsa_/_respiratory_virus_unit	uk_health_security_agency___colindale
A/Abudhabi/8909/2024	sheikh_khalifa_medical_city_(skmc)	reference_laboratory_for_infectious_disease_(surveillance_lab)
A/Santiago/41191/2024	instituto_de_salud_publica_de_chile	instituto_de_salud_publica_de_chile
A/Peru/LIM-INS-085/2024	instituto_nacional_de_salud_peru	laboratorio_de_referencia_nacional_virus_respiratorios,_instituto_nacional_de_salud
A/NakhonPhanom/DAI468/2024	thai_national_influenza_center	thai_national_influenza_center
A/Uganda/UVRI_KBK2924/2024	uganda_virus_research_institute_(nic)	koboko_hospital
A/Ghana/1144/2024	centers_for_disease_control_and_prevention	noguchi_memorial_institute_for_medical_research_(nmimr)
A/Abudhabi/4791/2024	sheikh_khalifa_medical_city_(skmc)	reference_laboratory_for_infectious_disease_(surveillance_lab)
A/Saskatchewan/SKFLU341810/2023	saskatchewan_health_authority	roy_romanow_provincial_laboratory
A/Austria/1678276/2024	crick_worldwide_influenza_centre	university_of_vienna
A/Aichi/32/2024	national_institute_of_infectious_diseases_(niid)	aichi_prefectural_institute_of_public_health
A/India/Baroda-NIV24_1228/2024	icmr_national_institute_of_virology	icmr_national_institute_of_virology
A/Switzerland/74135/2024	crick_worldwide_influenza_centre	swiss_national_reference_centre_for_influenza
A/Switzerland/88489/2024-egg	np	seasonal_h1n1pdm
A/Switzerland/18849/2024	crick_worldwide_influenza_centre	swiss_national_reference_centre_for_influenza
A/Austria/1678548/2024-egg	np	seasonal_h1n1pdm
A/SouthAfrica/K061736/2024	center_for_epidemic_response_and_innovation_(ceri)	division_of_medical_virology
A/NakhonPhanom/F1777/2024	thai_national_influenza_center	thai_national_influenza_center
A/Slovakia/UPHATSR-s_39564/2025		science_park_of_comenius_university_of_bratislava
A/Bhutan/1399/2023	centers_for_disease_control_and_prevention	royal_centre_for_disease_control
A/Austria/1678548/2024	crick_worldwide_influenza_centre	university_of_vienna
A/Austria/1678276/2024-egg	np	seasonal_h1n1pdm
A/Zambia/500/2024	centers_for_disease_control_and_prevention	university_teaching_hospital,_moh_zambia
A/SouthAfrica/R05436/2024	national_institute_for_communicable_diseases_(nicd)	national_institute_for_communicable_diseases_(nicd)
A/SouthAfrica/R03519/2024	national_institute_for_communicable_diseases_(nicd)	national_institute_for_communicable_diseases_(nicd)
A/SouthAfrica/PET33190/2024	vaccines_and_infectious_diseases_analytics_research_unit	wits_vida
A/SouthAfrica/NHLS-UCT-K061930/2024	center_for_epidemic_response_and_innovation_(ceri)	national_health_laboratory_services,_university_of_cape_town
A/SouthAfrica/R04153/2024	crick_worldwide_influenza_centre	national_institute_for_communicable_disease
A/Zambia/450/2024	centers_for_disease_control_and_prevention	university_teaching_hospital,_moh_zambia
A/SouthAfrica/PET32435/2024	vaccines_and_infectious_diseases_analytics_research_unit	wits_vida
A/SouthAfrica/R03471/2024	national_institute_for_communicable_diseases_(nicd)	national_institute_for_communicable_diseases_(nicd)
A/SouthAfrica/R04201/2024	crick_worldwide_influenza_centre	national_institute_for_communicable_disease
A/SouthAfrica/PET32916/2024	vaccines_and_infectious_diseases_analytics_research_unit	wits_vida
A/SouthAfrica/PET32647/2024	vaccines_and_infectious_diseases_analytics_research_unit	wits_vida
A/SouthAfrica/PET32738/2024	vaccines_and_infectious_diseases_analytics_research_unit	wits_vida
A/HongKong/2070/2024	crick_worldwide_influenza_centre	government_virus_unit
A/Santiago/67722/2024	instituto_de_salud_pública_de_chile	instituto_de_salud_publica_de_chile
A/Bhutan/PHC-04/2024	centers_for_disease_control_and_prevention	royal_centre_for_disease_control
A/Oman/CPHL_7247798/2024	central_public_health_laboratories_oman	central_public_health_laboratories_oman
A/Florida/ISC-1210/2025	centers_for_disease_control_and_prevention	florida_department_of_health_jacksonville
A/Malaysia/IMR-SARI0321/2025	institute_for_medical_research	hospital_sultanah_aminah
A/Bangkok/F697/2025	thai_national_influenza_center	thai_national_influenza_center
A/ChiangRai/F381/2025	thai_national_influenza_center	thai_national_influenza_center
A/Ohio/2/2025	centers_for_disease_control_and_prevention	ohio_department_of_health_laboratories
A/ChiangRai/F641/2025	thai_national_influenza_center	thai_national_influenza_center
A/Ohio/73/2025	centers_for_disease_control_and_prevention	university_hospitals_cleveland_medical_center
A/Wyoming/4/2025	centers_for_disease_control_and_prevention	wyoming_public_health_laboratory
A/Massachusetts/ISC-1661/2025	centers_for_disease_control_and_prevention	massachusetts_department_of_public_health
A/Manitoba/RV00919-25/2025	public_health_agency_of_canada_(phac)	cadham_provincial_laboratory
A/Saskatchewan/SKFLU421422/2025	roy_romanow_provincial_laboratory	roy_romanow_provincial_laboratory
A/SuratThani/F583/2025	thai_national_influenza_center	thai_national_influenza_center
A/ChiangRai/F706/2025	thai_national_influenza_center	thai_national_influenza_center
A/Catalonia/NSVC770322442/2025	hospital_universitari_vall_d'hebron	hospital_verge_de_la_cinta
A/Indonesia/BIOKES-A8DC125/2025	balai_besar_laboratorium_biologi_kesehatan	balai_besar_laboratorium_biologi_kesehatan
A/NakhonRatachasima/FSEQ1/2025	thai_national_influenza_center	thai_national_influenza_center
A/Gyeonggi/422/2025	korea_disease_control_and_prevention_agency_(kdca)	korea_disease_control_and_prevention_agency_(kdca)
A/India/Pune-NIV235676/2023	icmr_national_institute_of_virology	icmr_national_institute_of_virology
A/Switzerland/88489/2024	crick_worldwide_influenza_centre	swiss_national_reference_centre_for_influenza
A/Denmark/2071/2023	statens_serum_institute	statens_serum_institut_
A/France/IDF-RELAB-IPP03718/2024	institut_pasteur	institut_pasteur
A/Romania/561331/2023	crick_worldwide_influenza_centre	cantacuzino_institute
A/England/240880858/2024	ukhsa_/_respiratory_virus_unit	uk_health_security_agency___colindale
A/Bhutan/1468/2024	centers_for_disease_control_and_prevention	royal_centre_for_disease_control
A/Queensland/IN000223/2024	public_and_environmental_health_reference_laboratories_(pehrl)	pathology_queensland
A/Ehime/50/2024	national_institute_of_infectious_diseases_(niid)	ehime_prefecture_institute_of_public_health_and_environmental_science
A/Abudhabi/14069/2024	sheikh_khalifa_medical_city_(skmc)	reference_laboratory_for_infectious_disease_(surveillance_lab)
A/ChiangRai/F2571/2024	thai_national_influenza_center	thai_national_influenza_center
A/Queensland/IN000313/2024	public_and_environmental_health_reference_laboratories_(pehrl)	qld,_sullivan_nicolaides_pathology
A/Queensland/IN000694/2024	public_and_environmental_health_reference_laboratories_(pehrl)	pathology_queensland
A/Kentucky/66/2024	centers_for_disease_control_and_prevention	kentucky_division_of_laboratory_services
A/Queensland/IN000503/2024	public_and_environmental_health_reference_laboratories_(pehrl)	pathology_queensland
A/Wellington/66/2024	centers_for_disease_control_and_prevention	institute_of_environmental_science_&_research
A/Queensland/IN000198/2024	public_and_environmental_health_reference_laboratories_(pehrl)	pathology_queensland
A/Auckland/127/2024	centers_for_disease_control_and_prevention	institute_of_environmental_science_&_research
A/Singapore/GP13868/2024	ministry_of_health,_singapore	ministry_of_health,_singapore
A/Florida/ISC-1200/2025	centers_for_disease_control_and_prevention	florida_department_of_health_jacksonville
A/England/560283/2025	ukhsa_/_respiratory_virus_unit	uk_health_security_agency___colindale
A/Catalonia/NSGT198316108/2025	hospital_universitari_vall_d'hebron	hospital_universitari_germans_trias_i_pujol_
A/Queensland/IN000905/2025	public_and_environmental_health_reference_laboratories_(pehrl)	pathology_queensland
A/StPetersburg/RII-MH222705S/2024	who_national_influenza_centre_russian_federation	research_institute_of_influenza,_ministry_of_healthcare_of_the_russian_federation
A/ChiangRai/F41/2025	thai_national_influenza_center	thai_national_influenza_center
A/England/4320166/2024	ukhsa_/_respiratory_virus_unit	uk_health_security_agency___colindale
A/SouthAustralia/2504414582/2025	sa_pathology_laboratory	sa_pathology
A/Indonesia/BIOKES-IJBI815/2025	balai_besar_laboratorium_biologi_kesehatan	balai_besar_laboratorium_biologi_kesehatan
A/Queensland/IN000944/2024	public_and_environmental_health_reference_laboratories_(pehrl)	pathology_queensland
A/Queensland/IN000911/2024	public_and_environmental_health_reference_laboratories_(pehrl)	pathology_queensland
A/Nevada/232/2024	centers_for_disease_control_and_prevention	southern_nevada_public_health_lab
A/Guam/15354/2025	u.s._air_force_school_of_aerospace_medicine	u.s._air_force_school_of_aerospace_medicine_
A/Singapore/SAR21470/2023	ministry_of_health,_singapore	ministry_of_health,_singapore
A/SouthAfrica/PATH-CERI-C066222/2025	center_for_epidemic_response_and_innovation_(ceri)	pathcare
A/SouthAfrica/NHLS-UCT-K061959/2024	center_for_epidemic_response_and_innovation_(ceri)	national_health_laboratory_services,_university_of_cape_town
A/Abudhabi/2832/2024	sheikh_khalifa_medical_city_(skmc)	reference_laboratory_for_infectious_disease_(surveillance_lab)
A/Antananarivo/1916/2024	crick_worldwide_influenza_centre	institut_pasteur_de_madagascar
A/Madagascar/1332/2024	centers_for_disease_control_and_prevention	institut_pasteur_de_madagascar
A/Abudhabi/7593/2024	sheikh_khalifa_medical_city_(skmc)	reference_laboratory_for_infectious_disease_(surveillance_lab)
A/Abudhabi/42/2024	sheikh_khalifa_medical_city_(skmc)	reference_laboratory_for_infectious_disease_(surveillance_lab)
A/France/ARA-RELAB-HCL024009924801/2024	cnr_virus_des_infections_respiratoires,_france_sud	cnr_virus_des_infections_respiratoires___france_sud
A/France/ARA-HCL023205290501/2023	cnr_virus_des_infections_respiratoires,_france_sud	cnr_virus_des_infections_respiratoires___france_sud
A/France/ARA-RELAB-HCL023205037601/2023	cnr_virus_des_infections_respiratoires,_france_sud	cnr_virus_des_infections_respiratoires___france_sud
A/Bhutan/413/2023	centers_for_disease_control_and_prevention	royal_centre_for_disease_control
A/Tokyo/EIS10-417/2024	national_institute_of_infectious_diseases_(niid)	national_institute_of_infectious_diseases_(niid)
A/Maldives/2277/2024	centers_for_disease_control_and_prevention	ministry_of_health
A/HongKong/EPI0738/2024		university_of_hong_kong,_school_of_public_health,_who_collaborating_centre_for_infectious_disease_epidemiology_and_control
A/Japan/15356/2025	u.s._air_force_school_of_aerospace_medicine	u.s._air_force_school_of_aerospace_medicine_
A/Tokyo/EIS11-175/2024	national_institute_of_infectious_diseases_(niid)	national_institute_of_infectious_diseases_(niid)
A/Japan/15128/2025	u.s._air_force_school_of_aerospace_medicine	u.s._air_force_school_of_aerospace_medicine_
A/HongKong/284/2025	hong_kong_department_of_health	hong_kong_department_of_health
A/India/PUN-NIVCOV241523/2024	icmr_national_institute_of_virology	icmr_national_institute_of_virology
A/Taiwan/C21572/2024	taiwan_centers_for_disease_control	taiwan_centers_for_disease_control
A/Vietnam/4368/2024	centers_for_disease_control_and_prevention	pasteur_institute,_influenza_laboratory
A/Cambodia/IAHC240319/2024	national_institute_of_public_health	national_institute_of_public_health
A/Saarland/12/2024	crick_worldwide_influenza_centre	robert_koch_institute_nationales_referenzzentrum_für_influenza
A/England/1340751/2024	ukhsa_/_respiratory_virus_unit	uk_health_security_agency___colindale
A/Tokyo/EIS10-970/2024	national_institute_of_infectious_diseases_(niid)	national_institute_of_infectious_diseases_(niid)
A/Queensland/IN000715/2024	public_and_environmental_health_reference_laboratories_(pehrl)	pathology_queensland
A/England/240840854/2024	ukhsa_/_respiratory_virus_unit	uk_health_security_agency___colindale
A/India/PUN-NIV24_1333/2024	icmr_national_institute_of_virology	icmr_national_institute_of_virology
A/NovaScotia/25-011-00280/2025	public_health_agency_of_canada_(phac)	qeii_health_sciences_centre
A/Vietnam/PF324310/2024	bach_mai_hospital	bach_mai_hospital
A/Florida/ISC-1024/2024	centers_for_disease_control_and_prevention	florida_department_of_health_jacksonville
A/Peru/CAL-INS-125/2024	instituto_nacional_de_salud_peru	laboratorio_de_referencia_nacional_virus_respiratorios,_instituto_nacional_de_salud
A/Bhutan/1444/2024	centers_for_disease_control_and_prevention	royal_centre_for_disease_control
A/Norway/7930/2024	norwegian_institute_of_public_health	norwegian_institute_of_public_health
A/Queensland/IN000138/2024	public_and_environmental_health_reference_laboratories_(pehrl)	pathology_queensland
A/Queensland/IN000776/2024	public_and_environmental_health_reference_laboratories_(pehrl)	qld,_sullivan_nicolaides_pathology
A/HongKong/2860/2024	crick_worldwide_influenza_centre	government_virus_unit
A/HongKong/250/2025	hong_kong_department_of_health	hong_kong_department_of_health
A/HongKong/EPI0993/2025		university_of_hong_kong,_school_of_public_health,_who_collaborating_centre_for_infectious_disease_epidemiology_and_control
A/Bahrain/1710/2025	national_influenza_center,_bahrain	ministry_of_health_bahrain
A/HongKong/218/2025	hong_kong_department_of_health	hong_kong_department_of_health
A/HongKong/93/2025	hong_kong_department_of_health	hong_kong_department_of_health
A/India/Pune-NIV235842/2023	icmr_national_institute_of_virology	icmr_national_institute_of_virology
A/HongKong/3015/2024	hong_kong_department_of_health	hong_kong_department_of_health
A/Taiwan/C21622/2024	taiwan_centers_for_disease_control	taiwan_centers_for_disease_control
A/StPetersburg/RII-MH224869S/2025	who_national_influenza_centre_russian_federation	research_institute_of_influenza,_ministry_of_healthcare_of_the_russian_federation
A/Massachusetts/ISC-1481/2025	centers_for_disease_control_and_prevention	massachusetts_department_of_public_health
A/Ghana/FS-25-0040/2024	noguchi_memorial_institute_for_medical_research_(nmimr)	noguchi_memorial_institute_for_medical_research
A/StPetersburg/RII-1239S/2025	who_national_influenza_centre_russian_federation	research_institute_of_influenza,_ministry_of_healthcare_of_the_russian_federation
A/StPetersburg/RII-MH222725S/2025	who_national_influenza_centre_russian_federation	research_institute_of_influenza,_ministry_of_healthcare_of_the_russian_federation
A/Abudhabi/18211/2023	sheikh_khalifa_medical_city_(skmc)	reference_laboratory_for_infectious_disease_(surveillance_lab)
A/Kanagawa/IC2423/2025	national_institute_of_infectious_diseases_(niid)	national_institute_of_infectious_diseases_(niid)
A/Antananarivo/1900/2024	crick_worldwide_influenza_centre	institut_pasteur_de_madagascar
A/Bangkok/P1897/2024	thai_national_influenza_center	thai_national_influenza_center
A/Malaysia/TIDREC_KBR-AUFI920/2024	university_of_malaya	tropical_infectious_diseases_research_and_education_centre_(tidrec),_universiti_malaya
A/Ghana/FS-25-0397/2025	noguchi_memorial_institute_for_medical_research_(nmimr)	noguchi_memorial_institute_for_medical_research
A/CoteDIvoire/2668/2024	institut_pasteur_de_côte_d'ivoire	pasteur_institut_of_côte_d'ivoire
A/CoteDIvoire/3988/2024	crick_worldwide_influenza_centre	pasteur_institut_of_côte_d'ivoire
A/Hawaii/ISC-1031/2025	centers_for_disease_control_and_prevention	state_of_hawaii_department_of_health
A/Astrakhan/RII-MH224365S/2024	who_national_influenza_centre_russian_federation	research_institute_of_influenza,_ministry_of_healthcare_of_the_russian_federation
A/India/Hub-NIV24_3091/2024	icmr_national_institute_of_virology	icmr_national_institute_of_virology
A/Bangkok/P1684/2024	thai_national_influenza_center	thai_national_influenza_center
A/Lao/1635/2024	centers_for_disease_control_and_prevention	national_center_for_laboratory_and_epidemiology
A/India/Pun-NIVCOV242307/2024	icmr_national_institute_of_virology	icmr_national_institute_of_virology
A/Queensland/IN000074/2024	public_and_environmental_health_reference_laboratories_(pehrl)	pathology_queensland
A/Vietnam/GS549/2024	pasteur_institute_ho_chi_minh_city	pasteur_institute,_influenza_laboratory
A/Ulaanbaatar/3093/2024	national_center_for_communicable_diseases	national_center_for_communicable_diseases
A/India/Pun-NIVCOV242362/2024	icmr_national_institute_of_virology	icmr_national_institute_of_virology
A/Singapore/SAR7264/2024	ministry_of_health,_singapore	ministry_of_health,_singapore
A/Scotland/4_75/2024	west_of_scotland_specialist_virology_centre	west_of_scotland_specialist_virology_centre
A/Vietnam/PF324356/2024	bach_mai_hospital	bach_mai_hospital
A/France/ARA-HCL025015691101/2025	cnr_virus_des_infections_respiratoires,_france_sud	cnr_virus_des_infections_respiratoires___france_sud
A/SouthAustralia/2503000773/2025	sa_pathology_laboratory	sa_pathology
A/Melilla/241384/2023	instituto_de_salud_carlos_iii	servicio_de_microbiología_hospital_comarcal_de_melilla
A/Denmark/1765/2023	statens_serum_institute	statens_serum_institut_
A/Switzerland/74135/2024-egg	np	seasonal_h1n1pdm
A/Bhutan/HAA04/2024	centers_for_disease_control_and_prevention	royal_centre_for_disease_control
A/StPetersburg/RII-MH224928S/2025	who_national_influenza_centre_russian_federation	research_institute_of_influenza,_ministry_of_healthcare_of_the_russian_federation
A/SouthAustralia/2503010893/2025	sa_pathology_laboratory	sa_pathology
A/FrenchGuiana/60/2025	institut_pasteur_de_la_guyane	centre_hospitalier_de_cayenne
A/FrenchGuiana/53/2025	institut_pasteur_de_la_guyane	national_influenza_center_french_guiana_and_french_indies
A/Oman/CPHL_7247503/2024	central_public_health_laboratories_oman	central_public_health_laboratories_oman
A/France/PDL-IPP01992/2025	institut_pasteur	institut_pasteur
A/Nagano/2507/2024	national_institute_of_infectious_diseases_(niid)	nagano_environmental_conservasion_research_institute
A/Fukuoka-C/4/2024	national_institute_of_infectious_diseases_(niid)	fukuoka_city_institute_for_hygiene_and_the_environment
A/Victoria/275/2024	who_collaborating_centre_for_reference_and_research_on_influenza	monash_medical_centre
A/Queensland/IN000370/2024	public_and_environmental_health_reference_laboratories_(pehrl)	pathology_queensland
A/Pennsylvania/320/2024	centers_for_disease_control_and_prevention	pennsylvania_department_of_health
A/Illinois/26/2025	centers_for_disease_control_and_prevention	illinois_department_of_public_health_springfield
A/Wisconsin/21/2025	centers_for_disease_control_and_prevention	city_of_milwaukee_health_department
A/SouthAustralia/2504312778/2025	sa_pathology_laboratory	sa_pathology
A/NewJersey/DE-DHSS-864/2025	delaware_public_health_laboratory	delaware_public_health_lab
A/Darwin/328/2024	centers_for_disease_control_and_prevention	who_collaborating_centre_for_reference_and_research_on_influenza
A/Para/1422-IEC/2025	evandro_chagas_institute	central_public_health_laboratory_of_the_state_para
A/England/5120148/2024	ukhsa_/_respiratory_virus_unit	uk_health_security_agency___colindale
A/SouthAustralia/2503510894/2025	sa_pathology_laboratory	sa_pathology
A/StPetersburg/RII-MH222907S/2025	who_national_influenza_centre_russian_federation	research_institute_of_influenza,_ministry_of_healthcare_of_the_russian_federation
A/California/LACPHL-INF00920/2024		los_angeles_county_public_health_laboratories,_lab_microbial_pathogen_submission_group
A/Ghana/FS-25-0400/2025	noguchi_memorial_institute_for_medical_research_(nmimr)	noguchi_memorial_institute_for_medical_research
A/Malaysia/IMR-SARI0566/2025	institute_for_medical_research	tuanku_ja'afar_hospital
A/Massachusetts/ISC-1521/2025	centers_for_disease_control_and_prevention	massachusetts_department_of_public_health
A/HongKong/VB24207370/2024	hong_kong_department_of_health_,_public_health_laboratory_services_branch	hong_kong_department_of_health
A/India/Pun-NIVCOV243167/2024	icmr_national_institute_of_virology	icmr_national_institute_of_virology
A/HongKong/GIHSN-HKU-250324-003/2025	the_university_of_hong_kong_	the_university_of_hong_kong_
A/Bangkok/P140/2025	thai_national_influenza_center	thai_national_influenza_center
A/India/PUN-NIVCOV242009/2024	icmr_national_institute_of_virology	icmr_national_institute_of_virology
A/HongKong/251/2025	hong_kong_department_of_health	hong_kong_department_of_health
A/SouthAustralia/2501510671/2025	sa_pathology_laboratory	sa_pathology
A/SouthAustralia/2504506729/2025	sa_pathology_laboratory	sa_pathology
A/Peru/LIM-INS-080/2024	instituto_nacional_de_salud_peru	laboratorio_de_referencia_nacional_virus_respiratorios,_instituto_nacional_de_salud
A/Shanghai-Putuo/SWL1666/2024-egg	centers_for_disease_control_and_prevention	who_chinese_national_influenza_center
A/Shanghai-Putuo/SWL1666/2024	centers_for_disease_control_and_prevention	who_chinese_national_influenza_center
A/Abudhabi/6718/2024	sheikh_khalifa_medical_city_(skmc)	reference_laboratory_for_infectious_disease_(surveillance_lab)
A/Pakistan/NIC/ICT/576/2025	national_institute_of_health_pakistan	national_institute_of_health
A/Canberra/186/2024	who_collaborating_centre_for_reference_and_research_on_influenza	canberra_hospital
A/Bhutan/3078/2024	centers_for_disease_control_and_prevention	royal_centre_for_disease_control
A/Ulsan/485/2025	korea_disease_control_and_prevention_agency_(kdca)	korea_disease_control_and_prevention_agency_(kdca)
A/Maldives/1974/2024	centers_for_disease_control_and_prevention	ministry_of_health
A/Maldives/1720/2024	centers_for_disease_control_and_prevention	ministry_of_health
A/Queensland/IN000525/2024	public_and_environmental_health_reference_laboratories_(pehrl)	qld,_sullivan_nicolaides_pathology
A/NewBrunswick/NBPHLFLU08K-MM00008R-r1/2024	hôpital_georges_l.dumont	hôpital_georges_l._dumont
A/NewBrunswick/NBPHLFLU12A-MM00050R/2025	hôpital_georges_l.dumont	hôpital_georges_l._dumont
A/NewBrunswick/NBPHLFLU05A-MM00067R/2025	hôpital_georges_l.dumont	hôpital_georges_l._dumont
A/Busan/273/2025	korea_disease_control_and_prevention_agency_(kdca)	korea_disease_control_and_prevention_agency_(kdca)
A/SouthAfrica/PATH-CERI-C066244/2025	center_for_epidemic_response_and_innovation_(ceri)	pathcare
A/SriLanka/12/2025	who_collaborating_centre_for_reference_and_research_on_influenza	medical_research_institute
A/SriLanka/11/2025	who_collaborating_centre_for_reference_and_research_on_influenza	medical_research_institute
A/SriLanka/116/2024	who_collaborating_centre_for_reference_and_research_on_influenza	medical_research_institute
A/Utsunomiya/103/2024	national_institute_of_infectious_diseases_(niid)	utsunomiya_city_institute_of_public_health_and_environment_science
A/HongKong/310/2025	hong_kong_department_of_health	hong_kong_department_of_health
A/Busan/272/2025	korea_disease_control_and_prevention_agency_(kdca)	korea_disease_control_and_prevention_agency_(kdca)
A/HongKong/GIHSN-HKU-250324-011/2025	the_university_of_hong_kong_	the_university_of_hong_kong_
A/Denmark/2366/2024	statens_serum_institute	statens_serum_institut
A/France/ARA-RELAB-HCL025034819701/2025	cnr_virus_des_infections_respiratoires,_france_sud	cnr_virus_des_infections_respiratoires___france_sud
A/Lipetsk/RII-MH224803S/2025	who_national_influenza_centre_russian_federation	research_institute_of_influenza,_ministry_of_healthcare_of_the_russian_federation
A/SouthAustralia/2503600795/2025	sa_pathology_laboratory	sa_pathology
A/CookIslands/2/2025	who_collaborating_centre_for_reference_and_research_on_influenza	te_marae_ora_ministry_of_health
A/SouthAustralia/2501608015/2025	sa_pathology_laboratory	sa_pathology
A/Abudhabi/13978/2024	sheikh_khalifa_medical_city_(skmc)	reference_laboratory_for_infectious_disease_(surveillance_lab)
A/France/PAC-RELAB-HCL025017866201/2025	cnr_virus_des_infections_respiratoires,_france_sud	cnr_virus_des_infections_respiratoires___france_sud
A/England/5120250/2024	ukhsa_/_respiratory_virus_unit	uk_health_security_agency___colindale
A/Denmark/1580/2025	statens_serum_institute	statens_serum_institut
A/Kazakhstan/1910/2024	crick_worldwide_influenza_centre	national_reference_laboratory
A/Kazakhstan/1926/2024	crick_worldwide_influenza_centre	national_reference_laboratory
A/England/4960779/2024	ukhsa_/_respiratory_virus_unit	uk_health_security_agency___colindale
A/HongKong/79/2025	hong_kong_department_of_health	hong_kong_department_of_health
A/Algeria/448/2025	crick_worldwide_influenza_centre	institut_pasteur_d'algerie
A/Parana/455/2025	instituto_oswaldo_cruz_fiocruz___laboratory_of_respiratory_viruses_and_measles_(lvrs)	laboratório_central_do_estado_do_paraná___lacen/pr
A/Queensland/IN000714/2024	public_and_environmental_health_reference_laboratories_(pehrl)	pathology_queensland
A/HongKong/GIHSN-HKU-250324-010/2025	the_university_of_hong_kong_	the_university_of_hong_kong_
A/California/LACPHL-INF01333/2024		los_angeles_county_public_health_laboratories,_lab_microbial_pathogen_submission_group
A/StPetersburg/RII-MH226587S/2025	who_national_influenza_centre_russian_federation	research_institute_of_influenza,_ministry_of_healthcare_of_the_russian_federation
A/StPetersburg/RII-MH225513S/2025	who_national_influenza_centre_russian_federation	research_institute_of_influenza,_ministry_of_healthcare_of_the_russian_federation
A/StPetersburg/RII-MH223334S/2025	who_national_influenza_centre_russian_federation	research_institute_of_influenza,_ministry_of_healthcare_of_the_russian_federation
A/HongKong/2786/2024	hong_kong_department_of_health	hong_kong_department_of_health
A/BritishColumbia/PHL-1937/2024	public_health_agency_of_canada	b.c._centre_for_disease_control
A/StPetersburg/RII-MH222721S/2025	who_national_influenza_centre_russian_federation	research_institute_of_influenza,_ministry_of_healthcare_of_the_russian_federation
A/England/4520980/2024	ukhsa_/_respiratory_virus_unit	uk_health_security_agency___colindale
A/England/4780161/2024	ukhsa_/_respiratory_virus_unit	uk_health_security_agency___colindale
A/Tokyo/EIS11-249/2024	national_institute_of_infectious_diseases_(niid)	national_institute_of_infectious_diseases_(niid)
A/Abudhabi/12084/2024	sheikh_khalifa_medical_city_(skmc)	reference_laboratory_for_infectious_disease_(surveillance_lab)
A/AbuDhabi/4946/2024	centers_for_disease_control_and_prevention	shaikh_khalifa_medical_city
A/Denmark/2068/2025	statens_serum_institute	statens_serum_institut
A/France/OCC-RELAB-HCL025018583301/2025	cnr_virus_des_infections_respiratoires,_france_sud	cnr_virus_des_infections_respiratoires___france_sud
A/France/CVL-IPP00980/2025	institut_pasteur	institut_pasteur
A/FrenchPolynesia/HCL025024979901/2025	cnr_virus_des_infections_respiratoires,_france_sud	cnr_virus_des_infections_respiratoires___france_sud
A/Victoria/177/2025	who_collaborating_centre_for_reference_and_research_on_influenza	royal_melbourne_hospital
A/ChiangRai/F338/2025	thai_national_influenza_center	thai_national_influenza_center
A/Seoul/474/2025	korea_disease_control_and_prevention_agency_(kdca)	korea_disease_control_and_prevention_agency_(kdca)
A/Ulsan/489/2025	korea_disease_control_and_prevention_agency_(kdca)	korea_disease_control_and_prevention_agency_(kdca)
A/Kanagawa/IC2424/2025	national_institute_of_infectious_diseases_(niid)	national_institute_of_infectious_diseases_(niid)
A/Kanagawa/IC2421/2025	national_institute_of_infectious_diseases_(niid)	national_institute_of_infectious_diseases_(niid)
A/SouthAustralia/2501805912/2025	sa_pathology_laboratory	sa_pathology
A/Canberra/677/2024	who_collaborating_centre_for_reference_and_research_on_influenza	canberra_hospital
A/Tokyo/EIS11-262/2024	national_institute_of_infectious_diseases_(niid)	national_institute_of_infectious_diseases_(niid)
A/HongKong/154/2025	hong_kong_department_of_health	hong_kong_department_of_health
A/HongKong/175/2025	hong_kong_department_of_health	hong_kong_department_of_health
A/HongKong/259/2025	hong_kong_department_of_health	hong_kong_department_of_health
A/SouthAustralia/2502507482/2025	sa_pathology_laboratory	sa_pathology
A/Bangkok/P28/2025	thai_national_influenza_center	thai_national_influenza_center
A/Cambodia/IAHC250034/2025	national_institute_of_public_health	national_institute_of_public_health
A/HongKong/411/2025	hong_kong_department_of_health	hong_kong_department_of_health
A/SouthAustralia/2502104736/2025	sa_pathology_laboratory	sa_pathology
A/Tokyo/EIS11-287/2024	national_institute_of_infectious_diseases_(niid)	national_institute_of_infectious_diseases_(niid)
A/Kanagawa/AC2407/2025	national_institute_of_infectious_diseases_(niid)	national_institute_of_infectious_diseases_(niid)
A/Chungbuk/376/2025	korea_disease_control_and_prevention_agency_(kdca)	korea_disease_control_and_prevention_agency_(kdca)
A/Kanagawa/IC2426/2025	national_institute_of_infectious_diseases_(niid)	national_institute_of_infectious_diseases_(niid)
A/Kanagawa/IC2425/2025	national_institute_of_infectious_diseases_(niid)	national_institute_of_infectious_diseases_(niid)
A/HongKong/372/2025	hong_kong_department_of_health	hong_kong_department_of_health
A/Ulsan/491/2025	korea_disease_control_and_prevention_agency_(kdca)	korea_disease_control_and_prevention_agency_(kdca)
A/SuratThani/F177/2025	thai_national_influenza_center	thai_national_influenza_center
A/NakhonPhanom/F715/2025	thai_national_influenza_center	thai_national_influenza_center
A/SouthAustralia/2502413577/2025	sa_pathology_laboratory	sa_pathology
A/SouthAustralia/2502815580/2025	sa_pathology_laboratory	sa_pathology
A/HongKong/GIHSN-HKU-250324-007/2025	the_university_of_hong_kong_	the_university_of_hong_kong_
A/Netherlands/10382/2024	national_institute_for_public_health_and_the_environment_(rivm)	national_institute_for_public_health_and_the_environment_(rivm)
A/France/ARA-RELAB-HCL024047871501/2024	cnr_virus_des_infections_respiratoires,_france_sud	cnr_virus_des_infections_respiratoires___france_sud
A/HongKong/VB24118229/2024	hong_kong_department_of_health_,_public_health_laboratory_services_branch	hong_kong_department_of_health
A/HongKong/625/2025	hong_kong_department_of_health	hong_kong_department_of_health
A/SouthAustralia/2500502941/2025	sa_pathology_laboratory	sa_pathology
A/SouthAustralia/2500606820/2025	sa_pathology_laboratory	sa_pathology
A/Gifu/204/2024	national_institute_of_infectious_diseases_(niid)	gifu_prefectural_institute_of_health_and_environmental_sciences
A/HongKong/1605/2024	hong_kong_department_of_health_,_public_health_laboratory_services_branch	hong_kong_department_of_health
A/Bhutan/1931/2024	centers_for_disease_control_and_prevention	royal_centre_for_disease_control
A/HongKong/8343/2024	centers_for_disease_control_and_prevention	government_virus_unit
A/Guyana/5959/2024	centers_for_disease_control_and_prevention	national_public_health_reference_laboratory
A/Guyana/8493/2024	centers_for_disease_control_and_prevention	national_public_health_reference_laboratory
A/Bangkok/P2427/2024	thai_national_influenza_center	thai_national_influenza_center
A/Guangdong-Dongwanbendi/SWL2511/2024-egg	centers_for_disease_control_and_prevention	who_chinese_national_influenza_center
A/Guangdong-Dongwanbendi/SWL2511/2024	centers_for_disease_control_and_prevention	who_chinese_national_influenza_center
A/HongKong/EPI0982/2025		university_of_hong_kong,_school_of_public_health,_who_collaborating_centre_for_infectious_disease_epidemiology_and_control
A/HongKong/GIHSN-HKU-250324-004/2025	the_university_of_hong_kong_	the_university_of_hong_kong_
A/Cambodia/NPH240671/2024	national_institute_of_public_health	national_institute_of_public_health
A/Cambodia/NPH241011/2024	national_institute_of_public_health	national_institute_of_public_health
A/SouthAustralia/2432510032/2024	sa_pathology_laboratory	sa_pathology
A/HongKong/2298/2024	hong_kong_department_of_health_,_public_health_laboratory_services_branch	hong_kong_department_of_health
A/Shanghai-Huangpu/SWL1456/2024-egg	centers_for_disease_control_and_prevention	who_chinese_national_influenza_center
A/Jiaxing/SWL1872/2024	zhejiang_provincial_center_for_disease_control_and_prevention	jiaxing_cdc
A/Bangkok/F94/2025	thai_national_influenza_center	thai_national_influenza_center
A/Vietnam/142/2024	centers_for_disease_control_and_prevention	national_institute_of_hygiene_and_epidemiology
A/HongKong/4371/2024	centers_for_disease_control_and_prevention	government_virus_unit
A/Seoul/4059/2024	korea_disease_control_and_prevention_agency_(kdca)	korea_disease_control_and_prevention_agency_(kdca)
A/Khakassia/193-5V/2025	state_research_center_of_virology_and_biotechnology_(vector)	center_of_hygiene_and_epidemiology_of_khakasia
A/Vietnam/PF124384/2024	bach_mai_hospital	bach_mai_hospital
A/YoshkarOla/RII-MH223482S/2025	who_national_influenza_centre_russian_federation	research_institute_of_influenza,_ministry_of_healthcare_of_the_russian_federation
A/HongKong/4616/2024	centers_for_disease_control_and_prevention	government_virus_unit
A/NakhonPhanom/DAI469/2024	thai_national_influenza_center	thai_national_influenza_center
A/HongKong/2675/2024	hong_kong_department_of_health	hong_kong_department_of_health
A/Tokyo/EIS11-106/2024	national_institute_of_infectious_diseases_(niid)	national_institute_of_infectious_diseases_(niid)
A/Seoul/465/2025	korea_disease_control_and_prevention_agency_(kdca)	korea_disease_control_and_prevention_agency_(kdca)
A/HongKong/241/2025	hong_kong_department_of_health	hong_kong_department_of_health
A/Fukui/12/2024	national_institute_of_infectious_diseases_(niid)	fukui_prefectural_institute_of_public_health
A/Jiaxing/SWL1974/2024-egg	zhejiang_provincial_center_for_disease_control_and_prevention	jiaxing_cdc
A/Cambodia/KSH250013/2025	national_institute_of_public_health	national_institute_of_public_health
A/StPetersburg/RII-MH224276S/2025	who_national_influenza_centre_russian_federation	research_institute_of_influenza,_ministry_of_healthcare_of_the_russian_federation
A/Oman/CPHL_7246683/2024	ministry_of_health,_central_public_health_laboratory	central_public_health_laboratories_oman
A/Badajoz/37205944/2025	hospital_universitario_de_badajoz	hospital_don_benito_villanueva_de_la_serena
A/Badajoz/18614911/2023	hospital_universitario_de_badajoz	hospital_universitario_de_badajoz__
A/Badajoz/18669932/2025	hospital_universitario_de_badajoz	hospital_universitario_de_badajoz
A/StPetersburg/RII-MH223338S/2025	who_national_influenza_centre_russian_federation	research_institute_of_influenza,_ministry_of_healthcare_of_the_russian_federation
A/Lipetsk/RII-MH224819S/2025	who_national_influenza_centre_russian_federation	research_institute_of_influenza,_ministry_of_healthcare_of_the_russian_federation
A/NovaScotia/WT3001CP00090U/2025	public_health_agency_of_canada_(phac)	qeii_health_sciences_centre
A/Singapore/MOH0276/2024	ministry_of_health,_singapore	ministry_of_health,_singapore
A/Kemerovo/139-2V/2024	state_research_center_of_virology_and_biotechnology_(vector)	center_of_hygiene_and_epidemiology_in_kemerovo_region
A/France/COR-RELAB-HCL025009757401/2025	cnr_virus_des_infections_respiratoires,_france_sud	cnr_virus_des_infections_respiratoires___france_sud
A/SouthAustralia/2500309092/2025	sa_pathology_laboratory	sa_pathology
A/SouthAustralia/2434514197/2024	sa_pathology_laboratory	sa_pathology
A/SouthAustralia/2433501363/2024	sa_pathology_laboratory	sa_pathology
A/SouthAustralia/2433114063/2024	sa_pathology_laboratory	sa_pathology
A/Akita/14/2024	national_institute_of_infectious_diseases_(niid)	akita_research_center_for_public_health_and_environment
A/Tokyo/EIS11-063/2024	national_institute_of_infectious_diseases_(niid)	national_institute_of_infectious_diseases_(niid)
A/Singapore/GP15932/2024	ministry_of_health,_singapore	ministry_of_health,_singapore
A/SouthAustralia/2433105703/2024	sa_pathology_laboratory	sa_pathology
A/HongKong/GIHSN-HKU-250324-012/2025	the_university_of_hong_kong_	the_university_of_hong_kong_
A/Jiaxing/SWL11181/2024	zhejiang_provincial_center_for_disease_control_and_prevention	jiaxing_cdc
A/Jiaxing/SWL11170/2024	zhejiang_provincial_center_for_disease_control_and_prevention	jiaxing_cdc
A/Jiaxing/SWL11155/2024	zhejiang_provincial_center_for_disease_control_and_prevention	jiaxing_cdc
A/Jiaxing/SWL11143/2024	zhejiang_provincial_center_for_disease_control_and_prevention	jiaxing_cdc
A/FrenchGuiana/178/2025	institut_pasteur_de_la_guyane	centre_hospitalier_de_l'ouest_guyanais
A/SouthAustralia/2501106383/2025	sa_pathology_laboratory	sa_pathology
A/StPetersburg/RII-MH217945S/2024	who_national_influenza_centre_russian_federation	research_institute_of_influenza,_ministry_of_healthcare_of_the_russian_federation
A/SouthAustralia/2433412404/2024	sa_pathology_laboratory	sa_pathology
A/Lipetsk/RII-MH224798S/2025	who_national_influenza_centre_russian_federation	research_institute_of_influenza,_ministry_of_healthcare_of_the_russian_federation
A/Valencia/VAHNSI-GIHSN-09_0537/2025	virology_laboratory_&_vaccine_research_area,_fisabio___public_health,_center_of_public_health_research_(csisp),_gen._valenciana	consorcio_hospital_general_unversitario_de_valencia
A/Netherlands/10356/2025	national_institute_for_public_health_and_the_environment_(rivm)	national_institute_for_public_health_and_the_environment_(rivm)
A/Bangkok/P267/2025	thai_national_influenza_center	thai_national_influenza_center
A/BadenWurttemberg/39/2025	robert_koch_institute_nationales_referenzzentrum_für_influenza	robert_koch_institute_nationales_referenzzentrum_für_influenza
A/FrenchGuiana/28/2025	institut_pasteur_de_la_guyane	national_influenza_center_french_guiana_and_french_indies
A/StPetersburg/RII-MH225043S/2025	who_national_influenza_centre_russian_federation	research_institute_of_influenza,_ministry_of_healthcare_of_the_russian_federation
A/StPetersburg/RII-MH226071S/2025	who_national_influenza_centre_russian_federation	research_institute_of_influenza,_ministry_of_healthcare_of_the_russian_federation
A/FrenchGuiana/220/2025	institut_pasteur_de_la_guyane	centre_hospitalier_de_cayenne
A/Kanagawa/IC2420/2025	national_institute_of_infectious_diseases_(niid)	national_institute_of_infectious_diseases_(niid)
A/FrenchGuiana/107/2025	institut_pasteur_de_la_guyane	centre_hospitalier_de_cayenne
A/FrenchGuiana/39/2025	institut_pasteur_de_la_guyane	centre_hospitalier_de_l'ouest_guyanais
A/Samara/6-1/2024	who_national_influenza_centre_russian_federation	fbuz_gygiene_and_epidemiology_centre_samara_oblast
A/FrenchGuiana/70/2025	institut_pasteur_de_la_guyane	centre_hospitalier_de_l'ouest_guyanais
A/England/400186/2025	ukhsa_/_respiratory_virus_unit	uk_health_security_agency___colindale
A/HongKong/2869/2024	hong_kong_department_of_health	hong_kong_department_of_health
A/Singapore/TT1249/2024	ministry_of_health,_singapore	ministry_of_health,_singapore
A/Kobe/24113/2024	national_institute_of_infectious_diseases_(niid)	kobe_institute_of_health
A/Ulsan/482/2025	korea_disease_control_and_prevention_agency_(kdca)	korea_disease_control_and_prevention_agency_(kdca)
A/Michigan/9/2025	centers_for_disease_control_and_prevention	michigan_department_of_community_health
A/Victoria/17/2025	who_collaborating_centre_for_reference_and_research_on_influenza	royal_chidrens_hospital
A/FrenchGuiana/142/2025	institut_pasteur_de_la_guyane	centre_hospitalier_de_l'ouest_guyanais
A/Philippines/ILI24-2484/2024	research_institute_for_tropical_medicine	research_institute_for_tropical_medicine,_virology_department
A/Israel/R17318/2024	crick_worldwide_influenza_centre	central_virology_laboratory_israel_(nic)
A/Galicia/GA-CHUAC-273/2025	hospital_universitario_de_a_coruña	a_coruna_university_hospital_complex_(chuac)
A/Bahrain/1918/2025	national_influenza_center,_bahrain	ministry_of_health_bahrain
A/England/240998/2024	ukhsa_/_respiratory_virus_unit	uk_health_security_agency___colindale
A/Bangkok/P57/2025	thai_national_influenza_center	thai_national_influenza_center
A/PaisVasco/477/2025	instituto_de_salud_carlos_iii	servicio_de_microbiología_hospital_donostia
A/HongKong/GIHSN-HKU-250324-006/2025	the_university_of_hong_kong_	the_university_of_hong_kong_
A/HongKong/376/2025	hong_kong_department_of_health	hong_kong_department_of_health
A/Cambodia/AHC250117/2025	national_institute_of_public_health	national_institute_of_public_health
A/FrenchGuiana/149/2025	institut_pasteur_de_la_guyane	centre_hospitalier_de_l'ouest_guyanais
A/Lipetsk/RII-MH224776S/2025	who_national_influenza_centre_russian_federation	research_institute_of_influenza,_ministry_of_healthcare_of_the_russian_federation
A/BritishColumbia/PHL-2302/2025	public_health_agency_of_canada	b.c._centre_for_disease_control
A/Utsunomiya/122/2024	national_institute_of_infectious_diseases_(niid)	utsunomiya_city_institute_of_public_health_and_environment_science
A/FrenchGuiana/115/2025	institut_pasteur_de_la_guyane	centre_hospitalier_de_l'ouest_guyanais
A/NewCaledonia/17/2025	who_collaborating_centre_for_reference_and_research_on_influenza	institut_pasteur_new_caledonia
A/Para/3140-IEC/2025	evandro_chagas_institute	evandro_chagas_institute
A/StPetersburg/RII-MH222912S/2025	who_national_influenza_centre_russian_federation	research_institute_of_influenza,_ministry_of_healthcare_of_the_russian_federation
A/France/IDF-RELAB-IPP00528/2025	institut_pasteur	institut_pasteur
A/France/IDF-RELAB-IPP03096/2025	institut_pasteur_paris	institut_pasteur
A/Malaysia/MKAI_CL17293/2025	public_health_laboratory_ipoh	klinik_kesihatan_tanjung_malim
A/Romania/86/2025	national_institute_of_infectious_diseases_prof._dr._matei_bals	national_institute_of_infectious_diseases_prof._dr._matei_bals
A/BritishColumbia/PHL-2293/2025	public_health_agency_of_canada	b.c._centre_for_disease_control
A/Shanghai/KTRS20/2025		fudan_university,_school_of_public_health
A/Morocco/856/2025	institut_national_d'hygiène,_ministère_de_la_santé_du_royaume_du_maroc	institut_national_d'hygiène,_ministère_de_la_santé_du_royaume_du_maroc
A/Canberra/40/2025	who_collaborating_centre_for_reference_and_research_on_influenza	canberra_hospital
A/StPetersburg/RII-MH225954S/2025	who_national_influenza_centre_russian_federation	research_institute_of_influenza,_ministry_of_healthcare_of_the_russian_federation
A/StPetersburg/RII-1235S/2025	who_national_influenza_centre_russian_federation	research_institute_of_influenza,_ministry_of_healthcare_of_the_russian_federation
A/Malaysia/IMR-SARI0386/2025	institute_for_medical_research	hospital_sultanah_aminah
A/StPetersburg/RII-MH222542S/2025	who_national_influenza_centre_russian_federation	research_institute_of_influenza,_ministry_of_healthcare_of_the_russian_federation
A/Iran/13G28/2024	crick_worldwide_influenza_centre	tehran_university_of_medical_sciences
A/Singapore/KK2484/2024	ministry_of_health,_singapore	ministry_of_health,_singapore
A/Malaysia/IMR-SARI0103/2025	institute_for_medical_research	hospital_sultanah_aminah
A/Gyeonggi/432/2025	korea_disease_control_and_prevention_agency_(kdca)	korea_disease_control_and_prevention_agency_(kdca)
A/Jeju/412/2025	korea_disease_control_and_prevention_agency_(kdca)	korea_disease_control_and_prevention_agency_(kdca)
A/Seoul/468/2025	korea_disease_control_and_prevention_agency_(kdca)	korea_disease_control_and_prevention_agency_(kdca)
A/Ulsan/492/2025	korea_disease_control_and_prevention_agency_(kdca)	korea_disease_control_and_prevention_agency_(kdca)
A/SouthAustralia/2432410206/2024	sa_pathology_laboratory	sa_pathology
A/England/440376/2025	ukhsa_/_respiratory_virus_unit	uk_health_security_agency___colindale
A/France/ARA-HCL025014938601/2025	cnr_virus_des_infections_respiratoires,_france_sud	cnr_virus_des_infections_respiratoires___france_sud
A/Tokyo/EIS11-250/2024	national_institute_of_infectious_diseases_(niid)	national_institute_of_infectious_diseases_(niid)
A/HongKong/256/2025	hong_kong_department_of_health	hong_kong_department_of_health
A/Busan/274/2025	korea_disease_control_and_prevention_agency_(kdca)	korea_disease_control_and_prevention_agency_(kdca)
A/Busan/277/2025	korea_disease_control_and_prevention_agency_(kdca)	korea_disease_control_and_prevention_agency_(kdca)
A/NorthernTerritory/2501412947/2025	sa_pathology_laboratory	sa_pathology
A/Bahia/95/2025	instituto_oswaldo_cruz_fiocruz___laboratory_of_respiratory_viruses_and_measles_(lvrs)	laboratório_central_de_saúde_pública_professor_gonçalo_moniz,_lacen_ba
A/Novoseletsky/RII-MH226760S/2025	who_national_influenza_centre_russian_federation	research_institute_of_influenza,_ministry_of_healthcare_of_the_russian_federation
A/Morocco/675/2025	institut_national_d'hygiène,_ministère_de_la_santé_du_royaume_du_maroc	institut_national_d'hygiène,_ministère_de_la_santé_du_royaume_du_maroc
A/Norway/1512/2025	norwegian_institute_of_public_health	norwegian_institute_of_public_health
A/FrenchGuiana/66/2025	institut_pasteur_de_la_guyane	centre_hospitalier_de_l'ouest_guyanais
A/Malaysia/IMR-SARI0290/2025	institute_for_medical_research	hospital_tengku_ampuan_rahimah,_klang
A/Malaysia/MKAI_CL16977/2025	public_health_laboratory_ipoh	klinik_kesihatan_jelapang
A/SouthAfrica/PATH-CERI-C066236/2025	center_for_epidemic_response_and_innovation_(ceri)	pathcare
A/Pakistan/NIC/ICT/876/2025	national_institute_of_health_pakistan	national_institute_of_health