strain	submitting_lab	originating_lab
A/Canterbury/58/2000	other_database_import	
A/Nagasaki/97/1995	other_database_import	
A/Tochigi/44/1995	other_database_import	
A/Nagasaki/48/1995	other_database_import	
A/SouthAustralia/1/1995	who_collaborating_centre_for_reference_and_research_on_influenza	institute_of_medical_and_veterinary_science_(imvs)
A/Finland/338/1995	other_database_import	
A/HongKong/3/1995	other_database_import	
A/Memphis/24/1995	other_database_import	
A/Malaysia/7145/1995	other_database_import	
A/Malaysia/7832/1995	other_database_import	
A/Fukushima/114/1996	other_database_import	
A/HongKong/20/1996	other_database_import	
A/Niigata/137/1996	other_database_import	
A/Nanchang/933/1995	erasmus_medical_center	erasmus_medical_center
A/Malaysia/7831/1995	other_database_import	
A/Netherlands/178/1995	other_database_import	national_institute_for_public_health_and_the_environment_(rivm)
A/HongKong/49/1995	other_database_import	
A/Finland/339/1995	other_database_import	
A/Shiga/20/1995	other_database_import	
A/Miyagi/29/1995	other_database_import	
A/HongKong/434/1996	other_database_import	
A/Johannesburg/10/1997	other_database_import	
A/Malaysia/11473/1996	other_database_import	
A/Oslo/21/1997	other_database_import	
A/HongKong/1/1997	other_database_import	
A/NewYork/581/1997	other_database_import	
A/NewYork/583/1997	other_database_import	
A/NewYork/566/1997	other_database_import	
A/NewYork/560/1997	other_database_import	
A/NewYork/576/1997	other_database_import	
A/NewYork/600/1996	other_database_import	
A/NewYork/565/1996	other_database_import	
A/NewYork/594/1996	other_database_import	
A/Netherlands/1/1995	other_database_import	
A/NewYork/632/1996	other_database_import	
A/NewYork/625/1996	other_database_import	
A/Netherlands/271/1995	other_database_import	
A/Victoria/75/1995	other_database_import	
A/Finland/381/1995	other_database_import	
A/Brisbane/7/1996	who_collaborating_centre_for_reference_and_research_on_influenza	queensland_health_forensic_and_scientific_services_
A/NewYork/639/1995	other_database_import	
A/NewYork/634/1995	other_database_import	
A/Netherlands/91/1996	other_database_import	
A/NewYork/628/1995	other_database_import	
A/NewYork/623/1995	other_database_import	
A/NewYork/612/1995	other_database_import	
A/NewYork/618/1995	other_database_import	
A/NewYork/613/1996	other_database_import	
A/NewYork/611/1995	other_database_import	
A/NewYork/606/1995	other_database_import	
A/NewYork/619/1996	other_database_import	
A/NewYork/637/1996	other_database_import	
A/NewYork/648/1995	other_database_import	
A/NewYork/647/1995	other_database_import	
A/NewYork/610/1995	other_database_import	
A/NewYork/609/1995	other_database_import	
A/NewYork/622/1996	other_database_import	
A/Malaysia/10997/1996	other_database_import	
A/Malaysia/10360/1996	other_database_import	
A/Malaysia/10370/1996	other_database_import	
A/Lyon/1781/1996	other_database_import	
A/Nice/491/1997	other_database_import	
A/NewYork/584/1996	other_database_import	
A/NewYork/562/1996	other_database_import	
A/NewYork/558/1997	other_database_import	
A/Brisbane/8/1996	erasmus_medical_center	erasmus_medical_center
A/NewYork/617/1996	other_database_import	
A/Singapore/1/1996	other_database_import	
A/Paris/908/1997	other_database_import	
A/Geneva/3958/1996	other_database_import	
A/NewYork/631/1996	other_database_import	
A/Malaysia/10135/1996	other_database_import	
A/Malaysia/10111/1996	other_database_import	
A/Malaysia/10081/1996	other_database_import	
A/Fukushima/140/1996	other_database_import	
A/NewYork/569/1997	other_database_import	
A/Netherlands/5/1998	other_database_import	
A/NewYork/582/1996	other_database_import	
A/SouthAfrica/1147/1996-egg	other_database_import	
A/HongKong/358/1996	other_database_import	
A/Siena/1/1997	other_database_import	
A/Shiga/25/1997	other_database_import	
A/NewYork/573/1996	other_database_import	
A/HongKong/42/1996	other_database_import	
A/NewYork/589/1996	other_database_import	
A/NewYork/586/1996	other_database_import	
A/NewYork/588/1996	other_database_import	
A/NewYork/597/1997	other_database_import	
A/Lyon/2279/1995	other_database_import	
A/HongKong/357/1996	other_database_import	
A/Malaysia/12726/1997	other_database_import	
A/Malaysia/13241/1997	other_database_import	
A/NewYork/570/1996	other_database_import	
A/NewYork/601/1996	other_database_import	
A/Perth/9/1997	who_collaborating_centre_for_reference_and_research_on_influenza	pathwest_qe_ii_medical_centre
A/Perth/201lL/1998	who_collaborating_centre_for_reference_and_research_on_influenza	who_collaborating_centre_for_reference_and_research_on_influenza
A/Perth/201E/1998	who_collaborating_centre_for_reference_and_research_on_influenza	pathwest_qe_ii_medical_centre
A/NewYork/524/1997	other_database_import	
A/NewYork/526/1997	other_database_import	
A/NewYork/513/1997	other_database_import	
A/NewYork/507/1997	other_database_import	
A/NewYork/515/1997	other_database_import	
A/NewYork/503/1997	other_database_import	
A/NewYork/547/1997	other_database_import	
A/NewYork/549/1998	other_database_import	
A/NewYork/516/1997	other_database_import	
A/NewYork/511/1997	other_database_import	
A/NewYork/523/1998	other_database_import	
A/NewYork/535/1998	other_database_import	
A/NewYork/532/1998	other_database_import	
A/NewYork/501/1997	other_database_import	
A/NewYork/540/1998	other_database_import	
A/NewYork/550/1998	other_database_import	
A/NewYork/545/1997	other_database_import	
A/NewYork/529/1998	other_database_import	
A/NewYork/527/1998	other_database_import	
A/NewYork/517/1998	other_database_import	
A/NewYork/539/1998	other_database_import	
A/Nagasaki/76/1998	other_database_import	
A/Auckland/10/1997	other_database_import	
A/Sydney/5/1997-egg	erasmus_medical_center	erasmus_medical_center
A/Netherlands/300/1997	other_database_import	
A/NewYork/521/1998	other_database_import	
A/NewYork/505/1997	other_database_import	
A/NewYork/546/1998	other_database_import	
A/NewYork/506/1998	other_database_import	
A/NewYork/456/1999	other_database_import	
A/Panama/2007/1999	other_database_import	u.s._air_force_school_of_aerospace_medicine
A/Panama/2007/1999-egg	np	seasonal_h3n2
A/NewYork/278/1999	other_database_import	
A/NewSouthWales/16/1999	other_database_import	
A/NewSouthWales/13/1999	other_database_import	
A/NewSouthWales/2/1999	other_database_import	
A/Malaysia/10877/1996	other_database_import	
A/Wellington/26/2000	other_database_import	
A/Canterbury/42/2000	other_database_import	
A/Fujian/140/2000-egg	who_collaborating_centre_for_reference_and_research_on_influenza	centers_for_disease_control_and_prevention
A/Auckland/588/2000	other_database_import	
A/WesternAustralia/1/2000	other_database_import	
A/Brisbane/29/2000	who_collaborating_centre_for_reference_and_research_on_influenza	queensland_health_forensic_and_scientific_services_
A/NewSouthWales/32/2000	other_database_import	
A/SouthAustralia/47/2000	other_database_import	
A/Canterbury/101/2000	other_database_import	
A/Canterbury/92/2000	other_database_import	
A/SouthAustralia/15/2000	other_database_import	
A/Canterbury/68/2000	other_database_import	
A/SouthAustralia/73/2000	other_database_import	
A/Canterbury/90/2000	other_database_import	
A/NewSouthWales/36/2000	other_database_import	
A/Netherlands/126/2001	other_database_import	
A/WestCoast/28/2001	other_database_import	
A/WestCoast/55/2001	other_database_import	
A/Waikato/1/2001	other_database_import	institute_of_environmental_science_and_research_(esr)
A/Canterbury/37/2001	other_database_import	
A/Canterbury/43/2001	other_database_import	
A/NewYork/194/2003	other_database_import	
A/NewYork/301/2001	other_database_import	
A/Netherlands/1/2002	other_database_import	
A/Netherlands/118/2001	erasmus_medical_center	erasmus_medical_center
A/NewYork/82/2001	other_database_import	
A/NewYork/124/2001	other_database_import	
A/NewYork/114/2002	other_database_import	
A/NewYork/85/2001	other_database_import	
A/Waikato/52/2002	other_database_import	
A/Auckland/612/2002	other_database_import	
A/Canterbury/81/2002	other_database_import	
A/Queensland/28/2002	other_database_import	
A/Queensland/26/2002	other_database_import	
A/Canterbury/18/2002	other_database_import	
A/Canterbury/69/2002	other_database_import	
A/NewYork/106/2002	other_database_import	
A/Denmark/5/2002	other_database_import	
A/NewYork/129/2002	other_database_import	
A/NewYork/132/2002	other_database_import	
A/NewYork/107/2002	other_database_import	
A/Wellington/84/2002	other_database_import	
A/Dunedin/14/2002	other_database_import	
A/Netherlands/120/2002	other_database_import	
A/Canterbury/60/2002	other_database_import	
A/Wellington/80/2002	other_database_import	
A/Canterbury/19/2002	other_database_import	
A/Canterbury/2/2002	other_database_import	
A/NewYork/202/2003	other_database_import	
A/Canterbury/14/2002	other_database_import	
A/Canterbury/22/2002	other_database_import	
A/Wellington/71/2002	other_database_import	
A/Genoa/1/2002	other_database_import	
A/Morioka/34/2002	other_database_import	
A/Morioka/52/2002	other_database_import	
A/Hessen/2/2002	other_database_import	
A/MecklenburgVorpommern/7/2002	other_database_import	
A/Denmark/13/2002	other_database_import	
A/NewYork/273/2001	other_database_import	
A/NewYork/87/2002	other_database_import	
A/NewYork/413/2002	other_database_import	
A/NewYork/71/2001	other_database_import	
A/Taiwan/3446/2002	other_database_import	
A/Taiwan/3565/2002	other_database_import	
A/Denmark/8/2002	other_database_import	
A/Netherlands/312/2003	other_database_import	
A/England/547/2003	other_database_import	
A/Scotland/79/2003	other_database_import	
A/England/484/2003	other_database_import	
A/England/419/2003	other_database_import	
A/NewYork/94/2001	other_database_import	
A/NewYork/133/2002	other_database_import	
A/NewYork/403/2002	other_database_import	
A/NewYork/131/2001	other_database_import	
A/NewYork/407/2002	other_database_import	
A/NewYork/97/2002	other_database_import	
A/NewYork/83/2001	other_database_import	
A/NewYork/130/2002	other_database_import	
A/NewYork/109/2002	other_database_import	
A/NewYork/127/2001	other_database_import	
A/NewYork/77/2001	other_database_import	
A/NewYork/134/2002	other_database_import	
A/Chile/6416/2001-egg	who_collaborating_centre_for_reference_and_research_on_influenza	centers_for_disease_control_and_prevention
A/NewYork/93/2002	other_database_import	
A/NewYork/110/2002	other_database_import	
A/NewYork/402/2001	other_database_import	
A/NewYork/80/2001	other_database_import	
A/NewYork/401/2001	other_database_import	
A/Auckland/603/2001	other_database_import	
A/Bayern/16/2002	other_database_import	
A/NewYork/90/2002	other_database_import	
A/Auckland/604/2001	other_database_import	
A/Auckland/607/2001	other_database_import	
A/Auckland/602/2001	other_database_import	
A/WesternAustralia/17/2001	other_database_import	
A/WesternAustralia/16/2001	other_database_import	
A/Missouri/NHRC0001/2002	other_database_import	
A/NewYork/136/2002	other_database_import	
A/Berlin/3/2002	other_database_import	
A/Malaysia/22387/2002	other_database_import	
A/Queensland/19/2001	other_database_import	
A/Queensland/14/2001	other_database_import	
A/Berlin/43/2002	other_database_import	
A/Netherlands/88/2003	other_database_import	
A/Denmark/22/2002	other_database_import	
A/NewYork/128/2002	other_database_import	
A/NewYork/84/2001	other_database_import	
A/Wellington/86/2002	other_database_import	
A/Queensland/22/2002	other_database_import	
A/Waikato/105/2001	other_database_import	
A/WesternAustralia/29/2002	other_database_import	
A/WesternAustralia/28/2002	other_database_import	
A/NewYork/477/2003	other_database_import	
A/NewYork/12/2003	other_database_import	
A/Hessen/16/2004	other_database_import	
A/NewYork/479/2003	other_database_import	
A/NewYork/499/2004	other_database_import	
A/NewYork/480/2004	other_database_import	
A/England/585/2003	other_database_import	
A/Okayama/23/2004	who_collaborating_centre_for_reference_and_research_on_influenza	national_institute_of_infectious_diseases_(niid)
A/England/584/2003	other_database_import	
A/Queensland/44/2004	other_database_import	
A/WesternAustralia/58/2004	other_database_import	
A/Canterbury/443/2003	other_database_import	
A/Waikato/150/2003	other_database_import	
A/Waikato/53/2003	other_database_import	
A/Waikato/75/2003	other_database_import	
A/Waikato/3/2003	other_database_import	institute_of_environmental_science_&_research
A/Waikato/94/2003	other_database_import	
A/Canterbury/435/2003	other_database_import	
A/WesternAustralia/49/2003	other_database_import	
A/Wellington/49/2003	other_database_import	
A/Canterbury/442/2003	other_database_import	
A/Canterbury/444/2003	other_database_import	
A/Canterbury/410/2003	other_database_import	
A/Canterbury/409/2003	other_database_import	
A/WesternAustralia/46/2003	other_database_import	
A/Australia/NHRC0010/2003	other_database_import	
A/Australia/NHRC0006/2003	other_database_import	
A/Canterbury/395/2003	other_database_import	
A/Wellington/4/2003	other_database_import	
A/Queensland/32/2003	other_database_import	
A/Canterbury/405/2003	other_database_import	
A/Malaysia/29997/2004	other_database_import	
A/HongKong/HKU3/2004	other_database_import	
A/HongKong/HKU12/2004	other_database_import	
A/Malaysia/25890/2003	other_database_import	
A/Malaysia/25804/2003	other_database_import	
A/Malaysia/25957/2003	other_database_import	
A/Malaysia/26003/2003	other_database_import	
A/Malaysia/25849/2003	other_database_import	
A/NewYork/61A/2003	other_database_import	
A/NewYork/70/2004	other_database_import	
A/NewYork/6/2004	other_database_import	
A/SouthCarolina/NHRC0002/2003	other_database_import	
A/NewYork/19/2003	other_database_import	
A/NewYork/64/2003	other_database_import	
A/California/NHRC0001/2003	other_database_import	
A/Texas/NHRC0001/2003	other_database_import	
A/Illinois/NHRC0001/2004	other_database_import	
A/NewYork/54/2003	other_database_import	
A/NewYork/11/2003	other_database_import	
A/Missouri/NHRC0002/2004	other_database_import	
A/NewYork/31/2004	other_database_import	
A/Netherlands/590/2003	erasmus_medical_center	erasmus_medical_center
A/NewYork/58/2003	other_database_import	
A/Mexico/InDRE2662/2003-egg	other_database_import	
A/NewYork/29/2003	other_database_import	
A/NewYork/14/2003	other_database_import	
A/NewYork/21/2003	other_database_import	
A/Scotland/52/2003	other_database_import	
A/England/470/2003	other_database_import	
A/NewYork/48/2003	other_database_import	
A/England/492/2003	other_database_import	
A/England/789/2003	other_database_import	
A/England/788/2003	other_database_import	
A/England/532/2003	other_database_import	
A/England/493/2003	other_database_import	
A/Hamburg/1/2004	other_database_import	
A/England/446/2003	other_database_import	
A/Denmark/15-02/2004	other_database_import	
A/England/593/2003	other_database_import	
A/England/568/2003	other_database_import	
A/England/491/2003	other_database_import	
A/Nagasaki/93/1998	other_database_import	
A/NewYork/289/1998	other_database_import	
A/NewYork/448/1998	other_database_import	
A/Malaysia/10717/1996	other_database_import	
A/Malaysia/12990/1997	other_database_import	
A/Malaysia/10879/1996	other_database_import	
A/Malaysia/10675/1996	other_database_import	
A/Malaysia/10969/1996	other_database_import	
A/Malaysia/10970/1996	other_database_import	
A/Malaysia/17332/1998	other_database_import	
A/Netherlands/427/1998	other_database_import	
A/Malaysia/10807/1996	other_database_import	
A/Berlin/90/1998	other_database_import	
A/Malaysia/17392/1998	other_database_import	
A/Malaysia/17230/1998	other_database_import	
A/NewYork/247/1998	other_database_import	
A/NewSouthWales/5/1999	other_database_import	
A/Netherlands/462/1998	other_database_import	
A/Malaysia/10759/1999	other_database_import	
A/NewSouthWales/15/1999	other_database_import	
A/NewSouthWales/19/1999	other_database_import	
A/Malaysia/12942/1997	other_database_import	
A/Malaysia/12904/1997	other_database_import	
A/Malaysia/13002/1997	other_database_import	
A/Waikato/9/2000	other_database_import	
A/Malaysia/17998/1998	other_database_import	
A/Malaysia/18128/1998	other_database_import	
A/Malaysia/18121/1998	other_database_import	
A/Netherlands/124/2001	other_database_import	
A/Waikato/5/2001	other_database_import	
A/Canterbury/146/2001	other_database_import	
A/Canterbury/7/2001	other_database_import	
A/Canterbury/50/2001	other_database_import	
A/Canterbury/140/2001	other_database_import	
A/Canterbury/149/2001	other_database_import	
A/California/32/1999-egg	other_database_import	
A/NewYork/440/2000	other_database_import	
A/NewYork/161/1999	other_database_import	
A/NewYork/160/2000	other_database_import	
A/NewYork/256/1998	other_database_import	
A/NewYork/330/1998	other_database_import	
A/NewYork/329/1999	other_database_import	
A/NewYork/340/1999	other_database_import	
A/NewYork/249/1998	other_database_import	
A/NewYork/317/1999	other_database_import	
A/NewYork/347/1999	other_database_import	
A/NewYork/457/1999	other_database_import	
A/NewYork/266/1999	other_database_import	
A/NewYork/248/1999	other_database_import	
A/NewYork/290/1999	other_database_import	
A/NewYork/279/1999	other_database_import	
A/NewYork/264/1999	other_database_import	
A/NewYork/224/1998	other_database_import	
A/NewYork/459/1999	other_database_import	
A/Berlin/177/1999	other_database_import	
A/NewSouthWales/20/1999	other_database_import	
A/NewSouthWales/21/1999	other_database_import	
A/NewYork/435/2000	other_database_import	
A/Berlin/185/1999	other_database_import	
A/Netherlands/301/1999	erasmus_medical_center	erasmus_medical_center
A/SouthCarolina/NHRC0001/1999	other_database_import	
A/NewYork/158/2000	other_database_import	
A/NewYork/187/2000	other_database_import	
A/NewYork/168/2000	other_database_import	
A/Netherlands/3/2000	other_database_import	
A/NewYork/156/2000	other_database_import	
A/NewYork/182/2000	other_database_import	
A/Saarland/10/2000	other_database_import	
A/NewYork/429/2000	other_database_import	
A/Auckland/583/2000	other_database_import	
A/NewYork/178/2000	other_database_import	
A/NewYork/431/2000	other_database_import	
A/SouthAustralia/71/2000	other_database_import	
A/Waikato/8/2000	other_database_import	
A/NewYork/175/2000	other_database_import	
A/Dunedin/1/2000	other_database_import	
A/Thuringen/169/2000	other_database_import	
A/NewYork/438/2000	other_database_import	
A/NewYork/163/1999	other_database_import	
A/NewYork/424/1999	other_database_import	
A/Sachsen-Anhalt/19/1999	other_database_import	
A/NewYork/183/1999	other_database_import	
A/Denmark/205/2000	other_database_import	
A/NewYork/142/2000	other_database_import	
A/Missouri/NHRC0001/2000	other_database_import	
A/NewYork/432/2000	other_database_import	
A/Sachsen-Anhalt/6/2000	other_database_import	
A/NewYork/173/2000	other_database_import	
A/NewYork/434/2000	other_database_import	
A/NewYork/427/1999	other_database_import	
A/Niedersachsen/56/2000	other_database_import	
A/Illinois/NHRC0001/1999	other_database_import	
A/Denmark/35/2000	other_database_import	
A/NewYork/433/2000	other_database_import	
A/Canterbury/179/1999	other_database_import	
A/NewYork/430/2000	other_database_import	
A/UlanUde/1/2000-egg	other_database_import	centers_for_disease_control_and_prevention
A/Taiwan/317/1998	other_database_import	
A/Malaysia/12766/1997	other_database_import	
A/Malaysia/12550/1997	other_database_import	
A/Malaysia/12974/1997	other_database_import	
A/NewSouthWales/4/1999	other_database_import	
A/Taiwan/365/1999	other_database_import	
A/Moscow/10/1999	other_database_import	
A/Moscow/10/1999-egg	other_database_import	
A/Berlin/199/1999	other_database_import	
A/Townsville/2/1999	who_collaborating_centre_for_reference_and_research_on_influenza	queensland_health_forensic_and_scientific_services_
A/NewSouthWales/6/1999	other_database_import	
A/NewSouthWales/17/1999	other_database_import	
A/NewSouthWales/8/1999	other_database_import	
A/NewSouthWales/7/1999	other_database_import	
A/NewSouthWales/22/1999	other_database_import	
A/NewSouthWales/3/1999	other_database_import	
A/Malaysia/13246/1997	other_database_import	
A/Malaysia/14590/1997	other_database_import	
A/Malaysia/12106/1997	other_database_import	
A/Malaysia/12132/1997	other_database_import	
A/Malaysia/13094/1997	other_database_import	
A/Malaysia/13381/1997	other_database_import	
A/Malaysia/13329/1997	other_database_import	
A/Malaysia/13328/1997	other_database_import	
A/Taiwan/287/1998	other_database_import	
A/Taiwan/511/1999	other_database_import	
A/Taiwan/429/1999	other_database_import	
A/Taiwan/160/2001	other_database_import	
A/Hanoi/1766/2001	other_database_import	
A/Taiwan/263/2000	other_database_import	
A/Taiwan/872/2002	other_database_import	
A/HongKong/1550/2002-egg	who_collaborating_centre_for_reference_and_research_on_influenza	centers_for_disease_control_and_prevention
A/Philippines/472/2002-egg	who_collaborating_centre_for_reference_and_research_on_influenza	research_institute_for_tropical_medicine,_virology_department
A/Hanoi/HN695/2003	other_database_import	
A/Hanoi/BM766/2003	other_database_import	
A/Hanoi/ARI189/2003	other_database_import	
A/Hanoi/BM767/2003	other_database_import	
A/Hanoi/BM769/2004	other_database_import	
A/Hanoi/662/2004	other_database_import	
A/Fujian/411/2002-egg	erasmus_medical_center	erasmus_medical_center
A/Fujian/411/2002	erasmus_medical_center	erasmus_medical_center
A/Malaysia/23606/2002	other_database_import	
A/Taiwan/3/2003	other_database_import	center_for_disease_control
A/Taiwan/229/2003	other_database_import	
A/Yucatan/844/2003	other_database_import	
A/Fujian/445/2003-egg	other_database_import	
A/Taiwan/143/2003	other_database_import	
A/Taiwan/115/2003	other_database_import	
A/Taiwan/144/2003	other_database_import	
A/Taiwan/99/2003	other_database_import	
A/Taiwan/3286/2003	other_database_import	
A/Taiwan/9/2004-egg	other_database_import	
A/HongKong/HKU11/2004	other_database_import	
A/Wyoming/3/2003-egg	who_collaborating_centre_for_reference_and_research_on_influenza	iowa_state_hygienic_laboratory
A/Mexico/InDRE940/2003-egg	other_database_import	
A/Taiwan/59/2003	other_database_import	
A/NewYork/196/2003	other_database_import	
A/Singapore/NHRC0011/2003	other_database_import	
A/Singapore/NHRC0010/2003	other_database_import	
A/Singapore/NHRC0007/2003	other_database_import	
A/Taiwan/63/2003	other_database_import	
A/Taiwan/22/2003	other_database_import	
A/Wyoming/3/2003	other_database_import	iowa_state_hygienic_laboratory
A/Mexico/InDRE835/2003-egg	other_database_import	
A/Taiwan/2/2003	other_database_import	
A/Taiwan/58/2003	other_database_import	
A/Taiwan/24/2003	other_database_import	
A/Mexico/InDRE756/2003-egg	other_database_import	
A/HongKong/HKU29/2004	other_database_import	
A/Taiwan/1060/2004	other_database_import	
A/HongKong/HKU86/2004	other_database_import	
A/Taiwan/300/2004	other_database_import	
A/HongKong/HKU96/2005	other_database_import	
A/HongKong/HKU37/2004	other_database_import	
A/Taiwan/20/2005	other_database_import	
A/Taiwan/180/2005	other_database_import	
A/Morioka/38/2005	other_database_import	
A/Morioka/35/2005	other_database_import	
A/HongKong/HKU92/2004	other_database_import	
A/HongKong/HKU33/2004	other_database_import	
A/HongKong/HKU23/2004	other_database_import	
A/Mexico/InDRE2601/2003-egg	other_database_import	
A/Malaysia/33561/2006	other_database_import	
A/Malaysia/31944/2005	other_database_import	
A/HongKong/HKU61/2005	other_database_import	
A/HongKong/HKU56/2005	other_database_import	
A/Colorado/UR06-0023/2007	other_database_import	
A/California/NHRC0005/2005	other_database_import	
A/NewYork/1031/2006	other_database_import	
A/California/NHRC0004/2005	other_database_import	
A/NewYork/5/2006	other_database_import	
A/NewYork/1035/2006	other_database_import	
A/NewYork/1020/2006	other_database_import	
A/NewYork/1013/2006	other_database_import	
A/Mexico/InDRE29/2006-egg	other_database_import	
A/NewYork/1005/2006	other_database_import	
A/Mexico/InDRE2112/2005-egg	other_database_import	
A/California/NHRC0001/2005	other_database_import	
A/Mexico/InDRE2227/2005-egg	other_database_import	
A/Mexico/InDRE2246/2005-egg	other_database_import	
A/Mexico/InDRE2160/2005-egg	other_database_import	
A/Taiwan/86/2006	other_database_import	
A/Taiwan/15/2006	other_database_import	
A/Taiwan/41/2006	other_database_import	
A/Taiwan/211/2006	other_database_import	
A/Taiwan/1/2006	other_database_import	
A/Taiwan/133/2006	other_database_import	
A/Taiwan/601/2005	other_database_import	
A/Hiroshima/52/2005	other_database_import	national_institute_of_infectious_diseases_(niid)
A/TayNguyen/TN367/2005	other_database_import	
A/TayNguyen/TN348/2005	other_database_import	
A/TayNguyen/TN332/2005	other_database_import	
A/Morioka/18/2006	other_database_import	
A/Sendai-H/41/2006	other_database_import	
A/Malaysia/34015/2006	other_database_import	
A/Taiwan/70002/2007-egg	other_database_import	
A/NewYork/1102/2007	other_database_import	
A/Taiwan/301/2007	other_database_import	
A/Taiwan/216/2007	other_database_import	
A/Taiwan/214/2007	other_database_import	
A/Taiwan/215/2007	other_database_import	
A/Taiwan/132/2007	other_database_import	
A/Taiwan/7/2007	other_database_import	
A/Tokyo/Ut-Sk-1/2007	other_database_import	
A/Taiwan/306/2007	other_database_import	
A/Taiwan/19/2007	other_database_import	
A/Taiwan/70307/2007-egg	other_database_import	
A/Taiwan/212/2007	other_database_import	
A/Hanoi/BM38/2007-egg	other_database_import	
A/Taiwan/70113/2007-egg	other_database_import	
A/Taiwan/790/2006	other_database_import	
A/Taiwan/18/2007	other_database_import	
A/Taiwan/1/2007	other_database_import	
A/Taiwan/33/2007	other_database_import	
A/Sendai-H/115/2007	other_database_import	
A/Victoria/208/2007	who_collaborating_centre_for_reference_and_research_on_influenza	victorian_infectious_diseases_reference_laboratory_
A/Taiwan/1452/2007-egg	other_database_import	
A/Brisbane/4/2007-egg	who_collaborating_centre_for_reference_and_research_on_influenza	queensland_health_scientific_services
A/Sendai-H/F093/2007	other_database_import	
A/Taiwan/2/2007	other_database_import	
A/Taiwan/302/2007	other_database_import	
A/Taiwan/5/2007	other_database_import	
A/Malaysia/31998/2005	other_database_import	
A/Canterbury/29/2005	other_database_import	
A/Denmark/10/2006	other_database_import	
A/NewYork/6/2006	other_database_import	
A/HongKong/HKU69/2005	other_database_import	
A/Taiwan/259/2005	other_database_import	
A/TayNguyen/TN405/2005	other_database_import	
A/Malaysia/32171/2005	other_database_import	
A/TayNguyen/HCM52/2006	other_database_import	
A/HongKong/HKU101/2005	other_database_import	
A/TayNguyen/TN335/2005	other_database_import	
A/Canterbury/258/2005	other_database_import	
A/Taiwan/384/2005	other_database_import	
A/HongKong/HKU63/2005	other_database_import	
A/HongKong/HKU79/2005	other_database_import	
A/Malaysia/33827/2006	other_database_import	
A/NewYork/1017/2006	other_database_import	
A/Malaysia/33386/2005	other_database_import	
A/Malaysia/33464/2006	other_database_import	
A/Taiwan/188/2005	other_database_import	
A/Malaysia/32133/2005	other_database_import	
A/HongKong/HKU74/2005	other_database_import	
A/Taiwan/239/2005	other_database_import	
A/HongKong/HKU105/2005	other_database_import	
A/Thailand/CU46/2006	other_database_import	
A/Thailand/CU23/2006	other_database_import	
A/Taiwan/729/2006	other_database_import	
A/Taiwan/645/2006	other_database_import	
A/Guangdong/9/2005	other_database_import	
A/HongKong/HKU98/2005	other_database_import	
A/Morioka/17/2006	other_database_import	
A/HongKong/HKU66/2005	other_database_import	
A/Denmark/112/2006	other_database_import	
A/NewYork/1009/2006	other_database_import	
A/NewYork/923/2006	other_database_import	
A/Georgia/NHRC0001/2006	other_database_import	
A/Taiwan/85/2006	other_database_import	
A/Hanoi/Q372/2005	other_database_import	
A/TayNguyen/TN410/2005	other_database_import	
A/TayNguyen/TN346/2005	other_database_import	
A/TayNguyen/TN343/2005	other_database_import	
A/Canterbury/234/2005	other_database_import	
A/Morioka/22/2006	other_database_import	
A/Morioka/29/2006	other_database_import	
A/TayNguyen/TN406/2005	other_database_import	
A/TayNguyen/TN368/2005	other_database_import	
A/TayNguyen/TN363/2005	other_database_import	
A/TayNguyen/TN360/2005	other_database_import	
A/RheinlandPfalz/17/2004	other_database_import	
A/Hyogo/36/2004	other_database_import	
A/TayNguyen/TN92/2003	other_database_import	
A/Hanoi/HN3094/2004	other_database_import	
A/Hanoi/HN30109/2004	other_database_import	
A/TayNguyen/TN171/2003	other_database_import	
A/TayNguyen/TN49/2004	other_database_import	
A/Hanoi/HN30108/2004	other_database_import	
A/TayNguyen/TN46/2004	other_database_import	
A/TayNguyen/TN186/2003	other_database_import	
A/Malaysia/1/2004	who_collaborating_centre_for_reference_and_research_on_influenza	institut_penyelidikan_perubatan
A/Malaysia/26822/2004	other_database_import	
A/Denmark/1-2/2004	other_database_import	
A/HongKong/HKU15/2004	other_database_import	
A/HongKong/HKU9/2004	other_database_import	
A/Hanoi/HN30240/2004	other_database_import	
A/BadenWurttemberg/97/2004	other_database_import	
A/Singapore/NHRC0009/2003	other_database_import	
A/Singapore/NHRC0006/2003	other_database_import	
A/Singapore/NHRC0003/2003	other_database_import	
A/HongKong/HKU24/2004	other_database_import	
A/Taiwan/351/2004	other_database_import	
A/Hanoi/HN30135/2004	other_database_import	
A/Malaysia/26430/2003	other_database_import	
A/BacGiang/BG003/2004	other_database_import	
A/Hanoi/HN30137/2004	other_database_import	
A/Hanoi/ISBM16/2005	other_database_import	
A/Wellington/1/2004-egg	erasmus_medical_center	erasmus_medical_center
A/Wellington/1/2004	erasmus_medical_center	erasmus_medical_center
A/Malaysia/26989/2004	other_database_import	
A/Denmark/84/2005	other_database_import	
A/Denmark/68/2005	other_database_import	
A/Canterbury/104/2005	other_database_import	
A/NewYork/462/2005	other_database_import	
A/NewYork/218/2004	other_database_import	
A/NewYork/500/2004	other_database_import	
A/Thuringen/27/2004	other_database_import	
A/Niedersachsen/29/2005	other_database_import	
A/NewYork/467/2004	other_database_import	
A/Wellington/44/2004	other_database_import	
A/Canterbury/104/2004	other_database_import	
A/Wellington/14/2004	other_database_import	
A/SouthAustralia/23/2005	other_database_import	
A/Queensland/60/2005	other_database_import	
A/Australia/NHRC0007/2005	other_database_import	
A/Australia/NHRC0010/2005	other_database_import	
A/Canterbury/270/2005	other_database_import	
A/WesternAustralia/66/2005	other_database_import	
A/Canterbury/257/2005	other_database_import	
A/Auckland/617/2005	other_database_import	
A/SouthAustralia/32/2005	other_database_import	
A/Denmark/67/2005	other_database_import	
A/Waikato/15/2005	other_database_import	
A/Canterbury/232/2005	other_database_import	
A/Canterbury/230/2005	other_database_import	
A/Canterbury/124/2005	other_database_import	
A/Thailand/CU228/2006	other_database_import	
A/Hanoi/N027/2007	other_database_import	
A/LangSon/LS156/2007	other_database_import	
A/Malaysia/1768035/2007	other_database_import	
A/Thailand/CU260/2006	other_database_import	
A/Netherlands/363/2006-egg	other_database_import	
A/Hanoi/N015/2007-egg	other_database_import	
A/Hanoi/TX023/2007-egg	other_database_import	
A/Nepal/921/2006-egg	other_database_import	centers_for_disease_control_and_prevention
A/Sendai-H/F150/2007	other_database_import	
A/Sendai-H/271/2007	other_database_import	
A/Hanoi/Q148/2007-egg	other_database_import	
A/Hanoi/N073/2007	other_database_import	
A/Hanoi/N210/2007	other_database_import	
A/California/7/2004-egg	who_collaborating_centre_for_reference_and_research_on_influenza	centers_for_disease_control_and_prevention
A/California/7/2004	other_database_import	centers_for_disease_control_and_prevention
A/WesternAustralia/56/2004	other_database_import	
A/Whanganui/69/2004	other_database_import	
A/Canterbury/315/2004	other_database_import	
A/Wellington/64/2004	other_database_import	
A/Waikato/64/2004	other_database_import	
A/WesternAustralia/54/2004	other_database_import	
A/Canterbury/17/2004	other_database_import	
A/Canterbury/16/2004	other_database_import	
A/Waikato/43/2004	other_database_import	
A/Niedersachsen/4/2005	other_database_import	
A/Waikato/56/2004	other_database_import	
A/Canterbury/209/2004	other_database_import	
A/NewYork/379/2004	other_database_import	
A/Canterbury/309/2004	other_database_import	
A/Christchurch/184/2004	other_database_import	
A/SouthCarolina/NHRC0001/2005	other_database_import	
A/Queensland/49/2004	other_database_import	
A/Canterbury/3/2005	other_database_import	
A/Netherlands/93/2005	erasmus_medical_center	erasmus_medical_center
A/TayNguyen/TN403/2005	other_database_import	
A/NewYork/1023/2006	other_database_import	
A/Wellington/61/2006	who_collaborating_centre_for_reference_and_research_on_influenza	institute_of_environmental_science_and_research_(esr)
A/Wellington/38/2006	who_collaborating_centre_for_reference_and_research_on_influenza	institute_of_environmental_science_and_research_(esr)
A/NewYork/1006/2006	other_database_import	
A/SouthCarolina/NHRC0001/2006	other_database_import	
A/NewYork/1044/2006	other_database_import	
A/NewYork/1045/2006	other_database_import	
A/Texas/NHRC0001/2006	other_database_import	
A/NewYork/1018/2006	other_database_import	
A/Malaysia/28991/2004	other_database_import	
A/Waikato/1/2005	other_database_import	
A/NewYork/55/2004-egg	other_database_import	new_york_presbyterian_hospital_columbia_university_medical_center,_microbiology_department
A/NewYork/376/2005	other_database_import	
A/Netherlands/123/2005	erasmus_medical_center	erasmus_medical_center
A/NewYork/357/2005	other_database_import	
A/California/NHRC0006/2005	other_database_import	
A/Sendai-H/F005/2006	other_database_import	
A/Sendai-H/401/2006	other_database_import	
A/Sendai-H/132/2006	other_database_import	
A/Tairawhiti/223/2004	other_database_import	
A/Netherlands/42/2006	erasmus_medical_center	erasmus_medical_center
A/NewYork/73/2004	other_database_import	
A/Quebec/26-100605/2005	other_database_import	
A/Quebec/26-220405/2005	other_database_import	
A/Quebec/26-041105/2005	other_database_import	
A/Quebec/26-070605/2005	other_database_import	
A/Quebec/26-270106/2006	other_database_import	
A/Quebec/26-281106/2006	other_database_import	
A/Taiwan/60/2004	other_database_import	
A/Taiwan/24/2004	other_database_import	
A/Taiwan/265/2004	other_database_import	
A/Taiwan/292/2004	other_database_import	
A/NewYork/470/2004	other_database_import	
A/NewYork/238/2005	other_database_import	
A/SchleswigHolstein/12/2005	other_database_import	
A/NewJersey/NHRC0001/2005	other_database_import	
A/NewYork/900/2004	other_database_import	
A/NewYork/366/2004	other_database_import	
A/NewYork/258/2005	other_database_import	
A/NewYork/245/2004	other_database_import	
A/NewYork/354/2004	other_database_import	
A/NewYork/393/2005	other_database_import	
A/NewYork/375/2005	other_database_import	
A/Taiwan/266/2004	other_database_import	
A/Canterbury/16/2005	other_database_import	
A/NewYork/461/2005	other_database_import	
A/HongKong/HKU45/2005	other_database_import	
A/NewYork/387/2004	other_database_import	
A/NewYork/334/2004	other_database_import	
A/Georgia/NHRC0001/2005	other_database_import	
A/Fukui/20/2004	other_database_import	
A/Malaysia/29242/2004	other_database_import	
A/Malaysia/29350/2004	other_database_import	
A/Malaysia/NHRC0003/2004	other_database_import	
A/Malaysia/29890/2004	other_database_import	
A/RheinlandPfalz/1/2005	other_database_import	
A/NewYork/390/2005	other_database_import	
A/NewYork/362/2004	other_database_import	
A/Denmark/35/2006	other_database_import	
A/Malaysia/1665090/2006	other_database_import	
A/Malaysia/1666666/2006	other_database_import	
A/Taiwan/3/2007	other_database_import	
A/Taiwan/799/2006	other_database_import	
A/Brisbane/9/2006-egg	other_database_import	queensland_health_forensic_and_scientific_services_
A/Darwin/1/2006	who_collaborating_centre_for_reference_and_research_on_influenza	royal_darwin_hospital
A/Taiwan/103/2007	other_database_import	
A/Sendai-H/441/2007	other_database_import	
A/Thailand/CU231/2006	other_database_import	
A/Malaysia/1657167/2006	other_database_import	
A/Malaysia/1676558/2006	other_database_import	
A/Malaysia/1681079/2006	other_database_import	
A/Netherlands/33/2007	erasmus_medical_center	erasmus_medical_center
A/Malaysia/1674395/2006	other_database_import	
A/Taiwan/448/2007	other_database_import	
A/Malaysia/1922209/2008	other_database_import	
A/Singapore/68Q/2007	other_database_import	
A/Paris/358/2007	institut_pasteur	
A/Taiwan/304/2007	other_database_import	
A/HoaBinh/HB378/2007	other_database_import	
A/Thailand/KS08204/2008	other_database_import	
A/Hanoi/GS0738/2007	other_database_import	
A/Sendai-H/F193/2007	other_database_import	
A/Taiwan/758/2006	other_database_import	
A/Taiwan/754/2006	other_database_import	
A/Netherlands/69/2007	other_database_import	
A/Malaysia/1779027/2007	other_database_import	
A/California/NHRC0001/2007	other_database_import	
A/Paris/123/2008	institut_pasteur	
A/Brisbane/10/2007	who_collaborating_centre_for_reference_and_research_on_influenza	queensland_health_scientific_services
A/Malaysia/1963888/2008	other_database_import	
A/Malaysia/1965896/2008	other_database_import	
A/Mississippi/UR06-0197/2007	other_database_import	
A/Taiwan/201/2008	other_database_import	
A/Netherlands/348/2007	other_database_import	
A/Taiwan/367/2008	other_database_import	
A/Taiwan/72106/2007-egg	other_database_import	
A/Taiwan/70120/2008-egg	other_database_import	
A/Illinois/UR06-0528/2007	other_database_import	
A/Colorado/UR06-0279/2007	other_database_import	
A/Colorado/UR06-0024/2007	other_database_import	
A/Colorado/UR06-022/2007	other_database_import	
A/Brisbane/602/2007	who_collaborating_centre_for_reference_and_research_on_influenza	queensland_health_forensic_and_scientific_services_
A/Thailand/IY07006/2007	other_database_import	
A/Guangdong/ST798/2008	other_database_import	
A/Victoria/373/2007	who_collaborating_centre_for_reference_and_research_on_influenza	victorian_infectious_diseases_reference_laboratory_
A/Taiwan/1/2008	other_database_import	
A/Taiwan/449/2007	other_database_import	
A/Thailand/CU-1101/2008	other_database_import	
A/Ohio/UR07-0105/2008	other_database_import	
A/Taiwan/422/2008	other_database_import	
A/Nicaragua/4130_01/2007	other_database_import	
A/Nicaragua/4367_01/2007	other_database_import	
A/Managua/29/2007	other_database_import	
A/Managua/34/2007	other_database_import	
A/Managua/41901/2007	other_database_import	
A/Managua/31/2007	other_database_import	
A/Nicaragua/4537_01/2007	other_database_import	
A/Wisconsin/3/2007-egg	np	seasonal_h3n2
A/Perth/902/2007	who_collaborating_centre_for_reference_and_research_on_influenza	pathwest_qe_ii_medical_centre
A/Thailand/SS07028/2007	other_database_import	
A/Perth/900/2007	who_collaborating_centre_for_reference_and_research_on_influenza	pathwest_qe_ii_medical_centre
A/Sydney/66/2007	who_collaborating_centre_for_reference_and_research_on_influenza	clinical_virology_unit,_cdim
A/Colorado/UR06-0534/2007	other_database_import	
A/Washington/UR06-0225/2007	other_database_import	
A/Perth/25/2007	who_collaborating_centre_for_reference_and_research_on_influenza	pathwest_qe_ii_medical_centre
A/Singapore/53C/2007	other_database_import	
A/Malaysia/1755590/2007	other_database_import	
A/Malaysia/1756502/2007	other_database_import	
A/Perth/27/2007	who_collaborating_centre_for_reference_and_research_on_influenza	pathwest_qe_ii_medical_centre
A/Perth/904/2007	who_collaborating_centre_for_reference_and_research_on_influenza	pathwest_qe_ii_medical_centre
A/California/NHRC0002/2007	other_database_import	
A/KhanhHoa/KH37/2008	other_database_import	
A/Taiwan/2361/2007-egg	other_database_import	
A/Taiwan/21/2008	other_database_import	
A/Taiwan/4/2008	other_database_import	
A/Hanoi/BT262/2007	other_database_import	
A/Hanoi/Q638/2007	other_database_import	
A/Japan/WRAIR1059P/2008	other_database_import	
A/NewYork/1093/2007	other_database_import	
A/NewYork/1087/2007	other_database_import	
A/NewYork/UR07-0080/2008	other_database_import	
A/Qatar/AF02/2008	other_database_import	
A/Pennsylvania/PIT39/2008	other_database_import	
A/Korea/AF05/2008	other_database_import	
A/Boston/4/2008	other_database_import	
A/Boston/40/2008	other_database_import	
A/Peru/WRAIR1508P/2007	other_database_import	
A/Boston/51/2008	other_database_import	
A/Boston/39/2008	other_database_import	
A/Boston/59/2008	other_database_import	
A/NewYork/1128/2008	other_database_import	
A/Boston/96/2008	other_database_import	
A/Kuwait/WRAIR1561P/2009	other_database_import	
A/Cheongju/H407/2008	other_database_import	
A/Cheongju/H383/2007	other_database_import	
A/Cheongju/H398/2008	other_database_import	
A/Cheongju/H412/2008	other_database_import	
A/DaNang/DN434/2008	other_database_import	
A/Netherlands/379/2008	erasmus_medical_center	erasmus_medical_center
A/Netherlands/69/2009	other_database_import	
A/California/VRDL216/2009	other_database_import	
A/California/VRDL274/2009	other_database_import	
A/Alaska/WRAIR1172P/2009	other_database_import	
A/Paris/1980/2008	institut_pasteur	
A/Guam/WRAIR1670P/2009	other_database_import	
A/Guam/WRAIR1557P/2009	other_database_import	
A/SouthKorea/WRAIR1171P/2009	other_database_import	
A/Thailand/KS08239/2009	other_database_import	
A/Thailand/SS07134/2008	other_database_import	
A/DaNang/DN453/2008	other_database_import	
A/Thailand/MR07161/2008	other_database_import	
A/Thailand/CU-1103/2008	other_database_import	
A/Netherlands/761/2009	other_database_import	
A/Thailand/MR07094/2007	other_database_import	
A/Mississippi/UR07-0042/2008	other_database_import	
A/Japan/WRAIR1140P/2009	other_database_import	
A/Kuwait/AF03/2008	other_database_import	
A/Mexico/UASLP-014/2008	other_database_import	
A/Florida/UR07-0021/2008	other_database_import	
A/Paris/1082/2009	institut_pasteur	
A/Taiwan/425/2008	other_database_import	
A/Taiwan/424/2008	other_database_import	
A/Thailand/KS07193/2008	other_database_import	
A/Netherlands/377/2008	erasmus_medical_center	erasmus_medical_center
A/Thailand/MR07159/2008	other_database_import	
A/Paris/711/2008	institut_pasteur	
A/Paris/1094/2009	institut_pasteur	
A/Paris/1068/2009	institut_pasteur	
A/KhanhHoa/KH363/2008	other_database_import	
A/Thailand/CU-B590/2009	other_database_import	
A/Korea/WRAIR1038P/2009	other_database_import	
A/Perth/16/2009-egg	np	seasonal_h3n2
A/Perth/16/2009	who_collaborating_centre_for_reference_and_research_on_influenza	pathwest_qe_ii_medical_centre
A/California/VRDL248/2009	other_database_import	
A/California/VRDL181/2009	other_database_import	
A/California/VRDL305/2009	other_database_import	
A/Thailand/CU-H1443/2010	other_database_import	
A/Thailand/CU-H1071/2009	other_database_import	
A/Thailand/CU-H1285/2010	other_database_import	
A/Singapore/H2009389b/2009	other_database_import	
A/Shanghai-Fengxian/1170/2011	who_chinese_national_influenza_center	who_chinese_national_influenza_center
A/NewYork/1193/2009	other_database_import	
A/Singapore/C2009485a/2009	other_database_import	
A/Singapore/C2009485b/2009	other_database_import	
A/Philippines/16/2009	who_collaborating_centre_for_reference_and_research_on_influenza	research_institute_of_tropical_medicine
A/Singapore/H2009334C/2009	other_database_import	
A/Singapore/H2009332C/2009	other_database_import	
A/Singapore/H2009518/2009	other_database_import	
A/Malaysia/2205714/2009	other_database_import	
A/Singapore/H2009332C/2009-egg	np	seasonal_h3n2
A/Singapore/C2009458V/2009	other_database_import	
A/Singapore/H2009334C/2009-egg	np	seasonal_h3n2
A/Singapore/H2009485/2009	other_database_import	
A/Singapore/H2009471C/2009-egg	np	seasonal_h3n2
A/Singapore/H2009471C/2009	other_database_import	
A/HongKong/H090-703-V10/2009	other_database_import	
A/HongKong/H090-736-V10/2009	other_database_import	
A/Philippines/2191/2009-egg	centers_for_disease_control_and_prevention	thailand_moph_u.s._cdc_collaboration_(ieip)
A/Umea/4/2009	swedish_national_institute_for_communicable_disease_control	swedish_institute_for_infectious_disease_control
A/Dakar/WRAIR0013N/2009	other_database_import	
A/Dakar/WRAIR0011T/2009	other_database_import	
A/Singapore/C2009515/2009	other_database_import	
A/California/VRDL361/2009	other_database_import	
A/Beijing-Zhaoyang/141/2010	who_chinese_national_influenza_center	who_chinese_national_influenza_center
A/Australia/18/2009	other_database_import	
A/Australia/2/2009	other_database_import	
A/Guangdong-Luohu/1256/2009-egg	centers_for_disease_control_and_prevention	who_chinese_national_influenza_center
A/Singapore/C2009715V/2009	other_database_import	
A/Singapore/H2009679/2009	other_database_import	
A/HongKong/H090-768-V10/2009	other_database_import	
A/HongKong/H090-764-V10/2009	other_database_import	
A/HongKong/H090-755-V20/2009	other_database_import	
A/HongKong/H090-725-V10/2009	other_database_import	
A/HongKong/H090-747-V10/2009	other_database_import	
A/HongKong/H090-739-V23/2009	other_database_import	
A/HongKong/26560/2009-egg	centers_for_disease_control_and_prevention	government_virus_unit
A/HongKong/H090-739-V22/2009	other_database_import	
A/HongKong/H090-737-V10/2009	other_database_import	
A/HongKong/H090-692-V12/2009	other_database_import	
A/HongKong/H090-734-V32/2009	other_database_import	
A/HongKong/H090-714-V10/2009	other_database_import	
A/HongKong/H090-689-V20/2009	other_database_import	
A/HongKong/H090-727-V10/2009	other_database_import	
A/HongKong/H090-750-V10/2009	other_database_import	
A/Australia/22/2009	other_database_import	
A/Australia/55/2009	other_database_import	
A/Thailand/CU-H1817/2010	other_database_import	
A/Australia/34/2009	other_database_import	
A/Illinois/4/2011	centers_for_disease_control_and_prevention	illinois_department_of_public_health_chicago
A/NewYork/3743/2009	other_database_import	
A/NewYork/3143/2009	other_database_import	
A/NewYork/1670/2009	other_database_import	
A/NewYork/3904/2009	other_database_import	
A/NewYork/4165/2009	other_database_import	
A/Hanoi/Q672/2007	other_database_import	
A/Hanoi/Q924/2007	other_database_import	
A/Hue/H05/2008	other_database_import	
A/Hue/H39/2008	other_database_import	
A/Hue/H207/2008	other_database_import	
A/Uganda/MUWRP-033/2008	other_database_import	
A/Paris/1973/2008	institut_pasteur	
A/Uganda/MUWRP-002/2008	other_database_import	
A/Kyrgyzstan/WRAIR1256P/2008	other_database_import	
A/Kentucky/UR07-0041/2008	other_database_import	
A/NewYork/UR07-0160/2008	other_database_import	
A/Paris/2030/2008	institut_pasteur	
A/Pennsylvania/PIT08/2008	other_database_import	
A/Pennsylvania/PIT12/2008	other_database_import	
A/TianjinHexi/18/2010	who_chinese_national_influenza_center	who_chinese_national_influenza_center
A/TianjinHexi/1266/2010	who_chinese_national_influenza_center	who_chinese_national_influenza_center
A/Tianjin-Nankai/1912/2010	who_chinese_national_influenza_center	who_chinese_national_influenza_center
A/Niigata/1147/2010	other_database_import	niigata_prefectural_institute_of_public_health_and_environmental_sciences
A/Niigata/1144/2010	other_database_import	niigata_prefectural_institute_of_public_health_and_environmental_sciences
A/Niigata/1146/2010	other_database_import	
A/Niigata/1150/2010	other_database_import	
A/Niigata/1149/2010	other_database_import	
A/Niigata/1148/2010	other_database_import	
A/Niigata/1143/2010	other_database_import	
A/Taiwan/851/2010-egg	centers_for_disease_control_and_prevention	adimmune_corporation
A/ShanghaiLuwan/188/2011-egg	who_chinese_national_influenza_center	who_chinese_national_influenza_center
A/TianjinNankai/1842/2010	who_chinese_national_influenza_center	who_chinese_national_influenza_center
A/Nanjing/1654/2010	other_database_import	
A/Nanjing/1655/2010	other_database_import	
A/Hunan-Yanfeng/165/2011	who_chinese_national_influenza_center	who_chinese_national_influenza_center
A/Heilongjiang-Nangang/124/2011	who_chinese_national_influenza_center	who_chinese_national_influenza_center
A/Jiangxi-Donghu/1682/2010	who_chinese_national_influenza_center	who_chinese_national_influenza_center
A/Jilin-Chuanying/1156/2011	who_chinese_national_influenza_center	who_chinese_national_influenza_center
A/Netherlands/63/2011	erasmus_medical_center	erasmus_medical_center
A/Liaoning-Haizhou/1118/2011	who_chinese_national_influenza_center	who_chinese_national_influenza_center
A/Hunan-Wuling/1304/2011	who_chinese_national_influenza_center	who_chinese_national_influenza_center
A/Anhui-Baohe/1456/2010	who_chinese_national_influenza_center	who_chinese_national_influenza_center
A/Belgrade/WRAIR2956T/2010	other_database_import	
A/Hubei-Qiaokou/1271/2010	who_chinese_national_influenza_center	who_chinese_national_influenza_center
A/Heilongjiang-Taoshan/147/2011	who_chinese_national_influenza_center	who_chinese_national_influenza_center
A/Heilongjiang-Xiangyang/1134/2011	who_chinese_national_influenza_center	who_chinese_national_influenza_center
A/Belgrade/WRAIR2379N/2010	other_database_import	
A/KhanhHoa/KH474/2008	other_database_import	
A/KhanhHoa/KH475/2008	other_database_import	
A/KhanhHoa/KH494/2008	other_database_import	
A/Boston/88/2008	other_database_import	
A/Iraq/WRAIR1244P/2009	other_database_import	
A/Iraq/WRAIR1252P/2009	other_database_import	
A/Ohio/UR07-0034/2008	other_database_import	
A/Paris/965/2009	institut_pasteur	
A/NewYork/1198/2009	other_database_import	
A/Paris/1981/2009	institut_pasteur	
A/NewYork/1157/2008	other_database_import	
A/Paris/1119/2009	institut_pasteur	
A/Kuwait/WRAIR1143P/2009	other_database_import	
A/Kyrgyzstan/WRAIR1255P/2008	other_database_import	
A/Kyrgyzstan/WRAIR1121P/2008	other_database_import	
A/HongKong/2000/2009	centers_for_disease_control_and_prevention	government_virus_unit
A/Heilongjiang-Longsha/160/2010	who_chinese_national_influenza_center	who_chinese_national_influenza_center
A/Uganda/MUWRP-048/2008	other_database_import	
A/Paris/1983/2009	institut_pasteur	
A/Paris/2285/2009	institut_pasteur	
A/Uganda/MUWRP-052/2008	other_database_import	
A/Uganda/MUWRP-050/2008	other_database_import	
A/Uganda/MUWRP-025/2008	other_database_import	
A/Uganda/MUWRP-032/2008	other_database_import	
A/Uganda/MUWRP-005/2008	other_database_import	
A/Uganda/MUWRP-040/2008	other_database_import	
A/Uganda/MUWRP-012/2008	other_database_import	
A/Uganda/MUWRP-049/2008	other_database_import	
A/Uganda/MUWRP-047/2008	other_database_import	
A/Uganda/MUWRP-046/2008	other_database_import	
A/Uganda/MUWRP-008/2008	other_database_import	
A/Uganda/MUWRP-017/2008	other_database_import	
A/Uganda/MUWRP-003/2008	other_database_import	
A/Uganda/MUWRP-026/2008	other_database_import	
A/Uganda/MUWRP-023/2008	other_database_import	
A/Uganda/MUWRP-009/2008	other_database_import	
A/Uganda/MUWRP-028/2008	other_database_import	
A/Cheongju/H471/2008	other_database_import	
A/Iraq/WRAIR1157P/2009	other_database_import	
A/Korea/WRAIR1391P/2009	other_database_import	
A/Hanoi/N317/2007	other_database_import	
A/California/VRDL212/2009	other_database_import	
A/Paris/1066/2009	institut_pasteur	
A/California/VRDL147/2009	other_database_import	
A/Paris/892/2009	institut_pasteur	
A/Paris/1069/2009	institut_pasteur	
A/California/VRDL178/2009	other_database_import	
A/Japan/WRAIR1037P/2009	other_database_import	
A/RhodeIsland/1/2010-egg	centers_for_disease_control_and_prevention	rhode_island_department_of_health
A/NewJersey/WRAIR1248P/2009	other_database_import	
A/Bangladesh/5014/2009-egg	centers_for_disease_control_and_prevention	institute_of_epidemiology_disease_control_and_research_(iedcr)_&_bangladesh_national_influenza_centre_(nic)
A/Managua/164503/2010	other_database_import	
A/Managua/413404/2010	other_database_import	
A/Managua/554301/2010	other_database_import	
A/Managua/362202/2010	other_database_import	
A/Managua/115501/2010	other_database_import	
A/Managua/485503/2010	other_database_import	
A/Managua/580102/2010	other_database_import	
A/Managua/574403/2010	other_database_import	
A/Kenya/6063/2010	centers_for_disease_control_and_prevention	cdc_kenya
A/Kilifi/131/2010	kenya_medical_research_institute	kemri_wellcome_trust_research_programme_cgmrc
A/Sydney/DD2-02/2010	other_database_import	
A/Peru/PER189/2011	other_database_import	
A/SantaMaria/LACENRS-231/2011	other_database_import	
A/SapucaiadoSul/LACENRS-779/2011	other_database_import	
A/SantaCruzdoSul/LACENRS-913/2011	other_database_import	
A/Peru/PER046/2010	other_database_import	
A/Peru/PER093/2010	other_database_import	
A/Peru/PER323/2010	other_database_import	
A/Peru/PER090/2010	other_database_import	
A/Peru/PER082/2010	other_database_import	
A/Peru/PER304/2010	other_database_import	
A/Peru/PER325/2010	other_database_import	
A/Peru/PER022/2010	other_database_import	
A/Kilifi/31/2011	kemri_wellcome_trust_research_programme_(kwtrp)	kemri_wellcome_trust_research_programme_cgmrc
A/Kilifi/28/2011	kemri_wellcome_trust_research_programme_(kwtrp)	kemri_wellcome_trust_research_programme_cgmrc
A/Kilifi/27/2011	kemri_wellcome_trust_research_programme_(kwtrp)	kemri_wellcome_trust_research_programme_cgmrc
A/Kilifi/26/2011	kemri_wellcome_trust_research_programme_(kwtrp)	kemri_wellcome_trust_research_programme_cgmrc
A/Kenya/223/2012	usamru_k	us_army_medical_research_unit___kenya_(usamru_k),_geis_human_influenza_program
A/Kilifi/35/2012	kemri_wellcome_trust_research_programme_(kwtrp)	kemri_wellcome_trust_research_programme_cgmrc
A/Kilifi/126/2012	kemri_wellcome_trust_research_programme_(kwtrp)	kemri_wellcome_trust_research_programme_cgmrc
A/Kilifi/33/2012	kemri_wellcome_trust_research_programme_(kwtrp)	kemri_wellcome_trust_research_programme_cgmrc
A/Kilifi/34/2012	kemri_wellcome_trust_research_programme_(kwtrp)	kemri_wellcome_trust_research_programme_cgmrc
A/Kilifi/38/2012	kemri_wellcome_trust_research_programme_(kwtrp)	kemri_wellcome_trust_research_programme_cgmrc
A/Kilifi/36/2012	kemri_wellcome_trust_research_programme_(kwtrp)	kemri_wellcome_trust_research_programme_cgmrc
A/Kilifi/146/2012	kemri_wellcome_trust_research_programme_(kwtrp)	kemri_wellcome_trust_research_programme_cgmrc
A/Kilifi/125/2012	kenya_medical_research_institute	kemri_wellcome_trust_research_programme_cgmrc
A/Kilifi/144/2012	kemri_wellcome_trust_research_programme_(kwtrp)	kemri_wellcome_trust_research_programme_cgmrc
A/HongKong/H090-671-V10/2009	other_database_import	
A/HongKong/H090-720-V20/2009	other_database_import	
A/Singapore/H2011474/2011	other_database_import	
A/Singapore/C2011384/2011	other_database_import	
A/Singapore/C2011362V/2011	other_database_import	
A/Singapore/C2011301/2011	other_database_import	
A/Singapore/C2011545C/2011-egg	np	seasonal_h3n2
A/Singapore/C2011545C/2011	other_database_import	
A/Singapore/C2011493/2011	other_database_import	
A/Singapore/C2011471/2011	other_database_import	
A/Singapore/H2011471b/2011	other_database_import	
A/Singapore/H2011460a/2011	other_database_import	
A/Singapore/H2011460cC/2011	other_database_import	
A/Singapore/H2011460cC/2011-egg	np	seasonal_h3n2
A/Singapore/H2011704C/2011-egg	np	seasonal_h3n2
A/Singapore/H2011704C/2011	other_database_import	
A/Thailand/CU-H3020/2011	other_database_import	
A/Bourgogne/850/2012	institut_pasteur	crr_virus_influenza_region_sud
A/NordPasDeCalais/884/2012	institut_pasteur	
A/Southaustralia/313/2011	who_collaborating_centre_for_reference_and_research_on_influenza	institute_of_medical_and_veterinary_science_(imvs)
A/Indonesia/557_S34_L001/2011	university_college_london	universitas_udayana
A/Singapore/H2011518/2011	other_database_import	
A/Singapore/H2011504C/2011	other_database_import	
A/Singapore/H2011504C/2011-egg	np	seasonal_h3n2
A/Bangladesh/5071/2011	centers_for_disease_control_and_prevention	institute_of_epidemiology_disease_control_and_research_(iedcr)_&_bangladesh_national_influenza_centre_(nic)
A/Peru/PER313/2012	other_database_import	
A/Paris/1047/2012	institut_pasteur	
A/Bretagne/924/2012	institut_pasteur	
A/Astrakhan/RII65/2011	other_database_import	
A/StPetersburg/RII02/2012	other_database_import	
A/StPetersburg/RII03/2012	other_database_import	
A/Singapore/C2011518/2011	other_database_import	
A/Thailand/CU-B6309/2012	other_database_import	
A/Utah/12/2011	centers_for_disease_control_and_prevention	utah_department_of_health
A/Peru/PER326/2012	other_database_import	
A/Peru/PER358/2012	other_database_import	
A/Peru/PER167/2012	other_database_import	
A/Peru/PER209/2012	other_database_import	
A/Peru/PER031/2012	other_database_import	
A/Peru/PER301/2012	other_database_import	
A/Peru/PER262/2012	other_database_import	
A/Peru/PER331/2012	other_database_import	
A/Peru/PER232/2012	other_database_import	
A/Peru/PER305/2012	other_database_import	
A/Peru/PER153/2012	other_database_import	
A/Peru/PER219/2012	other_database_import	
A/Peru/PER309/2012	other_database_import	
A/Petrozavodsk/RII01/2012	other_database_import	
A/Kilifi/30/2011	kemri_wellcome_trust_research_programme_(kwtrp)	kemri_wellcome_trust_research_programme_cgmrc
A/Peru/PER307/2011	other_database_import	
A/Kilifi/24/2011	kemri_wellcome_trust_research_programme_(kwtrp)	kemri_wellcome_trust_research_programme_cgmrc
A/Peru/PER066/2011	other_database_import	
A/Peru/PER197/2011	other_database_import	
A/Paris/1116/2012	institut_pasteur	
A/CzechRepublic/120/2012	other_database_import	
A/Stockholm/29/2011	swedish_national_institute_for_communicable_disease_control	
A/Paris/1040/2012	institut_pasteur	
A/StPetersburg/RII01/2012	other_database_import	
A/Southaustralia/2/2013	who_collaborating_centre_for_reference_and_research_on_influenza	institute_of_medical_and_veterinary_science_(imvs)
A/Vietnam/13VH3-3/2012	niigata_university	
A/Newcaledonia/1/2012	who_collaborating_centre_for_reference_and_research_on_influenza	institut_pasteur_new_caledonia
A/Brisbane/27/2012	who_collaborating_centre_for_reference_and_research_on_influenza	queensland_health_scientific_services
A/Thailand/SN11792/2012	other_database_import	
A/Cambodia/W1023353/2012	other_database_import	
A/Cambodia/W1023347/2012	other_database_import	
A/Cambodia/W1023343/2012	other_database_import	
A/Cambodia/W0921311/2012	other_database_import	
A/Ohio/2/2012-egg	centers_for_disease_control_and_prevention	ohio_department_of_health_laboratories
A/Tasmania/1/2012	who_collaborating_centre_for_reference_and_research_on_influenza	royal_hobart_hospital
A/Virginia/14/2014	centers_for_disease_control_and_prevention	virginia_division_of_consolidated_laboratories
A/Hangzhou/A812/2013	hangzhou_center_for_disease_control_and_prevention	hangzhou_center_for_disease_control_and_prevention
A/Hangzhou/B735/2013	hangzhou_center_for_disease_control_and_prevention	hangzhou_center_for_disease_control_and_prevention
A/Catalonia/NSVH28592/2014	hospital_universitari_vall_d'hebron	hospital_universitari_vall_d'hebron
A/Catalonia/NSVH24221/2014	hospital_universitari_vall_d'hebron	hospital_universitari_vall_d'hebron
A/Myanmar/13M004/2013	niigata_university	
A/Myanmar/13M061/2013	niigata_university	
A/Lebanon/14L56/2014	niigata_university	
A/Lebanon/14L45/2014	niigata_university	
A/Srilanka/68/2013	who_collaborating_centre_for_reference_and_research_on_influenza	medical_research_institute
A/Netherlands/2249/2013	erasmus_medical_center	erasmus_medical_center
A/Victoria/505/2013-egg	centers_for_disease_control_and_prevention	monash_medical_centre
A/Myanmar/13M085/2013	niigata_university	
A/Hangzhou/A429/2013	hangzhou_center_for_disease_control_and_prevention	hangzhou_center_for_disease_control_and_prevention
A/Kyoto/13K025/2014	other_database_import	
A/Chiangrai/337/2013	who_collaborating_centre_for_reference_and_research_on_influenza	who_national_influenza_centre,_national_institute_of_medical_research_(nimr)
A/CruzAlta/LACENRS-2045/2014	other_database_import	
A/Brazil/3972/2014	centers_for_disease_control_and_prevention	instituto_adolfo_lutz
A/Brazil/9879/2014	centers_for_disease_control_and_prevention	instituto_adolfo_lutz
A/Brazil/623/2014	centers_for_disease_control_and_prevention	instituto_adolfo_lutz
A/Santiago/70123/2014	centers_for_disease_control_and_prevention	instituto_de_salud_publica_de_chile_
A/Brazil/367/2014	centers_for_disease_control_and_prevention	instituto_adolfo_lutz
A/Chiangrai/186/2014	who_collaborating_centre_for_reference_and_research_on_influenza	who_national_influenza_centre,_national_institute_of_medical_research_(nimr)
A/Iquique/62331/2014	centers_for_disease_control_and_prevention	instituto_de_salud_publica_de_chile_
A/Paraguay/94/2014	centers_for_disease_control_and_prevention	central_laboratory_of_public_health
A/Tokyo/41724/2014	national_institute_of_infectious_diseases_(niid)	tokyo_metropolitan_institute_of_public_health
A/Bolivia/716/2014	centers_for_disease_control_and_prevention	cenetrop
A/Bolivia/751/2014	centers_for_disease_control_and_prevention	cenetrop
A/SantaCruzdoSul/LACENRS-1625/2014	other_database_import	
A/Alegrete/LACENRS-1624/2014	other_database_import	
A/Bage/LACENRS-1200/2014	other_database_import	
A/Viamao/LACENRS-733/2014	other_database_import	
A/Ilopolis/LACENRS-1322/2014	other_database_import	
A/CruzAlta/LACENRS-2623/2014	other_database_import	
A/Hangzhou/A816/2013	hangzhou_center_for_disease_control_and_prevention	hangzhou_center_for_disease_control_and_prevention
A/Stockholm/27/2013	swedish_institute_for_infectious_disease_control	
A/Hangzhou/A825/2013	hangzhou_center_for_disease_control_and_prevention	hangzhou_center_for_disease_control_and_prevention
A/Gothenburg/4/2013	swedish_institute_for_infectious_disease_control	
A/Stockholm/34/2013	swedish_institute_for_infectious_disease_control	swedish_institute_for_infectious_disease_control
A/Stockholm/40/2013	swedish_institute_for_infectious_disease_control	
A/Kenya/124/2014	centers_for_disease_control_and_prevention	cdc_kenya
A/SaudiArabia/4/2013	other_database_import	
A/SaudiArabia/5/2013	other_database_import	
A/Washington/18/2013-egg	centers_for_disease_control_and_prevention	washington_state_public_health_laboratory
A/Washington/18/2013	centers_for_disease_control_and_prevention	washington_state_public_health_laboratory
A/Victoria/5078/2014	who_collaborating_centre_for_reference_and_research_on_influenza	victorian_infectious_diseases_reference_laboratory_
A/Vietnam/210/2014	centers_for_disease_control_and_prevention	national_institute_of_hygiene_and_epidemiology
A/Utah/7/2013	centers_for_disease_control_and_prevention	utah_department_of_health
A/Myanmar/13M084/2013	niigata_university	
A/Utah/7/2013-egg	centers_for_disease_control_and_prevention	utah_department_of_health
A/Fiji/1/2014	who_collaborating_centre_for_reference_and_research_on_influenza	fiji_centre_for_communicable_disease_control
A/Canberra/127/2013	who_collaborating_centre_for_reference_and_research_on_influenza	canberra_hospital
A/Northwestauckland/6/2013	who_collaborating_centre_for_reference_and_research_on_influenza	institute_of_environmental_science_and_research
A/Hawkesbay/1/2013	who_collaborating_centre_for_reference_and_research_on_influenza	institute_of_environmental_science_and_research
A/Srilanka/42/2014	who_collaborating_centre_for_reference_and_research_on_influenza	medical_research_institute
A/England/87/2015	microbiology_services_colindale,_public_health_england	microbiology_services_colindale,_public_health_england
A/Missouri/9/2014	centers_for_disease_control_and_prevention	missouri_department._of_health_&_senior_services
A/Utah/6/2015	centers_for_disease_control_and_prevention	utah_department_of_health
A/Victoria/3063/2015	who_collaborating_centre_for_reference_and_research_on_influenza	austin_health
A/Victoria/1000/2015-egg	who_collaborating_centre_for_reference_and_research_on_influenza	institute_of_medical_and_veterinary_science_(imvs)
A/Delaware/36/2014	centers_for_disease_control_and_prevention	delaware_public_health_lab
A/Egypt/4982/2014	centers_for_disease_control_and_prevention	u.s._naval_medical_research_unit_no.3
A/England/545/2014	microbiology_services_colindale,_public_health_england	microbiology_services_colindale,_public_health_england
A/Scotland/41/2014	nhs_greater_glasgow_and_clyde	nhs_greater_glasgow_and_clyde
A/England/50220894/2015	microbiology_services_colindale,_public_health_england	microbiology_services_colindale,_public_health_england
A/England/536/2014	microbiology_services_colindale,_public_health_england	microbiology_services_colindale,_public_health_england
A/England/623/2014	microbiology_services_colindale,_public_health_england	microbiology_services_colindale,_public_health_england
A/Scotland/20/2014	nhs_greater_glasgow_and_clyde	nhs_greater_glasgow_and_clyde
A/Fukushima/103/2014	national_institute_of_infectious_diseases_(niid)	fukushima_prefectural_institute_of_public_health
A/Newcastle/54/2014	who_collaborating_centre_for_reference_and_research_on_influenza	john_hunter_hospital
A/Newcastle/22/2014-egg	centers_for_disease_control_and_prevention	who_collaborating_centre_for_reference_and_research_on_influenza
A/Peru/PER162/2010	other_database_import	
A/California/VRDL291/2009	other_database_import	
A/Victoria/208/2009	who_collaborating_centre_for_reference_and_research_on_influenza	victorian_infectious_diseases_reference_laboratory_
A/Uganda/MUWRP-061/2009	other_database_import	
A/Uganda/MUWRP-062/2009	other_database_import	
A/Victoria/208/2009-egg	centers_for_disease_control_and_prevention	victorian_infectious_diseases_reference_laboratory_
A/Uganda/MUWRP-058/2009	other_database_import	
A/Singapore/H2010389/2010	other_database_import	
A/Singapore/C2010036V/2010	other_database_import	
A/Singapore/C2010362V/2010	other_database_import	
A/Brisbane/11/2010-egg	centers_for_disease_control_and_prevention	who_collaborating_centre_for_reference_and_research_on_influenza
A/Singapore/H2010471C/2010-egg	np	seasonal_h3n2
A/Singapore/H2010471C/2010	other_database_import	
A/Singapore/H2010370C/2010-egg	np	seasonal_h3n2
A/Singapore/H2010370C/2010	other_database_import	
A/Uganda/MUWRP-075/2009	other_database_import	
A/Uganda/MUWRP-074/2009	other_database_import	
A/Peru/PER389/2012	other_database_import	
A/Moscow/WRAIR4307N/2011	other_database_import	
A/Moscow/WRAIR4307T/2011	other_database_import	
A/PortoAlegre/LACENRS-822/2011	other_database_import	
A/Thailand/PY08156/2010	other_database_import	
A/Bage/LACENRS-294/2011	other_database_import	
A/DistrictofColumbia/WRAIR1753P/2010	other_database_import	
A/Boston/DOA11/2011	other_database_import	
A/Victoria/506/2011	who_collaborating_centre_for_reference_and_research_on_influenza	monash_medical_centre
A/Boston/DOA27/2011	other_database_import	
A/Texas/24/2010	centers_for_disease_control_and_prevention	dallas_county_health_and_human_services
A/Peru/PER123/2010	other_database_import	
A/Peru/PER316/2012	other_database_import	
A/Illinois/NHRC0002/2011	other_database_import	
A/Boston/DOA86/2011	other_database_import	
A/Managua/342401/2010	other_database_import	
A/Mexico/4553/2010	centers_for_disease_control_and_prevention	laboratorio_de_virus_respiratorio
A/Tennessee/F2048/2011	other_database_import	
A/Texas/6/2011	centers_for_disease_control_and_prevention	dallas_county_health_and_human_services
A/Usa/7O5/2011		university_of_washington
A/Victoria/103/2011	who_collaborating_centre_for_reference_and_research_on_influenza	victorian_infectious_diseases_reference_laboratory_
A/Brisbane/395/2011	who_collaborating_centre_for_reference_and_research_on_influenza	queensland_health_scientific_services
A/Victoria/893/2011	who_collaborating_centre_for_reference_and_research_on_influenza	austin_health
A/Uganda/MUWRP-065/2009	other_database_import	
A/Australia/19/2009	other_database_import	
A/Uganda/MUWRP-079/2009	other_database_import	
A/Hubei-Enshi/1250/2010	who_chinese_national_influenza_center	who_chinese_national_influenza_center
A/NewYork/6630/2009	other_database_import	
A/Uganda/MUWRP-086/2009	other_database_import	
A/Shanghai-Luwan/1568/2010	who_chinese_national_influenza_center	who_chinese_national_influenza_center
A/Singapore/H2010559C/2010-egg	np	seasonal_h3n2
A/Singapore/H2010559C/2010	other_database_import	
A/Thailand/KS08384/2010	other_database_import	
A/Singapore/H2010384/2010	other_database_import	
A/Singapore/H2010564C/2010-egg	np	seasonal_h3n2
A/Singapore/H2010564C/2010	other_database_import	
A/Singapore/H2010211/2010	other_database_import	
A/Srilanka/7/2010	who_collaborating_centre_for_reference_and_research_on_influenza	medical_research_institute
A/Sydney/DD2-01/2010	other_database_import	
A/Victoria/8/2010	who_collaborating_centre_for_reference_and_research_on_influenza	victorian_infectious_diseases_reference_laboratory_
A/Singapore/C2010304V/2010	other_database_import	
A/Singapore/C2010471aV/2010	other_database_import	
A/Singapore/H2010321C/2010-egg	np	seasonal_h3n2
A/Singapore/H2010321C/2010	other_database_import	
A/Singapore/H2010301/2010	other_database_import	
A/Tasmania/2/2011	who_collaborating_centre_for_reference_and_research_on_influenza	royal_hobart_hospital
A/ShanghaiLuwan/1400/2010	who_chinese_national_influenza_center	who_chinese_national_influenza_center
A/Cambodia/1/2010	who_collaborating_centre_for_reference_and_research_on_influenza	institute_pasteur_du_cambodia
A/Hubei-Wuchang/1271/2010	who_chinese_national_influenza_center	who_chinese_national_influenza_center
A/Paris/1477/2010	institut_pasteur	
A/Heilongjiang-Xiangyang/1125/2011	who_chinese_national_influenza_center	who_chinese_national_influenza_center
A/Paris/1478/2010	institut_pasteur	
A/Peru/PER109/2010	other_database_import	
A/Peru/PER125/2010	other_database_import	
A/Peru/PER094/2010	other_database_import	
A/Tianjin-Hedong/195/2011	who_chinese_national_influenza_center	who_chinese_national_influenza_center
A/Singapore/H2011140C/2011-egg	np	seasonal_h3n2
A/Singapore/H2011140C/2011	other_database_import	
A/Townsville/117/2010	who_collaborating_centre_for_reference_and_research_on_influenza	queensland_health_scientific_services
A/ChongqingWanzhou/182/2011	who_chinese_national_influenza_center	who_chinese_national_influenza_center
A/Hunan-Beihu/1143/2011-egg	who_chinese_national_influenza_center	who_chinese_national_influenza_center
A/NovoHamburgo/LACENRS-201/2011	other_database_import	
A/Uruguaiana/LACENRS-368/2011	other_database_import	
A/Canela/LACENRS-102/2011	other_database_import	
A/PaimFilho/LACENRS-32/2011	other_database_import	
A/Soledade/LACENRS-820/2011	other_database_import	
A/Chicago/YGA_04047/2012	other_database_import	
A/Boston/YGA_00038/2013	other_database_import	
A/FredericoWestphalen/LACENRS-204/2012	other_database_import	
A/Boston/DOA2-155/2012	other_database_import	
A/Chicago/YGA_04198/2013	other_database_import	
A/Chicago/YGA_04120/2012	other_database_import	
A/CzechRepublic/126/2012	other_database_import	
A/Nicaragua/AGA2-40/2011	other_database_import	
A/Nicaragua/AGA2-25/2011	other_database_import	
A/MexicoCity/WRAIR3578N/2010	other_database_import	
A/MexicoCity/WRAIR3580T/2010	other_database_import	
A/MexicoCity/WRAIR3578T/2010	other_database_import	
A/MexicoCity/WRAIR3569T/2010	other_database_import	
A/Iowa/19/2010-egg	centers_for_disease_control_and_prevention	iowa_state_hygienic_laboratory
A/Iowa/19/2010	centers_for_disease_control_and_prevention	iowa_state_hygienic_laboratory
A/Iowa/119/2010-egg	other_database_import	
A/Peru/PER088/2010	other_database_import	
A/Stockholm/42/2011	swedish_national_institute_for_communicable_disease_control	swedish_institute_for_infectious_disease_control
A/PuertoRico/36/2012-egg	centers_for_disease_control_and_prevention	puerto_rico_department_of_health
A/Netherlands/700/2011	erasmus_medical_center	erasmus_medical_center
A/Peru/PER353/2012	other_database_import	
A/Peru/PER102/2012	other_database_import	
A/Chicago/YGA_04134/2013	other_database_import	
A/CzechRepublic/20/2012	other_database_import	
A/CzechRepublic/138/2012	other_database_import	
A/Peru/PER071/2010	other_database_import	
A/Kentucky/5/2011-egg	centers_for_disease_control_and_prevention	centers_for_disease_control_and_prevention
A/Kentucky/5/2011	centers_for_disease_control_and_prevention	centers_for_disease_control_and_prevention
A/Peru/PER376/2010	other_database_import	
A/Peru/PER141/2010	other_database_import	
A/Peru/PER148/2010	other_database_import	
A/Peru/PER135/2010	other_database_import	
A/Peru/PER303/2010	other_database_import	
A/Brisbane/382/2011	who_collaborating_centre_for_reference_and_research_on_influenza	queensland_health_scientific_services
A/Perth/10/2010-egg	other_database_import	pathwest_qe_ii_medical_centre
A/Peru/PER395/2011	other_database_import	
A/Netherlands/9/2010	erasmus_medical_center	erasmus_medical_center
A/Denmark/105/2010	other_database_import	
A/BeijingXicheng/1293/2011	who_chinese_national_influenza_center	who_chinese_national_influenza_center
A/BeijingXicheng/1409/2011	who_chinese_national_influenza_center	who_chinese_national_influenza_center
A/Goroka/5/2011	who_collaborating_centre_for_reference_and_research_on_influenza	papua_new_guinea_institute_of_medical_research
A/Peru/PER206/2011	other_database_import	
A/Peru/PER227/2011	other_database_import	
A/Peru/PER132/2011	other_database_import	
A/Peru/PER106/2011	other_database_import	
A/Peru/PER027/2011	other_database_import	
A/Peru/PER238/2011	other_database_import	
A/Peru/PER081/2012	other_database_import	
A/Peru/PER018/2012	other_database_import	
A/Singapore/C2010682V/2010	other_database_import	
A/Singapore/H2010797/2010	other_database_import	
A/Peru/PER284/2011	other_database_import	
A/Peru/PER273/2011	other_database_import	
A/Singapore/H2010822/2010	other_database_import	
A/Thailand/MR08398/2010	other_database_import	
A/FredericoWestphalen/LACENRS-2130/2012	other_database_import	
A/PortoAlegre/LACENRS-557/2011	other_database_import	
A/Singapore/C2010937V/2010	other_database_import	
A/Singapore/C2010803V/2010	other_database_import	
A/Peru/PER341/2011	other_database_import	
A/Victoria/802/2012	who_collaborating_centre_for_reference_and_research_on_influenza	austin_health
A/Perth/41/2012	who_collaborating_centre_for_reference_and_research_on_influenza	pathwest_qe_ii_medical_centre
A/Stockholm/19/2012	swedish_national_institute_for_communicable_disease_control	swedish_institute_for_infectious_disease_control
A/Peru/PER268/2011	other_database_import	
A/Peru/PER298/2011	other_database_import	
A/Peru/PER098/2011	other_database_import	
A/Peru/PER378/2011	other_database_import	
A/Peru/PER097/2011	other_database_import	
A/Peru/PER142/2011	other_database_import	
A/Australia/46/2009	other_database_import	
A/Australia/30/2009	other_database_import	
A/Uganda/MUWRP-070/2009	other_database_import	
A/Netherlands/241/2011	erasmus_medical_center	erasmus_medical_center
A/Paris/1390/2012	institut_pasteur	
A/Picardie/129/2011	institut_pasteur	
A/Southaustralia/30/2012	who_collaborating_centre_for_reference_and_research_on_influenza	institute_of_medical_and_veterinary_science_(imvs)
A/HauteNormandie/199/2011	institut_pasteur	
A/Stockholm/26/2011	swedish_national_institute_for_communicable_disease_control	
A/Houston/JMM_121/2013	other_database_import	
A/Texas/JMM_38/2012	other_database_import	
A/India/2710/2009	centers_for_disease_control_and_prevention	national_institute_of_virology
A/Wyoming/9/2010	centers_for_disease_control_and_prevention	wyoming_public_health_laboratory
A/Singapore/H2010666C/2010-egg	np	seasonal_h3n2
A/Singapore/H2010666C/2010	other_database_import	
A/Paris/89/2010	institut_pasteur	
A/Caen/216/2011	institut_pasteur	
A/Nauru/5/2011	who_collaborating_centre_for_reference_and_research_on_influenza	republic_of_nauru_hospital
A/Boston/DOA18/2011	other_database_import	
A/Boston/DOA20/2011	other_database_import	
A/Boston/DOA13/2011	other_database_import	
A/Boston/DOA63/2011	other_database_import	
A/Boston/DOA48/2011	other_database_import	
A/Boston/DOA41/2011	other_database_import	
A/Boston/DOA12/2011	other_database_import	
A/Kilifi/1/2009	wellcome_trust	kemri_wellcome_trust_research_programme_cgmrc
A/Kilifi/5/2009	kemri_wellcome_trust_research_programme_(kwtrp)	kemri_wellcome_trust_research_programme_cgmrc
A/Kilifi/4/2009	kemri_wellcome_trust_research_programme_(kwtrp)	kemri_wellcome_trust_research_programme_cgmrc
A/Indonesia/599_S11_L001/2011	university_college_london	universitas_udayana
A/Perth/305/2011	who_collaborating_centre_for_reference_and_research_on_influenza	pathwest_qe_ii_medical_centre
A/Thailand/PY10316/2011	other_database_import	
A/HauteNormandie/1026/2012	institut_pasteur	
A/Indonesia/608_S59_L001/2011	university_college_london	universitas_udayana
A/Thailand/CU-H3141/2012	other_database_import	
A/Goroka/5/2012	who_collaborating_centre_for_reference_and_research_on_influenza	papua_new_guinea_institute_of_medical_research
A/Brisbane/39/2012	who_collaborating_centre_for_reference_and_research_on_influenza	queensland_health_scientific_services
A/Tasmania/26/2012	who_collaborating_centre_for_reference_and_research_on_influenza	royal_hobart_hospital
A/Paris/647/2012	institut_pasteur	
A/Netherlands/34/2010	erasmus_medical_center	erasmus_medical_center
A/ChiangRai/277/2011	centers_for_disease_control_and_prevention	who_national_influenza_centre,_national_institute_of_medical_research_(nimr)
A/Thailand/CU-B6091/2012	other_database_import	
A/Thailand/KS10521/2012	other_database_import	
A/Singapore/H2011808bC/2011-egg	np	seasonal_h3n2
A/Singapore/H2011808bC/2011	other_database_import	
A/Townsville/133/2011	who_collaborating_centre_for_reference_and_research_on_influenza	queensland_health_scientific_services
A/Townsville/1/2012	who_collaborating_centre_for_reference_and_research_on_influenza	queensland_health_scientific_services
A/Perth/219/2011	who_collaborating_centre_for_reference_and_research_on_influenza	pathwest_qe_ii_medical_centre
A/Thailand/CU-B5928/2011	other_database_import	
A/Hangzhou/A511/2013	hangzhou_center_for_disease_control_and_prevention	hangzhou_center_for_disease_control_and_prevention
A/Thailand/CU-B5614/2011	other_database_import	
A/Bretagne/1007/2012	institut_pasteur	
A/Stockholm/43/2011	swedish_national_institute_for_communicable_disease_control	
A/Paris/1156/2012	institut_pasteur	
A/CzechRepublic/121/2012	other_database_import	
A/CzechRepublic/76/2012	other_database_import	
A/Victoria/361/2011-egg	centers_for_disease_control_and_prevention	who_collaborating_centre_for_reference_and_research_on_influenza
A/Victoria/361/2011	who_collaborating_centre_for_reference_and_research_on_influenza	who_collaborating_centre_for_reference_and_research_on_influenza
A/Thailand/MR11632/2012	other_database_import	
A/Beijing-Xicheng/12423/2012	centers_for_disease_control_and_prevention	who_chinese_national_influenza_center
A/Boston/DOA2-113/2012	other_database_import	
A/Boston/YGA_01169/2013	other_database_import	
A/Hawaii/22/2012-egg	centers_for_disease_control_and_prevention	state_of_hawaii_department_of_health
A/Hawaii/22/2012	centers_for_disease_control_and_prevention	state_of_hawaii_department_of_health
A/Thailand/CU-B5909/2011	other_database_import	
A/Novosibirsk/RII09/2012	other_database_import	
A/Novosibirsk/RII08/2012	other_database_import	
A/Texas/50/2012-egg	st._jude_children's_research_hospital	texas_department_of_state_health_services_laboratory_services
A/Texas/50/2012	st._jude_children's_research_hospital	texas_department_of_state_health_services_laboratory_services
A/Stockholm/14/2012	swedish_national_institute_for_communicable_disease_control	swedish_institute_for_infectious_disease_control
A/Paris/1009/2012	institut_pasteur	
A/Massachusetts/11/2013-egg	centers_for_disease_control_and_prevention	massachusetts_department_of_public_health
A/Massachusetts/11/2013	centers_for_disease_control_and_prevention	massachusetts_department_of_public_health
A/Kenya/121/2014	centers_for_disease_control_and_prevention	cdc_kenya
A/Congo/2611/2014	centers_for_disease_control_and_prevention	inrb_service_de_virologie
A/Southafrica/4952/2014	who_collaborating_centre_for_reference_and_research_on_influenza	national_institute_for_communicable_disease
A/Kenya/118/2013-egg	centers_for_disease_control_and_prevention	cdc_kenya
A/Thailand/SN11893/2013	other_database_import	
A/CostaRica/4700/2013-egg	centers_for_disease_control_and_prevention	centers_for_disease_control_and_prevention
A/CostaRica/4700/2013	centers_for_disease_control_and_prevention	centers_for_disease_control_and_prevention
A/CostaRica/4009/2013-egg	centers_for_disease_control_and_prevention	laboratorio_nacional_de_influenza
A/CostaRica/4009/2013	centers_for_disease_control_and_prevention	laboratorio_nacional_de_influenza
A/Catalonia/NSVH203523/2013	hospital_universitari_vall_d'hebron	hospital_universitari_vall_d'hebron
A/Houston/JMM_168/2013	other_database_import	
A/Ukraine/387/2013	centers_for_disease_control_and_prevention	institute_of_epidemiology_and_infectious_diseases_ams_of_ukraine
A/Singapore/H2013060/2013	other_database_import	
A/Chicago/YGA_04112/2012	other_database_import	
A/Tasmania/12/2012	who_collaborating_centre_for_reference_and_research_on_influenza	royal_hobart_hospital
A/Pennsylvania/9/2012-egg	centers_for_disease_control_and_prevention	centers_for_disease_control_and_prevention
A/Pennsylvania/9/2012	centers_for_disease_control_and_prevention	centers_for_disease_control_and_prevention
A/Hangzhou/A469/2013	hangzhou_center_for_disease_control_and_prevention	hangzhou_center_for_disease_control_and_prevention
A/Paraguay/49/2014	centers_for_disease_control_and_prevention	central_laboratory_of_public_health
A/Gavle/2/2015	swedish_institute_for_infectious_disease_control	
A/Viamao/LACENRS-974/2015	other_database_import	
A/Colombia/241/2015	centers_for_disease_control_and_prevention	instituto_nacional_de_salud_de_columbia
A/Texas/4/2015	centers_for_disease_control_and_prevention	baylor_college_of_medicine
A/Paraguay/5821/2015	centers_for_disease_control_and_prevention	central_laboratory_of_public_health
A/Temuco/75349/2015	centers_for_disease_control_and_prevention	instituto_de_salud_publica_de_chile_
A/Kyoto-C/8/2016	national_institute_of_infectious_diseases_(niid)	kyoto_city_institute_of_health_and_environmental_sciences
A/Texas/60/2016	centers_for_disease_control_and_prevention	texas_department_of_state_health_services_laboratory_services
A/Texas/82/2016	centers_for_disease_control_and_prevention	texas_childrens_hospital
A/Utah/14/2016	centers_for_disease_control_and_prevention	utah_department_of_health
A/Virginia/42/2016	centers_for_disease_control_and_prevention	virginia_division_of_consolidated_laboratories
A/Roraima/143103-IEC/2016	centers_for_disease_control_and_prevention	national_influenza_center
A/Roraima/143199-IEC/2016	centers_for_disease_control_and_prevention	national_influenza_center
A/Arizona/50/2016	other_database_import	arizona_department_of_health_services
A/Kansas/22/2016	centers_for_disease_control_and_prevention	kansas_department_of_health_and_environment
A/PuertoRico/8/2016	centers_for_disease_control_and_prevention	puerto_rico_department_of_health
A/Idaho/33/2016	centers_for_disease_control_and_prevention	state_of_idaho_bureau_of_laboratories
A/Idaho/33/2016-egg	centers_for_disease_control_and_prevention	state_of_idaho_bureau_of_laboratories
A/NewZealand/1014/2016	centers_for_disease_control_and_prevention	institute_of_environmental_science_&_research
A/NewZealand/835/2016	centers_for_disease_control_and_prevention	institute_of_environmental_science_&_research
A/California/210/2016	centers_for_disease_control_and_prevention	california_department_of_health_services
A/Christchurch/505/2016	who_collaborating_centre_for_reference_and_research_on_influenza	canterbury_health_services
A/SouthAustralia/54/2016-egg	centers_for_disease_control_and_prevention	who_collaborating_centre_for_reference_and_research_on_influenza
A/NewZealand/777/2016	centers_for_disease_control_and_prevention	institute_of_environmental_science_&_research
A/NewZealand/823/2016	centers_for_disease_control_and_prevention	institute_of_environmental_science_&_research
A/Netherlands/2329/2017	national_institute_for_public_health_and_the_environment_(rivm)	national_institute_for_public_health_and_the_environment_(rivm)
A/NewZealand/1010/2016	centers_for_disease_control_and_prevention	institute_of_environmental_science_&_research
A/NewZealand/2297/2016	centers_for_disease_control_and_prevention	institute_of_environmental_science_&_research
A/NewZealand/2390/2016	centers_for_disease_control_and_prevention	institute_of_environmental_science_&_research
A/Sydney/142/2016-egg	centers_for_disease_control_and_prevention	clinical_virology_unit,_cdim
A/Sydney/142/2016	centers_for_disease_control_and_prevention	clinical_virology_unit,_cdim
A/NewZealand/1000/2016	centers_for_disease_control_and_prevention	institute_of_environmental_science_&_research
A/NewZealand/581/2016	centers_for_disease_control_and_prevention	institute_of_environmental_science_&_research
A/NewZealand/879/2016	centers_for_disease_control_and_prevention	institute_of_environmental_science_&_research
A/NewZealand/2296/2016	centers_for_disease_control_and_prevention	institute_of_environmental_science_&_research
A/NewZealand/832/2016	centers_for_disease_control_and_prevention	institute_of_environmental_science_&_research
A/SaoBorja/LACENRS-2679/2013	other_database_import	
A/Ilopolis/LACENRS-3175/2013	other_database_import	
A/RioGrande/LACENRS-3171/2013	other_database_import	
A/Arvorezinha/LACENRS-2055/2013	other_database_import	
A/BomRetirodoSul/LACENRS-3406/2013	other_database_import	
A/Boston/YGA_02058/2013	other_database_import	
A/Boston/YGA_02043/2013	other_database_import	
A/Boston/YGA_00079/2013	other_database_import	
A/Boston/YGA_00071/2013	other_database_import	
A/Boston/YGA_01100/2012	other_database_import	
A/NewYork/39/2012	centers_for_disease_control_and_prevention	centers_for_disease_control_and_prevention
A/NewYork/39/2012-egg	centers_for_disease_control_and_prevention	centers_for_disease_control_and_prevention
A/Thailand/VIROAF6/2012	other_database_import	
A/Thailand/CU-B6251/2012	other_database_import	
A/Thailand/VIROAF1CS/2012	other_database_import	
A/Thailand/CU-B7235/2012	other_database_import	
A/Hangzhou/A121/2013	hangzhou_center_for_disease_control_and_prevention	hangzhou_center_for_disease_control_and_prevention
A/WestVirginia/20/2012	centers_for_disease_control_and_prevention	west_virginia_office_of_laboratory_services
A/Boston/DOA2-181/2013	other_database_import	
A/Kamigoto/1075/2012	the_nagasaki_university	nagasaki_university
A/Thailand/CU-B6274/2012	other_database_import	
A/Thailand/CU-H3368/2012	other_database_import	
A/Nicaragua/30190_01_TR1/2013	other_database_import	
A/Boston/YGA_00080/2013	other_database_import	
A/Boston/DOA2-236/2013	other_database_import	
A/Boston/YGA_01159/2013	other_database_import	
A/Boston/DOA2-127/2012	other_database_import	
A/Houston/JMM_77/2012	other_database_import	
A/Cambodia/W1023355/2012	other_database_import	
A/Houston/JMM_157/2013	other_database_import	
A/Vietnam/13VH3-9/2012	niigata_university	
A/Almaty/2958/2013-egg	centers_for_disease_control_and_prevention	national_reference_laboratory
A/Newcastle/1/2013	who_collaborating_centre_for_reference_and_research_on_influenza	john_hunter_hospital,_virology_unit,_clinical_microbiology
A/Hangzhou/A155/2013	hangzhou_center_for_disease_control_and_prevention	hangzhou_center_for_disease_control_and_prevention
A/Sydney/506/2013	who_collaborating_centre_for_reference_and_research_on_influenza	prince_of_wales_hospital
A/Helsinki/991/2013	other_database_import	
A/Bage/LACENRS-2050/2013	other_database_import	
A/Canoas/LACENRS-1212/2013	other_database_import	
A/Parana/88/2014	oswaldo_cruz_institute___fiocruz___laboratory_of_respiratory_viruses_and_measles_(lvrs)	laboratório_central_do_estado_do_paraná___lacen/pr
A/Brazil/6069/2014	centers_for_disease_control_and_prevention	instituto_adolfo_lutz
A/Brazil/4146/2014	centers_for_disease_control_and_prevention	instituto_adolfo_lutz
A/Chicago/YGA_04012/2012	other_database_import	
A/Boston/YGA_01105/2012	other_database_import	
A/Boston/YGA_01203/2013	other_database_import	
A/CzechRepublic/217/2013	other_database_import	
A/Boston/YGA_01189/2013	other_database_import	
A/Catalonia/NSVH49458/2013	hospital_universitari_vall_d'hebron	hospital_universitari_vall_d'hebron
A/Arkansas/13/2013-egg	centers_for_disease_control_and_prevention	arkansas_department_of_health
A/Farroupilha/LACENRS-1297/2014	other_database_import	
A/Stockholm/36/2013	swedish_institute_for_infectious_disease_control	swedish_institute_for_infectious_disease_control
A/RioGrandedoSul/23/2014	oswaldo_cruz_institute___fiocruz___laboratory_of_respiratory_viruses_and_measles_(lvrs)	lacen/rs___laboratório_central_de_saúde_pública_do_rio_grande_do_sul
A/Brazil/769/2014	centers_for_disease_control_and_prevention	instituto_adolfo_lutz
A/RiodeJaneiro/34/2014	oswaldo_cruz_institute___fiocruz___laboratory_of_respiratory_viruses_and_measles_(lvrs)	laboratorio_central_do_estado_do_rio_de_janeiro___lacen/rj___noel_nutels
A/Canoas/LACENRS-1317/2014	other_database_import	
A/Indonesia/312_S69_L001/2011	university_college_london	universitas_udayana
A/Hangzhou/A126/2013	hangzhou_center_for_disease_control_and_prevention	hangzhou_center_for_disease_control_and_prevention
A/Srilanka/27/2013	who_collaborating_centre_for_reference_and_research_on_influenza	medical_research_institute
A/Indonesia/1441_S84_L001/2013	university_college_london	universitas_udayana
A/Hangzhou/B718/2013	hangzhou_center_for_disease_control_and_prevention	hangzhou_center_for_disease_control_and_prevention
A/Hangzhou/A649/2013	hangzhou_center_for_disease_control_and_prevention	hangzhou_center_for_disease_control_and_prevention
A/Hangzhou/B599/2013	hangzhou_center_for_disease_control_and_prevention	hangzhou_center_for_disease_control_and_prevention
A/Hangzhou/B721/2013	hangzhou_center_for_disease_control_and_prevention	hangzhou_center_for_disease_control_and_prevention
A/Nagasaki/13N063/2014	niigata_university	
A/Hangzhou/A683/2013	hangzhou_center_for_disease_control_and_prevention	hangzhou_center_for_disease_control_and_prevention
A/Sydney/83/2013	who_collaborating_centre_for_reference_and_research_on_influenza	clinical_virology_unit,_cdim
A/Hangzhou/B690/2013	hangzhou_center_for_disease_control_and_prevention	hangzhou_center_for_disease_control_and_prevention
A/Hangzhou/B709/2013	hangzhou_center_for_disease_control_and_prevention	hangzhou_center_for_disease_control_and_prevention
A/JiangsuQinhuai/111/2014	jiangsu_center_of_disease_prevent_and_control	jiangsu_provincial_center_for_disease_control_and_prevention
A/Hangzhou/A601/2013	hangzhou_center_for_disease_control_and_prevention	hangzhou_center_for_disease_control_and_prevention
A/Hangzhou/A691/2013	hangzhou_center_for_disease_control_and_prevention	hangzhou_center_for_disease_control_and_prevention
A/JiangsuNanjinGulou/1484/2014	jiangsu_provincial_center_for_disease_control_&_prevention	jiangsu_provincial_center_for_disease_control_and_prevention
A/Bangladesh/9334/2013-egg	centers_for_disease_control_and_prevention	institute_of_epidemiology_disease_control_and_research_(iedcr)_&_bangladesh_national_influenza_centre_(nic)
A/Stockholm/6/2014-egg	centers_for_disease_control_and_prevention	national_institute_for_medical_research
A/Stockholm/6/2014	centers_for_disease_control_and_prevention	national_institute_for_medical_research
A/Bangladesh/10009/2014	centers_for_disease_control_and_prevention	institute_of_epidemiology_disease_control_and_research_(iedcr)_&_bangladesh_national_influenza_centre_(nic)
A/Ethiopia/155/2014	centers_for_disease_control_and_prevention	ethiopian_health_and_nutrition_research_institute_(ehnri)
A/Ethiopia/1147/2014	centers_for_disease_control_and_prevention	ethiopian_health_and_nutrition_research_institute_(ehnri)
A/SaudiArabia/6/2014	other_database_import	
A/SaudiArabia/7/2014	other_database_import	
A/Afghanistan/463/2015	centers_for_disease_control_and_prevention	national_public_health_laboratory
A/Halmstad/1/2015	swedish_institute_for_infectious_disease_control	
A/Canoas/LACENRS-1793/2015	other_database_import	
A/PortoAlegre/LACENRS-1738/2015	other_database_import	
A/Uruguay/43/2015	centers_for_disease_control_and_prevention	departamento_de_laboratorio_de_salud_publica
A/Lao/46/2015	centers_for_disease_control_and_prevention	national_center_for_laboratory_and_epidemiology
A/Nigeria/120/2014	centers_for_disease_control_and_prevention	national_influenza_reference_laboratory
A/Nc/4690/2014	other_database_import	
A/NorthCarolina/13/2014-egg	centers_for_disease_control_and_prevention	north_carolina_state_laboratory_of_public_health
A/NorthCarolina/13/2014	centers_for_disease_control_and_prevention	north_carolina_state_laboratory_of_public_health
A/Philippines/10/2014	who_collaborating_centre_for_reference_and_research_on_influenza	research_institute_of_tropical_medicine
A/Henan-Xigong/11041/2014	centers_for_disease_control_and_prevention	who_chinese_national_influenza_center
A/Myanmar/14M391/2014	niigata_university	
A/NewZealand/316/2014	who_collaborating_centre_for_reference_and_research_on_influenza	institute_of_environmental_science_and_research
A/Switzerland/9715293/2013-egg	st._jude_children's_research_hospital	national_institute_for_medical_research
A/Switzerland/9715293/2013	centers_for_disease_control_and_prevention	national_institute_for_medical_research
A/Vietnam/593/2014	centers_for_disease_control_and_prevention	national_institute_of_hygiene_and_epidemiology
A/Liaoning-Heping/1430/2014	centers_for_disease_control_and_prevention	who_chinese_national_influenza_center
A/Vietnam/627/2014	centers_for_disease_control_and_prevention	national_institute_of_hygiene_and_epidemiology
A/Busan/2003/2014	centers_for_disease_control_and_prevention	national_institute_of_health
A/Cambodia/1244/2014	centers_for_disease_control_and_prevention	national_public_health_laboratory
A/Palau/6759/2014	centers_for_disease_control_and_prevention	state_of_hawaii_department_of_health
A/Colombia/5215/2015	centers_for_disease_control_and_prevention	instituto_nacional_de_salud_de_columbia
A/Cambodia/FSS28237/2014	who_collaborating_centre_for_reference_and_research_on_influenza	namru_2,_cambodia
A/SaudiArabia/8/2014	other_database_import	
A/Tanzania/587/2014	centers_for_disease_control_and_prevention	national_influenza_lab
A/Tanzania/3562/2014	centers_for_disease_control_and_prevention	national_influenza_lab
A/Tanzania/3552/2014	centers_for_disease_control_and_prevention	national_influenza_lab
A/Tanzania/3576/2014	centers_for_disease_control_and_prevention	national_influenza_lab
A/Lao/820/2014	centers_for_disease_control_and_prevention	national_center_for_laboratory_and_epidemiology
A/Shanxi-Xinghualing/1663/2014	centers_for_disease_control_and_prevention	who_chinese_national_influenza_center
A/Singapore/TT979/2013	ministry_of_health,_singapore	ministry_of_health,_singapore
A/Tasmania/11/2014-egg	who_collaborating_centre_for_reference_and_research_on_influenza	who_collaborating_centre_for_reference_and_research_on_influenza
A/Texas/34/2014	centers_for_disease_control_and_prevention	texas_department_of_state_health_services_laboratory_services
A/Scotland/9/2014	nhs_greater_glasgow_and_clyde	nhs_greater_glasgow_and_clyde
A/Lao/864/2014	centers_for_disease_control_and_prevention	national_center_for_laboratory_and_epidemiology
A/Yunnan-Linxiang/11032/2014	centers_for_disease_control_and_prevention	who_chinese_national_influenza_center
A/Palau/6775/2014	centers_for_disease_control_and_prevention	state_of_hawaii_department_of_health
A/Lao/732/2014	centers_for_disease_control_and_prevention	national_center_for_laboratory_and_epidemiology
A/Liaoning-Shuangta/1491/2015	centers_for_disease_control_and_prevention	who_chinese_national_influenza_center
A/Texas/34/2014-egg	centers_for_disease_control_and_prevention	texas_department_of_state_health_services_laboratory_services
A/Wellington/81/2014	who_collaborating_centre_for_reference_and_research_on_influenza	institute_of_environmental_science_&_research
A/Toyama/124/2014	national_institute_of_infectious_diseases_(niid)	toyama_institute_of_health
A/Miyagi/52/2014	national_institute_of_infectious_diseases_(niid)	miyagi_prefectural_institute_of_public_health_and_environment
A/SouthAustralia/55/2014-egg	st._jude_children's_research_hospital	who_collaborating_centre_for_reference_and_research_on_influenza
A/SouthAustralia/55/2014	centers_for_disease_control_and_prevention	who_collaborating_centre_for_reference_and_research_on_influenza
A/Chita/12/2014	centers_for_disease_control_and_prevention	state_research_center_of_virology_and_biotechnology_vector
A/Chita/262/2014	centers_for_disease_control_and_prevention	russian_academy_of_medical_sciences
A/Jiangsu-Qingpu/1660/2015-egg	np	seasonal_h3n2
A/Jiangsu-Sucheng/1309/2016-egg	centers_for_disease_control_and_prevention	who_chinese_national_influenza_center
A/Guizhou-Xinyi/1799/2014	centers_for_disease_control_and_prevention	who_chinese_national_influenza_center
A/Kazakhstan/15/2014	centers_for_disease_control_and_prevention	csee
A/Beijing-Xicheng/13100/2014	centers_for_disease_control_and_prevention	who_chinese_national_influenza_center
A/Xinjiang-Tianshan/11190/2014	centers_for_disease_control_and_prevention	who_chinese_national_influenza_center
A/California/19/2014	centers_for_disease_control_and_prevention	california_department_of_health_services
A/Victoria/927/2014	who_collaborating_centre_for_reference_and_research_on_influenza	who_collaborating_centre_for_reference_and_research_on_influenza
A/NewYork/5/2014-egg	centers_for_disease_control_and_prevention	new_york_state_department_of_health
A/NewYork/5/2014	centers_for_disease_control_and_prevention	new_york_state_department_of_health
A/Kazakhstan/194/2014	centers_for_disease_control_and_prevention	csee
A/Fukui/78/2015	centers_for_disease_control_and_prevention	national_institute_of_infectious_diseases_(niid)
A/Jilin-Yanji/1179/2015	centers_for_disease_control_and_prevention	who_chinese_national_influenza_center
A/Chita/14/2014	centers_for_disease_control_and_prevention	state_research_center_of_virology_and_biotechnology_vector
A/Khabarovsk/4/2015	centers_for_disease_control_and_prevention	russian_academy_of_medical_sciences
A/Khabarovsk/7/2015	centers_for_disease_control_and_prevention	russian_academy_of_medical_sciences
A/Blagoveshchensk/19/2015	centers_for_disease_control_and_prevention	state_research_center_of_virology_and_biotechnology_vector
A/Chita/268/2014	centers_for_disease_control_and_prevention	russian_academy_of_medical_sciences
A/Chita/264/2014	centers_for_disease_control_and_prevention	russian_academy_of_medical_sciences
A/Scotland/8/2015	nhs_greater_glasgow_and_clyde	nhs_greater_glasgow_and_clyde
A/Kazakhstan/33/2015	centers_for_disease_control_and_prevention	csee
A/Chita/256/2014	centers_for_disease_control_and_prevention	russian_academy_of_medical_sciences
A/Chita/258/2014	centers_for_disease_control_and_prevention	russian_academy_of_medical_sciences
A/Shaanxi-Changan/1452/2014	centers_for_disease_control_and_prevention	who_chinese_national_influenza_center
A/Chita/260/2014	centers_for_disease_control_and_prevention	russian_academy_of_medical_sciences
A/Liaoning-Shuangta/1505/2015	centers_for_disease_control_and_prevention	who_chinese_national_influenza_center
A/Kyrgyzstan/82/2015	centers_for_disease_control_and_prevention	national_virology_laboratory,_center_microbiological_investigations
A/Thailand/CU-H3649/2014	other_database_import	
A/Christchurch/516/2012	who_collaborating_centre_for_reference_and_research_on_influenza	canterbury_health_services
A/Christchurch/503/2012	who_collaborating_centre_for_reference_and_research_on_influenza	canterbury_health_services
A/Houston/JMM_179/2013	other_database_import	
A/Connecticut/Flu038/2012	other_database_import	
A/Thailand/CU-B10345/2014	other_database_import	
A/Brazil/328/2013	centers_for_disease_control_and_prevention	instituto_adolfo_lutz
A/Nagasaki/13N053/2014	niigata_university	
A/Paraguay/4413/2014	centers_for_disease_control_and_prevention	central_laboratory_of_public_health
A/Paraguay/95/2014	centers_for_disease_control_and_prevention	central_laboratory_of_public_health
A/PassoFundo/LACENRS-1533/2013	other_database_import	
A/SaudiArabia/1/2013	other_database_import	
A/Nagasaki/13N020/2014	other_database_import	
A/Lebanon/14L41/2014	niigata_university	
A/Kilifi/154/2014	kemri_wellcome_trust_research_programme_(kwtrp)	kemri_wellcome_trust_research_programme_cgmrc
A/Brazil/56/2015	centers_for_disease_control_and_prevention	oswaldo_cruz_institute___fiocruz___laboratory_of_respiratory_viruses_and_measles_(lvrs)
A/Santiago/68839/2014	centers_for_disease_control_and_prevention	instituto_de_salud_publica_de_chile_
A/Victoria/506/2013-egg	centers_for_disease_control_and_prevention	monash_medical_centre
A/StPetersburg/RII80/2014	who_national_influenza_centre_russian_federation	
A/HongKong/4801/2014-egg	st._jude_children's_research_hospital	crick_worldwide_influenza_centre
A/HongKong/4801/2014	centers_for_disease_control_and_prevention	crick_worldwide_influenza_centre
A/Sydney/71/2014	who_collaborating_centre_for_reference_and_research_on_influenza	who_collaborating_centre_for_reference_and_research_on_influenza
A/Victoria/5006/2014-egg	centers_for_disease_control_and_prevention	who_collaborating_centre_for_reference_and_research_on_influenza
A/HongKong/5738/2014-egg	centers_for_disease_control_and_prevention	national_institute_for_medical_research
A/HongKong/5738/2014	st._jude_children's_research_hospital	national_institute_for_medical_research
A/SouthAustralia/9/2015-egg	centers_for_disease_control_and_prevention	who_collaborating_centre_for_reference_and_research_on_influenza
A/Indonesia/Nihrd-Dps302/2016	centers_for_disease_control_and_prevention	ministry_of_health,_nihrd
A/Hyogo/4001/2014	centers_for_disease_control_and_prevention	national_institute_of_infectious_diseases_(niid)
A/Nagano/2202/2015	national_institute_of_infectious_diseases_(niid)	nagano_environmental_conservation_research_institute
A/Fukuoka-C/17/2017	national_institute_of_infectious_diseases_(niid)	fukuoka_city_institute_for_hygiene_and_the_environment
A/Kanagawa/IC1608/2017-egg	np	seasonal_h3n2
A/Kanagawa/IC1608/2017	national_institute_of_infectious_diseases_(niid)	national_institute_of_infectious_diseases_(niid)
A/Victoria/949/2017	who_collaborating_centre_for_reference_and_research_on_influenza	who_collaborating_centre_for_reference_and_research_on_influenza
A/Sydney/1172/2017	who_collaborating_centre_for_reference_and_research_on_influenza	institute_of_medical_and_veterinary_science_(imvs)
A/Sendai/29/2017	national_institute_of_infectious_diseases_(niid)	sendai_city_institute_of_public_health
A/Taiwan/441/2017	national_institute_of_infectious_diseases_(niid)	center_for_disease_control
A/Kagawa/191/2017	national_institute_of_infectious_diseases_(niid)	kagawa_prefectural_research_institute_for_environmental_sciences_and_public_health
A/Brisbane/29/2017-egg	centers_for_disease_control_and_prevention	queensland_health_scientific_services
A/NewZealand/669/2017	centers_for_disease_control_and_prevention	institute_of_environmental_science_&_research
A/Hawaii/44/2017-egg	centers_for_disease_control_and_prevention	state_of_hawaii_department_of_health
A/Hawaii/44/2017	centers_for_disease_control_and_prevention	state_of_hawaii_department_of_health
A/NewZealand/883/2017	centers_for_disease_control_and_prevention	institute_of_environmental_science_&_research
A/NewZealand/703/2017	centers_for_disease_control_and_prevention	institute_of_environmental_science_&_research
A/SantaClara/YGA_03052/2013	other_database_import	
A/Thailand/CU-H3567/2013	other_database_import	
A/AmericanSamoa/4786/2013-egg	centers_for_disease_control_and_prevention	state_of_hawaii_department_of_health
A/AmericanSamoa/4786/2013	centers_for_disease_control_and_prevention	state_of_hawaii_department_of_health
A/Perth/258/2013	who_collaborating_centre_for_reference_and_research_on_influenza	pathwest_qe_ii_medical_centre
A/Quarai/LACENRS-3508/2013	other_database_import	
A/Thailand/CU-A305/2013	other_database_import	
A/Thailand/CU-C4406/2014	other_database_import	
A/Thailand/CU-B7367/2012	other_database_import	
A/Bangladesh/9269/2013-egg	centers_for_disease_control_and_prevention	institute_of_epidemiology_disease_control_and_research_(iedcr)_&_bangladesh_national_influenza_centre_(nic)
A/Thailand/CU-B7885/2013	other_database_import	
A/Thailand/CU-B8772/2013	other_database_import	
A/Thailand/CU-B8127/2013	other_database_import	
A/Helsinki/951/2013	other_database_import	
A/Helsinki/824/2013	other_database_import	
A/Georgia/3/2013-egg	centers_for_disease_control_and_prevention	georgia_public_health_laboratory
A/Thailand/CU-A182/2013	other_database_import	
A/Catalonia/NSVH37664/2014	hospital_universitari_vall_d'hebron	hospital_universitari_vall_d'hebron
A/Stockholm/30/2013	swedish_institute_for_infectious_disease_control	swedish_institute_for_infectious_disease_control
A/Myanmar/13M044/2013	niigata_university	
A/Myanmar/13M029/2013	niigata_university	
A/Myanmar/13M020/2013	niigata_university	
A/Thailand/CU-B8364/2013	other_database_import	
A/Myanmar/13M006/2013	niigata_university	
A/Thailand/CU-CB166/2014	other_database_import	
A/HongKong/5643/2013	centers_for_disease_control_and_prevention	government_virus_unit
A/Malaysia/6/2014	who_collaborating_centre_for_reference_and_research_on_influenza	institut_penyelidikan_perubatan
A/Thailand/CU-A459/2013	other_database_import	
A/JiangsuQingpu/152/2014	jiangsu_provincial_center_for_disease_control_&_prevention	jiangsu_provincial_center_for_disease_control_and_prevention
A/Sweden/139/2013	swedish_institute_for_infectious_disease_control	
A/Brisbane/165/2013	who_collaborating_centre_for_reference_and_research_on_influenza	queensland_health_scientific_services
A/Cambodia/1393/2014	centers_for_disease_control_and_prevention	national_public_health_laboratory
A/Yunnan-Hongta/11097/2015	centers_for_disease_control_and_prevention	who_chinese_national_influenza_center
A/Scotland/69/2014	nhs_greater_glasgow_and_clyde	nhs_greater_glasgow_and_clyde
A/Moscow/CRIE-141/2015	other_database_import	
A/Kazakhstan/122/2015	centers_for_disease_control_and_prevention	csee
A/Kazakhstan/184/2015	centers_for_disease_control_and_prevention	csee
A/Astrakhan/24/2014	centers_for_disease_control_and_prevention	russian_academy_of_medical_sciences
A/Kazakhstan/20/2015	centers_for_disease_control_and_prevention	csee
A/Kazakhstan/291/2015	centers_for_disease_control_and_prevention	csee
A/Kazakhstan/49/2015	centers_for_disease_control_and_prevention	csee
A/Kazakhstan/112/2015	centers_for_disease_control_and_prevention	csee
A/Kazakhstan/16/2015	centers_for_disease_control_and_prevention	csee
A/Kazakhstan/22/2015	centers_for_disease_control_and_prevention	csee
A/Kazakhstan/47/2015	centers_for_disease_control_and_prevention	csee
A/Fiji/7/2015-egg	who_collaborating_centre_for_reference_and_research_on_influenza	national_centre_for_scientific_services_for_virology__and_vector_borne_diseases
A/Ecuador/1695/2015	centers_for_disease_control_and_prevention	inspi
A/Fiji/2/2015-egg	centers_for_disease_control_and_prevention	national_centre_for_scientific_services_for_virology__and_vector_borne_diseases
A/Mississippi/21/2014	centers_for_disease_control_and_prevention	mississippi_public_health_laboratory
A/Mississippi/20/2014	centers_for_disease_control_and_prevention	mississippi_public_health_laboratory
A/Oregon/13/2014	centers_for_disease_control_and_prevention	oregon_public_health_laboratory
A/NewYork/WC-LVD-14-090/2014	other_database_import	
A/Mali/34MOP/2015	centers_for_disease_control_and_prevention	nic_lab_cvd_mali
A/Mali/136CI/2015	centers_for_disease_control_and_prevention	nic_lab_cvd_mali
A/India/27/2015	centers_for_disease_control_and_prevention	national_institute_of_virology
A/Singapore/INFGP-16-0022/2016	ministry_of_health,_singapore	ministry_of_health,_singapore
A/Cambodia/917/2015	centers_for_disease_control_and_prevention	national_public_health_laboratory
A/Lao/769/2015	centers_for_disease_control_and_prevention	national_center_for_laboratory_and_epidemiology
A/Lao/1110/2015	centers_for_disease_control_and_prevention	national_center_for_laboratory_and_epidemiology
A/Sapporo/71/2015	national_institute_of_infectious_diseases_(niid)	sapporo_city_institute_of_public_health
A/Taiwan/1078/2015	centers_for_disease_control_and_prevention	adimmune_corporation
A/Lao/922/2015	centers_for_disease_control_and_prevention	national_center_for_laboratory_and_epidemiology
A/HongKong/15607/2015	centers_for_disease_control_and_prevention	government_virus_unit
A/Lao/375/2015	centers_for_disease_control_and_prevention	national_center_for_laboratory_and_epidemiology
A/Lao/SA373/2015	national_institute_of_infectious_diseases_(niid)	ministry_of_health_laos
A/Nakhonphanom/33/2016	centers_for_disease_control_and_prevention	who_national_influenza_centre,_national_institute_of_medical_research_(nimr)
A/Lao/I889/2015	national_institute_of_infectious_diseases_(niid)	ministry_of_health_laos
A/SouthAfrica/3913/2016	centers_for_disease_control_and_prevention	national_institute_for_communicable_disease
A/Bangladesh/912012/2015	centers_for_disease_control_and_prevention	institute_of_epidemiology_disease_control_and_research_(iedcr)_&_bangladesh_national_influenza_centre_(nic)
A/Bangladesh/914006/2015	centers_for_disease_control_and_prevention	institute_of_epidemiology_disease_control_and_research_(iedcr)_&_bangladesh_national_influenza_centre_(nic)
A/Bangladesh/3014/2015	centers_for_disease_control_and_prevention	institute_of_epidemiology_disease_control_and_research_(iedcr)_&_bangladesh_national_influenza_centre_(nic)
A/Bangladesh/3400/2015	centers_for_disease_control_and_prevention	institute_of_epidemiology_disease_control_and_research_(iedcr)_&_bangladesh_national_influenza_centre_(nic)
A/Bangladesh/913012/2015	centers_for_disease_control_and_prevention	institute_of_epidemiology_disease_control_and_research_(iedcr)_&_bangladesh_national_influenza_centre_(nic)
A/Bangladesh/14006/2015	centers_for_disease_control_and_prevention	institute_of_epidemiology_disease_control_and_research_(iedcr)_&_bangladesh_national_influenza_centre_(nic)
A/Bangladesh/203006/2015	centers_for_disease_control_and_prevention	institute_of_epidemiology_disease_control_and_research_(iedcr)_&_bangladesh_national_influenza_centre_(nic)
A/Bangladesh/3075/2016	centers_for_disease_control_and_prevention	institute_of_epidemiology_disease_control_and_research_(iedcr)_&_bangladesh_national_influenza_centre_(nic)
A/Singapore/INFGP-16-0492/2016	ministry_of_health,_singapore	ministry_of_health,_singapore
A/Alaska/54/2014	centers_for_disease_control_and_prevention	alaska_state_virology_lab
A/Kentucky/9/2015	centers_for_disease_control_and_prevention	kentucky_division_of_laboratory_services
A/California/40/2014	centers_for_disease_control_and_prevention	california_department_of_health_services
A/Guatemala/4153/2015	centers_for_disease_control_and_prevention	laboratorio_nacional_de_salud_guatemala
A/Santiago/40992/2015	centers_for_disease_control_and_prevention	instituto_de_salud_publica_de_chile_
A/Brazil/9850/2015	centers_for_disease_control_and_prevention	instituto_adolfo_lutz
A/Victoria/664/2015	who_collaborating_centre_for_reference_and_research_on_influenza	monash_medical_centre
A/Victoria/511/2015-egg	centers_for_disease_control_and_prevention	monash_medical_centre
A/Victoria/511/2015	centers_for_disease_control_and_prevention	monash_medical_centre
A/Washington/57/2014	centers_for_disease_control_and_prevention	marshfield_clinic_research_foundation
A/Moscow/102/2015	centers_for_disease_control_and_prevention	ivanovsky_research_institute_of_virology_rams
A/Lao/179/2015	centers_for_disease_control_and_prevention	national_center_for_laboratory_and_epidemiology
A/Buryatia/19/2015	centers_for_disease_control_and_prevention	state_research_center_of_virology_and_biotechnology_vector
A/NewYork/WC-LVD-15-005/2015	other_database_import	
A/England/50380052/2015	microbiology_services_colindale,_public_health_england	microbiology_services_colindale,_public_health_england
A/Congo/2471/2014	centers_for_disease_control_and_prevention	inrb_service_de_virologie
A/Wisconsin/21/2015	centers_for_disease_control_and_prevention	wisconsin_state_laboratory_of_hygiene
A/NewHampshire/16/2015	centers_for_disease_control_and_prevention	new_hampshire_public_health_laboratories
A/England/535/2014	microbiology_services_colindale,_public_health_england	microbiology_services_colindale,_public_health_england
A/Thailand/CU-B11202/2014	other_database_import	
A/Congo/2586/2014	centers_for_disease_control_and_prevention	inrb_service_de_virologie
A/Congo/2603/2014	centers_for_disease_control_and_prevention	inrb_service_de_virologie
A/Kansas/12/2014	centers_for_disease_control_and_prevention	kansas_department_of_health_and_environment
A/Niigata/14F009/2015	niigata_university	
A/Scotland/110/2014	nhs_greater_glasgow_and_clyde	nhs_greater_glasgow_and_clyde
A/Wakayama/167/2014	national_institute_of_infectious_diseases_(niid)	wakayama_prefectural_research_center_of_environment_and_public_health
A/Georgia/45/2014	centers_for_disease_control_and_prevention	georgia_public_health_laboratory
A/Congo/2458/2014	centers_for_disease_control_and_prevention	inrb_service_de_virologie
A/Congo/2495/2014	centers_for_disease_control_and_prevention	inrb_service_de_virologie
A/Mali/119CS/2015	centers_for_disease_control_and_prevention	nic_lab_cvd_mali
A/Mali/117CS/2015	centers_for_disease_control_and_prevention	nic_lab_cvd_mali
A/Mali/215CI/2015	centers_for_disease_control_and_prevention	nic_lab_cvd_mali
A/Mali/117CI/2015	centers_for_disease_control_and_prevention	nic_lab_cvd_mali
A/Mali/236CI/2015	centers_for_disease_control_and_prevention	nic_lab_cvd_mali
A/Mali/238CI/2015	centers_for_disease_control_and_prevention	nic_lab_cvd_mali
A/England/51020042/2015	microbiology_services_colindale,_public_health_england	microbiology_services_colindale,_public_health_england
A/SouthAfrica/4363/2016	centers_for_disease_control_and_prevention	national_institute_for_communicable_disease
A/England/603/2014	microbiology_services_colindale,_public_health_england	microbiology_services_colindale,_public_health_england
A/Tanzania/609/2014	centers_for_disease_control_and_prevention	national_influenza_lab
A/Colorado/19/2014	centers_for_disease_control_and_prevention	colorado_department_of_health_lab
A/Ecuador/220/2016	centers_for_disease_control_and_prevention	inspi
A/Valparaiso/51089/2016	centers_for_disease_control_and_prevention	instituto_de_salud_publica_de_chile_
A/Valparaiso/50516/2016	centers_for_disease_control_and_prevention	instituto_de_salud_publica_de_chile_
A/Colombia/6352/2015	centers_for_disease_control_and_prevention	instituto_nacional_de_salud_de_columbia
A/Ecuador/2495/2016	centers_for_disease_control_and_prevention	inspi
A/Argentina/11652/2015	centers_for_disease_control_and_prevention	cemic_university_hospital
A/Peru/3916/2016	centers_for_disease_control_and_prevention	us_namru_6
A/Peru/3216/2016	centers_for_disease_control_and_prevention	us_namru_6
A/Peru/2716/2016	centers_for_disease_control_and_prevention	us_namru_6
A/Brazil/293/2016	centers_for_disease_control_and_prevention	oswaldo_cruz_institute___fiocruz___laboratory_of_respiratory_viruses_and_measles_(lvrs)
A/Peru/1416/2016	centers_for_disease_control_and_prevention	us_namru_6
A/Peru/216/2016	centers_for_disease_control_and_prevention	us_namru_6
A/Nagasaki/14N017/2014	niigata_university	
A/Kyoto/14K007/2014	niigata_university	
A/Kyoto/14K003/2014	niigata_university	
A/Kyoto/14K002/2014	niigata_university	
A/Saitama/103/2014-egg	centers_for_disease_control_and_prevention	national_institute_of_infectious_diseases_(niid)
A/Saitama/103/2014	centers_for_disease_control_and_prevention	national_institute_of_infectious_diseases_(niid)
A/Brisbane/82/2015-egg	np	seasonal_h3n2
A/Brisbane/82/2015	centers_for_disease_control_and_prevention	queensland_health_scientific_services
A/Nebraska/19/2015-egg	centers_for_disease_control_and_prevention	nebraska_public_health_lab
A/Nebraska/19/2015	centers_for_disease_control_and_prevention	nebraska_public_health_lab
A/Hawaii/2/2015	centers_for_disease_control_and_prevention	state_of_hawaii_department_of_health
A/Mali/109CH/2015	centers_for_disease_control_and_prevention	nic_lab_cvd_mali
A/England/50200158/2014	microbiology_services_colindale,_public_health_england	microbiology_services_colindale,_public_health_england
A/England/50100074/2014	microbiology_services_colindale,_public_health_england	microbiology_services_colindale,_public_health_england
A/Bahrain/587/2014	centers_for_disease_control_and_prevention	ministry_of_health_bahrain
A/SouthAfrica/5390/2015	centers_for_disease_control_and_prevention	national_institute_for_communicable_disease
A/Stockholm/13/2015	swedish_institute_for_infectious_disease_control	swedish_institute_for_infectious_disease_control
A/Tomsk/254/2014	centers_for_disease_control_and_prevention	russian_academy_of_medical_sciences
A/England/50140123/2014	microbiology_services_colindale,_public_health_england	microbiology_services_colindale,_public_health_england
A/England/50100064/2014	microbiology_services_colindale,_public_health_england	microbiology_services_colindale,_public_health_england
A/Lyon/2312R281/2016	cnr_des_virus_influenza_r?gion_sud_france	
A/StPetersburg/RII698S/2016	who_national_influenza_centre_russian_federation	
A/Surgut/73/2017	state_research_center_of_virology_and_biotechnology_(vector)	
A/Saratov/RII490S/2016	who_national_influenza_centre_russian_federation	
A/Simpheropol/RII847S/2016	who_national_influenza_centre_russian_federation	
A/Sergach/RII542S/2016	who_national_influenza_centre_russian_federation	
A/Korsakov/RII908S/2016	who_national_influenza_centre_russian_federation	
A/Novosibirsk/12/2017	centers_for_disease_control_and_prevention	russian_academy_of_medical_sciences
A/Volgograd/RII745S/2016	who_national_influenza_centre_russian_federation	
A/Niger/5361/2017	centers_for_disease_control_and_prevention	centre_de_recherche_medicale_et_sanitaire_(cermes)
A/Niger/5254/2017	centers_for_disease_control_and_prevention	centre_de_recherche_medicale_et_sanitaire_(cermes)
A/Niger/5311/2017	centers_for_disease_control_and_prevention	centre_de_recherche_medicale_et_sanitaire_(cermes)
A/Nigeria/3620/2018	centers_for_disease_control_and_prevention	national_influenza_reference_laboratory
A/BurkinaFaso/2445/2018	centers_for_disease_control_and_prevention	irss
A/Basel/USB0029775/2017	import_from_public_domain	
A/Saint-Etienne/1294/2017	centers_for_disease_control_and_prevention	cnr_influenza_france_sud
A/Kazakhstan/7065/2017	centers_for_disease_control_and_prevention	cdc_central_asia_office
A/southAfrica/R7783/2017	national_institute_of_communicable_diseases	national_institute_for_communcable_diseases
A/Novosibirsk/1/2017	state_research_center_of_virology_and_biotechnology_(vector)	
A/Yaroslavl/160/2016	centers_for_disease_control_and_prevention	ivanovsky_research_institute_of_virology_rams
A/Tanzania/4390/2017	centers_for_disease_control_and_prevention	national_influenza_lab
A/Moscow/36/2017	centers_for_disease_control_and_prevention	ivanovsky_research_institute_of_virology_rams
A/Aniva/RII904S/2016	who_national_influenza_centre_russian_federation	
A/Vladikavkaz/RII914S/2016	who_national_influenza_centre_russian_federation	
A/Texas/139/2017	centers_for_disease_control_and_prevention	baylor_scott_and_white_health
A/Ethiopia/1866/2017	centers_for_disease_control_and_prevention	ethiopian_public_health_institute,_national_influenza_laboratory
A/Tyumen/7/2016	centers_for_disease_control_and_prevention	state_research_center_of_virology_and_biotechnology_(vector)
A/Indonesia/Nihrd-Plb499/2017	centers_for_disease_control_and_prevention	ministry_of_health,_nihrd
A/England/70320035/2017	microbiology_services_colindale,_public_health_england	microbiology_services_colindale,_public_health_england
A/Krasnoyarsk/1437/2017	centers_for_disease_control_and_prevention	state_research_center_of_virology_and_biotechnology_(vector)
A/Basel/USB0028355/2017	import_from_public_domain	
A/Sweden/112/2016	swedish_institute_for_infectious_disease_control	
A/Kazakhstan/78/2016	centers_for_disease_control_and_prevention	csee
A/Makhachkala/RII949S/2016	who_national_influenza_centre_russian_federation	
A/Tanzania/2487/2017	centers_for_disease_control_and_prevention	national_influenza_lab
A/Kilifi/120/2017	kemri_wellcome_trust_research_programme_(kwtrp)	kemri_wellcome_trust_research_programme_cgmrc
A/DistrictOfColumbia/4/2017	centers_for_disease_control_and_prevention	dc_public_health_lab
A/Lao/2916/2017	centers_for_disease_control_and_prevention	national_center_for_laboratory_and_epidemiology
A/Indonesia/Nihrd-Bjm579/2017	centers_for_disease_control_and_prevention	ministry_of_health,_nihrd
A/Singapore/KK1680/2018	ministry_of_health,_singapore	ministry_of_health,_singapore
A/Singapore/GP2021/2018	ministry_of_health,_singapore	ministry_of_health,_singapore
A/SouthAustralia/181/2018	who_collaborating_centre_for_reference_and_research_on_influenza	institute_of_medical_and_veterinary_science_(imvs)
A/Perth/155/2018	who_collaborating_centre_for_reference_and_research_on_influenza	pathwest_qe_ii_medical_centre
A/Brisbane/158/2018	who_collaborating_centre_for_reference_and_research_on_influenza	queensland_health_scientific_services
A/Victoria/2118/2018	who_collaborating_centre_for_reference_and_research_on_influenza	alfred_hospital
A/Victoria/912/2018	who_collaborating_centre_for_reference_and_research_on_influenza	cabrini_pathology
A/Singapore/TT0754/2018	ministry_of_health,_singapore	ministry_of_health,_singapore
A/Singapore/TT1165/2018	ministry_of_health,_singapore	ministry_of_health,_singapore
A/Singapore/TT0882/2019	ministry_of_health,_singapore	ministry_of_health,_singapore
A/Singapore/KK272/2020	ministry_of_health,_singapore	ministry_of_health,_singapore
A/Maldives/52/2017	centers_for_disease_control_and_prevention	ministry_of_health
A/Kazakhstan/6153/2016	centers_for_disease_control_and_prevention	cdc_central_asia_office
A/Choibalsan/408/2018	national_institute_of_infectious_diseases_(niid)	national_center_for_communicable_diseases
A/Taiwan/396/2017	national_institute_of_infectious_diseases_(niid)	center_for_disease_control
A/Kazakhstan/31/2018	centers_for_disease_control_and_prevention	csee
A/SPetersburg/RII-313S/2017	centers_for_disease_control_and_prevention	russian_academy_of_medical_sciences
A/Abakan/249/2018	state_research_center_of_virology_and_biotechnology_(vector)	
A/Taiwan/543/2017	national_institute_of_infectious_diseases_(niid)	center_for_disease_control
A/Niigata/766/2017	national_institute_of_infectious_diseases_(niid)	niigata_prefectural_institute_of_public_health_and_environmental_sciences
A/NorthDakota/24/2017	centers_for_disease_control_and_prevention	north_dakota_department_of_health
A/Brisbane/1050/2017	who_collaborating_centre_for_reference_and_research_on_influenza	institute_of_medical_and_veterinary_science_(imvs)
A/Taiwan/373/2017	national_institute_of_infectious_diseases_(niid)	center_for_disease_control
A/Sydney/1164/2017	who_collaborating_centre_for_reference_and_research_on_influenza	institute_of_medical_and_veterinary_science_(imvs)
A/England/75160395/2017	microbiology_services_colindale,_public_health_england	microbiology_services_colindale,_public_health_england
A/Ehime/6/2018	national_institute_of_infectious_diseases_(niid)	ehime_prefecture_institute_of_public_health_and_environmental_science
A/Cambodia/988/2017	centers_for_disease_control_and_prevention	national_public_health_laboratory
A/Cambodia/983/2017	centers_for_disease_control_and_prevention	national_public_health_laboratory
A/Kazakhstan/24/2018	centers_for_disease_control_and_prevention	csee
A/Zhejiang-Shangcheng/1153/2018	centers_for_disease_control_and_prevention	who_chinese_national_influenza_center
A/Ekaterinburg/RII-4774S/2018	who_national_influenza_centre_russian_federation	
A/Neimenggu-Keerqin/1871/2018	centers_for_disease_control_and_prevention	who_chinese_national_influenza_center
A/Congo/416/2018	centers_for_disease_control_and_prevention	inrb_service_de_virologie
A/Magadan/163/2017	centers_for_disease_control_and_prevention	state_research_center_of_virology_and_biotechnology_(vector)
A/Kazakhstan/17/2017	centers_for_disease_control_and_prevention	csee
A/VinaDelMar/55113/2017	centers_for_disease_control_and_prevention	instituto_de_salud_publica_de_chile_
A/Maldives/158/2017	centers_for_disease_control_and_prevention	ministry_of_health
A/Tosno/RII718S/2016	who_national_influenza_centre_russian_federation	
A/Ohio/31/2017-egg	centers_for_disease_control_and_prevention	ohio_department_of_health_laboratories
A/Ohio/31/2017	centers_for_disease_control_and_prevention	ohio_department_of_health_laboratories
A/England/70780302/2017	microbiology_services_colindale,_public_health_england	microbiology_services_colindale,_public_health_england
A/Khovd/240/2017	centers_for_disease_control_and_prevention	national_center_for_communicable_diseases
A/Venev/RII358S/2016	who_national_influenza_centre_russian_federation	
A/Kazakhstan/8/2016	centers_for_disease_control_and_prevention	csee
A/Basel/USB0033525/2017	import_from_public_domain	
A/Cheboksary/81/2017	centers_for_disease_control_and_prevention	ivanovsky_research_institute_of_virology_rams
A/Norway/4849/2016-egg	centers_for_disease_control_and_prevention	who_national_influenza_centre
A/England/65060461/2016	microbiology_services_colindale,_public_health_england	microbiology_services_colindale,_public_health_england
A/Lao/3223/2016	centers_for_disease_control_and_prevention	national_center_for_laboratory_and_epidemiology
A/Tasmania/219/2016-egg	who_collaborating_centre_for_reference_and_research_on_influenza	hobart_pathology
A/Tasmania/219/2016	who_collaborating_centre_for_reference_and_research_on_influenza	hobart_pathology
A/Moscow/173/2016	who_national_influenza_centre_russian_federation	ivanovsky_research_institute_of_virology_rams
A/Orel/RII317S/2016	who_national_influenza_centre_russian_federation	
A/Khabarovsk/RII524S/2016	who_national_influenza_centre_russian_federation	
A/Voronezh/1/2017	state_research_center_of_virology_and_biotechnology_(vector)	
A/Lipetsk/RII784S/2016	who_national_influenza_centre_russian_federation	
A/Kanagawa/ZC1604/2016	national_institute_of_infectious_diseases_(niid)	national_institute_of_infectious_diseases_(niid)
A/Bridgend/4113/2017	public_health_wales_microbiology	public_health_wales_microbiology
A/Basel/USB0014715/2016	import_from_public_domain	
A/Nakhonphanom/410/2016	centers_for_disease_control_and_prevention	who_national_influenza_centre,_national_institute_of_medical_research_(nimr)
A/Kanagawa/IC1601/2016	national_institute_of_infectious_diseases_(niid)	national_institute_of_infectious_diseases_(niid)
A/Kanagawa/AC1619/2017	national_institute_of_infectious_diseases_(niid)	national_institute_of_infectious_diseases_(niid)
A/Osaka/175/2017	national_institute_of_infectious_diseases_(niid)	osaka_prefectural_institute_of_public_health
A/Kanagawa/ZC1605/2016	national_institute_of_infectious_diseases_(niid)	national_institute_of_infectious_diseases_(niid)
A/Samara/711/2016	state_research_center_of_virology_and_biotechnology_(vector)	
A/HongKong/3566/2017	centers_for_disease_control_and_prevention	government_virus_unit
A/Catalonia/NSVH100552736/2017	hospital_universitari_vall_d'hebron	hospital_universitari_vall_d'hebron
A/Arkansas/2/2017	other_database_import	arkansas_department_of_health
A/England/70160045/2017	microbiology_services_colindale,_public_health_england	microbiology_services_colindale,_public_health_england
A/Linkou/175/2016	other_database_import	
A/Singapore/TT1374/2016-egg	centers_for_disease_control_and_prevention	ministry_of_health,_singapore
A/Singapore/TT1374/2016	ministry_of_health,_singapore	ministry_of_health,_singapore
A/Linkou/166/2016	other_database_import	
A/Wakayama-C/104/2014	national_institute_of_infectious_diseases_(niid)	wakayama_city_institute_of_public_health
A/Sapporo/38/2015	national_institute_of_infectious_diseases_(niid)	sapporo_city_institute_of_public_health
A/Nagasaki/14N018/2014	niigata_university	
A/Fukui/61/2014	national_institute_of_infectious_diseases_(niid)	fukui_prefectural_institute_of_public_health
A/Okinawa/14T004/2015	niigata_university	
A/Nagasaki/14N039/2015	niigata_university	
A/Niigata/14F007/2015	niigata_university	
A/SouthAustralia/21/2015-egg	centers_for_disease_control_and_prevention	institute_of_medical_and_veterinary_science_(imvs)
A/SouthAustralia/21/2015	centers_for_disease_control_and_prevention	institute_of_medical_and_veterinary_science_(imvs)
A/Serbia/NS-1241/2015	centers_for_disease_control_and_prevention	crick_worldwide_influenza_centre
A/RhodeIsland/24/2015	centers_for_disease_control_and_prevention	rhode_island_department_of_health
A/Michigan/31/2014	centers_for_disease_control_and_prevention	university_of_michigan_sph_epid
A/England/50400282/2015	microbiology_services_colindale,_public_health_england	microbiology_services_colindale,_public_health_england
A/Stockholm/18/2014	swedish_institute_for_infectious_disease_control	
A/NewCaledonia/71/2014-egg	centers_for_disease_control_and_prevention	who_collaborating_centre_for_reference_and_research_on_influenza
A/Newcaledonia/71/2014	who_collaborating_centre_for_reference_and_research_on_influenza	institut_pasteur_new_caledonia
A/Thailand/CU-H3680/2014	other_database_import	
A/England/50860034/2015	microbiology_services_colindale,_public_health_england	microbiology_services_colindale,_public_health_england
A/England/50140112/2014	microbiology_services_colindale,_public_health_england	microbiology_services_colindale,_public_health_england
A/Canberra/82/2014-egg	centers_for_disease_control_and_prevention	who_collaborating_centre_for_reference_and_research_on_influenza
A/Canberra/82/2014	who_collaborating_centre_for_reference_and_research_on_influenza	who_collaborating_centre_for_reference_and_research_on_influenza
A/Nagasaki/14N005/2014	niigata_university	
A/Nagasaki/14N010/2014	niigata_university	
A/Nagasaki/14N072/2015	niigata_university	
A/India/609/2015	centers_for_disease_control_and_prevention	national_institute_of_virology
A/Okinawa/14T007/2015	niigata_university	
A/Zambia/102/2015	centers_for_disease_control_and_prevention	university_teaching_hospital
A/Zambia/8/2015	centers_for_disease_control_and_prevention	university_teaching_hospital
A/Zambia/2/2015	centers_for_disease_control_and_prevention	university_teaching_hospital
A/Tennessee/15/2014	centers_for_disease_control_and_prevention	tennessee_department_of_health_laboratory_nashville
A/Kilifi/70/2016	kemri_wellcome_trust_research_programme_(kwtrp)	kemri_wellcome_trust_research_programme_cgmrc
A/Kilifi/79/2016	kemri_wellcome_trust_research_programme_(kwtrp)	kemri_wellcome_trust_research_programme_cgmrc
A/Kilifi/82/2016	kemri_wellcome_trust_research_programme_(kwtrp)	kemri_wellcome_trust_research_programme_cgmrc
A/Kilifi/101/2015	kemri_wellcome_trust_research_programme_(kwtrp)	kemri_wellcome_trust_research_programme_cgmrc
A/Kilifi/102/2015	kemri_wellcome_trust_research_programme_(kwtrp)	kemri_wellcome_trust_research_programme_cgmrc
A/Uganda/146/2016	centers_for_disease_control_and_prevention	uganda_virus_research_institute_(uvri),_national_influenza_center
A/Kilifi/114/2015	kemri_wellcome_trust_research_programme_(kwtrp)	kemri_wellcome_trust_research_programme_cgmrc
A/Vietnam/GS151050/2015	centers_for_disease_control_and_prevention	pasteur_institute,_influenza_laboratory
A/Vietnam/167/2015	centers_for_disease_control_and_prevention	national_institute_of_hygiene_and_epidemiology
A/Ningbo/78/2021	ningbo_international_travel_healthcare_center	ningbo_international_travel_healthcare_center
A/Ningbo/42/2021	ningbo_international_travel_healthcare_center	ningbo_international_travel_healthcare_center
A/Vietnam/149/2015	centers_for_disease_control_and_prevention	national_institute_of_hygiene_and_epidemiology
A/Vietnam/146/2015	centers_for_disease_control_and_prevention	national_institute_of_hygiene_and_epidemiology
A/Guam/3224/2015	centers_for_disease_control_and_prevention	state_of_hawaii_department_of_health
A/PassoFundo/LACENRS-1854/2015	other_database_import	
A/Ethiopia/1978/2016	centers_for_disease_control_and_prevention	ethiopian_public_health_institute,_national_influenza_laboratory
A/Bangladesh/911005/2015	centers_for_disease_control_and_prevention	institute_of_epidemiology_disease_control_and_research_(iedcr)_&_bangladesh_national_influenza_centre_(nic)
A/Bangladesh/5968/2015	centers_for_disease_control_and_prevention	institute_of_epidemiology_disease_control_and_research_(iedcr)_&_bangladesh_national_influenza_centre_(nic)
A/Bangladesh/13003/2015	centers_for_disease_control_and_prevention	institute_of_epidemiology_disease_control_and_research_(iedcr)_&_bangladesh_national_influenza_centre_(nic)
A/Bangladesh/8016/2015	centers_for_disease_control_and_prevention	institute_of_epidemiology_disease_control_and_research_(iedcr)_&_bangladesh_national_influenza_centre_(nic)
A/Bangladesh/110005/2015	centers_for_disease_control_and_prevention	institute_of_epidemiology_disease_control_and_research_(iedcr)_&_bangladesh_national_influenza_centre_(nic)
A/Bangladesh/1005/2015	centers_for_disease_control_and_prevention	institute_of_epidemiology_disease_control_and_research_(iedcr)_&_bangladesh_national_influenza_centre_(nic)
A/Bangladesh/912015/2015	centers_for_disease_control_and_prevention	institute_of_epidemiology_disease_control_and_research_(iedcr)_&_bangladesh_national_influenza_centre_(nic)
A/Bangladesh/910011/2015	centers_for_disease_control_and_prevention	institute_of_epidemiology_disease_control_and_research_(iedcr)_&_bangladesh_national_influenza_centre_(nic)
A/Gunma/14G004/2015	niigata_university	
A/NewYork/PV00078/2017	icahn_school_of_medicine_at_mount_sinai	icahn_school_of_medicine_at_mount_sinai
A/NewYork/27/2017	other_database_import	new_york_state_department_of_health
A/Baltimore/295/2017	other_database_import	
A/Texas/71/2017-egg	centers_for_disease_control_and_prevention	san_antonio_metropolitan_health
A/Texas/71/2017	centers_for_disease_control_and_prevention	san_antonio_metropolitan_health
A/Colombia/6639/2017	centers_for_disease_control_and_prevention	instituto_nacional_de_salud_de_columbia
A/Colombia/5133/2017	centers_for_disease_control_and_prevention	instituto_nacional_de_salud_de_columbia
A/Kenya/112/2019	centers_for_disease_control_and_prevention	cdc_kenya
A/Kenya/157/2018	centers_for_disease_control_and_prevention	cdc_kenya
A/Kenya/160/2018	centers_for_disease_control_and_prevention	cdc_kenya
A/Minnesota/1/2018	centers_for_disease_control_and_prevention	minnesota_department_of_health
A/Michigan/332/2018	centers_for_disease_control_and_prevention	university_of_michigan_sph_epid
A/Minnesota/1/2018-egg	centers_for_disease_control_and_prevention	minnesota_department_of_health
A/HongKong/7127/2014	centers_for_disease_control_and_prevention	government_virus_unit
A/SouthAfrica/4069/2016	centers_for_disease_control_and_prevention	national_institute_for_communicable_disease
A/NewZealand/562/2015	centers_for_disease_control_and_prevention	institute_of_environmental_science_&_research
A/RioGrandeDoNorte/135219-IEC/2015	centers_for_disease_control_and_prevention	national_influenza_center
A/Sassari/8/2015	centers_for_disease_control_and_prevention	crick_worldwide_influenza_centre
A/Sweden/77/2014	swedish_institute_for_infectious_disease_control	
A/Indiana/14/2015	centers_for_disease_control_and_prevention	indiana_state_department_of_health_laboratories
A/Singapore/KK943/2014-egg	centers_for_disease_control_and_prevention	who_collaborating_centre_for_reference_and_research_on_influenza
A/Canada/2A/2014	other_database_import	
A/Arizona/21/2015	centers_for_disease_control_and_prevention	arizona_department_of_health_services
A/Alaska/188/2015	centers_for_disease_control_and_prevention	alaska_state_virology_lab
A/Florida/64/2015	centers_for_disease_control_and_prevention	florida_department_of_health_tampa
A/Lao/SA380/2015	national_institute_of_infectious_diseases_(niid)	ministry_of_health_laos
A/Texas/105/2014	centers_for_disease_control_and_prevention	baylor_college_of_medicine
A/England/51200124/2015	microbiology_services_colindale,_public_health_england	microbiology_services_colindale,_public_health_england
A/HongKong/7615/2014	centers_for_disease_control_and_prevention	government_virus_unit
A/NewZealand/381/2015	centers_for_disease_control_and_prevention	institute_of_environmental_science_&_research
A/Colombia/5438/2015	centers_for_disease_control_and_prevention	instituto_nacional_de_salud_de_columbia
A/Mie/21/2015	centers_for_disease_control_and_prevention	national_institute_of_infectious_diseases_(niid)
A/Taiwan/1066/2015	centers_for_disease_control_and_prevention	adimmune_corporation
A/Fiji/16/2015	who_collaborating_centre_for_reference_and_research_on_influenza	national_centre_for_scientific_services_for_virology__and_vector_borne_diseases
A/Scotland/4/2014	nhs_greater_glasgow_and_clyde	nhs_greater_glasgow_and_clyde
A/Acre/135356-IEC/2015	centers_for_disease_control_and_prevention	national_influenza_center
A/Chanthaburi/133/2015	centers_for_disease_control_and_prevention	who_national_influenza_centre,_national_institute_of_medical_research_(nimr)
A/Vietnam/111/2015	centers_for_disease_control_and_prevention	national_institute_of_hygiene_and_epidemiology
A/HongKong/11742/2015	centers_for_disease_control_and_prevention	government_virus_unit
A/Alaska/240/2015-egg	centers_for_disease_control_and_prevention	alaska_state_virology_lab
A/Alaska/240/2015	centers_for_disease_control_and_prevention	alaska_state_virology_lab
A/NewZealand/431/2015	centers_for_disease_control_and_prevention	institute_of_environmental_science_&_research
A/NewZealand/383/2015	centers_for_disease_control_and_prevention	institute_of_environmental_science_&_research
A/SaudiArabia/31/2015	other_database_import	
A/NewZealand/476/2015	centers_for_disease_control_and_prevention	institute_of_environmental_science_&_research
A/NewZealand/536/2015	centers_for_disease_control_and_prevention	institute_of_environmental_science_&_research
A/BurkinaFaso/87/2015	centers_for_disease_control_and_prevention	irss
A/NewZealand/519/2015	centers_for_disease_control_and_prevention	institute_of_environmental_science_&_research
A/Colombia/5615/2015	centers_for_disease_control_and_prevention	instituto_nacional_de_salud_de_columbia
A/Ishikawa/84/2016	national_institute_of_infectious_diseases_(niid)	ishikawa_prefectural_institute_of_public_health_and_environmental_science
A/Gangwon/1602/2015	centers_for_disease_control_and_prevention	national_institute_of_health
A/Ecuador/1673/2015	centers_for_disease_control_and_prevention	inspi
A/Peru/5116/2016	centers_for_disease_control_and_prevention	us_namru_6
A/Texas/30/2015	centers_for_disease_control_and_prevention	texas_department_of_state_health_services_laboratory_services
A/Miyagi/12/2015	national_institute_of_infectious_diseases_(niid)	miyagi_prefectural_institute_of_public_health_and_environment
A/Aomori/3/2015	national_institute_of_infectious_diseases_(niid)	aomori_prefectural_institute_of_public_health_and_environment
A/Tanzania/613/2014	centers_for_disease_control_and_prevention	national_influenza_lab
A/England/507/2014	microbiology_services_colindale,_public_health_england	microbiology_services_colindale,_public_health_england
A/England/50260150/2015	microbiology_services_colindale,_public_health_england	microbiology_services_colindale,_public_health_england
A/Kanagawa/36/2015	national_institute_of_infectious_diseases_(niid)	kanagawa_prefectural_institute_of_public_health
A/Scotland/147/2015	nhs_greater_glasgow_and_clyde	nhs_greater_glasgow_and_clyde
A/England/50100055/2014	microbiology_services_colindale,_public_health_england	microbiology_services_colindale,_public_health_england
A/England/43960141/2014	microbiology_services_colindale,_public_health_england	microbiology_services_colindale,_public_health_england
A/England/50/2015	microbiology_services_colindale,_public_health_england	microbiology_services_colindale,_public_health_england
A/Louisiana/6/2014	centers_for_disease_control_and_prevention	louisiana_department_of_health_and_hospitals
A/Scotland/104/2014	nhs_greater_glasgow_and_clyde	nhs_greater_glasgow_and_clyde
A/Scotland/125/2015	nhs_greater_glasgow_and_clyde	nhs_greater_glasgow_and_clyde
A/England/50140078/2014	microbiology_services_colindale,_public_health_england	microbiology_services_colindale,_public_health_england
A/England/44920021/2014	microbiology_services_colindale,_public_health_england	microbiology_services_colindale,_public_health_england
A/England/45060041/2014	microbiology_services_colindale,_public_health_england	microbiology_services_colindale,_public_health_england
A/England/45200047/2014	microbiology_services_colindale,_public_health_england	microbiology_services_colindale,_public_health_england
A/Scotland/62/2015	nhs_greater_glasgow_and_clyde	nhs_greater_glasgow_and_clyde
A/England/45180214/2014	microbiology_services_colindale,_public_health_england	microbiology_services_colindale,_public_health_england
A/HongKong/7620/2014	centers_for_disease_control_and_prevention	government_virus_unit
A/Oregon/20/2015	centers_for_disease_control_and_prevention	oregon_public_health_laboratory
A/Alaska/192/2015	centers_for_disease_control_and_prevention	alaska_state_virology_lab
A/Brisbane/47/2015-egg	centers_for_disease_control_and_prevention	queensland_health_scientific_services
A/HongKong/7617/2014	centers_for_disease_control_and_prevention	government_virus_unit
A/Canada/10A/2014	other_database_import	
A/Tokyo/41945/2015	national_institute_of_infectious_diseases_(niid)	tokyo_metropolitan_institute_of_public_health
A/Santiago/44139/2015	centers_for_disease_control_and_prevention	instituto_de_salud_publica_de_chile_
A/Ecuador/1668/2015	centers_for_disease_control_and_prevention	inspi
A/NewZealand/282/2015	centers_for_disease_control_and_prevention	institute_of_environmental_science_&_research
A/NewZealand/323/2015	centers_for_disease_control_and_prevention	institute_of_environmental_science_&_research
A/England/334/2015	microbiology_services_colindale,_public_health_england	microbiology_services_colindale,_public_health_england
A/Victoria/503/2015-egg	centers_for_disease_control_and_prevention	monash_medical_centre
A/Mali/198CH/2015	centers_for_disease_control_and_prevention	nic_lab_cvd_mali
A/PuertoRico/23/2015	centers_for_disease_control_and_prevention	puerto_rico_department_of_health
A/NewZealand/322/2015	centers_for_disease_control_and_prevention	institute_of_environmental_science_&_research
A/NewZealand/686/2015	centers_for_disease_control_and_prevention	institute_of_environmental_science_&_research
A/Acre/134806-IEC/2015	centers_for_disease_control_and_prevention	national_influenza_center
A/Sweden/14/2015	swedish_institute_for_infectious_disease_control	
A/NewZealand/385/2015	centers_for_disease_control_and_prevention	institute_of_environmental_science_&_research
A/Taiwan/1051/2015	centers_for_disease_control_and_prevention	adimmune_corporation
A/Taiwan/1063/2015	centers_for_disease_control_and_prevention	adimmune_corporation
A/Jiangxi-Donghu/1218/2015	centers_for_disease_control_and_prevention	who_chinese_national_influenza_center
A/Florida/86/2015	centers_for_disease_control_and_prevention	florida_department_of_health_tampa
A/Stockholm/54/2015	swedish_institute_for_infectious_disease_control	swedish_institute_for_infectious_disease_control
A/Taipei/11/2015	other_database_import	
A/Taiwan/1091/2015	national_institute_of_infectious_diseases_(niid)	center_for_disease_control
A/Vietnam/172/2015	centers_for_disease_control_and_prevention	national_institute_of_hygiene_and_epidemiology
A/Nonthaburi/128/2015	centers_for_disease_control_and_prevention	who_national_influenza_centre,_national_institute_of_medical_research_(nimr)
A/Seoul/1595/2015	centers_for_disease_control_and_prevention	national_institute_of_health
A/HongKong/2298/2016	centers_for_disease_control_and_prevention	government_virus_unit
A/Gifu/33/2016	national_institute_of_infectious_diseases_(niid)	gifu_prefectural_institute_of_health_and_environmental_sciences
A/Ningbo/2/2021	ningbo_international_travel_healthcare_center	ningbo_international_travel_healthcare_center
A/Kanagawa/AC1634/2017	national_institute_of_infectious_diseases_(niid)	national_institute_of_infectious_diseases_(niid)
A/Bangladesh/1002002/2015	centers_for_disease_control_and_prevention	institute_of_epidemiology_disease_control_and_research_(iedcr)_&_bangladesh_national_influenza_centre_(nic)
A/Bangladesh/5012/2015	centers_for_disease_control_and_prevention	institute_of_epidemiology_disease_control_and_research_(iedcr)_&_bangladesh_national_influenza_centre_(nic)
A/Sweden/45/2015	swedish_institute_for_infectious_disease_control	
A/Michigan/38/2015	centers_for_disease_control_and_prevention	michigan_department_of_community_health
A/HongKong/11709/2015	centers_for_disease_control_and_prevention	government_virus_unit
A/Taiwan/1067/2015	centers_for_disease_control_and_prevention	adimmune_corporation
A/Hunan-Wuling/11088/2015	centers_for_disease_control_and_prevention	who_chinese_national_influenza_center
A/Yunnan-Wenshan/1893/2015	centers_for_disease_control_and_prevention	who_chinese_national_influenza_center
A/Vietnam/154/2015	centers_for_disease_control_and_prevention	national_institute_of_hygiene_and_epidemiology
A/Missouri/2/2016	centers_for_disease_control_and_prevention	missouri_department._of_health_&_senior_services
A/India/1460/2016	centers_for_disease_control_and_prevention	national_institute_of_virology
A/SriLanka/61/2015-egg	centers_for_disease_control_and_prevention	medical_research_institute
A/SriLanka/61/2015	who_collaborating_centre_for_reference_and_research_on_influenza	medical_research_institute
A/Fiji/47/2016	who_collaborating_centre_for_reference_and_research_on_influenza	national_centre_for_scientific_services_for_virology__and_vector_borne_diseases
A/Fiji/60/2016-egg	centers_for_disease_control_and_prevention	national_centre_for_scientific_services_for_virology__and_vector_borne_diseases
A/Fiji/60/2016	who_collaborating_centre_for_reference_and_research_on_influenza	national_centre_for_scientific_services_for_virology__and_vector_borne_diseases
A/Talca/14380/2016	centers_for_disease_control_and_prevention	instituto_de_salud_publica_de_chile_
A/Lund/2/2016	swedish_institute_for_infectious_disease_control	
A/Lao/1023/2015	centers_for_disease_control_and_prevention	national_center_for_laboratory_and_epidemiology
A/HongKong/50/2016-egg	centers_for_disease_control_and_prevention	government_virus_unit
A/SouthAfrica/2843/2016	centers_for_disease_control_and_prevention	national_institute_for_communicable_disease
A/SouthAfrica/R6210/2017	national_institute_of_communicable_diseases	national_institute_for_communcable_diseases
A/Bangladesh/1005009/2015	centers_for_disease_control_and_prevention	institute_of_epidemiology_disease_control_and_research_(iedcr)_&_bangladesh_national_influenza_centre_(nic)
A/Mali/120CS/2015	centers_for_disease_control_and_prevention	nic_lab_cvd_mali
A/Mali/107CS/2015	centers_for_disease_control_and_prevention	nic_lab_cvd_mali
A/HongKong/15590/2015	centers_for_disease_control_and_prevention	government_virus_unit
A/HongKong/15611/2015	centers_for_disease_control_and_prevention	government_virus_unit
A/Kazakhstan/11/2016	centers_for_disease_control_and_prevention	csee
A/England/54920004/2015	microbiology_services_colindale,_public_health_england	microbiology_services_colindale,_public_health_england
A/Singapore/INFTT-16-0083/2016	ministry_of_health,_singapore	ministry_of_health,_singapore
A/Kumamoto/32/2015	national_institute_of_infectious_diseases_(niid)	kumamoto_prefectural_institute_of_public_health_and_environmental_science
A/Vietnam/6018/2016	centers_for_disease_control_and_prevention	national_institute_of_hygiene_and_epidemiology
A/Wakayama-C/120/2016	national_institute_of_infectious_diseases_(niid)	wakayama_city_institute_of_public_health
A/SouthAustralia/135/2016-egg	centers_for_disease_control_and_prevention	institute_of_medical_and_veterinary_science_(imvs)
A/SouthAustralia/135/2016	centers_for_disease_control_and_prevention	institute_of_medical_and_veterinary_science_(imvs)
A/Singapore/INFKK-16-0498/2016	ministry_of_health,_singapore	ministry_of_health,_singapore
A/Brisbane/108/2016	who_collaborating_centre_for_reference_and_research_on_influenza	queensland_health_forensic_and_scientific_services_
A/Mie/25/2016	national_institute_of_infectious_diseases_(niid)	mie_prefecture_health_and_environment_research_institute
A/Bangladesh/4001/2016	centers_for_disease_control_and_prevention	institute_of_epidemiology_disease_control_and_research_(iedcr)_&_bangladesh_national_influenza_centre_(nic)
A/Michigan/103/2016	centers_for_disease_control_and_prevention	michigan_department_of_community_health
A/Nicaragua/869411/2016	centers_for_disease_control_and_prevention	laboratorio_de_virologia,_direccion_de_microbiologia
A/Texas/197/2016	other_database_import	texas_department_of_state_health_services_laboratory_services
A/Mauritius/CHL-1191/2017	ministry_of_health_and_wellness,_mauritius	national_influenza_centre,_department_of_molecular_biology_and_virology
A/Lao/F3572/2016	national_institute_of_infectious_diseases_(niid)	ministry_of_health_laos
A/Kanagawa/IC1625/2017	national_institute_of_infectious_diseases_(niid)	national_institute_of_infectious_diseases_(niid)
A/Kanagawa/AC1608/2016	national_institute_of_infectious_diseases_(niid)	national_institute_of_infectious_diseases_(niid)
A/SakonNakhon/282/2017	centers_for_disease_control_and_prevention	who_national_influenza_centre,_national_institute_of_medical_research_(nimr)
A/Sukhothai/99/2017	centers_for_disease_control_and_prevention	who_national_influenza_centre,_national_institute_of_medical_research_(nimr)
A/Lao/3526/2017	centers_for_disease_control_and_prevention	national_center_for_laboratory_and_epidemiology
A/Mukdahan/197/2017	centers_for_disease_control_and_prevention	who_national_influenza_centre,_national_institute_of_medical_research_(nimr)
A/Trang/87/2017	centers_for_disease_control_and_prevention	who_national_influenza_centre,_national_institute_of_medical_research_(nimr)
A/Shanghai-Pudongxin/11809/2015	centers_for_disease_control_and_prevention	who_chinese_national_influenza_center
A/Saitama-C/12/2015	national_institute_of_infectious_diseases_(niid)	saitama_city_institute_of_health__science_and_research
A/Brisbane/133/2016	who_collaborating_centre_for_reference_and_research_on_influenza	queensland_health_forensic_and_scientific_services_
A/Chiba-C/86/2016	national_institute_of_infectious_diseases_(niid)	chiba_city_institute_of_health_and_environment
A/Singapore/Infimh-16-0019/2016-egg	st._jude_children's_research_hospital	erasmus_medical_center
A/Singapore/Infimh-16-0019/2016	centers_for_disease_control_and_prevention	erasmus_medical_center
A/Singapore/INFIMH-16-0020/2016	ministry_of_health,_singapore	ministry_of_health,_singapore
A/Tanzania/673/2016	centers_for_disease_control_and_prevention	national_influenza_lab
A/Rwanda/526/2016	centers_for_disease_control_and_prevention	rwanda_biomedical_center,_national_reference_laboratory
A/Rwanda/535/2016	centers_for_disease_control_and_prevention	rwanda_biomedical_center,_national_reference_laboratory
A/England/70280069/2017	microbiology_services_colindale,_public_health_england	microbiology_services_colindale,_public_health_england
A/Ningbo/44/2021	ningbo_international_travel_healthcare_center	ningbo_international_travel_healthcare_center
A/Pennsylvania/170/2017	centers_for_disease_control_and_prevention	children's_hospital_of_pittsburgh_upmc
A/Singapore/INFGP-16-0739/2016	ministry_of_health,_singapore	ministry_of_health,_singapore
A/India/8359/2016	centers_for_disease_control_and_prevention	national_institute_of_virology
A/Simpheropol/RII837S/2016	who_national_influenza_centre_russian_federation	
A/Mozambique/415/2016	centers_for_disease_control_and_prevention	laboratório_de_isolamento_viral
A/Taiwan/910/2016	national_institute_of_infectious_diseases_(niid)	center_for_disease_control
A/Singapore/Inftt-16-0612/2016-egg	centers_for_disease_control_and_prevention	who_collaborating_centre_for_reference_and_research_on_influenza
A/Singapore/INFTT-16-0612/2016	ministry_of_health,_singapore	ministry_of_health,_singapore
A/NovgorogVelikiy/66/2017	centers_for_disease_control_and_prevention	ivanovsky_research_institute_of_virology_rams
A/Singapore/KK0086/2017	ministry_of_health,_singapore	ministry_of_health,_singapore
A/England/65100002/2016	microbiology_services_colindale,_public_health_england	microbiology_services_colindale,_public_health_england
A/Novosibirsk/D1/2016	state_research_center_of_virology_and_biotechnology_(vector)	
A/Kanagawa/IC1632/2017	national_institute_of_infectious_diseases_(niid)	national_institute_of_infectious_diseases_(niid)
A/HongKong/2302/2016	centers_for_disease_control_and_prevention	government_virus_unit
A/Uruguay/89/2017	centers_for_disease_control_and_prevention	departamento_de_laboratorio_de_salud_publica
A/Dnipro/716/2016	centers_for_disease_control_and_prevention	institute_of_epidemiology_and_infectious_diseases_ams_of_ukraine
A/Taiwan/848/2016	centers_for_disease_control_and_prevention	adimmune_corporation
A/Michigan/UOMMH15012/2017	university_of_michigan	university_of_michigan_clinical_microbiology_laboratory
A/Norway/4465/2016-egg	centers_for_disease_control_and_prevention	stavanger_universitetssykehus,_avd._for_medisinsk_mikrobiologi
A/Brisbane/318/2016-egg	who_collaborating_centre_for_reference_and_research_on_influenza	queensland_health_scientific_services
A/Brisbane/321/2016-egg	centers_for_disease_control_and_prevention	queensland_health_scientific_services
A/Kanagawa/IC1610/2017-egg	np	seasonal_h3n2
A/Kanagawa/IC1610/2017	national_institute_of_infectious_diseases_(niid)	national_institute_of_infectious_diseases_(niid)
A/Taiwan/1096/2016	centers_for_disease_control_and_prevention	adimmune_corporation
A/Massachusetts/43/2016	centers_for_disease_control_and_prevention	massachusetts_department_of_public_health
A/Washington/16/2017	centers_for_disease_control_and_prevention	washington_state_public_health_laboratory
A/Tochigi/18102/2018	national_institute_of_infectious_diseases_(niid)	tochigi_prefectural_institute_of_public_health_and_environmental_science
A/Ningbo/52/2021	ningbo_international_travel_healthcare_center	ningbo_international_travel_healthcare_center
A/Taiwan/458/2017	national_institute_of_infectious_diseases_(niid)	center_for_disease_control
A/Timor-Leste/1/2017	who_collaborating_centre_for_reference_and_research_on_influenza	laboratório_nacional_da_saúde
A/Kanagawa/IC1618/2017	national_institute_of_infectious_diseases_(niid)	national_institute_of_infectious_diseases_(niid)
A/Wisconsin/19/2017-egg	centers_for_disease_control_and_prevention	wisconsin_state_laboratory_of_hygiene
A/Wisconsin/19/2017	centers_for_disease_control_and_prevention	wisconsin_state_laboratory_of_hygiene
A/Washington/16/2017-egg	centers_for_disease_control_and_prevention	washington_state_public_health_laboratory
A/Fukushima/28/2016	national_institute_of_infectious_diseases_(niid)	fukushima_prefectural_institute_of_public_health
A/Saitama/58/2016	national_institute_of_infectious_diseases_(niid)	saitama_institute_of_public_health
A/Dnipro/769/2016	centers_for_disease_control_and_prevention	institute_of_epidemiology_and_infectious_diseases_ams_of_ukraine
A/Fukushima/74/2016	national_institute_of_infectious_diseases_(niid)	fukushima_prefectural_institute_of_public_health
A/Dnipro/579/2016	centers_for_disease_control_and_prevention	institute_of_epidemiology_and_infectious_diseases_ams_of_ukraine
A/Oman/5474/2016	centers_for_disease_control_and_prevention	central_public_health_laboratory,_ministry_of_health
A/Singapore/GP2636/2016	ministry_of_health,_singapore	
A/Tanzania/2231/2016	centers_for_disease_control_and_prevention	national_influenza_lab
A/Desgenettes/2434/2016	cnr_des_virus_influenza_r?gion_sud_france	crr_virus_influenza_region_sud
A/Norway/3806/2016-egg	centers_for_disease_control_and_prevention	mikrobiologisk_laboratorium,_sykehuset_i_vestfold
A/NewZealand/1184/2016	centers_for_disease_control_and_prevention	institute_of_environmental_science_&_research
A/SouthAfrica/5232/2016	centers_for_disease_control_and_prevention	national_institute_for_communicable_disease
A/Washington/260/2017	centers_for_disease_control_and_prevention	marshfield_clinic_research_foundation
A/Oregon/22/2016	centers_for_disease_control_and_prevention	oregon_public_health_laboratory
A/Colorado/43/2016	centers_for_disease_control_and_prevention	colorado_department_of_health_lab
A/Ohio/2/2017	centers_for_disease_control_and_prevention	ohio_department_of_health_laboratories
A/Idaho/37/2016	centers_for_disease_control_and_prevention	state_of_idaho_bureau_of_laboratories
A/Albania/7088/2016	centers_for_disease_control_and_prevention	institute_of_public_health
A/Bulgaria/1247/2016	centers_for_disease_control_and_prevention	national_influenza_laboratory,_natl._center_of_inf._&_parasitic_dis
A/Kazakhstan/6289/2016	centers_for_disease_control_and_prevention	cdc_central_asia_office
A/Idaho/37/2016-egg	centers_for_disease_control_and_prevention	state_of_idaho_bureau_of_laboratories
A/NizhnyTagil/RII322S/2016	who_national_influenza_centre_russian_federation	
A/England/65240070/2016	microbiology_services_colindale,_public_health_england	microbiology_services_colindale,_public_health_england
A/Basel/USB0026385/2017	import_from_public_domain	
A/Basel/USB0033455/2016	import_from_public_domain	
A/Pskov/RII739S/2016	who_national_influenza_centre_russian_federation	
A/Basel/USB0028455/2017	import_from_public_domain	
A/Kyiv/951/2016	centers_for_disease_control_and_prevention	institute_of_epidemiology_and_infectious_diseases_ams_of_ukraine
A/Stockholm/21/2017	public_health_agency_of_sweden	
A/SouthAfrica/R05675/2017	centers_for_disease_control_and_prevention	national_institute_for_communicable_disease
A/Bolivia/884/2017	centers_for_disease_control_and_prevention	cenetrop
A/Peru/6917/2017	centers_for_disease_control_and_prevention	us_namru_6
A/Kalamata/540/2017-egg	centers_for_disease_control_and_prevention	hellenic_pasteur_institute
A/Greece/35/2017-egg	st._jude_children's_research_hospital	aristotelian_university_of_thessaloniki
A/Uruguay/108/2017	centers_for_disease_control_and_prevention	departamento_de_laboratorio_de_salud_publica
A/Congo/7/2018	centers_for_disease_control_and_prevention	inrb_service_de_virologie
A/Greece/4/2017-egg	centers_for_disease_control_and_prevention	aristotelian_university_of_thessaloniki
A/Congo/467/2017	centers_for_disease_control_and_prevention	inrb_service_de_virologie
A/Congo/452/2017	centers_for_disease_control_and_prevention	inrb_service_de_virologie
A/Congo/428/2017	centers_for_disease_control_and_prevention	inrb_service_de_virologie
A/Michigan/UOM150524133732/2018	marshfield_clinic_research_institute	university_of_michigan_clinical_microbiology_laboratory
A/Switzerland/8060/2017-egg	st._jude_children's_research_hospital	hopital_cantonal_universitaire_de_geneves
A/Switzerland/8060/2017	centers_for_disease_control_and_prevention	hopital_cantonal_universitaire_de_geneves
A/Washington/334/2017	centers_for_disease_control_and_prevention	marshfield_clinic_research_foundation
A/Carmarthen/5313/2017	public_health_wales_microbiology	public_health_wales_microbiology
A/Carmarthen/5184/2017	public_health_wales_microbiology	
A/Brazil/8711/2017	centers_for_disease_control_and_prevention	instituto_adolfo_lutz
A/Bolivia/51/2019	centers_for_disease_control_and_prevention	instituto_nacional_de_laboratoriosde_salud_(inlasa)
A/Bolivia/237/2019	centers_for_disease_control_and_prevention	instituto_nacional_de_laboratoriosde_salud_(inlasa)
A/Noyabrsk/RII-4717S/2019	who_national_influenza_centre_russian_federation	center_of_hygiene_and_epidemiology_in_yamalo_nenets_autonomous_okrug
A/Tasmania/4/2017	who_collaborating_centre_for_reference_and_research_on_influenza	royal_hobart_hospital
A/Brisbane/1076/2017	who_collaborating_centre_for_reference_and_research_on_influenza	institute_of_medical_and_veterinary_science_(imvs)
A/Victoria/1037/2017	who_collaborating_centre_for_reference_and_research_on_influenza	institute_of_medical_and_veterinary_science_(imvs)
A/Townsville/1012/2017	who_collaborating_centre_for_reference_and_research_on_influenza	institute_of_medical_and_veterinary_science_(imvs)
A/StPetersburg/RII-449S/2018	who_national_influenza_centre_russian_federation	
A/StPetersburg/RII-774S/2018	who_national_influenza_centre_russian_federation	
A/Argentina/768/2017	centers_for_disease_control_and_prevention	instituto_nacional_de_enfermedades_infecciosas
A/Stockholm/57/2017	public_health_agency_of_sweden	public_health_agency_of_sweden
A/Dnipro/416/2018	centers_for_disease_control_and_prevention	institute_of_epidemiology_and_infectious_diseases_ams_of_ukraine
A/England/80780396/2018	microbiology_services_colindale,_public_health_england	microbiology_services_colindale,_public_health_england
A/Santiago/7338/2018	instituto_de_salud_publica_de_chile	instituto_de_salud_publica_de_chile_
A/Connecticut/25/2018-egg	centers_for_disease_control_and_prevention	connecticut_department._of_public_health
A/Connecticut/25/2018	centers_for_disease_control_and_prevention	connecticut_department._of_public_health
A/Sweden/8/2018	public_health_agency_of_sweden	public_health_agency_of_sweden
A/Maine/21/2017	other_database_import	maine_health_and_environmental_testing_laboratory
A/Brisbane/43/2018-egg	centers_for_disease_control_and_prevention	queensland_health_scientific_services
A/Michigan/UOMHS3852/2018	university_of_michigan	university_of_michigan_sph_epid
A/Missouri/43/2017	centers_for_disease_control_and_prevention	missouri_department._of_health_&_senior_services
A/Kazakhstan/38/2018	centers_for_disease_control_and_prevention	csee
A/Michigan/156/2018	centers_for_disease_control_and_prevention	university_of_michigan_sph_epid
A/Santiago/152/2018	instituto_de_salud_publica_de_chile	instituto_de_salud_publica_de_chile_
A/Michigan/320/2018	centers_for_disease_control_and_prevention	university_of_michigan_sph_epid
A/Bolivia/703/2018	centers_for_disease_control_and_prevention	cenetrop
A/Caernarfon/8500/2018	public_health_wales_microbiology	public_health_wales_microbiology
A/Guyane/529/2018	centers_for_disease_control_and_prevention	national_influenza_center_french_guiana_and_french_indies
A/Bretagne/1565/2017-egg	centers_for_disease_control_and_prevention	institut_pasteur
A/Bretagne/1565/2017	institut_pasteur	institut_pasteur
A/Bretagne/1902/2017	institut_pasteur	
A/Temuco/79796/2018	instituto_de_salud_publica_de_chile	instituto_de_salud_publica_de_chile
A/HongKong/4946/2017-egg	centers_for_disease_control_and_prevention	government_virus_unit
A/Michigan/155/2018	centers_for_disease_control_and_prevention	university_of_michigan_sph_epid
A/Brisbane/190/2017-egg	centers_for_disease_control_and_prevention	queensland_health_scientific_services
A/Nagano/2283/2018	national_institute_of_infectious_diseases_(niid)	nagano_environmental_conservation_research_institute
A/England/80880493/2018	microbiology_services_colindale,_public_health_england	microbiology_services_colindale,_public_health_england
A/Kentucky/20/2018	centers_for_disease_control_and_prevention	kentucky_division_of_laboratory_services
A/Victoria/747/2018	who_collaborating_centre_for_reference_and_research_on_influenza	monash_medical_centre
A/SouthAustralia/177/2018	who_collaborating_centre_for_reference_and_research_on_influenza	institute_of_medical_and_veterinary_science_(imvs)
A/SouthAustralia/179/2018	who_collaborating_centre_for_reference_and_research_on_influenza	institute_of_medical_and_veterinary_science_(imvs)
A/StClears/2727/2018	public_health_wales_microbiology	public_health_wales_microbiology
A/StPetersburg/RII-4213S/2018	who_national_influenza_centre_russian_federation	
A/Luga/RII-3956S/2018	who_national_influenza_centre_russian_federation	
A/Aberdare/4682/2018	public_health_wales_microbiology	public_health_wales_microbiology
A/Abertillery/1971/2018	public_health_wales_microbiology	public_health_wales_microbiology
A/Treorchy/3132/2018	public_health_wales_microbiology	public_health_wales_microbiology
A/Iowa/31/2017	centers_for_disease_control_and_prevention	iowa_state_hygienic_laboratory
A/Dijon/1726/2018	institut_pasteur	
A/Tywyn/6254/2018	public_health_wales_microbiology	public_health_wales_microbiology
A/England/80440611/2018	microbiology_services_colindale,_public_health_england	microbiology_services_colindale,_public_health_england
A/England/75060552/2017	microbiology_services_colindale,_public_health_england	microbiology_services_colindale,_public_health_england
A/Halmstad/3/2017	public_health_agency_of_sweden	
A/Abertillery/5073/2018	public_health_wales_microbiology	public_health_wales_microbiology
A/NorthCarolina/33/2018	centers_for_disease_control_and_prevention	new_york_state_department_of_health
A/England/80560656/2018	microbiology_services_colindale,_public_health_england	microbiology_services_colindale,_public_health_england
A/England/120/2017	microbiology_services_colindale,_public_health_england	microbiology_services_colindale,_public_health_england
A/Newquay/5831/2018	public_health_wales_microbiology	public_health_wales_microbiology
A/Philippines/464/2018	centers_for_disease_control_and_prevention	center_for_medical_microbiology
A/Illinois/9/2018	centers_for_disease_control_and_prevention	indiana_state_department_of_health_laboratories
A/Nagano/2531/2018	centers_for_disease_control_and_prevention	nagano_environmental_conservation_research_institute
A/Preston/7107/2018	public_health_wales_microbiology	public_health_wales_microbiology
A/Asaka/6/2018	saitama_medical_university	saitama_medical_university
A/Aberdare/1604/2018	public_health_wales_microbiology	public_health_wales_microbiology
A/Argentina/37/2018	centers_for_disease_control_and_prevention	instituto_nacional_de_enfermedades_infecciosas
A/Taiwan/81051/2018	centers_for_disease_control_and_prevention	adimmune_corporation
A/Kanagawa/IC1718/2018-egg	centers_for_disease_control_and_prevention	national_institute_of_infectious_diseases_(niid)
A/Kanagawa/IC1734/2018-egg	np	seasonal_h3n2
A/Singapore/KK0259/2018-egg	centers_for_disease_control_and_prevention	ministry_of_health,_singapore
A/Kanagawa/IC1739/2018-egg	np	seasonal_h3n2
A/ChiangMai/202/2018	centers_for_disease_control_and_prevention	who_national_influenza_centre,_national_institute_of_medical_research_(nimr)
A/Kentucky/23/2018	centers_for_disease_control_and_prevention	kentucky_division_of_laboratory_services
A/Iquique/48545/2018	instituto_de_salud_publica_de_chile	instituto_de_salud_publica_de_chile_
A/Kanagawa/IC1745/2018-egg	centers_for_disease_control_and_prevention	national_institute_of_infectious_diseases_(niid)
A/Kanagawa/IC1745/2018	national_institute_of_infectious_diseases_(niid)	national_institute_of_infectious_diseases_(niid)
A/Osaka/90/2018	national_institute_of_infectious_diseases_(niid)	osaka_prefectural_institute_of_public_health
A/Yamagata/182/2018	national_institute_of_infectious_diseases_(niid)	yamagata_prefectural_institute_of_public_health
A/Pennsylvania/7/2018	centers_for_disease_control_and_prevention	children's_hospital_of_pittsburgh_upmc
A/Yokohama/85/2018	national_institute_of_infectious_diseases_(niid)	yokohama_city_institute_of_public_health.
A/Belgium/G0122/2018	scientific_institute_of_public_health_(wiv_isp)	sciensano_(scientific_institute_of_public_health)
A/Sydney/1038/2018	who_collaborating_centre_for_reference_and_research_on_influenza	institute_of_medical_and_veterinary_science_(imvs)
A/Kanagawa/AC1704/2017-egg	np	seasonal_h3n2
A/Nebraska/1/2018	centers_for_disease_control_and_prevention	nebraska_public_health_lab
A/Lao/588/2019	centers_for_disease_control_and_prevention	national_center_for_laboratory_and_epidemiology
A/SouthAustralia/189/2018	who_collaborating_centre_for_reference_and_research_on_influenza	institute_of_medical_and_veterinary_science_(imvs)
A/Nagano-C/43/2018	national_institute_of_infectious_diseases_(niid)	nagano_city_health_center
A/Taiwan/79429/2018	national_institute_of_infectious_diseases_(niid)	center_for_disease_control
A/Taiwan/95714/2018	centers_for_disease_control_and_prevention	adimmune_corporation
A/Texas/106/2018	centers_for_disease_control_and_prevention	baylor_scott_and_white_health
A/Dijon/1020/2018	institut_pasteur	
A/Kobe/441/2018	national_institute_of_infectious_diseases_(niid)	kobe_institute_of_health
A/Taiwan/79723/2018	centers_for_disease_control_and_prevention	adimmune_corporation
A/Taiwan/79440/2018	centers_for_disease_control_and_prevention	adimmune_corporation
A/Taiwan/81101/2018	centers_for_disease_control_and_prevention	adimmune_corporation
A/HongKong/CUHK3027/2019	chinese_university_of_hong_kong	the_chinese_university_of_hong_kong
A/Kanagawa/AC1709/2017-egg	centers_for_disease_control_and_prevention	national_institute_of_infectious_diseases_(niid)
A/Brisbane/1/2018-egg	centers_for_disease_control_and_prevention	queensland_health_scientific_services
A/Aomori/39/2018	national_institute_of_infectious_diseases_(niid)	aomori_prefectural_institute_of_public_health_and_environment
A/Slovenia/2792/2017-egg	centers_for_disease_control_and_prevention	laboratory_for_virology,_national_institute_of_public_health
A/NewJersey/30/2018	centers_for_disease_control_and_prevention	new_jersey_department_of_health_&_senior_services
A/Sapporo/33/2018	national_institute_of_infectious_diseases_(niid)	sapporo_city_institute_of_public_health
A/Kanagawa/IC1734/2018	national_institute_of_infectious_diseases_(niid)	national_institute_of_infectious_diseases_(niid)
A/Bangkok/338/2018	centers_for_disease_control_and_prevention	who_national_influenza_centre,_national_institute_of_medical_research_(nimr)
A/Cardiff/9215/2018	public_health_wales_microbiology	public_health_wales_microbiology
A/England/80380701/2018	microbiology_services_colindale,_public_health_england	microbiology_services_colindale,_public_health_england
A/RhodeIsland/1/2018-egg	centers_for_disease_control_and_prevention	rhode_island_department_of_health
A/RhodeIsland/1/2018	centers_for_disease_control_and_prevention	rhode_island_department_of_health
A/Kanagawa/IC1739/2018	national_institute_of_infectious_diseases_(niid)	national_institute_of_infectious_diseases_(niid)
A/Nebraska/1/2018-egg	centers_for_disease_control_and_prevention	nebraska_public_health_lab
A/Hiroshima-C/9/2018	national_institute_of_infectious_diseases_(niid)	hiroshima_city_institute_of_public_health
A/Bargoed/9468/2018	public_health_wales_microbiology	public_health_wales_microbiology
A/Osaka/51/2018	national_institute_of_infectious_diseases_(niid)	osaka_prefectural_institute_of_public_health
A/Kanagawa/AC1740/2018-egg	centers_for_disease_control_and_prevention	national_institute_of_infectious_diseases_(niid)
A/Kanagawa/AC1740/2018	national_institute_of_infectious_diseases_(niid)	national_institute_of_infectious_diseases_(niid)
A/Philippines/539/2018	centers_for_disease_control_and_prevention	center_for_medical_microbiology
A/Brisbane/141/2018	who_collaborating_centre_for_reference_and_research_on_influenza	queensland_health_scientific_services
A/Mauritius/CHL-I-1020/2018	ministry_of_health_and_wellness,_mauritius	national_influenza_centre,_department_of_molecular_biology_and_virology
A/Wisconsin/333/2018	centers_for_disease_control_and_prevention	marshfield_clinic_research_foundation
A/Concepcion/32368/2018	instituto_de_salud_publica_de_chile	instituto_de_salud_publica_de_chile_
A/Conception/32368/2018	centers_for_disease_control_and_prevention	instituto_de_salud_publica_de_chile_
A/Rancagua/54068/2018	centers_for_disease_control_and_prevention	instituto_de_salud_publica_de_chile_
A/Iquique/73975/2018	instituto_de_salud_publica_de_chile	instituto_de_salud_publica_de_chile
A/Temuco/84446/2018	instituto_de_salud_publica_de_chile	instituto_de_salud_publica_de_chile
A/Valdiva/100553/2018	centers_for_disease_control_and_prevention	instituto_de_salud_publica_de_chile_
A/Ontario/RV0991/2019	centers_for_disease_control_and_prevention	ontario_agency_for_health_protection_and_promotion_(oahpp)
A/Iquique/69961/2018	instituto_de_salud_publica_de_chile	instituto_de_salud_publica_de_chile
A/Concepcion/56773/2018	instituto_de_salud_publica_de_chile	instituto_de_salud_publica_de_chile
A/Alaska/232/2015-egg	centers_for_disease_control_and_prevention	alaska_state_virology_lab
A/Alaska/232/2015	centers_for_disease_control_and_prevention	alaska_state_virology_lab
A/Wisconsin/74/2015	centers_for_disease_control_and_prevention	wisconsin_state_laboratory_of_hygiene
A/Kilifi/118/2016	kemri_wellcome_trust_research_programme_(kwtrp)	kemri_wellcome_trust_research_programme_cgmrc
A/Kilifi/107/2016	kemri_wellcome_trust_research_programme_(kwtrp)	kemri_wellcome_trust_research_programme_cgmrc
A/Kilifi/85/2016	kemri_wellcome_trust_research_programme_(kwtrp)	kemri_wellcome_trust_research_programme_cgmrc
A/Kanagawa/IC1621/2017	national_institute_of_infectious_diseases_(niid)	national_institute_of_infectious_diseases_(niid)
A/Podporozhye/RII940S/2016	who_national_influenza_centre_russian_federation	
A/NovgorogVelikiy/65/2017	centers_for_disease_control_and_prevention	ivanovsky_research_institute_of_virology_rams
A/Birobidjan/92/2017	centers_for_disease_control_and_prevention	ivanovsky_research_institute_of_virology_rams
A/Paraguay/8340/2017	centers_for_disease_control_and_prevention	central_laboratory_of_public_health
A/Tennessee/44/2017	centers_for_disease_control_and_prevention	vanderbilt_university_medical_center
A/Colombia/5174/2017	centers_for_disease_control_and_prevention	instituto_nacional_de_salud_de_columbia
A/Colombia/6525/2017	centers_for_disease_control_and_prevention	instituto_nacional_de_salud_de_columbia
A/Philippines/687/2016	centers_for_disease_control_and_prevention	center_for_medical_microbiology
A/Kanagawa/IC1613/2017	national_institute_of_infectious_diseases_(niid)	national_institute_of_infectious_diseases_(niid)
A/Toyama/99/2016	national_institute_of_infectious_diseases_(niid)	toyama_institute_of_health
A/Yamaguchi/36/2016	national_institute_of_infectious_diseases_(niid)	yamaguchi_prefectural_institute_of_public_health_and_environment
A/Yamaguchi/34/2016	centers_for_disease_control_and_prevention	yamaguchi_prefectural_institute_of_public_health_and_environment
A/Sydney/52/2017-egg	centers_for_disease_control_and_prevention	clinical_virology_unit,_cdim
A/Bahrain/797/2016	centers_for_disease_control_and_prevention	ministry_of_health_bahrain
A/Fukuoka/16241/2016	national_institute_of_infectious_diseases_(niid)	fukuoka_institute_of_public_health_and_environmental_sciences
A/Kilifi/97/2016	kemri_wellcome_trust_research_programme_(kwtrp)	kemri_wellcome_trust_research_programme_cgmrc
A/Connecticut/37/2016	other_database_import	connecticut_department._of_public_health
A/Singapore/GP2646/2016-egg	centers_for_disease_control_and_prevention	ministry_of_health,_singapore
A/Singapore/GP2646/2016	ministry_of_health,_singapore	ministry_of_health,_singapore
A/Uruguay/14/2017	centers_for_disease_control_and_prevention	departamento_de_laboratorio_de_salud_publica
A/Maryland/15/2017	centers_for_disease_control_and_prevention	maryland_department_of_health_and_mental_hygiene
A/England/966/2016	microbiology_services_colindale,_public_health_england	microbiology_services_colindale,_public_health_england
A/Kanagawa/AC1606/2016	national_institute_of_infectious_diseases_(niid)	national_institute_of_infectious_diseases_(niid)
A/Brazil/1770/2017	centers_for_disease_control_and_prevention	instituto_adolfo_lutz
A/StPetersburg/269/2017	centers_for_disease_control_and_prevention	russian_academy_of_medical_sciences
A/Kanagawa/IC1602/2016	national_institute_of_infectious_diseases_(niid)	national_institute_of_infectious_diseases_(niid)
A/Tanzania/4373/2017	centers_for_disease_control_and_prevention	national_influenza_lab
A/Bangladesh/8007/2017	centers_for_disease_control_and_prevention	institute_of_epidemiology_disease_control_and_research_(iedcr)_&_bangladesh_national_influenza_centre_(nic)
A/Dnipro/748/2016	centers_for_disease_control_and_prevention	institute_of_epidemiology_and_infectious_diseases_ams_of_ukraine
A/Dnipro/713/2016	centers_for_disease_control_and_prevention	institute_of_epidemiology_and_infectious_diseases_ams_of_ukraine
A/Dnipro/681/2016	centers_for_disease_control_and_prevention	institute_of_epidemiology_and_infectious_diseases_ams_of_ukraine
A/Kanagawa/AC1736/2018-egg	np	seasonal_h3n2
A/Kanagawa/AC1736/2018	national_institute_of_infectious_diseases_(niid)	national_institute_of_infectious_diseases_(niid)
A/Osaka-C/82/2017	national_institute_of_infectious_diseases_(niid)	osaka_city_institute_of_public_health_and_environmental_sciences
A/Kanagawa/IC1725/2018-egg	np	seasonal_h3n2
A/Kanagawa/IC1725/2018	who_collaborating_centre_for_reference_and_research_on_influenza	national_institute_of_infectious_diseases_(niid)
A/HongKong/CUHK3001/2018	chinese_university_of_hong_kong	the_chinese_university_of_hong_kong
A/Michigan/385/2018	centers_for_disease_control_and_prevention	michigan_department_of_community_health
A/Sydney/22/2018-egg	centers_for_disease_control_and_prevention	clinical_virology_unit,_cdim
A/Sydney/22/2018	who_collaborating_centre_for_reference_and_research_on_influenza	clinical_virology_unit,_cdim
A/Singapore/GP0454/2018-egg	centers_for_disease_control_and_prevention	ministry_of_health,_singapore
A/HongKong/CUHK3005/2018	chinese_university_of_hong_kong	the_chinese_university_of_hong_kong
A/AbuDhabi/134/2018	centers_for_disease_control_and_prevention	shaikh_khalifa_medical_city
A/Singapore/TT0058/2019	ministry_of_health,_singapore	ministry_of_health,_singapore
A/HongKong/CUHK3012/2018	chinese_university_of_hong_kong	the_chinese_university_of_hong_kong
A/SouthAustralia/186/2018	who_collaborating_centre_for_reference_and_research_on_influenza	institute_of_medical_and_veterinary_science_(imvs)
A/Luxembourg/19004791/2019	laboratoire_national_de_sant?	laboratoire_national_de_santé_
A/NordPasDeCalais/861/2019	institut_pasteur	
A/Bolivia/1116/2019	centers_for_disease_control_and_prevention	instituto_nacional_de_laboratoriosde_salud_(inlasa)
A/SaoPaulo/1265906-IAL/2019	centers_for_disease_control_and_prevention	instituto_adolfo_lutz
A/Bolivia/1377/2019	centers_for_disease_control_and_prevention	instituto_nacional_de_laboratoriosde_salud_(inlasa)
A/Guyane/50/2020	centers_for_disease_control_and_prevention	national_influenza_center_french_guiana_and_french_indies
A/Luxembourg/LNS8837837/2020	laboratoire_national_de_sant?	laboratoire_national_de_santé_
A/Denmark/293/2020	statens_serum_institute	statens_serum_institute
A/England/71/2020	microbiology_services_colindale,_public_health_england	microbiology_services_colindale,_public_health_england
A/England/931/2019	microbiology_services_colindale,_public_health_england	microbiology_services_colindale,_public_health_england
A/Romania/257832/2020	cantacuzino_institute	cantacuzino_institute
A/Luxembourg/LNS1916881/2020	laboratoire_national_de_sant?	laboratoire_national_de_santé_
A/England/474/2019	microbiology_services_colindale,_public_health_england	microbiology_services_colindale,_public_health_england
A/Nepal/20FL0243/2020	national_institute_of_infectious_diseases_(niid)	national_public_health_laboratory
A/Aichi/98/2020	national_institute_of_infectious_diseases_(niid)	aichi_prefectural_institute_of_public_health
A/Nepal/20FL0850/2020	national_institute_of_infectious_diseases_(niid)	national_public_health_laboratory
A/England/898/2019	microbiology_services_colindale,_public_health_england	microbiology_services_colindale,_public_health_england
A/England/350/2019	microbiology_services_colindale,_public_health_england	microbiology_services_colindale,_public_health_england
A/England/574/2019	microbiology_services_colindale,_public_health_england	microbiology_services_colindale,_public_health_england
A/Sydney/22/2020	who_collaborating_centre_for_reference_and_research_on_influenza	childrens_hospital_westmead
A/England/897/2019	microbiology_services_colindale,_public_health_england	microbiology_services_colindale,_public_health_england
A/England/347/2019	microbiology_services_colindale,_public_health_england	microbiology_services_colindale,_public_health_england
A/Linkoping/1/2020	public_health_agency_of_sweden	klinisk_mikrobiologi,_universitetssjukhuset_linkoping
A/Moscow/31/2020	n.f._gamaleya_research_center_for_epidemiology_and_microbiology	nic_russia,_ivanovsky_research_institute_of_virology
A/Linkoping/2/2020	public_health_agency_of_sweden	klinisk_mikrobiologi,_universitetssjukhuset_linkoping
A/England/70/2020	microbiology_services_colindale,_public_health_england	microbiology_services_colindale,_public_health_england
A/Lebanon/124/2020	centers_for_disease_control_and_prevention	rafic_hariri_university_hospital_4th_floor_dna/research_lab
A/Luxembourg/LNS2665434/2020	laboratoire_national_de_sant?	laboratoire_national_de_santé_
A/SouthAustralia/4/2020	who_collaborating_centre_for_reference_and_research_on_influenza	institute_of_medical_and_veterinary_science_(imvs)
A/Germany/11985/2020	u.s._air_force_school_of_aerospace_medicine	u.s._air_force_school_of_aerospace_medicine_
A/Berlin/2/2020	robert_koch_institute_nationales_referenzzentrum_f?r_influenza	robert_koch_institute_nationales_referenzzentrum_für_influenza
A/England/516/2019	microbiology_services_colindale,_public_health_england	microbiology_services_colindale,_public_health_england
A/England/631/2019	microbiology_services_colindale,_public_health_england	microbiology_services_colindale,_public_health_england
A/Luxembourg/LNS1245335/2020	laboratoire_national_de_sant?	laboratoire_national_de_santé_
A/Romania/259804/2020	cantacuzino_institute	cantacuzino_institute
A/Colombia/1408/2016	centers_for_disease_control_and_prevention	instituto_nacional_de_salud_de_columbia
A/Bangladesh/4017/2016	centers_for_disease_control_and_prevention	institute_of_epidemiology_disease_control_and_research_(iedcr)_&_bangladesh_national_influenza_centre_(nic)
A/Brisbane/109/2016	who_collaborating_centre_for_reference_and_research_on_influenza	queensland_health_forensic_and_scientific_services_
A/Kyiv/955/2016	centers_for_disease_control_and_prevention	institute_of_epidemiology_and_infectious_diseases_ams_of_ukraine
A/Taiwan/999/2016	centers_for_disease_control_and_prevention	adimmune_corporation
A/Bangladesh/5002/2016	centers_for_disease_control_and_prevention	institute_of_epidemiology_disease_control_and_research_(iedcr)_&_bangladesh_national_influenza_centre_(nic)
A/Bangladesh/2007/2016	centers_for_disease_control_and_prevention	institute_of_epidemiology_disease_control_and_research_(iedcr)_&_bangladesh_national_influenza_centre_(nic)
A/Bangladesh/2176/2016	centers_for_disease_control_and_prevention	institute_of_epidemiology_disease_control_and_research_(iedcr)_&_bangladesh_national_influenza_centre_(nic)
A/Singapore/INFGP-16-0957/2016	ministry_of_health,_singapore	ministry_of_health,_singapore
A/Ningbo/7/2021	ningbo_international_travel_healthcare_center	ningbo_international_travel_healthcare_center
A/Basel/USB0015455/2016	import_from_public_domain	
A/Oman/5480/2016	centers_for_disease_control_and_prevention	central_public_health_laboratory,_ministry_of_health
A/Victoria/2506/2016	who_collaborating_centre_for_reference_and_research_on_influenza	royal_melbourne_hospital
A/Ayutthaya/351/2016	centers_for_disease_control_and_prevention	who_national_influenza_centre,_national_institute_of_medical_research_(nimr)
A/Bangladesh/3022/2016	centers_for_disease_control_and_prevention	institute_of_epidemiology_disease_control_and_research_(iedcr)_&_bangladesh_national_influenza_centre_(nic)
A/Michigan/8/2017	centers_for_disease_control_and_prevention	university_of_michigan_sph_epid
A/Bangladesh/960/2016	centers_for_disease_control_and_prevention	institute_of_epidemiology_disease_control_and_research_(iedcr)_&_bangladesh_national_influenza_centre_(nic)
A/Bangladesh/402/2016	centers_for_disease_control_and_prevention	institute_of_epidemiology_disease_control_and_research_(iedcr)_&_bangladesh_national_influenza_centre_(nic)
A/Washington/85/2016	centers_for_disease_control_and_prevention	seattle_&_king_county_public_health_lab
A/Bangladesh/1002/2016	centers_for_disease_control_and_prevention	institute_of_epidemiology_disease_control_and_research_(iedcr)_&_bangladesh_national_influenza_centre_(nic)
A/Guizhou-Qingzhen/1968/2016	centers_for_disease_control_and_prevention	who_chinese_national_influenza_center
A/Ceara/145874-IEC/2017	centers_for_disease_control_and_prevention	evandro_chagas_institute
A/Singapore/GP2610/2016	ministry_of_health,_singapore	
A/Shimane/59/2016	national_institute_of_infectious_diseases_(niid)	shimane_prefectural_institute_of_public_health_and_environmental_science
A/Basel/USB0026145/2017	import_from_public_domain	
A/Colombia/1368/2016	centers_for_disease_control_and_prevention	instituto_nacional_de_salud_de_columbia
A/England/70420063/2017	microbiology_services_colindale,_public_health_england	microbiology_services_colindale,_public_health_england
A/Bretagne/101/2017	institut_pasteur	
A/PuntaArenas/25384/2017	centers_for_disease_control_and_prevention	instituto_de_salud_publica_de_chile_
A/Lao/3571/2017	centers_for_disease_control_and_prevention	national_center_for_laboratory_and_epidemiology
A/Taiwan/826/2016	centers_for_disease_control_and_prevention	adimmune_corporation
A/Bangladesh/455/2016	centers_for_disease_control_and_prevention	institute_of_epidemiology_disease_control_and_research_(iedcr)_&_bangladesh_national_influenza_centre_(nic)
A/Bangladesh/429/2016	centers_for_disease_control_and_prevention	institute_of_epidemiology_disease_control_and_research_(iedcr)_&_bangladesh_national_influenza_centre_(nic)
A/Singapore/NUH0018/2016	ministry_of_health,_singapore	
A/Mississippi/19/2016	centers_for_disease_control_and_prevention	mississippi_public_health_laboratory
A/NewYork/112/2016	other_database_import	new_york_state_department_of_health
A/HongKong/3554/2017	centers_for_disease_control_and_prevention	government_virus_unit
A/Brisbane/1069/2017	who_collaborating_centre_for_reference_and_research_on_influenza	institute_of_medical_and_veterinary_science_(imvs)
A/Cambodia/790/2017	centers_for_disease_control_and_prevention	national_public_health_laboratory
A/Wakayama-C/80/2018	national_institute_of_infectious_diseases_(niid)	wakayama_city_institute_of_public_health
A/Kanagawa/IC1710/2017-egg	np	seasonal_h3n2
A/Afghanistan/804/2017	centers_for_disease_control_and_prevention	national_public_health_laboratory
A/Kanagawa/IC1744/2018	national_institute_of_infectious_diseases_(niid)	national_institute_of_infectious_diseases_(niid)
A/Niigata-C/1/2018	national_institute_of_infectious_diseases_(niid)	niigata_city_institute_of_public_health_and_environment
A/Basel/USB0020715/2016	import_from_public_domain	
A/HongKong/2391/2016	centers_for_disease_control_and_prevention	government_virus_unit
A/Illinois/51/2016	centers_for_disease_control_and_prevention	indiana_state_department_of_health_laboratories
A/Taiwan/921/2016	centers_for_disease_control_and_prevention	adimmune_corporation
A/Guyane/501/2016	centers_for_disease_control_and_prevention	national_influenza_center_french_guiana_and_french_indies
A/Pennsylvania/88/2017	centers_for_disease_control_and_prevention	children's_hospital_of_pittsburgh_upmc
A/Guyane/2774/2016	institut_pasteur	
A/Suriname/1683/2016	centers_for_disease_control_and_prevention	institute_for_biomedical_sciences
A/Suriname/1665/2016	centers_for_disease_control_and_prevention	institute_for_biomedical_sciences
A/Washington/106/2016	other_database_import	washington_state_public_health_laboratory
A/Delaware/32/2016-egg	centers_for_disease_control_and_prevention	delaware_public_health_lab
A/Delaware/32/2016	centers_for_disease_control_and_prevention	delaware_public_health_lab
A/Oklahoma/7/2017	centers_for_disease_control_and_prevention	oklahoma_state_department_of_health
A/Washington/106/2016-egg	centers_for_disease_control_and_prevention	washington_state_public_health_laboratory
A/Keelung/82/2016	other_database_import	
A/Nonthaburi/435/2016	centers_for_disease_control_and_prevention	who_national_influenza_centre,_national_institute_of_medical_research_(nimr)
A/Linkou/173/2016	other_database_import	
A/Taiwan/941/2016	centers_for_disease_control_and_prevention	adimmune_corporation
A/Taiwan/1095/2016	centers_for_disease_control_and_prevention	adimmune_corporation
A/Taiwan/270/2017	national_institute_of_infectious_diseases_(niid)	center_for_disease_control
A/Gifu-C/10/2017	national_institute_of_infectious_diseases_(niid)	gifu_municipal_institute_of_public_health
A/Taiwan/794/2016	centers_for_disease_control_and_prevention	adimmune_corporation
A/Linkou/169/2016	other_database_import	
A/ChampagneArdenne/963/2017	institut_pasteur	
A/Peru/817/2017	centers_for_disease_control_and_prevention	us_namru_6
A/Taiwan/960/2016	centers_for_disease_control_and_prevention	adimmune_corporation
A/Lyon/2812R0335/2016	centers_for_disease_control_and_prevention	cnr_influenza_france_sud
A/Sweden/51/2017	swedish_institute_for_infectious_disease_control	
A/Lyon/4/2017	cnr_des_virus_influenza_r?gion_sud_france	
A/Lyon/2012R0040/2016	centers_for_disease_control_and_prevention	cnr_influenza_france_sud
A/Lyon/2712R0048/2016	centers_for_disease_control_and_prevention	cnr_influenza_france_sud
A/Saint-Etienne/845/2017	centers_for_disease_control_and_prevention	cnr_influenza_france_sud
A/Arkansas/18/2017-egg	np	seasonal_h3n2
A/Arkansas/18/2017	other_database_import	arkansas_department_of_health
A/SantaCatarina/918/2017	centers_for_disease_control_and_prevention	instituto_oswaldo_cruz_fiocruz___laboratory_of_respiratory_viruses_and_measles_(lvrs)
A/Kansas/14/2017-egg	centers_for_disease_control_and_prevention	kansas_department_of_health_and_environment
A/Goodwick/8523/2018	public_health_wales_microbiology	
A/Brisbane/34/2018-egg	centers_for_disease_control_and_prevention	queensland_health_scientific_services
A/England/80940356/2018	microbiology_services_colindale,_public_health_england	microbiology_services_colindale,_public_health_england
A/Kansas/14/2017	centers_for_disease_control_and_prevention	kansas_department_of_health_and_environment
A/Michigan/UOM150524133779/2018	marshfield_clinic_research_institute	university_of_michigan_clinical_microbiology_laboratory
A/Peru/5419/2019	centers_for_disease_control_and_prevention	laboratorio_de_referencia_nacional_virus_respiratorios,_instituto_nacional_de_salud
A/Michigan/323/2019	centers_for_disease_control_and_prevention	university_of_michigan_sph_epid
A/Iowa/26/2019	centers_for_disease_control_and_prevention	iowa_state_hygienic_laboratory
A/VinaDelMar/64754/2019	instituto_de_salud_publica_de_chile	instituto_de_salud_publica_de_chile
A/SouthDakota/60/2018	centers_for_disease_control_and_prevention	south_dakota_public_health_lab
A/SouthDakota/60/2018-egg	centers_for_disease_control_and_prevention	south_dakota_public_health_lab
A/SouthDakota/19/2019	centers_for_disease_control_and_prevention	south_dakota_public_health_lab
A/Washington/S27238/2019		the_brotman_baty_institute_for_precision_medicine
A/Washington/S27304/2019		the_brotman_baty_institute_for_precision_medicine
A/Pakistan/31/2020	centers_for_disease_control_and_prevention	national_institute_of_health
A/SouthAustralia/1126/2019	who_collaborating_centre_for_reference_and_research_on_influenza	institute_of_medical_and_veterinary_science_(imvs)
A/SouthKorea/10870/2019	u.s._air_force_school_of_aerospace_medicine	u.s._air_force_school_of_aerospace_medicine_
A/Brisbane/16/2020	who_collaborating_centre_for_reference_and_research_on_influenza	queensland_health_forensic_and_scientific_services_
A/England/154/2019	microbiology_services_colindale,_public_health_england	microbiology_services_colindale,_public_health_england
A/Albania/80/2019	centers_for_disease_control_and_prevention	institute_of_public_health
A/Beijing/2019-15554/2018-egg	centers_for_disease_control_and_prevention	who_chinese_national_influenza_center
A/Beijing/2019-15554/2018	centers_for_disease_control_and_prevention	who_chinese_national_influenza_center
A/Vermont/14/2019-egg	centers_for_disease_control_and_prevention	vermont_department_of_health_laboratory
A/Massachusetts/7/2019	centers_for_disease_control_and_prevention	massachusetts_department_of_public_health
A/Vermont/11/2019-egg	centers_for_disease_control_and_prevention	vermont_department_of_health_laboratory
A/Vermont/11/2019	centers_for_disease_control_and_prevention	vermont_department_of_health_laboratory
A/Vermont/14/2019	centers_for_disease_control_and_prevention	vermont_department_of_health_laboratory
A/Massachusetts/3/2019	centers_for_disease_control_and_prevention	massachusetts_department_of_public_health
A/Ulaanbaatar/1101/2019	centers_for_disease_control_and_prevention	national_center_for_communicable_diseases
A/Paris/84/2019	institut_pasteur	
A/Centre/1451/2019	institut_pasteur	
A/Belgium/G0023/2019-egg	centers_for_disease_control_and_prevention	scientific_institute_of_public_health
A/Belgium/G0023/2019	scientific_institute_of_public_health_(wiv_isp)	scientific_institute_of_public_health
A/Paris/2572/2018-egg	centers_for_disease_control_and_prevention	institut_pasteur
A/Paris/2572/2018	centers_for_disease_control_and_prevention	institut_pasteur
A/Paris/2581/2018	institut_pasteur	
A/Wisconsin/441/2019	centers_for_disease_control_and_prevention	marshfield_clinic_research_foundation
A/NewYork/PV03117/2019	icahn_school_of_medicine_at_mount_sinai	icahn_school_of_medicine_at_mount_sinai
A/Louisiana/26/2018	centers_for_disease_control_and_prevention	louisiana_department_of_health_and_hospitals
A/Tennessee/14/2019	centers_for_disease_control_and_prevention	tennessee_department_of_health_laboratory_nashville
A/Texas/254/2019	centers_for_disease_control_and_prevention	baylor_scott_and_white_health
A/Pennsylvania/886/2019	centers_for_disease_control_and_prevention	children's_hospital_of_pittsburgh_upmc
A/Iquique/63421/2019	instituto_de_salud_publica_de_chile	instituto_de_salud_publica_de_chile
A/Bolivia/977/2019	centers_for_disease_control_and_prevention	cenetrop
A/Santiago/41313/2019	instituto_de_salud_publica_de_chile	instituto_de_salud_publica_de_chile
A/Santiago/62822/2019	centers_for_disease_control_and_prevention	instituto_de_salud_publica_de_chile
A/Michigan/284/2019	centers_for_disease_control_and_prevention	michigan_department_of_community_health
A/Suriname/902/2019	centers_for_disease_control_and_prevention	central_laboratory,_bureau_of_public_health
A/Suriname/607/2019	centers_for_disease_control_and_prevention	central_laboratory,_bureau_of_public_health
A/Delaware/8/2020	centers_for_disease_control_and_prevention	delaware_public_health_lab
A/RioGrandedoSul/212/2020	instituto_oswaldo_cruz_fiocruz___laboratory_of_respiratory_viruses_and_measles_(lvrs)	lacen/rs___laboratório_central_de_saúde_pública_do_rio_grande_do_sul
A/Florida/124/2018	centers_for_disease_control_and_prevention	florida_department_of_health_tampa
A/NewHampshire/8/2019	centers_for_disease_control_and_prevention	new_hampshire_public_health_laboratories
A/Singapore/MOH0084/2017	ministry_of_health,_singapore	ministry_of_health,_singapore
A/Ningbo/22/2021	ningbo_international_travel_healthcare_center	ningbo_international_travel_healthcare_center
A/Bangladesh/2014/2017	centers_for_disease_control_and_prevention	institute_of_epidemiology_disease_control_and_research_(iedcr)_&_bangladesh_national_influenza_centre_(nic)
A/Oman/1141/2018	centers_for_disease_control_and_prevention	central_public_health_laboratory,_ministry_of_health
A/England/3/2019	microbiology_services_colindale,_public_health_england	microbiology_services_colindale,_public_health_england
A/SouthAfrica/R6084/2017	national_institute_of_communicable_diseases	national_institute_for_communcable_diseases
A/Irkutsk/RII-1890S/2018	who_national_influenza_centre_russian_federation	
A/NewZealand/875/2017	centers_for_disease_control_and_prevention	institute_of_environmental_science_&_research
A/NewZealand/770/2017	centers_for_disease_control_and_prevention	institute_of_environmental_science_&_research
A/NewZealand/882/2017	centers_for_disease_control_and_prevention	institute_of_environmental_science_&_research
A/Shanghai-Pudongxin/1987/2017	centers_for_disease_control_and_prevention	who_chinese_national_influenza_center
A/Osaka/176/2017	national_institute_of_infectious_diseases_(niid)	osaka_prefectural_institute_of_public_health
A/Afghanistan/626/2017	centers_for_disease_control_and_prevention	national_public_health_laboratory
A/Afghanistan/295/2017	centers_for_disease_control_and_prevention	national_public_health_laboratory
A/Moscow/37/2018	who_national_influenza_centre_russian_federation	
A/Cardiff/9169/2018	public_health_wales_microbiology	public_health_wales_microbiology
A/Pakistan/232/2017	centers_for_disease_control_and_prevention	national_institute_of_health
A/Southafrica/R7908/2017	national_institute_of_communicable_diseases	national_institute_for_communcable_diseases
A/Mozambique/2118/2018	centers_for_disease_control_and_prevention	laboratório_de_isolamento_viral
A/SouthAfrica/R07316/2017	centers_for_disease_control_and_prevention	national_institute_for_communicable_disease
A/Lao/F3563/2017	national_institute_of_infectious_diseases_(niid)	national_center_for_laboratory_and_epidemiology
A/Lao/3454/2017	centers_for_disease_control_and_prevention	national_center_for_laboratory_and_epidemiology
A/Lao/4043/2017	centers_for_disease_control_and_prevention	national_center_for_laboratory_and_epidemiology
A/Astrakhan/32/2017	who_national_influenza_centre_russian_federation	who_national_influenza_centre_russian_federation
A/Lao/3819/2017	centers_for_disease_control_and_prevention	national_center_for_laboratory_and_epidemiology
A/Lao/2965/2017	centers_for_disease_control_and_prevention	national_center_for_laboratory_and_epidemiology
A/Taiwan/337/2017	national_institute_of_infectious_diseases_(niid)	center_for_disease_control
A/Saitama/244/2017	national_institute_of_infectious_diseases_(niid)	saitama_institute_of_public_health
A/England/80560665/2018	microbiology_services_colindale,_public_health_england	microbiology_services_colindale,_public_health_england
A/Mie/46/2017	national_institute_of_infectious_diseases_(niid)	mie_prefecture_health_and_environment_research_institute
A/Mie/45/2017	national_institute_of_infectious_diseases_(niid)	mie_prefecture_health_and_environment_research_institute
A/HongKong/674/2018-egg	centers_for_disease_control_and_prevention	government_virus_unit
A/PuertoMontt/62114/2018	instituto_de_salud_publica_de_chile	instituto_de_salud_publica_de_chile
A/Santiago/59907/2018	centers_for_disease_control_and_prevention	instituto_de_salud_publica_de_chile_
A/Santiago/50972/2018	instituto_de_salud_publica_de_chile	instituto_de_salud_publica_de_chile
A/Santiago/42956/2018	instituto_de_salud_publica_de_chile	instituto_de_salud_publica_de_chile_
A/Santiago/34507/2018	centers_for_disease_control_and_prevention	instituto_de_salud_publica_de_chile_
A/SouthAfrica/6922/2018	centers_for_disease_control_and_prevention	national_institute_for_communicable_disease
A/England/80740423/2018	microbiology_services_colindale,_public_health_england	microbiology_services_colindale,_public_health_england
A/Khabarovsk/48/2018	who_national_influenza_centre_russian_federation	
A/AbuDhabi/240/2018	centers_for_disease_control_and_prevention	shaikh_khalifa_medical_city
A/AbuDhabi/240/2018-egg	centers_for_disease_control_and_prevention	shaikh_khalifa_medical_city
A/Maldives/1471/2017	centers_for_disease_control_and_prevention	ministry_of_health
A/Netherlands/10260/2018-egg	centers_for_disease_control_and_prevention	national_institute_for_public_health_and_the_environment_(rivm)
A/Rouen/1414/2018	institut_pasteur	
A/Palmas/19001930-IAL/2019	centers_for_disease_control_and_prevention	instituto_adolfo_lutz
A/Alagoas/280/2019	centers_for_disease_control_and_prevention	instituto_oswaldo_cruz_fiocruz___laboratory_of_respiratory_viruses_and_measles_(lvrs)
A/Peru/1418/2018	centers_for_disease_control_and_prevention	us_namru_6
A/Colombia/2689/2018	centers_for_disease_control_and_prevention	instituto_nacional_de_salud_de_columbia
A/Singapore/TT0052/2017	ministry_of_health,_singapore	ministry_of_health,_singapore
A/Bolivia/1046/2018	centers_for_disease_control_and_prevention	cenetrop
A/India/9944/2017	centers_for_disease_control_and_prevention	national_institute_of_virology
A/Bangladesh/3389/2017	centers_for_disease_control_and_prevention	institute_of_epidemiology_disease_control_and_research_(iedcr)_&_bangladesh_national_influenza_centre_(nic)
A/Bangladesh/70501005/2017	centers_for_disease_control_and_prevention	institute_of_epidemiology_disease_control_and_research_(iedcr)_&_bangladesh_national_influenza_centre_(nic)
A/Bangladesh/2025/2017	centers_for_disease_control_and_prevention	institute_of_epidemiology_disease_control_and_research_(iedcr)_&_bangladesh_national_influenza_centre_(nic)
A/Bangladesh/3018/2017	centers_for_disease_control_and_prevention	institute_of_epidemiology_disease_control_and_research_(iedcr)_&_bangladesh_national_influenza_centre_(nic)
A/Bangladesh/2146/2017	centers_for_disease_control_and_prevention	institute_of_epidemiology_disease_control_and_research_(iedcr)_&_bangladesh_national_influenza_centre_(nic)
A/Bangladesh/3012/2017	centers_for_disease_control_and_prevention	institute_of_epidemiology_disease_control_and_research_(iedcr)_&_bangladesh_national_influenza_centre_(nic)
A/Bangladesh/2018/2017	centers_for_disease_control_and_prevention	institute_of_epidemiology_disease_control_and_research_(iedcr)_&_bangladesh_national_influenza_centre_(nic)
A/Bangladesh/3401/2017	centers_for_disease_control_and_prevention	institute_of_epidemiology_disease_control_and_research_(iedcr)_&_bangladesh_national_influenza_centre_(nic)
A/Bangladesh/2097/2017	centers_for_disease_control_and_prevention	institute_of_epidemiology_disease_control_and_research_(iedcr)_&_bangladesh_national_influenza_centre_(nic)
A/Bangladesh/3044/2017	centers_for_disease_control_and_prevention	institute_of_epidemiology_disease_control_and_research_(iedcr)_&_bangladesh_national_influenza_centre_(nic)
A/Madagascar/424/2018	centers_for_disease_control_and_prevention	institut_pasteur_de_madagascar
A/India/4667/2018	centers_for_disease_control_and_prevention	national_institute_of_virology
A/HongKong/1130/2018	centers_for_disease_control_and_prevention	government_virus_unit
A/HongKong/2277/2017-egg	centers_for_disease_control_and_prevention	government_virus_unit
A/NizniyNovgorod/2372/2018	centers_for_disease_control_and_prevention	russian_academy_of_medical_sciences
A/HongKong/3557/2017	centers_for_disease_control_and_prevention	government_virus_unit
A/Buckley/4801/2017	public_health_wales_microbiology	public_health_wales_microbiology
A/Aberystwyth/8812/2017	public_health_wales_microbiology	public_health_wales_microbiology
A/Nara/38/2017	national_institute_of_infectious_diseases_(niid)	nara_prefectural_institute_for_hygiene_and_environment
A/England/80420877/2018	microbiology_services_colindale,_public_health_england	microbiology_services_colindale,_public_health_england
A/Sweden/21/2018	public_health_agency_of_sweden	
A/Stockholm/3/2018	public_health_agency_of_sweden	
A/HongKong/3553/2017	centers_for_disease_control_and_prevention	government_virus_unit
A/Myanmar/18M147/2018	national_institute_of_infectious_diseases_(niid)	national_health_laboratory
A/Lopburi/172/2018	centers_for_disease_control_and_prevention	who_national_influenza_centre,_national_institute_of_medical_research_(nimr)
A/Wrexham/4801/2017	public_health_wales_microbiology	public_health_wales_microbiology
A/HongKong/681/2018-egg	centers_for_disease_control_and_prevention	government_virus_unit
A/Mold/7024/2017	public_health_wales_microbiology	public_health_wales_microbiology
A/Lebanon/299/2019	centers_for_disease_control_and_prevention	rafic_hariri_university_hospital_4th_floor_dna/research_lab
A/PortTalbot/3763/2017	public_health_wales_microbiology	molecular_diagnostics_unit_
A/England/80460428/2018	microbiology_services_colindale,_public_health_england	microbiology_services_colindale,_public_health_england
A/Wrexham/7024/2017	public_health_wales_microbiology	molecular_diagnostics_unit_
A/Guangxi-Babu/1913/2018	centers_for_disease_control_and_prevention	who_chinese_national_influenza_center
A/Vietnam/190/2018	centers_for_disease_control_and_prevention	national_institute_of_hygiene_and_epidemiology
A/Kanagawa/ZC1841/2019-egg	centers_for_disease_control_and_prevention	national_institute_of_infectious_diseases_(niid)
A/SouthAustralia/2/2019-egg	centers_for_disease_control_and_prevention	institute_of_medical_and_veterinary_science_(imvs)
A/SouthAustralia/4/2019-egg	centers_for_disease_control_and_prevention	institute_of_medical_and_veterinary_science_(imvs)
A/Singapore/SGH0664/2018	ministry_of_health,_singapore	ministry_of_health,_singapore
A/Lao/1214/2019	centers_for_disease_control_and_prevention	national_center_for_laboratory_and_epidemiology
A/HangaRoa/44910/2019	centers_for_disease_control_and_prevention	instituto_de_salud_publica_de_chile
A/HongKong/CUHK3041/2019	chinese_university_of_hong_kong	the_chinese_university_of_hong_kong
A/Rencheng/115/2020	jining_center_for_disease_control_and_prevention	_jining_center_for_disease_control_and_prevention
A/Zhejiang-NH/191/2020	zhejiang_provincial_center_for_disease_control_and_prevention	jiaxing_center_for_disease_control_and_prevention
A/Zhejiang-NH/177/2020	zhejiang_provincial_center_for_disease_control_and_prevention	jiaxing_center_for_disease_control_and_prevention
A/Rencheng/1620/2019	jining_center_for_disease_control_and_prevention	_jining_center_for_disease_control_and_prevention
A/Rencheng/1377/2019	jining_center_for_disease_control_and_prevention	_jining_center_for_disease_control_and_prevention
A/Rencheng/310/2019	jining_center_for_disease_control_and_prevention	_jining_center_for_disease_control_and_prevention
A/Rencheng/11196/2018	jining_center_for_disease_control_and_prevention	_jining_center_for_disease_control_and_prevention
A/Zhejiang-NH/118/2020	zhejiang_provincial_center_for_disease_control_and_prevention	jiaxing_center_for_disease_control_and_prevention
A/HongKong/2671/2019	centers_for_disease_control_and_prevention	government_virus_unit
A/HongKong/2671/2019-egg	centers_for_disease_control_and_prevention	government_virus_unit
A/HongKong/CUHK3083/2019	chinese_university_of_hong_kong	the_chinese_university_of_hong_kong
A/Osaka-C/2002/2020	national_institute_of_infectious_diseases_(niid)	osaka_city_institute_of_public_health_and_environmental_sciences
A/HongKong/CUHK3087/2019	chinese_university_of_hong_kong	the_chinese_university_of_hong_kong
A/HongKong/CUHK3090/2019	chinese_university_of_hong_kong	the_chinese_university_of_hong_kong
A/Birobidzhan/70/2020	n.f._gamaleya_research_center_for_epidemiology_and_microbiology	nic_russia,_ivanovsky_research_institute_of_virology
A/Yunnan-Wenshan/1599/2020	who_chinese_national_influenza_center	who_chinese_national_influenza_center
A/StPetersburg/RII-178/2020	centers_for_disease_control_and_prevention	russian_academy_of_medical_sciences
A/SouthKorea/11230/2020	u.s._air_force_school_of_aerospace_medicine	u.s._air_force_school_of_aerospace_medicine_
A/Rencheng/128/2020	jining_center_for_disease_control_and_prevention	_jining_center_for_disease_control_and_prevention
A/Rencheng/122/2020	jining_center_for_disease_control_and_prevention	_jining_center_for_disease_control_and_prevention
A/Yunnan-Wenshan/1593/2020	who_chinese_national_influenza_center	who_chinese_national_influenza_center
A/Yunnan-Wenshan/1589/2020	who_chinese_national_influenza_center	who_chinese_national_influenza_center
A/Yunnan-Wenshan/1606/2020	who_chinese_national_influenza_center	who_chinese_national_influenza_center
A/Yunnan-Wenshan/1591/2020	who_chinese_national_influenza_center	who_chinese_national_influenza_center
A/Yunnan-Wenshan/1594/2020	who_chinese_national_influenza_center	who_chinese_national_influenza_center
A/HongKong/CUHK3099/2019	chinese_university_of_hong_kong	the_chinese_university_of_hong_kong
A/Zhejiang-NH/12/2020	zhejiang_provincial_center_for_disease_control_and_prevention	jiaxing_center_for_disease_control_and_prevention
A/SouthAustralia/5/2020	who_collaborating_centre_for_reference_and_research_on_influenza	institute_of_medical_and_veterinary_science_(imvs)
A/Moscow/19/2020	n.f._gamaleya_research_center_for_epidemiology_and_microbiology	nic_russia,_ivanovsky_research_institute_of_virology
A/Gurzuf/RII-969S/2020	who_national_influenza_centre_russian_federation	research_institute_of_influenza,_ministry_of_healthcare_of_the_russian_federation
A/StPetersburg/RII-657S/2019	who_national_influenza_centre_russian_federation	research_institute_of_influenza,_ministry_of_healthcare_of_the_russian_federation
A/Sapporo/18/2020	national_institute_of_infectious_diseases_(niid)	sapporo_city_institute_of_public_health
A/SouthKorea/10327/2019	u.s._air_force_school_of_aerospace_medicine	u.s._air_force_school_of_aerospace_medicine_
A/Bangkok/72/2020	centers_for_disease_control_and_prevention	who_national_influenza_centre,_national_institute_of_medical_research_(nimr)
A/ChiangRai/48/2020	who_collaborating_centre_for_reference_and_research_on_influenza	who_national_influenza_centre,_national_institute_of_medical_research_(nimr)
A/Ishikawa/16/2020	national_institute_of_infectious_diseases_(niid)	ishikawa_prefectural_institute_of_public_health_and_environmental_science
A/Gunma/36/2020	national_institute_of_infectious_diseases_(niid)	gunma_prefectural_institute_of_public_health_and_environmental_sciences
A/Lao/426/2020	centers_for_disease_control_and_prevention	national_center_for_laboratory_and_epidemiology
A/Lao/892/2020	centers_for_disease_control_and_prevention	national_center_for_laboratory_and_epidemiology
A/Lao/477/2020	centers_for_disease_control_and_prevention	national_center_for_laboratory_and_epidemiology
A/Niigata/156/2020	national_institute_of_infectious_diseases_(niid)	niigata_prefectural_institute_of_public_health_and_environmental_sciences
A/Lao/418/2021	centers_for_disease_control_and_prevention	national_center_for_laboratory_and_epidemiology
A/Saitama/88/2020	national_institute_of_infectious_diseases_(niid)	saitama_institute_of_public_health
A/Saitama/89/2020	national_institute_of_infectious_diseases_(niid)	saitama_institute_of_public_health
A/Saitama/94/2020	national_institute_of_infectious_diseases_(niid)	saitama_institute_of_public_health
A/Guangxi-Youjiang/1537/2019	who_chinese_national_influenza_center	who_chinese_national_influenza_center
A/Bangladesh/1190603016/2019	centers_for_disease_control_and_prevention	icddr,b_international_centre_for_diarrhoeal_disease_research,_bangladesh
A/SouthKorea/11266/2020	u.s._air_force_school_of_aerospace_medicine	u.s._air_force_school_of_aerospace_medicine_
A/Bangladesh/7191011002/2019	centers_for_disease_control_and_prevention	icddr,b_international_centre_for_diarrhoeal_disease_research,_bangladesh
A/Bangladesh/1190810034/2019	centers_for_disease_control_and_prevention	icddr,b_international_centre_for_diarrhoeal_disease_research,_bangladesh
A/Bangladesh/7190711003/2019	centers_for_disease_control_and_prevention	icddr,b_international_centre_for_diarrhoeal_disease_research,_bangladesh
A/Darwin/726/2019-egg	who_collaborating_centre_for_reference_and_research_on_influenza	influenza_surveillance_centre_for_disease_control
A/Bangladesh/1709/2019	centers_for_disease_control_and_prevention	institute_of_epidemiology_disease_control_and_research_(iedcr)_&_bangladesh_national_influenza_centre_(nic)
A/Singapore/SGH0667/2019	ministry_of_health,_singapore	ministry_of_health,_singapore
A/Zhejiang-NH/126/2020	zhejiang_provincial_center_for_disease_control_and_prevention	jiaxing_center_for_disease_control_and_prevention
A/Zhejiang-NH/122/2020	zhejiang_provincial_center_for_disease_control_and_prevention	jiaxing_center_for_disease_control_and_prevention
A/Nonthaburi/3/2020	who_collaborating_centre_for_reference_and_research_on_influenza	who_national_influenza_centre,_national_institute_of_medical_research_(nimr)
A/Mie/21/2019	national_institute_of_infectious_diseases_(niid)	mie_prefecture_health_and_environment_research_institute
A/Mie/23/2019	national_institute_of_infectious_diseases_(niid)	mie_prefecture_health_and_environment_research_institute
A/Bangladesh/3190513018/2019	centers_for_disease_control_and_prevention	icddr,b_international_centre_for_diarrhoeal_disease_research,_bangladesh
A/Bangladesh/4030/2019	centers_for_disease_control_and_prevention	icddr,b_international_centre_for_diarrhoeal_disease_research,_bangladesh
A/Arizona/11/2020	centers_for_disease_control_and_prevention	arizona_department_of_health_services
A/Bangladesh/11729/2019	centers_for_disease_control_and_prevention	institute_of_epidemiology_disease_control_and_research_(iedcr)_&_bangladesh_national_influenza_centre_(nic)
A/SouthKorea/11639/2020	u.s._air_force_school_of_aerospace_medicine	u.s._air_force_school_of_aerospace_medicine_
A/SouthKorea/11636/2020	u.s._air_force_school_of_aerospace_medicine	u.s._air_force_school_of_aerospace_medicine_
A/SouthKorea/11236/2020	u.s._air_force_school_of_aerospace_medicine	u.s._air_force_school_of_aerospace_medicine_
A/Bangladesh/1190704032/2019	centers_for_disease_control_and_prevention	icddr,b_international_centre_for_diarrhoeal_disease_research,_bangladesh
A/Bangladesh/1190608013/2019	centers_for_disease_control_and_prevention	icddr,b_international_centre_for_diarrhoeal_disease_research,_bangladesh
A/Bangladesh/3001/2019	centers_for_disease_control_and_prevention	icddr,b_international_centre_for_diarrhoeal_disease_research,_bangladesh
A/Bangladesh/7190609002/2019	centers_for_disease_control_and_prevention	icddr,b_international_centre_for_diarrhoeal_disease_research,_bangladesh
A/Bangladesh/3190603033/2019	centers_for_disease_control_and_prevention	icddr,b_international_centre_for_diarrhoeal_disease_research,_bangladesh
A/Bangladesh/3190610009/2019	centers_for_disease_control_and_prevention	icddr,b_international_centre_for_diarrhoeal_disease_research,_bangladesh
A/Bangladesh/1190603006/2019	centers_for_disease_control_and_prevention	icddr,b_international_centre_for_diarrhoeal_disease_research,_bangladesh
A/Chiba-C/65/2019	national_institute_of_infectious_diseases_(niid)	chiba_city_institute_of_health_and_environment
A/Osaka-C/2045/2019	national_institute_of_infectious_diseases_(niid)	osaka_city_institute_of_public_health_and_environmental_sciences
A/Pennsylvania/1026/2019-egg	centers_for_disease_control_and_prevention	pennsylvania_department_of_health
A/Pennsylvania/1026/2019	centers_for_disease_control_and_prevention	pennsylvania_department_of_health
A/Pennsylvania/1025/2019-egg	centers_for_disease_control_and_prevention	pennsylvania_department_of_health
A/Pennsylvania/1025/2019	centers_for_disease_control_and_prevention	pennsylvania_department_of_health
A/NewJersey/11648/2020	u.s._air_force_school_of_aerospace_medicine	u.s._air_force_school_of_aerospace_medicine_
A/Pennsylvania/11/2020	centers_for_disease_control_and_prevention	pennsylvania_department_of_health
A/Bangladesh/1190810013/2019	centers_for_disease_control_and_prevention	icddr,b_international_centre_for_diarrhoeal_disease_research,_bangladesh
A/Bangladesh/3190610013/2019	centers_for_disease_control_and_prevention	icddr,b_international_centre_for_diarrhoeal_disease_research,_bangladesh
A/Philippines/1551/2019	centers_for_disease_control_and_prevention	research_institute_for_tropical_medicine,_virology_department
A/Bangladesh/1190608005/2019	centers_for_disease_control_and_prevention	icddr,b_international_centre_for_diarrhoeal_disease_research,_bangladesh
A/Bangladesh/2044/2019	centers_for_disease_control_and_prevention	icddr,b_international_centre_for_diarrhoeal_disease_research,_bangladesh
A/Hawaii/19/2020	centers_for_disease_control_and_prevention	state_of_hawaii_department_of_health
A/Bangladesh/34/2019	centers_for_disease_control_and_prevention	icddr,b_international_centre_for_diarrhoeal_disease_research,_bangladesh
A/Philippines/18/2019	who_collaborating_centre_for_reference_and_research_on_influenza	research_institute_of_tropical_medicine
A/Miyazaki/84/2019	national_institute_of_infectious_diseases_(niid)	miyazaki_prefectural_institute_for_public_health_and_environment
A/Yokohama/225/2019	national_institute_of_infectious_diseases_(niid)	yokohama_city_institute_of_public_health.
A/StPetersburg/RII-4182S/2020	who_national_influenza_centre_russian_federation	research_institute_of_influenza,_ministry_of_healthcare_of_the_russian_federation
A/StPetersburg/RII-3383S/2020	who_national_influenza_centre_russian_federation	research_institute_of_influenza,_ministry_of_healthcare_of_the_russian_federation
A/StPetersburg/RII-2865S/2020	who_national_influenza_centre_russian_federation	research_institute_of_influenza,_ministry_of_healthcare_of_the_russian_federation
A/StPetersburg/RII-2347S/2020	who_national_influenza_centre_russian_federation	research_institute_of_influenza,_ministry_of_healthcare_of_the_russian_federation
A/StPetersburg/RII-2112S/2020	who_national_influenza_centre_russian_federation	research_institute_of_influenza,_ministry_of_healthcare_of_the_russian_federation
A/EspiritoSanto/619/2017	who_collaborating_centre_for_reference_and_research_on_influenza	instituto_oswaldo_cruz_fiocruz___laboratory_of_respiratory_viruses_and_measles_(lvrs)
A/Basel/USB0032945/2017	import_from_public_domain	
A/Aichi/38/2018	national_institute_of_infectious_diseases_(niid)	aichi_prefectural_institute_of_public_health
A/Hyogo/1239/2018	national_institute_of_infectious_diseases_(niid)	hyogo_prefectural_institute_of_public_health_and_consumer_sciences
A/StPetersburg/RII-2075S/2019	who_national_influenza_centre_russian_federation	research_institute_of_influenza,_ministry_of_healthcare_of_the_russian_federation
A/StPetersburg/RII-4034S/2019	who_national_influenza_centre_russian_federation	research_institute_of_influenza,_ministry_of_healthcare_of_the_russian_federation
A/Demidov/RII-4183S/2019	who_national_influenza_centre_russian_federation	center_of_hygiene_and_epidemiology_in_smolensk_oblast
A/Koygorodok/RII-4264S/2019	who_national_influenza_centre_russian_federation	"fbuz_""center_of_hygiene_and_epidemiology"""
A/BurkinaFaso/2406/2018	centers_for_disease_control_and_prevention	irss
A/Bangladesh/3005/2018	centers_for_disease_control_and_prevention	institute_of_epidemiology_disease_control_and_research_(iedcr)_&_bangladesh_national_influenza_centre_(nic)
A/Bangladesh/215/2018	centers_for_disease_control_and_prevention	institute_of_epidemiology_disease_control_and_research_(iedcr)_&_bangladesh_national_influenza_centre_(nic)
A/BurkinaFaso/2422/2018	centers_for_disease_control_and_prevention	irss
A/Bangladesh/15214/2018	centers_for_disease_control_and_prevention	institute_of_epidemiology_disease_control_and_research_(iedcr)_&_bangladesh_national_influenza_centre_(nic)
A/Mali/9054/2019	centers_for_disease_control_and_prevention	nic_lab_cvd_mali
A/HongKong/2286/2017-egg	centers_for_disease_control_and_prevention	government_virus_unit
A/Maldives/1438/2017	centers_for_disease_control_and_prevention	ministry_of_health
A/Rhyl/1947/2017	public_health_wales_microbiology	public_health_wales_microbiology
A/Aberystwyth/5413/2017	public_health_wales_microbiology	public_health_wales_microbiology
A/Kamchatka/1/2018	state_research_center_of_virology_and_biotechnology_(vector)	
A/Oita/1/2018	national_institute_of_infectious_diseases_(niid)	oita_prefectural_institute_of_health_and_environment
A/ChampagneArdenne/1366/2018	institut_pasteur	
A/Myanmar/18M151/2018	national_institute_of_infectious_diseases_(niid)	national_health_laboratory
A/Vietnam/GHS180004/2018	centers_for_disease_control_and_prevention	pasteur_institute,_influenza_laboratory
A/Perth/170/2018	who_collaborating_centre_for_reference_and_research_on_influenza	pathwest_qe_ii_medical_centre
A/AbuDhabi/113/2018	centers_for_disease_control_and_prevention	shaikh_khalifa_medical_city
A/AbuDhabi/21/2019	centers_for_disease_control_and_prevention	shaikh_khalifa_medical_city
A/Miyazaki/89/2017	national_institute_of_infectious_diseases_(niid)	miyazaki_prefectural_institute_for_public_health_and_environment
A/SouthAustralia/1054/2017	who_collaborating_centre_for_reference_and_research_on_influenza	institute_of_medical_and_veterinary_science_(imvs)
A/HongKong/4825/2017	centers_for_disease_control_and_prevention	government_virus_unit
A/Philippines/1001/2017	centers_for_disease_control_and_prevention	center_for_medical_microbiology
A/Pakistan/192/2017	centers_for_disease_control_and_prevention	national_institute_of_health
A/HongKong/3550/2017	centers_for_disease_control_and_prevention	government_virus_unit
A/Bangladesh/723/2018	centers_for_disease_control_and_prevention	institute_of_epidemiology_disease_control_and_research_(iedcr)_&_bangladesh_national_influenza_centre_(nic)
A/Bangladesh/2013/2018	centers_for_disease_control_and_prevention	institute_of_epidemiology_disease_control_and_research_(iedcr)_&_bangladesh_national_influenza_centre_(nic)
A/Bangladesh/178/2018	centers_for_disease_control_and_prevention	institute_of_epidemiology_disease_control_and_research_(iedcr)_&_bangladesh_national_influenza_centre_(nic)
A/Bangladesh/974/2018	centers_for_disease_control_and_prevention	institute_of_epidemiology_disease_control_and_research_(iedcr)_&_bangladesh_national_influenza_centre_(nic)
A/Bangladesh/4008/2018	centers_for_disease_control_and_prevention	institute_of_epidemiology_disease_control_and_research_(iedcr)_&_bangladesh_national_influenza_centre_(nic)
A/Bangladesh/1371/2018	centers_for_disease_control_and_prevention	institute_of_epidemiology_disease_control_and_research_(iedcr)_&_bangladesh_national_influenza_centre_(nic)
A/Bangladesh/4004/2018	centers_for_disease_control_and_prevention	institute_of_epidemiology_disease_control_and_research_(iedcr)_&_bangladesh_national_influenza_centre_(nic)
A/AbuDhabi/195/2017	centers_for_disease_control_and_prevention	shaikh_khalifa_medical_city
A/Singapore/TT1683/2017	ministry_of_health,_singapore	ministry_of_health,_singapore
A/AbuDhabi/107/2017	centers_for_disease_control_and_prevention	shaikh_khalifa_medical_city
A/India/9930/2017	centers_for_disease_control_and_prevention	national_institute_of_virology
A/Bangladesh/2016/2017	centers_for_disease_control_and_prevention	institute_of_epidemiology_disease_control_and_research_(iedcr)_&_bangladesh_national_influenza_centre_(nic)
A/Bangladesh/3003/2017	centers_for_disease_control_and_prevention	institute_of_epidemiology_disease_control_and_research_(iedcr)_&_bangladesh_national_influenza_centre_(nic)
A/Victoria/1020/2017	who_collaborating_centre_for_reference_and_research_on_influenza	institute_of_medical_and_veterinary_science_(imvs)
A/Mauritius/CHL-1145/2017	ministry_of_health_and_wellness,_mauritius	national_influenza_centre,_department_of_molecular_biology_and_virology
A/SouthAfrica/R7146/2017	national_institute_of_communicable_diseases	
A/HongKong/CUHK3016/2018	chinese_university_of_hong_kong	the_chinese_university_of_hong_kong
A/Vietnam/217/2018	centers_for_disease_control_and_prevention	national_institute_of_hygiene_and_epidemiology
A/Desnogorsk/RII-4178S/2019	who_national_influenza_centre_russian_federation	center_of_hygiene_and_epidemiology_in_smolensk_oblast
A/Vietnam/240/2018	centers_for_disease_control_and_prevention	national_institute_of_hygiene_and_epidemiology
A/HongKong/CUHK3015/2018	chinese_university_of_hong_kong	the_chinese_university_of_hong_kong
A/HongKong/CUHK3033/2019	chinese_university_of_hong_kong	the_chinese_university_of_hong_kong
A/Dijon/2789/2018	institut_pasteur	
A/Vologda/RII-1090S/2020	who_national_influenza_centre_russian_federation	center_of_hygiene_and_epidemiology_in_vologda_oblast
A/HongKong/CUHK3088/2019	chinese_university_of_hong_kong	the_chinese_university_of_hong_kong
A/Victoria/2120/2018	who_collaborating_centre_for_reference_and_research_on_influenza	alfred_hospital
A/Ulaanbaatar/1381/2019	centers_for_disease_control_and_prevention	national_center_for_communicable_diseases
A/Singapore/MOH0015/2019	ministry_of_health,_singapore	ministry_of_health,_singapore
A/Victoria/2123/2018	who_collaborating_centre_for_reference_and_research_on_influenza	alfred_hospital
A/Darwin/45/2018	who_collaborating_centre_for_reference_and_research_on_influenza	influenza_surveillance_centre_for_disease_control
A/Victoria/743/2018	who_collaborating_centre_for_reference_and_research_on_influenza	monash_medical_centre
A/Vietnam/241/2018	centers_for_disease_control_and_prevention	national_institute_of_hygiene_and_epidemiology
A/HongKong/CUHK3002/2018	chinese_university_of_hong_kong	the_chinese_university_of_hong_kong
A/Fiji/30/2019	who_collaborating_centre_for_reference_and_research_on_influenza	national_centre_for_scientific_services_for_virology__and_vector_borne_diseases
A/Vietnam/229/2018	centers_for_disease_control_and_prevention	national_institute_of_hygiene_and_epidemiology
A/Singapore/GP1116/2019	ministry_of_health,_singapore	ministry_of_health,_singapore
A/Hebei-Luquan/1108/2019	centers_for_disease_control_and_prevention	who_chinese_national_influenza_center
A/Bolivia/436/2020	centers_for_disease_control_and_prevention	instituto_nacional_de_laboratoriosde_salud_(inlasa)
A/Bolivia/430/2020	centers_for_disease_control_and_prevention	instituto_nacional_de_laboratoriosde_salud_(inlasa)
A/HongKong/CUHK3101/2019	chinese_university_of_hong_kong	the_chinese_university_of_hong_kong
A/Jiangsu-wuxi/128/2020	wuxi_center_for_disease_control_and_prevention	wuxi_center_for_disease_control_and_prevention
A/Jiangsu-wuxi/152/2020	wuxi_center_for_disease_control_and_prevention	wuxi_center_for_disease_control_and_prevention
A/Vietnam/204/2018	centers_for_disease_control_and_prevention	national_institute_of_hygiene_and_epidemiology
A/AbuDhabi/53/2019	centers_for_disease_control_and_prevention	shaikh_khalifa_medical_city
A/Bolivia/1115/2019	centers_for_disease_control_and_prevention	instituto_nacional_de_laboratoriosde_salud_(inlasa)
A/Santiago/54567/2019	instituto_de_salud_publica_de_chile	instituto_de_salud_publica_de_chile
A/Bangor/4641/2019	public_health_wales_microbiology_cardiff	public_health_wales_microbiology_cardiff
A/NewCaledonia/58/2019	who_collaborating_centre_for_reference_and_research_on_influenza	institut_pasteur_new_caledonia
A/HongKong/116/2019	centers_for_disease_control_and_prevention	government_virus_unit
A/Canberra/399/2019	who_collaborating_centre_for_reference_and_research_on_influenza	canberra_hospital
A/Noyabrsk/RII-2488S/2019	who_national_influenza_centre_russian_federation	center_of_hygiene_and_epidemiology_in_yamalo_nenets_autonomous_okrug
A/Kanagawa/ZC1805/2019	centers_for_disease_control_and_prevention	national_institute_of_infectious_diseases_(niid)
A/Brisbane/146/2018	who_collaborating_centre_for_reference_and_research_on_influenza	queensland_health_scientific_services
A/Newcastle/82/2018-egg	centers_for_disease_control_and_prevention	john_hunter_hospital
A/Newcastle/82/2018	centers_for_disease_control_and_prevention	john_hunter_hospital
A/SouthAustralia/9/2020	who_collaborating_centre_for_reference_and_research_on_influenza	institute_of_medical_and_veterinary_science_(imvs)
A/Stockholm/9/2020	public_health_agency_of_sweden	klinisk_mikrobiologi,_karolinska_universitetslaboratoriet,_karolinska_universitetssjukhuset_solna
A/Lao/3128/2019	centers_for_disease_control_and_prevention	national_center_for_laboratory_and_epidemiology
A/Fiji/31/2019	who_collaborating_centre_for_reference_and_research_on_influenza	national_centre_for_scientific_services_for_virology__and_vector_borne_diseases
A/RioClaro/1209788-IAL/2019	centers_for_disease_control_and_prevention	instituto_adolfo_lutz
A/Yokohama/87/2019	national_institute_of_infectious_diseases_(niid)	yokohama_city_institute_of_public_health.
A/Kanagawa/IC18103/2019	national_institute_of_infectious_diseases_(niid)	national_institute_of_infectious_diseases_(niid)
A/Singapore/GP1657/2019	ministry_of_health,_singapore	ministry_of_health,_singapore
A/BurryPort/1888/2019	public_health_wales_microbiology_cardiff	public_health_wales_microbiology_cardiff
A/Lao/3188/2019	centers_for_disease_control_and_prevention	national_center_for_laboratory_and_epidemiology
A/Kanagawa/AC1826/2019	national_institute_of_infectious_diseases_(niid)	national_institute_of_infectious_diseases_(niid)
A/Sydney/53/2019-egg	centers_for_disease_control_and_prevention	clinical_virology_unit,_cdim
A/SouthAustralia/34/2019	centers_for_disease_control_and_prevention	institute_of_medical_and_veterinary_science_(imvs)
A/HongKong/CUHK3022/2019	chinese_university_of_hong_kong	the_chinese_university_of_hong_kong
A/Sizyabsk/RII-4261S/2019	who_national_influenza_centre_russian_federation	"fbuz_""center_of_hygiene_and_epidemiology"""
A/Galve/4/2019	public_health_agency_of_sweden	
A/Jiangsu-wuxi/119/2019	wuxi_center_for_disease_control_and_prevention	wuxi_center_for_disease_control_and_prevention
A/Saskatchewan/RV1804/2019	centers_for_disease_control_and_prevention	national_microbiology_laboratory,_health_canada
A/SouthAustralia/34/2019-egg	centers_for_disease_control_and_prevention	institute_of_medical_and_veterinary_science_(imvs)
A/Lao/2798/2019	centers_for_disease_control_and_prevention	national_center_for_laboratory_and_epidemiology
A/Lao/3185/2019	centers_for_disease_control_and_prevention	national_center_for_laboratory_and_epidemiology
A/Lao/39/2020	centers_for_disease_control_and_prevention	national_center_for_laboratory_and_epidemiology
A/Suriname/886/2019	centers_for_disease_control_and_prevention	central_laboratory,_bureau_of_public_health
A/Lao/114/2020	centers_for_disease_control_and_prevention	national_center_for_laboratory_and_epidemiology
A/Lao/127/2020	centers_for_disease_control_and_prevention	national_center_for_laboratory_and_epidemiology
A/Alsace/1212/2019	institut_pasteur	
A/Singapore/GP2093/2018	ministry_of_health,_singapore	ministry_of_health,_singapore
A/Christchurch/515/2019-egg	centers_for_disease_control_and_prevention	canterbury_health_services
A/Kanagawa/IC18144/2019	national_institute_of_infectious_diseases_(niid)	national_institute_of_infectious_diseases_(niid)
A/Washington/46/2020	centers_for_disease_control_and_prevention	marshfield_clinic_research_foundation
A/Wisconsin/570/2019	centers_for_disease_control_and_prevention	wisconsin_state_laboratory_of_hygiene
A/Kanagawa/ZC1854/2019	national_institute_of_infectious_diseases_(niid)	national_institute_of_infectious_diseases_(niid)
A/CaymanIslands/6663/2020	centers_for_disease_control_and_prevention	caribbean_epidemiology_center
A/SantaCatarina/927/2019	instituto_oswaldo_cruz_fiocruz___laboratory_of_respiratory_viruses_and_measles_(lvrs)	lacen_sc
A/Taiwan/70430/2019	centers_for_disease_control_and_prevention	adimmune_corporation
A/Kanagawa/IC18141/2019	national_institute_of_infectious_diseases_(niid)	national_institute_of_infectious_diseases_(niid)
A/Kanagawa/ZC1833/2019	national_institute_of_infectious_diseases_(niid)	national_institute_of_infectious_diseases_(niid)
A/Kanagawa/IC1869/2019	national_institute_of_infectious_diseases_(niid)	national_institute_of_infectious_diseases_(niid)
A/Singapore/KK1130/2019	ministry_of_health,_singapore	ministry_of_health,_singapore
A/Singapore/TT0692/2019	ministry_of_health,_singapore	ministry_of_health,_singapore
A/SosnovyiBor/RII-1864S/2019	who_national_influenza_centre_russian_federation	research_institute_of_influenza,_ministry_of_healthcare_of_the_russian_federation
A/HongKong/38/2019	centers_for_disease_control_and_prevention	hong_kong_department_of_health
A/Moscow/128/2019	centers_for_disease_control_and_prevention	ivanovsky_research_institute_of_virology_rams
A/SouthKorea/11274/2020	u.s._air_force_school_of_aerospace_medicine	u.s._air_force_school_of_aerospace_medicine_
A/SouthKorea/11271/2020	u.s._air_force_school_of_aerospace_medicine	u.s._air_force_school_of_aerospace_medicine_
A/SouthKorea/11267/2020	u.s._air_force_school_of_aerospace_medicine	u.s._air_force_school_of_aerospace_medicine_
A/SouthKorea/11272/2020	u.s._air_force_school_of_aerospace_medicine	u.s._air_force_school_of_aerospace_medicine_
A/SouthKorea/11273/2020	u.s._air_force_school_of_aerospace_medicine	u.s._air_force_school_of_aerospace_medicine_
A/SouthAfrica/R06421/2019-egg	centers_for_disease_control_and_prevention	national_institute_for_communicable_disease
A/Luxembourg/19008311/2019	laboratoire_national_de_sant?	laboratoire_national_de_santé_
A/Kanagawa/AC1868/2019	national_institute_of_infectious_diseases_(niid)	national_institute_of_infectious_diseases_(niid)
A/Kanagawa/ZC1805/2019-egg	centers_for_disease_control_and_prevention	national_institute_of_infectious_diseases_(niid)
A/Groznyi/RII-2749S/2019	who_national_influenza_centre_russian_federation	center_of_hygiene_and_epidemiology_in_republic of_chechnya
A/SouthAustralia/1024/2019	who_collaborating_centre_for_reference_and_research_on_influenza	institute_of_medical_and_veterinary_science_(imvs)
A/Minnesota/21/2020	centers_for_disease_control_and_prevention	minnesota_department_of_health
A/RioDeJaneiro/406/2020	centers_for_disease_control_and_prevention	instituto_oswaldo_cruz_fiocruz___laboratory_of_respiratory_viruses_and_measles_(lvrs)
A/RiodeJaneiro/406/2020	instituto_oswaldo_cruz_fiocruz___laboratory_of_respiratory_viruses_and_measles_(lvrs)	laboratório_central_de_saúde_pública_(lacen_rj)
A/MinasGerais/70/2020	centers_for_disease_control_and_prevention	instituto_oswaldo_cruz_fiocruz___laboratory_of_respiratory_viruses_and_measles_(lvrs)
A/MinasGerais/12694/2020	centers_for_disease_control_and_prevention	instituto_oswaldo_cruz_fiocruz___laboratory_of_respiratory_viruses_and_measles_(lvrs)
A/Parana/1994/2020	instituto_oswaldo_cruz_fiocruz___laboratory_of_respiratory_viruses_and_measles_(lvrs)	laboratório_central_do_estado_do_paraná___lacen/pr
A/MinasGerais/12709/2020	centers_for_disease_control_and_prevention	instituto_oswaldo_cruz_fiocruz___laboratory_of_respiratory_viruses_and_measles_(lvrs)
A/Alagoas/496/2020	centers_for_disease_control_and_prevention	instituto_oswaldo_cruz_fiocruz___laboratory_of_respiratory_viruses_and_measles_(lvrs)
A/Parana/1990/2020	instituto_oswaldo_cruz_fiocruz___laboratory_of_respiratory_viruses_and_measles_(lvrs)	laboratório_central_do_estado_do_paraná___lacen/pr
A/Perth/1107/2019	who_collaborating_centre_for_reference_and_research_on_influenza	institute_of_medical_and_veterinary_science_(imvs)
A/Sydney/189/2019	who_collaborating_centre_for_reference_and_research_on_influenza	clinical_virology_unit,_cdim
A/Darwin/541/2019	who_collaborating_centre_for_reference_and_research_on_influenza	influenza_surveillance_centre_for_disease_control
A/SouthAustralia/1062/2019	who_collaborating_centre_for_reference_and_research_on_influenza	institute_of_medical_and_veterinary_science_(imvs)
A/SouthAustralia/255/2019	who_collaborating_centre_for_reference_and_research_on_influenza	institute_of_medical_and_veterinary_science_(imvs)
A/Perth/1055/2019	who_collaborating_centre_for_reference_and_research_on_influenza	institute_of_medical_and_veterinary_science_(imvs)
A/SouthAustralia/1014/2019	who_collaborating_centre_for_reference_and_research_on_influenza	institute_of_medical_and_veterinary_science_(imvs)
A/Darwin/419/2019	who_collaborating_centre_for_reference_and_research_on_influenza	influenza_surveillance_centre_for_disease_control
A/Darwin/414/2019	who_collaborating_centre_for_reference_and_research_on_influenza	influenza_surveillance_centre_for_disease_control
A/Perth/1101/2019	who_collaborating_centre_for_reference_and_research_on_influenza	institute_of_medical_and_veterinary_science_(imvs)
A/SouthAustralia/1021/2019	who_collaborating_centre_for_reference_and_research_on_influenza	institute_of_medical_and_veterinary_science_(imvs)
A/Perth/1131/2019	who_collaborating_centre_for_reference_and_research_on_influenza	institute_of_medical_and_veterinary_science_(imvs)
A/Sydney/1074/2019	who_collaborating_centre_for_reference_and_research_on_influenza	institute_of_medical_and_veterinary_science_(imvs)
A/Sydney/1054/2019	who_collaborating_centre_for_reference_and_research_on_influenza	institute_of_medical_and_veterinary_science_(imvs)
A/Stockholm/17/2020	public_health_agency_of_sweden	klinisk_mikrobiologi,_karolinska_universitetslaboratoriet,_karolinska_universitetssjukhuset_solna
A/Santiago/4891/2020	centers_for_disease_control_and_prevention	instituto_de_salud_publica_de_chile
A/Mississippi/11174/2020	u.s._air_force_school_of_aerospace_medicine	u.s._air_force_school_of_aerospace_medicine_
A/Minnesota/64/2019	centers_for_disease_control_and_prevention	minnesota_department_of_health
A/Hawaii/81/2019	centers_for_disease_control_and_prevention	state_of_hawaii_department_of_health
A/Alagoas/552/2020	centers_for_disease_control_and_prevention	instituto_oswaldo_cruz_fiocruz___laboratory_of_respiratory_viruses_and_measles_(lvrs)
A/Monmouth/982/2020	public_health_wales_microbiology_cardiff	public_health_wales_microbiology_cardiff
A/England/200260435/2020	microbiology_services_colindale,_public_health_england	microbiology_services_colindale,_public_health_england
A/Argentina/14818/2020	centers_for_disease_control_and_prevention	intituto_nacional_de_epidemiologia
A/PuntaArenas/13357/2020	centers_for_disease_control_and_prevention	instituto_de_salud_publica_de_chile
A/Norway/3275/2018-egg	centers_for_disease_control_and_prevention	who_national_influenza_centre
A/Norway/3275/2018	centers_for_disease_control_and_prevention	who_national_influenza_centre
A/Maldives/343/2018	centers_for_disease_control_and_prevention	ministry_of_health
A/Singapore/KK0261/2019	ministry_of_health,_singapore	ministry_of_health,_singapore
A/Maldives/941/2018	centers_for_disease_control_and_prevention	ministry_of_health
A/Maldives/925/2018	centers_for_disease_control_and_prevention	ministry_of_health
A/Maldives/980/2018	centers_for_disease_control_and_prevention	ministry_of_health
A/Maldives/1001/2018	centers_for_disease_control_and_prevention	ministry_of_health
A/Maldives/462/2018	centers_for_disease_control_and_prevention	ministry_of_health
A/HongKong/CUHK3004/2018	chinese_university_of_hong_kong	the_chinese_university_of_hong_kong
A/Kanagawa/IC1820/2019	national_institute_of_infectious_diseases_(niid)	national_institute_of_infectious_diseases_(niid)
A/SriLanka/59/2018	who_collaborating_centre_for_reference_and_research_on_influenza	medical_research_institute
A/HongKong/CUHK3026/2019	chinese_university_of_hong_kong	the_chinese_university_of_hong_kong
A/HongKong/CUHK3025/2019	chinese_university_of_hong_kong	the_chinese_university_of_hong_kong
A/Kuwait/6433/2018	centers_for_disease_control_and_prevention	public_health_laboratory,_virology_unit
A/BurkinaFaso/1077/2018	centers_for_disease_control_and_prevention	irss
A/Kuwait/713/2019	centers_for_disease_control_and_prevention	public_health_laboratory,_virology_unit
A/Mali/101/2018	centers_for_disease_control_and_prevention	nic_lab_cvd_mali
A/BurkinaFaso/2401/2018	centers_for_disease_control_and_prevention	irss
A/Mali/91/2018	centers_for_disease_control_and_prevention	nic_lab_cvd_mali
A/Abudhabi/106/2019	centers_for_disease_control_and_prevention	shaikh_khalifa_medical_city
A/StPetersburg/RII-2191S/2020	who_national_influenza_centre_russian_federation	research_institute_of_influenza,_ministry_of_healthcare_of_the_russian_federation
A/StPetersburg/RII-2483S/2020	who_national_influenza_centre_russian_federation	research_institute_of_influenza,_ministry_of_healthcare_of_the_russian_federation
A/Bahia/466223/2020	laborat?rio_central_de_sa?de_publica_do_estado_da_bahia	laboratório_central_de_saúde_pública_professor_gonçalo_moniz,_lacen_ba
A/StPetersburg/RII-721S/2020	who_national_influenza_centre_russian_federation	research_institute_of_influenza,_ministry_of_healthcare_of_the_russian_federation
A/StPetersburg/RII-1656S/2020	who_national_influenza_centre_russian_federation	research_institute_of_influenza,_ministry_of_healthcare_of_the_russian_federation
A/Groznyi/RII-2764S/2019	who_national_influenza_centre_russian_federation	center_of_hygiene_and_epidemiology_in_republic of_chechnya
A/StPetersburg/RII-1384S/2020	who_national_influenza_centre_russian_federation	research_institute_of_influenza,_ministry_of_healthcare_of_the_russian_federation
A/Yokohama/168/2019	centers_for_disease_control_and_prevention	yokohama_city_institute_of_public_health.
A/Spain/11649/2020	u.s._air_force_school_of_aerospace_medicine	u.s._air_force_school_of_aerospace_medicine_
A/Singapore/GP1619/2019	ministry_of_health,_singapore	ministry_of_health,_singapore
A/Bhutan/1104/2020	centers_for_disease_control_and_prevention	royal_centre_for_disease_control
A/Bhutan/1129/2020	centers_for_disease_control_and_prevention	royal_centre_for_disease_control
A/Norway/2279/2019-egg	centers_for_disease_control_and_prevention	who_national_influenza_centre
A/StPetersburg/RII-2015S/2020	who_national_influenza_centre_russian_federation	research_institute_of_influenza,_ministry_of_healthcare_of_the_russian_federation
A/Texas/11278/2020	u.s._air_force_school_of_aerospace_medicine	u.s._air_force_school_of_aerospace_medicine_
A/Taiwan/83402/2019	centers_for_disease_control_and_prevention	adimmune_corporation
A/RhodeIsland/6/2020	centers_for_disease_control_and_prevention	rhode_island_department_of_health
A/Montana/68/2019	centers_for_disease_control_and_prevention	montana_laboratory_services_bureau
A/Tasmania/503/2020-egg	centers_for_disease_control_and_prevention	hobart_pathology
A/Tasmania/503/2020	centers_for_disease_control_and_prevention	hobart_pathology
A/Singapore/TT0320/2022	ministry_of_health,_singapore	ministry_of_health,_singapore
A/Saitama/92/2020	centers_for_disease_control_and_prevention	saitama_institute_of_public_health
A/Saitama/92/2020-egg	centers_for_disease_control_and_prevention	saitama_institute_of_public_health
A/Finland/183/2020-egg	centers_for_disease_control_and_prevention	national_institute_for_health_and_welfare
A/TimorLeste/9/2021	who_collaborating_centre_for_reference_and_research_on_influenza	laboratório_nacional_da_saúde
A/Darwin/2/2021	who_collaborating_centre_for_reference_and_research_on_influenza	influenza_surveillance_centre_for_disease_control
A/Darwin/1/2021	who_collaborating_centre_for_reference_and_research_on_influenza	influenza_surveillance_centre_for_disease_control
A/Darwin/113/2020	who_collaborating_centre_for_reference_and_research_on_influenza	influenza_surveillance_centre_for_disease_control
A/Darwin/132/2020	who_collaborating_centre_for_reference_and_research_on_influenza	influenza_surveillance_centre_for_disease_control
A/Miyagi/1/2021	national_institute_of_infectious_diseases_(niid)	miyagi_prefectural_institute_of_public_health_and_environment
A/Miyagi/2/2021	national_institute_of_infectious_diseases_(niid)	miyagi_prefectural_institute_of_public_health_and_environment
A/TimorLeste/172/2022	who_collaborating_centre_for_reference_and_research_on_influenza	laboratório_nacional_da_saúde
A/Singapore/NUH0768/2023	ministry_of_health,_singapore	ministry_of_health,_singapore
A/England/235140372/2023	ukhsa_/_respiratory_virus_unit	uk_health_security_agency___colindale
A/Suriname/505/2023	centers_for_disease_control_and_prevention	central_laboratory,_bureau_of_public_health
A/Singapore/TT0932/2023	ministry_of_health,_singapore	ministry_of_health,_singapore
A/Lao/820-0068/2021	moru_tropical_health_network	lao_oxford_mahosot_wellcome_trust_research_unit_(lomwru)
A/Vietnam/Vnhcm-Gs535/2019	centers_for_disease_control_and_prevention	pasteur_institute,_influenza_laboratory
A/Vietnam/Vnhcm-Gs448/2019	centers_for_disease_control_and_prevention	pasteur_institute,_influenza_laboratory
A/Cambodia/796/2020	centers_for_disease_control_and_prevention	national_public_health_laboratory
A/Lao/1293/2021	centers_for_disease_control_and_prevention	national_center_for_laboratory_and_epidemiology
A/Cambodia/e0826360/2020-egg	centers_for_disease_control_and_prevention	institute_pasteur_du_cambodia
A/Lao/785/2021	centers_for_disease_control_and_prevention	national_center_for_laboratory_and_epidemiology
A/Maldives/758/2021	centers_for_disease_control_and_prevention	ministry_of_health
A/Maldives/478/2021	centers_for_disease_control_and_prevention	ministry_of_health
A/Lao/F0826/2021	national_institute_of_infectious_diseases_(niid)	national_center_for_laboratory_and_epidemiology
A/Cambodia/984/2020	centers_for_disease_control_and_prevention	national_public_health_laboratory
A/Bangkok/62/2020	centers_for_disease_control_and_prevention	who_national_influenza_centre,_national_institute_of_medical_research_(nimr)
A/Bangkok/59/2020	centers_for_disease_control_and_prevention	who_national_influenza_centre,_national_institute_of_medical_research_(nimr)
A/Cambodia/E0826360/2020	centers_for_disease_control_and_prevention	who_collaborating_centre_for_reference_and_research_on_influenza
A/Cambodia/3648/2020	centers_for_disease_control_and_prevention	national_public_health_laboratory
A/Lao/F1221/2021	national_institute_of_infectious_diseases_(niid)	national_center_for_laboratory_and_epidemiology
A/Lao/F0993/2021	national_institute_of_infectious_diseases_(niid)	national_center_for_laboratory_and_epidemiology
A/Vietnam/Vnhcm-Gs520/2020	centers_for_disease_control_and_prevention	pasteur_institute,_influenza_laboratory
A/Cambodia/1176/2020	centers_for_disease_control_and_prevention	national_public_health_laboratory
A/Cambodia/E0826360/2020-egg	centers_for_disease_control_and_prevention	who_collaborating_centre_for_reference_and_research_on_influenza
A/Lao/F1071/2021	national_institute_of_infectious_diseases_(niid)	national_center_for_laboratory_and_epidemiology
A/Lao/1421/2021	centers_for_disease_control_and_prevention	national_center_for_laboratory_and_epidemiology
A/Lao/924/2021	centers_for_disease_control_and_prevention	national_center_for_laboratory_and_epidemiology
A/Lao/1424/2021	centers_for_disease_control_and_prevention	national_center_for_laboratory_and_epidemiology
A/Cambodia/e1012396/2020	who_collaborating_centre_for_reference_and_research_on_influenza	institute_pasteur_du_cambodia
A/Lao/1747/2020	centers_for_disease_control_and_prevention	national_center_for_laboratory_and_epidemiology
A/Yamagata/2/2021	national_institute_of_infectious_diseases_(niid)	yamagata_prefectural_institute_of_public_health
A/Yamagata/1/2021	centers_for_disease_control_and_prevention	yamagata_prefectural_institute_of_public_health
A/Zhejiang-NH/1948/2022	zhejiang_provincial_center_for_disease_control_and_prevention	jiaxing_cdc
A/Guangzhou/86/2022	the_university_of_hong_kong	the_first_affiliated_hospital_of_guangzhou_medical_university
A/Zhejiang-NH/318/2022	zhejiang_provincial_center_for_disease_control_and_prevention	jiaxing_center_for_disease_control_and_prevention
A/Rencheng/1992/2022	jining_center_for_disease_control_and_prevention	_jining_center_for_disease_control_and_prevention
A/Zhejiang-Gongshu/1920/2022-egg	centers_for_disease_control_and_prevention	who_chinese_national_influenza_center
A/Jiangsu-wuxi/729/2022	wuxi_center_for_disease_control_and_prevention	wuxi_center_for_disease_control_and_prevention
A/Rencheng/11137/2022	jining_center_for_disease_control_and_prevention	_jining_center_for_disease_control_and_prevention
A/Zhejiang-NH/11059/2022	zhejiang_provincial_center_for_disease_control_and_prevention	jiaxing_cdc
A/Jiangsu-wuxi/801/2022	wuxi_center_for_disease_control_and_prevention	wuxi_center_for_disease_control_and_prevention
A/Rencheng/11049/2022	jining_center_for_disease_control_and_prevention	_jining_center_for_disease_control_and_prevention
A/Rencheng/11005/2022	jining_center_for_disease_control_and_prevention	_jining_center_for_disease_control_and_prevention
A/Guizhou-Liuzhite/326/2022	centers_for_disease_control_and_prevention	who_chinese_national_influenza_center
A/Hubei-Zhushan/2360/2022	centers_for_disease_control_and_prevention	who_chinese_national_influenza_center
A/Zhejiang-NH/1820/2022	zhejiang_provincial_center_for_disease_control_and_prevention	jiaxing_cdc
A/Sichuan-Fucheng/11625/2022-egg	centers_for_disease_control_and_prevention	who_chinese_national_influenza_center
A/Zhejiang-NH/1800/2022	zhejiang_provincial_center_for_disease_control_and_prevention	jiaxing_cdc
A/Indonesia/BIOKES-IBKL1068/2022	balai_besar_laboratorium_biologi_kesehatan	balai_besar_laboratorium_biologi_kesehatan
A/Darwin/53/2021	who_collaborating_centre_for_reference_and_research_on_influenza	royal_darwin_hospital
A/Afghanistan/5317/2021	centers_for_disease_control_and_prevention	national_public_health_laboratory
A/Kenya/119/2021	centers_for_disease_control_and_prevention	cdc_kenya
A/Michigan/173/2020	centers_for_disease_control_and_prevention	michigan_department_of_community_health
A/Michigan/173/2020-egg	centers_for_disease_control_and_prevention	michigan_department_of_community_health
A/AbuDhabi/2210622842/2021	centers_for_disease_control_and_prevention	shaikh_khalifa_medical_city
A/Kenya/121/2021	centers_for_disease_control_and_prevention	cdc_kenya
A/StPetersburg/RII-3872S/2021	who_national_influenza_centre_russian_federation	research_institute_of_influenza,_ministry_of_healthcare_of_the_russian_federation
A/StPetersburg/RII-5501S/2021	who_national_influenza_centre_russian_federation	research_institute_of_influenza,_ministry_of_healthcare_of_the_russian_federation
A/Netherlands/10217/2021	national_institute_for_public_health_and_the_environment_(rivm)	national_institute_for_public_health_and_the_environment_(rivm)
A/Afghanistan/4955/2021	centers_for_disease_control_and_prevention	national_public_health_laboratory
A/Darwin/36/2021	who_collaborating_centre_for_reference_and_research_on_influenza	royal_darwin_hospital
A/Darwin/36/2021-egg	centers_for_disease_control_and_prevention	royal_darwin_hospital
A/Alagoas/CEVI_2200215/2021	instituto_butantan	instituto_butantan
A/Singapore/INFKK0002/2021-egg	who_collaborating_centre_for_reference_and_research_on_influenza	ministry_of_health,_singapore
A/Singapore/INFKK0002/2021	ministry_of_health,_singapore	ministry_of_health,_singapore
A/Singapore/INFTT0001/2021	ministry_of_health,_singapore	ministry_of_health,_singapore
A/Pennsylvania/1/2021-egg	centers_for_disease_control_and_prevention	pennsylvania_department_of_health
A/Pennsylvania/1/2021	centers_for_disease_control_and_prevention	pennsylvania_department_of_health
A/Pakistan/ICT12/2021	centers_for_disease_control_and_prevention	national_institute_of_health
A/Madagascar/3049/2022	centers_for_disease_control_and_prevention	institut_pasteur_de_madagascar
A/Madagascar/3046/2021	centers_for_disease_control_and_prevention	institut_pasteur_de_madagascar
A/Bangladesh/1004005/2020	centers_for_disease_control_and_prevention	icddr,b_international_centre_for_diarrhoeal_disease_research,_bangladesh
A/Bangladesh/1010009/2020	centers_for_disease_control_and_prevention	icddr,b_international_centre_for_diarrhoeal_disease_research,_bangladesh
A/Bangladesh/1166/2020	centers_for_disease_control_and_prevention	institute_of_epidemiology_disease_control_and_research_(iedcr)_&_bangladesh_national_influenza_centre_(nic)
A/Bangladesh/1157/2020	centers_for_disease_control_and_prevention	institute_of_epidemiology_disease_control_and_research_(iedcr)_&_bangladesh_national_influenza_centre_(nic)
A/Bangladesh/1200903001/2020	centers_for_disease_control_and_prevention	icddr,b_international_centre_for_diarrhoeal_disease_research,_bangladesh
A/Bangladesh/3201003001/2020	centers_for_disease_control_and_prevention	icddr,b_international_centre_for_diarrhoeal_disease_research,_bangladesh
A/Bangladesh/4/2020	centers_for_disease_control_and_prevention	icddr,b_international_centre_for_diarrhoeal_disease_research,_bangladesh
A/Bangladesh/2017/2020	centers_for_disease_control_and_prevention	icddr,b_international_centre_for_diarrhoeal_disease_research,_bangladesh
A/Bangladesh/2010/2020	centers_for_disease_control_and_prevention	icddr,b_international_centre_for_diarrhoeal_disease_research,_bangladesh
A/Bangladesh/2014/2020	centers_for_disease_control_and_prevention	icddr,b_international_centre_for_diarrhoeal_disease_research,_bangladesh
A/Bangladesh/1201012021/2020	centers_for_disease_control_and_prevention	icddr,b_international_centre_for_diarrhoeal_disease_research,_bangladesh
A/Bangladesh/1005/2020	centers_for_disease_control_and_prevention	institute_of_epidemiology_disease_control_and_research_(iedcr)_&_bangladesh_national_influenza_centre_(nic)
A/Bangladesh/1019/2020	centers_for_disease_control_and_prevention	institute_of_epidemiology_disease_control_and_research_(iedcr)_&_bangladesh_national_influenza_centre_(nic)
A/Bangladesh/8009/2020	centers_for_disease_control_and_prevention	icddr,b_international_centre_for_diarrhoeal_disease_research,_bangladesh
A/Bangladesh/1002/2020	centers_for_disease_control_and_prevention	icddr,b_international_centre_for_diarrhoeal_disease_research,_bangladesh
A/Bangladesh/3005/2020	centers_for_disease_control_and_prevention	icddr,b_international_centre_for_diarrhoeal_disease_research,_bangladesh
A/Darwin/6/2021-egg	centers_for_disease_control_and_prevention	who_collaborating_centre_for_reference_and_research_on_influenza
A/Darwin/6/2021	centers_for_disease_control_and_prevention	who_collaborating_centre_for_reference_and_research_on_influenza
A/Indonesia/BIOKES-IPAL0890/2022	balai_besar_laboratorium_biologi_kesehatan	balai_besar_laboratorium_biologi_kesehatan
A/Indonesia/BIOKES-ISMG0753/2021	balai_besar_laboratorium_biologi_kesehatan	balai_besar_laboratorium_biologi_kesehatan
A/Indonesia/BIOKES-IBKL1066/2022	balai_besar_laboratorium_biologi_kesehatan	balai_besar_laboratorium_biologi_kesehatan
A/Nepal/21FL2699/2021	centers_for_disease_control_and_prevention	national_public_health_laboratory
A/England/214720679/2021	uk_health_security_agency___colindale	uk_health_security_agency___colindale
A/Darwin/12/2021	who_collaborating_centre_for_reference_and_research_on_influenza	influenza_surveillance_centre_for_disease_control
A/India/Pune-NIVSARI_22_575/2022	icmr_national_institute_of_virology	icmr_national_institute_of_virology
A/Bhutan/7/2023	centers_for_disease_control_and_prevention	royal_centre_for_disease_control
A/Darwin/9/2021-egg	national_institute_for_biological_standards_and_control_(nibsc)	victorian_infectious_diseases_reference_laboratory_
A/StPetersburg/RII-5509S/2021	who_national_influenza_centre_russian_federation	research_institute_of_influenza,_ministry_of_healthcare_of_the_russian_federation
A/Darwin/11/2021	centers_for_disease_control_and_prevention	influenza_surveillance_centre_for_disease_control
A/Madagascar/2881/2022	centers_for_disease_control_and_prevention	institut_pasteur_de_madagascar
A/Madagascar/3202/2022	centers_for_disease_control_and_prevention	institut_pasteur_de_madagascar
A/California/206/2022	centers_for_disease_control_and_prevention	marshfield_clinic_research_foundation
A/Kawasaki/1/2022	national_institute_of_infectious_diseases_(niid)	kawasaki_city_institute_of_public_health_
A/Wakayama/1/2022	national_institute_of_infectious_diseases_(niid)	wakayama_prefectural_research_center_of_environment_and_public_health
A/Sapporo/1/2022	national_institute_of_infectious_diseases_(niid)	sapporo_city_institute_of_public_health
A/Yamaguchi/2/2022	national_institute_of_infectious_diseases_(niid)	yamaguchi_prefectural_institute_of_public_health_and_environment
A/Fukui/1/2022	national_institute_of_infectious_diseases_(niid)	fukui_prefectural_institute_of_public_health
A/Ibaraki/1/2022	national_institute_of_infectious_diseases_(niid)	ibaraki_prefectural_institute_of_public_health
A/Hyogo/4010/2022	national_institute_of_infectious_diseases_(niid)	hyogo_prefectural_institute_of_public_health_and_consumer_sciences
A/Baalbek/6891/2021	crick_worldwide_influenza_centre	rafic_hariri_university_hospital_4th_floor_dna/research_lab
A/Kyiv/407/2022	maladies_infectieuses,_hospices_civils_de_lyon	institute_of_epidemiology_and_infectious_diseases_ams_of_ukraine
A/NizhnyNovgorod/360V/2021	state_research_center_of_virology_and_biotechnology_(vector)	state_research_center_of_virology_and_biotechnology_(vector)
A/StPetersburg/RII-7683S/2021	who_national_influenza_centre_russian_federation	research_institute_of_influenza,_ministry_of_healthcare_of_the_russian_federation
A/Saitama/1/2021	national_institute_of_infectious_diseases_(niid)	saitama_institute_of_public_health
A/StPetersburg/RII-4596S/2021	who_national_influenza_centre_russian_federation	research_institute_of_influenza,_ministry_of_healthcare_of_the_russian_federation
A/StPetersburg/RII-5708S/2021	who_national_influenza_centre_russian_federation	research_institute_of_influenza,_ministry_of_healthcare_of_the_russian_federation
A/StPetersburg/RII-3675S/2021	who_national_influenza_centre_russian_federation	research_institute_of_influenza,_ministry_of_healthcare_of_the_russian_federation
A/StPetersburg/RII-4642S/2021	who_national_influenza_centre_russian_federation	research_institute_of_influenza,_ministry_of_healthcare_of_the_russian_federation
A/Severodvinsk/RII-MH39030S/2021	who_national_influenza_centre_russian_federation	center_of_hygiene_and_epidemiology_in_arkhangelsk_region
A/Denmark/1769/2022	statens_serum_institute	statens_serum_institute
A/Vladimir/8/2021	centers_for_disease_control_and_prevention	ivanovsky_research_institute_of_virology_rams
A/Delaware/1/2021-egg	centers_for_disease_control_and_prevention	delaware_public_health_lab
A/Delaware/1/2021	centers_for_disease_control_and_prevention	delaware_public_health_lab
A/Lao/F1902/2022	national_institute_of_infectious_diseases_(niid)	national_center_for_laboratory_and_epidemiology
A/Lao/925-0294/2022	moru_tropical_health_network	lao_oxford_mahosot_wellcome_trust_research_unit_(lomwru)
A/Lao/820-0842/2022	moru_tropical_health_network	lao_oxford_mahosot_wellcome_trust_research_unit_(lomwru)
A/ChiangRai/NIC-P2615/2022	thai_national_influenza_center	thai_national_influenza_center
A/Denmark/3029/2022	statens_serum_institute	statens_serum_institute
A/Switzerland/43079/2022	swiss_national_reference_centre_for_influenza	swiss_national_reference_centre_for_influenza
A/Sydney/19/2021	who_collaborating_centre_for_reference_and_research_on_influenza	clinical_virology_unit,_cdim
A/Sydney/18/2021	who_collaborating_centre_for_reference_and_research_on_influenza	clinical_virology_unit,_cdim
A/Sydney/24/2021	who_collaborating_centre_for_reference_and_research_on_influenza	clinical_virology_unit,_cdim
A/Brazil/5009/2022	centers_for_disease_control_and_prevention	instituto_adolfo_lutz
A/Denmark/2874/2022	statens_serum_institute	statens_serum_institute
A/Darwin/19/2021	who_collaborating_centre_for_reference_and_research_on_influenza	influenza_surveillance_centre_for_disease_control
A/Darwin/18/2021	who_collaborating_centre_for_reference_and_research_on_influenza	influenza_surveillance_centre_for_disease_control
A/CostaRica/8098/2022	centers_for_disease_control_and_prevention	laboratorio_nacional_de_influenza
A/Netherlands/10686/2022	national_institute_for_public_health_and_the_environment_(rivm)	national_institute_for_public_health_and_the_environment_(rivm)
A/Zahle/6893/2021	crick_worldwide_influenza_centre	rafic_hariri_university_hospital_4th_floor_dna/research_lab
A/Denmark/52/2022	statens_serum_institute	statens_serum_institute
A/Denmark/74/2021	statens_serum_institute	statens_serum_institute
A/Slovenia/9216/2022-egg	centers_for_disease_control_and_prevention	laboratory_for_virology,_national_institute_of_public_health
A/Denmark/99/2021	statens_serum_institute	statens_serum_institute
A/Uppsala/6/2021	public_health_agency_of_sweden	klinisk_mikrobiologi,_akademiska_sjukhuset_uppsala
A/India/Pune-NIVARI_22_31/2022	icmr_national_institute_of_virology	icmr_national_institute_of_virology
A/Netherlands/7/2021-egg	erasmus_medical_center	erasmus_medical_center
A/Netherlands/7/2021	erasmus_medical_center	erasmus_medical_center
A/Tunisia/8263/2022	centers_for_disease_control_and_prevention	hopital_charles_nicolle
A/Tunisia/646/2022	centers_for_disease_control_and_prevention	hopital_charles_nicolle
A/Slovenia/9318/2022-egg	centers_for_disease_control_and_prevention	laboratory_for_virology,_national_institute_of_public_health
A/Catalonia/Nsvh161512067/2022-egg	centers_for_disease_control_and_prevention	national_institute_for_medical_research
A/NewZealand/3766/2022	centers_for_disease_control_and_prevention	institute_of_environmental_science_&_research
A/NewZealand/304/2022	centers_for_disease_control_and_prevention	institute_of_environmental_science_&_research
A/Victoria/4205/2022	who_collaborating_centre_for_reference_and_research_on_influenza	royal_chidrens_hospital
A/Darwin/2066/2022	who_collaborating_centre_for_reference_and_research_on_influenza	royal_darwin_hospital
A/SuratThani/NIC-P1732/2022	thai_national_influenza_center	thai_national_influenza_center
A/Brisbane/60/2022	who_collaborating_centre_for_reference_and_research_on_influenza	institute_of_medical_and_veterinary_science_(imvs)
A/Dunedin/13/2022	who_collaborating_centre_for_reference_and_research_on_influenza	institute_of_environmental_science_and_research_(esr)
A/Victoria/938/2022	who_collaborating_centre_for_reference_and_research_on_influenza	alfred_hospital
A/Victoria/213/2022	who_collaborating_centre_for_reference_and_research_on_influenza	alfred_hospital
A/Victoria/81/2022	who_collaborating_centre_for_reference_and_research_on_influenza	monash_medical_centre
A/Victoria/11/2022	who_collaborating_centre_for_reference_and_research_on_influenza	alfred_hospital
A/Taiwan/40005/2022	centers_for_disease_control_and_prevention	adimmune_corporation
A/Nagasaki/21FS014/2021	niigata_university_(dph)	niigata_university_(idrc)
A/Nagasaki/21FS016/2021	niigata_university_(dph)	niigata_university_(idrc)
A/NewZealand/3630/2022	centers_for_disease_control_and_prevention	institute_of_environmental_science_&_research
A/Victoria/170/2022	who_collaborating_centre_for_reference_and_research_on_influenza	melbourne_pathology
A/Wellington/2/2022	who_collaborating_centre_for_reference_and_research_on_influenza	institute_of_environmental_science_and_research_(esr)
A/Victoria/2352/2022	who_collaborating_centre_for_reference_and_research_on_influenza	monash_medical_centre
A/Sydney/738/2022	who_collaborating_centre_for_reference_and_research_on_influenza	childrens_hospital_westmead
A/Tasmania/26/2022	who_collaborating_centre_for_reference_and_research_on_influenza	royal_hobart_hospital
A/Victoria/4163/2022	who_collaborating_centre_for_reference_and_research_on_influenza	institute_of_medical_and_veterinary_science_(imvs)
A/Maryland/12294/2021	u.s._air_force_school_of_aerospace_medicine	u.s._air_force_school_of_aerospace_medicine_
A/Fiji/49/2022	who_collaborating_centre_for_reference_and_research_on_influenza	national_centre_for_scientific_services_for_virology__and_vector_borne_diseases
A/Fiji/42/2022	who_collaborating_centre_for_reference_and_research_on_influenza	national_centre_for_scientific_services_for_virology__and_vector_borne_diseases
A/Maryland/12404/2021	u.s._air_force_school_of_aerospace_medicine	u.s._air_force_school_of_aerospace_medicine_
A/CastillaLaMancha/220124/2021	instituto_de_salud_carlos_iii	instituto_de_salud_carlos_iii
A/NewYork/PV42515/2021	icahn_school_of_medicine_at_mount_sinai	icahn_school_of_medicine_at_mount_sinai
A/Pennsylvania/16/2021	centers_for_disease_control_and_prevention	children's_hospital_of_pittsburgh_upmc
A/Michigan/UOM10044434924/2022	university_of_michigan	university_of_michigan_clinical_microbiology_laboratory
A/Iowa/7/2021-egg	centers_for_disease_control_and_prevention	iowa_state_hygienic_laboratory
A/Arizona/12/2021	centers_for_disease_control_and_prevention	arizona_department_of_health_services
A/Iowa/13/2021	centers_for_disease_control_and_prevention	iowa_state_hygienic_laboratory
A/Michigan/UOM10042670919/2021	university_of_michigan	university_of_michigan_clinical_microbiology_laboratory
A/Michigan/UOM10043107745/2021	university_of_michigan	university_of_michigan_clinical_microbiology_laboratory
A/Iowa/7/2021	centers_for_disease_control_and_prevention	iowa_state_hygienic_laboratory
A/Yokohama/2/2021	national_institute_of_infectious_diseases_(niid)	yokohama_city_institute_of_public_health.
A/RhodeIsland/4/2021-egg	centers_for_disease_control_and_prevention	rhode_island_department_of_health
A/RhodeIsland/4/2021	centers_for_disease_control_and_prevention	rhode_island_department_of_health
A/Yokohama/3/2021	national_institute_of_infectious_diseases_(niid)	yokohama_city_institute_of_public_health.
A/Maryland/3/2021	centers_for_disease_control_and_prevention	maryland_department_of_health_and_mental_hygiene
A/Louisiana/7/2021	centers_for_disease_control_and_prevention	louisiana_department_of_health_and_hospitals
A/Zahle/6770/2021	crick_worldwide_influenza_centre	rafic_hariri_university_hospital_4th_floor_dna/research_lab
A/Maryland/2/2021	centers_for_disease_control_and_prevention	maryland_department_of_health_and_mental_hygiene
A/Georgia/3/2021	centers_for_disease_control_and_prevention	georgia_public_health_laboratory
A/Maryland/12320/2021	u.s._air_force_school_of_aerospace_medicine	u.s._air_force_school_of_aerospace_medicine_
A/Florida/4/2021	centers_for_disease_control_and_prevention	florida_department_of_health_jacksonville
A/Minnesota/9/2021	centers_for_disease_control_and_prevention	minnesota_department_of_health
A/Michigan/UOM10042933313/2021	university_of_michigan	university_of_michigan_clinical_microbiology_laboratory
A/NewYorkCity/PV42535/2021	icahn_school_of_medicine_at_mount_sinai	icahn_school_of_medicine_at_mount_sinai
A/Michigan/UOM10042720336/2021	university_of_michigan	university_of_michigan_clinical_microbiology_laboratory
A/Michigan/23/2021	centers_for_disease_control_and_prevention	michigan_department_of_community_health
A/Michigan/UOM10043362352/2021	university_of_michigan	university_of_michigan_clinical_microbiology_laboratory
A/Dakar/689/2022	institut_pasteur_de_dakar	institut_pasteur_de_dakar
A/Dakar/861/2022	institut_pasteur_de_dakar	institut_pasteur_de_dakar
A/Darwin/37/2021	who_collaborating_centre_for_reference_and_research_on_influenza	royal_darwin_hospital
A/Abudhabi/4493/2022	sheikh_khalifa_medical_city_(skmc)	reference_laboratory_for_infectious_disease_(surveillance_lab)
A/Zhejiang-NH/1312/2023	zhejiang_provincial_center_for_disease_control_and_prevention	jiaxing_center_for_disease_control_and_prevention
A/Zhejiang-NH/1303/2023	zhejiang_provincial_center_for_disease_control_and_prevention	jiaxing_center_for_disease_control_and_prevention
A/Bangladesh/icddrb-3230713036/2023	international_centre_for_diarrhoeal_disease_research_(icddr,b)	international_centre_for_diarrhoeal_disease_research_(icddr,b)
A/India/Kerala-NIVQC455/2021	icmr_national_institute_of_virology	icmr_national_institute_of_virology
A/Darwin/23/2021	who_collaborating_centre_for_reference_and_research_on_influenza	influenza_surveillance_centre_for_disease_control
A/Singapore/SAR35937/2022	ministry_of_health,_singapore	ministry_of_health,_singapore
A/Singapore/SAR39561/2022	ministry_of_health,_singapore	ministry_of_health,_singapore
A/Singapore/SAR36805/2022	ministry_of_health,_singapore	ministry_of_health,_singapore
A/Alaska/1/2021-egg	centers_for_disease_control_and_prevention	alaska_state_virology_lab
A/Darwin/17/2021-egg	who_collaborating_centre_for_reference_and_research_on_influenza	influenza_surveillance_centre_for_disease_control
A/Darwin/17/2021	who_collaborating_centre_for_reference_and_research_on_influenza	influenza_surveillance_centre_for_disease_control
A/India/CHENNAI-ICPS-25/2021	icmr_national_institute_of_virology	icmr_national_institute_of_virology
A/Maldives/520/2021	centers_for_disease_control_and_prevention	ministry_of_health
A/Nepal/21FL2666/2021	national_institute_of_infectious_diseases_(niid)	national_public_health_laboratory
A/Darwin/24/2021-egg	centers_for_disease_control_and_prevention	influenza_surveillance_centre_for_disease_control
A/Alaska/1/2021	centers_for_disease_control_and_prevention	alaska_state_virology_lab
A/Bhutan/1144/2021	centers_for_disease_control_and_prevention	royal_centre_for_disease_control
A/Darwin/24/2021	who_collaborating_centre_for_reference_and_research_on_influenza	influenza_surveillance_centre_for_disease_control
A/India/2157/2021	centers_for_disease_control_and_prevention	national_institute_of_virology
A/India/Kerala-NIVQC453/2021	icmr_national_institute_of_virology	icmr_national_institute_of_virology
A/Darwin/29/2021	who_collaborating_centre_for_reference_and_research_on_influenza	royal_darwin_hospital
A/Bhutan/1122/2021	centers_for_disease_control_and_prevention	royal_centre_for_disease_control
A/Switzerland/98693/2021	swiss_national_reference_centre_for_influenza	hopital_cantonal_universitaire_de_geneves
A/Bhutan/853/2021	centers_for_disease_control_and_prevention	royal_centre_for_disease_control
A/Bhutan/FLU-BTD-01270/2022	usamc_armed_forces_medical_research_institute_of_medial_sciences	usamc_afrims_department_of_virology
A/Maldives/866/2022	centers_for_disease_control_and_prevention	ministry_of_health
A/Abudhabi/4240/2022	sheikh_khalifa_medical_city_(skmc)	reference_laboratory_for_infectious_disease_(surveillance_lab)
A/India/Kerala-22-05-V419/2022	centers_for_disease_control_and_prevention	national_institute_of_virology
A/Bhutan/1987/2022	centers_for_disease_control_and_prevention	royal_centre_for_disease_control
A/Bhutan/1973/2022	centers_for_disease_control_and_prevention	royal_centre_for_disease_control
A/Bhutan/3/2022	centers_for_disease_control_and_prevention	royal_centre_for_disease_control
A/Bhutan/FLU-BTI-01352/2022	usamc_armed_forces_medical_research_institute_of_medial_sciences	usamc_afrims_department_of_virology
A/Bhutan/1228/2022	centers_for_disease_control_and_prevention	royal_centre_for_disease_control
A/Bhutan/1360/2022	centers_for_disease_control_and_prevention	royal_centre_for_disease_control
A/Bhutan/FLU-BTI-01424/2022	usamc_armed_forces_medical_research_institute_of_medial_sciences	usamc_afrims_department_of_virology
A/Bhutan/1232/2022	centers_for_disease_control_and_prevention	royal_centre_for_disease_control
A/Nepal/21FL2352/2021	national_institute_of_infectious_diseases_(niid)	national_public_health_laboratory
A/Myanmar/21M017/2021	niigata_university_(idrc)	niigata_university_(idrc)
A/Bangladesh/1451/2021	centers_for_disease_control_and_prevention	institute_of_epidemiology_disease_control_and_research_(iedcr)_&_bangladesh_national_influenza_centre_(nic)
A/Myanmar/21M144/2021	niigata_university_(dph)	niigata_university_(idrc)
A/Darwin/22/2021-egg	centers_for_disease_control_and_prevention	influenza_surveillance_centre_for_disease_control
A/Darwin/22/2021	who_collaborating_centre_for_reference_and_research_on_influenza	influenza_surveillance_centre_for_disease_control
A/Myanmar/I046/2021	national_institute_of_infectious_diseases_(niid)	national_health_laboratory
A/Darwin/20/2021	who_collaborating_centre_for_reference_and_research_on_influenza	influenza_surveillance_centre_for_disease_control
A/India/Chennai-NIVQC357/2021	icmr_national_institute_of_virology	icmr_national_institute_of_virology
A/Bhutan/1316/2021	centers_for_disease_control_and_prevention	royal_centre_for_disease_control
A/India/2167/2021	centers_for_disease_control_and_prevention	national_institute_of_virology
A/Guatemala/102305/2021	fundación_para_la_salud_integral_de_los_guatemaltecos	fundación_para_la_salud_integral_de_los_guatemaltecos_(funsalud)
A/Navarra/10375/2021	instituto_de_salud_carlos_iii	servicio_de_microbiología_complejo_hospitalario_de_navarra
A/Netherlands/12/2021	crick_worldwide_influenza_centre	erasmus_medical_center
A/Netherlands/10004/2021	crick_worldwide_influenza_centre	national_institute_for_public_health_and_the_environment_(rivm)
A/Yurimaguas/FPY01621/2021	naval_medical_research_unit_6_(namru_6)	naval_medical_research_unit_6_(namru_6)
A/Catalonia/NSVH101707331/2021	hospital_universitari_vall_d'hebron	hospital_universitari_vall_d'hebron
A/Iquitos/FPI20250/2021	naval_medical_research_unit_6_(namru_6)	naval_medical_research_unit_6_(namru_6)
A/Sydney/23/2021	who_collaborating_centre_for_reference_and_research_on_influenza	clinical_virology_unit,_cdim
A/Florida/4/2021-egg	centers_for_disease_control_and_prevention	florida_department_of_health_jacksonville
A/Honduras/8282/2021	centers_for_disease_control_and_prevention	laboratorio_nacional_de_virologia
A/England/215060507/2021	uk_health_security_agency___colindale	uk_health_security_agency___colindale
A/England/214880490/2021	uk_health_security_agency___colindale	uk_health_security_agency___colindale
A/England/220161012/2021	uk_health_security_agency___colindale	uk_health_security_agency___colindale
A/Victoria/864/2022	who_collaborating_centre_for_reference_and_research_on_influenza	monash_medical_centre
A/Flint/9393/2021	public_health_wales_microbiology_cardiff	public_health_wales_microbiology_cardiff
A/England/214300462/2021	uk_health_security_agency___colindale	uk_health_security_agency___colindale
A/England/220200238/2021	uk_health_security_agency___colindale	uk_health_security_agency___colindale
A/Lisbon/2/2021	instituto_nacional_de_sa?de_dr._ricardo_jorge	instituto_nacional_de_saúde_dr._ricardo_jorge
A/Norway/24873/2021-egg	centers_for_disease_control_and_prevention	norwegian_institute_of_public_health
A/Florida/2/2021	centers_for_disease_control_and_prevention	florida_department_of_health_tampa
A/Florida/2/2021-egg	centers_for_disease_control_and_prevention	florida_department_of_health_tampa
A/Sydney/22/2021	who_collaborating_centre_for_reference_and_research_on_influenza	clinical_virology_unit,_cdim
A/Nicaragua/1609/2022	centers_for_disease_control_and_prevention	laboratorio_de_virologia,_direccion_de_microbiologia
A/Papeete/51874/2021	institut_pasteur	institut_pasteur
A/Victoria/17/2021	who_collaborating_centre_for_reference_and_research_on_influenza	alfred_hospital
A/Yurimaguas/FPY01614/2021	naval_medical_research_unit_6_(namru_6)	naval_medical_research_unit_6_(namru_6)
A/Bahrain/572/2021	centers_for_disease_control_and_prevention	ministry_of_health_bahrain
A/Chanthaburi/NIC-P2707/2022	thai_national_influenza_center	thai_national_influenza_center
A/HongKong/25/2022	centers_for_disease_control_and_prevention	government_virus_unit
A/India/GIHSN-HCL023021278401/2023	cnr_virus_des_infections_respiratoires,_france_sud	sher_i_kashmir_institute_of_medical_sciences
A/Bangkok/NIC-P3564/2022	thai_national_influenza_center	thai_national_influenza_center
A/Thailand/8/2022-egg	national_institute_for_biological_standards_and_control_(nibsc)	victoria_infectious_diseases_reference_laboratory
A/Brisbane/837/2022	who_collaborating_centre_for_reference_and_research_on_influenza	csl_ltd
A/India/2530/2022	centers_for_disease_control_and_prevention	national_institute_of_virology
A/Singapore/NUH0021/2022	ministry_of_health,_singapore	ministry_of_health,_singapore
A/Zambia/1237/2023	centers_for_disease_control_and_prevention	university_teaching_hospital,_moh_zambia
A/SouthAfrica/PET28889/2023	vaccines_and_infectious_diseases_analytics_research_unit	wits_vida
A/SouthAfrica/R06894/2023	national_institute_for_communicable_diseases_(nicd)	national_institute_for_communicable_diseases_(nicd)
A/India/Del-IGSQ555/2023	icmr_national_institute_of_virology	icmr_national_institute_of_virology
A/SouthAfrica/R06300/2023	national_institute_for_communicable_diseases_(nicd)	national_institute_for_communicable_diseases_(nicd)
A/Singapore/KK0345/2022	ministry_of_health,_singapore	ministry_of_health,_singapore
A/Albania/290270/2022-egg	centers_for_disease_control_and_prevention	institute_of_public_health
A/Albania/290270/2022	crick_worldwide_influenza_centre	institute_of_public_health
A/Brisbane/837/2022-egg	centers_for_disease_control_and_prevention	csl_ltd
A/Shanxi-Taiyuan/98/2023	taiyuan_center_for_disease_control_and_prevention	taiyuan_center_for_disease_control_and_prevention
A/Neimenggu-Linhe/1145/2023-egg	centers_for_disease_control_and_prevention	who_chinese_national_influenza_center
A/AbuDhabi/4201470/2022	centers_for_disease_control_and_prevention	shaikh_khalifa_medical_city
A/Albania/290243/2022-egg	centers_for_disease_control_and_prevention	institute_of_public_health
A/Sichuan-Jianyang/35/2023-egg	centers_for_disease_control_and_prevention	who_chinese_national_influenza_center
A/Sichuan-Gaoxin/1144/2023	centers_for_disease_control_and_prevention	who_chinese_national_influenza_center
A/Sichuan-Gaoxin/1144/2023-egg	centers_for_disease_control_and_prevention	who_chinese_national_influenza_center
A/Darwin/2472/2022	who_collaborating_centre_for_reference_and_research_on_influenza	royal_darwin_hospital
A/Mie/1/2022	national_institute_of_infectious_diseases_(niid)	mie_prefecture_health_and_environment_research_institute
A/Darwin/2472/2022-egg	centers_for_disease_control_and_prevention	royal_darwin_hospital
A/Albania/289813/2022	crick_worldwide_influenza_centre	institute_of_public_health
A/India/Pun-NIVCOV2223345/2022	icmr_national_institute_of_virology	icmr_national_institute_of_virology
A/Albania/289813/2022-egg	centers_for_disease_control_and_prevention	institute_of_public_health
A/Hawaii/2/2023	centers_for_disease_control_and_prevention	state_of_hawaii_department_of_health
A/NakhonPhanom/P972/2023	thai_national_influenza_center	thai_national_influenza_center
A/Miyazaki/2/2022	national_institute_of_infectious_diseases_(niid)	miyazaki_prefectural_institute_for_public_health_and_environment
A/Taiwan/40002/2022	national_institute_of_infectious_diseases_(niid)	center_for_disease_control
A/Taiwan/80020/2022	centers_for_disease_control_and_prevention	adimmune_corporation
A/Taiwan/70005/2022	national_institute_of_infectious_diseases_(niid)	center_for_disease_control
A/Taiwan/40014/2022	national_institute_of_infectious_diseases_(niid)	center_for_disease_control
A/Taiwan/40013/2022	centers_for_disease_control_and_prevention	adimmune_corporation
A/Abudhabi/2003/2022	sheikh_khalifa_medical_city_(skmc)	reference_laboratory_for_infectious_disease_(surveillance_lab)
A/Oman/3920/2022	centers_for_disease_control_and_prevention	central_public_health_laboratory,_ministry_of_health
A/Maldives/526/2022	centers_for_disease_control_and_prevention	ministry_of_health
A/AbuDhabi/1752695/2022	centers_for_disease_control_and_prevention	shaikh_khalifa_medical_city
A/Algeria/Tebessa/4401	institut_pasteur_d'algerie	institut_pasteur_d'algerie
A/Brandenburg/15/2022-egg	centers_for_disease_control_and_prevention	crick_worldwide_influenza_centre
A/Brandenburg/15/2022	robert_koch_institute_nationales_referenzzentrum_f?r_influenza	crick_worldwide_influenza_centre
A/AbuDhabi/3303/2022	centers_for_disease_control_and_prevention	shaikh_khalifa_medical_city
A/California/122/2022-egg	np	seasonal_h3n2
A/California/122/2022	centers_for_disease_control_and_prevention	centers_for_disease_control_and_prevention
A/Kanagawa/ZC1617/2017-egg	centers_for_disease_control_and_prevention	national_institute_of_infectious_diseases_(niid)
A/Kanagawa/ZC1617/2017	centers_for_disease_control_and_prevention	national_institute_of_infectious_diseases_(niid)
A/Bahrain/408/2018	centers_for_disease_control_and_prevention	ministry_of_health_bahrain
A/Kuwait/6415/2018	centers_for_disease_control_and_prevention	public_health_laboratory,_virology_unit
A/Irkutsk/RII-3884S/2019	who_national_influenza_centre_russian_federation	center_for_hygiene_and_epidemiology_in_the_irkutsk_region_(rospotrebnadzor)
A/Verkh-Chebula/RII-2987S/2019	who_national_influenza_centre_russian_federation	center_of_hygiene_and_epidemiology_in_kemerovo_region
A/Anzhero-Sudzhensk/RII-2997S/2019	who_national_influenza_centre_russian_federation	center_of_hygiene_and_epidemiology_in_kemerovo_region
A/Moscow/238/2018	centers_for_disease_control_and_prevention	ivanovsky_research_institute_of_virology_rams
A/Khanti-Mansiysk/4/2018	state_research_center_of_virology_and_biotechnology_(vector)	
A/Michigan/397/2018	centers_for_disease_control_and_prevention	michigan_department_of_community_health
A/Moscow/RII-02/2019	centers_for_disease_control_and_prevention	russian_academy_of_medical_sciences
A/StPetersburg/RII-563S/2019	who_national_influenza_centre_russian_federation	
A/Krasnoyarsk/RII-813S/2019	who_national_influenza_centre_russian_federation	center_of_hygiene_and_epidemiology_in_krasnoyarsk_territory
A/Surgut/51/2019	state_research_center_of_virology_and_biotechnology_(vector)	
A/Groznyi/RII-2741S/2019	who_national_influenza_centre_russian_federation	center_of_hygiene_and_epidemiology_in_republic of_chechnya
A/India/4612/2018	centers_for_disease_control_and_prevention	national_institute_of_virology
A/Timor-Leste/24/2018	who_collaborating_centre_for_reference_and_research_on_influenza	laboratório_nacional_da_saúde
A/Mauritius/CHL-I-1122/2018	ministry_of_health_and_wellness,_mauritius	national_influenza_centre,_department_of_molecular_biology_and_virology
A/Mauritius/CHL-I-967/2018	ministry_of_health_and_wellness,_mauritius	national_influenza_centre,_department_of_molecular_biology_and_virology
A/Mauritius/CHL-I-974/2018	ministry_of_health_and_wellness,_mauritius	national_influenza_centre,_department_of_molecular_biology_and_virology
A/Nigeria/3687/2018	centers_for_disease_control_and_prevention	national_influenza_reference_laboratory
A/Togo/319/2019	centers_for_disease_control_and_prevention	institute_national_d'hygiene
A/CoteDIvoire/14/2019	centers_for_disease_control_and_prevention	pasteur_institut_of_côte_d'ivoire
A/CoteDIvoire/648/2019	centers_for_disease_control_and_prevention	pasteur_institut_of_côte_d'ivoire
A/Arkhangelsk/1/2019	who_national_influenza_centre_russian_federation	
A/Zambia/121/2021	centers_for_disease_control_and_prevention	university_teaching_hospital,_moh_zambia
A/Zambia/159/2021	centers_for_disease_control_and_prevention	university_teaching_hospital,_moh_zambia
A/Kenya/154/2021	centers_for_disease_control_and_prevention	cdc_kenya
A/Kenya/GIHSN-HCL022160075201/2021	maladies_infectieuses,_hospices_civils_de_lyon	kenya_medical_research_institute
A/Kenya/GIHSN-HCL022162129301/2021	cnr_virus_des_infections_respiratoires,_france_sud	kenya_medical_research_institute
A/Kenya/144/2021	centers_for_disease_control_and_prevention	cdc_kenya
A/Togo/848/2019	centers_for_disease_control_and_prevention	institute_national_d'hygiene
A/BurkinaFaso/1464/2019	centers_for_disease_control_and_prevention	irss
A/Togo/431/2019	centers_for_disease_control_and_prevention	institute_national_d'hygiene
A/Iran/167623/2019	crick_worldwide_influenza_centre	national_influenza_center_of_iran,_virology_department,_school_of_public_health,_tehran_university_of_medical_sciences
A/Noyabrsk/RII-2490S/2019	who_national_influenza_centre_russian_federation	center_of_hygiene_and_epidemiology_in_yamalo_nenets_autonomous_okrug
A/Cardiff/428/2019	public_health_wales_microbiology_cardiff	public_health_wales_microbiology_cardiff
A/Mali/44/2019	centers_for_disease_control_and_prevention	nic_lab_cvd_mali
A/Niger/6672/2019	centers_for_disease_control_and_prevention	centre_de_recherche_medicale_et_sanitaire_(cermes)
A/Togo/1101/2019	centers_for_disease_control_and_prevention	institute_national_d'hygiene
A/Togo/1280/2019	centers_for_disease_control_and_prevention	institute_national_d'hygiene
A/Gunma/138/2019	national_institute_of_infectious_diseases_(niid)	gunma_prefectural_institute_of_public_health_and_environmental_sciences
A/Togo/530/2020	centers_for_disease_control_and_prevention	institute_national_d'hygiene
A/Togo/575/2020	centers_for_disease_control_and_prevention	institute_national_d'hygiene
A/Togo/459/2020	centers_for_disease_control_and_prevention	institute_national_d'hygiene
A/Italy/11551/2020	u.s._air_force_school_of_aerospace_medicine	u.s._air_force_school_of_aerospace_medicine_
A/Illinois/15/2020	centers_for_disease_control_and_prevention	indiana_state_department_of_health_laboratories
A/Niger/7852/2020	centers_for_disease_control_and_prevention	centre_de_recherche_medicale_et_sanitaire_(cermes)
A/AbuDhabi/84/2019	centers_for_disease_control_and_prevention	shaikh_khalifa_medical_city
A/BurkinaFaso/1303/2019	centers_for_disease_control_and_prevention	irss
A/CoteDIvoire/2096/2019	centers_for_disease_control_and_prevention	pasteur_institut_of_côte_d'ivoire
A/Niger/7338/2019	centers_for_disease_control_and_prevention	centre_de_recherche_medicale_et_sanitaire_(cermes)
A/Togo/1645/2019	centers_for_disease_control_and_prevention	institute_national_d'hygiene
A/Beijing-Miyun/54/2020-egg	who_chinese_national_influenza_center	who_chinese_national_influenza_center
A/Beijing-Miyun/54/2020	who_chinese_national_influenza_center	who_chinese_national_influenza_center
A/Beijing-Daxin/33/2020-egg	who_chinese_national_influenza_center	who_chinese_national_influenza_center
A/Beijing-Daxin/33/2020	who_chinese_national_influenza_center	who_chinese_national_influenza_center
A/Rencheng/119/2020	jining_center_for_disease_control_and_prevention	_jining_center_for_disease_control_and_prevention
A/Beijing-Miyun/53/2020	who_chinese_national_influenza_center	who_chinese_national_influenza_center
A/Beijing-Miyun/53/2020-egg	centers_for_disease_control_and_prevention	who_chinese_national_influenza_center
A/Beijing-Miyun/51/2020-egg	centers_for_disease_control_and_prevention	who_chinese_national_influenza_center
A/Beijing-Miyun/51/2020	who_chinese_national_influenza_center	who_chinese_national_influenza_center
A/Beijing-Miyun/51/2019	who_chinese_national_influenza_center	who_chinese_national_influenza_center
A/Beijing-Miyun/51/2019-egg	centers_for_disease_control_and_prevention	who_chinese_national_influenza_center
A/Niger/9036/2021	centers_for_disease_control_and_prevention	centre_de_recherche_medicale_et_sanitaire_(cermes)
A/Niger/9834/2021	centers_for_disease_control_and_prevention	centre_de_recherche_medicale_et_sanitaire_(cermes)
A/Togo/902/2021	centers_for_disease_control_and_prevention	institute_national_d'hygiene
A/Togo/1096/2021	centers_for_disease_control_and_prevention	institute_national_d'hygiene
A/Tokyo/22FS001/2022	niigata_university_(dph)	niigata_university_(idrc)
A/Kanagawa/IC2202/2022	national_institute_of_infectious_diseases_(niid)	national_institute_of_infectious_diseases_(niid)
A/Nara/3/2023	national_institute_of_infectious_diseases_(niid)	nara_prefectural_institute_for_hygiene_and_environment
A/Yokohama/3/2023	national_institute_of_infectious_diseases_(niid)	yokohama_city_institute_of_public_health.
A/BurkinaFaso/18/2022	centers_for_disease_control_and_prevention	irss
A/HongKong/DRV0340/2023		university_of_hong_kong,_school_of_public_health,_who_collaborating_centre_for_infectious_disease_epidemiology_and_control
A/Canada/ABPHL-284/2023	public_health_agency_of_canada_(phac)	alberta_precision_laboratories,_provincial_laboratory_for_public_health
A/Guyana/5259/2023	centers_for_disease_control_and_prevention	national_public_health_reference_laboratory
A/Senegal/IPD-0630/2024	institut_pasteur_de_dakar	institut_pasteur_de_dakar
A/Dakar/12/2024	crick_worldwide_influenza_centre	institut_pasteur_de_dakar__
A/Niger/7737/2024	centers_for_disease_control_and_prevention	centre_de_recherche_medicale_et_sanitaire_(cermes)
A/BurkinaFaso/244/2023	crick_worldwide_influenza_centre	institut_de_recherche_en_sciences_de_la_santé_(irss)
A/Ghana/4429/2022	centers_for_disease_control_and_prevention	noguchi_memorial_institute_for_medical_research_(nmimr)
A/Ghana/2122/2022	centers_for_disease_control_and_prevention	noguchi_memorial_institute_for_medical_research_(nmimr)
A/Togo/2024/2022	centers_for_disease_control_and_prevention	institute_national_d'hygiene
A/Ghana/6095/2022	centers_for_disease_control_and_prevention	noguchi_memorial_institute_for_medical_research_(nmimr)
A/Togo/1721/2022	centers_for_disease_control_and_prevention	institute_national_d'hygiene
A/Togo/1734/2022	centers_for_disease_control_and_prevention	institute_national_d'hygiene
A/Togo/2000/2022	centers_for_disease_control_and_prevention	institute_national_d'hygiene
A/Togo/1835/2022	centers_for_disease_control_and_prevention	institute_national_d'hygiene
A/Togo/1599/2022	centers_for_disease_control_and_prevention	institute_national_d'hygiene
A/Ghana/2186/2023	crick_worldwide_influenza_centre	university_of_ghana
A/Tokyo/EIS11-246/2024	national_institute_of_infectious_diseases_(niid)	national_institute_of_infectious_diseases_(niid)
A/Ghana/FS-24-2371/2024	noguchi_memorial_institute_for_medical_research_	noguchi_memorial_institute_for_medical_research
A/Ghana/FS-24-2375/2024	noguchi_memorial_institute_for_medical_research_	noguchi_memorial_institute_for_medical_research
A/Mali/20025/2020	centers_for_disease_control_and_prevention	nic_lab_cvd_mali
A/Zhejiang-NH/15/2020	zhejiang_provincial_center_for_disease_control_and_prevention	jiaxing_center_for_disease_control_and_prevention
A/Mali/26/2020	centers_for_disease_control_and_prevention	nic_lab_cvd_mali
A/Togo/1942/2019	centers_for_disease_control_and_prevention	institute_national_d'hygiene
A/Mali/20076/2020	centers_for_disease_control_and_prevention	nic_lab_cvd_mali
A/Ethiopia/3985/2021	centers_for_disease_control_and_prevention	ethiopian_public_health_institute,_national_influenza_laboratory
A/Ethiopia/4014/2021	centers_for_disease_control_and_prevention	ethiopian_public_health_institute,_national_influenza_laboratory
A/Nigeria/3990/2019	centers_for_disease_control_and_prevention	ncdc_public_health_reference_laboratory
A/Shimane/2/2022	national_institute_of_infectious_diseases_(niid)	shimane_prefectural_institute_of_public_health_and_environmental_science
A/Malaysia/RP0678/2022	who_collaborating_centre_for_reference_and_research_on_influenza	institut_penyelidikan_perubatan
A/Norway/16606/2021-egg	centers_for_disease_control_and_prevention	who_national_influenza_centre
A/Philippines/20/2021	who_collaborating_centre_for_reference_and_research_on_influenza	research_institute_of_tropical_medicine
A/Zhejiang-NH/129/2020	zhejiang_provincial_center_for_disease_control_and_prevention	jiaxing_center_for_disease_control_and_prevention
A/Congo/23/2021	centers_for_disease_control_and_prevention	inrb_service_de_virologie
A/Kenya/109/2022	centers_for_disease_control_and_prevention	cdc_kenya
A/Congo/7/2021	centers_for_disease_control_and_prevention	inrb_service_de_virologie
A/Congo/560/2020	centers_for_disease_control_and_prevention	inrb_service_de_virologie
A/Congo/543/2020	centers_for_disease_control_and_prevention	inrb_service_de_virologie
A/SaoPaulo/IAL/C8471/2021	instituto_adolfo_lutz	instituto_adolfo_lutz___national_influenza_center
A/SantaCatarina/14138/2022	instituto_oswaldo_cruz_fiocruz___laboratory_of_respiratory_viruses_and_measles_(lvrs)	lacen_sc
A/Bolivia/17503VIR/2022	centers_for_disease_control_and_prevention	instituto_nacional_de_laboratoriosde_salud_(inlasa)
A/Guyane/355/2022	centers_for_disease_control_and_prevention	national_influenza_center_french_guiana_and_french_indies
A/Piura/FPP04518/2022	naval_medical_research_unit_6_(namru_6)	naval_medical_research_unit_6_(namru_6)
A/Para/181923-IEC/2022	evandro_chagas_institute	evandro_chagas_institute_
A/RiodeJaneiro/1214/2022	instituto_oswaldo_cruz_fiocruz___laboratory_of_respiratory_viruses_and_measles_(lvrs)	laboratório_central_de_saúde_pública_(lacen_rj)
A/Mozambique/2518/2021	centers_for_disease_control_and_prevention	laboratório_de_isolamento_viral
A/DistritoFederal/2305/2021	secretaria_de_saude_do_distrito_federal	laboratório_central_de_saúde_pública_do_distrito_federal
A/Lisbon/31/2021	instituto_nacional_de_sa?de_dr._ricardo_jorge	instituto_nacional_de_saúde_dr._ricardo_jorge
A/SaoPaulo/IAL/C8443/2021	instituto_adolfo_lutz	instituto_adolfo_lutz___national_influenza_center
A/SaoPaulo/IAL/C7366/2021	instituto_adolfo_lutz	instituto_adolfo_lutz___national_influenza_center
A/Kenya/102/2022	centers_for_disease_control_and_prevention	cdc_kenya
A/RiodeJaneiro/61950/2021	instituto_oswaldo_cruz_fiocruz___laboratory_of_respiratory_viruses_and_measles_(lvrs)	instituto_oswaldo_cruz_fiocruz___laboratory_of_respiratory_viruses_and_measles_(lvrs)
A/Singapore/SAR86232/2021	ministry_of_health,_singapore	ministry_of_health,_singapore
A/Singapore/INFTT0006/2021	ministry_of_health,_singapore	ministry_of_health,_singapore
A/RioGrandedoSul/4633/2022	instituto_oswaldo_cruz_fiocruz___laboratory_of_respiratory_viruses_and_measles_(lvrs)	lacen/rs___laboratório_central_de_saúde_pública_do_rio_grande_do_sul
A/Acre/181822-IEC/2021	evandro_chagas_institute	lacen_ac___laboratório_central_de_saúde_pública_do_acre
A/Brazil/2752/2021	centers_for_disease_control_and_prevention	instituto_adolfo_lutz
A/Lisbon/433/2022	instituto_nacional_de_sa?de_dr._ricardo_jorge	national_institute_of_health_dr._ricardo_jorge,_infectious_diseases_department,_national_influenza_reference_laboratory
A/Bolivia/1321/2022	centers_for_disease_control_and_prevention	instituto_nacional_de_laboratoriosde_salud_(inlasa)
A/Abudhabi/3385/2022	sheikh_khalifa_medical_city_(skmc)	reference_laboratory_for_infectious_disease_(surveillance_lab)
A/Abudhabi/1650/2022	sheikh_khalifa_medical_city_(skmc)	reference_laboratory_for_infectious_disease_(surveillance_lab)
A/Abudhabi/2911/2022	sheikh_khalifa_medical_city_(skmc)	reference_laboratory_for_infectious_disease_(surveillance_lab)
A/DistritoFederal/19510521/2021	secretaria_de_saude_do_distrito_federal	laboratório_central_de_saúde_pública_do_distrito_federal
A/Zambia/2109/2022	centers_for_disease_control_and_prevention	university_teaching_hospital,_moh_zambia
A/SaoPaulo/IAL/C8444/2021	instituto_adolfo_lutz	instituto_adolfo_lutz___national_influenza_center
A/SaoPaulo/IAL/C7027/2021	instituto_adolfo_lutz	instituto_adolfo_lutz___national_influenza_center
A/Brazil/BA-LACEN-BA122-292029980/2021	laborat?rio_central_de_sa?de_publica_do_estado_da_bahia	laboratório_central_de_saúde_pública_professor_gonçalo_moniz,_lacen_ba
A/RiodeJaneiro/61831/2021	instituto_oswaldo_cruz_fiocruz___laboratory_of_respiratory_viruses_and_measles_(lvrs)	instituto_oswaldo_cruz_fiocruz___laboratory_of_respiratory_viruses_and_measles_(lvrs)
A/Yokohama/1/2021	national_institute_of_infectious_diseases_(niid)	yokohama_city_institute_of_public_health.
A/Argentina/2146/2022	centers_for_disease_control_and_prevention	instituto_nacional_de_enfermedades_infecciosas
A/Bhutan/FLU-BTC-01231/2022	usamc_armed_forces_medical_research_institute_of_medial_sciences	usamc_afrims_department_of_virology
A/Peru/1910/2023	centers_for_disease_control_and_prevention	laboratorio_de_referencia_nacional_virus_respiratorios,_instituto_nacional_de_salud
A/Itamonte/311290253/2022	ezequiel_dias_foundation_(funed)	ezequiel_dias_foundation_(funed)
A/Texas/67/2022	centers_for_disease_control_and_prevention	dallas_county_health_and_human_services
A/SaoPaulo/IAL/C8720/2022	instituto_adolfo_lutz	instituto_adolfo_lutz___national_influenza_center
A/Para/181309-IEC/2021	evandro_chagas_institute	evandro_chagas_institute
A/Saopaulo/58921/2022	university_of_sao_paulo	serrana
A/SaoPaulo/IAL/C8440/2021	instituto_adolfo_lutz	instituto_adolfo_lutz___national_influenza_center
A/SaoPaulo/IAL/C7412/2021	instituto_adolfo_lutz	instituto_adolfo_lutz___national_influenza_center
A/RioGrandedoSul/4636/2022	instituto_oswaldo_cruz_fiocruz___laboratory_of_respiratory_viruses_and_measles_(lvrs)	lacen/rs___laboratório_central_de_saúde_pública_do_rio_grande_do_sul
A/Maldives/743/2022	centers_for_disease_control_and_prevention	ministry_of_health
A/Singapore/TT0241/2022	ministry_of_health,_singapore	ministry_of_health,_singapore
A/Peru/UPCH_3739/2022	universidad_peruana_cayetano_heredia	instituto_de_medicine_tropical_alexander_von_humboldt___upch
A/Bolivia/16493VIR/2022	centers_for_disease_control_and_prevention	instituto_nacional_de_laboratoriosde_salud_(inlasa)
A/Peru/UPCH_3743/2022	universidad_peruana_cayetano_heredia	instituto_de_medicine_tropical_alexander_von_humboldt___upch
A/Togo/1307/2019	centers_for_disease_control_and_prevention	institute_national_d'hygiene
A/BurkinaFaso/1298/2019	centers_for_disease_control_and_prevention	irss
A/Brisbane/148/2019-egg	who_collaborating_centre_for_reference_and_research_on_influenza	queensland_health_forensic_and_scientific_services_
A/Mali/20042/2020	centers_for_disease_control_and_prevention	nic_lab_cvd_mali
A/Paris/2554/2019-egg	centers_for_disease_control_and_prevention	institut_pasteur
A/Paris/2554/2019	institut_pasteur	institut_pasteur
A/Yokohama/68/2020	centers_for_disease_control_and_prevention	yokohama_city_institute_of_public_health.
A/StPetersburg/RII-2350S/2020	who_national_influenza_centre_russian_federation	research_institute_of_influenza,_ministry_of_healthcare_of_the_russian_federation
A/Novosibirsk/RII-27192S/2020	who_national_influenza_centre_russian_federation	research_institute_of_experimental_and_clinical_medicine
A/Singapore/KK0531/2020	ministry_of_health,_singapore	ministry_of_health,_singapore
A/Mali/109/2020	centers_for_disease_control_and_prevention	nic_lab_cvd_mali
A/Mali/107/2020	centers_for_disease_control_and_prevention	nic_lab_cvd_mali
A/Mali/108/2020	centers_for_disease_control_and_prevention	nic_lab_cvd_mali
A/Mali/102/2020	centers_for_disease_control_and_prevention	nic_lab_cvd_mali
A/Togo/230/2020	centers_for_disease_control_and_prevention	institute_national_d'hygiene
A/Niger/7870/2020	centers_for_disease_control_and_prevention	centre_de_recherche_medicale_et_sanitaire_(cermes)
A/Victoria/22/2020	who_collaborating_centre_for_reference_and_research_on_influenza	royal_chidrens_hospital
A/EspiritoSanto/191/2020	instituto_oswaldo_cruz_fiocruz___laboratory_of_respiratory_viruses_and_measles_(lvrs)	lacen/es___laboratório_central_de_saúde_pública_do_espírito_santo
A/Mali/20026/2020	centers_for_disease_control_and_prevention	nic_lab_cvd_mali
A/Mali/74/2020	centers_for_disease_control_and_prevention	nic_lab_cvd_mali
A/Mali/20077/2020	centers_for_disease_control_and_prevention	nic_lab_cvd_mali
A/Mali/20060/2020	centers_for_disease_control_and_prevention	nic_lab_cvd_mali
A/Perth/20/2020-egg	centers_for_disease_control_and_prevention	pathwest_qe_ii_medical_centre
A/Perth/20/2020	centers_for_disease_control_and_prevention	pathwest_qe_ii_medical_centre
A/Delaware/11974/2020	u.s._air_force_school_of_aerospace_medicine	u.s._air_force_school_of_aerospace_medicine_
A/SouthDakota/7/2020	centers_for_disease_control_and_prevention	south_dakota_public_health_lab
A/NewYork/25/2020	centers_for_disease_control_and_prevention	new_york_state_department_of_health
A/Idaho/13/2020	centers_for_disease_control_and_prevention	state_of_idaho_bureau_of_laboratories
A/Utah/17/2020	centers_for_disease_control_and_prevention	utah_department_of_health
A/Massachusetts/14/2020	centers_for_disease_control_and_prevention	massachusetts_department_of_public_health
A/NewYork/23/2020	centers_for_disease_control_and_prevention	new_york_state_department_of_health
A/Santiago/26038/2020	centers_for_disease_control_and_prevention	instituto_de_salud_publica_de_chile
A/Norway/29511/2021-egg	centers_for_disease_control_and_prevention	norwegian_institute_of_public_health
A/SaudiArabia/5/2021	crick_worldwide_influenza_centre	ministry_of_health_riyadh
A/Michigan/UOM-10048939891/2022		import_from_public_domain
A/BritishColumbia/PHL-186/2022	british_columbia_centre_for_disease_control	b.c._centre_for_disease_control
A/BritishColumbia/PHL-230/2022	british_columbia_centre_for_disease_control	b.c._centre_for_disease_control
A/Michigan/HFHSL360239279/2022	university_of_michigan	henry_ford_health_microbiology_laboratory
A/Brazil/9408/2023	centers_for_disease_control_and_prevention	instituto_adolfo_lutz
A/Ceara/2023-005474-IEC/2023	evandro_chagas_institute	evandro_chagas_institute
A/Michigan/HFHSL360677364/2022	university_of_michigan	henry_ford_health_microbiology_laboratory
A/Catalonia/NSVH101956662/2022	hospital_universitari_vall_d'hebron	hospital_universitari_vall_d'hebron
A/PuertoRico/31/2022-egg	who_collaborating_centre_for_reference_and_research_on_influenza	csl_ltd
A/PuertoRico/31/2022	centers_for_disease_control_and_prevention	csl_ltd
A/Iowa/76/2022	centers_for_disease_control_and_prevention	iowa_state_hygienic_laboratory
A/Goias/IAL/C10231/2022	instituto_adolfo_lutz	instituto_adolfo_lutz___national_influenza_center
A/Utah/53/2022	centers_for_disease_control_and_prevention	utah_department_of_health
A/Michigan/UOM-938671/2022		import_from_public_domain
A/CastillaLaMancha/926/2023	instituto_de_salud_carlos_iii	instituto_de_salud_carlos_iii
A/Kawasaki/4/2023	national_institute_of_infectious_diseases_(niid)	kawasaki_city_institute_of_public_health_
A/Navarra/246/2023	instituto_de_salud_carlos_iii	servicio_de_microbiología_clínica_universidad_de_navarra
A/Colorado/42/2023	centers_for_disease_control_and_prevention	colorado_department_of_health_lab
A/Montenegro/101668/2023	crick_worldwide_influenza_centre	institute_of_public_health
A/England/225261220/2022	uk_health_security_agency___colindale	uk_health_security_agency___colindale
A/France/ARA-HCL023020901201/2023	cnr_virus_des_infections_respiratoires,_france_sud	cnr_virus_des_infections_respiratoires___france_sud
A/Netherlands/11967/2022	national_institute_for_public_health_and_the_environment_(rivm)	national_institute_for_public_health_and_the_environment_(rivm)
A/Denmark/3328/2022	statens_serum_institute	statens_serum_institut_
A/SouthAfrica/R05919/2023	national_institute_for_communicable_diseases_(nicd)	national_institute_for_communicable_diseases_(nicd)
A/Wakayama/99/2023	national_institute_of_infectious_diseases_(niid)	wakayama_prefectural_research_center_of_environment_and_public_health
A/BritishColumbia/PHL-804/2023	public_health_agency_of_canada	b.c._centre_for_disease_control
A/France/ARA-HCL022209441801/2022	cnr_virus_des_infections_respiratoires,_france_sud	cnr_virus_des_infections_respiratoires___france_sud
A/Ceuta/806/2023	instituto_de_salud_carlos_iii	servicio_de_microbiología_hospital_universitario_de_ceuta
A/RhodeIsland/6/2023	centers_for_disease_control_and_prevention	rhode_island_department_of_health
A/Kenya/GIHSN-HCL023180147401/2023	cnr_virus_des_infections_respiratoires,_france_sud	kenya_medical_research_institute
A/Catalonia/NSVH101994453/2023	hospital_universitari_vall_d'hebron	hospital_universitari_vall_d'hebron
A/Chile/1218/2023	centers_for_disease_control_and_prevention	instituto_de_salud_publica_de_chile
A/Denmark/2650/2022	statens_serum_institute	statens_serum_institute
A/Georgia/2/2022-egg	centers_for_disease_control_and_prevention	georgia_public_health_laboratory
A/Georgia/2/2022	centers_for_disease_control_and_prevention	georgia_public_health_laboratory
A/Michigan/UOM10048724719/2022	university_of_michigan	university_of_michigan_clinical_microbiology_laboratory
A/Sichuan-Gaoxin/1138/2023-egg	centers_for_disease_control_and_prevention	who_chinese_national_influenza_center
A/Sichuan-Gaoxin/1138/2023	centers_for_disease_control_and_prevention	who_chinese_national_influenza_center
A/Germany/14069/2023	u.s._air_force_school_of_aerospace_medicine	u.s._air_force_school_of_aerospace_medicine_
A/Denmark/421/2023	statens_serum_institute	statens_serum_institut_
A/England/223680621/2022	uk_health_security_agency___colindale	uk_health_security_agency___colindale
A/Santiago/115682/2022	instituto_de_salud_publica	instituto_de_salud_publica_de_chile
A/Osaka/37/2023	national_institute_of_infectious_diseases_(niid)	osaka_prefectural_institute_of_public_health
A/Centre/3353/2023	crick_worldwide_influenza_centre	institut_pasteur
A/Henan-Shihe/1977/2023-egg	centers_for_disease_control_and_prevention	who_chinese_national_influenza_center
A/Henan-Shihe/1977/2023	centers_for_disease_control_and_prevention	who_chinese_national_influenza_center
A/Henan-Shihe/1480/2023-egg	centers_for_disease_control_and_prevention	who_chinese_national_influenza_center
A/France/ARA-HCL022214847801/2022	cnr_virus_des_infections_respiratoires,_france_sud	cnr_virus_des_infections_respiratoires___france_sud
A/Murcia/4916/2022	instituto_de_salud_carlos_iii	servicio_de_microbiología_hospital_virgen_de_la_arrixaca
A/France/ARA-HCL022216799701/2022	cnr_virus_des_infections_respiratoires,_france_sud	cnr_virus_des_infections_respiratoires___france_sud
A/Yokohama/4/2022	national_institute_of_infectious_diseases_(niid)	yokohama_city_institute_of_public_health.
A/Kanagawa/ZC2201/2022	national_institute_of_infectious_diseases_(niid)	national_institute_of_infectious_diseases_(niid)
A/Kanagawa/ZC2202/2022	national_institute_of_infectious_diseases_(niid)	national_institute_of_infectious_diseases_(niid)
A/Kanagawa/AC2203/2023	national_institute_of_infectious_diseases_(niid)	national_institute_of_infectious_diseases_(niid)
A/Japan/USAFSAM-14168/2023		
A/France/ARA-HCL022218636001/2022	cnr_virus_des_infections_respiratoires,_france_sud	cnr_virus_des_infections_respiratoires___france_sud
A/Luxembourg/LNS5157252/2022	laboratoire_national_de_sant?	laboratoire_national_de_santé_
A/France/ARA-HCL023028084601/2023	cnr_virus_des_infections_respiratoires,_france_sud	cnr_virus_des_infections_respiratoires___france_sud
A/Ishikawa/126/2023	national_institute_of_infectious_diseases_(niid)	ishikawa_prefectural_institute_of_public_health_and_environmental_science
A/Switzerland/28719/2022-egg	centers_for_disease_control_and_prevention	swiss_national_reference_centre_for_influenza
A/Hiroshima/86/2023	national_institute_of_infectious_diseases_(niid)	center_for_public_health_and_environment,_hiroshima_prefectural_technology_research_institute
A/Luxembourg/LNS0958618/2022	laboratoire_national_de_sant?	laboratoire_national_de_santé_
A/Perth/22/2023	who_collaborating_centre_for_reference_and_research_on_influenza	pathwest_qe_ii_medical_centre
A/Switzerland/28719/2022	swiss_national_reference_centre_for_influenza	swiss_national_reference_centre_for_influenza
A/Hiroshima/73/2023	national_institute_of_infectious_diseases_(niid)	center_for_public_health_and_environment,_hiroshima_prefectural_technology_research_institute
A/RioGrandedoSul/4053/2023	instituto_oswaldo_cruz_fiocruz___laboratory_of_respiratory_viruses_and_measles_(lvrs)	lacen/rs___laboratório_central_de_saúde_pública_do_rio_grande_do_sul
A/Idaho/3/2023	centers_for_disease_control_and_prevention	state_of_idaho_bureau_of_laboratories
A/Montana/8/2023-egg	np	seasonal_h3n2
A/Montana/8/2023	centers_for_disease_control_and_prevention	montana_laboratory_services_bureau
A/Michigan/HFHSL361261871/2023	university_of_michigan	henry_ford_health_microbiology_laboratory
A/Michigan/UOM10049367473/2023	university_of_michigan	university_of_michigan_clinical_microbiology_laboratory
A/Michigan/UOM10049179487/2023	university_of_michigan	university_of_michigan_clinical_microbiology_laboratory
A/Michigan/UOM-28519/2023		import_from_public_domain
A/Michigan/HFHSL360107156/2022	university_of_michigan	henry_ford_health_microbiology_laboratory
A/Michigan/UOM-10045599236/2022		
A/Texas/65/2022	centers_for_disease_control_and_prevention	texas_department_of_state_health_services_laboratory_services
A/Okinawa/22T002/2022	niigata_university_(dph)	niigata_university_(idrc)
A/Alagoas/CEVI_2300050/2023	instituto_butantan	instituto_butantan
A/NewYork/46/2022	centers_for_disease_control_and_prevention	new_york_state_department_of_health
A/RioGrandedoSul/28744/2022	instituto_oswaldo_cruz_fiocruz___laboratory_of_respiratory_viruses_and_measles_(lvrs)	lacen/rs___laboratório_central_de_saúde_pública_do_rio_grande_do_sul
A/Michigan/UOM-10049036164/2022		import_from_public_domain
A/Baltimore/JH-0523/2022	johns_hopkins_school_of_medicine	johns_hopkins_school_of_medicine
A/Colombia/56/2023	centers_for_disease_control_and_prevention	instituto_nacional_de_salud_de_columbia
A/Colombia/55/2023	centers_for_disease_control_and_prevention	instituto_nacional_de_salud_de_columbia
A/India/Pun-NIV226963/2022	icmr_national_institute_of_virology	icmr_national_institute_of_virology
A/Michigan/HFHSL361136454/2023	university_of_michigan	henry_ford_health_microbiology_laboratory
A/Michigan/UOM-44128/2023		import_from_public_domain
A/Chile/726/2023	centers_for_disease_control_and_prevention	instituto_de_salud_publica_de_chile
A/Massachusetts/23/2023	centers_for_disease_control_and_prevention	massachusetts_department_of_public_health
A/Abudhabi/3625/2022	sheikh_khalifa_medical_city_(skmc)	reference_laboratory_for_infectious_disease_(surveillance_lab)
A/Singapore/GP1334/2023	ministry_of_health,_singapore	ministry_of_health,_singapore
A/Abudhabi/4485/2022	sheikh_khalifa_medical_city_(skmc)	reference_laboratory_for_infectious_disease_(surveillance_lab)
A/Egypt/HT220798/2022	center_of_scientific_excellence_for_influenza_viruses,_national_research_centre_(nrc),_egypt.	center_of_scientific_excellence_for_influenza_viruses,_national_research_centre_(nrc),_egypt.
A/Lebanon/34/2022	centers_for_disease_control_and_prevention	rafic_hariri_university_hospital_4th_floor_dna/research_lab
A/Lebanon/36/2022	centers_for_disease_control_and_prevention	rafic_hariri_university_hospital_4th_floor_dna/research_lab
A/Abudhabi/9700/2022	sheikh_khalifa_medical_city_(skmc)	reference_laboratory_for_infectious_disease_(surveillance_lab)
A/Lao/820-0847/2022	moru_tropical_health_network	lao_oxford_mahosot_wellcome_trust_research_unit_(lomwru)
A/India/Thi-NIV239251/2023	icmr_national_institute_of_virology	icmr_national_institute_of_virology
A/Victoria/2615/2023	who_collaborating_centre_for_reference_and_research_on_influenza	institute_of_medical_and_veterinary_science_(imvs)
A/SouthAfrica/PET28177/2023	vaccines_and_infectious_diseases_analytics_research_unit	wits_vida
A/Krabi/THIS7/2023	thai_national_influenza_center	thai_national_influenza_center
A/Bangladesh/2424/2023	centers_for_disease_control_and_prevention	institute_of_epidemiology_disease_control_and_research_(iedcr)_&_bangladesh_national_influenza_centre_(nic)
A/Bangladesh/3272/2023	centers_for_disease_control_and_prevention	institute_of_epidemiology_disease_control_and_research_(iedcr)_&_bangladesh_national_influenza_centre_(nic)
A/Bangladesh/3278/2023	centers_for_disease_control_and_prevention	institute_of_epidemiology_disease_control_and_research_(iedcr)_&_bangladesh_national_influenza_centre_(nic)
A/Bangladesh/icddrb-1230809023/2023	international_centre_for_diarrhoeal_disease_research_(icddr,b)	international_centre_for_diarrhoeal_disease_research_(icddr,b)
A/Singapore/TT0374/2023	ministry_of_health,_singapore	ministry_of_health,_singapore
A/India/Pun-NIVCOV23224/2023	icmr_national_institute_of_virology	icmr_national_institute_of_virology
A/Singapore/GP5210/2023	ministry_of_health,_singapore	ministry_of_health,_singapore
A/Malaysia/IMR-RM0244/2023	national_institute_of_health,_malaysia	tuanku_ja'afar_hospital,
A/Victoria/502/2023	who_collaborating_centre_for_reference_and_research_on_influenza	alfred_hospital
A/Bangladesh/icddrb-2240411008/2024	international_centre_for_diarrhoeal_disease_research_(icddr,b)	international_centre_for_diarrhoeal_disease_research_(icddr,b)
A/Denmark/1501/2023	statens_serum_institute	statens_serum_institut_
A/StPetersburg/RII-5390S/2023	who_national_influenza_centre_russian_federation	who_national_influenza_centre_russian_federation
A/StPetersburg/RII-4061S/2023	who_national_influenza_centre_russian_federation	who_national_influenza_centre_russian_federation
A/AbuDhabi/2654/2022	centers_for_disease_control_and_prevention	shaikh_khalifa_medical_city
A/CountiesManukau/42/2023	who_collaborating_centre_for_reference_and_research_on_influenza	institute_of_environmental_science_and_research_(esr)
A/Abudhabi/4154/2022	sheikh_khalifa_medical_city_(skmc)	reference_laboratory_for_infectious_disease_(surveillance_lab)
A/Victoria/3122/2023	who_collaborating_centre_for_reference_and_research_on_influenza	royal_melbourne_hospital
A/Kiribati/4/2023	who_collaborating_centre_for_reference_and_research_on_influenza	ministry_of_health
A/SouthAustralia/340/2023	who_collaborating_centre_for_reference_and_research_on_influenza	institute_of_medical_and_veterinary_science_(imvs)
A/Wellington/66/2023	centers_for_disease_control_and_prevention	institute_of_environmental_science_&_research
A/Wellington/65/2023	centers_for_disease_control_and_prevention	institute_of_environmental_science_&_research
A/Auckland/69/2023	centers_for_disease_control_and_prevention	institute_of_environmental_science_&_research
A/Dunedin/14/2023	centers_for_disease_control_and_prevention	institute_of_environmental_science_&_research
A/Auckland/62/2023	centers_for_disease_control_and_prevention	institute_of_environmental_science_&_research
A/NelsonMarlborough/5/2023	centers_for_disease_control_and_prevention	institute_of_environmental_science_&_research
A/Japan/14422/2023	u.s._air_force_school_of_aerospace_medicine	u.s._air_force_school_of_aerospace_medicine_
A/BritishColumbia/PHL-1274/2023	public_health_agency_of_canada	b.c._centre_for_disease_control
A/SouthAfrica/PET29260/2023	vaccines_and_infectious_diseases_analytics_research_unit	wits_vida
A/Brisbane/502/2023	who_collaborating_centre_for_reference_and_research_on_influenza	queensland_children's_hospital
A/Zhejiang-NH/11173/2023	zhejiang_provincial_center_for_disease_control_and_prevention	jiaxing_cdc
A/Singapore/KK0518/2023	ministry_of_health,_singapore	ministry_of_health,_singapore
A/SouthAfrica/R06270/2023	national_institute_for_communicable_diseases_(nicd)	national_institute_for_communicable_diseases_(nicd)
A/Bhutan/1320/2023	centers_for_disease_control_and_prevention	royal_centre_for_disease_control
A/Bhutan/1364/2023	centers_for_disease_control_and_prevention	royal_centre_for_disease_control
A/Bhutan/1333/2023	centers_for_disease_control_and_prevention	royal_centre_for_disease_control
A/HongKong/3083/2023	centers_for_disease_control_and_prevention	government_virus_unit
A/HongKong/1534/2023	centers_for_disease_control_and_prevention	government_virus_unit
A/HongKong/1501/2023	centers_for_disease_control_and_prevention	government_virus_unit
A/Japan/14529/2024	u.s._air_force_school_of_aerospace_medicine	u.s._air_force_school_of_aerospace_medicine_
A/Vladivostok/RII-1/2023-egg	who_national_influenza_centre_russian_federation	who_national_influenza_centre_russian_federation
A/Vladivostok/RII-1/2023	who_national_influenza_centre_russian_federation	who_national_influenza_centre_russian_federation
A/Bangkok/P436/2024	thai_national_influenza_center	thai_national_influenza_center
A/Shanghai-Putuo/1727/2023	centers_for_disease_control_and_prevention	who_chinese_national_influenza_center
A/HongKong/3053/2023	crick_worldwide_influenza_centre	government_virus_unit
A/Santiago/99025/2023	instituto_de_salud_publica_de_chile	instituto_de_salud_publica_de_chile
A/SantaCatarina/12156/2023	centers_for_disease_control_and_prevention	instituto_oswaldo_cruz_fiocruz___laboratory_of_respiratory_viruses_and_measles_(lvrs)
A/Zhejiang-NH/1893/2023	zhejiang_provincial_center_for_disease_control_and_prevention	jiaxing_center_for_disease_control_and_prevention
A/Shanghai-Putuo/1727/2023-egg	centers_for_disease_control_and_prevention	who_chinese_national_influenza_center
A/Madrid/HULP-062797169/2024	idipaz_research_institute	servicio_de_microbiología_hospital_universitario_la_paz
A/Andalucia/1533/2024	instituto_de_salud_carlos_iii	servicio_de_microbiología_hospital_virgen_de_las_nieves
A/Catalonia/NSVH161517208/2024	hospital_universitari_vall_d'hebron	hospital_universitari_vall_d'hebron
A/Bangladesh/1012/2024	centers_for_disease_control_and_prevention	icddr,b_international_centre_for_diarrhoeal_disease_research,_bangladesh
A/SouthAfrica/PET28646/2023	vaccines_and_infectious_diseases_analytics_research_unit	wits_vida
A/Zambia/4464/2023	centers_for_disease_control_and_prevention	university_teaching_hospital,_moh_zambia
A/SouthAfrica/R05757/2023	national_institute_for_communicable_diseases_(nicd)	national_institute_for_communicable_diseases_(nicd)
A/SouthAfrica/R06155/2023	national_institute_for_communicable_diseases_(nicd)	national_institute_for_communicable_diseases_(nicd)
A/Yokohama/167/2023	national_institute_of_infectious_diseases_(niid)	yokohama_city_institute_of_public_health.
A/Okinawa/323/2024	national_institute_of_infectious_diseases_(niid)	okinawa_prefectural_institute_of_health_and_environment
A/Kanagawa/IC2330/2023	national_institute_of_infectious_diseases_(niid)	national_institute_of_infectious_diseases_(niid)
A/Kanagawa/AC2317/2023	national_institute_of_infectious_diseases_(niid)	national_institute_of_infectious_diseases_(niid)
A/Gifu/13/2023	national_institute_of_infectious_diseases_(niid)	gifu_prefectural_institute_of_health_and_environmental_sciences
A/Akita/26/2023	national_institute_of_infectious_diseases_(niid)	akita_research_center_for_public_health_and_environment
A/SouthAfrica/PET28669/2023	vaccines_and_infectious_diseases_analytics_research_unit	wits_vida
A/Mayotte/HCL023169698901/2023	cnr_virus_des_infections_respiratoires,_france_sud	cnr_virus_des_infections_respiratoires___france_sud
A/Nara/26/2023	national_institute_of_infectious_diseases_(niid)	nara_prefectural_institute_for_hygiene_and_environment
A/Singapore/KK1158/2023	ministry_of_health,_singapore	ministry_of_health,_singapore
A/Miyagi/87/2023	national_institute_of_infectious_diseases_(niid)	miyagi_prefectural_institute_of_public_health_and_environment
A/Madagascar/1281/2024	institut_pasteur_de_madagascar	institut_pasteur_de_madagascar
A/Lao/4606/2023	centers_for_disease_control_and_prevention	national_center_for_laboratory_and_epidemiology
A/Lao/820-1653/2023	moru_tropical_health_network	lao_oxford_mahosot_wellcome_trust_research_unit_(lomwru)
A/Aichi/256/2023	national_institute_of_infectious_diseases_(niid)	aichi_prefectural_institute_of_public_health
A/Aichi/353/2023	national_institute_of_infectious_diseases_(niid)	aichi_prefectural_institute_of_public_health
A/HongKong/3052/2023	centers_for_disease_control_and_prevention	government_virus_unit
A/Nagano/2087/2024	national_institute_of_infectious_diseases_(niid)	nagano_environmental_conservation_research_institute
A/Kobe/23395/2024	national_institute_of_infectious_diseases_(niid)	kobe_institute_of_health
A/Nagano/2056/2024	national_institute_of_infectious_diseases_(niid)	nagano_environmental_conservation_research_institute
A/StPetersburg/RII-MH159350S/2023	who_national_influenza_centre_russian_federation	research_institute_of_influenza,_ministry_of_healthcare_of_the_russian_federation
A/StPetersburg/RII-171/2023-egg	who_national_influenza_centre_russian_federation	who_national_influenza_centre_russian_federation
A/StPetersburg/RII-171/2023	who_national_influenza_centre_russian_federation	who_national_influenza_centre_russian_federation
A/India/Del-IGSQ494/2022	icmr_national_institute_of_virology	icmr_national_institute_of_virology
A/HongKong/1536/2023	crick_worldwide_influenza_centre	government_virus_unit
A/Kenya/KLF221786/2023	kemri_wellcome_trust_research_programme	kemri_wellcome_trust_research_programme_(kwtrp)
A/Hunan-Hecheng/1382/2023-egg	centers_for_disease_control_and_prevention	who_chinese_national_influenza_center
A/Hunan-Hecheng/1382/2023	centers_for_disease_control_and_prevention	who_chinese_national_influenza_center
A/Singapore/KK2008/2023	ministry_of_health,_singapore	ministry_of_health,_singapore
A/PhraNakhonSiAyutthaya/P5271/2023	thai_national_influenza_center	thai_national_influenza_center
A/Singapore/NUH0322/2023	ministry_of_health,_singapore	ministry_of_health,_singapore
A/Singapore/NUH0398/2023	ministry_of_health,_singapore	ministry_of_health,_singapore
A/HongKong/ST222744/2024		university_of_hong_kong,_school_of_public_health,_who_collaborating_centre_for_infectious_disease_epidemiology_and_control
A/Zambia/218/2024	centers_for_disease_control_and_prevention	university_teaching_hospital,_moh_zambia
A/Kazan/RII-MH153191S/2023	who_national_influenza_centre_russian_federation	research_institute_of_influenza,_ministry_of_healthcare_of_the_russian_federation
A/Bangladesh/icddrb-3230613031/2023	international_centre_for_diarrhoeal_disease_research_(icddr,b)	international_centre_for_diarrhoeal_disease_research_(icddr,b)
A/Anhui-Jinan/11028/2023-egg	centers_for_disease_control_and_prevention	who_chinese_national_influenza_center
A/Zhejiang-NH/1810/2023	zhejiang_provincial_center_for_disease_control_and_prevention	jiaxing_center_for_disease_control_and_prevention
A/Kenya/101/2023	centers_for_disease_control_and_prevention	cdc_kenya
A/Bangladesh/3036/2023	centers_for_disease_control_and_prevention	icddr,b_international_centre_for_diarrhoeal_disease_research,_bangladesh
A/Zhejiang-NH/11110/2023	zhejiang_provincial_center_for_disease_control_and_prevention	jiaxing_center_for_disease_control_and_prevention
A/Lao/820-1542/2023	moru_tropical_health_network	lao_oxford_mahosot_wellcome_trust_research_unit_(lomwru)
A/Lao/4193/2023	centers_for_disease_control_and_prevention	national_center_for_laboratory_and_epidemiology
A/Zhejiang-NH/1831/2023	zhejiang_provincial_center_for_disease_control_and_prevention	jiaxing_cdc
A/Kenya/124/2024	centers_for_disease_control_and_prevention	cdc_kenya
A/Kenya/130/2024	centers_for_disease_control_and_prevention	cdc_kenya
A/Kenya/MSA-08901/2024	national_public_health_laboratory_	national_public_health_laboratory
A/Anhui-Jinan/11028/2023	centers_for_disease_control_and_prevention	who_chinese_national_influenza_center
A/Abudhabi/4490/2022	sheikh_khalifa_medical_city_(skmc)	reference_laboratory_for_infectious_disease_(surveillance_lab)
A/Abudhabi/4341/2022	sheikh_khalifa_medical_city_(skmc)	reference_laboratory_for_infectious_disease_(surveillance_lab)
A/Okinawa/197/2022	national_institute_of_infectious_diseases_(niid)	okinawa_prefectural_institute_of_health_and_environment
A/Okinawa/22T001/2022	niigata_university_(dph)	niigata_university_(idrc)
A/SouthAfrica/R05024/2023	national_institute_for_communicable_diseases_(nicd)	national_institute_for_communicable_diseases_(nicd)
A/Victoria/260/2023	who_collaborating_centre_for_reference_and_research_on_influenza	monash_medical_centre
A/Oman/2886/2022	centers_for_disease_control_and_prevention	central_public_health_laboratory,_ministry_of_health
A/Rondonia/IAL/C10445/2023	instituto_adolfo_lutz	instituto_adolfo_lutz___national_influenza_center
A/England/234920255/2023	ukhsa_/_respiratory_virus_unit	uk_health_security_agency___colindale
A/Ghana/FS-25-0129/2025	noguchi_memorial_institute_for_medical_research_(nmimr)	noguchi_memorial_institute_for_medical_research
A/Bangladesh/icddrb-3230908025/2023	international_centre_for_diarrhoeal_disease_research_(icddr,b)	international_centre_for_diarrhoeal_disease_research_(icddr,b)
A/Wellington/59/2023	centers_for_disease_control_and_prevention	institute_of_environmental_science_&_research
A/Connecticut/7/2024	centers_for_disease_control_and_prevention	connecticut_department._of_public_health
A/HongKong/3042/2024	hong_kong_department_of_health	hong_kong_department_of_health
A/StPetersburg/RII-MH154972S/2023	who_national_influenza_centre_russian_federation	research_institute_of_influenza,_ministry_of_healthcare_of_the_russian_federation
A/Darwin/22/2025	who_collaborating_centre_for_reference_and_research_on_influenza	royal_darwin_hospital
A/Iquique/92944/2024	instituto_de_salud_pública_de_chile	instituto_de_salud_publica_de_chile
A/Vietnam/PF224141/2024	bach_mai_hospital	bach_mai_hospital
A/Palestine/11JN/2024	crick_worldwide_influenza_centre	central_public_health_laboratory_(cphl)_west_bank
A/Switzerland/71762/2023-egg	np	seasonal_h3n2
A/Switzerland/71762/2023	crick_worldwide_influenza_centre	swiss_national_reference_centre_for_influenza
A/Netherlands/10561/2023-egg	crick_worldwide_influenza_centre	national_institute_for_public_health_and_the_environment_(rivm)
A/Croatia/10165/RV/2023-egg	np	seasonal_h3n2
A/Croatia/10165/RV/2023	crick_worldwide_influenza_centre	croatian_institute_of_public_health_
A/Massachusetts/ISC-1445/2025	centers_for_disease_control_and_prevention	massachusetts_department_of_public_health
A/Zhejiang-NH/11164/2023	zhejiang_provincial_center_for_disease_control_and_prevention	jiaxing_cdc
A/Colorado/184/2024	centers_for_disease_control_and_prevention	colorado_department_of_health_lab
A/Senegal/IPD-2549/2024	institut_pasteur_de_dakar	institut_pasteur_de_dakar
A/India/PUN-NIV24_1168/2024	icmr_national_institute_of_virology	icmr_national_institute_of_virology
A/HongKong/2837/2024	crick_worldwide_influenza_centre	government_virus_unit
A/Bhutan/2210/2024	centers_for_disease_control_and_prevention	royal_centre_for_disease_control
A/France/PAC-HCL023135084601/2023	cnr_virus_des_infections_respiratoires,_france_sud	cnr_virus_des_infections_respiratoires___france_sud
A/Shanghai-Fengxian/1912/2023-egg	centers_for_disease_control_and_prevention	who_chinese_national_influenza_center
A/Michigan/UM-CL24-590348/2024		university_of_michigan,_lauring_lab,_department_of_microbiology_and_immunology
A/Peru/LIM-INS-256/2024	instituto_nacional_de_salud_peru	laboratorio_de_referencia_nacional_virus_respiratorios,_instituto_nacional_de_salud
A/Colorado/78/2024	centers_for_disease_control_and_prevention	colorado_department_of_health_lab
A/Peru/LOR-INS-032/2024	instituto_nacional_de_salud_peru	laboratorio_de_referencia_nacional_virus_respiratorios,_instituto_nacional_de_salud
A/Peru/GIHSN-HCL024130069401/2024	cnr_virus_des_infections_respiratoires,_france_sud	instituto_de_investigacion_nutricional_/instituto_de_medicina_tropical_san_marcos
A/England/235140312/2023	ukhsa_/_respiratory_virus_unit	uk_health_security_agency___colindale
A/Bahrain/3402/2024	centers_for_disease_control_and_prevention	ministry_of_health_bahrain
A/Bangladesh/3008/2024	centers_for_disease_control_and_prevention	icddr,b_international_centre_for_diarrhoeal_disease_research,_bangladesh
A/Shanxi-Taiyuan/660/2024	taiyuan_center_for_disease_control_and_prevention	taiyuan_center_for_disease_control_and_prevention
A/Michigan/UM-10055129067/2023	university_of_michigan,_lauring_lab,_department_of_microbiology_and_immunology	university_of_michigan,_lauring_lab,_department_of_microbiology_and_immunology
A/Singapore/SAR4284/2024	ministry_of_health,_singapore	ministry_of_health,_singapore
A/Denmark/1823/2023	statens_serum_institute	statens_serum_institut_
A/NewSouthWales/2503008425/2025	sa_pathology_laboratory	sa_pathology
A/StPetersburg/RII-MH166253S/2024	who_national_influenza_centre_russian_federation	research_institute_of_influenza,_ministry_of_healthcare_of_the_russian_federation
A/Novosibirsk/RII-7378/2024	who_national_influenza_centre_russian_federation	research_institute_of_experimental_and_clinical_medicine
A/Bhutan/1359/2023	centers_for_disease_control_and_prevention	royal_centre_for_disease_control
A/England/240460905/2024	ukhsa_/_respiratory_virus_unit	uk_health_security_agency___colindale
A/Maldives/1405/2024	centers_for_disease_control_and_prevention	ministry_of_health
A/Denmark/963/2025	statens_serum_institute	statens_serum_institut
A/England/240440780/2024	ukhsa_/_respiratory_virus_unit	uk_health_security_agency___colindale
A/England/240160487/2023	ukhsa_/_respiratory_virus_unit	uk_health_security_agency___colindale
A/Paraiba/2023-044621-IEC/2023	evandro_chagas_institute	lacen/pb___laboratório_central_de_saúde_pública_da_paraíba
A/Shanghai-Fengxian/1912/2023	centers_for_disease_control_and_prevention	who_chinese_national_influenza_center
A/Norway/11360/2023-egg	np	seasonal_h3n2
A/Norway/11360/2023	crick_worldwide_influenza_centre	who_national_influenza_centre
A/Canberra/292/2023	who_collaborating_centre_for_reference_and_research_on_influenza	canberra_hospital
A/Alagoas/CEVI_24000870/2023	instituto_butantan	instituto_butantan
A/Ghana/FS-25-0256/2025	noguchi_memorial_institute_for_medical_research_(nmimr)	noguchi_memorial_institute_for_medical_research
A/StPetersburg/RII-351/2023	who_national_influenza_centre_russian_federation	who_national_influenza_centre_russian_federation
A/Moscow/1/2024	who_national_influenza_centre_russian_federation	center_of_hygiene_and_epidemiology_in_krasnodar_territory
A/Moscow/4/2024	who_national_influenza_centre_russian_federation	gamaleya_research_institute_of_epidemiology_and_microbiology
A/StPetersburg/RII-255/2023	who_national_influenza_centre_russian_federation	who_national_influenza_centre_russian_federation
A/StPetersburg/RII-188/2023	who_national_influenza_centre_russian_federation	who_national_influenza_centre_russian_federation
A/Ulsan/334/2025	korea_disease_control_and_prevention_agency_(kdca)	korea_disease_control_and_prevention_agency_(kdca)
A/BritishColumbia/RV02242/2024	public_health_agency_of_canada_(phac)	b.c._centre_for_disease_control
A/NovaScotia/NT0101CP00050R/2025	public_health_agency_of_canada_(phac)	qeii_health_sciences_centre
A/Perth/679/2024	who_collaborating_centre_for_reference_and_research_on_influenza	pathwest_qe_ii_medical_centre
A/SouthAustralia/2501807956/2025	sa_pathology_laboratory	sa_pathology
A/Colorado/ISC-1348/2024	centers_for_disease_control_and_prevention	colorado_department_of_health_lab
A/Pakistan/591/2024	centers_for_disease_control_and_prevention	national_institute_of_health
A/Philippines/ILI24-2148/2024	research_institute_for_tropical_medicine	research_institute_for_tropical_medicine,_virology_department
A/Bangladesh/icddrb-1240412010/2024	international_centre_for_diarrhoeal_disease_research_(icddr,b)	international_centre_for_diarrhoeal_disease_research_(icddr,b)
A/HongKong/84/2024	centers_for_disease_control_and_prevention	government_virus_unit
A/Philippines/ILI24-1764/2024	research_institute_for_tropical_medicine	research_institute_for_tropical_medicine,_virology_department
A/Philippines/ILI24-2186/2024	research_institute_for_tropical_medicine	research_institute_for_tropical_medicine,_virology_department
A/Philippines/ILI24-1729/2024	research_institute_for_tropical_medicine	research_institute_for_tropical_medicine,_virology_department
A/Philippines/ILI24-2221/2024	research_institute_for_tropical_medicine	baguio_general_hospital_and_medical_center
A/Philippines/ILI24-1565/2024	research_institute_for_tropical_medicine	research_institute_for_tropical_medicine,_virology_department
A/HongKong/8080/2024	centers_for_disease_control_and_prevention	government_virus_unit
A/HongKong/2468/2024	hong_kong_department_of_health_,_public_health_laboratory_services_branch	hong_kong_department_of_health
A/India/Dib-NIV24_3333/2024	who_collaborating_centre_for_reference_and_research_on_influenza	icmr_national_institute_of_virology
A/StPetersburg/RII-337/2023	who_national_influenza_centre_russian_federation	who_national_influenza_centre_russian_federation
A/StPetersburg/RII-60/2024-egg	who_national_influenza_centre_russian_federation	who_national_influenza_centre_russian_federation
A/StPetersburg/RII-31M/2024	who_national_influenza_centre_russian_federation	who_national_influenza_centre_russian_federation
A/StPetersburg/RII-8073S/2023	who_national_influenza_centre_russian_federation	who_national_influenza_centre_russian_federation
A/Israel/R2107/2024	crick_worldwide_influenza_centre	central_virology_laboratory_israel_(nic)
A/Israel/R1613/2024	crick_worldwide_influenza_centre	central_virology_laboratory_israel_(nic)
A/Sernur/RII-MH172445S/2024	who_national_influenza_centre_russian_federation	research_institute_of_influenza,_ministry_of_healthcare_of_the_russian_federation
A/Abudhabi/15616/2024	sheikh_khalifa_medical_city_(skmc)	reference_laboratory_for_infectious_disease_(surveillance_lab)
A/HongKong/2506/2024	hong_kong_department_of_health_,_public_health_laboratory_services_branch	hong_kong_department_of_health
A/Gwangju/4073/2024	korea_disease_control_and_prevention_agency_(kdca)	korea_disease_control_and_prevention_agency_(kdca)
A/Tokyo/EIS10-240/2024	national_institute_of_infectious_diseases_(niid)	national_institute_of_infectious_diseases_(niid)
A/StPetersburg/RII-MH159403S/2023	who_national_influenza_centre_russian_federation	research_institute_of_influenza,_ministry_of_healthcare_of_the_russian_federation
A/KhantyMansi/224-35V/2023	state_research_center_of_virology_and_biotechnology_(vector)	fbuz_gygiene_and_epidemiology_centre_khanty_mansi_autonomous_okrug_yugra_
A/Darwin/452/2024	who_collaborating_centre_for_reference_and_research_on_influenza	royal_darwin_hospital
A/StPetersburg/RII-310/2023-egg	who_national_influenza_centre_russian_federation	who_national_influenza_centre_russian_federation
A/StPetersburg/RII-351/2023-egg	who_national_influenza_centre_russian_federation	who_national_influenza_centre_russian_federation
A/StPetersburg/RII-311/2023-egg	who_national_influenza_centre_russian_federation	who_national_influenza_centre_russian_federation
A/StPetersburg/RII-311/2023	who_national_influenza_centre_russian_federation	who_national_influenza_centre_russian_federation
A/Saratov/RII-MH164568S/2023	who_national_influenza_centre_russian_federation	research_institute_of_influenza,_ministry_of_healthcare_of_the_russian_federation
A/StPetersburg/FBUZ-9/2024	who_national_influenza_centre_russian_federation	who_national_influenza_centre_russian_federation
A/StPetersburg/RII-286/2023-egg	who_national_influenza_centre_russian_federation	who_national_influenza_centre_russian_federation
A/StPetersburg/RII-286/2023	who_national_influenza_centre_russian_federation	who_national_influenza_centre_russian_federation
A/StPetersburg/RII-MH156111S/2023	who_national_influenza_centre_russian_federation	research_institute_of_influenza,_ministry_of_healthcare_of_the_russian_federation
A/StPetersburg/RII-1M/2024-egg	who_national_influenza_centre_russian_federation	who_national_influenza_centre_russian_federation
A/StPetersburg/RII-1M/2024	who_national_influenza_centre_russian_federation	who_national_influenza_centre_russian_federation
A/Irkutsk/RII-MH169094S/2024	who_national_influenza_centre_russian_federation	research_institute_of_influenza,_ministry_of_healthcare_of_the_russian_federation
A/Bahrain/1493/2025	national_influenza_center,_bahrain	ministry_of_health_bahrain
A/Cambodia/IBTB250007/2025	national_institute_of_public_health	national_institute_of_public_health
A/Armavir/RII-01/2024	who_national_influenza_centre_russian_federation	who_national_influenza_centre_russian_federation
A/Kaliningrad/RII-17/2024	who_national_influenza_centre_russian_federation	who_national_influenza_centre_russian_federation
A/StPetersburg/RII-11/2024-egg	who_national_influenza_centre_russian_federation	who_national_influenza_centre_russian_federation
A/StPetersburg/RII-11/2024	who_national_influenza_centre_russian_federation	who_national_influenza_centre_russian_federation
A/Maldives/2058/2024	centers_for_disease_control_and_prevention	ministry_of_health
A/Samara/222-3V/2024	state_research_center_of_virology_and_biotechnology_(vector)	fbuz_gygiene_and_epidemiology_centre_samara_oblast
A/StPetersburg/RII-6362S/2023	who_national_influenza_centre_russian_federation	who_national_influenza_centre_russian_federation
A/England/240561005/2024	ukhsa_/_respiratory_virus_unit	uk_health_security_agency___colindale
A/StPetersburg/RII-10/2024	who_national_influenza_centre_russian_federation	who_national_influenza_centre_russian_federation
A/Algeria/339/2025	crick_worldwide_influenza_centre	institut_pasteur_d'algerie
A/StPetersburg/RII-310/2023	who_national_influenza_centre_russian_federation	who_national_influenza_centre_russian_federation
A/StPetersburg/RII-256/2023	who_national_influenza_centre_russian_federation	who_national_influenza_centre_russian_federation
A/StPetersburg/RII-MH188933S/2024	who_national_influenza_centre_russian_federation	research_institute_of_influenza,_ministry_of_healthcare_of_the_russian_federation
A/StPetersburg/RII-303/2023	who_national_influenza_centre_russian_federation	who_national_influenza_centre_russian_federation
A/StPetersburg/RII-303/2023-egg	who_national_influenza_centre_russian_federation	who_national_influenza_centre_russian_federation
A/Saratov/RII-19/2023	who_national_influenza_centre_russian_federation	who_national_influenza_centre_russian_federation
A/Kaliningrad/RII-17/2024-egg	who_national_influenza_centre_russian_federation	who_national_influenza_centre_russian_federation
A/StPetersburg/RII-31M/2024-egg	who_national_influenza_centre_russian_federation	who_national_influenza_centre_russian_federation
A/StPetersburg/RII-307/2023-egg	who_national_influenza_centre_russian_federation	who_national_influenza_centre_russian_federation
A/StPetersburg/RII-307/2023	who_national_influenza_centre_russian_federation	who_national_influenza_centre_russian_federation
A/StPetersburg/RII-10/2024-egg	who_national_influenza_centre_russian_federation	who_national_influenza_centre_russian_federation
A/StPetersburg/RII-42M/2024-egg	who_national_influenza_centre_russian_federation	who_national_influenza_centre_russian_federation
A/France/ARA-HCL024010579201/2023	cnr_virus_des_infections_respiratoires,_france_sud	cnr_virus_des_infections_respiratoires___france_sud
A/Maldives/1212/2024	centers_for_disease_control_and_prevention	ministry_of_health
A/Pennsylvania/203/2023	centers_for_disease_control_and_prevention	children's_hospital_of_pittsburgh_upmc
A/Qatar/15734/2025	u.s._air_force_school_of_aerospace_medicine	u.s._air_force_school_of_aerospace_medicine_
A/Qatar/15733/2025	u.s._air_force_school_of_aerospace_medicine	u.s._air_force_school_of_aerospace_medicine_
A/Shanghai/SHJA0001/2023-egg	np	seasonal_h3n2
A/Ohio/224/2024	centers_for_disease_control_and_prevention	ohio_department_of_health_laboratories
A/Osaka/38/2024	national_institute_of_infectious_diseases_(niid)	osaka_prefectural_institute_of_public_health
A/Vietnam/PF225003/2025	bach_mai_hospital	bach_mai_hospital
A/Vietnam/PF224521/2025	bach_mai_hospital	bach_mai_hospital
A/Jeju/417/2025	korea_disease_control_and_prevention_agency_(kdca)	korea_disease_control_and_prevention_agency_(kdca)
A/Gyeongnam/433/2025	korea_disease_control_and_prevention_agency_(kdca)	korea_disease_control_and_prevention_agency_(kdca)
A/Incheon/338/2025	korea_disease_control_and_prevention_agency_(kdca)	korea_disease_control_and_prevention_agency_(kdca)
A/Guam/15569/2025	u.s._air_force_school_of_aerospace_medicine	u.s._air_force_school_of_aerospace_medicine_
A/Guam/15355/2025	u.s._air_force_school_of_aerospace_medicine	u.s._air_force_school_of_aerospace_medicine_
A/Cheboksary/RII-MH223465S/2025	who_national_influenza_centre_russian_federation	research_institute_of_influenza,_ministry_of_healthcare_of_the_russian_federation
A/Ulsan/322/2025	korea_disease_control_and_prevention_agency_(kdca)	korea_disease_control_and_prevention_agency_(kdca)
A/Vietnam/PF125001/2025	bach_mai_hospital	bach_mai_hospital
A/Vietnam/PF225001/2025	bach_mai_hospital	bach_mai_hospital
A/Ulsan/486/2025	korea_disease_control_and_prevention_agency_(kdca)	korea_disease_control_and_prevention_agency_(kdca)
A/Jeju/526/2025	korea_disease_control_and_prevention_agency_(kdca)	korea_disease_control_and_prevention_agency_(kdca)
A/Gyeonggi/421/2025	korea_disease_control_and_prevention_agency_(kdca)	korea_disease_control_and_prevention_agency_(kdca)
A/Chungbuk/400/2025	korea_disease_control_and_prevention_agency_(kdca)	korea_disease_control_and_prevention_agency_(kdca)
A/Gyeonggi/424/2025	korea_disease_control_and_prevention_agency_(kdca)	korea_disease_control_and_prevention_agency_(kdca)
A/Tokyo/EIS10-797/2024	national_institute_of_infectious_diseases_(niid)	national_institute_of_infectious_diseases_(niid)
A/EspiritoSanto/14482/2023	oswaldo_cruz_foundation	lacen/es___laboratório_central_de_saúde_pública_do_espírito_santo
A/Michigan/UM-RR052704221/2023		
A/Sydney/488/2024	who_collaborating_centre_for_reference_and_research_on_influenza	4cyte_pathology
A/India/Udaipur-Niv24_941/2024	centers_for_disease_control_and_prevention	national_institute_of_virology
A/India/PUN-NIVCOV241918/2024	icmr_national_institute_of_virology	icmr_national_institute_of_virology
A/Taranaki/8/2023	centers_for_disease_control_and_prevention	institute_of_environmental_science_&_research
A/Malaysia/IMR-SARI0432/2025	institute_for_medical_research	hospital_tuanku_fauziah
A/SantaCatarina/332/2025	instituto_oswaldo_cruz_fiocruz___laboratory_of_respiratory_viruses_and_measles_(lvrs)	lacen/sc
A/Netherlands/10554/2023	national_institute_for_public_health_and_the_environment_(rivm)	national_institute_for_public_health_and_the_environment_(rivm)
A/Croatia/10136RV/2023	crick_worldwide_influenza_centre	croatian_institue_of_public_health
A/Kanagawa/IC2356/2024	national_institute_of_infectious_diseases_(niid)	national_institute_of_infectious_diseases_(niid)
A/HongKong/3084/2023	centers_for_disease_control_and_prevention	government_virus_unit
A/Bulgaria/1261/2024	national_centre_of_infectious_and_parasitic_diseases	national_influenza_laboratory,_natl._center_of_inf._&_parasitic_dis
A/Ghana/FS-24-6229/2024	noguchi_memorial_institute_for_medical_research_	noguchi_memorial_institute_for_medical_research
A/FrenchPolynesia/HCL024099305101/2024	cnr_virus_des_infections_respiratoires,_france_sud	cnr_virus_des_infections_respiratoires___france_sud
A/Ohio/170/2024	centers_for_disease_control_and_prevention	university_hospitals_cleveland_medical_center
A/Minnesota/ISC-1063/2023	centers_for_disease_control_and_prevention	minnesota_department_of_health
A/HongKong/VB24134247/2024	hong_kong_department_of_health_,_public_health_laboratory_services_branch	hong_kong_department_of_health
A/Vietnam/PF224208/2024	bach_mai_hospital	bach_mai_hospital
A/SouthDakota/SD-INBRE-03141/2024		south_dakota_idea_networks_of_biomedical_research_excellence/avera_institute_for_human_genetics
A/India/Nagpur-NIV2318630/2023	icmr_national_institute_of_virology	icmr_national_institute_of_virology
A/Paraiba/2023-044617-IEC/2023	evandro_chagas_institute	lacen/pb___laboratório_central_de_saúde_pública_da_paraíba
A/HongKong/2108/2024	hong_kong_department_of_health_,_public_health_laboratory_services_branch	hong_kong_department_of_health
A/Bhutan/1742/2023	centers_for_disease_control_and_prevention	royal_centre_for_disease_control
A/Netherlands/10008/2025	national_institute_for_public_health_and_the_environment_(rivm)	national_institute_for_public_health_and_the_environment_(rivm)
A/HongKong/VB24089106/2024	hong_kong_department_of_health_,_public_health_laboratory_services_branch	hong_kong_department_of_health
A/Iasi/565594/2024	cantacuzino_institute	cantacuzino_national_military_medical_institute_for_research_and_development
A/NakhonPhanom/P1142/2024	thai_national_influenza_center	thai_national_influenza_center
A/Bangladesh/2181/2024	centers_for_disease_control_and_prevention	institute_of_epidemiology_disease_control_and_research_(iedcr)_&_bangladesh_national_influenza_centre_(nic)
A/NewYork/108/2024	centers_for_disease_control_and_prevention	new_york_state_department_of_health
A/France/ARA-HCL024022978001/2024	cnr_virus_des_infections_respiratoires,_france_sud	cnr_virus_des_infections_respiratoires___france_sud
A/HongKong/VB24145320/2024	hong_kong_department_of_health_,_public_health_laboratory_services_branch	hong_kong_department_of_health
A/Dakar/38/2024	crick_worldwide_influenza_centre	institut_pasteur_de_dakar__
A/Denmark/1759/2024	statens_serum_institute	statens_serum_institut_
A/SouthAustralia/2503614687/2025	sa_pathology_laboratory	sa_pathology
A/Vietnam/PF325008/2025	bach_mai_hospital	bach_mai_hospital
A/Jeju/523/2025	korea_disease_control_and_prevention_agency_(kdca)	korea_disease_control_and_prevention_agency_(kdca)
A/HongKong/1973/2024	crick_worldwide_influenza_centre	government_virus_unit
A/SantaCatarina/333/2025	instituto_oswaldo_cruz_fiocruz___laboratory_of_respiratory_viruses_and_measles_(lvrs)	lacen/sc
A/Oman/CPHL_7247455/2024	central_public_health_laboratories_oman	central_public_health_laboratories_oman
A/Ghana/FS-25-0017/2024	noguchi_memorial_institute_for_medical_research_(nmimr)	noguchi_memorial_institute_for_medical_research
A/Bhutan/281/2024	centers_for_disease_control_and_prevention	royal_centre_for_disease_control
A/France/ARA-HCL024016162701/2024	cnr_virus_des_infections_respiratoires,_france_sud	cnr_virus_des_infections_respiratoires___france_sud
A/Switzerland/8649/2023-egg	np	seasonal_h3n2
A/Switzerland/25797/2023	crick_worldwide_influenza_centre	swiss_national_reference_centre_for_influenza
A/Switzerland/8649/2023	centers_for_disease_control_and_prevention	national_institute_for_medical_research
A/Switzerland/25797/2023-egg	np	seasonal_h3n2
A/HongKong/VB24152491/2024	hong_kong_department_of_health_,_public_health_laboratory_services_branch	hong_kong_department_of_health
A/Shanxi-Taiyuan/2158/2023	taiyuan_center_for_disease_control_and_prevention	taiyuan_center_for_disease_control_and_prevention
A/Jilin-Chaoyang/1230/2024	centers_for_disease_control_and_prevention	who_chinese_national_influenza_center
A/Jilin-Chaoyang/1230/2024-egg	centers_for_disease_control_and_prevention	who_chinese_national_influenza_center
A/Tasmania/14/2024	who_collaborating_centre_for_reference_and_research_on_influenza	royal_hobart_hospital
A/Tasmania/408/2023	who_collaborating_centre_for_reference_and_research_on_influenza	royal_hobart_hospital
A/Zhejiang-NH/11254/2023	zhejiang_provincial_center_for_disease_control_and_prevention	jiaxing_cdc
A/HongKong/2836/2024	crick_worldwide_influenza_centre	government_virus_unit
A/Guizhou-Yilongxin/2738/2024	centers_for_disease_control_and_prevention	who_chinese_national_influenza_center
A/HongKong/9080/2024	centers_for_disease_control_and_prevention	government_virus_unit
A/Darwin/16/2025	who_collaborating_centre_for_reference_and_research_on_influenza	royal_darwin_hospital
A/Guizhou-Yilongxin/2738/2024-egg	centers_for_disease_control_and_prevention	who_chinese_national_influenza_center
A/Queensland/IN000029/2024	public_and_environmental_health_reference_laboratories_(pehrl)	mater_pathology
A/Iowa/15/2024	centers_for_disease_control_and_prevention	iowa_state_hygienic_laboratory
A/Santiago/37789/2024	instituto_de_salud_publica_de_chile	instituto_de_salud_publica_de_chile
A/Santiago/42739/2024	instituto_de_salud_publica_de_chile	instituto_de_salud_publica_de_chile
A/France/GES-RELAB-IPP07720/2024	institut_pasteur	institut_pasteur
A/HongKong/ST222364/2023		university_of_hong_kong,_school_of_public_health,_who_collaborating_centre_for_infectious_disease_epidemiology_and_control
A/Malaysia/IMR-SARI0573/2025	institute_for_medical_research	hospital_raja_perempuan_zainab_ii
A/Lisbon/216/2023-egg	crick_worldwide_influenza_centre	instituto_nacional_de_saude_(insa)
A/Lisbon/216/2023	crick_worldwide_influenza_centre	instituto_nacional_de_saude_(insa)
A/Singapore/TT0934/2023	ministry_of_health,_singapore	ministry_of_health,_singapore
A/Bahia/13610/2023	oswaldo_cruz_foundation	laboratório_central_de_saúde_pública_professor_gonçalo_moniz,_lacen_ba
A/SouthKorea/14893/2024	u.s._air_force_school_of_aerospace_medicine	u.s._air_force_school_of_aerospace_medicine_
A/Tasmania/332/2024	centers_for_disease_control_and_prevention	who_collaborating_centre_for_reference_and_research_on_influenza
A/Incheon/335/2025	korea_disease_control_and_prevention_agency_(kdca)	korea_disease_control_and_prevention_agency_(kdca)
A/Vietnam/PF125007/2025	bach_mai_hospital	bach_mai_hospital
A/BritishColumbia/RV01877-25/2025	public_health_agency_of_canada_(phac)	b.c._centre_for_disease_control
A/Bangkok/P123/2025	thai_national_influenza_center	thai_national_influenza_center
A/Denmark/937/2025	statens_serum_institute	statens_serum_institut
A/Netherlands/10561/2023	crick_worldwide_influenza_centre	national_institute_for_public_health_and_the_environment_(rivm)
A/Osaka/61/2024	national_institute_of_infectious_diseases_(niid)	osaka_city_institute_of_public_health_and_environmental_sciences
A/Myanmar/24M137/2024	niigata_university	niigata_university
A/Tairawhiti/1/2024	centers_for_disease_control_and_prevention	institute_of_environmental_science_&_research
A/Auckland/133/2024	centers_for_disease_control_and_prevention	institute_of_environmental_science_&_research
A/Norway/2756/2025	norwegian_institute_of_public_health	norwegian_institute_of_public_health
A/France/ARA-HCL025010586701/2025	cnr_virus_des_infections_respiratoires,_france_sud	cnr_virus_des_infections_respiratoires___france_sud
A/SouthAustralia/2503104916/2025	sa_pathology_laboratory	sa_pathology
A/SouthAustralia/2502703394/2025	sa_pathology_laboratory	sa_pathology
A/Oman/CPHL_524741/2024	ministry_of_health,_central_public_health_laboratory	central_public_health_laboratories_oman
A/Malaysia/IMR-SARI2358/2024	institute_for_medical_research	hospital_sultanah_aminah
A/Tasmania/104/2024	centers_for_disease_control_and_prevention	who_collaborating_centre_for_reference_and_research_on_influenza
A/Victoria/126/2025	who_collaborating_centre_for_reference_and_research_on_influenza	royal_chidrens_hospital
A/Jeonbuk/4068/2024	korea_disease_control_and_prevention_agency_(kdca)	korea_disease_control_and_prevention_agency_(kdca)
A/Maldives/2067/2024	centers_for_disease_control_and_prevention	ministry_of_health
A/Stockholm/SE24-53070/2024	public_health_agency_of_sweden	klinisk_mikrobiologi,_karolinska_universitetslaboratoriet,_karolinska_universitetssjukhuset_solna
A/Ecuador/6637/2024	centers_for_disease_control_and_prevention	inspi
A/ChiangRai/F2483/2024	thai_national_influenza_center	thai_national_influenza_center
A/PhraNakhonSiAyutthaya/B432/2024	thai_national_influenza_center	thai_national_influenza_center
A/SouthKorea/15594/2025	u.s._air_force_school_of_aerospace_medicine	u.s._air_force_school_of_aerospace_medicine_
A/SouthKorea/15593/2025	u.s._air_force_school_of_aerospace_medicine	u.s._air_force_school_of_aerospace_medicine_
A/Sejong/303/2025	korea_disease_control_and_prevention_agency_(kdca)	korea_disease_control_and_prevention_agency_(kdca)
A/Perth/1126/2024	who_collaborating_centre_for_reference_and_research_on_influenza	pathwest_qe_ii_medical_centre
A/SouthKorea/15591/2025	u.s._air_force_school_of_aerospace_medicine	u.s._air_force_school_of_aerospace_medicine_
A/SouthKorea/15595/2025	u.s._air_force_school_of_aerospace_medicine	u.s._air_force_school_of_aerospace_medicine_
A/HongKong/504/2025	hong_kong_department_of_health	hong_kong_department_of_health
A/Queensland/IN000671/2024	public_and_environmental_health_reference_laboratories_(pehrl)	pathology_queensland
A/Queensland/IN000720/2024	public_and_environmental_health_reference_laboratories_(pehrl)	pathology_queensland
A/Queensland/IN000718/2024	public_and_environmental_health_reference_laboratories_(pehrl)	pathology_queensland
A/Queensland/IN000763/2024	public_and_environmental_health_reference_laboratories_(pehrl)	pathology_queensland
A/Indonesia/BIOKES-IMDN012/2024	balai_besar_laboratorium_biologi_kesehatan	balai_besar_laboratorium_biologi_kesehatan
A/SriLanka/3/2025	who_collaborating_centre_for_reference_and_research_on_influenza	medical_research_institute
A/Algeria/459/2025	crick_worldwide_influenza_centre	institut_pasteur_d'algerie
A/ChiangRai/P5592/2023	thai_national_influenza_center	thai_national_influenza_center
A/Darwin/790/2024	who_collaborating_centre_for_reference_and_research_on_influenza	royal_darwin_hospital
A/Ghana/FS-25-0394/2025	noguchi_memorial_institute_for_medical_research_(nmimr)	noguchi_memorial_institute_for_medical_research
A/Ghana/FS-25-0395/2025	noguchi_memorial_institute_for_medical_research_(nmimr)	noguchi_memorial_institute_for_medical_research
A/Shanxi-Taiyuan/2412/2023	taiyuan_center_for_disease_control_and_prevention	taiyuan_center_for_disease_control_and_prevention
A/SanFelipe/34639/2024	instituto_de_salud_publica_de_chile	instituto_de_salud_publica_de_chile
A/Abudhabi/14127/2023	sheikh_khalifa_medical_city_(skmc)	reference_laboratory_for_infectious_disease_(surveillance_lab)
A/DistrictOfColumbia/27/2023	centers_for_disease_control_and_prevention	dc_public_health_lab
A/NewYork/62/2023	centers_for_disease_control_and_prevention	new_york_city_department_of_health
A/Nicaragua/4638/2024	centers_for_disease_control_and_prevention	laboratorio_de_virologia,_direccion_de_microbiologia
A/Kentucky/14/2025	centers_for_disease_control_and_prevention	kentucky_division_of_laboratory_services
A/Arizona/124/2024	centers_for_disease_control_and_prevention	arizona_state_university
A/Arizona/84/2024	centers_for_disease_control_and_prevention	arizona_department_of_health_services
A/HongKong/426/2025	hong_kong_department_of_health	hong_kong_department_of_health
A/Baltimore/JH-159/2025	johns_hopkins_school_of_medicine	johns_hopkins_school_of_medicine
A/Florida/ISC-1038/2025	centers_for_disease_control_and_prevention	florida_department_of_health_tampa
A/Ghana/FS-25-0262/2025	noguchi_memorial_institute_for_medical_research_(nmimr)	noguchi_memorial_institute_for_medical_research
A/France/ARA-HCL024199825901/2024	cnr_virus_des_infections_respiratoires,_france_sud	cnr_virus_des_infections_respiratoires___france_sud
A/France/ARA-RELAB-HCL025038630401/2025	cnr_virus_des_infections_respiratoires,_france_sud	cnr_virus_des_infections_respiratoires___france_sud
A/France/NAQ-RELAB-HCL025031184701/2025	cnr_virus_des_infections_respiratoires,_france_sud	cnr_virus_des_infections_respiratoires___france_sud
A/Kanagawa/IC2346/2023-egg	centers_for_disease_control_and_prevention	national_institute_of_infectious_diseases_(niid)
A/Kanagawa/IC2346/2023	centers_for_disease_control_and_prevention	national_institute_of_infectious_diseases_(niid)
A/PhraNakhonSiAyutthaya/F603/2025	thai_national_influenza_center	thai_national_influenza_center
A/Abudhabi/13796/2024	sheikh_khalifa_medical_city_(skmc)	reference_laboratory_for_infectious_disease_(surveillance_lab)
A/Uganda/UVRI_KIS6910/2024	uganda_virus_research_institute_(nic)	kitebi_hc_iii
A/SouthAfrica/R01967/2024	national_institute_for_communicable_diseases_(nicd)	national_institute_for_communicable_diseases_(nicd)
A/Tokyo/EIS10-599/2024	national_institute_of_infectious_diseases_(niid)	national_institute_of_infectious_diseases_(niid)
A/Japan/14981/2024	u.s._air_force_school_of_aerospace_medicine	u.s._air_force_school_of_aerospace_medicine_
A/Gothenburg/SE24-15269/2024	public_health_agency_of_sweden	klinisk_mikrobiologi,_sahlgrenska_universitetssjukhuset_goteborg
A/India/CSN-NIV24_2974/2024	centers_for_disease_control_and_prevention	national_institute_of_virology
A/Abudhabi/17612/2024	sheikh_khalifa_medical_city_(skmc)	reference_laboratory_for_infectious_disease_(surveillance_lab)
A/Halmstad/5/2023	public_health_agency_of_sweden	klinisk_mikrobiologi,_hallands_sjukhus_halmstad
A/Novosibirsk/RII-7341/2024	who_national_influenza_centre_russian_federation	research_institute_of_experimental_and_clinical_medicine
A/Jeju/3915/2024	korea_disease_control_and_prevention_agency_(kdca)	korea_disease_control_and_prevention_agency_(kdca)
A/Seoul/3837/2024	korea_disease_control_and_prevention_agency_(kdca)	korea_disease_control_and_prevention_agency_(kdca)
A/Maldives/1755/2023	centers_for_disease_control_and_prevention	ministry_of_health
A/Brisbane/571/2023	who_collaborating_centre_for_reference_and_research_on_influenza	queensland_health_forensic_and_scientific_services_
A/HongKong/ST222641/2024		university_of_hong_kong,_school_of_public_health,_who_collaborating_centre_for_infectious_disease_epidemiology_and_control
A/NewYork/PV150450/2024	icahn_school_of_medicine_at_mount_sinai	icahn_school_of_medicine_at_mount_sinai
A/Minnesota/ISC-1022/2024	centers_for_disease_control_and_prevention	minnesota_department_of_health
A/StPetersburg/RII-300/2023-egg	who_national_influenza_centre_russian_federation	who_national_influenza_centre_russian_federation
A/StPetersburg/RII-300/2023	who_national_influenza_centre_russian_federation	who_national_influenza_centre_russian_federation
A/Netherlands/10609/2024	national_institute_for_public_health_and_the_environment_(rivm)	national_institute_for_public_health_and_the_environment_(rivm)
A/Abudhabi/5111/2024	sheikh_khalifa_medical_city_(skmc)	reference_laboratory_for_infectious_disease_(surveillance_lab)
A/Kazakhstan/309/2023	crick_worldwide_influenza_centre	national_reference_laboratory
A/PhraNakhonSiAyutthaya/F25/2025	thai_national_influenza_center	thai_national_influenza_center
A/Ghana/FS-25-0245/2025	noguchi_memorial_institute_for_medical_research_(nmimr)	noguchi_memorial_institute_for_medical_research
A/Ghana/ARI-24-1097/2024	noguchi_memorial_institute_for_medical_research_	noguchi_memorial_institute_for_medical_research
A/Ghana/FS-25-0289/2025	noguchi_memorial_institute_for_medical_research_(nmimr)	noguchi_memorial_institute_for_medical_research
A/Ghana/1818/2024	crick_worldwide_influenza_centre	university_of_ghana
A/Ghana/FS-25-0295/2025	noguchi_memorial_institute_for_medical_research_(nmimr)	noguchi_memorial_institute_for_medical_research
A/Cambodia/IAHC240122/2024	national_institute_of_public_health	national_institute_of_public_health
A/Cambodia/IAHC240202/2024	national_institute_of_public_health	national_institute_of_public_health
A/Cambodia/i0729362/2024	institut_pasteur_du_cambodia_	institut_pasteur_du_cambodia_
A/Cambodia/AHC240313/2024	national_institute_of_public_health	national_institute_of_public_health
A/Tokyo/EIS10-023/2024	national_institute_of_infectious_diseases_(niid)	national_institute_of_infectious_diseases_(niid)
A/Netherlands/10449/2025	national_institute_for_public_health_and_the_environment_(rivm)	national_institute_for_public_health_and_the_environment_(rivm)
A/Bangladesh/3149/2024	centers_for_disease_control_and_prevention	institute_of_epidemiology_disease_control_and_research_(iedcr)_&_bangladesh_national_influenza_centre_(nic)
A/Bhutan/1478/2024	centers_for_disease_control_and_prevention	royal_centre_for_disease_control
A/Michigan/UM-HS23025/2025		university_of_michigan,_lauring_lab,_department_of_microbiology_and_immunology
A/FrenchGuiana/87/2025	institut_pasteur_de_la_guyane	centre_hospitalier_de_l'ouest_guyanais
A/Bangkok/P388/2025	thai_national_influenza_center	thai_national_influenza_center
A/SouthAustralia/2502001805/2025	sa_pathology_laboratory	sa_pathology
A/Bangladesh/icddrb-3240409010/2024	international_centre_for_diarrhoeal_disease_research_(icddr,b)	international_centre_for_diarrhoeal_disease_research_(icddr,b)
A/Zhejiang-Shangcheng/1895/2024	centers_for_disease_control_and_prevention	who_chinese_national_influenza_center
A/Ulsan/319/2025	korea_disease_control_and_prevention_agency_(kdca)	korea_disease_control_and_prevention_agency_(kdca)
A/Michigan/UM-10062055961/2025		university_of_michigan,_lauring_lab,_department_of_microbiology_and_immunology
A/NakhonPhanom/D82/2025	thai_national_influenza_center	thai_national_influenza_center
A/NakhonPhanom/D119/2025	thai_national_influenza_center	thai_national_influenza_center
A/Canada/ABPHL-1485/2024	public_health_agency_of_canada_(phac)	alberta_precision_laboratories,_provincial_laboratory_for_public_health
A/Bhutan/90/2024	centers_for_disease_control_and_prevention	royal_centre_for_disease_control
A/England/3940090/2024	ukhsa_/_respiratory_virus_unit	uk_health_security_agency___colindale
A/Bangkok/P364/2025	thai_national_influenza_center	thai_national_influenza_center
A/Bangkok/P366/2025	thai_national_influenza_center	thai_national_influenza_center
A/Bangkok/P261/2025	thai_national_influenza_center	thai_national_influenza_center
A/Nepal/N132/2025	who_collaborating_centre_for_reference_and_research_on_influenza	national_public_health_laboratory
A/Dakar/36/2024	crick_worldwide_influenza_centre	institut_pasteur_de_dakar__
A/Senegal/IPD-3162/2024	institut_pasteur_de_dakar	institut_pasteur_de_dakar
A/Senegal/IPD-2157/2024	institut_pasteur_de_dakar	institut_pasteur_de_dakar
A/Senegal/IPD-2673/2024	institut_pasteur_de_dakar	institut_pasteur_de_dakar
A/Queensland/IN000910/2025	public_and_environmental_health_reference_laboratories_(pehrl)	pathology_queensland
A/Queensland/IN000210/2024	public_and_environmental_health_reference_laboratories_(pehrl)	pathology_queensland
A/Queensland/IN000389/2024	public_and_environmental_health_reference_laboratories_(pehrl)	pathology_queensland
A/Queensland/IN000061/2024	public_and_environmental_health_reference_laboratories_(pehrl)	pathology_queensland
A/Busan/463/2025	korea_disease_control_and_prevention_agency_(kdca)	korea_disease_control_and_prevention_agency_(kdca)
A/Kanagawa/IC2408/2024	national_institute_of_infectious_diseases_(niid)	national_institute_of_infectious_diseases_(niid)
A/Queensland/IN000629/2024	public_and_environmental_health_reference_laboratories_(pehrl)	mater_pathology
A/SaoPaulo/357389770-IAL/2023	centers_for_disease_control_and_prevention	instituto_adolfo_lutz
A/Arica/32102/2024	instituto_de_salud_publica_de_chile	instituto_de_salud_publica_de_chile
A/Bahia/8496/2024	instituto_oswaldo_cruz_fiocruz___laboratory_of_respiratory_viruses_and_measles_(lvrs)	laboratório_central_de_saúde_pública_professor_gonçalo_moniz,_lacen_ba
A/Parana/8069/2024	instituto_oswaldo_cruz_fiocruz___laboratory_of_respiratory_viruses_and_measles_(lvrs)	laboratório_central_do_estado_do_paraná___lacen/pr
A/France/ARA-RELAB-HCL024056098701/2024	cnr_virus_des_infections_respiratoires,_france_sud	cnr_virus_des_infections_respiratoires___france_sud
A/MinasGerais/7322/2024	oswaldo_cruz_foundation	funed_mg
A/Saopaulo/CEVI_24000942/2024	instituto_butantan	instituto_butantan
A/NewCaledonia/2/2025	who_collaborating_centre_for_reference_and_research_on_influenza	institut_pasteur_new_caledonia
A/Santiago/7697/2024	instituto_de_salud_publica_de_chile	instituto_de_salud_publica_de_chile
A/NewYork/PX14291/2025	icahn_school_of_medicine_at_mount_sinai	icahn_school_of_medicine_at_mount_sinai
A/Massachusetts/15300/2025	u.s._air_force_school_of_aerospace_medicine	u.s._air_force_school_of_aerospace_medicine_
A/Paraiba/1568-IEC/2025	evandro_chagas_institute	evandro_chagas_institute
A/Pernambuco/4004-IEC/2025	evandro_chagas_institute	evandro_chagas_institute
A/Pernambuco/4005-IEC/2025	evandro_chagas_institute	evandro_chagas_institute
A/Victoria/142/2025	who_collaborating_centre_for_reference_and_research_on_influenza	alfred_hospital
A/SouthAustralia/2502706007/2025	sa_pathology_laboratory	sa_pathology
A/France/PAC-RELAB-HCL025009275701/2025	cnr_virus_des_infections_respiratoires,_france_sud	cnr_virus_des_infections_respiratoires___france_sud
A/Connecticut/15417/2025	u.s._air_force_school_of_aerospace_medicine	u.s._air_force_school_of_aerospace_medicine_
A/Minnesota/18/2025	centers_for_disease_control_and_prevention	minnesota_department_of_health
A/France/HDF-RELAB-IPP02742/2025	institut_pasteur_paris	institut_pasteur
A/FrenchGuiana/186/2025	institut_pasteur_de_la_guyane	eurofins___laboratoire_d'analyses_médicales_kourou
A/Kanagawa/IC2428/2025	national_institute_of_infectious_diseases_(niid)	national_institute_of_infectious_diseases_(niid)
A/SouthAustralia/2500500738/2025	sa_pathology_laboratory	sa_pathology
A/BritishColumbia/RV00900-25/2025	public_health_agency_of_canada_(phac)	b.c._centre_for_disease_control
A/Florida/ISC-1115/2025	centers_for_disease_control_and_prevention	florida_department_of_health_jacksonville
A/Michigan/UM-10061786991/2025		university_of_michigan,_lauring_lab,_department_of_microbiology_and_immunology
A/SouthAustralia/2503715397/2025	sa_pathology_laboratory	sa_pathology
A/SouthAustralia/2503715396/2025	sa_pathology_laboratory	sa_pathology
A/Oregon/271/2024	centers_for_disease_control_and_prevention	oregon_public_health_laboratory
A/Tahiti/3/2025	who_collaborating_centre_for_reference_and_research_on_influenza	institute_malarde_clinical_laboratory
A/Ceara/4379-IEC/2025	evandro_chagas_institute	evandro_chagas_institute
A/Texas/ISC-1374/2025	centers_for_disease_control_and_prevention	texas_department_of_state_health_services_laboratory_services
A/Minnesota/ISC-1304/2024	centers_for_disease_control_and_prevention	minnesota_department_of_health
A/Oregon/282/2024	centers_for_disease_control_and_prevention	oregon_public_health_laboratory
A/HongKong/580/2025	hong_kong_department_of_health	hong_kong_department_of_health
A/Massachusetts/ISC-1126/2025	centers_for_disease_control_and_prevention	massachusetts_department_of_public_health
A/Washington/15110/2025	u.s._air_force_school_of_aerospace_medicine	u.s._air_force_school_of_aerospace_medicine_
A/Hawaii/ISC-1033/2025	centers_for_disease_control_and_prevention	state_of_hawaii_department_of_health
A/Bahia/1394/2024	oswaldo_cruz_foundation	laboratório_central_de_saúde_pública_professor_gonçalo_moniz,_lacen_ba
A/Ecuador/1458/2025	centers_for_disease_control_and_prevention	inspi
A/Ecuador/6687/2025	centers_for_disease_control_and_prevention	inspi
A/France/IDF-RELAB-HCL024120572201/2024	cnr_virus_des_infections_respiratoires,_france_sud	cnr_virus_des_infections_respiratoires___france_sud
A/EspiritoSanto/464/2025	instituto_oswaldo_cruz_fiocruz___laboratory_of_respiratory_viruses_and_measles_(lvrs)	lacen/es___laboratório_central_de_saúde_pública_do_espírito_santo
A/Colorado/ISC-1189/2025	centers_for_disease_control_and_prevention	colorado_department_of_health_lab
A/MatoGrossodoSul/MS-FIOCRUZ-FMS518/2025	fundação_oswaldo_cruz_(fiocruz)	lacen/ms_laboratório_central_de_saúde_pública_de_mato_grosso_do_sul
A/Yakutia/198-10V/2025	state_research_center_of_virology_and_biotechnology_(vector)	center_of_hygiene_and_epidemiology_in_republic_of_sakha_(yakutia)
A/Yakutia/198-9V/2025	state_research_center_of_virology_and_biotechnology_(vector)	center_of_hygiene_and_epidemiology_in_republic_of_sakha_(yakutia)
A/Yakutia/198-11V/2025	state_research_center_of_virology_and_biotechnology_(vector)	center_of_hygiene_and_epidemiology_in_republic_of_sakha_(yakutia)
A/Guyane/234/2024	centers_for_disease_control_and_prevention	national_influenza_center_french_guiana_and_french_indies
A/Minasgerais/CEVI_24001668/2024	instituto_butantan	instituto_butantan
A/Argentina/C43987/2024	centers_for_disease_control_and_prevention	instituto_nacional_de_enfermedades_infecciosas_dr._c.g._malbrán
A/Parana/8417/2024	instituto_oswaldo_cruz_fiocruz___laboratory_of_respiratory_viruses_and_measles_(lvrs)	laboratório_central_do_estado_do_paraná___lacen/pr
A/Argentina/C44186/2024	centers_for_disease_control_and_prevention	instituto_nacional_de_enfermedades_infecciosas_dr._c.g._malbrán
A/HongKong/229/2025	hong_kong_department_of_health	hong_kong_department_of_health
A/NakhonPhanom/F588/2025	thai_national_influenza_center	thai_national_influenza_center
A/France/BRE-RELAB-IPP03404/2025	institut_pasteur_paris	institut_pasteur
A/France/PAC-RELAB-HCL025014264501/2025	cnr_virus_des_infections_respiratoires,_france_sud	cnr_virus_des_infections_respiratoires___france_sud
A/France/ARA-HCL025024218001/2025	cnr_virus_des_infections_respiratoires,_france_sud	cnr_virus_des_infections_respiratoires___france_sud
A/France/ARA-HCL025025041401/2025	cnr_virus_des_infections_respiratoires,_france_sud	cnr_virus_des_infections_respiratoires___france_sud
A/Navarra/270/2025	instituto_de_salud_carlos_iii	servicio_de_microbiología_complejo_hospitalario_de_navarra
A/France/ARA-HCL025014658201/2025	cnr_virus_des_infections_respiratoires,_france_sud	cnr_virus_des_infections_respiratoires___france_sud
A/Ghana/FS-25-0347/2025	noguchi_memorial_institute_for_medical_research_(nmimr)	noguchi_memorial_institute_for_medical_research
A/HongKong/2459/2024	centers_for_disease_control_and_prevention	government_virus_unit
A/FrenchGuiana/147/2025	institut_pasteur_de_la_guyane	centre_hospitalier_de_l'ouest_guyanais
A/Amapa/5460-IEC/2025	evandro_chagas_institute	evandro_chagas_institute
A/Netherlands/10657/2025	national_institute_for_public_health_and_the_environment_(rivm)	national_institute_for_public_health_and_the_environment_(rivm)
A/Chanthaburi/F701/2025	thai_national_influenza_center	thai_national_influenza_center
A/SouthAustralia/2502300298/2025	sa_pathology_laboratory	sa_pathology
A/FrenchGuiana/54/2025	institut_pasteur_de_la_guyane	national_influenza_center_french_guiana_and_french_indies
A/Catalonia/NSVH171624019/2025	hospital_universitari_vall_d'hebron	hospital_universitari_vall_d'hebron
A/FrenchGuiana/52/2025	institut_pasteur_de_la_guyane	centre_hospitalier_de_cayenne
A/StPetersburg/RII-MH222343S/2025	who_national_influenza_centre_russian_federation	research_institute_of_influenza,_ministry_of_healthcare_of_the_russian_federation
A/FrenchGuiana/37/2025	institut_pasteur_de_la_guyane	national_influenza_center_french_guiana_and_french_indies
A/FrenchGuiana/15/2025	institut_pasteur_de_la_guyane	eurofins___laboratoire_d'analyses_médicales_kourou
A/France/ARA-HCL024202244901/2024	cnr_virus_des_infections_respiratoires,_france_sud	cnr_virus_des_infections_respiratoires___france_sud
A/France/OCC-RELAB-HCL025013578501/2025	cnr_virus_des_infections_respiratoires,_france_sud	cnr_virus_des_infections_respiratoires___france_sud
A/FrenchGuiana/121/2025	institut_pasteur_de_la_guyane	centre_hospitalier_de_l'ouest_guyanais
A/France/ARA-RELAB-IPP03115/2025	institut_pasteur_paris	institut_pasteur
A/FrenchGuiana/77/2025	institut_pasteur_de_la_guyane	centre_hospitalier_de_l'ouest_guyanais