{
  "total_num_egg_strains": 544,
  "percent_w_eggmut_in_gene": 0.1654,
  "egg_mut_freqs": {
    "35L": 0.009191176470588236,
    "465V": 0.009191176470588236,
    "673K": 0.007352941176470588,
    "394N": 0.007352941176470588,
    "441T": 0.0055147058823529415,
    "683I": 0.003676470588235294,
    "531K": 0.003676470588235294,
    "159T": 0.003676470588235294,
    "448T": 0.003676470588235294,
    "505I": 0.003676470588235294,
    "36T": 0.003676470588235294,
    "361R": 0.003676470588235294,
    "716N": 0.003676470588235294,
    "321I": 0.001838235294117647,
    "22R": 0.001838235294117647,
    "241S": 0.001838235294117647,
    "104R": 0.001838235294117647,
    "470F": 0.001838235294117647,
    "354V": 0.001838235294117647,
    "263S": 0.001838235294117647,
    "538K": 0.001838235294117647,
    "533D": 0.001838235294117647,
    "444D": 0.001838235294117647,
    "558L": 0.001838235294117647,
    "35V": 0.001838235294117647,
    "400L": 0.001838235294117647,
    "4L": 0.001838235294117647,
    "713Y": 0.001838235294117647,
    "714G": 0.001838235294117647,
    "542I": 0.001838235294117647,
    "716R": 0.001838235294117647,
    "400S": 0.001838235294117647,
    "387F": 0.001838235294117647,
    "30T": 0.001838235294117647,
    "322V": 0.001838235294117647,
    "116W": 0.001838235294117647,
    "277Y": 0.001838235294117647,
    "341A": 0.001838235294117647,
    "365H": 0.001838235294117647,
    "403P": 0.001838235294117647,
    "426G": 0.001838235294117647,
    "61T": 0.001838235294117647,
    "100T": 0.001838235294117647,
    "346L": 0.001838235294117647,
    "67G": 0.001838235294117647,
    "90L": 0.001838235294117647,
    "486M": 0.001838235294117647,
    "61M": 0.001838235294117647,
    "227K": 0.001838235294117647,
    "79V": 0.001838235294117647,
    "275F": 0.001838235294117647,
    "561I": 0.001838235294117647,
    "86I": 0.001838235294117647,
    "231S": 0.001838235294117647,
    "474S": 0.001838235294117647,
    "101K": 0.001838235294117647,
    "27G": 0.001838235294117647,
    "85V": 0.001838235294117647,
    "336V": 0.001838235294117647,
    "66S": 0.001838235294117647,
    "221S": 0.001838235294117647,
    "463M": 0.001838235294117647,
    "356M": 0.001838235294117647,
    "669I": 0.001838235294117647,
    "135S": 0.001838235294117647,
    "475S": 0.001838235294117647,
    "57Q": 0.001838235294117647,
    "379M": 0.001838235294117647,
    "261F": 0.001838235294117647,
    "204R": 0.001838235294117647,
    "323A": 0.001838235294117647,
    "213R": 0.001838235294117647,
    "360I": 0.001838235294117647,
    "428V": 0.001838235294117647,
    "70V": 0.001838235294117647,
    "196K": 0.001838235294117647,
    "150L": 0.001838235294117647,
    "269K": 0.001838235294117647,
    "545V": 0.001838235294117647,
    "491N": 0.001838235294117647,
    "367Q": 0.001838235294117647,
    "266H": 0.001838235294117647,
    "216N": 0.001838235294117647,
    "438I": 0.001838235294117647,
    "534S": 0.001838235294117647,
    "684R": 0.001838235294117647,
    "275P": 0.001838235294117647,
    "407I": 0.001838235294117647
  },
  "egg_muts_above_1percent": {},
  "egg_muts_above_2_5percent": {},
  "egg_muts_above_5percent": {},
  "percent_w_higherfreq_eggmut_in_gene_01": 0.0,
  "percent_w_higherfreq_eggmut_in_gene_025": 0.0,
  "percent_w_higherfreq_eggmut_in_gene_05": 0.0,
  "mutated_sites_freqs": {
    "35": 0.011029411764705883,
    "465": 0.009191176470588236,
    "673": 0.007352941176470588,
    "394": 0.007352941176470588,
    "441": 0.0055147058823529415,
    "716": 0.0055147058823529415,
    "683": 0.003676470588235294,
    "531": 0.003676470588235294,
    "400": 0.003676470588235294,
    "159": 0.003676470588235294,
    "448": 0.003676470588235294,
    "61": 0.003676470588235294,
    "275": 0.003676470588235294,
    "505": 0.003676470588235294,
    "36": 0.003676470588235294,
    "361": 0.003676470588235294,
    "321": 0.001838235294117647,
    "22": 0.001838235294117647,
    "241": 0.001838235294117647,
    "104": 0.001838235294117647,
    "470": 0.001838235294117647,
    "354": 0.001838235294117647,
    "263": 0.001838235294117647,
    "538": 0.001838235294117647,
    "533": 0.001838235294117647,
    "444": 0.001838235294117647,
    "558": 0.001838235294117647,
    "4": 0.001838235294117647,
    "713": 0.001838235294117647,
    "714": 0.001838235294117647,
    "542": 0.001838235294117647,
    "387": 0.001838235294117647,
    "30": 0.001838235294117647,
    "322": 0.001838235294117647,
    "116": 0.001838235294117647,
    "277": 0.001838235294117647,
    "341": 0.001838235294117647,
    "365": 0.001838235294117647,
    "403": 0.001838235294117647,
    "426": 0.001838235294117647,
    "100": 0.001838235294117647,
    "346": 0.001838235294117647,
    "67": 0.001838235294117647,
    "90": 0.001838235294117647,
    "486": 0.001838235294117647,
    "227": 0.001838235294117647,
    "79": 0.001838235294117647,
    "561": 0.001838235294117647,
    "86": 0.001838235294117647,
    "231": 0.001838235294117647,
    "474": 0.001838235294117647,
    "101": 0.001838235294117647,
    "27": 0.001838235294117647,
    "85": 0.001838235294117647,
    "336": 0.001838235294117647,
    "66": 0.001838235294117647,
    "221": 0.001838235294117647,
    "463": 0.001838235294117647,
    "356": 0.001838235294117647,
    "669": 0.001838235294117647,
    "135": 0.001838235294117647,
    "475": 0.001838235294117647,
    "57": 0.001838235294117647,
    "379": 0.001838235294117647,
    "261": 0.001838235294117647,
    "204": 0.001838235294117647,
    "323": 0.001838235294117647,
    "213": 0.001838235294117647,
    "360": 0.001838235294117647,
    "428": 0.001838235294117647,
    "70": 0.001838235294117647,
    "196": 0.001838235294117647,
    "150": 0.001838235294117647,
    "269": 0.001838235294117647,
    "545": 0.001838235294117647,
    "491": 0.001838235294117647,
    "367": 0.001838235294117647,
    "266": 0.001838235294117647,
    "216": 0.001838235294117647,
    "438": 0.001838235294117647,
    "534": 0.001838235294117647,
    "684": 0.001838235294117647,
    "407": 0.001838235294117647
  },
  "sites_mutated_above_1percent": {
    "35": 0.011
  },
  "sites_mutated_above_2_5percent": {},
  "sites_mutated_above_5percent": {}
}