{
  "total_num_egg_strains": 1896,
  "percent_w_eggmut_in_gene": 0.0343,
  "egg_mut_freqs": {
    "10N": 0.004219409282700422,
    "7I": 0.002109704641350211,
    "15T": 0.002109704641350211,
    "14N": 0.002109704641350211,
    "17T": 0.0015822784810126582,
    "16D": 0.0015822784810126582,
    "10H": 0.0015822784810126582,
    "6I": 0.0015822784810126582,
    "11I": 0.0015822784810126582,
    "7F": 0.0010548523206751054,
    "6G": 0.0010548523206751054,
    "15S": 0.0010548523206751054,
    "4T": 0.0010548523206751054,
    "3A": 0.0010548523206751054,
    "3V": 0.0010548523206751054,
    "13S": 0.0005274261603375527,
    "4R": 0.0005274261603375527,
    "2R": 0.0005274261603375527,
    "7A": 0.0005274261603375527,
    "13T": 0.0005274261603375527,
    "6L": 0.0005274261603375527,
    "16N": 0.0005274261603375527,
    "12Y": 0.0005274261603375527,
    "17S": 0.0005274261603375527,
    "5I": 0.0005274261603375527,
    "13G": 0.0005274261603375527,
    "6A": 0.0005274261603375527,
    "14A": 0.0005274261603375527,
    "12L": 0.0005274261603375527,
    "14I": 0.0005274261603375527,
    "3T": 0.0005274261603375527,
    "12V": 0.0005274261603375527,
    "16S": 0.0005274261603375527,
    "2M": 0.0005274261603375527,
    "2N": 0.0005274261603375527,
    "16K": 0.0005274261603375527
  },
  "egg_muts_above_1percent": {},
  "egg_muts_above_2_5percent": {},
  "egg_muts_above_5percent": {},
  "percent_w_higherfreq_eggmut_in_gene_01": 0.0,
  "percent_w_higherfreq_eggmut_in_gene_025": 0.0,
  "percent_w_higherfreq_eggmut_in_gene_05": 0.0,
  "mutated_sites_freqs": {
    "10": 0.0058016877637130804,
    "7": 0.003691983122362869,
    "6": 0.003691983122362869,
    "16": 0.0031645569620253164,
    "15": 0.0031645569620253164,
    "14": 0.0031645569620253164,
    "3": 0.0026371308016877636,
    "17": 0.002109704641350211,
    "13": 0.0015822784810126582,
    "4": 0.0015822784810126582,
    "2": 0.0015822784810126582,
    "12": 0.0015822784810126582,
    "11": 0.0015822784810126582,
    "5": 0.0005274261603375527
  },
  "sites_mutated_above_1percent": {},
  "sites_mutated_above_2_5percent": {},
  "sites_mutated_above_5percent": {}
}