{
  "total_num_egg_strains": 412,
  "percent_w_eggmut_in_gene": 0.199,
  "egg_mut_freqs": {
    "184T": 0.009708737864077669,
    "588I": 0.007281553398058253,
    "227I": 0.007281553398058253,
    "495I": 0.007281553398058253,
    "191G": 0.007281553398058253,
    "667I": 0.007281553398058253,
    "105P": 0.007281553398058253,
    "398M": 0.007281553398058253,
    "267I": 0.0048543689320388345,
    "363L": 0.0048543689320388345,
    "470N": 0.0048543689320388345,
    "546I": 0.0048543689320388345,
    "76I": 0.0048543689320388345,
    "559V": 0.0024271844660194173,
    "79C": 0.0024271844660194173,
    "539V": 0.0024271844660194173,
    "338I": 0.0024271844660194173,
    "346P": 0.0024271844660194173,
    "412R": 0.0024271844660194173,
    "370V": 0.0024271844660194173,
    "312R": 0.0024271844660194173,
    "539T": 0.0024271844660194173,
    "447L": 0.0024271844660194173,
    "471K": 0.0024271844660194173,
    "638L": 0.0024271844660194173,
    "460I": 0.0024271844660194173,
    "155N": 0.0024271844660194173,
    "560L": 0.0024271844660194173,
    "611N": 0.0024271844660194173,
    "413T": 0.0024271844660194173,
    "176V": 0.0024271844660194173,
    "293G": 0.0024271844660194173,
    "397V": 0.0024271844660194173,
    "249K": 0.0024271844660194173,
    "185V": 0.0024271844660194173,
    "251K": 0.0024271844660194173,
    "9N": 0.0024271844660194173,
    "102K": 0.0024271844660194173,
    "395V": 0.0024271844660194173,
    "298I": 0.0024271844660194173,
    "637A": 0.0024271844660194173,
    "65G": 0.0024271844660194173,
    "368K": 0.0024271844660194173,
    "166I": 0.0024271844660194173,
    "718R": 0.0024271844660194173,
    "271S": 0.0024271844660194173,
    "699R": 0.0024271844660194173,
    "195S": 0.0024271844660194173,
    "355G": 0.0024271844660194173,
    "61R": 0.0024271844660194173,
    "411V": 0.0024271844660194173,
    "102T": 0.0024271844660194173,
    "79N": 0.0024271844660194173,
    "414I": 0.0024271844660194173,
    "31V": 0.0024271844660194173,
    "176T": 0.0024271844660194173,
    "319V": 0.0024271844660194173,
    "292M": 0.0024271844660194173,
    "676A": 0.0024271844660194173,
    "380K": 0.0024271844660194173,
    "679S": 0.0024271844660194173,
    "127Y": 0.0024271844660194173,
    "497G": 0.0024271844660194173,
    "524I": 0.0024271844660194173,
    "709G": 0.0024271844660194173,
    "501S": 0.0024271844660194173,
    "288L": 0.0024271844660194173,
    "385V": 0.0024271844660194173,
    "266V": 0.0024271844660194173,
    "547I": 0.0024271844660194173,
    "477R": 0.0024271844660194173,
    "536I": 0.0024271844660194173,
    "453N": 0.0024271844660194173,
    "676N": 0.0024271844660194173,
    "89A": 0.0024271844660194173,
    "570V": 0.0024271844660194173,
    "82S": 0.0024271844660194173,
    "129I": 0.0024271844660194173,
    "417N": 0.0024271844660194173,
    "220I": 0.0024271844660194173,
    "209K": 0.0024271844660194173,
    "660M": 0.0024271844660194173,
    "500Q": 0.0024271844660194173
  },
  "egg_muts_above_1percent": {},
  "egg_muts_above_2_5percent": {},
  "egg_muts_above_5percent": {},
  "percent_w_higherfreq_eggmut_in_gene_01": 0.0,
  "percent_w_higherfreq_eggmut_in_gene_025": 0.0,
  "percent_w_higherfreq_eggmut_in_gene_05": 0.0,
  "mutated_sites_freqs": {
    "184": 0.009708737864077669,
    "588": 0.007281553398058253,
    "227": 0.007281553398058253,
    "495": 0.007281553398058253,
    "191": 0.007281553398058253,
    "667": 0.007281553398058253,
    "105": 0.007281553398058253,
    "398": 0.007281553398058253,
    "267": 0.0048543689320388345,
    "363": 0.0048543689320388345,
    "79": 0.0048543689320388345,
    "539": 0.0048543689320388345,
    "470": 0.0048543689320388345,
    "546": 0.0048543689320388345,
    "176": 0.0048543689320388345,
    "76": 0.0048543689320388345,
    "102": 0.0048543689320388345,
    "676": 0.0048543689320388345,
    "559": 0.0024271844660194173,
    "338": 0.0024271844660194173,
    "346": 0.0024271844660194173,
    "412": 0.0024271844660194173,
    "370": 0.0024271844660194173,
    "312": 0.0024271844660194173,
    "447": 0.0024271844660194173,
    "471": 0.0024271844660194173,
    "638": 0.0024271844660194173,
    "460": 0.0024271844660194173,
    "155": 0.0024271844660194173,
    "560": 0.0024271844660194173,
    "611": 0.0024271844660194173,
    "413": 0.0024271844660194173,
    "293": 0.0024271844660194173,
    "397": 0.0024271844660194173,
    "249": 0.0024271844660194173,
    "185": 0.0024271844660194173,
    "251": 0.0024271844660194173,
    "9": 0.0024271844660194173,
    "395": 0.0024271844660194173,
    "298": 0.0024271844660194173,
    "637": 0.0024271844660194173,
    "65": 0.0024271844660194173,
    "368": 0.0024271844660194173,
    "166": 0.0024271844660194173,
    "718": 0.0024271844660194173,
    "271": 0.0024271844660194173,
    "699": 0.0024271844660194173,
    "195": 0.0024271844660194173,
    "355": 0.0024271844660194173,
    "61": 0.0024271844660194173,
    "411": 0.0024271844660194173,
    "414": 0.0024271844660194173,
    "31": 0.0024271844660194173,
    "319": 0.0024271844660194173,
    "292": 0.0024271844660194173,
    "380": 0.0024271844660194173,
    "679": 0.0024271844660194173,
    "127": 0.0024271844660194173,
    "497": 0.0024271844660194173,
    "524": 0.0024271844660194173,
    "709": 0.0024271844660194173,
    "501": 0.0024271844660194173,
    "288": 0.0024271844660194173,
    "385": 0.0024271844660194173,
    "266": 0.0024271844660194173,
    "547": 0.0024271844660194173,
    "477": 0.0024271844660194173,
    "536": 0.0024271844660194173,
    "453": 0.0024271844660194173,
    "89": 0.0024271844660194173,
    "570": 0.0024271844660194173,
    "82": 0.0024271844660194173,
    "129": 0.0024271844660194173,
    "417": 0.0024271844660194173,
    "220": 0.0024271844660194173,
    "209": 0.0024271844660194173,
    "660": 0.0024271844660194173,
    "500": 0.0024271844660194173
  },
  "sites_mutated_above_1percent": {},
  "sites_mutated_above_2_5percent": {},
  "sites_mutated_above_5percent": {}
}