{
  "total_num_egg_strains": 1896,
  "percent_w_eggmut_in_gene": 0.5675,
  "egg_mut_freqs": {
    "223R": 0.17721518987341772,
    "222G": 0.05748945147679325,
    "191I": 0.03533755274261603,
    "127E": 0.03533755274261603,
    "187V": 0.034282700421940926,
    "222N": 0.024789029535864978,
    "190R": 0.02109704641350211,
    "183P": 0.013185654008438819,
    "187N": 0.011075949367088608,
    "164I": 0.006856540084388186,
    "224K": 0.0058016877637130804,
    "205K": 0.005274261603375527,
    "162K": 0.004746835443037975,
    "187T": 0.004746835443037975,
    "273Y": 0.004219409282700422,
    "35N": 0.003691983122362869,
    "222E": 0.003691983122362869,
    "162S": 0.003691983122362869,
    "119N": 0.0031645569620253164,
    "153E": 0.0031645569620253164,
    "129S": 0.0031645569620253164,
    "209M": 0.0031645569620253164,
    "21K": 0.0026371308016877636,
    "270A": 0.0026371308016877636,
    "321I": 0.0026371308016877636,
    "289G": 0.0026371308016877636,
    "30I": 0.0026371308016877636,
    "203S": 0.0026371308016877636,
    "45K": 0.0026371308016877636,
    "257I": 0.0026371308016877636,
    "186T": 0.0026371308016877636,
    "286M": 0.0026371308016877636,
    "233I": 0.0026371308016877636,
    "257V": 0.0026371308016877636,
    "163K": 0.0026371308016877636,
    "32I": 0.002109704641350211,
    "271S": 0.002109704641350211,
    "96T": 0.002109704641350211,
    "45G": 0.002109704641350211,
    "163I": 0.002109704641350211,
    "116V": 0.002109704641350211,
    "128P": 0.002109704641350211,
    "152I": 0.002109704641350211,
    "84N": 0.002109704641350211,
    "241I": 0.002109704641350211,
    "155E": 0.002109704641350211,
    "116M": 0.002109704641350211,
    "172K": 0.002109704641350211,
    "112K": 0.002109704641350211,
    "287D": 0.002109704641350211,
    "74K": 0.002109704641350211,
    "250A": 0.002109704641350211,
    "187G": 0.002109704641350211,
    "142K": 0.002109704641350211,
    "276D": 0.0015822784810126582,
    "310K": 0.0015822784810126582,
    "225A": 0.0015822784810126582,
    "87K": 0.0015822784810126582,
    "220M": 0.0015822784810126582,
    "235K": 0.0015822784810126582,
    "2A": 0.0015822784810126582,
    "216V": 0.0015822784810126582,
    "125D": 0.0015822784810126582,
    "223Q": 0.0015822784810126582,
    "69L": 0.0015822784810126582,
    "185I": 0.0015822784810126582,
    "72A": 0.0015822784810126582,
    "272I": 0.0015822784810126582,
    "228D": 0.0015822784810126582,
    "124L": 0.0015822784810126582,
    "216A": 0.0015822784810126582,
    "184N": 0.0015822784810126582,
    "283N": 0.0015822784810126582,
    "170R": 0.0015822784810126582,
    "286V": 0.0015822784810126582,
    "163R": 0.0015822784810126582,
    "19I": 0.0015822784810126582,
    "259K": 0.0015822784810126582,
    "139D": 0.0015822784810126582,
    "269N": 0.0015822784810126582,
    "47I": 0.0015822784810126582,
    "187E": 0.0015822784810126582,
    "130K": 0.0015822784810126582,
    "245S": 0.0010548523206751054,
    "154E": 0.0010548523206751054,
    "272F": 0.0010548523206751054,
    "74N": 0.0010548523206751054,
    "211E": 0.0010548523206751054,
    "108M": 0.0010548523206751054,
    "263F": 0.0010548523206751054,
    "77P": 0.0010548523206751054,
    "245N": 0.0010548523206751054,
    "277A": 0.0010548523206751054,
    "209N": 0.0010548523206751054,
    "302N": 0.0010548523206751054,
    "168N": 0.0010548523206751054,
    "1N": 0.0010548523206751054,
    "205S": 0.0010548523206751054,
    "266V": 0.0010548523206751054,
    "294S": 0.0010548523206751054,
    "128L": 0.0010548523206751054,
    "208R": 0.0010548523206751054,
    "221K": 0.0010548523206751054,
    "228K": 0.0010548523206751054,
    "129D": 0.0010548523206751054,
    "19L": 0.0010548523206751054,
    "232A": 0.0010548523206751054,
    "207N": 0.0010548523206751054,
    "210L": 0.0010548523206751054,
    "310S": 0.0010548523206751054,
    "120I": 0.0010548523206751054,
    "214T": 0.0010548523206751054,
    "7H": 0.0010548523206751054,
    "262E": 0.0010548523206751054,
    "137L": 0.0010548523206751054,
    "113K": 0.0010548523206751054,
    "68V": 0.0010548523206751054,
    "163N": 0.0010548523206751054,
    "215T": 0.0010548523206751054,
    "141T": 0.0010548523206751054,
    "39R": 0.0010548523206751054,
    "129T": 0.0010548523206751054,
    "260N": 0.0010548523206751054,
    "308R": 0.0010548523206751054,
    "185S": 0.0010548523206751054,
    "197T": 0.0010548523206751054,
    "38D": 0.0010548523206751054,
    "186V": 0.0010548523206751054,
    "274N": 0.0010548523206751054,
    "211N": 0.0010548523206751054,
    "190N": 0.0010548523206751054,
    "195V": 0.0010548523206751054,
    "146R": 0.0010548523206751054,
    "164F": 0.0010548523206751054,
    "162H": 0.0010548523206751054,
    "164A": 0.0010548523206751054,
    "86N": 0.0010548523206751054,
    "164N": 0.0010548523206751054,
    "162T": 0.0010548523206751054,
    "156K": 0.0010548523206751054,
    "129G": 0.0010548523206751054,
    "137S": 0.0010548523206751054,
    "83P": 0.0010548523206751054,
    "71P": 0.0005274261603375527,
    "173I": 0.0005274261603375527,
    "53S": 0.0005274261603375527,
    "17Y": 0.0005274261603375527,
    "209T": 0.0005274261603375527,
    "22R": 0.0005274261603375527,
    "140E": 0.0005274261603375527,
    "38K": 0.0005274261603375527,
    "138Q": 0.0005274261603375527,
    "185G": 0.0005274261603375527,
    "186A": 0.0005274261603375527,
    "321A": 0.0005274261603375527,
    "199I": 0.0005274261603375527,
    "71Y": 0.0005274261603375527,
    "138Y": 0.0005274261603375527,
    "38I": 0.0005274261603375527,
    "299A": 0.0005274261603375527,
    "314Q": 0.0005274261603375527,
    "74R": 0.0005274261603375527,
    "315V": 0.0005274261603375527,
    "40E": 0.0005274261603375527,
    "13N": 0.0005274261603375527,
    "104H": 0.0005274261603375527,
    "121I": 0.0005274261603375527,
    "79V": 0.0005274261603375527,
    "30G": 0.0005274261603375527,
    "119T": 0.0005274261603375527,
    "17N": 0.0005274261603375527,
    "68G": 0.0005274261603375527,
    "66A": 0.0005274261603375527,
    "227I": 0.0005274261603375527,
    "258V": 0.0005274261603375527,
    "324V": 0.0005274261603375527,
    "271L": 0.0005274261603375527,
    "254V": 0.0005274261603375527,
    "51D": 0.0005274261603375527,
    "103G": 0.0005274261603375527,
    "10Y": 0.0005274261603375527,
    "293H": 0.0005274261603375527,
    "163E": 0.0005274261603375527,
    "157L": 0.0005274261603375527,
    "139T": 0.0005274261603375527,
    "46E": 0.0005274261603375527,
    "256V": 0.0005274261603375527,
    "31D": 0.0005274261603375527,
    "185T": 0.0005274261603375527,
    "310A": 0.0005274261603375527,
    "95L": 0.0005274261603375527,
    "48T": 0.0005274261603375527,
    "196E": 0.0005274261603375527,
    "110T": 0.0005274261603375527,
    "135S": 0.0005274261603375527,
    "172V": 0.0005274261603375527,
    "202W": 0.0005274261603375527,
    "258D": 0.0005274261603375527,
    "256T": 0.0005274261603375527,
    "241A": 0.0005274261603375527,
    "134V": 0.0005274261603375527,
    "315T": 0.0005274261603375527,
    "22M": 0.0005274261603375527,
    "215S": 0.0005274261603375527,
    "69P": 0.0005274261603375527,
    "114L": 0.0005274261603375527,
    "37P": 0.0005274261603375527,
    "74G": 0.0005274261603375527,
    "9T": 0.0005274261603375527,
    "66G": 0.0005274261603375527,
    "297Q": 0.0005274261603375527,
    "132I": 0.0005274261603375527,
    "201M": 0.0005274261603375527,
    "43R": 0.0005274261603375527,
    "324T": 0.0005274261603375527,
    "218L": 0.0005274261603375527,
    "294D": 0.0005274261603375527,
    "230H": 0.0005274261603375527,
    "179V": 0.0005274261603375527,
    "110L": 0.0005274261603375527,
    "265T": 0.0005274261603375527,
    "290F": 0.0005274261603375527,
    "261D": 0.0005274261603375527,
    "283E": 0.0005274261603375527,
    "143G": 0.0005274261603375527,
    "58V": 0.0005274261603375527,
    "83F": 0.0005274261603375527,
    "162N": 0.0005274261603375527,