{
  "total_num_egg_strains": 1896,
  "percent_w_eggmut_in_gene": 0.0633,
  "egg_mut_freqs": {
    "200I": 0.004746835443037975,
    "128T": 0.0026371308016877636,
    "198I": 0.002109704641350211,
    "122I": 0.0015822784810126582,
    "106I": 0.0015822784810126582,
    "72R": 0.0015822784810126582,
    "123K": 0.0015822784810126582,
    "28S": 0.0010548523206751054,
    "206V": 0.0010548523206751054,
    "128S": 0.0010548523206751054,
    "220S": 0.0010548523206751054,
    "43T": 0.0010548523206751054,
    "83R": 0.0010548523206751054,
    "45N": 0.0010548523206751054,
    "106K": 0.0010548523206751054,
    "177R": 0.0010548523206751054,
    "146D": 0.0010548523206751054,
    "147K": 0.0010548523206751054,
    "131Q": 0.0010548523206751054,
    "18L": 0.0010548523206751054,
    "133T": 0.0010548523206751054,
    "54F": 0.0010548523206751054,
    "124T": 0.0010548523206751054,
    "18I": 0.0010548523206751054,
    "47K": 0.0005274261603375527,
    "161E": 0.0005274261603375527,
    "24H": 0.0005274261603375527,
    "3L": 0.0005274261603375527,
    "30K": 0.0005274261603375527,
    "191A": 0.0005274261603375527,
    "182M": 0.0005274261603375527,
    "189V": 0.0005274261603375527,
    "113L": 0.0005274261603375527,
    "47G": 0.0005274261603375527,
    "24F": 0.0005274261603375527,
    "197F": 0.0005274261603375527,
    "100I": 0.0005274261603375527,
    "166S": 0.0005274261603375527,
    "26R": 0.0005274261603375527,
    "47E": 0.0005274261603375527,
    "52L": 0.0005274261603375527,
    "147M": 0.0005274261603375527,
    "45V": 0.0005274261603375527,
    "145N": 0.0005274261603375527,
    "166V": 0.0005274261603375527,
    "128D": 0.0005274261603375527,
    "164D": 0.0005274261603375527,
    "117D": 0.0005274261603375527,
    "168V": 0.0005274261603375527,
    "96V": 0.0005274261603375527,
    "202F": 0.0005274261603375527,
    "153R": 0.0005274261603375527,
    "167R": 0.0005274261603375527,
    "77M": 0.0005274261603375527,
    "199V": 0.0005274261603375527,
    "77V": 0.0005274261603375527,
    "200L": 0.0005274261603375527,
    "43D": 0.0005274261603375527,
    "181I": 0.0005274261603375527,
    "32T": 0.0005274261603375527,
    "213T": 0.0005274261603375527,
    "149I": 0.0005274261603375527,
    "181K": 0.0005274261603375527,
    "175R": 0.0005274261603375527,
    "50S": 0.0005274261603375527,
    "176I": 0.0005274261603375527,
    "174N": 0.0005274261603375527,
    "155E": 0.0005274261603375527,
    "72Y": 0.0005274261603375527,
    "121R": 0.0005274261603375527,
    "171G": 0.0005274261603375527,
    "212Y": 0.0005274261603375527,
    "131R": 0.0005274261603375527,
    "201I": 0.0005274261603375527,
    "156N": 0.0005274261603375527,
    "195G": 0.0005274261603375527,
    "207G": 0.0005274261603375527,
    "160Q": 0.0005274261603375527,
    "99M": 0.0005274261603375527,
    "47R": 0.0005274261603375527,
    "25N": 0.0005274261603375527,
    "139K": 0.0005274261603375527,
    "29G": 0.0005274261603375527
  },
  "egg_muts_above_1percent": {},
  "egg_muts_above_2_5percent": {},
  "egg_muts_above_5percent": {},
  "percent_w_higherfreq_eggmut_in_gene_01": 0.0,
  "percent_w_higherfreq_eggmut_in_gene_025": 0.0,
  "percent_w_higherfreq_eggmut_in_gene_05": 0.0,
  "mutated_sites_freqs": {
    "200": 0.005274261603375527,
    "128": 0.004219409282700422,
    "106": 0.0026371308016877636,
    "47": 0.002109704641350211,
    "198": 0.002109704641350211,
    "18": 0.002109704641350211,
    "72": 0.002109704641350211,
    "122": 0.0015822784810126582,
    "43": 0.0015822784810126582,
    "45": 0.0015822784810126582,
    "147": 0.0015822784810126582,
    "131": 0.0015822784810126582,
    "123": 0.0015822784810126582,
    "24": 0.0010548523206751054,
    "28": 0.0010548523206751054,
    "206": 0.0010548523206751054,
    "220": 0.0010548523206751054,
    "83": 0.0010548523206751054,
    "166": 0.0010548523206751054,
    "177": 0.0010548523206751054,
    "146": 0.0010548523206751054,
    "77": 0.0010548523206751054,
    "133": 0.0010548523206751054,
    "54": 0.0010548523206751054,
    "181": 0.0010548523206751054,
    "124": 0.0010548523206751054,
    "161": 0.0005274261603375527,
    "3": 0.0005274261603375527,
    "30": 0.0005274261603375527,
    "191": 0.0005274261603375527,
    "182": 0.0005274261603375527,
    "189": 0.0005274261603375527,
    "113": 0.0005274261603375527,
    "197": 0.0005274261603375527,
    "100": 0.0005274261603375527,
    "26": 0.0005274261603375527,
    "52": 0.0005274261603375527,
    "145": 0.0005274261603375527,
    "164": 0.0005274261603375527,
    "117": 0.0005274261603375527,
    "168": 0.0005274261603375527,
    "96": 0.0005274261603375527,
    "202": 0.0005274261603375527,
    "153": 0.0005274261603375527,
    "167": 0.0005274261603375527,
    "199": 0.0005274261603375527,
    "32": 0.0005274261603375527,
    "213": 0.0005274261603375527,
    "149": 0.0005274261603375527,
    "175": 0.0005274261603375527,
    "50": 0.0005274261603375527,
    "176": 0.0005274261603375527,
    "174": 0.0005274261603375527,
    "155": 0.0005274261603375527,
    "121": 0.0005274261603375527,
    "171": 0.0005274261603375527,
    "212": 0.0005274261603375527,
    "201": 0.0005274261603375527,
    "156": 0.0005274261603375527,
    "195": 0.0005274261603375527,
    "207": 0.0005274261603375527,
    "160": 0.0005274261603375527,
    "99": 0.0005274261603375527,
    "25": 0.0005274261603375527,
    "139": 0.0005274261603375527,
    "29": 0.0005274261603375527
  },
  "sites_mutated_above_1percent": {},
  "sites_mutated_above_2_5percent": {},
  "sites_mutated_above_5percent": {}
}