{
  "total_num_egg_strains": 1469,
  "percent_w_eggmut_in_gene": 0.2471,
  "egg_mut_freqs": {
    "248N": 0.011572498298162015,
    "119K": 0.011572498298162015,
    "263V": 0.0068073519400953025,
    "454D": 0.005445881552076242,
    "466I": 0.004765146358066712,
    "394I": 0.0040844111640571815,
    "48K": 0.0040844111640571815,
    "34I": 0.0034036759700476512,
    "247N": 0.002722940776038121,
    "11S": 0.002722940776038121,
    "453M": 0.002722940776038121,
    "83M": 0.002722940776038121,
    "70N": 0.002722940776038121,
    "38N": 0.002722940776038121,
    "396M": 0.002722940776038121,
    "44N": 0.002722940776038121,
    "262R": 0.002722940776038121,
    "314I": 0.002722940776038121,
    "148I": 0.002722940776038121,
    "286G": 0.0020422055820285907,
    "270K": 0.0020422055820285907,
    "62I": 0.0020422055820285907,
    "19I": 0.0020422055820285907,
    "81I": 0.0020422055820285907,
    "288V": 0.0020422055820285907,
    "466R": 0.0020422055820285907,
    "257K": 0.0020422055820285907,
    "4I": 0.0020422055820285907,
    "448I": 0.0020422055820285907,
    "166I": 0.0020422055820285907,
    "93L": 0.0020422055820285907,
    "267I": 0.0020422055820285907,
    "155F": 0.0020422055820285907,
    "430Q": 0.0020422055820285907,
    "275Y": 0.0020422055820285907,
    "200N": 0.0020422055820285907,
    "86T": 0.0020422055820285907,
    "382E": 0.0020422055820285907,
    "29M": 0.0020422055820285907,
    "206V": 0.0020422055820285907,
    "424I": 0.0020422055820285907,
    "35G": 0.0013614703880190605,
    "458S": 0.0013614703880190605,
    "78R": 0.0013614703880190605,
    "381I": 0.0013614703880190605,
    "30V": 0.0013614703880190605,
    "463F": 0.0013614703880190605,
    "436T": 0.0013614703880190605,
    "13I": 0.0013614703880190605,
    "328T": 0.0013614703880190605,
    "72I": 0.0013614703880190605,
    "436V": 0.0013614703880190605,
    "20V": 0.0013614703880190605,
    "16I": 0.0013614703880190605,
    "79P": 0.0013614703880190605,
    "23M": 0.0013614703880190605,
    "374V": 0.0013614703880190605,
    "55N": 0.0013614703880190605,
    "42D": 0.0013614703880190605,
    "60I": 0.0013614703880190605,
    "28S": 0.0013614703880190605,
    "53I": 0.0013614703880190605,
    "249E": 0.0013614703880190605,
    "16A": 0.0013614703880190605,
    "149N": 0.0013614703880190605,
    "272L": 0.0013614703880190605,
    "314M": 0.0013614703880190605,
    "77E": 0.0013614703880190605,
    "260R": 0.0013614703880190605,
    "67I": 0.0013614703880190605,
    "82P": 0.0013614703880190605,
    "94I": 0.0013614703880190605,
    "189S": 0.0013614703880190605,
    "32V": 0.0013614703880190605,
    "188N": 0.0013614703880190605,
    "93S": 0.0013614703880190605,
    "85F": 0.0013614703880190605,
    "367L": 0.0013614703880190605,
    "344D": 0.0013614703880190605,
    "3S": 0.0013614703880190605,
    "45R": 0.0013614703880190605,
    "419K": 0.0013614703880190605,
    "216F": 0.0013614703880190605,
    "88G": 0.0006807351940095302,
    "329I": 0.0006807351940095302,
    "9I": 0.0006807351940095302,
    "270D": 0.0006807351940095302,
    "68K": 0.0006807351940095302,
    "60A": 0.0006807351940095302,
    "17V": 0.0006807351940095302,
    "12L": 0.0006807351940095302,
    "34M": 0.0006807351940095302,
    "76T": 0.0006807351940095302,
    "388L": 0.0006807351940095302,
    "120A": 0.0006807351940095302,
    "199G": 0.0006807351940095302,
    "88S": 0.0006807351940095302,
    "171K": 0.0006807351940095302,
    "388T": 0.0006807351940095302,
    "328S": 0.0006807351940095302,
    "95R": 0.0006807351940095302,
    "338A": 0.0006807351940095302,
    "46S": 0.0006807351940095302,
    "8V": 0.0006807351940095302,
    "30T": 0.0006807351940095302,
    "77R": 0.0006807351940095302,
    "287K": 0.0006807351940095302,
    "434T": 0.0006807351940095302,
    "69V": 0.0006807351940095302,
    "304I": 0.0006807351940095302,
    "416N": 0.0006807351940095302,
    "226A": 0.0006807351940095302,
    "44K": 0.0006807351940095302,
    "40I": 0.0006807351940095302,
    "54V": 0.0006807351940095302,
    "188F": 0.0006807351940095302,
    "78P": 0.0006807351940095302,
    "373I": 0.0006807351940095302,
    "363R": 0.0006807351940095302,
    "369K": 0.0006807351940095302,
    "99T": 0.0006807351940095302,
    "109S": 0.0006807351940095302,
    "201E": 0.0006807351940095302,
    "12P": 0.0006807351940095302,
    "155H": 0.0006807351940095302,
    "438A": 0.0006807351940095302,
    "393V": 0.0006807351940095302,
    "87S": 0.0006807351940095302,
    "415Q": 0.0006807351940095302,
    "331N": 0.0006807351940095302,
    "331R": 0.0006807351940095302,
    "234A": 0.0006807351940095302,
    "128G": 0.0006807351940095302,
    "188T": 0.0006807351940095302,
    "307S": 0.0006807351940095302,
    "357I": 0.0006807351940095302,
    "211V": 0.0006807351940095302,
    "321V": 0.0006807351940095302,
    "451G": 0.0006807351940095302,
    "395E": 0.0006807351940095302,
    "143K": 0.0006807351940095302,
    "193V": 0.0006807351940095302,
    "2Y": 0.0006807351940095302,
    "246K": 0.0006807351940095302,
    "216T": 0.0006807351940095302,
    "48S": 0.0006807351940095302,
    "364N": 0.0006807351940095302,
    "321L": 0.0006807351940095302,
    "286N": 0.0006807351940095302,
    "309D": 0.0006807351940095302,
    "126T": 0.0006807351940095302,
    "269V": 0.0006807351940095302,
    "126S": 0.0006807351940095302,
    "354S": 0.0006807351940095302,
    "93T": 0.0006807351940095302,
    "34V": 0.0006807351940095302,
    "163V": 0.0006807351940095302,
    "340F": 0.0006807351940095302,
    "51K": 0.0006807351940095302,
    "431T": 0.0006807351940095302,
    "126L": 0.0006807351940095302,
    "456Y": 0.0006807351940095302,
    "210S": 0.0006807351940095302,
    "233S": 0.0006807351940095302,
    "240P": 0.0006807351940095302,
    "130K": 0.0006807351940095302,
    "79L": 0.0006807351940095302,
    "454S": 0.0006807351940095302,
    "66H": 0.0006807351940095302,
    "69T": 0.0006807351940095302,
    "439C": 0.0006807351940095302,
    "377L": 0.0006807351940095302,
    "195V": 0.0006807351940095302,
    "339T": 0.0006807351940095302,
    "59Y": 0.0006807351940095302,
    "450N": 0.0006807351940095302,
    "13A": 0.0006807351940095302,
    "344Y": 0.0006807351940095302,
    "111N": 0.0006807351940095302,
    "200I": 0.0006807351940095302,
    "11D": 0.0006807351940095302,
    "74L": 0.0006807351940095302,
    "270N": 0.0006807351940095302,
    "40M": 0.0006807351940095302,
    "346I": 0.0006807351940095302,
    "29T": 0.0006807351940095302,
    "95G": 0.0006807351940095302,
    "45L": 0.0006807351940095302,
    "138T": 0.0006807351940095302,
    "410S": 0.0006807351940095302,
    "366I": 0.0006807351940095302,
    "96S": 0.0006807351940095302,
    "223T": 0.0006807351940095302,
    "449D": 0.0006807351940095302,
    "405C": 0.0006807351940095302,
    "2I": 0.0006807351940095302,
    "453G": 0.0006807351940095302,
    "381A": 0.0006807351940095302,
    "7T": 0.0006807351940095302,
    "366N": 0.0006807351940095302,
    "260E": 0.0006807351940095302,
    "378S": 0.0006807351940095302,
    "147R": 0.0006807351940095302,
    "151E": 0.0006807351940095302,
    "259K": 0.0006807351940095302,
    "443T": 0.0006807351940095302,
    "110F": 0.0006807351940095302,
    "308H": 0.0006807351940095302,
    "199Y": 0.0006807351940095302,
    "314T": 0.0006807351940095302,
    "223V": 0.0006807351940095302,
    "343S": 0.0006807351940095302,
    "8T": 0.0006807351940095302,
    "330N": 0.0006807351940095302,
    "321I": 0.0006807351940095302,
    "311K": 0.0006807351940095302,
    "98V": 0.0006807351940095302,
    "52N": 0.0006807351940095302,
    "38F": 0.0006807351940095302,
    "70R": 0.0006807351940095302,
    "436I": 0.0006807351940095302,
    "19V": 0.0006807351940095302,
    "398K": 0.0006807351940095302,
    "66N": 0.0006807351940095302,
    "56H": 0.0006807351940095302,
    "467V": 0.0006807351940095302,
    "141S": 0.0006807351940095302,
    "74S": 0.0006807351940095302,
    "98S": 0.0006807351940095302,