{
  "total_num_egg_strains": 285,
  "percent_w_eggmut_in_gene": 0.1719,
  "egg_mut_freqs": {
    "3P": 0.010526315789473684,
    "21R": 0.010526315789473684,
    "60A": 0.010526315789473684,
    "84V": 0.010526315789473684,
    "95L": 0.010526315789473684,
    "103S": 0.010526315789473684,
    "106I": 0.010526315789473684,
    "166L": 0.010526315789473684,
    "171A": 0.010526315789473684,
    "178V": 0.010526315789473684,
    "211R": 0.010526315789473684,
    "221E": 0.010526315789473684,
    "129I": 0.007017543859649123,
    "214P": 0.007017543859649123,
    "197T": 0.007017543859649123,
    "204G": 0.007017543859649123,
    "82V": 0.007017543859649123,
    "215A": 0.007017543859649123,
    "180I": 0.007017543859649123,
    "127T": 0.007017543859649123,
    "145I": 0.007017543859649123,
    "71E": 0.007017543859649123,
    "215I": 0.007017543859649123,
    "22A": 0.007017543859649123,
    "171V": 0.007017543859649123,
    "55K": 0.0035087719298245615,
    "22I": 0.0035087719298245615,
    "65I": 0.0035087719298245615,
    "56E": 0.0035087719298245615,
    "13S": 0.0035087719298245615,
    "163S": 0.0035087719298245615,
    "194I": 0.0035087719298245615,
    "196E": 0.0035087719298245615,
    "216S": 0.0035087719298245615,
    "231R": 0.0035087719298245615,
    "28G": 0.0035087719298245615,
    "220Q": 0.0035087719298245615,
    "142G": 0.0035087719298245615,
    "56T": 0.0035087719298245615,
    "109L": 0.0035087719298245615,
    "111M": 0.0035087719298245615,
    "104I": 0.0035087719298245615,
    "26N": 0.0035087719298245615,
    "75D": 0.0035087719298245615,
    "171L": 0.0035087719298245615,
    "88Q": 0.0035087719298245615,
    "54T": 0.0035087719298245615,
    "227K": 0.0035087719298245615,
    "228A": 0.0035087719298245615,
    "229G": 0.0035087719298245615,
    "2N": 0.0035087719298245615,
    "7A": 0.0035087719298245615,
    "90V": 0.0035087719298245615,
    "16C": 0.0035087719298245615,
    "62Q": 0.0035087719298245615,
    "23A": 0.0035087719298245615,
    "182T": 0.0035087719298245615,
    "91A": 0.0035087719298245615,
    "179E": 0.0035087719298245615,
    "76E": 0.0035087719298245615,
    "212S": 0.0035087719298245615,
    "67E": 0.0035087719298245615,
    "100K": 0.0035087719298245615,
    "127K": 0.0035087719298245615,
    "81T": 0.0035087719298245615
  },
  "egg_muts_above_1percent": {
    "3P": 0.0105,
    "21R": 0.0105,
    "60A": 0.0105,
    "84V": 0.0105,
    "95L": 0.0105,
    "103S": 0.0105,
    "106I": 0.0105,
    "166L": 0.0105,
    "171A": 0.0105,
    "178V": 0.0105,
    "211R": 0.0105,
    "221E": 0.0105
  },
  "egg_muts_above_2_5percent": {},
  "egg_muts_above_5percent": {},
  "percent_w_higherfreq_eggmut_in_gene_01": 0.0105,
  "percent_w_higherfreq_eggmut_in_gene_025": 0.0,
  "percent_w_higherfreq_eggmut_in_gene_05": 0.0,
  "mutated_sites_freqs": {
    "171": 0.021052631578947368,
    "215": 0.014035087719298246,
    "3": 0.010526315789473684,
    "21": 0.010526315789473684,
    "60": 0.010526315789473684,
    "84": 0.010526315789473684,
    "95": 0.010526315789473684,
    "103": 0.010526315789473684,
    "106": 0.010526315789473684,
    "166": 0.010526315789473684,
    "178": 0.010526315789473684,
    "211": 0.010526315789473684,
    "221": 0.010526315789473684,
    "22": 0.010526315789473684,
    "127": 0.010526315789473684,
    "129": 0.007017543859649123,
    "56": 0.007017543859649123,
    "214": 0.007017543859649123,
    "197": 0.007017543859649123,
    "204": 0.007017543859649123,
    "82": 0.007017543859649123,
    "180": 0.007017543859649123,
    "145": 0.007017543859649123,
    "71": 0.007017543859649123,
    "55": 0.0035087719298245615,
    "65": 0.0035087719298245615,
    "13": 0.0035087719298245615,
    "163": 0.0035087719298245615,
    "194": 0.0035087719298245615,
    "196": 0.0035087719298245615,
    "216": 0.0035087719298245615,
    "231": 0.0035087719298245615,
    "28": 0.0035087719298245615,
    "220": 0.0035087719298245615,
    "142": 0.0035087719298245615,
    "109": 0.0035087719298245615,
    "111": 0.0035087719298245615,
    "104": 0.0035087719298245615,
    "26": 0.0035087719298245615,
    "75": 0.0035087719298245615,
    "88": 0.0035087719298245615,
    "54": 0.0035087719298245615,
    "227": 0.0035087719298245615,
    "228": 0.0035087719298245615,
    "229": 0.0035087719298245615,
    "2": 0.0035087719298245615,
    "7": 0.0035087719298245615,
    "90": 0.0035087719298245615,
    "16": 0.0035087719298245615,
    "62": 0.0035087719298245615,
    "23": 0.0035087719298245615,
    "182": 0.0035087719298245615,
    "91": 0.0035087719298245615,
    "179": 0.0035087719298245615,
    "76": 0.0035087719298245615,
    "212": 0.0035087719298245615,
    "67": 0.0035087719298245615,
    "100": 0.0035087719298245615,
    "81": 0.0035087719298245615
  },
  "sites_mutated_above_1percent": {
    "171": 0.0211,
    "215": 0.014,
    "3": 0.0105,
    "21": 0.0105,
    "60": 0.0105,
    "84": 0.0105,
    "95": 0.0105,
    "103": 0.0105,
    "106": 0.0105,
    "166": 0.0105,
    "178": 0.0105,
    "211": 0.0105,
    "221": 0.0105,
    "22": 0.0105,
    "127": 0.0105
  },
  "sites_mutated_above_2_5percent": {},
  "sites_mutated_above_5percent": {}
}