{
  "total_num_egg_strains": 434,
  "percent_w_eggmut_in_gene": 0.1659,
  "egg_mut_freqs": {
    "409S": 0.0069124423963133645,
    "614S": 0.004608294930875576,
    "28M": 0.004608294930875576,
    "399K": 0.004608294930875576,
    "557V": 0.004608294930875576,
    "31K": 0.004608294930875576,
    "311M": 0.004608294930875576,
    "400S": 0.004608294930875576,
    "594G": 0.004608294930875576,
    "534S": 0.004608294930875576,
    "44A": 0.004608294930875576,
    "535Y": 0.004608294930875576,
    "364N": 0.004608294930875576,
    "311I": 0.004608294930875576,
    "441V": 0.004608294930875576,
    "350S": 0.002304147465437788,
    "90I": 0.002304147465437788,
    "208T": 0.002304147465437788,
    "216N": 0.002304147465437788,
    "12I": 0.002304147465437788,
    "351V": 0.002304147465437788,
    "155L": 0.002304147465437788,
    "598V": 0.002304147465437788,
    "438V": 0.002304147465437788,
    "350K": 0.002304147465437788,
    "228I": 0.002304147465437788,
    "598T": 0.002304147465437788,
    "97N": 0.002304147465437788,
    "409N": 0.002304147465437788,
    "379I": 0.002304147465437788,
    "586I": 0.002304147465437788,
    "639A": 0.002304147465437788,
    "432I": 0.002304147465437788,
    "716N": 0.002304147465437788,
    "421I": 0.002304147465437788,
    "184S": 0.002304147465437788,
    "716Q": 0.002304147465437788,
    "190P": 0.002304147465437788,
    "360L": 0.002304147465437788,
    "465M": 0.002304147465437788,
    "404P": 0.002304147465437788,
    "321C": 0.002304147465437788,
    "177I": 0.002304147465437788,
    "545V": 0.002304147465437788,
    "237V": 0.002304147465437788,
    "335M": 0.002304147465437788,
    "262E": 0.002304147465437788,
    "357A": 0.002304147465437788,
    "99E": 0.002304147465437788,
    "2K": 0.002304147465437788,
    "352G": 0.002304147465437788,
    "269R": 0.002304147465437788,
    "267S": 0.002304147465437788,
    "22R": 0.002304147465437788,
    "129M": 0.002304147465437788,
    "3G": 0.002304147465437788,
    "358R": 0.002304147465437788,
    "645I": 0.002304147465437788,
    "613V": 0.002304147465437788,
    "247A": 0.002304147465437788,
    "712K": 0.002304147465437788,
    "585F": 0.002304147465437788,
    "219I": 0.002304147465437788,
    "448T": 0.002304147465437788,
    "675R": 0.002304147465437788,
    "403F": 0.002304147465437788,
    "28P": 0.002304147465437788,
    "225R": 0.002304147465437788,
    "588P": 0.002304147465437788,
    "636I": 0.002304147465437788,
    "61V": 0.002304147465437788,
    "327K": 0.002304147465437788,
    "332P": 0.002304147465437788
  },
  "egg_muts_above_1percent": {},
  "egg_muts_above_2_5percent": {},
  "egg_muts_above_5percent": {},
  "percent_w_higherfreq_eggmut_in_gene_01": 0.0,
  "percent_w_higherfreq_eggmut_in_gene_025": 0.0,
  "percent_w_higherfreq_eggmut_in_gene_05": 0.0,
  "mutated_sites_freqs": {
    "409": 0.009216589861751152,
    "311": 0.009216589861751152,
    "28": 0.0069124423963133645,
    "350": 0.004608294930875576,
    "614": 0.004608294930875576,
    "598": 0.004608294930875576,
    "399": 0.004608294930875576,
    "557": 0.004608294930875576,
    "31": 0.004608294930875576,
    "400": 0.004608294930875576,
    "716": 0.004608294930875576,
    "594": 0.004608294930875576,
    "534": 0.004608294930875576,
    "44": 0.004608294930875576,
    "535": 0.004608294930875576,
    "364": 0.004608294930875576,
    "441": 0.004608294930875576,
    "90": 0.002304147465437788,
    "208": 0.002304147465437788,
    "216": 0.002304147465437788,
    "12": 0.002304147465437788,
    "351": 0.002304147465437788,
    "155": 0.002304147465437788,
    "438": 0.002304147465437788,
    "228": 0.002304147465437788,
    "97": 0.002304147465437788,
    "379": 0.002304147465437788,
    "586": 0.002304147465437788,
    "639": 0.002304147465437788,
    "432": 0.002304147465437788,
    "421": 0.002304147465437788,
    "184": 0.002304147465437788,
    "190": 0.002304147465437788,
    "360": 0.002304147465437788,
    "465": 0.002304147465437788,
    "404": 0.002304147465437788,
    "321": 0.002304147465437788,
    "177": 0.002304147465437788,
    "545": 0.002304147465437788,
    "237": 0.002304147465437788,
    "335": 0.002304147465437788,
    "262": 0.002304147465437788,
    "357": 0.002304147465437788,
    "99": 0.002304147465437788,
    "2": 0.002304147465437788,
    "352": 0.002304147465437788,
    "269": 0.002304147465437788,
    "267": 0.002304147465437788,
    "22": 0.002304147465437788,
    "129": 0.002304147465437788,
    "3": 0.002304147465437788,
    "358": 0.002304147465437788,
    "645": 0.002304147465437788,
    "613": 0.002304147465437788,
    "247": 0.002304147465437788,
    "712": 0.002304147465437788,
    "585": 0.002304147465437788,
    "219": 0.002304147465437788,
    "448": 0.002304147465437788,
    "675": 0.002304147465437788,
    "403": 0.002304147465437788,
    "225": 0.002304147465437788,
    "588": 0.002304147465437788,
    "636": 0.002304147465437788,
    "61": 0.002304147465437788,
    "327": 0.002304147465437788,
    "332": 0.002304147465437788
  },
  "sites_mutated_above_1percent": {},
  "sites_mutated_above_2_5percent": {},
  "sites_mutated_above_5percent": {}
}