{
  "total_num_egg_strains": 1032,
  "percent_w_eggmut_in_gene": 0.0136,
  "egg_mut_freqs": {
    "11F": 0.001937984496124031,
    "15L": 0.001937984496124031,
    "16V": 0.001937984496124031,
    "14G": 0.001937984496124031,
    "16T": 0.001937984496124031,
    "14L": 0.0009689922480620155,
    "12R": 0.0009689922480620155,
    "12Y": 0.0009689922480620155,
    "8G": 0.0009689922480620155,
    "10T": 0.0009689922480620155,
    "4T": 0.0009689922480620155
  },
  "egg_muts_above_1percent": {},
  "egg_muts_above_2_5percent": {},
  "egg_muts_above_5percent": {},
  "percent_w_higherfreq_eggmut_in_gene_01": 0.0,
  "percent_w_higherfreq_eggmut_in_gene_025": 0.0,
  "percent_w_higherfreq_eggmut_in_gene_05": 0.0,
  "mutated_sites_freqs": {
    "16": 0.003875968992248062,
    "14": 0.0029069767441860465,
    "11": 0.001937984496124031,
    "15": 0.001937984496124031,
    "12": 0.001937984496124031,
    "8": 0.0009689922480620155,
    "10": 0.0009689922480620155,
    "4": 0.0009689922480620155
  },
  "sites_mutated_above_1percent": {},
  "sites_mutated_above_2_5percent": {},
  "sites_mutated_above_5percent": {}
}