{
  "total_num_egg_strains": 820,
  "percent_w_eggmut_in_gene": 0.172,
  "egg_mut_freqs": {
    "368V": 0.00853658536585366,
    "40H": 0.00853658536585366,
    "462R": 0.004878048780487805,
    "358D": 0.003658536585365854,
    "151N": 0.003658536585365854,
    "32I": 0.003658536585365854,
    "258K": 0.003658536585365854,
    "396I": 0.0024390243902439024,
    "400K": 0.0024390243902439024,
    "57T": 0.0024390243902439024,
    "65T": 0.0024390243902439024,
    "44Y": 0.0024390243902439024,
    "82T": 0.0024390243902439024,
    "36Y": 0.0024390243902439024,
    "241I": 0.0024390243902439024,
    "44P": 0.0024390243902439024,
    "20V": 0.0024390243902439024,
    "416G": 0.0024390243902439024,
    "148I": 0.0024390243902439024,
    "392T": 0.0024390243902439024,
    "23L": 0.0024390243902439024,
    "329T": 0.0024390243902439024,
    "50M": 0.0024390243902439024,
    "247L": 0.0024390243902439024,
    "31I": 0.0024390243902439024,
    "205L": 0.0024390243902439024,
    "347N": 0.0024390243902439024,
    "414S": 0.0024390243902439024,
    "13I": 0.0012195121951219512,
    "197D": 0.0012195121951219512,
    "52Q": 0.0012195121951219512,
    "57M": 0.0012195121951219512,
    "51T": 0.0012195121951219512,
    "372L": 0.0012195121951219512,
    "23F": 0.0012195121951219512,
    "147N": 0.0012195121951219512,
    "32S": 0.0012195121951219512,
    "367N": 0.0012195121951219512,
    "165I": 0.0012195121951219512,
    "147Y": 0.0012195121951219512,
    "79T": 0.0012195121951219512,
    "203T": 0.0012195121951219512,
    "344K": 0.0012195121951219512,
    "37S": 0.0012195121951219512,
    "251E": 0.0012195121951219512,
    "2D": 0.0012195121951219512,
    "19A": 0.0012195121951219512,
    "334N": 0.0012195121951219512,
    "15I": 0.0012195121951219512,
    "267I": 0.0012195121951219512,
    "369R": 0.0012195121951219512,
    "435D": 0.0012195121951219512,
    "285S": 0.0012195121951219512,
    "466F": 0.0012195121951219512,
    "49R": 0.0012195121951219512,
    "308T": 0.0012195121951219512,
    "394K": 0.0012195121951219512,
    "221D": 0.0012195121951219512,
    "198N": 0.0012195121951219512,
    "342D": 0.0012195121951219512,
    "370S": 0.0012195121951219512,
    "284H": 0.0012195121951219512,
    "33A": 0.0012195121951219512,
    "245N": 0.0012195121951219512,
    "58T": 0.0012195121951219512,
    "67H": 0.0012195121951219512,
    "73T": 0.0012195121951219512,
    "271N": 0.0012195121951219512,
    "435K": 0.0012195121951219512,
    "329S": 0.0012195121951219512,
    "214G": 0.0012195121951219512,
    "77T": 0.0012195121951219512,
    "13G": 0.0012195121951219512,
    "452A": 0.0012195121951219512,
    "151E": 0.0012195121951219512,
    "55S": 0.0012195121951219512,
    "67S": 0.0012195121951219512,
    "83D": 0.0012195121951219512,
    "467K": 0.0012195121951219512,
    "116M": 0.0012195121951219512,
    "147D": 0.0012195121951219512,
    "335G": 0.0012195121951219512,
    "136K": 0.0012195121951219512,
    "315N": 0.0012195121951219512,
    "465T": 0.0012195121951219512,
    "212A": 0.0012195121951219512,
    "95K": 0.0012195121951219512,
    "26T": 0.0012195121951219512,
    "332Y": 0.0012195121951219512,
    "40C": 0.0012195121951219512,
    "370L": 0.0012195121951219512,
    "126L": 0.0012195121951219512,
    "81Q": 0.0012195121951219512,
    "59G": 0.0012195121951219512,
    "387R": 0.0012195121951219512,
    "59K": 0.0012195121951219512,
    "464I": 0.0012195121951219512,
    "184Y": 0.0012195121951219512,
    "370T": 0.0012195121951219512,
    "58M": 0.0012195121951219512,
    "142S": 0.0012195121951219512,
    "8V": 0.0012195121951219512,
    "402N": 0.0012195121951219512,
    "153N": 0.0012195121951219512,
    "369K": 0.0012195121951219512,
    "437S": 0.0012195121951219512,
    "53F": 0.0012195121951219512,
    "346S": 0.0012195121951219512,
    "113V": 0.0012195121951219512,
    "286S": 0.0012195121951219512,
    "39H": 0.0012195121951219512,
    "143M": 0.0012195121951219512,
    "362V": 0.0012195121951219512,
    "346D": 0.0012195121951219512,
    "210K": 0.0012195121951219512,
    "432G": 0.0012195121951219512,
    "432K": 0.0012195121951219512,
    "45S": 0.0012195121951219512,
    "307T": 0.0012195121951219512,
    "265A": 0.0012195121951219512,
    "466I": 0.0012195121951219512,
    "62I": 0.0012195121951219512,
    "150C": 0.0012195121951219512,
    "468N": 0.0012195121951219512,
    "322I": 0.0012195121951219512,
    "384F": 0.0012195121951219512,
    "14F": 0.0012195121951219512,
    "80R": 0.0012195121951219512,
    "150P": 0.0012195121951219512,
    "376I": 0.0012195121951219512,
    "86T": 0.0012195121951219512,
    "263I": 0.0012195121951219512,
    "444I": 0.0012195121951219512,
    "221Y": 0.0012195121951219512,
    "339D": 0.0012195121951219512,
    "334R": 0.0012195121951219512,
    "212I": 0.0012195121951219512,
    "380I": 0.0012195121951219512,
    "306D": 0.0012195121951219512,
    "93S": 0.0012195121951219512,
    "19M": 0.0012195121951219512,
    "328Q": 0.0012195121951219512,
    "20T": 0.0012195121951219512,
    "24I": 0.0012195121951219512,
    "331I": 0.0012195121951219512,
    "329N": 0.0012195121951219512
  },
  "egg_muts_above_1percent": {},
  "egg_muts_above_2_5percent": {},
  "egg_muts_above_5percent": {},
  "percent_w_higherfreq_eggmut_in_gene_01": 0.0,
  "percent_w_higherfreq_eggmut_in_gene_025": 0.0,
  "percent_w_higherfreq_eggmut_in_gene_05": 0.0,
  "mutated_sites_freqs": {
    "40": 0.00975609756097561,
    "368": 0.00853658536585366,
    "462": 0.004878048780487805,
    "32": 0.004878048780487805,
    "151": 0.004878048780487805,
    "44": 0.004878048780487805,
    "329": 0.004878048780487805,
    "358": 0.003658536585365854,
    "57": 0.003658536585365854,
    "23": 0.003658536585365854,
    "147": 0.003658536585365854,
    "370": 0.003658536585365854,
    "20": 0.003658536585365854,
    "258": 0.003658536585365854,
    "13": 0.0024390243902439024,
    "19": 0.0024390243902439024,
    "334": 0.0024390243902439024,
    "369": 0.0024390243902439024,
    "435": 0.0024390243902439024,
    "466": 0.0024390243902439024,
    "396": 0.0024390243902439024,
    "221": 0.0024390243902439024,
    "400": 0.0024390243902439024,
    "58": 0.0024390243902439024,
    "65": 0.0024390243902439024,
    "67": 0.0024390243902439024,
    "82": 0.0024390243902439024,
    "36": 0.0024390243902439024,
    "241": 0.0024390243902439024,
    "212": 0.0024390243902439024,
    "416": 0.0024390243902439024,
    "148": 0.0024390243902439024,
    "392": 0.0024390243902439024,
    "50": 0.0024390243902439024,
    "247": 0.0024390243902439024,
    "31": 0.0024390243902439024,
    "59": 0.0024390243902439024,
    "205": 0.0024390243902439024,
    "347": 0.0024390243902439024,
    "346": 0.0024390243902439024,
    "432": 0.0024390243902439024,
    "150": 0.0024390243902439024,
    "414": 0.0024390243902439024,
    "197": 0.0012195121951219512,
    "52": 0.0012195121951219512,
    "51": 0.0012195121951219512,
    "372": 0.0012195121951219512,
    "367": 0.0012195121951219512,
    "165": 0.0012195121951219512,
    "79": 0.0012195121951219512,
    "203": 0.0012195121951219512,
    "344": 0.0012195121951219512,
    "37": 0.0012195121951219512,
    "251": 0.0012195121951219512,
    "2": 0.0012195121951219512,
    "15": 0.0012195121951219512,
    "267": 0.0012195121951219512,
    "285": 0.0012195121951219512,
    "49": 0.0012195121951219512,
    "308": 0.0012195121951219512,
    "394": 0.0012195121951219512,
    "198": 0.0012195121951219512,
    "342": 0.0012195121951219512,
    "284": 0.0012195121951219512,
    "33": 0.0012195121951219512,
    "245": 0.0012195121951219512,
    "73": 0.0012195121951219512,
    "271": 0.0012195121951219512,
    "214": 0.0012195121951219512,
    "77": 0.0012195121951219512,
    "452": 0.0012195121951219512,
    "55": 0.0012195121951219512,
    "83": 0.0012195121951219512,
    "467": 0.0012195121951219512,
    "116": 0.0012195121951219512,
    "335": 0.0012195121951219512,
    "136": 0.0012195121951219512,