{
  "total_num_egg_strains": 1032,
  "percent_w_eggmut_in_gene": 0.7578,
  "egg_mut_freqs": {
    "186V": 0.15891472868217055,
    "194P": 0.13565891472868216,
    "160K": 0.10852713178294573,
    "225G": 0.09689922480620156,
    "186N": 0.0755813953488372,
    "138S": 0.04844961240310078,
    "219Y": 0.03972868217054264,
    "246K": 0.035852713178294575,
    "156Q": 0.03197674418604651,
    "203I": 0.031007751937984496,
    "219F": 0.030038759689922482,
    "183L": 0.025193798449612403,
    "195Y": 0.025193798449612403,
    "246H": 0.02131782945736434,
    "186R": 0.02131782945736434,
    "156R": 0.020348837209302327,
    "246S": 0.01937984496124031,
    "194I": 0.018410852713178296,
    "190N": 0.018410852713178296,
    "190G": 0.015503875968992248,
    "196T": 0.014534883720930232,
    "160I": 0.013565891472868217,
    "190V": 0.011627906976744186,
    "145N": 0.011627906976744186,
    "186D": 0.011627906976744186,
    "226I": 0.01065891472868217,
    "225N": 0.009689922480620155,
    "193R": 0.00872093023255814,
    "158N": 0.00872093023255814,
    "186S": 0.00872093023255814,
    "228T": 0.00872093023255814,
    "227S": 0.007751937984496124,
    "246T": 0.007751937984496124,
    "140K": 0.007751937984496124,
    "190E": 0.006782945736434108,
    "223I": 0.006782945736434108,
    "220S": 0.005813953488372093,
    "142G": 0.005813953488372093,
    "96S": 0.005813953488372093,
    "188Y": 0.005813953488372093,
    "248I": 0.005813953488372093,
    "279Y": 0.005813953488372093,
    "186A": 0.005813953488372093,
    "186I": 0.0048449612403100775,
    "227Y": 0.0048449612403100775,
    "194V": 0.0048449612403100775,
    "263R": 0.0048449612403100775,
    "186G": 0.0048449612403100775,
    "25V": 0.0048449612403100775,
    "106V": 0.0048449612403100775,
    "194M": 0.0048449612403100775,
    "190I": 0.0048449612403100775,
    "186Y": 0.0048449612403100775,
    "229G": 0.003875968992248062,
    "299K": 0.003875968992248062,
    "94H": 0.003875968992248062,
    "309I": 0.003875968992248062,
    "78S": 0.003875968992248062,
    "6D": 0.003875968992248062,
    "188N": 0.003875968992248062,
    "225D": 0.003875968992248062,
    "226N": 0.003875968992248062,
    "193S": 0.003875968992248062,
    "140M": 0.003875968992248062,
    "160A": 0.003875968992248062,
    "289S": 0.0029069767441860465,
    "141G": 0.0029069767441860465,
    "182I": 0.0029069767441860465,
    "122D": 0.0029069767441860465,
    "189Y": 0.0029069767441860465,
    "145K": 0.0029069767441860465,
    "195H": 0.0029069767441860465,
    "124N": 0.0029069767441860465,
    "226S": 0.0029069767441860465,
    "183F": 0.0029069767441860465,
    "226M": 0.0029069767441860465,
    "167A": 0.001937984496124031,
    "233H": 0.001937984496124031,
    "229I": 0.001937984496124031,
    "128A": 0.001937984496124031,
    "194T": 0.001937984496124031,
    "252L": 0.001937984496124031,
    "7G": 0.001937984496124031,
    "45N": 0.001937984496124031,
    "193N": 0.001937984496124031,
    "128N": 0.001937984496124031,
    "328I": 0.001937984496124031,
    "57H": 0.001937984496124031,
    "291G": 0.001937984496124031,
    "25M": 0.001937984496124031,
    "204I": 0.001937984496124031,
    "214V": 0.001937984496124031,
    "50E": 0.001937984496124031,
    "124G": 0.001937984496124031,
    "150K": 0.001937984496124031,
    "193Y": 0.001937984496124031,
    "304P": 0.001937984496124031,
    "157S": 0.001937984496124031,
    "3I": 0.001937984496124031,
    "159S": 0.001937984496124031,
    "53N": 0.001937984496124031,
    "173K": 0.001937984496124031,
    "214T": 0.001937984496124031,
    "248K": 0.001937984496124031,
    "140R": 0.001937984496124031,
    "226T": 0.001937984496124031,
    "9N": 0.001937984496124031,
    "227H": 0.001937984496124031,
    "62K": 0.001937984496124031,
    "190S": 0.001937984496124031,
    "160R": 0.001937984496124031,
    "190A": 0.001937984496124031,
    "137R": 0.001937984496124031,
    "193F": 0.001937984496124031,
    "190T": 0.001937984496124031,
    "83G": 0.001937984496124031,
    "197R": 0.001937984496124031,
    "228G": 0.001937984496124031,
    "274V": 0.0009689922480620155,
    "229K": 0.0009689922480620155,
    "131T": 0.0009689922480620155,
    "157P": 0.0009689922480620155,
    "268L": 0.0009689922480620155,
    "182F": 0.0009689922480620155,
    "138V": 0.0009689922480620155,
    "140Q": 0.0009689922480620155,
    "57Q": 0.0009689922480620155,
    "158E": 0.0009689922480620155,
    "276R": 0.0009689922480620155,
    "280K": 0.0009689922480620155,
    "192I": 0.0009689922480620155,
    "4S": 0.0009689922480620155,
    "238R": 0.0009689922480620155,
    "220K": 0.0009689922480620155,
    "221H": 0.0009689922480620155,
    "144T": 0.0009689922480620155,
    "265G": 0.0009689922480620155,
    "122S": 0.0009689922480620155,
    "189N": 0.0009689922480620155,
    "141K": 0.0009689922480620155,
    "48A": 0.0009689922480620155,
    "50K": 0.0009689922480620155,
    "163S": 0.0009689922480620155,
    "312K": 0.0009689922480620155,
    "81D": 0.0009689922480620155,
    "25L": 0.0009689922480620155,
    "307I": 0.0009689922480620155,
    "160H": 0.0009689922480620155,
    "21S": 0.0009689922480620155,
    "69V": 0.0009689922480620155,
    "103S": 0.0009689922480620155,
    "29F": 0.0009689922480620155,
    "201K": 0.0009689922480620155,
    "226A": 0.0009689922480620155,
    "226V": 0.0009689922480620155,
    "239Q": 0.0009689922480620155,
    "212I": 0.0009689922480620155,
    "307K": 0.0009689922480620155,
    "145S": 0.0009689922480620155,
    "190D": 0.0009689922480620155,
    "18Y": 0.0009689922480620155,
    "189S": 0.0009689922480620155,
    "323I": 0.0009689922480620155,
    "233F": 0.0009689922480620155,
    "165K": 0.0009689922480620155,
    "6N": 0.0009689922480620155,
    "208I": 0.0009689922480620155,
    "9R": 0.0009689922480620155,
    "53G": 0.0009689922480620155,
    "30M": 0.0009689922480620155,
    "169T": 0.0009689922480620155,
    "161S": 0.0009689922480620155,
    "147L": 0.0009689922480620155,
    "283A": 0.0009689922480620155,
    "293S": 0.0009689922480620155,
    "241E": 0.0009689922480620155,
    "269K": 0.0009689922480620155,
    "79L": 0.0009689922480620155,
    "290T": 0.0009689922480620155,
    "62G": 0.0009689922480620155,
    "209G": 0.0009689922480620155,
    "261Q": 0.0009689922480620155,
    "98F": 0.0009689922480620155,
    "264N": 0.0009689922480620155,
    "144S": 0.0009689922480620155,
    "10A": 0.0009689922480620155,
    "144K": 0.0009689922480620155,
    "186E": 0.0009689922480620155,
    "1K": 0.0009689922480620155,
    "216S": 0.0009689922480620155,
    "312N": 0.0009689922480620155,
    "57K": 0.0009689922480620155,
    "262N": 0.0009689922480620155,
    "175N": 0.0009689922480620155,
    "49D": 0.0009689922480620155,
    "167S": 0.0009689922480620155,
    "261R": 0.0009689922480620155,
    "201G": 0.0009689922480620155,
    "88I": 0.0009689922480620155,
    "161H": 0.0009689922480620155,
    "312R": 0.0009689922480620155,
    "198P": 0.0009689922480620155,
    "164V": 0.0009689922480620155,
    "161F": 0.0009689922480620155,
    "264E": 0.0009689922480620155,
    "242V": 0.0009689922480620155,
    "133S": 0.0009689922480620155,
    "149G": 0.0009689922480620155,
    "261L": 0.0009689922480620155,
    "75H": 0.0009689922480620155,
    "131N": 0.0009689922480620155,
    "78D": 0.0009689922480620155,
    "144H": 0.0009689922480620155,
    "150I": 0.0009689922480620155,
    "159D": 0.0009689922480620155,
    "197Q": 0.0009689922480620155,
    "144G": 0.0009689922480620155,
    "58V": 0.0009689922480620155,
    "56Y": 0.0009689922480620155,
    "223R": 0.0009689922480620155,
    "107P": 0.0009689922480620155,
    "185S": 0.0009689922480620155,
    "46P": 0.0009689922480620155,
    "280G": 0.0009689922480620155,
    "230M": 0.0009689922480620155,
    "129W": 0.0009689922480620155,
    "4H": 0.0009689922480620155,
    "103Q": 0.0009689922480620155,
    "63S": 0.0009689922480620155,
    "239S": 0.0009689922480620155,