{
  "total_num_egg_strains": 622,
  "percent_w_eggmut_in_gene": 0.1624,
  "egg_mut_freqs": {
    "609I": 0.006430868167202572,
    "130N": 0.00482315112540193,
    "352T": 0.00482315112540193,
    "415N": 0.00482315112540193,
    "313H": 0.003215434083601286,
    "399M": 0.003215434083601286,
    "379I": 0.003215434083601286,
    "304A": 0.003215434083601286,
    "315I": 0.003215434083601286,
    "720M": 0.003215434083601286,
    "248L": 0.003215434083601286,
    "625I": 0.003215434083601286,
    "529N": 0.003215434083601286,
    "723M": 0.001607717041800643,
    "353N": 0.001607717041800643,
    "44I": 0.001607717041800643,
    "345S": 0.001607717041800643,
    "489T": 0.001607717041800643,
    "617L": 0.001607717041800643,
    "203E": 0.001607717041800643,
    "263K": 0.001607717041800643,
    "273G": 0.001607717041800643,
    "396R": 0.001607717041800643,
    "530P": 0.001607717041800643,
    "329G": 0.001607717041800643,
    "516I": 0.001607717041800643,
    "352K": 0.001607717041800643,
    "312R": 0.001607717041800643,
    "156S": 0.001607717041800643,
    "387Y": 0.001607717041800643,
    "642K": 0.001607717041800643,
    "643D": 0.001607717041800643,
    "644N": 0.001607717041800643,
    "451T": 0.001607717041800643,
    "584V": 0.001607717041800643,
    "625A": 0.001607717041800643,
    "393T": 0.001607717041800643,
    "475R": 0.001607717041800643,
    "123V": 0.001607717041800643,
    "360Y": 0.001607717041800643,
    "542S": 0.001607717041800643,
    "607N": 0.001607717041800643,
    "228G": 0.001607717041800643,
    "586S": 0.001607717041800643,
    "96S": 0.001607717041800643,
    "686V": 0.001607717041800643,
    "218S": 0.001607717041800643,
    "436N": 0.001607717041800643,
    "530L": 0.001607717041800643,
    "87V": 0.001607717041800643,
    "488G": 0.001607717041800643,
    "356I": 0.001607717041800643,
    "588I": 0.001607717041800643,
    "298R": 0.001607717041800643,
    "397Y": 0.001607717041800643,
    "673S": 0.001607717041800643,
    "446T": 0.001607717041800643,
    "723I": 0.001607717041800643,
    "47A": 0.001607717041800643,
    "665V": 0.001607717041800643,
    "330R": 0.001607717041800643,
    "381M": 0.001607717041800643,
    "486I": 0.001607717041800643,
    "203N": 0.001607717041800643,
    "605N": 0.001607717041800643,
    "233V": 0.001607717041800643,
    "720L": 0.001607717041800643,
    "424V": 0.001607717041800643,
    "326I": 0.001607717041800643,
    "222D": 0.001607717041800643,
    "329K": 0.001607717041800643,
    "594V": 0.001607717041800643,
    "446V": 0.001607717041800643,
    "612S": 0.001607717041800643,
    "714N": 0.001607717041800643,
    "47L": 0.001607717041800643,
    "485I": 0.001607717041800643,
    "87T": 0.001607717041800643,
    "60T": 0.001607717041800643,
    "349S": 0.001607717041800643,
    "720I": 0.001607717041800643,
    "357K": 0.001607717041800643,
    "489E": 0.001607717041800643,
    "252V": 0.001607717041800643,
    "440R": 0.001607717041800643,
    "357R": 0.001607717041800643,
    "395K": 0.001607717041800643,
    "523G": 0.001607717041800643,
    "623R": 0.001607717041800643,
    "268Q": 0.001607717041800643,
    "711R": 0.001607717041800643,
    "320I": 0.001607717041800643,
    "708D": 0.001607717041800643,
    "47I": 0.001607717041800643,
    "443I": 0.001607717041800643,
    "418T": 0.001607717041800643,
    "531R": 0.001607717041800643,
    "159D": 0.001607717041800643,
    "456V": 0.001607717041800643,
    "228S": 0.001607717041800643,
    "239V": 0.001607717041800643,
    "34V": 0.001607717041800643,
    "548R": 0.001607717041800643
  },
  "egg_muts_above_1percent": {},
  "egg_muts_above_2_5percent": {},
  "egg_muts_above_5percent": {},
  "percent_w_higherfreq_eggmut_in_gene_01": 0.0,
  "percent_w_higherfreq_eggmut_in_gene_025": 0.0,
  "percent_w_higherfreq_eggmut_in_gene_05": 0.0,
  "mutated_sites_freqs": {
    "352": 0.006430868167202572,
    "720": 0.006430868167202572,
    "609": 0.006430868167202572,
    "130": 0.00482315112540193,
    "625": 0.00482315112540193,
    "47": 0.00482315112540193,
    "415": 0.00482315112540193,
    "313": 0.003215434083601286,
    "723": 0.003215434083601286,
    "489": 0.003215434083601286,
    "203": 0.003215434083601286,
    "399": 0.003215434083601286,
    "530": 0.003215434083601286,
    "379": 0.003215434083601286,
    "329": 0.003215434083601286,
    "304": 0.003215434083601286,
    "315": 0.003215434083601286,
    "228": 0.003215434083601286,
    "87": 0.003215434083601286,
    "446": 0.003215434083601286,
    "248": 0.003215434083601286,
    "357": 0.003215434083601286,
    "529": 0.003215434083601286,
    "353": 0.001607717041800643,
    "44": 0.001607717041800643,
    "345": 0.001607717041800643,
    "617": 0.001607717041800643,
    "263": 0.001607717041800643,
    "273": 0.001607717041800643,
    "396": 0.001607717041800643,
    "516": 0.001607717041800643,
    "312": 0.001607717041800643,
    "156": 0.001607717041800643,
    "387": 0.001607717041800643,
    "642": 0.001607717041800643,
    "643": 0.001607717041800643,
    "644": 0.001607717041800643,
    "451": 0.001607717041800643,
    "584": 0.001607717041800643,
    "393": 0.001607717041800643,
    "475": 0.001607717041800643,
    "123": 0.001607717041800643,
    "360": 0.001607717041800643,
    "542": 0.001607717041800643,
    "607": 0.001607717041800643,
    "586": 0.001607717041800643,
    "96": 0.001607717041800643,
    "686": 0.001607717041800643,
    "218": 0.001607717041800643,
    "436": 0.001607717041800643,
    "488": 0.001607717041800643,
    "356": 0.001607717041800643,
    "588": 0.001607717041800643,
    "298": 0.001607717041800643,
    "397": 0.001607717041800643,
    "673": 0.001607717041800643,
    "665": 0.001607717041800643,
    "330": 0.001607717041800643,
    "381": 0.001607717041800643,
    "486": 0.001607717041800643,
    "605": 0.001607717041800643,
    "233": 0.001607717041800643,
    "424": 0.001607717041800643,
    "326": 0.001607717041800643,
    "222": 0.001607717041800643,
    "594": 0.001607717041800643,
    "612": 0.001607717041800643,
    "714": 0.001607717041800643,
    "485": 0.001607717041800643,
    "60": 0.001607717041800643,
    "349": 0.001607717041800643,
    "252": 0.001607717041800643,
    "440": 0.001607717041800643,
    "395": 0.001607717041800643,
    "523": 0.001607717041800643,
    "623": 0.001607717041800643,
    "268": 0.001607717041800643,
    "711": 0.001607717041800643,
    "320": 0.001607717041800643,
    "708": 0.001607717041800643,
    "443": 0.001607717041800643,
    "418": 0.001607717041800643,
    "531": 0.001607717041800643,
    "159": 0.001607717041800643,
    "456": 0.001607717041800643,
    "239": 0.001607717041800643,
    "34": 0.001607717041800643,
    "548": 0.001607717041800643
  },
  "sites_mutated_above_1percent": {},
  "sites_mutated_above_2_5percent": {},
  "sites_mutated_above_5percent": {}
}