{
  "total_num_egg_strains": 1278,
  "percent_w_eggmut_in_gene": 0.3803,
  "egg_mut_freqs": {
    "198I": 0.07511737089201878,
    "196S": 0.050078247261345854,
    "198A": 0.036776212832550864,
    "196D": 0.027386541471048513,
    "141R": 0.025039123630672927,
    "198N": 0.024256651017214397,
    "196K": 0.01486697965571205,
    "245V": 0.008607198748043818,
    "196T": 0.007042253521126761,
    "196I": 0.005477308294209703,
    "197K": 0.004694835680751174,
    "117I": 0.004694835680751174,
    "146I": 0.003912363067292645,
    "196H": 0.003912363067292645,
    "97M": 0.003912363067292645,
    "189I": 0.003912363067292645,
    "220I": 0.003912363067292645,
    "128K": 0.003912363067292645,
    "211R": 0.003129890453834116,
    "198P": 0.003129890453834116,
    "196Y": 0.003129890453834116,
    "344R": 0.003129890453834116,
    "171S": 0.003129890453834116,
    "172S": 0.003129890453834116,
    "183K": 0.003129890453834116,
    "219M": 0.002347417840375587,
    "275T": 0.002347417840375587,
    "198S": 0.002347417840375587,
    "154T": 0.002347417840375587,
    "127T": 0.002347417840375587,
    "146V": 0.002347417840375587,
    "87I": 0.002347417840375587,
    "257P": 0.002347417840375587,
    "104V": 0.001564945226917058,
    "174V": 0.001564945226917058,
    "88K": 0.001564945226917058,
    "201V": 0.001564945226917058,
    "278K": 0.001564945226917058,
    "121N": 0.001564945226917058,
    "80K": 0.001564945226917058,
    "217D": 0.001564945226917058,
    "150H": 0.001564945226917058,
    "85Y": 0.001564945226917058,
    "254T": 0.001564945226917058,
    "176I": 0.001564945226917058,
    "317V": 0.001564945226917058,
    "121I": 0.001564945226917058,
    "15I": 0.001564945226917058,
    "29A": 0.001564945226917058,
    "126K": 0.001564945226917058,
    "11D": 0.001564945226917058,
    "251M": 0.001564945226917058,
    "268F": 0.001564945226917058,
    "169I": 0.001564945226917058,
    "166R": 0.001564945226917058,
    "278R": 0.001564945226917058,
    "196E": 0.001564945226917058,
    "58Q": 0.001564945226917058,
    "127I": 0.001564945226917058,
    "162K": 0.001564945226917058,
    "163N": 0.001564945226917058,
    "261I": 0.001564945226917058,
    "237E": 0.000782472613458529,
    "187L": 0.000782472613458529,
    "5A": 0.000782472613458529,
    "197G": 0.000782472613458529,
    "255R": 0.000782472613458529,
    "134S": 0.000782472613458529,
    "44I": 0.000782472613458529,
    "136R": 0.000782472613458529,
    "137V": 0.000782472613458529,
    "174M": 0.000782472613458529,
    "178C": 0.000782472613458529,
    "285Y": 0.000782472613458529,
    "76V": 0.000782472613458529,
    "164D": 0.000782472613458529,
    "215F": 0.000782472613458529,
    "100N": 0.000782472613458529,
    "342I": 0.000782472613458529,
    "58S": 0.000782472613458529,
    "188A": 0.000782472613458529,
    "190C": 0.000782472613458529,
    "201K": 0.000782472613458529,
    "164R": 0.000782472613458529,
    "28C": 0.000782472613458529,
    "74E": 0.000782472613458529,
    "280R": 0.000782472613458529,
    "11K": 0.000782472613458529,
    "25S": 0.000782472613458529,
    "118K": 0.000782472613458529,
    "15V": 0.000782472613458529,
    "161Q": 0.000782472613458529,
    "232K": 0.000782472613458529,
    "255E": 0.000782472613458529,
    "129K": 0.000782472613458529,
    "306R": 0.000782472613458529,
    "43S": 0.000782472613458529,
    "217S": 0.000782472613458529,
    "58F": 0.000782472613458529,
    "240L": 0.000782472613458529,
    "322T": 0.000782472613458529,
    "118G": 0.000782472613458529,
    "123S": 0.000782472613458529,
    "164I": 0.000782472613458529,
    "285T": 0.000782472613458529,
    "201T": 0.000782472613458529,
    "247A": 0.000782472613458529,
    "148S": 0.000782472613458529,
    "316T": 0.000782472613458529,
    "149R": 0.000782472613458529,
    "38R": 0.000782472613458529,
    "179V": 0.000782472613458529,
    "123K": 0.000782472613458529,
    "168E": 0.000782472613458529,
    "183R": 0.000782472613458529,
    "75T": 0.000782472613458529,
    "81I": 0.000782472613458529,
    "129Y": 0.000782472613458529,
    "52N": 0.000782472613458529,
    "178H": 0.000782472613458529,
    "170S": 0.000782472613458529,
    "245L": 0.000782472613458529,
    "182K": 0.000782472613458529,
    "201S": 0.000782472613458529,
    "58I": 0.000782472613458529,
    "331V": 0.000782472613458529,
    "11S": 0.000782472613458529,
    "234I": 0.000782472613458529,
    "103Q": 0.000782472613458529,
    "95Y": 0.000782472613458529,
    "329N": 0.000782472613458529,
    "139N": 0.000782472613458529,
    "56E": 0.000782472613458529,
    "181A": 0.000782472613458529,
    "121A": 0.000782472613458529,
    "270R": 0.000782472613458529,
    "168T": 0.000782472613458529,
    "34I": 0.000782472613458529,
    "128G": 0.000782472613458529,
    "113V": 0.000782472613458529,
    "275S": 0.000782472613458529,
    "31S": 0.000782472613458529,
    "141W": 0.000782472613458529,
    "232H": 0.000782472613458529,
    "75E": 0.000782472613458529,
    "181I": 0.000782472613458529,
    "229S": 0.000782472613458529,
    "116N": 0.000782472613458529,
    "154E": 0.000782472613458529,
    "80G": 0.000782472613458529,
    "66T": 0.000782472613458529
  },
  "egg_muts_above_1percent": {
    "198I": 0.0751,
    "196S": 0.0501,
    "198A": 0.0368,
    "196D": 0.0274,
    "141R": 0.025,
    "198N": 0.0243,
    "196K": 0.0149
  },
  "egg_muts_above_2_5percent": {
    "198I": 0.0751,
    "196S": 0.0501,
    "198A": 0.0368,
    "196D": 0.0274,
    "141R": 0.025
  },
  "egg_muts_above_5percent": {
    "198I": 0.0751,
    "196S": 0.0501
  },
  "percent_w_higherfreq_eggmut_in_gene_01": 0.2535,
  "percent_w_higherfreq_eggmut_in_gene_025": 0.2144,
  "percent_w_higherfreq_eggmut_in_gene_05": 0.1252,
  "mutated_sites_freqs": {
    "198": 0.14162754303599373,
    "196": 0.1134585289514867,
    "141": 0.025821596244131457,
    "245": 0.009389671361502348,
    "146": 0.006259780907668232,
    "197": 0.005477308294209703,
    "128": 0.004694835680751174,
    "117": 0.004694835680751174,
    "201": 0.003912363067292645,
    "58": 0.003912363067292645,
    "121": 0.003912363067292645,
    "97": 0.003912363067292645,
    "189": 0.003912363067292645,
    "220": 0.003912363067292645,
    "127": 0.003912363067292645,
    "183": 0.003912363067292645,
    "211": 0.003129890453834116,
    "278": 0.003129890453834116,
    "11": 0.003129890453834116,
    "275": 0.003129890453834116,
    "344": 0.003129890453834116,
    "154": 0.003129890453834116,
    "171": 0.003129890453834116,
    "172": 0.003129890453834116,
    "174": 0.002347417840375587,
    "164": 0.002347417840375587,
    "219": 0.002347417840375587,
    "15": 0.002347417840375587,
    "80": 0.002347417840375587,
    "217": 0.002347417840375587,
    "87": 0.002347417840375587,
    "257": 0.002347417840375587,
    "104": 0.001564945226917058,
    "255": 0.001564945226917058,
    "88": 0.001564945226917058,
    "178": 0.001564945226917058,
    "285": 0.001564945226917058,
    "118": 0.001564945226917058,
    "232": 0.001564945226917058,
    "129": 0.001564945226917058,
    "150": 0.001564945226917058,
    "85": 0.001564945226917058,
    "123": 0.001564945226917058,
    "254": 0.001564945226917058,
    "176": 0.001564945226917058,
    "317": 0.001564945226917058,
    "168": 0.001564945226917058,
    "75": 0.001564945226917058,
    "29": 0.001564945226917058,
    "126": 0.001564945226917058,
    "251": 0.001564945226917058,
    "268": 0.001564945226917058,
    "169": 0.001564945226917058,
    "166": 0.001564945226917058,
    "181": 0.001564945226917058,
    "162": 0.001564945226917058,
    "163": 0.001564945226917058,
    "261": 0.001564945226917058,
    "237": 0.000782472613458529,
    "187": 0.000782472613458529,
    "5": 0.000782472613458529,
    "134": 0.000782472613458529,
    "44": 0.000782472613458529,
    "136": 0.000782472613458529,
    "137": 0.000782472613458529,
    "76": 0.000782472613458529,
    "215": 0.000782472613458529,
    "100": 0.000782472613458529,