{
  "total_num_egg_strains": 1201,
  "percent_w_eggmut_in_gene": 0.259,
  "egg_mut_freqs": {
    "122W": 0.00832639467110741,
    "73F": 0.006661115736885929,
    "303I": 0.005828476269775187,
    "76S": 0.004995836802664446,
    "395V": 0.004163197335553705,
    "71L": 0.004163197335553705,
    "42S": 0.004163197335553705,
    "219S": 0.004163197335553705,
    "343E": 0.004163197335553705,
    "148E": 0.0033305578684429643,
    "391N": 0.0033305578684429643,
    "378E": 0.0033305578684429643,
    "36V": 0.0033305578684429643,
    "79K": 0.0033305578684429643,
    "283N": 0.0033305578684429643,
    "50I": 0.0033305578684429643,
    "390E": 0.0033305578684429643,
    "65H": 0.0033305578684429643,
    "35G": 0.0033305578684429643,
    "65L": 0.0033305578684429643,
    "27L": 0.002497918401332223,
    "6T": 0.002497918401332223,
    "72I": 0.002497918401332223,
    "248I": 0.002497918401332223,
    "433D": 0.002497918401332223,
    "191V": 0.002497918401332223,
    "240V": 0.002497918401332223,
    "455I": 0.002497918401332223,
    "117G": 0.002497918401332223,
    "118T": 0.002497918401332223,
    "54Y": 0.002497918401332223,
    "42L": 0.002497918401332223,
    "419R": 0.002497918401332223,
    "399I": 0.002497918401332223,
    "73P": 0.002497918401332223,
    "303A": 0.002497918401332223,
    "193I": 0.002497918401332223,
    "233K": 0.002497918401332223,
    "384D": 0.002497918401332223,
    "60F": 0.002497918401332223,
    "416R": 0.002497918401332223,
    "78R": 0.002497918401332223,
    "397N": 0.002497918401332223,
    "8M": 0.002497918401332223,
    "371N": 0.002497918401332223,
    "295K": 0.002497918401332223,
    "358R": 0.002497918401332223,
    "40L": 0.0016652789342214821,
    "329D": 0.0016652789342214821,
    "152R": 0.0016652789342214821,
    "50V": 0.0016652789342214821,
    "159A": 0.0016652789342214821,
    "171M": 0.0016652789342214821,
    "338D": 0.0016652789342214821,
    "49I": 0.0016652789342214821,
    "67T": 0.0016652789342214821,
    "309I": 0.0016652789342214821,
    "382R": 0.0016652789342214821,
    "71G": 0.0016652789342214821,
    "336L": 0.0016652789342214821,
    "219K": 0.0016652789342214821,
    "75F": 0.0016652789342214821,
    "45M": 0.0016652789342214821,
    "106A": 0.0016652789342214821,
    "384N": 0.0016652789342214821,
    "115T": 0.0016652789342214821,
    "52S": 0.0016652789342214821,
    "262V": 0.0016652789342214821,
    "65S": 0.0016652789342214821,
    "348V": 0.0016652789342214821,
    "12L": 0.0016652789342214821,
    "48S": 0.0016652789342214821,
    "45T": 0.0016652789342214821,
    "449V": 0.0016652789342214821,
    "70E": 0.0016652789342214821,
    "262T": 0.0016652789342214821,
    "106I": 0.0016652789342214821,
    "460A": 0.0016652789342214821,
    "71M": 0.0016652789342214821,
    "74P": 0.0016652789342214821,
    "271I": 0.0016652789342214821,
    "386N": 0.0016652789342214821,
    "325N": 0.0016652789342214821,
    "320N": 0.0016652789342214821,
    "399A": 0.0016652789342214821,
    "306S": 0.0016652789342214821,
    "295S": 0.0016652789342214821,
    "160E": 0.0016652789342214821,
    "359S": 0.0016652789342214821,
    "372N": 0.0016652789342214821,
    "360R": 0.0016652789342214821,
    "26V": 0.0016652789342214821,
    "422I": 0.0016652789342214821,
    "44G": 0.0016652789342214821,
    "342N": 0.0016652789342214821,
    "201V": 0.0016652789342214821,
    "59N": 0.0016652789342214821,
    "153M": 0.0016652789342214821,
    "39R": 0.0008326394671107411,
    "287L": 0.0008326394671107411,
    "464I": 0.0008326394671107411,
    "60A": 0.0008326394671107411,
    "89V": 0.0008326394671107411,
    "53G": 0.0008326394671107411,
    "269V": 0.0008326394671107411,
    "285E": 0.0008326394671107411,
    "389T": 0.0008326394671107411,
    "40S": 0.0008326394671107411,
    "160R": 0.0008326394671107411,
    "432G": 0.0008326394671107411,
    "123E": 0.0008326394671107411,
    "260Q": 0.0008326394671107411,
    "146I": 0.0008326394671107411,
    "132I": 0.0008326394671107411,
    "49A": 0.0008326394671107411,
    "46I": 0.0008326394671107411,
    "463N": 0.0008326394671107411,
    "336T": 0.0008326394671107411,
    "402P": 0.0008326394671107411,
    "63A": 0.0008326394671107411,
    "169T": 0.0008326394671107411,
    "454M": 0.0008326394671107411,
    "358T": 0.0008326394671107411,
    "163R": 0.0008326394671107411,
    "466M": 0.0008326394671107411,
    "215N": 0.0008326394671107411,
    "116W": 0.0008326394671107411,
    "295G": 0.0008326394671107411,
    "221L": 0.0008326394671107411,
    "120V": 0.0008326394671107411,
    "199D": 0.0008326394671107411,
    "75R": 0.0008326394671107411,
    "168D": 0.0008326394671107411,
    "342E": 0.0008326394671107411,
    "233E": 0.0008326394671107411,
    "419E": 0.0008326394671107411,
    "196T": 0.0008326394671107411,
    "361V": 0.0008326394671107411,
    "51Q": 0.0008326394671107411,
    "107N": 0.0008326394671107411,
    "133N": 0.0008326394671107411,
    "436G": 0.0008326394671107411,
    "369V": 0.0008326394671107411,
    "233R": 0.0008326394671107411,
    "464V": 0.0008326394671107411,
    "59D": 0.0008326394671107411,
    "134Q": 0.0008326394671107411,
    "427M": 0.0008326394671107411,
    "77K": 0.0008326394671107411,
    "196H": 0.0008326394671107411,
    "55S": 0.0008326394671107411,
    "401A": 0.0008326394671107411,
    "397I": 0.0008326394671107411,
    "43A": 0.0008326394671107411,
    "183Y": 0.0008326394671107411,
    "215Y": 0.0008326394671107411,
    "392G": 0.0008326394671107411,
    "273Q": 0.0008326394671107411,
    "436D": 0.0008326394671107411,
    "107E": 0.0008326394671107411,
    "160N": 0.0008326394671107411,
    "57V": 0.0008326394671107411,
    "359F": 0.0008326394671107411,
    "10I": 0.0008326394671107411,
    "437A": 0.0008326394671107411,
    "395F": 0.0008326394671107411,
    "263R": 0.0008326394671107411,
    "346R": 0.0008326394671107411,
    "109H": 0.0008326394671107411,
    "71P": 0.0008326394671107411,
    "126G": 0.0008326394671107411,
    "268I": 0.0008326394671107411,
    "230S": 0.0008326394671107411,
    "348T": 0.0008326394671107411,
    "13F": 0.0008326394671107411,
    "66F": 0.0008326394671107411,
    "262M": 0.0008326394671107411,
    "393D": 0.0008326394671107411,
    "186N": 0.0008326394671107411,
    "88L": 0.0008326394671107411,
    "8K": 0.0008326394671107411,
    "78L": 0.0008326394671107411,
    "190F": 0.0008326394671107411,
    "262L": 0.0008326394671107411,
    "51L": 0.0008326394671107411,
    "342G": 0.0008326394671107411,
    "68I": 0.0008326394671107411,
    "284D": 0.0008326394671107411,
    "334A": 0.0008326394671107411,
    "161M": 0.0008326394671107411,
    "84H": 0.0008326394671107411,
    "51S": 0.0008326394671107411,
    "21L": 0.0008326394671107411,
    "358E": 0.0008326394671107411,
    "171V": 0.0008326394671107411,
    "463E": 0.0008326394671107411,
    "82H": 0.0008326394671107411,
    "59K": 0.0008326394671107411,
    "2P": 0.0008326394671107411,
    "65C": 0.0008326394671107411,
    "258K": 0.0008326394671107411,
    "5N": 0.0008326394671107411,
    "72S": 0.0008326394671107411,
    "97I": 0.0008326394671107411,
    "38P": 0.0008326394671107411,
    "186R": 0.0008326394671107411,
    "59G": 0.0008326394671107411,
    "345N": 0.0008326394671107411,
    "345I": 0.0008326394671107411,
    "215R": 0.0008326394671107411,
    "315K": 0.0008326394671107411,
    "233G": 0.0008326394671107411,
    "329S": 0.0008326394671107411,
    "57T": 0.0008326394671107411,
    "197N": 0.0008326394671107411,
    "199K": 0.0008326394671107411,
    "271L": 0.0008326394671107411,
    "189I": 0.0008326394671107411,
    "124L": 0.0008326394671107411,
    "115M": 0.0008326394671107411,
    "62T": 0.0008326394671107411,
    "268A": 0.0008326394671107411,
    "235I": 0.0008326394671107411,
    "209V": 0.0008326394671107411,
    "283G": 0.0008326394671107411,
    "444V": 0.0008326394671107411,
    "141E": 0.0008326394671107411,
    "329K": 0.0008326394671107411,
    "35N": 0.0008326394671107411,