{
  "total_num_egg_strains": 434,
  "percent_w_eggmut_in_gene": 0.2604,
  "egg_mut_freqs": {
    "35G": 0.01152073732718894,
    "339F": 0.009216589861751152,
    "240V": 0.0069124423963133645,
    "399A": 0.0069124423963133645,
    "44K": 0.0069124423963133645,
    "50I": 0.0069124423963133645,
    "464I": 0.0069124423963133645,
    "221T": 0.0069124423963133645,
    "247E": 0.004608294930875576,
    "45T": 0.004608294930875576,
    "65C": 0.004608294930875576,
    "401I": 0.004608294930875576,
    "57E": 0.004608294930875576,
    "369I": 0.004608294930875576,
    "118T": 0.004608294930875576,
    "54Y": 0.004608294930875576,
    "235N": 0.004608294930875576,
    "287L": 0.004608294930875576,
    "194E": 0.004608294930875576,
    "248T": 0.004608294930875576,
    "78Q": 0.004608294930875576,
    "75F": 0.004608294930875576,
    "42Q": 0.004608294930875576,
    "60I": 0.004608294930875576,
    "71G": 0.004608294930875576,
    "160T": 0.002304147465437788,
    "49A": 0.002304147465437788,
    "40L": 0.002304147465437788,
    "436G": 0.002304147465437788,
    "42P": 0.002304147465437788,
    "389I": 0.002304147465437788,
    "65S": 0.002304147465437788,
    "315K": 0.002304147465437788,
    "329N": 0.002304147465437788,
    "54H": 0.002304147465437788,
    "346E": 0.002304147465437788,
    "141E": 0.002304147465437788,
    "48Q": 0.002304147465437788,
    "49K": 0.002304147465437788,
    "284Y": 0.002304147465437788,
    "81I": 0.002304147465437788,
    "117G": 0.002304147465437788,
    "122W": 0.002304147465437788,
    "358K": 0.002304147465437788,
    "397N": 0.002304147465437788,
    "340D": 0.002304147465437788,
    "343R": 0.002304147465437788,
    "444T": 0.002304147465437788,
    "62T": 0.002304147465437788,
    "197N": 0.002304147465437788,
    "308G": 0.002304147465437788,
    "436E": 0.002304147465437788,
    "112S": 0.002304147465437788,
    "295N": 0.002304147465437788,
    "75P": 0.002304147465437788,
    "198N": 0.002304147465437788,
    "42K": 0.002304147465437788,
    "68V": 0.002304147465437788,
    "56D": 0.002304147465437788,
    "346R": 0.002304147465437788,
    "70E": 0.002304147465437788,
    "109S": 0.002304147465437788,
    "6M": 0.002304147465437788,
    "338G": 0.002304147465437788,
    "49V": 0.002304147465437788,
    "51S": 0.002304147465437788,
    "311A": 0.002304147465437788,
    "452R": 0.002304147465437788,
    "290V": 0.002304147465437788,
    "187K": 0.002304147465437788,
    "215Y": 0.002304147465437788,
    "373R": 0.002304147465437788,
    "18M": 0.002304147465437788,
    "73F": 0.002304147465437788,
    "46I": 0.002304147465437788,
    "436K": 0.002304147465437788,
    "121C": 0.002304147465437788,
    "459G": 0.002304147465437788,
    "73P": 0.002304147465437788,
    "384N": 0.002304147465437788,
    "419R": 0.002304147465437788,
    "160R": 0.002304147465437788,
    "125R": 0.002304147465437788,
    "204V": 0.002304147465437788,
    "457N": 0.002304147465437788,
    "459A": 0.002304147465437788,
    "329D": 0.002304147465437788,
    "209V": 0.002304147465437788,
    "25A": 0.002304147465437788,
    "329K": 0.002304147465437788,
    "199D": 0.002304147465437788,
    "465I": 0.002304147465437788,
    "36M": 0.002304147465437788,
    "403I": 0.002304147465437788,
    "107R": 0.002304147465437788,
    "400L": 0.002304147465437788,
    "369V": 0.002304147465437788,
    "125T": 0.002304147465437788,
    "96I": 0.002304147465437788,
    "342E": 0.002304147465437788,
    "49M": 0.002304147465437788,
    "106A": 0.002304147465437788,
    "24M": 0.002304147465437788,
    "161M": 0.002304147465437788,
    "396H": 0.002304147465437788,
    "268A": 0.002304147465437788,
    "43A": 0.002304147465437788,
    "45I": 0.002304147465437788,
    "65L": 0.002304147465437788,
    "67V": 0.002304147465437788,
    "396P": 0.002304147465437788,
    "50T": 0.002304147465437788,
    "35N": 0.002304147465437788,
    "382R": 0.002304147465437788,
    "329S": 0.002304147465437788,
    "72A": 0.002304147465437788,
    "52M": 0.002304147465437788,
    "233R": 0.002304147465437788,
    "171V": 0.002304147465437788,
    "76S": 0.002304147465437788,
    "49I": 0.002304147465437788
  },
  "egg_muts_above_1percent": {
    "35G": 0.0115
  },
  "egg_muts_above_2_5percent": {},
  "egg_muts_above_5percent": {},
  "percent_w_higherfreq_eggmut_in_gene_01": 0.0115,
  "percent_w_higherfreq_eggmut_in_gene_025": 0.0,
  "percent_w_higherfreq_eggmut_in_gene_05": 0.0,
  "mutated_sites_freqs": {
    "35": 0.013824884792626729,
    "49": 0.01152073732718894,
    "42": 0.009216589861751152,
    "65": 0.009216589861751152,
    "339": 0.009216589861751152,
    "329": 0.009216589861751152,
    "50": 0.009216589861751152,
    "436": 0.0069124423963133645,
    "45": 0.0069124423963133645,
    "240": 0.0069124423963133645,
    "54": 0.0069124423963133645,
    "369": 0.0069124423963133645,
    "399": 0.0069124423963133645,
    "44": 0.0069124423963133645,
    "75": 0.0069124423963133645,
    "464": 0.0069124423963133645,
    "221": 0.0069124423963133645,
    "247": 0.004608294930875576,
    "160": 0.004608294930875576,
    "401": 0.004608294930875576,
    "346": 0.004608294930875576,
    "57": 0.004608294930875576,
    "118": 0.004608294930875576,
    "235": 0.004608294930875576,
    "287": 0.004608294930875576,
    "194": 0.004608294930875576,
    "248": 0.004608294930875576,
    "73": 0.004608294930875576,
    "78": 0.004608294930875576,
    "459": 0.004608294930875576,
    "125": 0.004608294930875576,
    "396": 0.004608294930875576,
    "60": 0.004608294930875576,
    "71": 0.004608294930875576,
    "40": 0.002304147465437788,
    "389": 0.002304147465437788,
    "315": 0.002304147465437788,
    "141": 0.002304147465437788,
    "48": 0.002304147465437788,
    "284": 0.002304147465437788,
    "81": 0.002304147465437788,
    "117": 0.002304147465437788,
    "122": 0.002304147465437788,
    "358": 0.002304147465437788,
    "397": 0.002304147465437788,
    "340": 0.002304147465437788,
    "343": 0.002304147465437788,
    "444": 0.002304147465437788,
    "62": 0.002304147465437788,
    "197": 0.002304147465437788,
    "308": 0.002304147465437788,
    "112": 0.002304147465437788,
    "295": 0.002304147465437788,
    "198": 0.002304147465437788,
    "68": 0.002304147465437788,
    "56": 0.002304147465437788,
    "70": 0.002304147465437788,
    "109": 0.002304147465437788,
    "6": 0.002304147465437788,
    "338": 0.002304147465437788,
    "51": 0.002304147465437788,
    "311": 0.002304147465437788,
    "452": 0.002304147465437788,
    "290": 0.002304147465437788,
    "187": 0.002304147465437788,
    "215": 0.002304147465437788,
    "373": 0.002304147465437788,
    "18": 0.002304147465437788,
    "46": 0.002304147465437788,
    "121": 0.002304147465437788,
    "384": 0.002304147465437788,
    "419": 0.002304147465437788,
    "204": 0.002304147465437788,
    "457": 0.002304147465437788,
    "209": 0.002304147465437788,
    "25": 0.002304147465437788,
    "199": 0.002304147465437788,
    "465": 0.002304147465437788,
    "36": 0.002304147465437788,
    "403": 0.002304147465437788,
    "107": 0.002304147465437788,
    "400": 0.002304147465437788,
    "96": 0.002304147465437788,
    "342": 0.002304147465437788,
    "106": 0.002304147465437788,
    "24": 0.002304147465437788,
    "161": 0.002304147465437788,
    "268": 0.002304147465437788,
    "43": 0.002304147465437788,
    "67": 0.002304147465437788,
    "382": 0.002304147465437788,
    "72": 0.002304147465437788,
    "52": 0.002304147465437788,
    "233": 0.002304147465437788,
    "171": 0.002304147465437788,
    "76": 0.002304147465437788
  },
  "sites_mutated_above_1percent": {
    "35": 0.0138,
    "49": 0.0115
  },
  "sites_mutated_above_2_5percent": {},
  "sites_mutated_above_5percent": {}
}