{
  "total_num_egg_strains": 570,
  "percent_w_eggmut_in_gene": 0.4825,
  "egg_mut_freqs": {
    "195D": 0.11754385964912281,
    "197I": 0.06491228070175438,
    "197A": 0.054385964912280704,
    "197N": 0.03508771929824561,
    "195S": 0.03333333333333333,
    "141R": 0.03333333333333333,
    "197P": 0.028070175438596492,
    "195K": 0.028070175438596492,
    "195H": 0.007017543859649123,
    "215T": 0.005263157894736842,
    "56K": 0.005263157894736842,
    "182R": 0.005263157894736842,
    "56T": 0.005263157894736842,
    "195Y": 0.005263157894736842,
    "270K": 0.005263157894736842,
    "198P": 0.005263157894736842,
    "58F": 0.005263157894736842,
    "216D": 0.0035087719298245615,
    "233A": 0.0035087719298245615,
    "127V": 0.0035087719298245615,
    "137I": 0.0035087719298245615,
    "218I": 0.0035087719298245615,
    "29A": 0.0035087719298245615,
    "233K": 0.0035087719298245615,
    "69I": 0.0035087719298245615,
    "210R": 0.0035087719298245615,
    "228N": 0.0035087719298245615,
    "180A": 0.0035087719298245615,
    "177H": 0.0017543859649122807,
    "180I": 0.0017543859649122807,
    "182G": 0.0017543859649122807,
    "188I": 0.0017543859649122807,
    "207S": 0.0017543859649122807,
    "56N": 0.0017543859649122807,
    "218V": 0.0017543859649122807,
    "5L": 0.0017543859649122807,
    "163N": 0.0017543859649122807,
    "124A": 0.0017543859649122807,
    "181G": 0.0017543859649122807,
    "195N": 0.0017543859649122807,
    "226V": 0.0017543859649122807,
    "340R": 0.0017543859649122807,
    "129E": 0.0017543859649122807,
    "254W": 0.0017543859649122807,
    "253T": 0.0017543859649122807,
    "162R": 0.0017543859649122807,
    "47S": 0.0017543859649122807,
    "131S": 0.0017543859649122807,
    "178I": 0.0017543859649122807,
    "342R": 0.0017543859649122807,
    "344G": 0.0017543859649122807,
    "236E": 0.0017543859649122807,
    "337L": 0.0017543859649122807,
    "198K": 0.0017543859649122807,
    "215V": 0.0017543859649122807,
    "214F": 0.0017543859649122807,
    "275R": 0.0017543859649122807,
    "88K": 0.0017543859649122807,
    "187A": 0.0017543859649122807,
    "87I": 0.0017543859649122807,
    "169D": 0.0017543859649122807,
    "228D": 0.0017543859649122807,
    "37I": 0.0017543859649122807,
    "250I": 0.0017543859649122807,
    "126N": 0.0017543859649122807,
    "52N": 0.0017543859649122807,
    "154T": 0.0017543859649122807,
    "340N": 0.0017543859649122807,
    "195T": 0.0017543859649122807,
    "85Y": 0.0017543859649122807,
    "150F": 0.0017543859649122807,
    "265I": 0.0017543859649122807,
    "90A": 0.0017543859649122807,
    "206L": 0.0017543859649122807,
    "40H": 0.0017543859649122807,
    "228G": 0.0017543859649122807,
    "154V": 0.0017543859649122807,
    "172K": 0.0017543859649122807,
    "173S": 0.0017543859649122807,
    "175F": 0.0017543859649122807,
    "176L": 0.0017543859649122807,
    "181R": 0.0017543859649122807,
    "113R": 0.0017543859649122807,
    "284A": 0.0017543859649122807,
    "328N": 0.0017543859649122807,
    "78P": 0.0017543859649122807,
    "325K": 0.0017543859649122807,
    "154S": 0.0017543859649122807,
    "258K": 0.0017543859649122807,
    "141E": 0.0017543859649122807,
    "197S": 0.0017543859649122807,
    "249I": 0.0017543859649122807,
    "76I": 0.0017543859649122807,
    "277K": 0.0017543859649122807,
    "195I": 0.0017543859649122807,
    "123S": 0.0017543859649122807,
    "121I": 0.0017543859649122807
  },
  "egg_muts_above_1percent": {
    "195D": 0.1175,
    "197I": 0.0649,
    "197A": 0.0544,
    "197N": 0.0351,
    "195S": 0.0333,
    "141R": 0.0333,
    "197P": 0.0281,
    "195K": 0.0281
  },
  "egg_muts_above_2_5percent": {
    "195D": 0.1175,
    "197I": 0.0649,
    "197A": 0.0544,
    "197N": 0.0351,
    "195S": 0.0333,
    "141R": 0.0333,
    "197P": 0.0281,
    "195K": 0.0281
  },
  "egg_muts_above_5percent": {
    "195D": 0.1175,
    "197I": 0.0649,
    "197A": 0.0544
  },
  "percent_w_higherfreq_eggmut_in_gene_01": 0.3947,
  "percent_w_higherfreq_eggmut_in_gene_025": 0.3947,
  "percent_w_higherfreq_eggmut_in_gene_05": 0.2368,
  "mutated_sites_freqs": {
    "195": 0.19649122807017544,
    "197": 0.18421052631578946,
    "141": 0.03508771929824561,
    "56": 0.012280701754385965,
    "182": 0.007017543859649123,
    "215": 0.007017543859649123,
    "233": 0.007017543859649123,
    "198": 0.007017543859649123,
    "228": 0.007017543859649123,
    "180": 0.005263157894736842,
    "218": 0.005263157894736842,
    "270": 0.005263157894736842,
    "154": 0.005263157894736842,
    "58": 0.005263157894736842,
    "216": 0.0035087719298245615,
    "181": 0.0035087719298245615,
    "127": 0.0035087719298245615,
    "340": 0.0035087719298245615,
    "137": 0.0035087719298245615,
    "29": 0.0035087719298245615,
    "69": 0.0035087719298245615,
    "210": 0.0035087719298245615,
    "177": 0.0017543859649122807,
    "188": 0.0017543859649122807,
    "207": 0.0017543859649122807,
    "5": 0.0017543859649122807,
    "163": 0.0017543859649122807,
    "124": 0.0017543859649122807,
    "226": 0.0017543859649122807,
    "129": 0.0017543859649122807,
    "254": 0.0017543859649122807,
    "253": 0.0017543859649122807,
    "162": 0.0017543859649122807,
    "47": 0.0017543859649122807,
    "131": 0.0017543859649122807,
    "178": 0.0017543859649122807,
    "342": 0.0017543859649122807,
    "344": 0.0017543859649122807,
    "236": 0.0017543859649122807,
    "337": 0.0017543859649122807,
    "214": 0.0017543859649122807,
    "275": 0.0017543859649122807,
    "88": 0.0017543859649122807,
    "187": 0.0017543859649122807,
    "87": 0.0017543859649122807,
    "169": 0.0017543859649122807,
    "37": 0.0017543859649122807,
    "250": 0.0017543859649122807,
    "126": 0.0017543859649122807,
    "52": 0.0017543859649122807,
    "85": 0.0017543859649122807,
    "150": 0.0017543859649122807,
    "265": 0.0017543859649122807,
    "90": 0.0017543859649122807,
    "206": 0.0017543859649122807,
    "40": 0.0017543859649122807,
    "172": 0.0017543859649122807,
    "173": 0.0017543859649122807,
    "175": 0.0017543859649122807,
    "176": 0.0017543859649122807,
    "113": 0.0017543859649122807,
    "284": 0.0017543859649122807,
    "328": 0.0017543859649122807,
    "78": 0.0017543859649122807,
    "325": 0.0017543859649122807,
    "258": 0.0017543859649122807,
    "249": 0.0017543859649122807,
    "76": 0.0017543859649122807,
    "277": 0.0017543859649122807,
    "123": 0.0017543859649122807,
    "121": 0.0017543859649122807
  },
  "sites_mutated_above_1percent": {
    "195": 0.1965,
    "197": 0.1842,
    "141": 0.0351,
    "56": 0.0123
  },
  "sites_mutated_above_2_5percent": {
    "195": 0.1965,
    "197": 0.1842,
    "141": 0.0351
  },
  "sites_mutated_above_5percent": {
    "195": 0.1965,
    "197": 0.1842
  }
}